"from","to","weight","language"
"1","1",28,"DEU"
"1","2",64,"DEU"
"2","2",25,"DEU"
"1","3",106,"DEU"
"2","3",81,"DEU"
"3","3",7,"DEU"
"1","4",133,"DEU"
"2","4",312,"DEU"
"3","4",46,"DEU"
"4","4",3,"DEU"
"1","5",118,"DEU"
"2","5",46,"DEU"
"3","5",15,"DEU"
"4","5",69,"DEU"
"1","6",131,"DEU"
"2","6",127,"DEU"
"3","6",23,"DEU"
"4","6",7,"DEU"
"5","6",7,"DEU"
"1","7",11,"DEU"
"2","7",12,"DEU"
"3","7",34,"DEU"
"4","7",153,"DEU"
"5","7",9,"DEU"
"6","7",79,"DEU"
"1","8",12,"DEU"
"2","8",15,"DEU"
"3","8",26,"DEU"
"4","8",33,"DEU"
"5","8",36,"DEU"
"6","8",41,"DEU"
"7","8",5,"DEU"
"8","8",2,"DEU"
"1","9",12,"DEU"
"2","9",11,"DEU"
"3","9",9,"DEU"
"4","9",9,"DEU"
"5","9",7,"DEU"
"6","9",1,"DEU"
"7","9",6,"DEU"
"8","9",3,"DEU"
"1","10",25,"DEU"
"2","10",98,"DEU"
"3","10",42,"DEU"
"4","10",6,"DEU"
"5","10",15,"DEU"
"6","10",4,"DEU"
"7","10",27,"DEU"
"8","10",11,"DEU"
"1","11",16,"DEU"
"2","11",17,"DEU"
"3","11",33,"DEU"
"4","11",6,"DEU"
"5","11",4,"DEU"
"6","11",3,"DEU"
"7","11",25,"DEU"
"8","11",7,"DEU"
"9","11",2,"DEU"
"10","11",4,"DEU"
"1","12",28,"DEU"
"2","12",84,"DEU"
"3","12",28,"DEU"
"4","12",8,"DEU"
"5","12",11,"DEU"
"6","12",2,"DEU"
"7","12",35,"DEU"
"8","12",8,"DEU"
"9","12",2,"DEU"
"10","12",2,"DEU"
"11","12",8,"DEU"
"12","12",3,"DEU"
"1","13",160,"DEU"
"2","13",18,"DEU"
"3","13",20,"DEU"
"4","13",5,"DEU"
"5","13",32,"DEU"
"6","13",3,"DEU"
"7","13",84,"DEU"
"8","13",44,"DEU"
"9","13",1,"DEU"
"10","13",3,"DEU"
"11","13",3,"DEU"
"12","13",2,"DEU"
"13","13",1,"DEU"
"1","14",9,"DEU"
"2","14",128,"DEU"
"3","14",10,"DEU"
"4","14",1,"DEU"
"5","14",21,"DEU"
"6","14",2,"DEU"
"7","14",62,"DEU"
"8","14",4,"DEU"
"9","14",1,"DEU"
"10","14",1,"DEU"
"11","14",4,"DEU"
"12","14",2,"DEU"
"13","14",2,"DEU"
"14","14",1,"DEU"
"1","15",22,"DEU"
"2","15",23,"DEU"
"3","15",13,"DEU"
"4","15",7,"DEU"
"5","15",23,"DEU"
"7","15",6,"DEU"
"8","15",4,"DEU"
"9","15",2,"DEU"
"10","15",4,"DEU"
"11","15",5,"DEU"
"12","15",11,"DEU"
"13","15",3,"DEU"
"14","15",1,"DEU"
"1","16",17,"DEU"
"2","16",8,"DEU"
"3","16",9,"DEU"
"4","16",34,"DEU"
"5","16",18,"DEU"
"6","16",15,"DEU"
"7","16",5,"DEU"
"8","16",3,"DEU"
"9","16",12,"DEU"
"10","16",6,"DEU"
"11","16",6,"DEU"
"12","16",2,"DEU"
"13","16",12,"DEU"
"14","16",5,"DEU"
"15","16",16,"DEU"
"1","17",94,"DEU"
"2","17",40,"DEU"
"3","17",10,"DEU"
"4","17",20,"DEU"
"5","17",14,"DEU"
"6","17",16,"DEU"
"7","17",2,"DEU"
"8","17",26,"DEU"
"9","17",4,"DEU"
"10","17",10,"DEU"
"11","17",7,"DEU"
"12","17",8,"DEU"
"13","17",19,"DEU"
"14","17",11,"DEU"
"15","17",6,"DEU"
"16","17",36,"DEU"
"1","18",6,"DEU"
"2","18",19,"DEU"
"3","18",30,"DEU"
"4","18",23,"DEU"
"5","18",23,"DEU"
"6","18",17,"DEU"
"7","18",5,"DEU"
"8","18",7,"DEU"
"9","18",5,"DEU"
"10","18",7,"DEU"
"11","18",3,"DEU"
"12","18",7,"DEU"
"13","18",23,"DEU"
"14","18",3,"DEU"
"15","18",2,"DEU"
"16","18",11,"DEU"
"17","18",11,"DEU"
"18","18",1,"DEU"
"1","19",44,"DEU"
"2","19",31,"DEU"
"3","19",18,"DEU"
"4","19",13,"DEU"
"5","19",11,"DEU"
"6","19",5,"DEU"
"7","19",4,"DEU"
"8","19",49,"DEU"
"9","19",11,"DEU"
"10","19",5,"DEU"
"11","19",5,"DEU"
"12","19",7,"DEU"
"13","19",5,"DEU"
"14","19",3,"DEU"
"15","19",12,"DEU"
"16","19",49,"DEU"
"17","19",2,"DEU"
"18","19",23,"DEU"
"1","20",7,"DEU"
"2","20",9,"DEU"
"3","20",27,"DEU"
"4","20",29,"DEU"
"5","20",2,"DEU"
"6","20",90,"DEU"
"8","20",8,"DEU"
"9","20",1,"DEU"
"10","20",80,"DEU"
"11","20",6,"DEU"
"12","20",10,"DEU"
"13","20",2,"DEU"
"14","20",30,"DEU"
"15","20",1,"DEU"
"16","20",3,"DEU"
"17","20",2,"DEU"
"18","20",4,"DEU"
"19","20",1,"DEU"
"1","21",37,"DEU"
"2","21",12,"DEU"
"3","21",15,"DEU"
"4","21",8,"DEU"
"5","21",9,"DEU"
"6","21",1,"DEU"
"7","21",4,"DEU"
"8","21",6,"DEU"
"9","21",4,"DEU"
"11","21",4,"DEU"
"12","21",6,"DEU"
"13","21",7,"DEU"
"14","21",4,"DEU"
"15","21",5,"DEU"
"16","21",4,"DEU"
"17","21",8,"DEU"
"18","21",6,"DEU"
"19","21",7,"DEU"
"20","21",1,"DEU"
"1","22",18,"DEU"
"2","22",15,"DEU"
"3","22",23,"DEU"
"4","22",24,"DEU"
"5","22",19,"DEU"
"6","22",24,"DEU"
"7","22",1,"DEU"
"8","22",3,"DEU"
"9","22",1,"DEU"
"10","22",7,"DEU"
"11","22",2,"DEU"
"12","22",9,"DEU"
"13","22",23,"DEU"
"14","22",2,"DEU"
"15","22",2,"DEU"
"16","22",7,"DEU"
"17","22",9,"DEU"
"18","22",4,"DEU"
"19","22",18,"DEU"
"20","22",2,"DEU"
"21","22",6,"DEU"
"22","22",2,"DEU"
"1","23",34,"DEU"
"2","23",10,"DEU"
"4","23",10,"DEU"
"5","23",44,"DEU"
"6","23",3,"DEU"
"7","23",1,"DEU"
"8","23",22,"DEU"
"9","23",2,"DEU"
"10","23",2,"DEU"
"11","23",1,"DEU"
"12","23",4,"DEU"
"13","23",5,"DEU"
"14","23",2,"DEU"
"15","23",4,"DEU"
"16","23",26,"DEU"
"17","23",6,"DEU"
"18","23",6,"DEU"
"19","23",7,"DEU"
"20","23",1,"DEU"
"21","23",4,"DEU"
"22","23",2,"DEU"
"1","24",25,"DEU"
"2","24",20,"DEU"
"3","24",17,"DEU"
"4","24",13,"DEU"
"5","24",9,"DEU"
"6","24",8,"DEU"
"7","24",7,"DEU"
"8","24",7,"DEU"
"9","24",1,"DEU"
"10","24",3,"DEU"
"11","24",15,"DEU"
"12","24",6,"DEU"
"13","24",2,"DEU"
"14","24",1,"DEU"
"15","24",4,"DEU"
"16","24",15,"DEU"
"17","24",16,"DEU"
"18","24",3,"DEU"
"19","24",10,"DEU"
"20","24",4,"DEU"
"21","24",4,"DEU"
"22","24",3,"DEU"
"23","24",23,"DEU"
"1","25",47,"DEU"
"2","25",88,"DEU"
"3","25",21,"DEU"
"4","25",3,"DEU"
"5","25",7,"DEU"
"6","25",6,"DEU"
"7","25",54,"DEU"
"8","25",18,"DEU"
"10","25",1,"DEU"
"11","25",2,"DEU"
"12","25",4,"DEU"
"14","25",2,"DEU"
"15","25",1,"DEU"
"16","25",4,"DEU"
"17","25",12,"DEU"
"18","25",6,"DEU"
"19","25",4,"DEU"
"20","25",10,"DEU"
"21","25",2,"DEU"
"22","25",2,"DEU"
"23","25",2,"DEU"
"24","25",7,"DEU"
"1","26",20,"DEU"
"2","26",30,"DEU"
"3","26",15,"DEU"
"4","26",6,"DEU"
"5","26",1,"DEU"
"6","26",9,"DEU"
"7","26",2,"DEU"
"8","26",8,"DEU"
"9","26",3,"DEU"
"10","26",4,"DEU"
"11","26",8,"DEU"
"12","26",5,"DEU"
"13","26",2,"DEU"
"14","26",3,"DEU"
"15","26",8,"DEU"
"17","26",1,"DEU"
"18","26",6,"DEU"
"19","26",8,"DEU"
"20","26",2,"DEU"
"21","26",6,"DEU"
"22","26",4,"DEU"
"23","26",1,"DEU"
"24","26",4,"DEU"
"25","26",6,"DEU"
"26","26",1,"DEU"
"1","27",16,"DEU"
"2","27",4,"DEU"
"3","27",12,"DEU"
"4","27",16,"DEU"
"5","27",12,"DEU"
"6","27",7,"DEU"
"7","27",10,"DEU"
"8","27",7,"DEU"
"9","27",7,"DEU"
"10","27",15,"DEU"
"11","27",5,"DEU"
"12","27",4,"DEU"
"13","27",3,"DEU"
"14","27",6,"DEU"
"15","27",7,"DEU"
"16","27",3,"DEU"
"17","27",24,"DEU"
"18","27",5,"DEU"
"19","27",12,"DEU"
"20","27",5,"DEU"
"21","27",21,"DEU"
"22","27",8,"DEU"
"23","27",11,"DEU"
"24","27",3,"DEU"
"25","27",2,"DEU"
"1","28",17,"DEU"
"2","28",2,"DEU"
"3","28",4,"DEU"
"4","28",11,"DEU"
"5","28",15,"DEU"
"6","28",7,"DEU"
"7","28",6,"DEU"
"8","28",10,"DEU"
"9","28",4,"DEU"
"10","28",12,"DEU"
"11","28",3,"DEU"
"12","28",5,"DEU"
"13","28",7,"DEU"
"14","28",6,"DEU"
"15","28",2,"DEU"
"16","28",4,"DEU"
"17","28",23,"DEU"
"18","28",2,"DEU"
"19","28",7,"DEU"
"20","28",8,"DEU"
"21","28",10,"DEU"
"22","28",7,"DEU"
"23","28",11,"DEU"
"24","28",6,"DEU"
"25","28",2,"DEU"
"26","28",1,"DEU"
"27","28",1,"DEU"
"1","29",12,"DEU"
"2","29",60,"DEU"
"3","29",10,"DEU"
"4","29",4,"DEU"
"5","29",4,"DEU"
"6","29",1,"DEU"
"7","29",24,"DEU"
"8","29",5,"DEU"
"9","29",1,"DEU"
"10","29",2,"DEU"
"11","29",3,"DEU"
"12","29",3,"DEU"
"13","29",2,"DEU"
"14","29",2,"DEU"
"15","29",1,"DEU"
"16","29",1,"DEU"
"17","29",4,"DEU"
"18","29",2,"DEU"
"19","29",2,"DEU"
"20","29",49,"DEU"
"21","29",4,"DEU"
"22","29",5,"DEU"
"23","29",3,"DEU"
"24","29",4,"DEU"
"26","29",1,"DEU"
"27","29",5,"DEU"
"1","30",28,"DEU"
"2","30",6,"DEU"
"3","30",10,"DEU"
"4","30",8,"DEU"
"5","30",3,"DEU"
"7","30",4,"DEU"
"8","30",3,"DEU"
"10","30",2,"DEU"
"11","30",11,"DEU"
"12","30",3,"DEU"
"13","30",1,"DEU"
"14","30",2,"DEU"
"15","30",2,"DEU"
"17","30",2,"DEU"
"20","30",2,"DEU"
"21","30",2,"DEU"
"23","30",2,"DEU"
"24","30",8,"DEU"
"27","30",1,"DEU"
"28","30",3,"DEU"
"29","30",2,"DEU"
"30","30",1,"DEU"
"1","31",50,"DEU"
"2","31",28,"DEU"
"3","31",3,"DEU"
"4","31",5,"DEU"
"5","31",10,"DEU"
"6","31",2,"DEU"
"7","31",2,"DEU"
"8","31",17,"DEU"
"9","31",2,"DEU"
"10","31",6,"DEU"
"11","31",4,"DEU"
"13","31",1,"DEU"
"14","31",3,"DEU"
"15","31",3,"DEU"
"16","31",24,"DEU"
"17","31",17,"DEU"
"18","31",7,"DEU"
"19","31",6,"DEU"
"21","31",2,"DEU"
"22","31",6,"DEU"
"23","31",3,"DEU"
"24","31",4,"DEU"
"25","31",9,"DEU"
"27","31",19,"DEU"
"28","31",29,"DEU"
"29","31",10,"DEU"
"30","31",4,"DEU"
"1","32",54,"DEU"
"2","32",5,"DEU"
"3","32",8,"DEU"
"4","32",3,"DEU"
"5","32",6,"DEU"
"6","32",4,"DEU"
"7","32",25,"DEU"
"8","32",16,"DEU"
"9","32",1,"DEU"
"10","32",1,"DEU"
"11","32",10,"DEU"
"12","32",3,"DEU"
"13","32",1,"DEU"
"14","32",1,"DEU"
"15","32",4,"DEU"
"16","32",17,"DEU"
"17","32",30,"DEU"
"18","32",12,"DEU"
"19","32",3,"DEU"
"20","32",3,"DEU"
"21","32",2,"DEU"
"22","32",8,"DEU"
"23","32",1,"DEU"
"24","32",3,"DEU"
"25","32",1,"DEU"
"28","32",3,"DEU"
"29","32",1,"DEU"
"30","32",5,"DEU"
"1","33",31,"DEU"
"2","33",29,"DEU"
"3","33",6,"DEU"
"4","33",5,"DEU"
"5","33",1,"DEU"
"6","33",4,"DEU"
"7","33",3,"DEU"
"8","33",28,"DEU"
"9","33",2,"DEU"
"10","33",6,"DEU"
"11","33",1,"DEU"
"13","33",2,"DEU"
"14","33",4,"DEU"
"15","33",6,"DEU"
"16","33",10,"DEU"
"17","33",19,"DEU"
"18","33",7,"DEU"
"19","33",3,"DEU"
"20","33",1,"DEU"
"21","33",4,"DEU"
"22","33",3,"DEU"
"23","33",2,"DEU"
"24","33",3,"DEU"
"26","33",1,"DEU"
"27","33",16,"DEU"
"28","33",5,"DEU"
"32","33",1,"DEU"
"1","34",12,"DEU"
"2","34",4,"DEU"
"3","34",2,"DEU"
"4","34",13,"DEU"
"5","34",14,"DEU"
"6","34",4,"DEU"
"7","34",5,"DEU"
"8","34",11,"DEU"
"9","34",1,"DEU"
"10","34",3,"DEU"
"11","34",1,"DEU"
"13","34",2,"DEU"
"14","34",5,"DEU"
"15","34",2,"DEU"
"16","34",9,"DEU"
"17","34",2,"DEU"
"18","34",11,"DEU"
"19","34",5,"DEU"
"20","34",1,"DEU"
"21","34",3,"DEU"
"22","34",8,"DEU"
"23","34",6,"DEU"
"24","34",17,"DEU"
"25","34",2,"DEU"
"26","34",1,"DEU"
"27","34",8,"DEU"
"28","34",4,"DEU"
"29","34",1,"DEU"
"30","34",3,"DEU"
"31","34",4,"DEU"
"32","34",3,"DEU"
"33","34",2,"DEU"
"1","35",20,"DEU"
"2","35",19,"DEU"
"3","35",8,"DEU"
"4","35",12,"DEU"
"5","35",7,"DEU"
"6","35",6,"DEU"
"7","35",3,"DEU"
"8","35",17,"DEU"
"9","35",5,"DEU"
"10","35",1,"DEU"
"11","35",1,"DEU"
"12","35",2,"DEU"
"13","35",2,"DEU"
"14","35",2,"DEU"
"15","35",4,"DEU"
"16","35",21,"DEU"
"17","35",9,"DEU"
"18","35",6,"DEU"
"19","35",2,"DEU"
"20","35",1,"DEU"
"21","35",4,"DEU"
"22","35",5,"DEU"
"23","35",3,"DEU"
"24","35",3,"DEU"
"25","35",2,"DEU"
"26","35",1,"DEU"
"27","35",5,"DEU"
"28","35",3,"DEU"
"31","35",1,"DEU"
"34","35",2,"DEU"
"1","36",5,"DEU"
"2","36",26,"DEU"
"3","36",5,"DEU"
"5","36",8,"DEU"
"7","36",14,"DEU"
"8","36",1,"DEU"
"10","36",4,"DEU"
"12","36",4,"DEU"
"13","36",1,"DEU"
"15","36",1,"DEU"
"16","36",2,"DEU"
"17","36",4,"DEU"
"19","36",6,"DEU"
"20","36",37,"DEU"
"21","36",3,"DEU"
"23","36",4,"DEU"
"24","36",3,"DEU"
"26","36",3,"DEU"
"27","36",2,"DEU"
"28","36",4,"DEU"
"30","36",1,"DEU"
"31","36",2,"DEU"
"35","36",2,"DEU"
"1","37",27,"DEU"
"2","37",7,"DEU"
"3","37",14,"DEU"
"4","37",9,"DEU"
"5","37",8,"DEU"
"6","37",1,"DEU"
"7","37",2,"DEU"
"8","37",3,"DEU"
"9","37",2,"DEU"
"10","37",4,"DEU"
"11","37",2,"DEU"
"12","37",4,"DEU"
"13","37",3,"DEU"
"14","37",1,"DEU"
"15","37",5,"DEU"
"16","37",4,"DEU"
"17","37",1,"DEU"
"18","37",5,"DEU"
"20","37",1,"DEU"
"21","37",3,"DEU"
"22","37",3,"DEU"
"23","37",2,"DEU"
"24","37",4,"DEU"
"25","37",2,"DEU"
"28","37",7,"DEU"
"29","37",1,"DEU"
"34","37",6,"DEU"
"36","37",5,"DEU"
"37","37",1,"DEU"
"1","38",2,"DEU"
"2","38",10,"DEU"
"3","38",11,"DEU"
"4","38",33,"DEU"
"5","38",2,"DEU"
"6","38",22,"DEU"
"7","38",1,"DEU"
"8","38",1,"DEU"
"9","38",1,"DEU"
"10","38",58,"DEU"
"11","38",26,"DEU"
"12","38",25,"DEU"
"13","38",1,"DEU"
"14","38",44,"DEU"
"15","38",2,"DEU"
"17","38",1,"DEU"
"18","38",1,"DEU"
"19","38",2,"DEU"
"21","38",2,"DEU"
"22","38",1,"DEU"
"24","38",1,"DEU"
"25","38",16,"DEU"
"26","38",1,"DEU"
"27","38",2,"DEU"
"29","38",1,"DEU"
"32","38",2,"DEU"
"33","38",2,"DEU"
"34","38",2,"DEU"
"35","38",1,"DEU"
"36","38",12,"DEU"
"37","38",1,"DEU"
"1","39",6,"DEU"
"2","39",9,"DEU"
"3","39",5,"DEU"
"4","39",41,"DEU"
"6","39",17,"DEU"
"7","39",1,"DEU"
"9","39",6,"DEU"
"10","39",36,"DEU"
"11","39",26,"DEU"
"12","39",19,"DEU"
"13","39",2,"DEU"
"14","39",24,"DEU"
"15","39",3,"DEU"
"17","39",1,"DEU"
"19","39",2,"DEU"
"21","39",4,"DEU"
"25","39",14,"DEU"
"29","39",6,"DEU"
"32","39",1,"DEU"
"34","39",1,"DEU"
"36","39",10,"DEU"
"1","40",5,"DEU"
"2","40",9,"DEU"
"3","40",12,"DEU"
"4","40",7,"DEU"
"5","40",2,"DEU"
"6","40",10,"DEU"
"7","40",2,"DEU"
"8","40",1,"DEU"
"9","40",3,"DEU"
"10","40",2,"DEU"
"11","40",1,"DEU"
"12","40",5,"DEU"
"13","40",21,"DEU"
"14","40",2,"DEU"
"16","40",2,"DEU"
"17","40",3,"DEU"
"18","40",1,"DEU"
"21","40",1,"DEU"
"22","40",1,"DEU"
"23","40",4,"DEU"
"24","40",2,"DEU"
"25","40",3,"DEU"
"26","40",2,"DEU"
"27","40",6,"DEU"
"28","40",3,"DEU"
"29","40",1,"DEU"
"32","40",11,"DEU"
"33","40",5,"DEU"
"34","40",6,"DEU"
"37","40",1,"DEU"
"1","41",16,"DEU"
"2","41",28,"DEU"
"3","41",6,"DEU"
"4","41",1,"DEU"
"7","41",11,"DEU"
"8","41",1,"DEU"
"10","41",1,"DEU"
"11","41",1,"DEU"
"13","41",1,"DEU"
"14","41",1,"DEU"
"15","41",2,"DEU"
"16","41",5,"DEU"
"17","41",10,"DEU"
"19","41",1,"DEU"
"20","41",47,"DEU"
"21","41",2,"DEU"
"22","41",1,"DEU"
"23","41",4,"DEU"
"24","41",2,"DEU"
"26","41",2,"DEU"
"27","41",2,"DEU"
"28","41",4,"DEU"
"31","41",2,"DEU"
"33","41",3,"DEU"
"34","41",1,"DEU"
"35","41",1,"DEU"
"38","41",6,"DEU"
"39","41",1,"DEU"
"1","42",20,"DEU"
"2","42",9,"DEU"
"3","42",13,"DEU"
"4","42",4,"DEU"
"5","42",6,"DEU"
"6","42",2,"DEU"
"7","42",2,"DEU"
"8","42",11,"DEU"
"9","42",1,"DEU"
"10","42",1,"DEU"
"11","42",4,"DEU"
"12","42",1,"DEU"
"13","42",4,"DEU"
"14","42",1,"DEU"
"15","42",2,"DEU"
"16","42",12,"DEU"
"17","42",2,"DEU"
"18","42",10,"DEU"
"19","42",4,"DEU"
"22","42",2,"DEU"
"23","42",5,"DEU"
"24","42",2,"DEU"
"25","42",2,"DEU"
"27","42",6,"DEU"
"28","42",8,"DEU"
"29","42",2,"DEU"
"30","42",2,"DEU"
"34","42",1,"DEU"
"35","42",2,"DEU"
"36","42",5,"DEU"
"37","42",1,"DEU"
"40","42",1,"DEU"
"41","42",5,"DEU"
"1","43",2,"DEU"
"2","43",5,"DEU"
"3","43",3,"DEU"
"4","43",5,"DEU"
"5","43",1,"DEU"
"6","43",11,"DEU"
"8","43",5,"DEU"
"9","43",1,"DEU"
"10","43",2,"DEU"
"11","43",25,"DEU"
"12","43",2,"DEU"
"13","43",1,"DEU"
"14","43",3,"DEU"
"16","43",5,"DEU"
"17","43",3,"DEU"
"18","43",1,"DEU"
"19","43",2,"DEU"
"22","43",2,"DEU"
"23","43",1,"DEU"
"26","43",1,"DEU"
"27","43",1,"DEU"
"29","43",1,"DEU"
"32","43",3,"DEU"
"34","43",2,"DEU"
"35","43",1,"DEU"
"36","43",1,"DEU"
"37","43",4,"DEU"
"40","43",1,"DEU"
"41","43",4,"DEU"
"1","44",4,"DEU"
"2","44",5,"DEU"
"3","44",7,"DEU"
"4","44",2,"DEU"
"5","44",3,"DEU"
"7","44",2,"DEU"
"8","44",3,"DEU"
"11","44",1,"DEU"
"12","44",2,"DEU"
"15","44",1,"DEU"
"16","44",4,"DEU"
"17","44",3,"DEU"
"18","44",3,"DEU"
"22","44",3,"DEU"
"23","44",1,"DEU"
"25","44",3,"DEU"
"26","44",7,"DEU"
"27","44",1,"DEU"
"28","44",4,"DEU"
"30","44",1,"DEU"
"33","44",1,"DEU"
"35","44",1,"DEU"
"37","44",1,"DEU"
"38","44",1,"DEU"
"40","44",1,"DEU"
"42","44",1,"DEU"
"43","44",35,"DEU"
"1","45",13,"DEU"
"2","45",1,"DEU"
"3","45",5,"DEU"
"4","45",4,"DEU"
"5","45",4,"DEU"
"6","45",4,"DEU"
"7","45",7,"DEU"
"8","45",4,"DEU"
"9","45",1,"DEU"
"10","45",8,"DEU"
"11","45",1,"DEU"
"12","45",3,"DEU"
"13","45",2,"DEU"
"15","45",3,"DEU"
"16","45",3,"DEU"
"17","45",24,"DEU"
"18","45",1,"DEU"
"19","45",4,"DEU"
"20","45",3,"DEU"
"21","45",1,"DEU"
"22","45",1,"DEU"
"23","45",7,"DEU"
"24","45",3,"DEU"
"25","45",1,"DEU"
"28","45",1,"DEU"
"31","45",17,"DEU"
"33","45",8,"DEU"
"34","45",2,"DEU"
"35","45",4,"DEU"
"40","45",2,"DEU"
"42","45",2,"DEU"
"43","45",1,"DEU"
"44","45",1,"DEU"
"1","46",17,"DEU"
"2","46",18,"DEU"
"3","46",8,"DEU"
"4","46",6,"DEU"
"5","46",4,"DEU"
"7","46",3,"DEU"
"8","46",10,"DEU"
"9","46",6,"DEU"
"10","46",2,"DEU"
"11","46",2,"DEU"
"12","46",1,"DEU"
"13","46",2,"DEU"
"14","46",2,"DEU"
"15","46",2,"DEU"
"16","46",14,"DEU"
"17","46",1,"DEU"
"18","46",4,"DEU"
"21","46",3,"DEU"
"22","46",5,"DEU"
"23","46",3,"DEU"
"24","46",4,"DEU"
"25","46",1,"DEU"
"27","46",15,"DEU"
"28","46",3,"DEU"
"30","46",1,"DEU"
"31","46",1,"DEU"
"34","46",2,"DEU"
"35","46",1,"DEU"
"36","46",1,"DEU"
"38","46",1,"DEU"
"41","46",2,"DEU"
"42","46",1,"DEU"
"43","46",2,"DEU"
"45","46",1,"DEU"
"46","46",1,"DEU"
"1","47",15,"DEU"
"2","47",3,"DEU"
"3","47",5,"DEU"
"4","47",10,"DEU"
"5","47",3,"DEU"
"6","47",8,"DEU"
"7","47",5,"DEU"
"8","47",3,"DEU"
"10","47",3,"DEU"
"11","47",4,"DEU"
"12","47",1,"DEU"
"13","47",4,"DEU"
"14","47",4,"DEU"
"15","47",3,"DEU"
"16","47",6,"DEU"
"17","47",5,"DEU"
"18","47",14,"DEU"
"19","47",1,"DEU"
"21","47",4,"DEU"
"22","47",12,"DEU"
"23","47",7,"DEU"
"24","47",27,"DEU"
"25","47",2,"DEU"
"26","47",1,"DEU"
"27","47",2,"DEU"
"28","47",3,"DEU"
"29","47",1,"DEU"
"30","47",1,"DEU"
"31","47",2,"DEU"
"32","47",6,"DEU"
"33","47",1,"DEU"
"34","47",22,"DEU"
"37","47",3,"DEU"
"40","47",9,"DEU"
"41","47",1,"DEU"
"42","47",2,"DEU"
"44","47",2,"DEU"
"45","47",3,"DEU"
"46","47",2,"DEU"
"1","48",17,"DEU"
"2","48",6,"DEU"
"3","48",9,"DEU"
"4","48",3,"DEU"
"5","48",5,"DEU"
"7","48",3,"DEU"
"8","48",1,"DEU"
"9","48",2,"DEU"
"10","48",2,"DEU"
"11","48",5,"DEU"
"12","48",2,"DEU"
"13","48",1,"DEU"
"14","48",1,"DEU"
"15","48",1,"DEU"
"16","48",1,"DEU"
"17","48",8,"DEU"
"18","48",3,"DEU"
"21","48",3,"DEU"
"23","48",1,"DEU"
"24","48",1,"DEU"
"25","48",2,"DEU"
"28","48",10,"DEU"
"30","48",1,"DEU"
"31","48",1,"DEU"
"35","48",1,"DEU"
"37","48",3,"DEU"
"40","48",2,"DEU"
"41","48",1,"DEU"
"42","48",2,"DEU"
"43","48",1,"DEU"
"44","48",1,"DEU"
"1","49",19,"DEU"
"2","49",8,"DEU"
"3","49",3,"DEU"
"6","49",1,"DEU"
"8","49",2,"DEU"
"10","49",1,"DEU"
"11","49",1,"DEU"
"12","49",1,"DEU"
"14","49",3,"DEU"
"15","49",1,"DEU"
"16","49",9,"DEU"
"17","49",2,"DEU"
"19","49",12,"DEU"
"23","49",5,"DEU"
"27","49",5,"DEU"
"28","49",2,"DEU"
"29","49",2,"DEU"
"30","49",1,"DEU"
"33","49",5,"DEU"
"34","49",3,"DEU"
"36","49",1,"DEU"
"37","49",1,"DEU"
"45","49",5,"DEU"
"46","49",1,"DEU"
"48","49",2,"DEU"
"1","50",6,"DEU"
"2","50",4,"DEU"
"3","50",6,"DEU"
"4","50",4,"DEU"
"6","50",1,"DEU"
"7","50",3,"DEU"
"8","50",9,"DEU"
"10","50",2,"DEU"
"11","50",3,"DEU"
"12","50",1,"DEU"
"15","50",1,"DEU"
"16","50",5,"DEU"
"18","50",2,"DEU"
"19","50",1,"DEU"
"21","50",10,"DEU"
"22","50",4,"DEU"
"23","50",24,"DEU"
"24","50",7,"DEU"
"25","50",1,"DEU"
"29","50",2,"DEU"
"31","50",4,"DEU"
"34","50",3,"DEU"
"36","50",1,"DEU"
"40","50",3,"DEU"
"42","50",2,"DEU"
"44","50",2,"DEU"
"46","50",2,"DEU"
"49","50",2,"DEU"
"1","51",5,"DEU"
"2","51",5,"DEU"
"3","51",10,"DEU"
"4","51",2,"DEU"
"5","51",3,"DEU"
"6","51",2,"DEU"
"7","51",3,"DEU"
"8","51",2,"DEU"
"9","51",1,"DEU"
"11","51",1,"DEU"
"12","51",1,"DEU"
"13","51",1,"DEU"
"16","51",6,"DEU"
"17","51",2,"DEU"
"18","51",3,"DEU"
"19","51",6,"DEU"
"20","51",1,"DEU"
"21","51",1,"DEU"
"22","51",2,"DEU"
"23","51",14,"DEU"
"24","51",1,"DEU"
"25","51",1,"DEU"
"27","51",3,"DEU"
"28","51",3,"DEU"
"30","51",6,"DEU"
"34","51",5,"DEU"
"35","51",9,"DEU"
"37","51",4,"DEU"
"39","51",1,"DEU"
"40","51",1,"DEU"
"41","51",1,"DEU"
"44","51",1,"DEU"
"46","51",3,"DEU"
"47","51",4,"DEU"
"48","51",1,"DEU"
"50","51",3,"DEU"
"1","52",12,"DEU"
"2","52",2,"DEU"
"3","52",18,"DEU"
"4","52",2,"DEU"
"5","52",6,"DEU"
"7","52",3,"DEU"
"8","52",6,"DEU"
"11","52",2,"DEU"
"15","52",2,"DEU"
"16","52",2,"DEU"
"17","52",6,"DEU"
"18","52",1,"DEU"
"19","52",11,"DEU"
"20","52",1,"DEU"
"22","52",2,"DEU"
"23","52",2,"DEU"
"24","52",2,"DEU"
"27","52",3,"DEU"
"30","52",3,"DEU"
"31","52",2,"DEU"
"33","52",6,"DEU"
"35","52",7,"DEU"
"36","52",1,"DEU"
"37","52",5,"DEU"
"40","52",1,"DEU"
"41","52",2,"DEU"
"45","52",1,"DEU"
"46","52",1,"DEU"
"49","52",1,"DEU"
"50","52",2,"DEU"
"1","53",12,"DEU"
"2","53",11,"DEU"
"3","53",6,"DEU"
"4","53",2,"DEU"
"5","53",4,"DEU"
"6","53",2,"DEU"
"7","53",2,"DEU"
"8","53",8,"DEU"
"9","53",1,"DEU"
"10","53",2,"DEU"
"11","53",1,"DEU"
"12","53",3,"DEU"
"14","53",1,"DEU"
"15","53",1,"DEU"
"16","53",6,"DEU"
"17","53",2,"DEU"
"18","53",3,"DEU"
"19","53",4,"DEU"
"20","53",1,"DEU"
"21","53",2,"DEU"
"22","53",3,"DEU"
"23","53",6,"DEU"
"24","53",19,"DEU"
"25","53",1,"DEU"
"27","53",1,"DEU"
"28","53",1,"DEU"
"29","53",2,"DEU"
"30","53",4,"DEU"
"31","53",8,"DEU"
"33","53",1,"DEU"
"34","53",2,"DEU"
"35","53",2,"DEU"
"36","53",1,"DEU"
"38","53",1,"DEU"
"39","53",1,"DEU"
"40","53",1,"DEU"
"41","53",1,"DEU"
"42","53",5,"DEU"
"45","53",2,"DEU"
"46","53",1,"DEU"
"48","53",1,"DEU"
"51","53",1,"DEU"
"52","53",1,"DEU"
"1","54",5,"DEU"
"2","54",1,"DEU"
"3","54",6,"DEU"
"5","54",1,"DEU"
"7","54",1,"DEU"
"8","54",2,"DEU"
"10","54",3,"DEU"
"11","54",1,"DEU"
"16","54",3,"DEU"
"17","54",5,"DEU"
"19","54",7,"DEU"
"21","54",1,"DEU"
"23","54",2,"DEU"
"27","54",3,"DEU"
"28","54",2,"DEU"
"30","54",3,"DEU"
"33","54",5,"DEU"
"35","54",5,"DEU"
"37","54",7,"DEU"
"42","54",2,"DEU"
"46","54",2,"DEU"
"47","54",1,"DEU"
"51","54",1,"DEU"
"1","55",11,"DEU"
"2","55",2,"DEU"
"3","55",2,"DEU"
"4","55",5,"DEU"
"5","55",3,"DEU"
"6","55",3,"DEU"
"7","55",1,"DEU"
"8","55",4,"DEU"
"10","55",4,"DEU"
"11","55",1,"DEU"
"12","55",3,"DEU"
"13","55",3,"DEU"
"14","55",2,"DEU"
"15","55",1,"DEU"
"16","55",1,"DEU"
"18","55",2,"DEU"
"20","55",3,"DEU"
"21","55",3,"DEU"
"22","55",3,"DEU"
"23","55",15,"DEU"
"24","55",4,"DEU"
"25","55",3,"DEU"
"28","55",1,"DEU"
"29","55",2,"DEU"
"30","55",6,"DEU"
"31","55",16,"DEU"
"34","55",5,"DEU"
"36","55",2,"DEU"
"37","55",14,"DEU"
"40","55",1,"DEU"
"42","55",2,"DEU"
"44","55",3,"DEU"
"47","55",1,"DEU"
"48","55",28,"DEU"
"49","55",1,"DEU"
"52","55",1,"DEU"
"1","56",20,"DEU"
"2","56",46,"DEU"
"3","56",3,"DEU"
"4","56",5,"DEU"
"6","56",2,"DEU"
"7","56",2,"DEU"
"8","56",2,"DEU"
"10","56",2,"DEU"
"11","56",1,"DEU"
"12","56",5,"DEU"
"15","56",3,"DEU"
"19","56",4,"DEU"
"20","56",1,"DEU"
"21","56",1,"DEU"
"23","56",1,"DEU"
"25","56",1,"DEU"
"26","56",2,"DEU"
"30","56",1,"DEU"
"31","56",1,"DEU"
"33","56",3,"DEU"
"34","56",1,"DEU"
"36","56",2,"DEU"
"40","56",1,"DEU"
"41","56",1,"DEU"
"44","56",1,"DEU"
"46","56",1,"DEU"
"48","56",1,"DEU"
"1","57",16,"DEU"
"2","57",10,"DEU"
"3","57",5,"DEU"
"4","57",9,"DEU"
"5","57",4,"DEU"
"6","57",1,"DEU"
"7","57",2,"DEU"
"8","57",14,"DEU"
"9","57",11,"DEU"
"10","57",2,"DEU"
"12","57",6,"DEU"
"13","57",2,"DEU"
"14","57",4,"DEU"
"15","57",5,"DEU"
"16","57",3,"DEU"
"18","57",4,"DEU"
"19","57",3,"DEU"
"22","57",4,"DEU"
"25","57",1,"DEU"
"26","57",2,"DEU"
"27","57",10,"DEU"
"28","57",4,"DEU"
"32","57",1,"DEU"
"34","57",2,"DEU"
"36","57",2,"DEU"
"38","57",1,"DEU"
"41","57",1,"DEU"
"43","57",1,"DEU"
"44","57",1,"DEU"
"45","57",1,"DEU"
"46","57",2,"DEU"
"50","57",1,"DEU"
"51","57",3,"DEU"
"53","57",1,"DEU"
"54","57",5,"DEU"
"56","57",1,"DEU"
"57","57",2,"DEU"
"1","58",47,"DEU"
"2","58",8,"DEU"
"3","58",8,"DEU"
"4","58",1,"DEU"
"5","58",4,"DEU"
"7","58",17,"DEU"
"8","58",14,"DEU"
"9","58",1,"DEU"
"10","58",1,"DEU"
"11","58",1,"DEU"
"12","58",5,"DEU"
"16","58",1,"DEU"
"17","58",4,"DEU"
"18","58",3,"DEU"
"20","58",5,"DEU"
"21","58",3,"DEU"
"22","58",9,"DEU"
"23","58",1,"DEU"
"24","58",2,"DEU"
"26","58",3,"DEU"
"27","58",1,"DEU"
"28","58",2,"DEU"
"29","58",1,"DEU"
"34","58",1,"DEU"
"35","58",1,"DEU"
"36","58",1,"DEU"
"38","58",1,"DEU"
"39","58",1,"DEU"
"40","58",6,"DEU"
"42","58",1,"DEU"
"45","58",2,"DEU"
"47","58",1,"DEU"
"48","58",1,"DEU"
"50","58",1,"DEU"
"52","58",1,"DEU"
"54","58",1,"DEU"
"55","58",2,"DEU"
"56","58",1,"DEU"
"57","58",1,"DEU"
"1","59",13,"DEU"
"2","59",3,"DEU"
"3","59",2,"DEU"
"4","59",3,"DEU"
"5","59",3,"DEU"
"6","59",1,"DEU"
"7","59",3,"DEU"
"8","59",4,"DEU"
"10","59",5,"DEU"
"11","59",10,"DEU"
"12","59",4,"DEU"
"13","59",3,"DEU"
"14","59",4,"DEU"
"15","59",3,"DEU"
"16","59",1,"DEU"
"17","59",1,"DEU"
"18","59",8,"DEU"
"19","59",2,"DEU"
"21","59",3,"DEU"
"22","59",4,"DEU"
"24","59",3,"DEU"
"25","59",1,"DEU"
"27","59",2,"DEU"
"28","59",2,"DEU"
"29","59",2,"DEU"
"30","59",1,"DEU"
"32","59",2,"DEU"
"33","59",2,"DEU"
"35","59",1,"DEU"
"36","59",1,"DEU"
"37","59",1,"DEU"
"38","59",2,"DEU"
"39","59",1,"DEU"
"40","59",2,"DEU"
"41","59",1,"DEU"
"42","59",3,"DEU"
"45","59",1,"DEU"
"47","59",1,"DEU"
"48","59",1,"DEU"
"50","59",1,"DEU"
"53","59",2,"DEU"
"59","59",2,"DEU"
"1","60",4,"DEU"
"3","60",10,"DEU"
"4","60",3,"DEU"
"5","60",2,"DEU"
"6","60",4,"DEU"
"7","60",1,"DEU"
"10","60",5,"DEU"
"11","60",7,"DEU"
"12","60",7,"DEU"
"13","60",4,"DEU"
"14","60",5,"DEU"
"15","60",3,"DEU"
"17","60",2,"DEU"
"18","60",1,"DEU"
"21","60",41,"DEU"
"24","60",39,"DEU"
"25","60",1,"DEU"
"27","60",1,"DEU"
"29","60",2,"DEU"
"30","60",3,"DEU"
"32","60",6,"DEU"
"34","60",3,"DEU"
"37","60",1,"DEU"
"42","60",1,"DEU"
"44","60",1,"DEU"
"47","60",1,"DEU"
"48","60",1,"DEU"
"53","60",1,"DEU"
"54","60",2,"DEU"
"55","60",1,"DEU"
"1","61",4,"DEU"
"2","61",1,"DEU"
"3","61",8,"DEU"
"4","61",1,"DEU"
"5","61",3,"DEU"
"7","61",1,"DEU"
"8","61",2,"DEU"
"9","61",1,"DEU"
"10","61",1,"DEU"
"11","61",22,"DEU"
"12","61",1,"DEU"
"13","61",2,"DEU"
"16","61",1,"DEU"
"17","61",2,"DEU"
"18","61",2,"DEU"
"19","61",1,"DEU"
"21","61",3,"DEU"
"22","61",1,"DEU"
"24","61",2,"DEU"
"25","61",1,"DEU"
"27","61",1,"DEU"
"28","61",2,"DEU"
"29","61",1,"DEU"
"31","61",2,"DEU"
"32","61",1,"DEU"
"33","61",1,"DEU"
"34","61",2,"DEU"
"35","61",1,"DEU"
"41","61",1,"DEU"
"42","61",4,"DEU"
"43","61",1,"DEU"
"44","61",1,"DEU"
"45","61",1,"DEU"
"53","61",2,"DEU"
"54","61",3,"DEU"
"1","62",30,"DEU"
"2","62",2,"DEU"
"3","62",8,"DEU"
"5","62",2,"DEU"
"6","62",1,"DEU"
"7","62",17,"DEU"
"8","62",8,"DEU"
"9","62",1,"DEU"
"10","62",2,"DEU"
"14","62",1,"DEU"
"15","62",2,"DEU"
"17","62",2,"DEU"
"18","62",2,"DEU"
"21","62",1,"DEU"
"22","62",6,"DEU"
"26","62",1,"DEU"
"27","62",1,"DEU"
"28","62",3,"DEU"
"32","62",1,"DEU"
"35","62",2,"DEU"
"40","62",3,"DEU"
"45","62",1,"DEU"
"47","62",1,"DEU"
"54","62",2,"DEU"
"55","62",1,"DEU"
"56","62",2,"DEU"
"60","62",1,"DEU"
"1","63",3,"DEU"
"2","63",8,"DEU"
"3","63",2,"DEU"
"4","63",1,"DEU"
"5","63",1,"DEU"
"6","63",1,"DEU"
"7","63",2,"DEU"
"8","63",1,"DEU"
"9","63",1,"DEU"
"10","63",5,"DEU"
"12","63",4,"DEU"
"13","63",1,"DEU"
"14","63",1,"DEU"
"16","63",1,"DEU"
"17","63",1,"DEU"
"20","63",1,"DEU"
"21","63",1,"DEU"
"22","63",1,"DEU"
"23","63",1,"DEU"
"24","63",3,"DEU"
"26","63",5,"DEU"
"27","63",1,"DEU"
"29","63",1,"DEU"
"30","63",1,"DEU"
"34","63",1,"DEU"
"35","63",1,"DEU"
"37","63",1,"DEU"
"40","63",3,"DEU"
"43","63",10,"DEU"
"46","63",1,"DEU"
"53","63",1,"DEU"
"55","63",1,"DEU"
"56","63",3,"DEU"
"59","63",2,"DEU"
"60","63",2,"DEU"
"1","64",5,"DEU"
"2","64",3,"DEU"
"3","64",1,"DEU"
"4","64",5,"DEU"
"5","64",4,"DEU"
"6","64",1,"DEU"
"9","64",1,"DEU"
"12","64",3,"DEU"
"13","64",1,"DEU"
"15","64",2,"DEU"
"16","64",1,"DEU"
"17","64",3,"DEU"
"19","64",2,"DEU"
"20","64",1,"DEU"
"21","64",4,"DEU"
"22","64",1,"DEU"
"23","64",1,"DEU"
"26","64",2,"DEU"
"29","64",1,"DEU"
"30","64",2,"DEU"
"31","64",2,"DEU"
"32","64",1,"DEU"
"33","64",1,"DEU"
"34","64",1,"DEU"
"35","64",1,"DEU"
"37","64",1,"DEU"
"41","64",2,"DEU"
"46","64",1,"DEU"
"48","64",2,"DEU"
"53","64",1,"DEU"
"55","64",1,"DEU"
"56","64",2,"DEU"
"62","64",2,"DEU"
"1","65",7,"DEU"
"3","65",3,"DEU"
"4","65",7,"DEU"
"6","65",3,"DEU"
"7","65",1,"DEU"
"8","65",2,"DEU"
"9","65",10,"DEU"
"10","65",3,"DEU"
"11","65",1,"DEU"
"12","65",1,"DEU"
"13","65",1,"DEU"
"14","65",4,"DEU"
"15","65",10,"DEU"
"16","65",4,"DEU"
"17","65",5,"DEU"
"19","65",1,"DEU"
"21","65",3,"DEU"
"22","65",1,"DEU"
"24","65",1,"DEU"
"25","65",2,"DEU"
"28","65",3,"DEU"
"31","65",1,"DEU"
"33","65",2,"DEU"
"36","65",5,"DEU"
"40","65",2,"DEU"
"41","65",5,"DEU"
"42","65",1,"DEU"
"44","65",2,"DEU"
"49","65",1,"DEU"
"51","65",1,"DEU"
"53","65",1,"DEU"
"58","65",1,"DEU"
"59","65",1,"DEU"
"62","65",1,"DEU"
"1","66",22,"DEU"
"2","66",9,"DEU"
"3","66",1,"DEU"
"4","66",1,"DEU"
"5","66",46,"DEU"
"6","66",1,"DEU"
"8","66",10,"DEU"
"9","66",1,"DEU"
"15","66",2,"DEU"
"16","66",14,"DEU"
"17","66",2,"DEU"
"18","66",3,"DEU"
"19","66",2,"DEU"
"21","66",3,"DEU"
"22","66",2,"DEU"
"23","66",6,"DEU"
"24","66",1,"DEU"
"26","66",1,"DEU"
"27","66",6,"DEU"
"28","66",8,"DEU"
"29","66",1,"DEU"
"30","66",3,"DEU"
"35","66",1,"DEU"
"36","66",1,"DEU"
"37","66",1,"DEU"
"38","66",2,"DEU"
"39","66",2,"DEU"
"42","66",1,"DEU"
"45","66",12,"DEU"
"47","66",2,"DEU"
"50","66",1,"DEU"
"55","66",5,"DEU"
"1","67",8,"DEU"
"2","67",5,"DEU"
"3","67",1,"DEU"
"4","67",7,"DEU"
"5","67",2,"DEU"
"6","67",7,"DEU"
"7","67",4,"DEU"
"8","67",2,"DEU"
"9","67",2,"DEU"
"10","67",1,"DEU"
"11","67",4,"DEU"
"12","67",2,"DEU"
"13","67",4,"DEU"
"14","67",3,"DEU"
"15","67",2,"DEU"
"19","67",3,"DEU"
"20","67",1,"DEU"
"21","67",1,"DEU"
"22","67",2,"DEU"
"23","67",3,"DEU"
"24","67",2,"DEU"
"29","67",1,"DEU"
"32","67",2,"DEU"
"35","67",1,"DEU"
"36","67",2,"DEU"
"37","67",2,"DEU"
"39","67",1,"DEU"
"42","67",1,"DEU"
"43","67",1,"DEU"
"44","67",1,"DEU"
"45","67",1,"DEU"
"47","67",1,"DEU"
"48","67",4,"DEU"
"49","67",1,"DEU"
"51","67",1,"DEU"
"53","67",3,"DEU"
"54","67",1,"DEU"
"55","67",2,"DEU"
"58","67",2,"DEU"
"60","67",1,"DEU"
"63","67",1,"DEU"
"65","67",3,"DEU"
"66","67",1,"DEU"
"1","68",3,"DEU"
"2","68",6,"DEU"
"3","68",9,"DEU"
"4","68",1,"DEU"
"8","68",1,"DEU"
"14","68",1,"DEU"
"17","68",1,"DEU"
"20","68",14,"DEU"
"21","68",1,"DEU"
"24","68",1,"DEU"
"28","68",1,"DEU"
"30","68",1,"DEU"
"37","68",2,"DEU"
"39","68",2,"DEU"
"45","68",1,"DEU"
"49","68",1,"DEU"
"53","68",1,"DEU"
"58","68",1,"DEU"
"60","68",1,"DEU"
"64","68",1,"DEU"
"65","68",1,"DEU"
"67","68",2,"DEU"
"1","69",14,"DEU"
"2","69",13,"DEU"
"3","69",4,"DEU"
"4","69",5,"DEU"
"7","69",2,"DEU"
"8","69",2,"DEU"
"9","69",2,"DEU"
"10","69",1,"DEU"
"14","69",3,"DEU"
"15","69",1,"DEU"
"16","69",3,"DEU"
"17","69",7,"DEU"
"18","69",3,"DEU"
"19","69",1,"DEU"
"20","69",2,"DEU"
"21","69",2,"DEU"
"22","69",2,"DEU"
"23","69",2,"DEU"
"27","69",16,"DEU"
"28","69",6,"DEU"
"36","69",1,"DEU"
"41","69",1,"DEU"
"42","69",1,"DEU"
"45","69",1,"DEU"
"46","69",1,"DEU"
"47","69",1,"DEU"
"49","69",3,"DEU"
"50","69",5,"DEU"
"54","69",2,"DEU"
"56","69",2,"DEU"
"57","69",2,"DEU"
"1","70",3,"DEU"
"2","70",1,"DEU"
"3","70",6,"DEU"
"4","70",2,"DEU"
"5","70",2,"DEU"
"6","70",1,"DEU"
"8","70",1,"DEU"
"10","70",1,"DEU"
"13","70",5,"DEU"
"14","70",1,"DEU"
"17","70",2,"DEU"
"22","70",1,"DEU"
"23","70",2,"DEU"
"24","70",3,"DEU"
"25","70",4,"DEU"
"26","70",1,"DEU"
"28","70",1,"DEU"
"30","70",1,"DEU"
"31","70",3,"DEU"
"33","70",3,"DEU"
"37","70",6,"DEU"
"42","70",1,"DEU"
"48","70",3,"DEU"
"49","70",3,"DEU"
"53","70",1,"DEU"
"54","70",1,"DEU"
"55","70",1,"DEU"
"56","70",1,"DEU"
"58","70",2,"DEU"
"60","70",1,"DEU"
"62","70",1,"DEU"
"65","70",1,"DEU"
"1","71",14,"DEU"
"2","71",6,"DEU"
"3","71",2,"DEU"
"5","71",3,"DEU"
"6","71",1,"DEU"
"7","71",2,"DEU"
"8","71",8,"DEU"
"9","71",1,"DEU"
"10","71",1,"DEU"
"11","71",1,"DEU"
"14","71",1,"DEU"
"15","71",2,"DEU"
"16","71",12,"DEU"
"18","71",6,"DEU"
"19","71",2,"DEU"
"20","71",1,"DEU"
"21","71",1,"DEU"
"22","71",6,"DEU"
"23","71",1,"DEU"
"27","71",5,"DEU"
"28","71",4,"DEU"
"29","71",1,"DEU"
"31","71",2,"DEU"
"34","71",1,"DEU"
"35","71",1,"DEU"
"36","71",1,"DEU"
"37","71",1,"DEU"
"44","71",1,"DEU"
"45","71",4,"DEU"
"47","71",3,"DEU"
"49","71",1,"DEU"
"51","71",1,"DEU"
"53","71",2,"DEU"
"54","71",3,"DEU"
"57","71",1,"DEU"
"58","71",1,"DEU"
"59","71",1,"DEU"
"63","71",1,"DEU"
"64","71",1,"DEU"
"67","71",1,"DEU"
"71","71",1,"DEU"
"1","72",8,"DEU"
"2","72",5,"DEU"
"3","72",3,"DEU"
"4","72",1,"DEU"
"5","72",4,"DEU"
"6","72",1,"DEU"
"7","72",1,"DEU"
"8","72",3,"DEU"
"9","72",1,"DEU"
"16","72",10,"DEU"
"17","72",7,"DEU"
"18","72",1,"DEU"
"19","72",1,"DEU"
"20","72",1,"DEU"
"21","72",2,"DEU"
"22","72",2,"DEU"
"23","72",1,"DEU"
"27","72",13,"DEU"
"28","72",4,"DEU"
"29","72",1,"DEU"
"31","72",1,"DEU"
"34","72",1,"DEU"
"36","72",1,"DEU"
"40","72",1,"DEU"
"45","72",1,"DEU"
"46","72",2,"DEU"
"49","72",4,"DEU"
"50","72",33,"DEU"
"51","72",2,"DEU"
"52","72",2,"DEU"
"53","72",1,"DEU"
"54","72",3,"DEU"
"56","72",2,"DEU"
"59","72",1,"DEU"
"64","72",1,"DEU"
"69","72",1,"DEU"
"1","73",39,"DEU"
"2","73",3,"DEU"
"3","73",6,"DEU"
"5","73",3,"DEU"
"7","73",14,"DEU"
"8","73",10,"DEU"
"10","73",1,"DEU"
"11","73",2,"DEU"
"12","73",1,"DEU"
"15","73",1,"DEU"
"16","73",1,"DEU"
"17","73",4,"DEU"
"18","73",2,"DEU"
"19","73",1,"DEU"
"22","73",8,"DEU"
"23","73",1,"DEU"
"24","73",2,"DEU"
"26","73",1,"DEU"
"31","73",2,"DEU"
"34","73",1,"DEU"
"36","73",1,"DEU"
"40","73",5,"DEU"
"45","73",1,"DEU"
"47","73",3,"DEU"
"55","73",2,"DEU"
"56","73",2,"DEU"
"59","73",2,"DEU"
"60","73",1,"DEU"
"61","73",1,"DEU"
"64","73",1,"DEU"
"70","73",1,"DEU"
"1","74",7,"DEU"
"2","74",3,"DEU"
"4","74",2,"DEU"
"5","74",2,"DEU"
"8","74",3,"DEU"
"9","74",1,"DEU"
"10","74",1,"DEU"
"13","74",1,"DEU"
"16","74",3,"DEU"
"17","74",1,"DEU"
"18","74",1,"DEU"
"19","74",3,"DEU"
"24","74",5,"DEU"
"25","74",1,"DEU"
"30","74",1,"DEU"
"33","74",3,"DEU"
"34","74",1,"DEU"
"35","74",1,"DEU"
"37","74",2,"DEU"
"45","74",3,"DEU"
"46","74",1,"DEU"
"51","74",1,"DEU"
"65","74",1,"DEU"
"71","74",5,"DEU"
"72","74",2,"DEU"
"1","75",12,"DEU"
"2","75",2,"DEU"
"3","75",5,"DEU"
"4","75",1,"DEU"
"5","75",3,"DEU"
"6","75",2,"DEU"
"7","75",3,"DEU"
"8","75",1,"DEU"
"11","75",15,"DEU"
"12","75",2,"DEU"
"15","75",1,"DEU"
"17","75",4,"DEU"
"19","75",2,"DEU"
"20","75",1,"DEU"
"21","75",2,"DEU"
"24","75",1,"DEU"
"25","75",1,"DEU"
"28","75",3,"DEU"
"29","75",1,"DEU"
"30","75",5,"DEU"
"31","75",1,"DEU"
"32","75",1,"DEU"
"34","75",4,"DEU"
"37","75",1,"DEU"
"48","75",1,"DEU"
"51","75",1,"DEU"
"52","75",4,"DEU"
"53","75",1,"DEU"
"54","75",1,"DEU"
"55","75",6,"DEU"
"57","75",1,"DEU"
"59","75",1,"DEU"
"60","75",1,"DEU"
"61","75",2,"DEU"
"66","75",1,"DEU"
"67","75",1,"DEU"
"68","75",1,"DEU"
"74","75",1,"DEU"
"1","76",3,"DEU"
"2","76",14,"DEU"
"3","76",1,"DEU"
"6","76",3,"DEU"
"10","76",1,"DEU"
"11","76",1,"DEU"
"13","76",2,"DEU"
"15","76",2,"DEU"
"18","76",4,"DEU"
"19","76",1,"DEU"
"24","76",1,"DEU"
"25","76",3,"DEU"
"26","76",4,"DEU"
"36","76",3,"DEU"
"37","76",1,"DEU"
"40","76",1,"DEU"
"41","76",2,"DEU"
"42","76",1,"DEU"
"48","76",1,"DEU"
"58","76",2,"DEU"
"59","76",1,"DEU"
"1","77",2,"DEU"
"2","77",2,"DEU"
"3","77",3,"DEU"
"5","77",6,"DEU"
"7","77",2,"DEU"
"8","77",2,"DEU"
"10","77",2,"DEU"
"13","77",1,"DEU"
"16","77",80,"DEU"
"18","77",1,"DEU"
"19","77",1,"DEU"
"22","77",1,"DEU"
"26","77",1,"DEU"
"27","77",1,"DEU"
"34","77",2,"DEU"
"35","77",2,"DEU"
"37","77",2,"DEU"
"40","77",1,"DEU"
"42","77",1,"DEU"
"48","77",1,"DEU"
"49","77",9,"DEU"
"51","77",1,"DEU"
"52","77",2,"DEU"
"53","77",2,"DEU"
"54","77",1,"DEU"
"1","78",4,"DEU"
"2","78",5,"DEU"
"3","78",5,"DEU"
"6","78",1,"DEU"
"7","78",1,"DEU"
"8","78",8,"DEU"
"11","78",1,"DEU"
"13","78",1,"DEU"
"14","78",2,"DEU"
"16","78",3,"DEU"
"17","78",3,"DEU"
"18","78",2,"DEU"
"19","78",2,"DEU"
"21","78",2,"DEU"
"22","78",2,"DEU"
"23","78",2,"DEU"
"24","78",2,"DEU"
"27","78",3,"DEU"
"28","78",1,"DEU"
"30","78",6,"DEU"
"35","78",1,"DEU"
"37","78",1,"DEU"
"38","78",1,"DEU"
"43","78",2,"DEU"
"45","78",27,"DEU"
"46","78",1,"DEU"
"48","78",1,"DEU"
"49","78",5,"DEU"
"50","78",5,"DEU"
"51","78",2,"DEU"
"52","78",2,"DEU"
"54","78",1,"DEU"
"56","78",1,"DEU"
"61","78",1,"DEU"
"62","78",1,"DEU"
"63","78",1,"DEU"
"1","79",3,"DEU"
"2","79",3,"DEU"
"3","79",2,"DEU"
"5","79",2,"DEU"
"7","79",1,"DEU"
"10","79",1,"DEU"
"11","79",2,"DEU"
"15","79",1,"DEU"
"16","79",3,"DEU"
"18","79",1,"DEU"
"19","79",4,"DEU"
"22","79",1,"DEU"
"23","79",3,"DEU"
"27","79",2,"DEU"
"29","79",1,"DEU"
"30","79",2,"DEU"
"31","79",11,"DEU"
"32","79",1,"DEU"
"33","79",5,"DEU"
"35","79",5,"DEU"
"37","79",2,"DEU"
"46","79",2,"DEU"
"48","79",3,"DEU"
"59","79",1,"DEU"
"61","79",1,"DEU"
"67","79",1,"DEU"
"72","79",1,"DEU"
"75","79",1,"DEU"
"76","79",1,"DEU"
"77","79",7,"DEU"
"2","80",2,"DEU"
"3","80",8,"DEU"
"5","80",2,"DEU"
"6","80",7,"DEU"
"9","80",1,"DEU"
"10","80",1,"DEU"
"13","80",3,"DEU"
"16","80",1,"DEU"
"17","80",1,"DEU"
"21","80",4,"DEU"
"23","80",1,"DEU"
"24","80",2,"DEU"
"25","80",3,"DEU"
"27","80",11,"DEU"
"31","80",5,"DEU"
"32","80",2,"DEU"
"34","80",1,"DEU"
"35","80",1,"DEU"
"41","80",1,"DEU"
"42","80",1,"DEU"
"46","80",1,"DEU"
"51","80",1,"DEU"
"53","80",1,"DEU"
"58","80",4,"DEU"
"63","80",1,"DEU"
"65","80",1,"DEU"
"66","80",1,"DEU"
"73","80",1,"DEU"
"1","81",7,"DEU"
"2","81",10,"DEU"
"3","81",1,"DEU"
"4","81",1,"DEU"
"5","81",1,"DEU"
"6","81",2,"DEU"
"7","81",17,"DEU"
"8","81",2,"DEU"
"15","81",1,"DEU"
"16","81",4,"DEU"
"17","81",1,"DEU"
"18","81",1,"DEU"
"19","81",3,"DEU"
"20","81",6,"DEU"
"21","81",1,"DEU"
"23","81",1,"DEU"
"24","81",2,"DEU"
"26","81",1,"DEU"
"28","81",3,"DEU"
"32","81",1,"DEU"
"35","81",2,"DEU"
"39","81",1,"DEU"
"40","81",1,"DEU"
"47","81",1,"DEU"
"51","81",2,"DEU"
"56","81",1,"DEU"
"59","81",1,"DEU"
"63","81",1,"DEU"
"69","81",1,"DEU"
"70","81",1,"DEU"
"75","81",1,"DEU"
"76","81",1,"DEU"
"1","82",3,"DEU"
"2","82",3,"DEU"
"3","82",5,"DEU"
"4","82",5,"DEU"
"6","82",1,"DEU"
"8","82",2,"DEU"
"9","82",3,"DEU"
"12","82",1,"DEU"
"13","82",4,"DEU"
"14","82",1,"DEU"
"15","82",4,"DEU"
"17","82",1,"DEU"
"20","82",1,"DEU"
"26","82",1,"DEU"
"29","82",2,"DEU"
"32","82",1,"DEU"
"39","82",1,"DEU"
"46","82",1,"DEU"
"63","82",2,"DEU"
"78","82",1,"DEU"
"1","83",11,"DEU"
"2","83",2,"DEU"
"3","83",2,"DEU"
"4","83",9,"DEU"
"5","83",2,"DEU"
"7","83",2,"DEU"
"9","83",2,"DEU"
"10","83",1,"DEU"
"11","83",3,"DEU"
"14","83",1,"DEU"
"15","83",3,"DEU"
"16","83",1,"DEU"
"20","83",1,"DEU"
"22","83",1,"DEU"
"26","83",1,"DEU"
"28","83",4,"DEU"
"33","83",1,"DEU"
"36","83",1,"DEU"
"39","83",2,"DEU"
"42","83",1,"DEU"
"46","83",1,"DEU"
"51","83",1,"DEU"
"54","83",3,"DEU"
"55","83",2,"DEU"
"56","83",1,"DEU"
"65","83",1,"DEU"
"68","83",1,"DEU"
"70","83",1,"DEU"
"73","83",1,"DEU"
"74","83",2,"DEU"
"79","83",2,"DEU"
"80","83",1,"DEU"
"1","84",16,"DEU"
"2","84",1,"DEU"
"3","84",4,"DEU"
"4","84",6,"DEU"
"5","84",3,"DEU"
"6","84",1,"DEU"
"7","84",3,"DEU"
"9","84",3,"DEU"
"10","84",8,"DEU"
"11","84",2,"DEU"
"12","84",7,"DEU"
"13","84",3,"DEU"
"14","84",1,"DEU"
"15","84",2,"DEU"
"19","84",2,"DEU"
"21","84",2,"DEU"
"22","84",1,"DEU"
"25","84",1,"DEU"
"27","84",1,"DEU"
"29","84",2,"DEU"
"31","84",1,"DEU"
"32","84",1,"DEU"
"42","84",1,"DEU"
"44","84",1,"DEU"
"45","84",1,"DEU"
"47","84",1,"DEU"
"48","84",1,"DEU"
"50","84",1,"DEU"
"55","84",1,"DEU"
"58","84",1,"DEU"
"59","84",2,"DEU"
"60","84",2,"DEU"
"75","84",2,"DEU"
"78","84",1,"DEU"
"1","85",6,"DEU"
"2","85",1,"DEU"
"3","85",10,"DEU"
"4","85",3,"DEU"
"5","85",4,"DEU"
"6","85",2,"DEU"
"7","85",2,"DEU"
"12","85",3,"DEU"
"13","85",4,"DEU"
"15","85",1,"DEU"
"19","85",2,"DEU"
"20","85",1,"DEU"
"21","85",1,"DEU"
"23","85",2,"DEU"
"24","85",2,"DEU"
"25","85",2,"DEU"
"28","85",7,"DEU"
"32","85",2,"DEU"
"33","85",1,"DEU"
"41","85",1,"DEU"
"42","85",2,"DEU"
"48","85",1,"DEU"
"50","85",1,"DEU"
"52","85",1,"DEU"
"58","85",1,"DEU"
"62","85",1,"DEU"
"73","85",1,"DEU"
"84","85",1,"DEU"
"1","86",3,"DEU"
"2","86",4,"DEU"
"3","86",1,"DEU"
"4","86",4,"DEU"
"5","86",3,"DEU"
"6","86",2,"DEU"
"7","86",1,"DEU"
"9","86",2,"DEU"
"10","86",1,"DEU"
"12","86",1,"DEU"
"13","86",1,"DEU"
"15","86",4,"DEU"
"16","86",1,"DEU"
"17","86",2,"DEU"
"18","86",1,"DEU"
"19","86",3,"DEU"
"23","86",5,"DEU"
"24","86",1,"DEU"
"26","86",1,"DEU"
"28","86",1,"DEU"
"29","86",1,"DEU"
"30","86",1,"DEU"
"33","86",2,"DEU"
"34","86",2,"DEU"
"35","86",1,"DEU"
"36","86",1,"DEU"
"40","86",3,"DEU"
"41","86",3,"DEU"
"45","86",2,"DEU"
"48","86",1,"DEU"
"49","86",1,"DEU"
"50","86",4,"DEU"
"51","86",1,"DEU"
"53","86",2,"DEU"
"57","86",1,"DEU"
"58","86",1,"DEU"
"61","86",1,"DEU"
"63","86",1,"DEU"
"67","86",3,"DEU"
"68","86",1,"DEU"
"71","86",2,"DEU"
"74","86",1,"DEU"
"80","86",1,"DEU"
"83","86",1,"DEU"
"85","86",1,"DEU"
"1","87",5,"DEU"
"2","87",6,"DEU"
"3","87",4,"DEU"
"4","87",2,"DEU"
"5","87",3,"DEU"
"6","87",1,"DEU"
"8","87",2,"DEU"
"9","87",1,"DEU"
"15","87",2,"DEU"
"16","87",12,"DEU"
"17","87",2,"DEU"
"18","87",2,"DEU"
"19","87",1,"DEU"
"20","87",1,"DEU"
"22","87",1,"DEU"
"24","87",1,"DEU"
"26","87",1,"DEU"
"27","87",5,"DEU"
"28","87",5,"DEU"
"30","87",4,"DEU"
"36","87",1,"DEU"
"39","87",1,"DEU"
"45","87",1,"DEU"
"48","87",4,"DEU"
"50","87",2,"DEU"
"51","87",2,"DEU"
"52","87",5,"DEU"
"54","87",2,"DEU"
"61","87",1,"DEU"
"68","87",1,"DEU"
"69","87",1,"DEU"
"75","87",1,"DEU"
"1","88",3,"DEU"
"2","88",2,"DEU"
"3","88",1,"DEU"
"4","88",1,"DEU"
"5","88",2,"DEU"
"6","88",2,"DEU"
"8","88",4,"DEU"
"9","88",2,"DEU"
"10","88",3,"DEU"
"15","88",1,"DEU"
"16","88",35,"DEU"
"17","88",2,"DEU"
"18","88",1,"DEU"
"19","88",1,"DEU"
"25","88",1,"DEU"
"27","88",1,"DEU"
"28","88",2,"DEU"
"32","88",1,"DEU"
"34","88",1,"DEU"
"39","88",1,"DEU"
"41","88",1,"DEU"
"42","88",2,"DEU"
"45","88",1,"DEU"
"47","88",1,"DEU"
"49","88",3,"DEU"
"51","88",2,"DEU"
"52","88",1,"DEU"
"54","88",7,"DEU"
"57","88",1,"DEU"
"60","88",1,"DEU"
"64","88",2,"DEU"
"73","88",1,"DEU"
"75","88",1,"DEU"
"79","88",1,"DEU"
"87","88",2,"DEU"
"1","89",3,"DEU"
"2","89",2,"DEU"
"3","89",2,"DEU"
"5","89",3,"DEU"
"6","89",3,"DEU"
"7","89",1,"DEU"
"8","89",4,"DEU"
"12","89",1,"DEU"
"13","89",1,"DEU"
"16","89",4,"DEU"
"17","89",5,"DEU"
"18","89",1,"DEU"
"19","89",1,"DEU"
"21","89",1,"DEU"
"22","89",1,"DEU"
"23","89",3,"DEU"
"26","89",1,"DEU"
"27","89",3,"DEU"
"28","89",4,"DEU"
"30","89",5,"DEU"
"31","89",1,"DEU"
"32","89",3,"DEU"
"33","89",1,"DEU"
"36","89",1,"DEU"
"45","89",20,"DEU"
"49","89",5,"DEU"
"50","89",4,"DEU"
"51","89",3,"DEU"
"52","89",2,"DEU"
"59","89",2,"DEU"
"61","89",1,"DEU"
"67","89",1,"DEU"
"74","89",1,"DEU"
"79","89",4,"DEU"
"80","89",1,"DEU"
"1","90",1,"DEU"
"2","90",2,"DEU"
"3","90",1,"DEU"
"4","90",1,"DEU"
"5","90",8,"DEU"
"7","90",1,"DEU"
"11","90",3,"DEU"
"12","90",1,"DEU"
"13","90",3,"DEU"
"16","90",8,"DEU"
"17","90",2,"DEU"
"19","90",1,"DEU"
"23","90",2,"DEU"
"26","90",1,"DEU"
"28","90",1,"DEU"
"30","90",1,"DEU"
"31","90",1,"DEU"
"33","90",1,"DEU"
"34","90",3,"DEU"
"44","90",1,"DEU"
"49","90",1,"DEU"
"54","90",2,"DEU"
"55","90",1,"DEU"
"60","90",4,"DEU"
"78","90",1,"DEU"
"1","91",3,"DEU"
"2","91",1,"DEU"
"3","91",1,"DEU"
"19","91",3,"DEU"
"24","91",1,"DEU"
"28","91",1,"DEU"
"29","91",1,"DEU"
"30","91",1,"DEU"
"33","91",1,"DEU"
"35","91",4,"DEU"
"37","91",1,"DEU"
"46","91",1,"DEU"
"55","91",1,"DEU"
"57","91",4,"DEU"
"64","91",1,"DEU"
"66","91",1,"DEU"
"71","91",2,"DEU"
"72","91",2,"DEU"
"75","91",4,"DEU"
"77","91",5,"DEU"
"78","91",2,"DEU"
"83","91",3,"DEU"
"87","91",2,"DEU"
"88","91",2,"DEU"
"89","91",1,"DEU"
"1","92",5,"DEU"
"2","92",2,"DEU"
"3","92",5,"DEU"
"4","92",2,"DEU"
"5","92",1,"DEU"
"8","92",1,"DEU"
"9","92",5,"DEU"
"11","92",1,"DEU"
"12","92",1,"DEU"
"13","92",1,"DEU"
"15","92",1,"DEU"
"16","92",6,"DEU"
"18","92",1,"DEU"
"22","92",1,"DEU"
"24","92",2,"DEU"
"25","92",2,"DEU"
"26","92",1,"DEU"
"28","92",7,"DEU"
"29","92",1,"DEU"
"36","92",1,"DEU"
"41","92",1,"DEU"
"51","92",1,"DEU"
"54","92",3,"DEU"
"55","92",4,"DEU"
"62","92",1,"DEU"
"63","92",1,"DEU"
"65","92",2,"DEU"
"70","92",1,"DEU"
"79","92",1,"DEU"
"1","93",1,"DEU"
"2","93",1,"DEU"
"3","93",7,"DEU"
"5","93",3,"DEU"
"6","93",4,"DEU"
"10","93",5,"DEU"
"12","93",6,"DEU"
"13","93",2,"DEU"
"14","93",2,"DEU"
"15","93",1,"DEU"
"16","93",5,"DEU"
"18","93",1,"DEU"
"23","93",1,"DEU"
"25","93",2,"DEU"
"29","93",1,"DEU"
"30","93",1,"DEU"
"32","93",3,"DEU"
"34","93",1,"DEU"
"36","93",1,"DEU"
"37","93",3,"DEU"
"41","93",3,"DEU"
"43","93",1,"DEU"
"45","93",1,"DEU"
"47","93",2,"DEU"
"48","93",1,"DEU"
"59","93",1,"DEU"
"63","93",1,"DEU"
"65","93",2,"DEU"
"66","93",1,"DEU"
"70","93",1,"DEU"
"73","93",1,"DEU"
"76","93",2,"DEU"
"84","93",1,"DEU"
"92","93",2,"DEU"
"1","94",3,"DEU"
"2","94",5,"DEU"
"3","94",1,"DEU"
"4","94",2,"DEU"
"6","94",1,"DEU"
"7","94",2,"DEU"
"8","94",3,"DEU"
"9","94",7,"DEU"
"10","94",5,"DEU"
"12","94",3,"DEU"
"13","94",2,"DEU"
"14","94",3,"DEU"
"15","94",1,"DEU"
"18","94",1,"DEU"
"20","94",5,"DEU"
"26","94",3,"DEU"
"30","94",1,"DEU"
"31","94",1,"DEU"
"32","94",4,"DEU"
"34","94",2,"DEU"
"35","94",1,"DEU"
"44","94",1,"DEU"
"48","94",1,"DEU"
"56","94",1,"DEU"
"59","94",1,"DEU"
"62","94",2,"DEU"
"64","94",2,"DEU"
"68","94",1,"DEU"
"76","94",2,"DEU"
"82","94",2,"DEU"
"92","94",1,"DEU"
"94","94",3,"DEU"
"1","95",7,"DEU"
"3","95",3,"DEU"
"4","95",18,"DEU"
"6","95",2,"DEU"
"8","95",2,"DEU"
"9","95",2,"DEU"
"10","95",1,"DEU"
"12","95",3,"DEU"
"13","95",1,"DEU"
"18","95",1,"DEU"
"22","95",1,"DEU"
"25","95",1,"DEU"
"26","95",2,"DEU"
"29","95",2,"DEU"
"34","95",1,"DEU"
"35","95",1,"DEU"
"36","95",6,"DEU"
"37","95",3,"DEU"
"40","95",1,"DEU"
"41","95",1,"DEU"
"49","95",1,"DEU"
"55","95",1,"DEU"
"58","95",1,"DEU"
"64","95",1,"DEU"
"93","95",1,"DEU"
"1","96",2,"DEU"
"2","96",3,"DEU"
"3","96",4,"DEU"
"4","96",2,"DEU"
"5","96",5,"DEU"
"7","96",1,"DEU"
"8","96",3,"DEU"
"9","96",1,"DEU"
"10","96",2,"DEU"
"13","96",2,"DEU"
"15","96",1,"DEU"
"16","96",3,"DEU"
"17","96",2,"DEU"
"18","96",2,"DEU"
"19","96",1,"DEU"
"22","96",2,"DEU"
"23","96",3,"DEU"
"24","96",4,"DEU"
"28","96",2,"DEU"
"29","96",1,"DEU"
"30","96",1,"DEU"
"31","96",2,"DEU"
"32","96",1,"DEU"
"34","96",11,"DEU"
"35","96",2,"DEU"
"40","96",1,"DEU"
"42","96",3,"DEU"
"44","96",1,"DEU"
"45","96",1,"DEU"
"46","96",3,"DEU"
"47","96",3,"DEU"
"50","96",3,"DEU"
"55","96",1,"DEU"
"60","96",8,"DEU"
"66","96",3,"DEU"
"67","96",14,"DEU"
"71","96",1,"DEU"
"86","96",3,"DEU"
"87","96",1,"DEU"
"89","96",1,"DEU"
"1","97",3,"DEU"
"2","97",4,"DEU"
"3","97",5,"DEU"
"4","97",2,"DEU"
"7","97",1,"DEU"
"8","97",2,"DEU"
"13","97",1,"DEU"
"15","97",1,"DEU"
"16","97",2,"DEU"
"17","97",1,"DEU"
"21","97",1,"DEU"
"24","97",1,"DEU"
"26","97",4,"DEU"
"29","97",2,"DEU"
"30","97",1,"DEU"
"38","97",1,"DEU"
"46","97",1,"DEU"
"57","97",1,"DEU"
"63","97",2,"DEU"
"64","97",1,"DEU"
"94","97",1,"DEU"
"1","98",1,"DEU"
"2","98",7,"DEU"
"6","98",1,"DEU"
"8","98",3,"DEU"
"9","98",40,"DEU"
"13","98",2,"DEU"
"18","98",1,"DEU"
"19","98",4,"DEU"
"20","98",1,"DEU"
"26","98",10,"DEU"
"30","98",1,"DEU"
"33","98",1,"DEU"
"37","98",1,"DEU"
"38","98",1,"DEU"
"41","98",2,"DEU"
"42","98",1,"DEU"
"43","98",9,"DEU"
"44","98",3,"DEU"
"46","98",6,"DEU"
"47","98",1,"DEU"
"48","98",3,"DEU"
"49","98",1,"DEU"
"55","98",1,"DEU"
"62","98",1,"DEU"
"68","98",1,"DEU"
"69","98",1,"DEU"
"1","99",1,"DEU"
"3","99",2,"DEU"
"4","99",1,"DEU"
"5","99",9,"DEU"
"6","99",12,"DEU"
"7","99",1,"DEU"
"11","99",1,"DEU"
"13","99",2,"DEU"
"16","99",1,"DEU"
"17","99",4,"DEU"
"19","99",4,"DEU"
"24","99",3,"DEU"
"25","99",1,"DEU"
"26","99",1,"DEU"
"27","99",1,"DEU"
"29","99",1,"DEU"
"30","99",2,"DEU"
"31","99",2,"DEU"
"32","99",2,"DEU"
"33","99",3,"DEU"
"44","99",1,"DEU"
"45","99",1,"DEU"
"46","99",2,"DEU"
"47","99",2,"DEU"
"50","99",1,"DEU"
"52","99",1,"DEU"
"55","99",1,"DEU"
"57","99",4,"DEU"
"63","99",1,"DEU"
"71","99",1,"DEU"
"72","99",1,"DEU"
"73","99",1,"DEU"
"78","99",1,"DEU"
"84","99",1,"DEU"
"96","99",1,"DEU"
"1","100",1,"DEU"
"2","100",2,"DEU"
"3","100",1,"DEU"
"5","100",3,"DEU"
"6","100",1,"DEU"
"8","100",1,"DEU"
"10","100",4,"DEU"
"11","100",2,"DEU"
"12","100",1,"DEU"
"13","100",1,"DEU"
"14","100",1,"DEU"
"16","100",2,"DEU"
"17","100",4,"DEU"
"18","100",5,"DEU"
"19","100",3,"DEU"
"21","100",1,"DEU"
"22","100",4,"DEU"
"28","100",1,"DEU"
"29","100",1,"DEU"
"31","100",1,"DEU"
"34","100",4,"DEU"
"38","100",2,"DEU"
"40","100",1,"DEU"
"42","100",1,"DEU"
"46","100",1,"DEU"
"47","100",1,"DEU"
"53","100",1,"DEU"
"55","100",3,"DEU"
"59","100",1,"DEU"
"63","100",1,"DEU"
"66","100",2,"DEU"
"71","100",1,"DEU"
"86","100",1,"DEU"
"96","100",1,"DEU"
"100","100",4,"DEU"
"1","101",6,"DEU"
"2","101",1,"DEU"
"3","101",2,"DEU"
"4","101",3,"DEU"
"5","101",2,"DEU"
"6","101",3,"DEU"
"7","101",2,"DEU"
"8","101",4,"DEU"
"12","101",2,"DEU"
"13","101",2,"DEU"
"15","101",1,"DEU"
"16","101",2,"DEU"
"19","101",3,"DEU"
"20","101",1,"DEU"
"23","101",5,"DEU"
"24","101",1,"DEU"
"26","101",1,"DEU"
"27","101",5,"DEU"
"28","101",5,"DEU"
"30","101",1,"DEU"
"33","101",2,"DEU"
"35","101",2,"DEU"
"38","101",1,"DEU"
"41","101",1,"DEU"
"44","101",1,"DEU"
"45","101",3,"DEU"
"46","101",1,"DEU"
"47","101",2,"DEU"
"48","101",1,"DEU"
"50","101",6,"DEU"
"55","101",2,"DEU"
"58","101",1,"DEU"
"65","101",1,"DEU"
"75","101",1,"DEU"
"79","101",1,"DEU"
"87","101",1,"DEU"
"88","101",1,"DEU"
"2","102",1,"DEU"
"3","102",1,"DEU"
"4","102",22,"DEU"
"5","102",2,"DEU"
"6","102",5,"DEU"
"10","102",1,"DEU"
"12","102",1,"DEU"
"13","102",1,"DEU"
"14","102",6,"DEU"
"15","102",1,"DEU"
"17","102",4,"DEU"
"18","102",1,"DEU"
"19","102",2,"DEU"
"25","102",8,"DEU"
"29","102",2,"DEU"
"31","102",2,"DEU"
"33","102",1,"DEU"
"35","102",1,"DEU"
"44","102",1,"DEU"
"49","102",2,"DEU"
"55","102",1,"DEU"
"67","102",1,"DEU"
"68","102",1,"DEU"
"71","102",1,"DEU"
"86","102",1,"DEU"
"93","102",1,"DEU"
"98","102",1,"DEU"
"1","103",3,"DEU"
"2","103",3,"DEU"
"3","103",2,"DEU"
"4","103",10,"DEU"
"5","103",4,"DEU"
"6","103",1,"DEU"
"8","103",1,"DEU"
"9","103",2,"DEU"
"10","103",1,"DEU"
"13","103",1,"DEU"
"14","103",1,"DEU"
"16","103",4,"DEU"
"17","103",4,"DEU"
"19","103",4,"DEU"
"23","103",3,"DEU"
"24","103",1,"DEU"
"27","103",3,"DEU"
"28","103",1,"DEU"
"30","103",1,"DEU"
"31","103",2,"DEU"
"33","103",2,"DEU"
"35","103",1,"DEU"
"40","103",1,"DEU"
"41","103",1,"DEU"
"43","103",1,"DEU"
"48","103",2,"DEU"
"49","103",1,"DEU"
"60","103",1,"DEU"
"61","103",1,"DEU"
"66","103",1,"DEU"
"67","103",2,"DEU"
"71","103",1,"DEU"
"78","103",1,"DEU"
"80","103",1,"DEU"
"81","103",1,"DEU"
"83","103",2,"DEU"
"87","103",2,"DEU"
"93","103",1,"DEU"
"95","103",1,"DEU"
"96","103",1,"DEU"
"1","104",5,"DEU"
"2","104",1,"DEU"
"3","104",2,"DEU"
"4","104",3,"DEU"
"8","104",2,"DEU"
"9","104",1,"DEU"
"10","104",1,"DEU"
"11","104",1,"DEU"
"14","104",1,"DEU"
"15","104",1,"DEU"
"17","104",1,"DEU"
"18","104",3,"DEU"
"19","104",1,"DEU"
"22","104",1,"DEU"
"29","104",1,"DEU"
"33","104",3,"DEU"
"35","104",1,"DEU"
"36","104",1,"DEU"
"41","104",1,"DEU"
"43","104",2,"DEU"
"44","104",1,"DEU"
"46","104",1,"DEU"
"48","104",1,"DEU"
"57","104",1,"DEU"
"73","104",1,"DEU"
"75","104",1,"DEU"
"81","104",1,"DEU"
"87","104",1,"DEU"
"1","105",1,"DEU"
"3","105",4,"DEU"
"16","105",1,"DEU"
"24","105",2,"DEU"
"37","105",2,"DEU"
"46","105",3,"DEU"
"48","105",1,"DEU"
"58","105",1,"DEU"
"61","105",3,"DEU"
"71","105",6,"DEU"
"76","105",1,"DEU"
"82","105",1,"DEU"
"92","105",1,"DEU"
"101","105",1,"DEU"
"4","106",4,"DEU"
"5","106",1,"DEU"
"6","106",2,"DEU"
"8","106",10,"DEU"
"10","106",2,"DEU"
"13","106",2,"DEU"
"14","106",1,"DEU"
"15","106",1,"DEU"
"17","106",1,"DEU"
"19","106",7,"DEU"
"20","106",1,"DEU"
"21","106",1,"DEU"
"23","106",1,"DEU"
"24","106",3,"DEU"
"27","106",1,"DEU"
"28","106",3,"DEU"
"32","106",1,"DEU"
"33","106",3,"DEU"
"37","106",1,"DEU"
"43","106",1,"DEU"
"47","106",1,"DEU"
"48","106",1,"DEU"
"49","106",1,"DEU"
"50","106",1,"DEU"
"54","106",1,"DEU"
"57","106",1,"DEU"
"58","106",1,"DEU"
"69","106",1,"DEU"
"72","106",1,"DEU"
"86","106",2,"DEU"
"87","106",1,"DEU"
"101","106",7,"DEU"
"1","107",5,"DEU"
"3","107",6,"DEU"
"4","107",1,"DEU"
"5","107",5,"DEU"
"6","107",3,"DEU"
"8","107",2,"DEU"
"11","107",1,"DEU"
"16","107",1,"DEU"
"19","107",1,"DEU"
"21","107",2,"DEU"
"22","107",4,"DEU"
"23","107",1,"DEU"
"25","107",1,"DEU"
"30","107",1,"DEU"
"32","107",1,"DEU"
"34","107",1,"DEU"
"41","107",1,"DEU"
"42","107",3,"DEU"
"48","107",1,"DEU"
"51","107",1,"DEU"
"52","107",2,"DEU"
"59","107",1,"DEU"
"62","107",1,"DEU"
"63","107",1,"DEU"
"78","107",1,"DEU"
"85","107",1,"DEU"
"87","107",1,"DEU"
"90","107",2,"DEU"
"98","107",1,"DEU"
"99","107",1,"DEU"
"106","107",5,"DEU"
"1","108",5,"DEU"
"2","108",1,"DEU"
"3","108",2,"DEU"
"4","108",3,"DEU"
"5","108",5,"DEU"
"6","108",1,"DEU"
"7","108",1,"DEU"
"8","108",3,"DEU"
"13","108",1,"DEU"
"15","108",1,"DEU"
"16","108",2,"DEU"
"17","108",1,"DEU"
"18","108",1,"DEU"
"19","108",7,"DEU"
"21","108",1,"DEU"
"22","108",1,"DEU"
"23","108",3,"DEU"
"24","108",2,"DEU"
"25","108",1,"DEU"
"28","108",2,"DEU"
"30","108",1,"DEU"
"34","108",4,"DEU"
"35","108",3,"DEU"
"40","108",1,"DEU"
"42","108",2,"DEU"
"43","108",8,"DEU"
"45","108",2,"DEU"
"48","108",2,"DEU"
"50","108",1,"DEU"
"55","108",1,"DEU"
"65","108",3,"DEU"
"68","108",1,"DEU"
"71","108",2,"DEU"
"73","108",1,"DEU"
"77","108",1,"DEU"
"78","108",1,"DEU"
"86","108",1,"DEU"
"106","108",1,"DEU"
"1","109",7,"DEU"
"2","109",7,"DEU"
"3","109",1,"DEU"
"4","109",3,"DEU"
"6","109",1,"DEU"
"7","109",7,"DEU"
"9","109",1,"DEU"
"10","109",4,"DEU"
"11","109",4,"DEU"
"12","109",3,"DEU"
"14","109",4,"DEU"
"15","109",1,"DEU"
"20","109",1,"DEU"
"25","109",1,"DEU"
"29","109",1,"DEU"
"35","109",1,"DEU"
"37","109",1,"DEU"
"38","109",5,"DEU"
"40","109",5,"DEU"
"44","109",1,"DEU"
"51","109",1,"DEU"
"53","109",1,"DEU"
"59","109",4,"DEU"
"70","109",4,"DEU"
"77","109",1,"DEU"
"83","109",2,"DEU"
"90","109",1,"DEU"
"98","109",1,"DEU"
"1","110",1,"DEU"
"2","110",6,"DEU"
"3","110",4,"DEU"
"4","110",2,"DEU"
"6","110",2,"DEU"
"9","110",2,"DEU"
"10","110",1,"DEU"
"12","110",2,"DEU"
"13","110",1,"DEU"
"14","110",2,"DEU"
"20","110",2,"DEU"
"22","110",1,"DEU"
"25","110",2,"DEU"
"27","110",1,"DEU"
"32","110",1,"DEU"
"36","110",1,"DEU"
"39","110",1,"DEU"
"59","110",1,"DEU"
"64","110",1,"DEU"
"76","110",3,"DEU"
"83","110",1,"DEU"
"87","110",1,"DEU"
"94","110",6,"DEU"
"97","110",2,"DEU"
"103","110",1,"DEU"
"110","110",3,"DEU"
"1","111",1,"DEU"
"4","111",30,"DEU"
"6","111",4,"DEU"
"10","111",2,"DEU"
"11","111",4,"DEU"
"14","111",3,"DEU"
"20","111",1,"DEU"
"25","111",12,"DEU"
"29","111",9,"DEU"
"35","111",1,"DEU"
"47","111",1,"DEU"
"68","111",1,"DEU"
"74","111",1,"DEU"
"1","112",5,"DEU"
"2","112",3,"DEU"
"5","112",1,"DEU"
"6","112",3,"DEU"
"12","112",2,"DEU"
"13","112",1,"DEU"
"14","112",2,"DEU"
"17","112",1,"DEU"
"18","112",1,"DEU"
"22","112",1,"DEU"
"28","112",1,"DEU"
"29","112",1,"DEU"
"30","112",1,"DEU"
"32","112",19,"DEU"
"34","112",1,"DEU"
"37","112",1,"DEU"
"41","112",1,"DEU"
"52","112",1,"DEU"
"53","112",1,"DEU"
"65","112",1,"DEU"
"67","112",1,"DEU"
"68","112",1,"DEU"
"70","112",1,"DEU"
"84","112",1,"DEU"
"92","112",1,"DEU"
"97","112",1,"DEU"
"106","112",2,"DEU"
"110","112",2,"DEU"
"1","113",3,"DEU"
"2","113",6,"DEU"
"3","113",3,"DEU"
"4","113",4,"DEU"
"5","113",1,"DEU"
"7","113",1,"DEU"
"9","113",1,"DEU"
"11","113",3,"DEU"
"12","113",1,"DEU"
"15","113",1,"DEU"
"16","113",1,"DEU"
"17","113",3,"DEU"
"22","113",1,"DEU"
"25","113",3,"DEU"
"27","113",1,"DEU"
"34","113",3,"DEU"
"37","113",1,"DEU"
"39","113",1,"DEU"
"41","113",2,"DEU"
"43","113",1,"DEU"
"49","113",1,"DEU"
"58","113",1,"DEU"
"59","113",1,"DEU"
"68","113",1,"DEU"
"69","113",1,"DEU"
"70","113",3,"DEU"
"72","113",1,"DEU"
"79","113",1,"DEU"
"80","113",1,"DEU"
"82","113",1,"DEU"
"95","113",1,"DEU"
"104","113",1,"DEU"
"112","113",1,"DEU"
"1","114",9,"DEU"
"2","114",10,"DEU"
"4","114",1,"DEU"
"7","114",12,"DEU"
"9","114",4,"DEU"
"12","114",3,"DEU"
"14","114",2,"DEU"
"15","114",4,"DEU"
"20","114",3,"DEU"
"26","114",2,"DEU"
"29","114",2,"DEU"
"36","114",1,"DEU"
"38","114",3,"DEU"
"39","114",1,"DEU"
"40","114",1,"DEU"
"44","114",5,"DEU"
"56","114",4,"DEU"
"57","114",1,"DEU"
"64","114",2,"DEU"
"73","114",1,"DEU"
"80","114",1,"DEU"
"1","115",2,"DEU"
"2","115",1,"DEU"
"4","115",2,"DEU"
"5","115",1,"DEU"
"6","115",1,"DEU"
"8","115",3,"DEU"
"9","115",1,"DEU"
"10","115",2,"DEU"
"11","115",3,"DEU"
"12","115",1,"DEU"
"13","115",1,"DEU"
"14","115",1,"DEU"
"15","115",11,"DEU"
"18","115",3,"DEU"
"20","115",3,"DEU"
"24","115",1,"DEU"
"30","115",1,"DEU"
"33","115",1,"DEU"
"38","115",4,"DEU"
"41","115",1,"DEU"
"44","115",2,"DEU"
"47","115",1,"DEU"
"56","115",3,"DEU"
"59","115",1,"DEU"
"70","115",1,"DEU"
"92","115",1,"DEU"
"96","115",1,"DEU"
"98","115",1,"DEU"
"100","115",1,"DEU"
"111","115",16,"DEU"
"112","115",1,"DEU"
"1","116",4,"DEU"
"2","116",5,"DEU"
"3","116",1,"DEU"
"4","116",3,"DEU"
"7","116",2,"DEU"
"8","116",1,"DEU"
"9","116",1,"DEU"
"12","116",1,"DEU"
"13","116",2,"DEU"
"15","116",2,"DEU"
"17","116",1,"DEU"
"23","116",1,"DEU"
"25","116",1,"DEU"
"27","116",1,"DEU"
"29","116",1,"DEU"
"37","116",1,"DEU"
"41","116",1,"DEU"
"42","116",1,"DEU"
"47","116",3,"DEU"
"56","116",2,"DEU"
"58","116",1,"DEU"
"68","116",1,"DEU"
"90","116",1,"DEU"
"1","117",3,"DEU"
"2","117",2,"DEU"
"3","117",1,"DEU"
"4","117",4,"DEU"
"8","117",1,"DEU"
"11","117",1,"DEU"
"13","117",2,"DEU"
"14","117",3,"DEU"
"15","117",2,"DEU"
"17","117",2,"DEU"
"18","117",1,"DEU"
"21","117",2,"DEU"
"22","117",3,"DEU"
"24","117",1,"DEU"
"37","117",1,"DEU"
"44","117",1,"DEU"
"58","117",1,"DEU"
"71","117",1,"DEU"
"73","117",1,"DEU"
"94","117",1,"DEU"
"2","118",2,"DEU"
"3","118",6,"DEU"
"5","118",1,"DEU"
"6","118",1,"DEU"
"8","118",2,"DEU"
"11","118",2,"DEU"
"12","118",2,"DEU"
"13","118",3,"DEU"
"17","118",1,"DEU"
"18","118",3,"DEU"
"19","118",4,"DEU"
"20","118",2,"DEU"
"21","118",1,"DEU"
"23","118",2,"DEU"
"24","118",2,"DEU"
"25","118",1,"DEU"
"30","118",1,"DEU"
"31","118",1,"DEU"
"32","118",1,"DEU"
"34","118",1,"DEU"
"36","118",1,"DEU"
"38","118",2,"DEU"
"39","118",1,"DEU"
"41","118",2,"DEU"
"42","118",4,"DEU"
"53","118",6,"DEU"
"59","118",1,"DEU"
"61","118",1,"DEU"
"66","118",1,"DEU"
"68","118",1,"DEU"
"69","118",1,"DEU"
"73","118",2,"DEU"
"88","118",1,"DEU"
"100","118",6,"DEU"
"103","118",1,"DEU"
"115","118",1,"DEU"
"117","118",1,"DEU"
"1","119",3,"DEU"
"2","119",1,"DEU"
"4","119",1,"DEU"
"5","119",16,"DEU"
"6","119",1,"DEU"
"8","119",1,"DEU"
"10","119",1,"DEU"
"11","119",2,"DEU"
"12","119",2,"DEU"
"13","119",1,"DEU"
"14","119",1,"DEU"
"15","119",1,"DEU"
"16","119",2,"DEU"
"17","119",2,"DEU"
"18","119",2,"DEU"
"19","119",4,"DEU"
"20","119",1,"DEU"
"22","119",1,"DEU"
"23","119",3,"DEU"
"24","119",3,"DEU"
"28","119",5,"DEU"
"30","119",1,"DEU"
"32","119",1,"DEU"
"34","119",1,"DEU"
"35","119",1,"DEU"
"37","119",1,"DEU"
"42","119",2,"DEU"
"45","119",3,"DEU"
"46","119",1,"DEU"
"53","119",1,"DEU"
"63","119",1,"DEU"
"66","119",1,"DEU"
"67","119",1,"DEU"
"69","119",2,"DEU"
"75","119",1,"DEU"
"77","119",1,"DEU"
"78","119",1,"DEU"
"87","119",1,"DEU"
"88","119",2,"DEU"
"96","119",1,"DEU"
"1","120",3,"DEU"
"2","120",2,"DEU"
"3","120",1,"DEU"
"7","120",3,"DEU"
"8","120",1,"DEU"
"12","120",1,"DEU"
"16","120",2,"DEU"
"17","120",1,"DEU"
"19","120",4,"DEU"
"20","120",7,"DEU"
"22","120",1,"DEU"
"23","120",2,"DEU"
"26","120",1,"DEU"
"27","120",2,"DEU"
"28","120",2,"DEU"
"30","120",1,"DEU"
"35","120",1,"DEU"
"37","120",1,"DEU"
"39","120",1,"DEU"
"42","120",1,"DEU"
"52","120",1,"DEU"
"56","120",1,"DEU"
"60","120",1,"DEU"
"65","120",7,"DEU"
"71","120",1,"DEU"
"86","120",2,"DEU"
"93","120",2,"DEU"
"95","120",2,"DEU"
"98","120",2,"DEU"
"100","120",1,"DEU"
"112","120",1,"DEU"
"1","121",4,"DEU"
"3","121",4,"DEU"
"4","121",3,"DEU"
"5","121",1,"DEU"
"6","121",1,"DEU"
"7","121",1,"DEU"
"9","121",1,"DEU"
"11","121",2,"DEU"
"17","121",4,"DEU"
"19","121",2,"DEU"
"23","121",1,"DEU"
"25","121",1,"DEU"
"30","121",7,"DEU"
"32","121",2,"DEU"
"34","121",1,"DEU"
"42","121",1,"DEU"
"44","121",1,"DEU"
"49","121",2,"DEU"
"51","121",2,"DEU"
"52","121",1,"DEU"
"54","121",1,"DEU"
"55","121",10,"DEU"
"59","121",1,"DEU"
"63","121",1,"DEU"
"68","121",1,"DEU"
"70","121",1,"DEU"
"78","121",1,"DEU"
"79","121",3,"DEU"
"85","121",1,"DEU"
"99","121",1,"DEU"
"107","121",2,"DEU"
"108","121",1,"DEU"
"1","122",8,"DEU"
"2","122",6,"DEU"
"3","122",4,"DEU"
"5","122",1,"DEU"
"6","122",1,"DEU"
"7","122",2,"DEU"
"8","122",1,"DEU"
"9","122",1,"DEU"
"10","122",1,"DEU"
"17","122",4,"DEU"
"18","122",2,"DEU"
"24","122",1,"DEU"
"27","122",5,"DEU"
"28","122",1,"DEU"
"37","122",2,"DEU"
"42","122",1,"DEU"
"45","122",3,"DEU"
"47","122",1,"DEU"
"48","122",1,"DEU"
"50","122",2,"DEU"
"52","122",1,"DEU"
"54","122",1,"DEU"
"60","122",1,"DEU"
"79","122",2,"DEU"
"89","122",1,"DEU"
"98","122",1,"DEU"
"101","122",1,"DEU"
"102","122",1,"DEU"
"115","122",1,"DEU"
"117","122",1,"DEU"
"1","123",15,"DEU"
"2","123",8,"DEU"
"3","123",4,"DEU"
"4","123",2,"DEU"
"5","123",2,"DEU"
"6","123",3,"DEU"
"11","123",1,"DEU"
"12","123",1,"DEU"
"13","123",4,"DEU"
"15","123",1,"DEU"
"19","123",2,"DEU"
"21","123",1,"DEU"
"22","123",2,"DEU"
"23","123",2,"DEU"
"24","123",2,"DEU"
"26","123",1,"DEU"
"31","123",1,"DEU"
"32","123",1,"DEU"
"34","123",1,"DEU"
"36","123",3,"DEU"
"39","123",1,"DEU"
"47","123",1,"DEU"
"48","123",1,"DEU"
"51","123",1,"DEU"
"56","123",1,"DEU"
"60","123",1,"DEU"
"61","123",1,"DEU"
"63","123",3,"DEU"
"72","123",1,"DEU"
"86","123",1,"DEU"
"102","123",4,"DEU"
"104","123",1,"DEU"
"106","123",2,"DEU"
"118","123",1,"DEU"
"121","123",1,"DEU"
"1","124",1,"DEU"
"2","124",1,"DEU"
"3","124",3,"DEU"
"4","124",8,"DEU"
"6","124",6,"DEU"
"10","124",4,"DEU"
"11","124",1,"DEU"
"12","124",1,"DEU"
"14","124",2,"DEU"
"22","124",1,"DEU"
"24","124",1,"DEU"
"25","124",4,"DEU"
"29","124",4,"DEU"
"31","124",1,"DEU"
"36","124",1,"DEU"
"41","124",1,"DEU"
"48","124",1,"DEU"
"59","124",1,"DEU"
"77","124",1,"DEU"
"81","124",1,"DEU"
"114","124",1,"DEU"
"120","124",1,"DEU"
"1","125",1,"DEU"
"3","125",1,"DEU"
"4","125",2,"DEU"
"5","125",1,"DEU"
"6","125",1,"DEU"
"8","125",1,"DEU"
"9","125",41,"DEU"
"10","125",1,"DEU"
"11","125",1,"DEU"
"18","125",1,"DEU"
"19","125",2,"DEU"
"20","125",1,"DEU"
"22","125",1,"DEU"
"35","125",2,"DEU"
"37","125",3,"DEU"
"41","125",1,"DEU"
"43","125",2,"DEU"
"46","125",1,"DEU"
"57","125",3,"DEU"
"62","125",1,"DEU"
"68","125",7,"DEU"
"78","125",1,"DEU"
"83","125",1,"DEU"
"86","125",1,"DEU"
"87","125",1,"DEU"
"92","125",3,"DEU"
"97","125",2,"DEU"
"1","126",4,"DEU"
"2","126",7,"DEU"
"3","126",3,"DEU"
"5","126",1,"DEU"
"6","126",1,"DEU"
"9","126",3,"DEU"
"16","126",1,"DEU"
"17","126",1,"DEU"
"20","126",3,"DEU"
"22","126",1,"DEU"
"24","126",2,"DEU"
"27","126",7,"DEU"
"28","126",3,"DEU"
"30","126",4,"DEU"
"33","126",1,"DEU"
"37","126",1,"DEU"
"50","126",2,"DEU"
"61","126",1,"DEU"
"65","126",1,"DEU"
"68","126",1,"DEU"
"72","126",2,"DEU"
"74","126",1,"DEU"
"106","126",1,"DEU"
"116","126",1,"DEU"
"121","126",1,"DEU"
"123","126",1,"DEU"
"1","127",1,"DEU"
"2","127",1,"DEU"
"3","127",4,"DEU"
"4","127",9,"DEU"
"6","127",5,"DEU"
"7","127",1,"DEU"
"10","127",4,"DEU"
"11","127",3,"DEU"
"12","127",4,"DEU"
"14","127",6,"DEU"
"20","127",1,"DEU"
"22","127",1,"DEU"
"27","127",2,"DEU"
"29","127",2,"DEU"
"32","127",1,"DEU"
"35","127",1,"DEU"
"36","127",2,"DEU"
"38","127",1,"DEU"
"39","127",2,"DEU"
"40","127",2,"DEU"
"63","127",2,"DEU"
"67","127",1,"DEU"
"116","127",1,"DEU"
"1","128",5,"DEU"
"2","128",5,"DEU"
"3","128",1,"DEU"
"5","128",2,"DEU"
"6","128",1,"DEU"
"7","128",2,"DEU"
"8","128",2,"DEU"
"9","128",2,"DEU"
"10","128",1,"DEU"
"11","128",2,"DEU"
"13","128",1,"DEU"
"15","128",3,"DEU"
"16","128",2,"DEU"
"18","128",3,"DEU"
"20","128",2,"DEU"
"22","128",2,"DEU"
"27","128",2,"DEU"
"33","128",1,"DEU"
"34","128",1,"DEU"
"35","128",1,"DEU"
"38","128",1,"DEU"
"52","128",3,"DEU"
"54","128",2,"DEU"
"58","128",1,"DEU"
"79","128",2,"DEU"
"81","128",1,"DEU"
"86","128",1,"DEU"
"91","128",1,"DEU"
"120","128",1,"DEU"
"124","128",1,"DEU"
"2","129",11,"DEU"
"3","129",3,"DEU"
"4","129",4,"DEU"
"8","129",13,"DEU"
"13","129",1,"DEU"
"14","129",1,"DEU"
"15","129",2,"DEU"
"20","129",10,"DEU"
"21","129",2,"DEU"
"26","129",11,"DEU"
"30","129",1,"DEU"
"36","129",1,"DEU"
"39","129",1,"DEU"
"44","129",1,"DEU"
"47","129",1,"DEU"
"78","129",1,"DEU"
"83","129",1,"DEU"
"97","129",1,"DEU"
"1","130",4,"DEU"
"2","130",2,"DEU"
"3","130",3,"DEU"
"4","130",1,"DEU"
"6","130",4,"DEU"
"9","130",1,"DEU"
"10","130",2,"DEU"
"11","130",1,"DEU"
"12","130",2,"DEU"
"13","130",6,"DEU"
"14","130",8,"DEU"
"15","130",1,"DEU"
"18","130",1,"DEU"
"19","130",1,"DEU"
"21","130",1,"DEU"
"24","130",1,"DEU"
"25","130",1,"DEU"
"28","130",2,"DEU"
"29","130",1,"DEU"
"31","130",3,"DEU"
"33","130",2,"DEU"
"34","130",1,"DEU"
"35","130",2,"DEU"
"37","130",2,"DEU"
"40","130",1,"DEU"
"41","130",1,"DEU"
"43","130",1,"DEU"
"44","130",1,"DEU"
"46","130",2,"DEU"
"48","130",1,"DEU"
"49","130",1,"DEU"
"55","130",13,"DEU"
"66","130",1,"DEU"
"77","130",2,"DEU"
"85","130",1,"DEU"
"88","130",1,"DEU"
"99","130",1,"DEU"
"106","130",1,"DEU"
"108","130",1,"DEU"
"2","131",4,"DEU"
"3","131",3,"DEU"
"6","131",2,"DEU"
"7","131",1,"DEU"
"8","131",1,"DEU"
"9","131",7,"DEU"
"10","131",3,"DEU"
"12","131",1,"DEU"
"14","131",1,"DEU"
"15","131",2,"DEU"
"18","131",1,"DEU"
"26","131",1,"DEU"
"27","131",1,"DEU"
"44","131",1,"DEU"
"47","131",1,"DEU"
"58","131",1,"DEU"
"62","131",1,"DEU"
"64","131",2,"DEU"
"65","131",1,"DEU"
"76","131",4,"DEU"
"94","131",5,"DEU"
"110","131",4,"DEU"
"112","131",1,"DEU"
"131","131",2,"DEU"
"1","132",4,"DEU"
"2","132",1,"DEU"
"3","132",2,"DEU"
"5","132",1,"DEU"
"6","132",3,"DEU"
"7","132",2,"DEU"
"10","132",2,"DEU"
"11","132",1,"DEU"
"13","132",2,"DEU"
"14","132",2,"DEU"
"18","132",2,"DEU"
"19","132",1,"DEU"
"21","132",1,"DEU"
"22","132",1,"DEU"
"25","132",2,"DEU"
"28","132",3,"DEU"
"31","132",3,"DEU"
"33","132",1,"DEU"
"34","132",1,"DEU"
"36","132",1,"DEU"
"38","132",1,"DEU"
"43","132",1,"DEU"
"49","132",2,"DEU"
"54","132",1,"DEU"
"58","132",1,"DEU"
"66","132",1,"DEU"
"71","132",2,"DEU"
"75","132",1,"DEU"
"79","132",1,"DEU"
"115","132",1,"DEU"
"1","133",13,"DEU"
"2","133",4,"DEU"
"3","133",3,"DEU"
"5","133",1,"DEU"
"8","133",6,"DEU"
"9","133",1,"DEU"
"10","133",2,"DEU"
"11","133",2,"DEU"
"16","133",1,"DEU"
"21","133",1,"DEU"
"22","133",6,"DEU"
"30","133",1,"DEU"
"32","133",2,"DEU"
"53","133",1,"DEU"
"56","133",2,"DEU"
"58","133",1,"DEU"
"64","133",1,"DEU"
"80","133",1,"DEU"
"90","133",1,"DEU"
"96","133",1,"DEU"
"97","133",1,"DEU"
"99","133",2,"DEU"
"110","133",1,"DEU"
"115","133",2,"DEU"
"1","134",5,"DEU"
"3","134",1,"DEU"
"5","134",1,"DEU"
"7","134",2,"DEU"
"9","134",2,"DEU"
"10","134",1,"DEU"
"12","134",1,"DEU"
"13","134",2,"DEU"
"16","134",1,"DEU"
"17","134",2,"DEU"
"24","134",1,"DEU"
"28","134",3,"DEU"
"30","134",6,"DEU"
"36","134",1,"DEU"
"43","134",1,"DEU"
"48","134",1,"DEU"
"54","134",2,"DEU"
"56","134",1,"DEU"
"70","134",1,"DEU"
"79","134",1,"DEU"
"85","134",1,"DEU"
"91","134",2,"DEU"
"98","134",1,"DEU"
"107","134",1,"DEU"
"113","134",1,"DEU"
"115","134",1,"DEU"
"116","134",1,"DEU"
"119","134",1,"DEU"
"125","134",1,"DEU"
"126","134",1,"DEU"
"3","135",1,"DEU"
"6","135",1,"DEU"
"10","135",1,"DEU"
"12","135",3,"DEU"
"15","135",1,"DEU"
"43","135",1,"DEU"
"59","135",1,"DEU"
"76","135",1,"DEU"
"82","135",19,"DEU"
"84","135",3,"DEU"
"94","135",1,"DEU"
"121","135",1,"DEU"
"1","136",1,"DEU"
"2","136",1,"DEU"
"3","136",7,"DEU"
"4","136",32,"DEU"
"5","136",1,"DEU"
"6","136",2,"DEU"
"8","136",1,"DEU"
"13","136",2,"DEU"
"17","136",2,"DEU"
"18","136",3,"DEU"
"19","136",2,"DEU"
"20","136",1,"DEU"
"24","136",2,"DEU"
"29","136",3,"DEU"
"33","136",2,"DEU"
"35","136",4,"DEU"
"36","136",4,"DEU"
"39","136",1,"DEU"
"48","136",2,"DEU"
"62","136",1,"DEU"
"79","136",1,"DEU"
"87","136",1,"DEU"
"96","136",2,"DEU"
"111","136",1,"DEU"
"122","136",1,"DEU"
"1","137",4,"DEU"
"2","137",2,"DEU"
"3","137",7,"DEU"
"4","137",1,"DEU"
"7","137",2,"DEU"
"11","137",3,"DEU"
"16","137",1,"DEU"
"21","137",1,"DEU"
"22","137",1,"DEU"
"23","137",2,"DEU"
"24","137",2,"DEU"
"27","137",1,"DEU"
"28","137",1,"DEU"
"31","137",3,"DEU"
"35","137",1,"DEU"
"36","137",1,"DEU"
"37","137",1,"DEU"
"47","137",1,"DEU"
"54","137",1,"DEU"
"58","137",1,"DEU"
"67","137",1,"DEU"
"74","137",1,"DEU"
"75","137",1,"DEU"
"84","137",1,"DEU"
"85","137",2,"DEU"
"88","137",1,"DEU"
"107","137",1,"DEU"
"132","137",1,"DEU"
"1","138",5,"DEU"
"2","138",3,"DEU"
"3","138",2,"DEU"
"4","138",4,"DEU"
"6","138",4,"DEU"
"7","138",1,"DEU"
"8","138",1,"DEU"
"10","138",2,"DEU"
"11","138",1,"DEU"
"12","138",4,"DEU"
"14","138",2,"DEU"
"18","138",1,"DEU"
"19","138",1,"DEU"
"22","138",1,"DEU"
"24","138",1,"DEU"
"25","138",1,"DEU"
"27","138",1,"DEU"
"28","138",2,"DEU"
"32","138",1,"DEU"
"33","138",1,"DEU"
"34","138",2,"DEU"
"36","138",2,"DEU"
"39","138",1,"DEU"
"40","138",1,"DEU"
"42","138",3,"DEU"
"43","138",1,"DEU"
"47","138",1,"DEU"
"48","138",1,"DEU"
"51","138",1,"DEU"
"59","138",2,"DEU"
"66","138",1,"DEU"
"68","138",1,"DEU"
"72","138",1,"DEU"
"80","138",1,"DEU"
"86","138",1,"DEU"
"89","138",1,"DEU"
"93","138",1,"DEU"
"113","138",2,"DEU"
"120","138",1,"DEU"
"135","138",1,"DEU"
"1","139",7,"DEU"
"2","139",1,"DEU"
"3","139",1,"DEU"
"4","139",1,"DEU"
"9","139",1,"DEU"
"10","139",1,"DEU"
"12","139",1,"DEU"
"15","139",2,"DEU"
"17","139",10,"DEU"
"20","139",1,"DEU"
"26","139",2,"DEU"
"27","139",1,"DEU"
"28","139",2,"DEU"
"37","139",2,"DEU"
"51","139",1,"DEU"
"54","139",1,"DEU"
"55","139",2,"DEU"
"57","139",2,"DEU"
"60","139",1,"DEU"
"74","139",3,"DEU"
"81","139",2,"DEU"
"86","139",1,"DEU"
"98","139",1,"DEU"
"110","139",1,"DEU"
"112","139",1,"DEU"
"124","139",1,"DEU"
"136","139",1,"DEU"
"138","139",1,"DEU"
"2","140",1,"DEU"
"3","140",2,"DEU"
"4","140",3,"DEU"
"6","140",2,"DEU"
"9","140",1,"DEU"
"10","140",7,"DEU"
"11","140",1,"DEU"
"13","140",3,"DEU"
"25","140",1,"DEU"
"26","140",1,"DEU"
"28","140",3,"DEU"
"29","140",1,"DEU"
"32","140",2,"DEU"
"33","140",1,"DEU"
"34","140",1,"DEU"
"41","140",1,"DEU"
"58","140",4,"DEU"
"62","140",1,"DEU"
"84","140",1,"DEU"
"113","140",1,"DEU"
"119","140",2,"DEU"
"121","140",1,"DEU"
"1","141",8,"DEU"
"2","141",10,"DEU"
"3","141",1,"DEU"
"7","141",3,"DEU"
"9","141",1,"DEU"
"11","141",1,"DEU"
"12","141",1,"DEU"
"15","141",3,"DEU"
"20","141",2,"DEU"
"26","141",5,"DEU"
"38","141",4,"DEU"
"39","141",4,"DEU"
"40","141",5,"DEU"
"56","141",2,"DEU"
"70","141",1,"DEU"
"102","141",1,"DEU"
"115","141",1,"DEU"
"129","141",1,"DEU"
"1","142",9,"DEU"
"2","142",10,"DEU"
"3","142",9,"DEU"
"4","142",3,"DEU"
"8","142",1,"DEU"
"11","142",2,"DEU"
"12","142",1,"DEU"
"13","142",2,"DEU"
"14","142",2,"DEU"
"18","142",2,"DEU"
"20","142",1,"DEU"
"22","142",1,"DEU"
"26","142",2,"DEU"
"40","142",1,"DEU"
"42","142",1,"DEU"
"58","142",1,"DEU"
"59","142",1,"DEU"
"61","142",1,"DEU"
"75","142",1,"DEU"
"107","142",1,"DEU"
"133","142",1,"DEU"
"1","143",23,"DEU"
"2","143",17,"DEU"
"3","143",7,"DEU"
"4","143",2,"DEU"
"6","143",2,"DEU"
"8","143",2,"DEU"
"9","143",1,"DEU"
"10","143",3,"DEU"
"11","143",2,"DEU"
"12","143",1,"DEU"
"15","143",2,"DEU"
"22","143",2,"DEU"
"24","143",3,"DEU"
"31","143",1,"DEU"
"32","143",1,"DEU"
"42","143",1,"DEU"
"51","143",1,"DEU"
"78","143",1,"DEU"
"95","143",2,"DEU"
"106","143",1,"DEU"
"1","144",2,"DEU"
"2","144",3,"DEU"
"4","144",3,"DEU"
"15","144",2,"DEU"
"21","144",1,"DEU"
"28","144",1,"DEU"
"32","144",1,"DEU"
"34","144",1,"DEU"
"36","144",1,"DEU"
"43","144",1,"DEU"
"61","144",1,"DEU"
"67","144",3,"DEU"
"69","144",1,"DEU"
"70","144",3,"DEU"
"93","144",2,"DEU"
"112","144",1,"DEU"
"113","144",1,"DEU"
"1","145",7,"DEU"
"2","145",10,"DEU"
"4","145",7,"DEU"
"5","145",1,"DEU"
"10","145",1,"DEU"
"13","145",1,"DEU"
"19","145",1,"DEU"
"24","145",1,"DEU"
"33","145",3,"DEU"
"44","145",1,"DEU"
"56","145",23,"DEU"
"57","145",1,"DEU"
"90","145",1,"DEU"
"121","145",1,"DEU"
"122","145",1,"DEU"
"129","145",7,"DEU"
"1","146",1,"DEU"
"3","146",3,"DEU"
"4","146",4,"DEU"
"6","146",2,"DEU"
"9","146",38,"DEU"
"10","146",2,"DEU"
"12","146",1,"DEU"
"13","146",1,"DEU"
"18","146",1,"DEU"
"19","146",1,"DEU"
"21","146",1,"DEU"
"22","146",1,"DEU"
"35","146",1,"DEU"
"43","146",2,"DEU"
"44","146",1,"DEU"
"47","146",1,"DEU"
"48","146",1,"DEU"
"57","146",1,"DEU"
"66","146",1,"DEU"
"68","146",1,"DEU"
"83","146",1,"DEU"
"92","146",1,"DEU"
"97","146",1,"DEU"
"111","146",1,"DEU"
"128","146",1,"DEU"
"1","147",3,"DEU"
"2","147",2,"DEU"
"3","147",4,"DEU"
"4","147",1,"DEU"
"5","147",1,"DEU"
"6","147",2,"DEU"
"7","147",1,"DEU"
"12","147",1,"DEU"
"15","147",1,"DEU"
"16","147",3,"DEU"
"19","147",1,"DEU"
"20","147",1,"DEU"
"21","147",1,"DEU"
"24","147",1,"DEU"
"25","147",2,"DEU"
"29","147",1,"DEU"
"30","147",1,"DEU"
"36","147",2,"DEU"
"42","147",1,"DEU"
"44","147",3,"DEU"
"45","147",1,"DEU"
"53","147",1,"DEU"
"55","147",1,"DEU"
"57","147",1,"DEU"
"60","147",1,"DEU"
"78","147",1,"DEU"
"88","147",1,"DEU"
"102","147",1,"DEU"
"126","147",1,"DEU"
"1","148",2,"DEU"
"2","148",3,"DEU"
"3","148",1,"DEU"
"6","148",1,"DEU"
"8","148",2,"DEU"
"9","148",1,"DEU"
"10","148",1,"DEU"
"18","148",2,"DEU"
"19","148",2,"DEU"
"21","148",1,"DEU"
"24","148",2,"DEU"
"25","148",1,"DEU"
"28","148",1,"DEU"
"30","148",1,"DEU"
"32","148",1,"DEU"
"33","148",2,"DEU"
"45","148",2,"DEU"
"47","148",1,"DEU"
"48","148",1,"DEU"
"50","148",3,"DEU"
"60","148",1,"DEU"
"70","148",1,"DEU"
"72","148",1,"DEU"
"78","148",1,"DEU"
"96","148",1,"DEU"
"106","148",1,"DEU"
"1","149",1,"DEU"
"4","149",4,"DEU"
"8","149",1,"DEU"
"9","149",37,"DEU"
"11","149",2,"DEU"
"14","149",2,"DEU"
"15","149",1,"DEU"
"17","149",1,"DEU"
"19","149",1,"DEU"
"25","149",1,"DEU"
"29","149",1,"DEU"
"33","149",1,"DEU"
"35","149",1,"DEU"
"43","149",1,"DEU"
"46","149",1,"DEU"
"57","149",1,"DEU"
"58","149",1,"DEU"
"68","149",2,"DEU"
"69","149",2,"DEU"
"71","149",1,"DEU"
"87","149",1,"DEU"
"111","149",2,"DEU"
"128","149",1,"DEU"
"139","149",1,"DEU"
"1","150",3,"DEU"
"3","150",4,"DEU"
"4","150",2,"DEU"
"5","150",1,"DEU"
"6","150",1,"DEU"
"8","150",1,"DEU"
"11","150",2,"DEU"
"13","150",1,"DEU"
"16","150",1,"DEU"
"21","150",1,"DEU"
"22","150",8,"DEU"
"30","150",1,"DEU"
"32","150",1,"DEU"
"42","150",1,"DEU"
"48","150",1,"DEU"
"55","150",1,"DEU"
"80","150",2,"DEU"
"83","150",1,"DEU"
"93","150",2,"DEU"
"97","150",1,"DEU"
"113","150",2,"DEU"
"115","150",1,"DEU"
"133","150",1,"DEU"
"135","150",1,"DEU"
"1","151",1,"DEU"
"2","151",1,"DEU"
"4","151",2,"DEU"
"5","151",1,"DEU"
"6","151",3,"DEU"
"9","151",43,"DEU"
"10","151",1,"DEU"
"14","151",2,"DEU"
"18","151",1,"DEU"
"20","151",1,"DEU"
"25","151",1,"DEU"
"28","151",1,"DEU"
"32","151",1,"DEU"
"34","151",1,"DEU"
"36","151",1,"DEU"
"43","151",1,"DEU"
"44","151",1,"DEU"
"57","151",2,"DEU"
"58","151",1,"DEU"
"62","151",2,"DEU"
"68","151",2,"DEU"
"69","151",3,"DEU"
"88","151",1,"DEU"
"111","151",1,"DEU"
"1","152",2,"DEU"
"3","152",1,"DEU"
"4","152",3,"DEU"
"5","152",1,"DEU"
"6","152",1,"DEU"
"7","152",2,"DEU"
"8","152",1,"DEU"
"10","152",1,"DEU"
"12","152",4,"DEU"
"21","152",1,"DEU"
"22","152",1,"DEU"
"24","152",1,"DEU"
"25","152",1,"DEU"
"32","152",1,"DEU"
"33","152",1,"DEU"
"34","152",1,"DEU"
"36","152",2,"DEU"
"40","152",1,"DEU"
"41","152",1,"DEU"
"44","152",1,"DEU"
"46","152",1,"DEU"
"48","152",1,"DEU"
"62","152",1,"DEU"
"69","152",1,"DEU"
"86","152",1,"DEU"
"93","152",1,"DEU"
"112","152",1,"DEU"
"113","152",3,"DEU"
"120","152",3,"DEU"
"1","153",2,"DEU"
"3","153",1,"DEU"
"4","153",2,"DEU"
"5","153",3,"DEU"
"6","153",1,"DEU"
"8","153",3,"DEU"
"9","153",1,"DEU"
"10","153",2,"DEU"
"16","153",2,"DEU"
"17","153",1,"DEU"
"21","153",3,"DEU"
"23","153",1,"DEU"
"24","153",1,"DEU"
"27","153",1,"DEU"
"28","153",1,"DEU"
"31","153",1,"DEU"
"34","153",2,"DEU"
"41","153",2,"DEU"
"44","153",1,"DEU"
"51","153",1,"DEU"
"67","153",5,"DEU"
"86","153",2,"DEU"
"90","153",1,"DEU"
"101","153",1,"DEU"
"108","153",1,"DEU"
"113","153",1,"DEU"
"114","153",4,"DEU"
"118","153",1,"DEU"
"153","153",1,"DEU"
"1","154",8,"DEU"
"2","154",5,"DEU"
"3","154",1,"DEU"
"5","154",1,"DEU"
"8","154",2,"DEU"
"11","154",1,"DEU"
"15","154",1,"DEU"
"16","154",7,"DEU"
"17","154",1,"DEU"
"21","154",2,"DEU"
"23","154",1,"DEU"
"24","154",1,"DEU"
"26","154",1,"DEU"
"27","154",6,"DEU"
"28","154",7,"DEU"
"34","154",1,"DEU"
"45","154",2,"DEU"
"50","154",1,"DEU"
"55","154",1,"DEU"
"57","154",1,"DEU"
"59","154",2,"DEU"
"85","154",2,"DEU"
"86","154",1,"DEU"
"119","154",1,"DEU"
"130","154",1,"DEU"
"148","154",1,"DEU"
"1","155",8,"DEU"
"3","155",1,"DEU"
"4","155",2,"DEU"
"5","155",5,"DEU"
"13","155",1,"DEU"
"15","155",1,"DEU"
"18","155",1,"DEU"
"26","155",1,"DEU"
"28","155",1,"DEU"
"34","155",2,"DEU"
"35","155",1,"DEU"
"36","155",1,"DEU"
"42","155",1,"DEU"
"53","155",1,"DEU"
"54","155",1,"DEU"
"60","155",1,"DEU"
"74","155",1,"DEU"
"84","155",1,"DEU"
"91","155",2,"DEU"
"99","155",1,"DEU"
"100","155",1,"DEU"
"105","155",3,"DEU"
"107","155",1,"DEU"
"133","155",1,"DEU"
"145","155",1,"DEU"
"149","155",1,"DEU"
"150","155",1,"DEU"
"1","156",3,"DEU"
"2","156",2,"DEU"
"4","156",2,"DEU"
"8","156",1,"DEU"
"9","156",1,"DEU"
"11","156",2,"DEU"
"17","156",5,"DEU"
"18","156",2,"DEU"
"19","156",1,"DEU"
"21","156",1,"DEU"
"22","156",1,"DEU"
"23","156",1,"DEU"
"24","156",3,"DEU"
"27","156",5,"DEU"
"28","156",2,"DEU"
"30","156",1,"DEU"
"34","156",1,"DEU"
"35","156",1,"DEU"
"37","156",1,"DEU"
"41","156",1,"DEU"
"44","156",1,"DEU"
"45","156",2,"DEU"
"46","156",1,"DEU"
"66","156",3,"DEU"
"67","156",1,"DEU"
"73","156",1,"DEU"
"78","156",1,"DEU"
"83","156",1,"DEU"
"90","156",1,"DEU"
"103","156",1,"DEU"
"113","156",1,"DEU"
"126","156",1,"DEU"
"133","156",1,"DEU"
"137","156",1,"DEU"
"143","156",1,"DEU"
"145","156",1,"DEU"
"1","157",19,"DEU"
"2","157",28,"DEU"
"3","157",3,"DEU"
"4","157",1,"DEU"
"6","157",2,"DEU"
"8","157",2,"DEU"
"9","157",1,"DEU"
"10","157",1,"DEU"
"11","157",3,"DEU"
"13","157",1,"DEU"
"15","157",1,"DEU"
"19","157",1,"DEU"
"22","157",1,"DEU"
"34","157",1,"DEU"
"35","157",1,"DEU"
"46","157",1,"DEU"
"53","157",1,"DEU"
"59","157",1,"DEU"
"65","157",1,"DEU"
"73","157",1,"DEU"
"74","157",1,"DEU"
"86","157",1,"DEU"
"95","157",1,"DEU"
"103","157",1,"DEU"
"142","157",1,"DEU"
"150","157",1,"DEU"
"156","157",1,"DEU"
"1","158",3,"DEU"
"2","158",13,"DEU"
"3","158",2,"DEU"
"5","158",3,"DEU"
"7","158",1,"DEU"
"12","158",1,"DEU"
"19","158",2,"DEU"
"25","158",2,"DEU"
"26","158",11,"DEU"
"28","158",1,"DEU"
"31","158",1,"DEU"
"33","158",1,"DEU"
"34","158",1,"DEU"
"35","158",2,"DEU"
"37","158",1,"DEU"
"39","158",3,"DEU"
"47","158",2,"DEU"
"56","158",1,"DEU"
"57","158",1,"DEU"
"59","158",1,"DEU"
"79","158",1,"DEU"
"83","158",1,"DEU"
"90","158",1,"DEU"
"116","158",3,"DEU"
"122","158",1,"DEU"
"124","158",2,"DEU"
"129","158",1,"DEU"
"1","159",1,"DEU"
"2","159",1,"DEU"
"3","159",3,"DEU"
"6","159",3,"DEU"
"7","159",1,"DEU"
"8","159",1,"DEU"
"9","159",6,"DEU"
"10","159",1,"DEU"
"11","159",3,"DEU"
"12","159",1,"DEU"
"20","159",2,"DEU"
"21","159",1,"DEU"
"26","159",1,"DEU"
"30","159",1,"DEU"
"32","159",1,"DEU"
"43","159",2,"DEU"
"44","159",1,"DEU"
"59","159",1,"DEU"
"68","159",1,"DEU"
"70","159",2,"DEU"
"76","159",5,"DEU"
"84","159",2,"DEU"
"104","159",1,"DEU"
"112","159",3,"DEU"
"116","159",1,"DEU"
"120","159",1,"DEU"
"125","159",1,"DEU"
"135","159",6,"DEU"
"140","159",1,"DEU"
"144","159",1,"DEU"
"155","159",1,"DEU"
"3","160",4,"DEU"
"4","160",3,"DEU"
"5","160",1,"DEU"
"6","160",1,"DEU"
"8","160",1,"DEU"
"13","160",4,"DEU"
"16","160",1,"DEU"
"22","160",1,"DEU"
"26","160",2,"DEU"
"30","160",2,"DEU"
"32","160",1,"DEU"
"35","160",1,"DEU"
"37","160",1,"DEU"
"48","160",1,"DEU"
"57","160",3,"DEU"
"68","160",1,"DEU"
"77","160",1,"DEU"
"87","160",1,"DEU"
"98","160",1,"DEU"
"115","160",1,"DEU"
"128","160",1,"DEU"
"131","160",1,"DEU"
"1","161",10,"DEU"
"2","161",15,"DEU"
"3","161",3,"DEU"
"5","161",1,"DEU"
"7","161",3,"DEU"
"9","161",2,"DEU"
"10","161",1,"DEU"
"12","161",1,"DEU"
"13","161",1,"DEU"
"20","161",3,"DEU"
"21","161",1,"DEU"
"29","161",1,"DEU"
"33","161",1,"DEU"
"35","161",1,"DEU"
"59","161",2,"DEU"
"63","161",1,"DEU"
"64","161",1,"DEU"
"70","161",1,"DEU"
"109","161",1,"DEU"
"133","161",2,"DEU"
"158","161",1,"DEU"
"2","162",9,"DEU"
"3","162",1,"DEU"
"6","162",1,"DEU"
"11","162",2,"DEU"
"12","162",1,"DEU"
"16","162",1,"DEU"
"19","162",1,"DEU"
"24","162",3,"DEU"
"27","162",1,"DEU"
"28","162",5,"DEU"
"30","162",1,"DEU"
"31","162",2,"DEU"
"35","162",2,"DEU"
"37","162",2,"DEU"
"39","162",1,"DEU"
"41","162",1,"DEU"
"45","162",3,"DEU"
"55","162",2,"DEU"
"61","162",1,"DEU"
"67","162",1,"DEU"
"68","162",1,"DEU"
"74","162",1,"DEU"
"75","162",1,"DEU"
"1","163",5,"DEU"
"2","163",2,"DEU"
"3","163",1,"DEU"
"4","163",1,"DEU"
"14","163",1,"DEU"
"16","163",1,"DEU"
"18","163",1,"DEU"
"19","163",3,"DEU"
"21","163",1,"DEU"
"24","163",5,"DEU"
"33","163",5,"DEU"
"37","163",2,"DEU"
"38","163",1,"DEU"
"50","163",1,"DEU"
"53","163",1,"DEU"
"60","163",1,"DEU"
"69","163",3,"DEU"
"70","163",1,"DEU"
"73","163",1,"DEU"
"77","163",1,"DEU"
"83","163",1,"DEU"
"86","163",1,"DEU"
"89","163",1,"DEU"
"90","163",1,"DEU"
"106","163",1,"DEU"
"115","163",1,"DEU"
"139","163",1,"DEU"
"1","164",3,"DEU"
"2","164",2,"DEU"
"3","164",2,"DEU"
"4","164",2,"DEU"
"6","164",1,"DEU"
"8","164",1,"DEU"
"11","164",1,"DEU"
"12","164",1,"DEU"
"13","164",4,"DEU"
"14","164",1,"DEU"
"16","164",3,"DEU"
"21","164",2,"DEU"
"22","164",3,"DEU"
"23","164",1,"DEU"
"24","164",1,"DEU"
"25","164",1,"DEU"
"27","164",2,"DEU"
"28","164",1,"DEU"
"32","164",1,"DEU"
"33","164",1,"DEU"
"36","164",1,"DEU"
"41","164",1,"DEU"
"45","164",1,"DEU"
"50","164",3,"DEU"
"53","164",1,"DEU"
"55","164",2,"DEU"
"58","164",2,"DEU"
"62","164",3,"DEU"
"72","164",2,"DEU"
"86","164",1,"DEU"
"96","164",1,"DEU"
"99","164",1,"DEU"
"102","164",1,"DEU"
"103","164",1,"DEU"
"142","164",1,"DEU"
"162","164",1,"DEU"
"4","165",13,"DEU"
"6","165",2,"DEU"
"9","165",1,"DEU"
"10","165",14,"DEU"
"11","165",3,"DEU"
"12","165",2,"DEU"
"14","165",4,"DEU"
"15","165",1,"DEU"
"24","165",1,"DEU"
"25","165",3,"DEU"
"27","165",1,"DEU"
"29","165",2,"DEU"
"33","165",1,"DEU"
"41","165",2,"DEU"
"81","165",1,"DEU"
"114","165",2,"DEU"
"141","165",1,"DEU"
"1","166",1,"DEU"
"3","166",2,"DEU"
"8","166",1,"DEU"
"10","166",2,"DEU"
"11","166",5,"DEU"
"17","166",1,"DEU"
"19","166",2,"DEU"
"23","166",1,"DEU"
"24","166",4,"DEU"
"32","166",1,"DEU"
"34","166",1,"DEU"
"42","166",2,"DEU"
"45","166",1,"DEU"
"53","166",5,"DEU"
"58","166",1,"DEU"
"59","166",1,"DEU"
"60","166",3,"DEU"
"61","166",1,"DEU"
"67","166",1,"DEU"
"69","166",2,"DEU"
"71","166",2,"DEU"
"89","166",1,"DEU"
"100","166",2,"DEU"
"117","166",3,"DEU"
"121","166",1,"DEU"
"123","166",2,"DEU"
"139","166",1,"DEU"
"3","167",1,"DEU"
"4","167",1,"DEU"
"5","167",5,"DEU"
"6","167",1,"DEU"
"10","167",1,"DEU"
"11","167",1,"DEU"
"12","167",1,"DEU"
"13","167",2,"DEU"
"16","167",3,"DEU"
"17","167",1,"DEU"
"21","167",2,"DEU"
"23","167",1,"DEU"
"32","167",1,"DEU"
"33","167",1,"DEU"
"42","167",3,"DEU"
"44","167",1,"DEU"
"45","167",1,"DEU"
"48","167",2,"DEU"
"49","167",1,"DEU"
"53","167",2,"DEU"
"56","167",1,"DEU"
"60","167",1,"DEU"
"84","167",5,"DEU"
"100","167",1,"DEU"
"107","167",1,"DEU"
"117","167",1,"DEU"
"130","167",1,"DEU"
"138","167",1,"DEU"
"139","167",1,"DEU"
"144","167",1,"DEU"
"145","167",1,"DEU"
"160","167",1,"DEU"
"2","168",2,"DEU"
"3","168",1,"DEU"
"6","168",1,"DEU"
"9","168",2,"DEU"
"10","168",1,"DEU"
"11","168",1,"DEU"
"19","168",1,"DEU"
"21","168",2,"DEU"
"22","168",1,"DEU"
"23","168",1,"DEU"
"40","168",2,"DEU"
"41","168",1,"DEU"
"43","168",4,"DEU"
"44","168",2,"DEU"
"58","168",1,"DEU"
"76","168",4,"DEU"
"94","168",1,"DEU"
"97","168",1,"DEU"
"103","168",1,"DEU"
"104","168",12,"DEU"
"112","168",2,"DEU"
"120","168",1,"DEU"
"144","168",1,"DEU"
"149","168",1,"DEU"
"152","168",1,"DEU"
"156","168",1,"DEU"
"159","168",1,"DEU"
"2","169",1,"DEU"
"3","169",4,"DEU"
"4","169",3,"DEU"
"6","169",1,"DEU"
"8","169",9,"DEU"
"10","169",1,"DEU"
"11","169",3,"DEU"
"12","169",1,"DEU"
"15","169",3,"DEU"
"18","169",1,"DEU"
"45","169",1,"DEU"
"49","169",1,"DEU"
"52","169",1,"DEU"
"55","169",1,"DEU"
"61","169",2,"DEU"
"67","169",1,"DEU"
"75","169",2,"DEU"
"80","169",1,"DEU"
"85","169",1,"DEU"
"106","169",1,"DEU"
"116","169",1,"DEU"
"118","169",2,"DEU"
"132","169",5,"DEU"
"147","169",1,"DEU"
"1","170",3,"DEU"
"3","170",1,"DEU"
"4","170",4,"DEU"
"7","170",1,"DEU"
"9","170",31,"DEU"
"11","170",1,"DEU"
"12","170",1,"DEU"
"18","170",2,"DEU"
"20","170",1,"DEU"
"22","170",1,"DEU"
"33","170",2,"DEU"
"35","170",1,"DEU"
"40","170",1,"DEU"
"46","170",1,"DEU"
"48","170",1,"DEU"
"62","170",1,"DEU"
"64","170",1,"DEU"
"68","170",2,"DEU"
"87","170",1,"DEU"
"88","170",1,"DEU"
"97","170",2,"DEU"
"120","170",2,"DEU"
"126","170",1,"DEU"
"130","170",1,"DEU"
"131","170",1,"DEU"
"147","170",1,"DEU"
"1","171",1,"DEU"
"3","171",3,"DEU"
"4","171",1,"DEU"
"5","171",1,"DEU"
"7","171",1,"DEU"
"10","171",1,"DEU"
"22","171",2,"DEU"
"24","171",1,"DEU"
"30","171",1,"DEU"
"43","171",1,"DEU"
"44","171",1,"DEU"
"51","171",1,"DEU"
"56","171",1,"DEU"
"60","171",1,"DEU"
"67","171",1,"DEU"
"100","171",1,"DEU"
"117","171",1,"DEU"
"127","171",1,"DEU"
"133","171",1,"DEU"
"169","171",3,"DEU"
"1","172",2,"DEU"
"2","172",2,"DEU"
"3","172",2,"DEU"
"4","172",3,"DEU"
"9","172",2,"DEU"
"12","172",1,"DEU"
"14","172",2,"DEU"
"15","172",1,"DEU"
"16","172",13,"DEU"
"18","172",1,"DEU"
"23","172",1,"DEU"
"27","172",1,"DEU"
"29","172",1,"DEU"
"44","172",1,"DEU"
"45","172",1,"DEU"
"50","172",1,"DEU"
"51","172",4,"DEU"
"54","172",4,"DEU"
"63","172",1,"DEU"
"64","172",1,"DEU"
"79","172",1,"DEU"
"80","172",1,"DEU"
"104","172",2,"DEU"
"125","172",1,"DEU"
"148","172",1,"DEU"
"149","172",1,"DEU"
"169","172",1,"DEU"
"170","172",1,"DEU"
"1","173",2,"DEU"
"3","173",2,"DEU"
"5","173",1,"DEU"
"17","173",2,"DEU"
"20","173",1,"DEU"
"30","173",1,"DEU"
"31","173",1,"DEU"
"36","173",1,"DEU"
"47","173",1,"DEU"
"69","173",1,"DEU"
"128","173",1,"DEU"
"1","174",2,"DEU"
"2","174",1,"DEU"
"3","174",3,"DEU"
"4","174",1,"DEU"
"8","174",2,"DEU"
"10","174",2,"DEU"
"11","174",3,"DEU"
"13","174",1,"DEU"
"19","174",1,"DEU"
"21","174",1,"DEU"
"23","174",1,"DEU"
"24","174",3,"DEU"
"31","174",3,"DEU"
"34","174",3,"DEU"
"37","174",1,"DEU"
"38","174",1,"DEU"
"42","174",2,"DEU"
"44","174",1,"DEU"
"50","174",1,"DEU"
"53","174",5,"DEU"
"59","174",1,"DEU"
"76","174",1,"DEU"
"86","174",1,"DEU"
"88","174",1,"DEU"
"96","174",1,"DEU"
"108","174",1,"DEU"
"118","174",1,"DEU"
"122","174",1,"DEU"
"123","174",2,"DEU"
"153","174",1,"DEU"
"162","174",1,"DEU"
"1","175",2,"DEU"
"2","175",5,"DEU"
"3","175",1,"DEU"
"4","175",2,"DEU"
"5","175",2,"DEU"
"8","175",1,"DEU"
"13","175",1,"DEU"
"16","175",26,"DEU"
"26","175",1,"DEU"
"27","175",2,"DEU"
"32","175",1,"DEU"
"34","175",1,"DEU"
"37","175",1,"DEU"
"46","175",1,"DEU"
"49","175",1,"DEU"
"64","175",1,"DEU"
"74","175",4,"DEU"
"79","175",1,"DEU"
"93","175",1,"DEU"
"95","175",1,"DEU"
"108","175",1,"DEU"
"119","175",1,"DEU"
"151","175",1,"DEU"
"167","175",1,"DEU"
"1","176",3,"DEU"
"2","176",11,"DEU"
"3","176",7,"DEU"
"7","176",5,"DEU"
"8","176",1,"DEU"
"14","176",1,"DEU"
"15","176",1,"DEU"
"16","176",1,"DEU"
"18","176",1,"DEU"
"22","176",1,"DEU"
"26","176",1,"DEU"
"38","176",2,"DEU"
"47","176",1,"DEU"
"116","176",1,"DEU"
"136","176",1,"DEU"
"149","176",2,"DEU"
"159","176",1,"DEU"
"169","176",1,"DEU"
"1","177",2,"DEU"
"2","177",1,"DEU"
"4","177",1,"DEU"
"10","177",1,"DEU"
"13","177",1,"DEU"
"17","177",1,"DEU"
"19","177",3,"DEU"
"23","177",1,"DEU"
"30","177",3,"DEU"
"34","177",1,"DEU"
"35","177",1,"DEU"
"37","177",5,"DEU"
"42","177",1,"DEU"
"57","177",1,"DEU"
"77","177",3,"DEU"
"83","177",1,"DEU"
"119","177",1,"DEU"
"128","177",1,"DEU"
"136","177",1,"DEU"
"1","178",2,"DEU"
"2","178",2,"DEU"
"4","178",4,"DEU"
"5","178",1,"DEU"
"6","178",2,"DEU"
"10","178",3,"DEU"
"13","178",1,"DEU"
"14","178",6,"DEU"
"15","178",2,"DEU"
"19","178",1,"DEU"
"20","178",1,"DEU"
"23","178",1,"DEU"
"26","178",1,"DEU"
"27","178",1,"DEU"
"32","178",2,"DEU"
"41","178",34,"DEU"
"48","178",1,"DEU"
"58","178",1,"DEU"
"80","178",1,"DEU"
"83","178",1,"DEU"
"88","178",1,"DEU"
"101","178",2,"DEU"
"116","178",1,"DEU"
"2","179",7,"DEU"
"3","179",4,"DEU"
"5","179",3,"DEU"
"7","179",1,"DEU"
"8","179",1,"DEU"
"10","179",1,"DEU"
"12","179",2,"DEU"
"14","179",1,"DEU"
"19","179",1,"DEU"
"20","179",1,"DEU"
"21","179",1,"DEU"
"29","179",1,"DEU"
"33","179",2,"DEU"
"36","179",1,"DEU"
"58","179",1,"DEU"
"59","179",2,"DEU"
"62","179",1,"DEU"
"103","179",1,"DEU"
"128","179",1,"DEU"
"162","179",1,"DEU"
"1","180",4,"DEU"
"2","180",8,"DEU"
"3","180",1,"DEU"
"4","180",1,"DEU"
"6","180",1,"DEU"
"11","180",2,"DEU"
"13","180",1,"DEU"
"29","180",1,"DEU"
"33","180",2,"DEU"
"37","180",2,"DEU"
"39","180",1,"DEU"
"40","180",1,"DEU"
"46","180",1,"DEU"
"55","180",1,"DEU"
"56","180",24,"DEU"
"60","180",1,"DEU"
"64","180",1,"DEU"
"71","180",1,"DEU"
"90","180",1,"DEU"
"99","180",1,"DEU"
"102","180",1,"DEU"
"129","180",3,"DEU"
"147","180",1,"DEU"
"179","180",1,"DEU"
"1","181",1,"DEU"
"2","181",26,"DEU"
"3","181",1,"DEU"
"12","181",2,"DEU"
"26","181",9,"DEU"
"28","181",1,"DEU"
"89","181",1,"DEU"
"124","181",2,"DEU"
"127","181",2,"DEU"
"134","181",1,"DEU"
"4","182",1,"DEU"
"13","182",1,"DEU"
"29","182",1,"DEU"
"30","182",1,"DEU"
"37","182",5,"DEU"
"48","182",1,"DEU"
"49","182",1,"DEU"
"83","182",3,"DEU"
"92","182",4,"DEU"
"134","182",2,"DEU"
"139","182",1,"DEU"
"140","182",1,"DEU"
"1","183",1,"DEU"
"3","183",3,"DEU"
"4","183",1,"DEU"
"5","183",3,"DEU"
"17","183",1,"DEU"
"28","183",1,"DEU"
"29","183",1,"DEU"
"30","183",2,"DEU"
"33","183",1,"DEU"
"35","183",1,"DEU"
"37","183",1,"DEU"
"50","183",2,"DEU"
"57","183",1,"DEU"
"72","183",3,"DEU"
"78","183",2,"DEU"
"83","183",1,"DEU"
"85","183",1,"DEU"
"87","183",3,"DEU"
"88","183",1,"DEU"
"92","183",1,"DEU"
"121","183",1,"DEU"
"174","183",1,"DEU"
"175","183",1,"DEU"
"1","184",3,"DEU"
"2","184",1,"DEU"
"3","184",1,"DEU"
"5","184",1,"DEU"
"10","184",1,"DEU"
"11","184",1,"DEU"
"12","184",1,"DEU"
"17","184",1,"DEU"
"18","184",1,"DEU"
"23","184",1,"DEU"
"24","184",3,"DEU"
"26","184",1,"DEU"
"27","184",2,"DEU"
"34","184",3,"DEU"
"35","184",1,"DEU"
"40","184",1,"DEU"
"44","184",1,"DEU"
"45","184",2,"DEU"
"46","184",1,"DEU"
"47","184",2,"DEU"
"48","184",1,"DEU"
"49","184",1,"DEU"
"50","184",1,"DEU"
"51","184",5,"DEU"
"52","184",1,"DEU"
"55","184",1,"DEU"
"59","184",1,"DEU"
"88","184",1,"DEU"
"99","184",2,"DEU"
"100","184",1,"DEU"
"103","184",3,"DEU"
"106","184",2,"DEU"
"119","184",1,"DEU"
"130","184",1,"DEU"
"167","184",1,"DEU"
"174","184",1,"DEU"
"176","184",1,"DEU"
"1","185",3,"DEU"
"3","185",1,"DEU"
"4","185",2,"DEU"
"6","185",3,"DEU"
"7","185",1,"DEU"
"9","185",33,"DEU"
"10","185",2,"DEU"
"12","185",2,"DEU"
"14","185",1,"DEU"
"18","185",1,"DEU"
"19","185",1,"DEU"
"20","185",2,"DEU"
"32","185",1,"DEU"
"34","185",1,"DEU"
"39","185",1,"DEU"
"43","185",3,"DEU"
"68","185",2,"DEU"
"78","185",1,"DEU"
"83","185",1,"DEU"
"87","185",1,"DEU"
"94","185",1,"DEU"
"138","185",1,"DEU"
"155","185",1,"DEU"
"172","185",1,"DEU"
"175","185",1,"DEU"
"1","186",1,"DEU"
"3","186",1,"DEU"
"5","186",1,"DEU"
"6","186",1,"DEU"
"10","186",1,"DEU"
"11","186",4,"DEU"
"15","186",1,"DEU"
"17","186",1,"DEU"
"19","186",1,"DEU"
"20","186",1,"DEU"
"21","186",2,"DEU"
"23","186",3,"DEU"
"25","186",1,"DEU"
"27","186",1,"DEU"
"32","186",1,"DEU"
"33","186",1,"DEU"
"34","186",1,"DEU"
"49","186",1,"DEU"
"50","186",2,"DEU"
"51","186",1,"DEU"
"60","186",5,"DEU"
"66","186",3,"DEU"
"72","186",1,"DEU"
"74","186",2,"DEU"
"92","186",1,"DEU"
"1","187",1,"DEU"
"3","187",4,"DEU"
"4","187",2,"DEU"
"7","187",1,"DEU"
"13","187",1,"DEU"
"17","187",2,"DEU"
"18","187",3,"DEU"
"22","187",2,"DEU"
"24","187",2,"DEU"
"29","187",2,"DEU"
"30","187",1,"DEU"
"34","187",1,"DEU"
"40","187",1,"DEU"
"50","187",1,"DEU"
"53","187",1,"DEU"
"56","187",1,"DEU"
"59","187",1,"DEU"
"60","187",1,"DEU"
"80","187",1,"DEU"
"85","187",1,"DEU"
"104","187",1,"DEU"
"106","187",1,"DEU"
"117","187",1,"DEU"
"118","187",1,"DEU"
"134","187",1,"DEU"
"136","187",2,"DEU"
"1","188",2,"DEU"
"4","188",2,"DEU"
"5","188",1,"DEU"
"8","188",1,"DEU"
"12","188",1,"DEU"
"13","188",1,"DEU"
"14","188",1,"DEU"
"17","188",1,"DEU"
"18","188",2,"DEU"
"20","188",2,"DEU"
"21","188",1,"DEU"
"22","188",1,"DEU"
"24","188",3,"DEU"
"27","188",1,"DEU"
"28","188",1,"DEU"
"31","188",2,"DEU"
"32","188",1,"DEU"
"34","188",1,"DEU"
"35","188",1,"DEU"
"37","188",1,"DEU"
"41","188",1,"DEU"
"43","188",1,"DEU"
"45","188",1,"DEU"
"47","188",1,"DEU"
"48","188",1,"DEU"
"49","188",1,"DEU"
"51","188",1,"DEU"
"52","188",1,"DEU"
"55","188",1,"DEU"
"60","188",1,"DEU"
"67","188",1,"DEU"
"68","188",1,"DEU"
"69","188",1,"DEU"
"77","188",1,"DEU"
"87","188",1,"DEU"
"90","188",2,"DEU"
"101","188",1,"DEU"
"120","188",1,"DEU"
"128","188",1,"DEU"
"130","188",1,"DEU"
"137","188",1,"DEU"
"161","188",1,"DEU"
"2","189",1,"DEU"
"3","189",2,"DEU"
"4","189",1,"DEU"
"5","189",2,"DEU"
"7","189",1,"DEU"
"9","189",1,"DEU"
"10","189",1,"DEU"
"15","189",2,"DEU"
"16","189",1,"DEU"
"17","189",1,"DEU"
"20","189",1,"DEU"
"23","189",1,"DEU"
"28","189",1,"DEU"
"37","189",1,"DEU"
"41","189",1,"DEU"
"53","189",1,"DEU"
"54","189",1,"DEU"
"76","189",1,"DEU"
"78","189",1,"DEU"
"81","189",1,"DEU"
"91","189",1,"DEU"
"97","189",1,"DEU"
"103","189",1,"DEU"
"118","189",1,"DEU"
"119","189",1,"DEU"
"141","189",1,"DEU"
"157","189",1,"DEU"
"171","189",2,"DEU"
"182","189",1,"DEU"
"1","190",4,"DEU"
"2","190",2,"DEU"
"3","190",1,"DEU"
"4","190",2,"DEU"
"9","190",1,"DEU"
"10","190",2,"DEU"
"12","190",1,"DEU"
"13","190",1,"DEU"
"16","190",1,"DEU"
"17","190",3,"DEU"
"18","190",1,"DEU"
"19","190",1,"DEU"
"22","190",2,"DEU"
"24","190",5,"DEU"
"29","190",1,"DEU"
"30","190",2,"DEU"
"32","190",1,"DEU"
"34","190",1,"DEU"
"37","190",5,"DEU"
"38","190",1,"DEU"
"47","190",2,"DEU"
"50","190",1,"DEU"
"55","190",1,"DEU"
"58","190",1,"DEU"
"96","190",1,"DEU"
"106","190",1,"DEU"
"112","190",1,"DEU"
"119","190",1,"DEU"
"121","190",1,"DEU"
"138","190",1,"DEU"
"188","190",1,"DEU"
"1","191",5,"DEU"
"4","191",1,"DEU"
"7","191",1,"DEU"
"8","191",1,"DEU"
"16","191",5,"DEU"
"17","191",2,"DEU"
"18","191",2,"DEU"
"20","191",1,"DEU"
"23","191",1,"DEU"
"30","191",2,"DEU"
"39","191",2,"DEU"
"44","191",1,"DEU"
"45","191",4,"DEU"
"48","191",1,"DEU"
"49","191",2,"DEU"
"51","191",4,"DEU"
"52","191",3,"DEU"
"54","191",1,"DEU"
"59","191",1,"DEU"
"61","191",1,"DEU"
"79","191",1,"DEU"
"94","191",1,"DEU"
"106","191",1,"DEU"
"146","191",1,"DEU"
"147","191",1,"DEU"
"149","191",1,"DEU"
"188","191",1,"DEU"
"1","192",5,"DEU"
"2","192",7,"DEU"
"3","192",1,"DEU"
"5","192",1,"DEU"
"6","192",1,"DEU"
"7","192",1,"DEU"
"8","192",4,"DEU"
"9","192",1,"DEU"
"12","192",3,"DEU"
"13","192",2,"DEU"
"15","192",1,"DEU"
"18","192",1,"DEU"
"19","192",1,"DEU"
"20","192",1,"DEU"
"21","192",1,"DEU"
"22","192",1,"DEU"
"61","192",1,"DEU"
"66","192",1,"DEU"
"113","192",1,"DEU"
"174","192",1,"DEU"
"1","193",1,"DEU"
"3","193",4,"DEU"
"9","193",5,"DEU"
"10","193",2,"DEU"
"12","193",1,"DEU"
"15","193",1,"DEU"
"32","193",1,"DEU"
"34","193",1,"DEU"
"43","193",1,"DEU"
"62","193",1,"DEU"
"75","193",1,"DEU"
"76","193",3,"DEU"
"82","193",1,"DEU"
"92","193",1,"DEU"
"103","193",1,"DEU"
"104","193",1,"DEU"
"110","193",2,"DEU"
"131","193",2,"DEU"
"138","193",1,"DEU"
"170","193",1,"DEU"
"193","193",2,"DEU"
"1","194",19,"DEU"
"2","194",3,"DEU"
"3","194",2,"DEU"
"4","194",3,"DEU"
"6","194",2,"DEU"
"7","194",5,"DEU"
"8","194",1,"DEU"
"11","194",1,"DEU"
"12","194",1,"DEU"
"17","194",1,"DEU"
"18","194",1,"DEU"
"25","194",2,"DEU"
"26","194",1,"DEU"
"41","194",1,"DEU"
"42","194",1,"DEU"
"62","194",1,"DEU"
"80","194",1,"DEU"
"85","194",2,"DEU"
"109","194",1,"DEU"
"114","194",1,"DEU"
"1","195",1,"DEU"
"2","195",4,"DEU"
"4","195",1,"DEU"
"10","195",1,"DEU"
"15","195",1,"DEU"
"36","195",1,"DEU"
"42","195",1,"DEU"
"95","195",21,"DEU"
"158","195",1,"DEU"
"160","195",1,"DEU"
"3","196",4,"DEU"
"5","196",1,"DEU"
"13","196",1,"DEU"
"15","196",1,"DEU"
"19","196",2,"DEU"
"27","196",1,"DEU"
"33","196",1,"DEU"
"34","196",1,"DEU"
"44","196",1,"DEU"
"46","196",1,"DEU"
"50","196",2,"DEU"
"51","196",1,"DEU"
"60","196",1,"DEU"
"69","196",1,"DEU"
"90","196",1,"DEU"
"108","196",2,"DEU"
"156","196",1,"DEU"
"190","196",1,"DEU"
"1","197",2,"DEU"
"3","197",2,"DEU"
"5","197",1,"DEU"
"6","197",1,"DEU"
"7","197",1,"DEU"
"8","197",2,"DEU"
"10","197",1,"DEU"
"18","197",2,"DEU"
"22","197",1,"DEU"
"23","197",1,"DEU"
"30","197",1,"DEU"
"45","197",4,"DEU"
"50","197",3,"DEU"
"51","197",3,"DEU"
"52","197",2,"DEU"
"54","197",1,"DEU"
"61","197",1,"DEU"
"66","197",2,"DEU"
"71","197",1,"DEU"
"74","197",1,"DEU"
"79","197",2,"DEU"
"91","197",2,"DEU"
"120","197",1,"DEU"
"158","197",1,"DEU"
"2","198",2,"DEU"
"3","198",2,"DEU"
"4","198",1,"DEU"
"7","198",1,"DEU"
"9","198",4,"DEU"
"11","198",3,"DEU"
"13","198",2,"DEU"
"21","198",1,"DEU"
"36","198",1,"DEU"
"41","198",1,"DEU"
"43","198",1,"DEU"
"44","198",1,"DEU"
"47","198",1,"DEU"
"58","198",1,"DEU"
"68","198",1,"DEU"
"76","198",2,"DEU"
"78","198",1,"DEU"
"82","198",2,"DEU"
"104","198",10,"DEU"
"135","198",5,"DEU"
"144","198",1,"DEU"
"146","198",1,"DEU"
"152","198",1,"DEU"
"168","198",1,"DEU"
"170","198",2,"DEU"
"1","199",3,"DEU"
"4","199",1,"DEU"
"10","199",1,"DEU"
"12","199",1,"DEU"
"16","199",1,"DEU"
"17","199",1,"DEU"
"19","199",1,"DEU"
"27","199",1,"DEU"
"35","199",1,"DEU"
"37","199",1,"DEU"
"46","199",1,"DEU"
"47","199",2,"DEU"
"48","199",2,"DEU"
"57","199",1,"DEU"
"71","199",2,"DEU"
"72","199",1,"DEU"
"75","199",1,"DEU"
"78","199",1,"DEU"
"87","199",1,"DEU"
"155","199",1,"DEU"
"1","200",23,"DEU"
"2","200",7,"DEU"
"3","200",1,"DEU"
"6","200",1,"DEU"
"12","200",2,"DEU"
"15","200",1,"DEU"
"19","200",1,"DEU"
"22","200",5,"DEU"
"23","200",1,"DEU"
"26","200",1,"DEU"
"33","200",1,"DEU"
"36","200",1,"DEU"
"39","200",1,"DEU"
"50","200",1,"DEU"
"90","200",1,"DEU"
"101","200",2,"DEU"
"107","200",1,"DEU"
"128","200",1,"DEU"
"154","200",7,"DEU"
"199","200",1,"DEU"
"1","201",2,"DEU"
"2","201",1,"DEU"
"3","201",2,"DEU"
"4","201",2,"DEU"
"5","201",2,"DEU"
"6","201",1,"DEU"
"8","201",1,"DEU"
"11","201",1,"DEU"
"16","201",5,"DEU"
"18","201",1,"DEU"
"20","201",1,"DEU"
"22","201",1,"DEU"
"24","201",1,"DEU"
"27","201",1,"DEU"
"28","201",2,"DEU"
"45","201",3,"DEU"
"47","201",1,"DEU"
"49","201",1,"DEU"
"51","201",1,"DEU"
"61","201",1,"DEU"
"84","201",1,"DEU"
"95","201",1,"DEU"
"96","201",1,"DEU"
"106","201",1,"DEU"
"119","201",1,"DEU"
"121","201",1,"DEU"
"160","201",1,"DEU"
"183","201",1,"DEU"
"185","201",1,"DEU"
"2","202",5,"DEU"
"3","202",2,"DEU"
"5","202",1,"DEU"
"6","202",1,"DEU"
"7","202",2,"DEU"
"11","202",1,"DEU"
"16","202",3,"DEU"
"17","202",1,"DEU"
"18","202",1,"DEU"
"19","202",4,"DEU"
"20","202",3,"DEU"
"30","202",1,"DEU"
"37","202",1,"DEU"
"46","202",1,"DEU"
"48","202",1,"DEU"
"53","202",1,"DEU"
"57","202",1,"DEU"
"58","202",1,"DEU"
"65","202",1,"DEU"
"75","202",1,"DEU"
"78","202",1,"DEU"
"83","202",1,"DEU"
"87","202",1,"DEU"
"116","202",1,"DEU"
"126","202",2,"DEU"
"134","202",1,"DEU"
"140","202",1,"DEU"
"143","202",6,"DEU"
"155","202",1,"DEU"
"201","202",1,"DEU"
"202","202",1,"DEU"
"3","203",1,"DEU"
"4","203",3,"DEU"
"9","203",28,"DEU"
"10","203",1,"DEU"
"12","203",1,"DEU"
"13","203",1,"DEU"
"14","203",1,"DEU"
"19","203",3,"DEU"
"22","203",1,"DEU"
"35","203",1,"DEU"
"43","203",1,"DEU"
"44","203",4,"DEU"
"57","203",1,"DEU"
"62","203",1,"DEU"
"68","203",1,"DEU"
"80","203",1,"DEU"
"83","203",1,"DEU"
"87","203",1,"DEU"
"89","203",1,"DEU"
"100","203",1,"DEU"
"111","203",1,"DEU"
"120","203",1,"DEU"
"139","203",1,"DEU"
"141","203",1,"DEU"
"1","204",2,"DEU"
"2","204",3,"DEU"
"3","204",2,"DEU"
"4","204",1,"DEU"
"5","204",2,"DEU"
"7","204",1,"DEU"
"13","204",1,"DEU"
"15","204",2,"DEU"
"16","204",1,"DEU"
"17","204",1,"DEU"
"24","204",1,"DEU"
"25","204",1,"DEU"
"27","204",1,"DEU"
"28","204",1,"DEU"
"30","204",1,"DEU"
"37","204",1,"DEU"
"45","204",4,"DEU"
"47","204",1,"DEU"
"48","204",1,"DEU"
"53","204",1,"DEU"
"54","204",2,"DEU"
"59","204",1,"DEU"
"61","204",1,"DEU"
"68","204",1,"DEU"
"74","204",1,"DEU"
"75","204",1,"DEU"
"98","204",1,"DEU"
"99","204",1,"DEU"
"103","204",1,"DEU"
"190","204",1,"DEU"
"199","204",2,"DEU"
"1","205",1,"DEU"
"2","205",2,"DEU"
"7","205",12,"DEU"
"9","205",11,"DEU"
"11","205",1,"DEU"
"12","205",1,"DEU"
"15","205",6,"DEU"
"20","205",3,"DEU"
"26","205",1,"DEU"
"64","205",1,"DEU"
"115","205",5,"DEU"
"144","205",1,"DEU"
"146","205",1,"DEU"
"149","205",3,"DEU"
"151","205",1,"DEU"
"152","205",3,"DEU"
"170","205",2,"DEU"
"185","205",1,"DEU"
"2","206",1,"DEU"
"3","206",2,"DEU"
"4","206",2,"DEU"
"5","206",1,"DEU"
"6","206",1,"DEU"
"12","206",2,"DEU"
"13","206",1,"DEU"
"27","206",1,"DEU"
"58","206",1,"DEU"
"76","206",10,"DEU"
"82","206",2,"DEU"
"94","206",7,"DEU"
"110","206",3,"DEU"
"125","206",1,"DEU"
"131","206",2,"DEU"
"135","206",3,"DEU"
"138","206",1,"DEU"
"146","206",1,"DEU"
"159","206",1,"DEU"
"193","206",1,"DEU"
"2","207",4,"DEU"
"3","207",1,"DEU"
"6","207",1,"DEU"
"9","207",4,"DEU"
"10","207",1,"DEU"
"11","207",1,"DEU"
"12","207",2,"DEU"
"13","207",1,"DEU"
"16","207",1,"DEU"
"25","207",2,"DEU"
"26","207",7,"DEU"
"46","207",1,"DEU"
"65","207",3,"DEU"
"68","207",1,"DEU"
"97","207",1,"DEU"
"120","207",2,"DEU"
"1","208",1,"DEU"
"2","208",20,"DEU"
"5","208",1,"DEU"
"12","208",4,"DEU"
"17","208",1,"DEU"
"26","208",7,"DEU"
"33","208",1,"DEU"
"48","208",2,"DEU"
"56","208",1,"DEU"
"116","208",2,"DEU"
"127","208",1,"DEU"
"1","209",3,"DEU"
"2","209",4,"DEU"
"3","209",3,"DEU"
"4","209",5,"DEU"
"5","209",1,"DEU"
"7","209",2,"DEU"
"10","209",1,"DEU"
"12","209",1,"DEU"
"14","209",1,"DEU"
"19","209",4,"DEU"
"23","209",1,"DEU"
"26","209",1,"DEU"
"34","209",1,"DEU"
"35","209",1,"DEU"
"36","209",1,"DEU"
"41","209",1,"DEU"
"44","209",1,"DEU"
"48","209",1,"DEU"
"69","209",1,"DEU"
"86","209",1,"DEU"
"88","209",1,"DEU"
"89","209",1,"DEU"
"122","209",1,"DEU"
"187","209",1,"DEU"
"1","210",2,"DEU"
"3","210",1,"DEU"
"7","210",2,"DEU"
"9","210",1,"DEU"
"11","210",10,"DEU"
"15","210",1,"DEU"
"16","210",2,"DEU"
"17","210",1,"DEU"
"24","210",1,"DEU"
"32","210",1,"DEU"
"35","210",1,"DEU"
"40","210",1,"DEU"
"44","210",1,"DEU"
"45","210",1,"DEU"
"53","210",1,"DEU"
"55","210",2,"DEU"
"66","210",1,"DEU"
"74","210",1,"DEU"
"79","210",1,"DEU"
"82","210",1,"DEU"
"96","210",1,"DEU"
"99","210",1,"DEU"
"108","210",1,"DEU"
"118","210",1,"DEU"
"120","210",1,"DEU"
"121","210",1,"DEU"
"134","210",1,"DEU"
"163","210",1,"DEU"
"166","210",1,"DEU"
"186","210",1,"DEU"
"1","211",1,"DEU"
"3","211",1,"DEU"
"4","211",1,"DEU"
"10","211",1,"DEU"
"12","211",3,"DEU"
"13","211",1,"DEU"
"14","211",1,"DEU"
"22","211",1,"DEU"
"32","211",2,"DEU"
"43","211",1,"DEU"
"44","211",1,"DEU"
"59","211",1,"DEU"
"62","211",3,"DEU"
"64","211",1,"DEU"
"73","211",1,"DEU"
"81","211",1,"DEU"
"82","211",1,"DEU"
"94","211",7,"DEU"
"110","211",8,"DEU"
"131","211",4,"DEU"
"198","211",1,"DEU"
"206","211",4,"DEU"
"2","212",2,"DEU"
"3","212",2,"DEU"
"4","212",3,"DEU"
"6","212",1,"DEU"
"9","212",1,"DEU"
"10","212",1,"DEU"
"12","212",2,"DEU"
"18","212",1,"DEU"
"24","212",1,"DEU"
"26","212",1,"DEU"
"30","212",1,"DEU"
"32","212",1,"DEU"
"44","212",1,"DEU"
"62","212",1,"DEU"
"76","212",2,"DEU"
"104","212",1,"DEU"
"151","212",1,"DEU"
"152","212",1,"DEU"
"198","212",1,"DEU"
"1","213",4,"DEU"
"2","213",2,"DEU"
"4","213",5,"DEU"
"5","213",1,"DEU"
"6","213",4,"DEU"
"8","213",3,"DEU"
"9","213",2,"DEU"
"12","213",1,"DEU"
"13","213",1,"DEU"
"14","213",1,"DEU"
"15","213",1,"DEU"
"24","213",2,"DEU"
"28","213",1,"DEU"
"32","213",2,"DEU"
"42","213",1,"DEU"
"48","213",1,"DEU"
"49","213",1,"DEU"
"73","213",1,"DEU"
"86","213",1,"DEU"
"120","213",1,"DEU"
"181","213",1,"DEU"
"1","214",2,"DEU"
"2","214",2,"DEU"
"8","214",1,"DEU"
"10","214",1,"DEU"
"13","214",1,"DEU"
"16","214",1,"DEU"
"19","214",1,"DEU"
"21","214",1,"DEU"
"24","214",1,"DEU"
"31","214",1,"DEU"
"33","214",1,"DEU"
"34","214",1,"DEU"
"37","214",4,"DEU"
"46","214",4,"DEU"
"47","214",2,"DEU"
"48","214",1,"DEU"
"69","214",1,"DEU"
"70","214",1,"DEU"
"72","214",2,"DEU"
"83","214",1,"DEU"
"90","214",1,"DEU"
"92","214",1,"DEU"
"112","214",1,"DEU"
"113","214",1,"DEU"
"139","214",2,"DEU"
"155","214",1,"DEU"
"188","214",1,"DEU"
"1","215",3,"DEU"
"2","215",10,"DEU"
"4","215",2,"DEU"
"7","215",5,"DEU"
"9","215",2,"DEU"
"10","215",1,"DEU"
"11","215",1,"DEU"
"12","215",1,"DEU"
"13","215",1,"DEU"
"14","215",1,"DEU"
"15","215",2,"DEU"
"20","215",1,"DEU"
"25","215",1,"DEU"
"26","215",4,"DEU"
"37","215",1,"DEU"
"38","215",1,"DEU"
"39","215",1,"DEU"
"62","215",1,"DEU"
"64","215",1,"DEU"
"71","215",1,"DEU"
"85","215",1,"DEU"
"97","215",2,"DEU"
"98","215",1,"DEU"
"161","215",1,"DEU"
"1","216",2,"DEU"
"3","216",3,"DEU"
"4","216",1,"DEU"
"5","216",1,"DEU"
"6","216",1,"DEU"
"11","216",2,"DEU"
"19","216",1,"DEU"
"20","216",1,"DEU"
"24","216",2,"DEU"
"34","216",1,"DEU"
"36","216",1,"DEU"
"37","216",1,"DEU"
"44","216",2,"DEU"
"51","216",1,"DEU"
"55","216",1,"DEU"
"64","216",1,"DEU"
"75","216",1,"DEU"
"76","216",1,"DEU"
"78","216",1,"DEU"
"89","216",1,"DEU"
"98","216",1,"DEU"
"108","216",2,"DEU"
"117","216",1,"DEU"
"171","216",1,"DEU"
"191","216",2,"DEU"
"1","217",2,"DEU"
"4","217",1,"DEU"
"5","217",4,"DEU"
"8","217",2,"DEU"
"12","217",1,"DEU"
"13","217",1,"DEU"
"21","217",1,"DEU"
"23","217",1,"DEU"
"24","217",1,"DEU"
"27","217",3,"DEU"
"28","217",1,"DEU"
"32","217",1,"DEU"
"33","217",1,"DEU"
"46","217",5,"DEU"
"57","217",4,"DEU"
"65","217",1,"DEU"
"69","217",2,"DEU"
"92","217",1,"DEU"
"172","217",1,"DEU"
"175","217",1,"DEU"
"1","218",1,"DEU"
"3","218",1,"DEU"
"4","218",1,"DEU"
"15","218",1,"DEU"
"16","218",1,"DEU"
"17","218",2,"DEU"
"18","218",1,"DEU"
"19","218",2,"DEU"
"29","218",5,"DEU"
"32","218",1,"DEU"
"37","218",1,"DEU"
"42","218",1,"DEU"
"47","218",1,"DEU"
"50","218",1,"DEU"
"70","218",1,"DEU"
"75","218",1,"DEU"
"78","218",1,"DEU"
"81","218",1,"DEU"
"88","218",2,"DEU"
"89","218",1,"DEU"
"92","218",1,"DEU"
"93","218",1,"DEU"
"94","218",1,"DEU"
"105","218",1,"DEU"
"139","218",1,"DEU"
"167","218",1,"DEU"
"169","218",1,"DEU"
"186","218",1,"DEU"
"1","219",3,"DEU"
"2","219",1,"DEU"
"3","219",5,"DEU"
"4","219",1,"DEU"
"5","219",4,"DEU"
"7","219",2,"DEU"
"8","219",1,"DEU"
"15","219",1,"DEU"
"16","219",2,"DEU"
"17","219",1,"DEU"
"23","219",1,"DEU"
"27","219",2,"DEU"
"28","219",1,"DEU"
"30","219",2,"DEU"
"31","219",1,"DEU"
"32","219",1,"DEU"
"34","219",1,"DEU"
"41","219",1,"DEU"
"44","219",1,"DEU"
"47","219",2,"DEU"
"48","219",1,"DEU"
"57","219",1,"DEU"
"60","219",1,"DEU"
"65","219",1,"DEU"
"71","219",1,"DEU"
"83","219",1,"DEU"
"87","219",2,"DEU"
"99","219",1,"DEU"
"155","219",1,"DEU"
"210","219",1,"DEU"
"217","219",1,"DEU"
"2","220",14,"DEU"
"3","220",2,"DEU"
"4","220",3,"DEU"
"7","220",1,"DEU"
"10","220",2,"DEU"
"13","220",3,"DEU"
"18","220",3,"DEU"
"19","220",2,"DEU"
"28","220",1,"DEU"
"29","220",2,"DEU"
"31","220",1,"DEU"
"40","220",1,"DEU"
"71","220",1,"DEU"
"102","220",1,"DEU"
"132","220",2,"DEU"
"140","220",1,"DEU"
"158","220",1,"DEU"
"196","220",1,"DEU"
"202","220",1,"DEU"
"1","221",3,"DEU"
"2","221",1,"DEU"
"4","221",1,"DEU"
"8","221",4,"DEU"
"10","221",2,"DEU"
"12","221",3,"DEU"
"13","221",8,"DEU"
"16","221",1,"DEU"
"18","221",1,"DEU"
"19","221",1,"DEU"
"22","221",1,"DEU"
"24","221",2,"DEU"
"27","221",1,"DEU"
"28","221",2,"DEU"
"32","221",1,"DEU"
"33","221",1,"DEU"
"42","221",1,"DEU"
"43","221",1,"DEU"
"50","221",11,"DEU"
"86","221",1,"DEU"
"90","221",1,"DEU"
"96","221",1,"DEU"
"100","221",1,"DEU"
"182","221",1,"DEU"
"184","221",1,"DEU"
"1","222",2,"DEU"
"3","222",1,"DEU"
"7","222",2,"DEU"
"10","222",1,"DEU"
"11","222",2,"DEU"
"13","222",1,"DEU"
"19","222",4,"DEU"
"24","222",5,"DEU"
"31","222",1,"DEU"
"34","222",1,"DEU"
"37","222",4,"DEU"
"40","222",1,"DEU"
"42","222",4,"DEU"
"46","222",1,"DEU"
"61","222",2,"DEU"
"89","222",1,"DEU"
"90","222",1,"DEU"
"96","222",1,"DEU"
"210","222",1,"DEU"
"2","223",1,"DEU"
"3","223",2,"DEU"
"4","223",1,"DEU"
"7","223",6,"DEU"
"9","223",1,"DEU"
"11","223",1,"DEU"
"12","223",1,"DEU"
"13","223",1,"DEU"
"15","223",2,"DEU"
"20","223",6,"DEU"
"22","223",1,"DEU"
"29","223",2,"DEU"
"36","223",1,"DEU"
"44","223",2,"DEU"
"55","223",1,"DEU"
"62","223",1,"DEU"
"63","223",3,"DEU"
"65","223",1,"DEU"
"71","223",1,"DEU"
"89","223",6,"DEU"
"99","223",1,"DEU"
"109","223",3,"DEU"
"121","223",1,"DEU"
"140","223",2,"DEU"
"153","223",1,"DEU"
"165","223",1,"DEU"
"1","224",2,"DEU"
"3","224",2,"DEU"
"5","224",3,"DEU"
"6","224",1,"DEU"
"13","224",2,"DEU"
"14","224",1,"DEU"
"21","224",1,"DEU"
"31","224",4,"DEU"
"48","224",1,"DEU"
"49","224",1,"DEU"
"52","224",1,"DEU"
"57","224",2,"DEU"
"58","224",1,"DEU"
"81","224",1,"DEU"
"87","224",1,"DEU"
"98","224",3,"DEU"
"103","224",1,"DEU"
"115","224",1,"DEU"
"153","224",3,"DEU"
"1","225",4,"DEU"
"2","225",1,"DEU"
"3","225",5,"DEU"
"4","225",2,"DEU"
"5","225",1,"DEU"
"6","225",1,"DEU"
"10","225",2,"DEU"
"12","225",3,"DEU"
"15","225",1,"DEU"
"20","225",1,"DEU"
"22","225",3,"DEU"
"24","225",1,"DEU"
"29","225",4,"DEU"
"34","225",1,"DEU"
"39","225",3,"DEU"
"51","225",1,"DEU"
"53","225",1,"DEU"
"80","225",6,"DEU"
"127","225",5,"DEU"
"142","225",1,"DEU"
"185","225",1,"DEU"
"2","226",2,"DEU"
"4","226",1,"DEU"
"5","226",3,"DEU"
"7","226",1,"DEU"
"13","226",1,"DEU"
"16","226",1,"DEU"
"21","226",1,"DEU"
"23","226",1,"DEU"
"24","226",2,"DEU"
"25","226",1,"DEU"
"27","226",1,"DEU"
"28","226",1,"DEU"
"30","226",2,"DEU"
"34","226",2,"DEU"
"43","226",12,"DEU"
"47","226",2,"DEU"
"55","226",1,"DEU"
"65","226",1,"DEU"
"68","226",2,"DEU"
"77","226",2,"DEU"
"78","226",2,"DEU"
"81","226",1,"DEU"
"85","226",1,"DEU"
"86","226",1,"DEU"
"194","226",1,"DEU"
"210","226",1,"DEU"
"1","227",1,"DEU"
"3","227",3,"DEU"
"7","227",1,"DEU"
"11","227",9,"DEU"
"12","227",2,"DEU"
"16","227",1,"DEU"
"17","227",4,"DEU"
"28","227",1,"DEU"
"31","227",2,"DEU"
"36","227",1,"DEU"
"40","227",1,"DEU"
"41","227",1,"DEU"
"99","227",1,"DEU"
"141","227",1,"DEU"
"216","227",1,"DEU"
"218","227",1,"DEU"
"1","228",4,"DEU"
"2","228",2,"DEU"
"3","228",2,"DEU"
"16","228",1,"DEU"
"17","228",12,"DEU"
"19","228",1,"DEU"
"21","228",1,"DEU"
"27","228",2,"DEU"
"28","228",1,"DEU"
"49","228",1,"DEU"
"52","228",1,"DEU"
"74","228",1,"DEU"
"99","228",1,"DEU"
"124","228",1,"DEU"
"202","228",1,"DEU"
"221","228",1,"DEU"
"2","229",3,"DEU"
"3","229",1,"DEU"
"4","229",2,"DEU"
"5","229",1,"DEU"
"6","229",1,"DEU"
"10","229",5,"DEU"
"11","229",2,"DEU"
"12","229",1,"DEU"
"13","229",4,"DEU"
"14","229",3,"DEU"
"22","229",1,"DEU"
"24","229",1,"DEU"
"25","229",4,"DEU"
"29","229",1,"DEU"
"33","229",1,"DEU"
"47","229",1,"DEU"
"58","229",2,"DEU"
"69","229",1,"DEU"
"114","229",1,"DEU"
"177","229",1,"DEU"
"214","229",1,"DEU"
"1","230",3,"DEU"
"2","230",7,"DEU"
"3","230",1,"DEU"
"6","230",3,"DEU"
"7","230",1,"DEU"
"10","230",1,"DEU"
"17","230",1,"DEU"
"26","230",1,"DEU"
"30","230",1,"DEU"
"33","230",1,"DEU"
"40","230",4,"DEU"
"44","230",1,"DEU"
"48","230",1,"DEU"
"57","230",1,"DEU"
"63","230",2,"DEU"
"71","230",1,"DEU"
"72","230",1,"DEU"
"96","230",1,"DEU"
"107","230",1,"DEU"
"109","230",7,"DEU"
"117","230",1,"DEU"
"124","230",3,"DEU"
"128","230",1,"DEU"
"153","230",1,"DEU"
"162","230",1,"DEU"
"189","230",2,"DEU"
"210","230",1,"DEU"
"1","231",3,"DEU"
"2","231",1,"DEU"
"3","231",1,"DEU"
"4","231",1,"DEU"
"5","231",1,"DEU"
"6","231",2,"DEU"
"7","231",1,"DEU"
"8","231",2,"DEU"
"10","231",3,"DEU"
"11","231",1,"DEU"
"12","231",1,"DEU"
"13","231",1,"DEU"
"14","231",2,"DEU"
"16","231",3,"DEU"
"19","231",1,"DEU"
"21","231",1,"DEU"
"22","231",1,"DEU"
"24","231",1,"DEU"
"25","231",1,"DEU"
"28","231",1,"DEU"
"31","231",1,"DEU"
"34","231",1,"DEU"
"36","231",1,"DEU"
"40","231",2,"DEU"
"41","231",1,"DEU"
"45","231",1,"DEU"
"46","231",1,"DEU"
"50","231",2,"DEU"
"51","231",1,"DEU"
"57","231",1,"DEU"
"67","231",1,"DEU"
"78","231",1,"DEU"
"83","231",1,"DEU"
"186","231",1,"DEU"
"1","232",1,"DEU"
"2","232",1,"DEU"
"3","232",2,"DEU"
"5","232",4,"DEU"
"8","232",1,"DEU"
"9","232",1,"DEU"
"16","232",5,"DEU"
"17","232",1,"DEU"
"18","232",2,"DEU"
"19","232",1,"DEU"
"23","232",1,"DEU"
"24","232",4,"DEU"
"34","232",3,"DEU"
"45","232",1,"DEU"
"46","232",1,"DEU"
"49","232",1,"DEU"
"53","232",1,"DEU"
"57","232",1,"DEU"
"58","232",1,"DEU"
"61","232",1,"DEU"
"65","232",1,"DEU"
"67","232",1,"DEU"
"69","232",2,"DEU"
"85","232",1,"DEU"
"87","232",1,"DEU"
"101","232",1,"DEU"
"103","232",1,"DEU"
"119","232",1,"DEU"
"120","232",1,"DEU"
"134","232",1,"DEU"
"1","233",1,"DEU"
"2","233",2,"DEU"
"4","233",1,"DEU"
"6","233",3,"DEU"
"16","233",4,"DEU"
"23","233",1,"DEU"
"35","233",1,"DEU"
"41","233",1,"DEU"
"48","233",1,"DEU"
"58","233",1,"DEU"
"82","233",1,"DEU"
"109","233",1,"DEU"
"146","233",1,"DEU"
"163","233",2,"DEU"
"170","233",1,"DEU"
"232","233",1,"DEU"
"1","234",1,"DEU"
"2","234",3,"DEU"
"3","234",1,"DEU"
"7","234",1,"DEU"
"8","234",1,"DEU"
"17","234",2,"DEU"
"22","234",1,"DEU"
"24","234",1,"DEU"
"27","234",1,"DEU"
"28","234",1,"DEU"
"29","234",1,"DEU"
"30","234",2,"DEU"
"45","234",3,"DEU"
"49","234",2,"DEU"
"52","234",1,"DEU"
"53","234",1,"DEU"
"54","234",1,"DEU"
"61","234",1,"DEU"
"64","234",1,"DEU"
"67","234",1,"DEU"
"71","234",1,"DEU"
"98","234",2,"DEU"
"102","234",1,"DEU"
"162","234",1,"DEU"
"188","234",1,"DEU"
"210","234",1,"DEU"
"218","234",1,"DEU"
"223","234",1,"DEU"
"1","235",2,"DEU"
"4","235",3,"DEU"
"9","235",1,"DEU"
"10","235",1,"DEU"
"13","235",1,"DEU"
"15","235",2,"DEU"
"21","235",1,"DEU"
"26","235",1,"DEU"
"29","235",1,"DEU"
"32","235",1,"DEU"
"37","235",1,"DEU"
"48","235",1,"DEU"
"60","235",1,"DEU"
"70","235",1,"DEU"
"83","235",1,"DEU"
"90","235",2,"DEU"
"93","235",1,"DEU"
"107","235",1,"DEU"
"113","235",2,"DEU"
"167","235",2,"DEU"
"168","235",1,"DEU"
"2","236",10,"DEU"
"3","236",1,"DEU"
"4","236",1,"DEU"
"6","236",1,"DEU"
"10","236",1,"DEU"
"12","236",1,"DEU"
"14","236",1,"DEU"
"15","236",1,"DEU"
"18","236",7,"DEU"
"19","236",1,"DEU"
"21","236",3,"DEU"
"26","236",7,"DEU"
"40","236",1,"DEU"
"43","236",1,"DEU"
"44","236",6,"DEU"
"59","236",1,"DEU"
"86","236",1,"DEU"
"109","236",1,"DEU"
"140","236",2,"DEU"
"2","237",2,"DEU"
"3","237",3,"DEU"
"4","237",1,"DEU"
"5","237",2,"DEU"
"6","237",1,"DEU"
"7","237",1,"DEU"
"17","237",1,"DEU"
"24","237",2,"DEU"
"28","237",1,"DEU"
"30","237",1,"DEU"
"33","237",1,"DEU"
"34","237",2,"DEU"
"35","237",1,"DEU"
"45","237",1,"DEU"
"47","237",1,"DEU"
"53","237",1,"DEU"
"74","237",1,"DEU"
"80","237",1,"DEU"
"84","237",1,"DEU"
"89","237",1,"DEU"
"92","237",1,"DEU"
"101","237",1,"DEU"
"167","237",1,"DEU"
"236","237",1,"DEU"
"1","238",3,"DEU"
"2","238",1,"DEU"
"3","238",2,"DEU"
"8","238",1,"DEU"
"9","238",1,"DEU"
"11","238",1,"DEU"
"12","238",1,"DEU"
"16","238",1,"DEU"
"19","238",2,"DEU"
"21","238",1,"DEU"
"23","238",2,"DEU"
"31","238",1,"DEU"
"34","238",2,"DEU"
"35","238",1,"DEU"
"40","238",1,"DEU"
"41","238",1,"DEU"
"60","238",2,"DEU"
"65","238",1,"DEU"
"81","238",1,"DEU"
"115","238",1,"DEU"
"117","238",1,"DEU"
"145","238",1,"DEU"
"152","238",1,"DEU"
"2","239",1,"DEU"
"3","239",1,"DEU"
"4","239",6,"DEU"
"6","239",3,"DEU"
"9","239",1,"DEU"
"10","239",2,"DEU"
"11","239",2,"DEU"
"12","239",1,"DEU"
"13","239",3,"DEU"
"14","239",2,"DEU"
"16","239",1,"DEU"
"19","239",1,"DEU"
"24","239",1,"DEU"
"25","239",3,"DEU"
"28","239",1,"DEU"
"29","239",1,"DEU"
"32","239",1,"DEU"
"40","239",1,"DEU"
"42","239",1,"DEU"
"58","239",1,"DEU"
"72","239",1,"DEU"
"114","239",1,"DEU"
"141","239",1,"DEU"
"148","239",1,"DEU"
"1","240",2,"DEU"
"2","240",5,"DEU"
"8","240",1,"DEU"
"9","240",2,"DEU"
"12","240",1,"DEU"
"13","240",1,"DEU"
"15","240",1,"DEU"
"19","240",1,"DEU"
"24","240",1,"DEU"
"26","240",1,"DEU"
"27","240",1,"DEU"
"35","240",1,"DEU"
"36","240",2,"DEU"
"37","240",1,"DEU"
"38","240",1,"DEU"
"41","240",2,"DEU"
"45","240",2,"DEU"
"66","240",1,"DEU"
"67","240",1,"DEU"
"69","240",1,"DEU"
"82","240",1,"DEU"
"98","240",2,"DEU"
"153","240",1,"DEU"
"164","240",1,"DEU"
"167","240",1,"DEU"
"194","240",1,"DEU"
"210","240",1,"DEU"
"1","241",2,"DEU"
"7","241",1,"DEU"
"10","241",1,"DEU"
"11","241",1,"DEU"
"12","241",2,"DEU"
"14","241",2,"DEU"
"16","241",1,"DEU"
"17","241",2,"DEU"
"18","241",3,"DEU"
"19","241",1,"DEU"
"23","241",2,"DEU"
"28","241",1,"DEU"
"29","241",2,"DEU"
"32","241",2,"DEU"
"39","241",1,"DEU"
"42","241",1,"DEU"
"47","241",3,"DEU"
"48","241",1,"DEU"
"63","241",1,"DEU"
"65","241",1,"DEU"
"70","241",2,"DEU"
"72","241",1,"DEU"
"78","241",1,"DEU"
"83","241",1,"DEU"
"86","241",1,"DEU"
"92","241",1,"DEU"
"93","241",1,"DEU"
"106","241",1,"DEU"
"120","241",1,"DEU"
"135","241",1,"DEU"
"159","241",3,"DEU"
"3","242",1,"DEU"
"4","242",1,"DEU"
"6","242",1,"DEU"
"7","242",1,"DEU"
"9","242",2,"DEU"
"15","242",3,"DEU"
"22","242",2,"DEU"
"25","242",1,"DEU"
"32","242",1,"DEU"
"33","242",1,"DEU"
"36","242",1,"DEU"
"43","242",2,"DEU"
"46","242",1,"DEU"
"67","242",2,"DEU"
"68","242",2,"DEU"
"69","242",1,"DEU"
"75","242",1,"DEU"
"92","242",1,"DEU"
"94","242",2,"DEU"
"98","242",1,"DEU"
"120","242",1,"DEU"
"128","242",1,"DEU"
"159","242",1,"DEU"
"160","242",1,"DEU"
"197","242",1,"DEU"
"207","242",2,"DEU"
"1","243",1,"DEU"
"3","243",1,"DEU"
"4","243",1,"DEU"
"15","243",4,"DEU"
"16","243",1,"DEU"
"17","243",1,"DEU"
"19","243",1,"DEU"
"20","243",1,"DEU"
"29","243",1,"DEU"
"32","243",1,"DEU"
"40","243",1,"DEU"
"43","243",1,"DEU"
"46","243",2,"DEU"
"67","243",1,"DEU"
"90","243",1,"DEU"
"92","243",1,"DEU"
"131","243",2,"DEU"
"159","243",1,"DEU"
"160","243",5,"DEU"
"168","243",1,"DEU"
"175","243",1,"DEU"
"191","243",1,"DEU"
"201","243",1,"DEU"
"207","243",3,"DEU"
"233","243",1,"DEU"
"1","244",2,"DEU"
"3","244",4,"DEU"
"4","244",6,"DEU"
"5","244",1,"DEU"
"8","244",11,"DEU"
"9","244",1,"DEU"
"10","244",1,"DEU"
"11","244",2,"DEU"
"12","244",2,"DEU"
"14","244",1,"DEU"
"15","244",1,"DEU"
"19","244",1,"DEU"
"21","244",2,"DEU"
"29","244",3,"DEU"
"32","244",1,"DEU"
"33","244",2,"DEU"
"36","244",1,"DEU"
"39","244",1,"DEU"
"61","244",1,"DEU"
"74","244",1,"DEU"
"113","244",1,"DEU"
"192","244",1,"DEU"
"1","245",1,"DEU"
"2","245",3,"DEU"
"3","245",2,"DEU"
"6","245",2,"DEU"
"8","245",2,"DEU"
"12","245",1,"DEU"
"14","245",1,"DEU"
"15","245",1,"DEU"
"16","245",2,"DEU"
"18","245",1,"DEU"
"19","245",2,"DEU"
"22","245",2,"DEU"
"23","245",2,"DEU"
"27","245",1,"DEU"
"36","245",1,"DEU"
"44","245",1,"DEU"
"45","245",1,"DEU"
"47","245",1,"DEU"
"48","245",1,"DEU"
"51","245",1,"DEU"
"82","245",1,"DEU"
"99","245",1,"DEU"
"102","245",1,"DEU"
"118","245",1,"DEU"
"128","245",1,"DEU"
"164","245",1,"DEU"
"189","245",1,"DEU"
"196","245",1,"DEU"
"200","245",1,"DEU"
"2","246",1,"DEU"
"4","246",2,"DEU"
"6","246",1,"DEU"
"10","246",1,"DEU"
"11","246",1,"DEU"
"12","246",4,"DEU"
"13","246",1,"DEU"
"21","246",1,"DEU"
"22","246",1,"DEU"
"30","246",2,"DEU"
"36","246",2,"DEU"
"43","246",1,"DEU"
"58","246",1,"DEU"
"82","246",1,"DEU"
"84","246",1,"DEU"
"85","246",1,"DEU"
"104","246",1,"DEU"
"112","246",1,"DEU"
"118","246",1,"DEU"
"120","246",1,"DEU"
"129","246",1,"DEU"
"144","246",3,"DEU"
"152","246",5,"DEU"
"190","246",1,"DEU"
"192","246",1,"DEU"
"213","246",1,"DEU"
"214","246",1,"DEU"
"235","246",1,"DEU"
"3","247",4,"DEU"
"6","247",1,"DEU"
"9","247",3,"DEU"
"12","247",2,"DEU"
"15","247",2,"DEU"
"17","247",1,"DEU"
"27","247",1,"DEU"
"32","247",5,"DEU"
"34","247",1,"DEU"
"37","247",1,"DEU"
"43","247",2,"DEU"
"62","247",1,"DEU"
"65","247",1,"DEU"
"76","247",2,"DEU"
"104","247",3,"DEU"
"131","247",1,"DEU"
"133","247",1,"DEU"
"135","247",1,"DEU"
"144","247",1,"DEU"
"150","247",1,"DEU"
"168","247",1,"DEU"
"170","247",2,"DEU"
"176","247",1,"DEU"
"198","247",1,"DEU"
"235","247",1,"DEU"
"3","248",5,"DEU"
"7","248",1,"DEU"
"9","248",3,"DEU"
"22","248",1,"DEU"
"27","248",1,"DEU"
"32","248",3,"DEU"
"33","248",1,"DEU"
"41","248",1,"DEU"
"44","248",2,"DEU"
"48","248",1,"DEU"
"68","248",4,"DEU"
"94","248",1,"DEU"
"97","248",2,"DEU"
"104","248",5,"DEU"
"112","248",1,"DEU"
"125","248",1,"DEU"
"146","248",1,"DEU"
"168","248",2,"DEU"
"182","248",1,"DEU"
"185","248",1,"DEU"
"198","248",1,"DEU"
"203","248",1,"DEU"
"242","248",1,"DEU"
"243","248",1,"DEU"
"1","249",1,"DEU"
"3","249",1,"DEU"
"4","249",1,"DEU"
"6","249",1,"DEU"
"8","249",1,"DEU"
"9","249",7,"DEU"
"11","249",2,"DEU"
"12","249",2,"DEU"
"21","249",2,"DEU"
"32","249",1,"DEU"
"33","249",1,"DEU"
"43","249",1,"DEU"
"76","249",2,"DEU"
"82","249",1,"DEU"
"104","249",1,"DEU"
"112","249",3,"DEU"
"135","249",4,"DEU"
"152","249",1,"DEU"
"176","249",1,"DEU"
"203","249",1,"DEU"
"211","249",1,"DEU"
"242","249",2,"DEU"
"1","250",3,"DEU"
"3","250",4,"DEU"
"4","250",1,"DEU"
"5","250",2,"DEU"
"11","250",5,"DEU"
"12","250",1,"DEU"
"15","250",1,"DEU"
"21","250",1,"DEU"
"28","250",1,"DEU"
"42","250",1,"DEU"
"51","250",1,"DEU"
"53","250",1,"DEU"
"55","250",1,"DEU"
"73","250",1,"DEU"
"89","250",1,"DEU"
"93","250",1,"DEU"
"122","250",1,"DEU"
"148","250",1,"DEU"
"197","250",1,"DEU"
"1","251",1,"DEU"
"2","251",1,"DEU"
"18","251",2,"DEU"
"19","251",1,"DEU"
"23","251",1,"DEU"
"31","251",4,"DEU"
"42","251",1,"DEU"
"45","251",1,"DEU"
"48","251",1,"DEU"
"50","251",1,"DEU"
"65","251",1,"DEU"
"78","251",1,"DEU"
"88","251",1,"DEU"
"106","251",1,"DEU"
"115","251",1,"DEU"
"139","251",1,"DEU"
"153","251",1,"DEU"
"204","251",1,"DEU"
"228","251",1,"DEU"
"240","251",1,"DEU"
"1","252",1,"DEU"
"2","252",2,"DEU"
"3","252",2,"DEU"
"4","252",1,"DEU"
"5","252",5,"DEU"
"11","252",1,"DEU"
"12","252",1,"DEU"
"16","252",1,"DEU"
"18","252",1,"DEU"
"33","252",1,"DEU"
"34","252",1,"DEU"
"35","252",1,"DEU"
"37","252",2,"DEU"
"47","252",2,"DEU"
"48","252",1,"DEU"
"55","252",1,"DEU"
"65","252",1,"DEU"
"77","252",1,"DEU"
"139","252",1,"DEU"
"140","252",1,"DEU"
"144","252",1,"DEU"
"150","252",2,"DEU"
"161","252",1,"DEU"
"184","252",1,"DEU"
"250","252",1,"DEU"
"2","253",1,"DEU"
"3","253",1,"DEU"
"4","253",1,"DEU"
"5","253",1,"DEU"
"6","253",1,"DEU"
"8","253",1,"DEU"
"17","253",2,"DEU"
"21","253",1,"DEU"
"24","253",3,"DEU"
"25","253",1,"DEU"
"28","253",2,"DEU"
"32","253",1,"DEU"
"34","253",11,"DEU"
"40","253",1,"DEU"
"41","253",1,"DEU"
"47","253",1,"DEU"
"53","253",1,"DEU"
"54","253",1,"DEU"
"60","253",3,"DEU"
"67","253",1,"DEU"
"71","253",1,"DEU"
"86","253",1,"DEU"
"97","253",1,"DEU"
"108","253",1,"DEU"
"128","253",1,"DEU"
"240","253",2,"DEU"
"251","253",1,"DEU"
"1","254",5,"DEU"
"2","254",3,"DEU"
"3","254",1,"DEU"
"6","254",2,"DEU"
"12","254",1,"DEU"
"15","254",2,"DEU"
"22","254",8,"DEU"
"25","254",1,"DEU"
"90","254",1,"DEU"
"113","254",1,"DEU"
"1","255",2,"DEU"
"4","255",1,"DEU"
"19","255",2,"DEU"
"24","255",1,"DEU"
"30","255",1,"DEU"
"35","255",1,"DEU"
"37","255",1,"DEU"
"42","255",1,"DEU"
"48","255",1,"DEU"
"75","255",1,"DEU"
"77","255",1,"DEU"
"155","255",1,"DEU"
"158","255",1,"DEU"
"173","255",28,"DEU"
"189","255",1,"DEU"
"228","255",1,"DEU"
"1","256",6,"DEU"
"2","256",1,"DEU"
"3","256",1,"DEU"
"5","256",2,"DEU"
"7","256",1,"DEU"
"11","256",1,"DEU"
"12","256",2,"DEU"
"17","256",2,"DEU"
"28","256",2,"DEU"
"32","256",1,"DEU"
"36","256",1,"DEU"
"45","256",1,"DEU"
"47","256",1,"DEU"
"52","256",1,"DEU"
"61","256",2,"DEU"
"67","256",1,"DEU"
"74","256",3,"DEU"
"84","256",1,"DEU"
"119","256",1,"DEU"
"134","256",1,"DEU"
"150","256",1,"DEU"
"155","256",1,"DEU"
"174","256",1,"DEU"
"216","256",1,"DEU"
"1","257",1,"DEU"
"3","257",3,"DEU"
"8","257",1,"DEU"
"10","257",1,"DEU"
"11","257",2,"DEU"
"14","257",1,"DEU"
"16","257",3,"DEU"
"17","257",1,"DEU"
"18","257",1,"DEU"
"19","257",1,"DEU"
"21","257",1,"DEU"
"22","257",2,"DEU"
"26","257",1,"DEU"
"31","257",1,"DEU"
"34","257",2,"DEU"
"37","257",1,"DEU"
"41","257",1,"DEU"
"51","257",1,"DEU"
"52","257",1,"DEU"
"58","257",1,"DEU"
"59","257",2,"DEU"
"60","257",1,"DEU"
"61","257",1,"DEU"
"71","257",1,"DEU"
"77","257",1,"DEU"
"82","257",1,"DEU"
"108","257",1,"DEU"
"196","257",1,"DEU"
"220","257",1,"DEU"
"222","257",1,"DEU"
"1","258",3,"DEU"
"2","258",11,"DEU"
"3","258",2,"DEU"
"6","258",1,"DEU"
"8","258",1,"DEU"
"12","258",1,"DEU"
"13","258",1,"DEU"
"15","258",1,"DEU"
"16","258",4,"DEU"
"23","258",1,"DEU"
"26","258",6,"DEU"
"27","258",1,"DEU"
"34","258",1,"DEU"
"39","258",1,"DEU"
"41","258",1,"DEU"
"45","258",1,"DEU"
"59","258",1,"DEU"
"65","258",1,"DEU"
"68","258",1,"DEU"
"76","258",1,"DEU"
"109","258",1,"DEU"
"116","258",1,"DEU"
"128","258",1,"DEU"
"143","258",1,"DEU"
"225","258",1,"DEU"
"1","259",8,"DEU"
"2","259",1,"DEU"
"4","259",1,"DEU"
"5","259",4,"DEU"
"23","259",1,"DEU"
"24","259",2,"DEU"
"25","259",1,"DEU"
"27","259",3,"DEU"
"28","259",2,"DEU"
"30","259",2,"DEU"
"34","259",1,"DEU"
"45","259",1,"DEU"
"50","259",3,"DEU"
"55","259",2,"DEU"
"63","259",1,"DEU"
"70","259",1,"DEU"
"78","259",1,"DEU"
"99","259",2,"DEU"
"130","259",1,"DEU"
"143","259",1,"DEU"
"167","259",2,"DEU"
"189","259",1,"DEU"
"213","259",1,"DEU"
"250","259",1,"DEU"
"1","260",1,"DEU"
"8","260",1,"DEU"
"11","260",1,"DEU"
"21","260",14,"DEU"
"23","260",1,"DEU"
"24","260",1,"DEU"
"25","260",1,"DEU"
"29","260",2,"DEU"
"45","260",1,"DEU"
"59","260",1,"DEU"
"86","260",1,"DEU"
"174","260",2,"DEU"
"187","260",2,"DEU"
"1","261",2,"DEU"
"2","261",2,"DEU"
"3","261",1,"DEU"
"4","261",1,"DEU"
"6","261",1,"DEU"
"7","261",1,"DEU"
"16","261",9,"DEU"
"27","261",1,"DEU"
"42","261",1,"DEU"
"44","261",1,"DEU"
"49","261",3,"DEU"
"51","261",3,"DEU"
"54","261",2,"DEU"
"60","261",1,"DEU"
"80","261",2,"DEU"
"99","261",1,"DEU"
"102","261",1,"DEU"
"115","261",1,"DEU"
"139","261",1,"DEU"
"146","261",1,"DEU"
"188","261",1,"DEU"
"253","261",1,"DEU"
"1","262",1,"DEU"
"2","262",5,"DEU"
"4","262",1,"DEU"
"6","262",1,"DEU"
"7","262",1,"DEU"
"10","262",1,"DEU"
"12","262",2,"DEU"
"14","262",1,"DEU"
"15","262",2,"DEU"
"20","262",1,"DEU"
"26","262",3,"DEU"
"29","262",1,"DEU"
"36","262",1,"DEU"
"38","262",3,"DEU"
"39","262",1,"DEU"
"40","262",1,"DEU"
"42","262",2,"DEU"
"44","262",1,"DEU"
"64","262",2,"DEU"
"78","262",1,"DEU"
"88","262",1,"DEU"
"90","262",1,"DEU"
"94","262",1,"DEU"
"100","262",1,"DEU"
"109","262",1,"DEU"
"187","262",1,"DEU"
"233","262",1,"DEU"
"1","263",2,"DEU"
"2","263",1,"DEU"
"18","263",1,"DEU"
"19","263",1,"DEU"
"26","263",20,"DEU"
"29","263",1,"DEU"
"30","263",1,"DEU"
"33","263",1,"DEU"
"35","263",1,"DEU"
"36","263",1,"DEU"
"47","263",1,"DEU"
"57","263",2,"DEU"
"77","263",1,"DEU"
"87","263",1,"DEU"
"93","263",1,"DEU"
"131","263",1,"DEU"
"133","263",1,"DEU"
"175","263",1,"DEU"
"181","263",1,"DEU"
"189","263",1,"DEU"
"205","263",1,"DEU"
"218","263",1,"DEU"
"224","263",5,"DEU"
"239","263",1,"DEU"
"2","264",3,"DEU"
"3","264",3,"DEU"
"4","264",2,"DEU"
"5","264",1,"DEU"
"12","264",2,"DEU"
"13","264",1,"DEU"
"18","264",1,"DEU"
"24","264",1,"DEU"
"26","264",2,"DEU"
"35","264",1,"DEU"
"58","264",1,"DEU"
"77","264",3,"DEU"
"83","264",1,"DEU"
"86","264",1,"DEU"
"88","264",4,"DEU"
"108","264",1,"DEU"
"119","264",1,"DEU"
"141","264",1,"DEU"
"175","264",1,"DEU"
"231","264",1,"DEU"
"240","264",1,"DEU"
"245","264",1,"DEU"
"257","264",1,"DEU"
"264","264",1,"DEU"
"1","265",14,"DEU"
"2","265",10,"DEU"
"3","265",2,"DEU"
"8","265",1,"DEU"
"9","265",2,"DEU"
"10","265",1,"DEU"
"12","265",1,"DEU"
"13","265",1,"DEU"
"15","265",1,"DEU"
"18","265",1,"DEU"
"22","265",1,"DEU"
"34","265",1,"DEU"
"35","265",1,"DEU"
"36","265",1,"DEU"
"63","265",2,"DEU"
"84","265",1,"DEU"
"102","265",1,"DEU"
"172","265",1,"DEU"
"187","265",1,"DEU"
"204","265",1,"DEU"
"1","266",2,"DEU"
"2","266",1,"DEU"
"4","266",2,"DEU"
"6","266",1,"DEU"
"8","266",1,"DEU"
"9","266",16,"DEU"
"10","266",1,"DEU"
"18","266",1,"DEU"
"19","266",1,"DEU"
"22","266",1,"DEU"
"27","266",1,"DEU"
"35","266",2,"DEU"
"36","266",1,"DEU"
"37","266",1,"DEU"
"46","266",1,"DEU"
"57","266",1,"DEU"
"75","266",1,"DEU"
"81","266",1,"DEU"
"85","266",1,"DEU"
"103","266",1,"DEU"
"111","266",3,"DEU"
"122","266",1,"DEU"
"171","266",1,"DEU"
"175","266",1,"DEU"
"191","266",1,"DEU"
"205","266",4,"DEU"
"1","267",3,"DEU"
"3","267",2,"DEU"
"4","267",1,"DEU"
"5","267",3,"DEU"
"13","267",1,"DEU"
"17","267",1,"DEU"
"18","267",1,"DEU"
"21","267",1,"DEU"
"23","267",1,"DEU"
"24","267",1,"DEU"
"28","267",1,"DEU"
"38","267",1,"DEU"
"43","267",1,"DEU"
"53","267",1,"DEU"
"55","267",4,"DEU"
"61","267",1,"DEU"
"65","267",1,"DEU"
"96","267",1,"DEU"
"103","267",2,"DEU"
"145","267",1,"DEU"
"147","267",1,"DEU"
"155","267",1,"DEU"
"167","267",1,"DEU"
"252","267",1,"DEU"
"255","267",1,"DEU"
"3","268",1,"DEU"
"4","268",1,"DEU"
"6","268",1,"DEU"
"9","268",4,"DEU"
"13","268",1,"DEU"
"15","268",2,"DEU"
"20","268",1,"DEU"
"25","268",1,"DEU"
"31","268",1,"DEU"
"32","268",1,"DEU"
"43","268",1,"DEU"
"44","268",1,"DEU"
"62","268",2,"DEU"
"76","268",1,"DEU"
"94","268",1,"DEU"
"97","268",1,"DEU"
"104","268",2,"DEU"
"115","268",1,"DEU"
"138","268",1,"DEU"
"190","268",1,"DEU"
"198","268",1,"DEU"
"212","268",1,"DEU"
"235","268",1,"DEU"
"242","268",1,"DEU"
"1","269",1,"DEU"
"2","269",1,"DEU"
"4","269",5,"DEU"
"6","269",2,"DEU"
"10","269",3,"DEU"
"12","269",3,"DEU"
"14","269",3,"DEU"
"25","269",1,"DEU"
"27","269",1,"DEU"
"32","269",1,"DEU"
"46","269",1,"DEU"
"50","269",1,"DEU"
"53","269",1,"DEU"
"232","269",1,"DEU"
"241","269",2,"DEU"
"265","269",1,"DEU"
"6","270",1,"DEU"
"14","270",1,"DEU"
"15","270",2,"DEU"
"22","270",1,"DEU"
"24","270",1,"DEU"
"25","270",1,"DEU"
"32","270",2,"DEU"
"57","270",1,"DEU"
"68","270",2,"DEU"
"72","270",1,"DEU"
"83","270",1,"DEU"
"90","270",1,"DEU"
"94","270",2,"DEU"
"98","270",3,"DEU"
"110","270",1,"DEU"
"120","270",1,"DEU"
"131","270",1,"DEU"
"139","270",1,"DEU"
"155","270",1,"DEU"
"159","270",3,"DEU"
"160","270",2,"DEU"
"168","270",2,"DEU"
"201","270",1,"DEU"
"206","270",1,"DEU"
"207","270",1,"DEU"
"210","270",1,"DEU"
"212","270",1,"DEU"
"239","270",1,"DEU"
"247","270",1,"DEU"
"268","270",1,"DEU"
"1","271",8,"DEU"
"2","271",5,"DEU"
"4","271",1,"DEU"
"8","271",5,"DEU"
"9","271",1,"DEU"
"12","271",1,"DEU"
"13","271",1,"DEU"
"19","271",1,"DEU"
"21","271",2,"DEU"
"22","271",1,"DEU"
"34","271",1,"DEU"
"65","271",1,"DEU"
"80","271",1,"DEU"
"85","271",3,"DEU"
"99","271",1,"DEU"
"120","271",1,"DEU"
"153","271",3,"DEU"
"180","271",1,"DEU"
"203","271",1,"DEU"
"254","271",1,"DEU"
"1","272",3,"DEU"
"4","272",1,"DEU"
"5","272",1,"DEU"
"6","272",2,"DEU"
"11","272",3,"DEU"
"20","272",1,"DEU"
"21","272",1,"DEU"
"23","272",1,"DEU"
"28","272",2,"DEU"
"35","272",1,"DEU"
"51","272",1,"DEU"
"52","272",1,"DEU"
"53","272",1,"DEU"
"55","272",2,"DEU"
"56","272",1,"DEU"
"67","272",1,"DEU"
"77","272",1,"DEU"
"87","272",3,"DEU"
"90","272",1,"DEU"
"108","272",1,"DEU"
"125","272",1,"DEU"
"134","272",1,"DEU"
"148","272",1,"DEU"
"154","272",1,"DEU"
"156","272",1,"DEU"
"200","272",1,"DEU"
"218","272",2,"DEU"
"1","273",1,"DEU"
"3","273",2,"DEU"
"4","273",1,"DEU"
"14","273",1,"DEU"
"18","273",1,"DEU"
"31","273",1,"DEU"
"42","273",1,"DEU"
"54","273",2,"DEU"
"61","273",5,"DEU"
"66","273",1,"DEU"
"71","273",4,"DEU"
"89","273",1,"DEU"
"101","273",1,"DEU"
"137","273",1,"DEU"
"156","273",1,"DEU"
"162","273",2,"DEU"
"198","273",1,"DEU"
"247","273",1,"DEU"
"3","274",1,"DEU"
"7","274",2,"DEU"
"8","274",3,"DEU"
"16","274",3,"DEU"
"17","274",1,"DEU"
"18","274",1,"DEU"
"20","274",1,"DEU"
"21","274",2,"DEU"
"22","274",1,"DEU"
"27","274",4,"DEU"
"28","274",2,"DEU"
"45","274",2,"DEU"
"49","274",1,"DEU"
"50","274",2,"DEU"
"51","274",1,"DEU"
"52","274",1,"DEU"
"60","274",1,"DEU"
"112","274",1,"DEU"
"117","274",1,"DEU"
"164","274",1,"DEU"
"184","274",1,"DEU"
"224","274",1,"DEU"
"231","274",1,"DEU"
"232","274",1,"DEU"
"241","274",1,"DEU"
"1","275",1,"DEU"
"2","275",1,"DEU"
"9","275",1,"DEU"
"10","275",2,"DEU"
"11","275",1,"DEU"
"15","275",1,"DEU"
"20","275",1,"DEU"
"22","275",2,"DEU"
"24","275",1,"DEU"
"46","275",1,"DEU"
"51","275",1,"DEU"
"81","275",1,"DEU"
"93","275",1,"DEU"
"103","275",1,"DEU"
"168","275",3,"DEU"
"212","275",1,"DEU"
"225","275",4,"DEU"
"229","275",1,"DEU"
"240","275",1,"DEU"
"248","275",1,"DEU"
"249","275",1,"DEU"
"1","276",1,"DEU"
"2","276",3,"DEU"
"4","276",1,"DEU"
"6","276",2,"DEU"
"7","276",3,"DEU"
"10","276",1,"DEU"
"12","276",2,"DEU"
"15","276",1,"DEU"
"18","276",1,"DEU"
"20","276",1,"DEU"
"27","276",1,"DEU"
"34","276",1,"DEU"
"36","276",1,"DEU"
"44","276",2,"DEU"
"47","276",1,"DEU"
"51","276",1,"DEU"
"57","276",1,"DEU"
"74","276",1,"DEU"
"81","276",1,"DEU"
"98","276",3,"DEU"
"120","276",3,"DEU"
"146","276",1,"DEU"
"177","276",1,"DEU"
"185","276",1,"DEU"
"1","277",6,"DEU"
"2","277",10,"DEU"
"3","277",1,"DEU"
"4","277",6,"DEU"
"11","277",1,"DEU"
"12","277",1,"DEU"
"18","277",1,"DEU"
"22","277",2,"DEU"
"30","277",1,"DEU"
"46","277",1,"DEU"
"53","277",1,"DEU"
"99","277",1,"DEU"
"134","277",1,"DEU"
"1","278",9,"DEU"
"2","278",3,"DEU"
"3","278",1,"DEU"
"7","278",16,"DEU"
"8","278",2,"DEU"
"10","278",2,"DEU"
"12","278",1,"DEU"
"18","278",2,"DEU"
"22","278",1,"DEU"
"23","278",1,"DEU"
"30","278",1,"DEU"
"37","278",1,"DEU"
"71","278",1,"DEU"
"128","278",1,"DEU"
"142","278",1,"DEU"
"158","278",1,"DEU"
"210","278",1,"DEU"
"224","278",1,"DEU"
"250","278",1,"DEU"
"276","278",1,"DEU"
"3","279",1,"DEU"
"4","279",4,"DEU"
"5","279",1,"DEU"
"6","279",2,"DEU"
"10","279",2,"DEU"
"11","279",1,"DEU"
"14","279",1,"DEU"
"25","279",1,"DEU"
"27","279",1,"DEU"
"30","279",1,"DEU"
"41","279",1,"DEU"
"43","279",1,"DEU"
"47","279",2,"DEU"
"53","279",1,"DEU"
"67","279",1,"DEU"
"70","279",1,"DEU"
"76","279",2,"DEU"
"84","279",1,"DEU"
"86","279",1,"DEU"
"93","279",1,"DEU"
"113","279",2,"DEU"
"114","279",1,"DEU"
"144","279",2,"DEU"
"152","279",2,"DEU"
"163","279",1,"DEU"
"215","279",1,"DEU"
"235","279",1,"DEU"
"1","280",1,"DEU"
"2","280",1,"DEU"
"7","280",1,"DEU"
"8","280",4,"DEU"
"16","280",7,"DEU"
"18","280",2,"DEU"
"21","280",1,"DEU"
"22","280",1,"DEU"
"24","280",1,"DEU"
"27","280",2,"DEU"
"28","280",1,"DEU"
"34","280",1,"DEU"
"42","280",2,"DEU"
"47","280",1,"DEU"
"49","280",1,"DEU"
"51","280",2,"DEU"
"52","280",3,"DEU"
"66","280",1,"DEU"
"107","280",1,"DEU"
"118","280",1,"DEU"
"148","280",2,"DEU"
"222","280",1,"DEU"
"238","280",1,"DEU"
"243","280",1,"DEU"
"278","280",1,"DEU"
"3","281",2,"DEU"
"6","281",1,"DEU"
"9","281",2,"DEU"
"12","281",2,"DEU"
"14","281",1,"DEU"
"17","281",1,"DEU"
"20","281",2,"DEU"
"25","281",1,"DEU"
"32","281",1,"DEU"
"62","281",2,"DEU"
"64","281",1,"DEU"
"68","281",1,"DEU"
"97","281",2,"DEU"
"104","281",3,"DEU"
"125","281",1,"DEU"
"138","281",2,"DEU"
"149","281",1,"DEU"
"151","281",1,"DEU"
"168","281",2,"DEU"
"176","281",2,"DEU"
"198","281",2,"DEU"
"242","281",2,"DEU"
"243","281",1,"DEU"
"247","281",1,"DEU"
"272","281",1,"DEU"
"1","282",2,"DEU"
"4","282",2,"DEU"
"5","282",1,"DEU"
"6","282",1,"DEU"
"8","282",1,"DEU"
"11","282",1,"DEU"
"13","282",1,"DEU"
"14","282",1,"DEU"
"18","282",1,"DEU"
"21","282",3,"DEU"
"29","282",2,"DEU"
"31","282",1,"DEU"
"40","282",1,"DEU"
"44","282",21,"DEU"
"64","282",1,"DEU"
"84","282",1,"DEU"
"111","282",1,"DEU"
"196","282",1,"DEU"
"246","282",1,"DEU"
"1","283",1,"DEU"
"2","283",2,"DEU"
"6","283",2,"DEU"
"8","283",1,"DEU"
"10","283",1,"DEU"
"12","283",2,"DEU"
"13","283",2,"DEU"
"25","283",1,"DEU"
"33","283",1,"DEU"
"38","283",1,"DEU"
"39","283",1,"DEU"
"58","283",1,"DEU"
"63","283",1,"DEU"
"127","283",1,"DEU"
"158","283",1,"DEU"
"212","283",22,"DEU"
"1","284",2,"DEU"
"3","284",1,"DEU"
"6","284",1,"DEU"
"8","284",1,"DEU"
"11","284",2,"DEU"
"13","284",1,"DEU"
"18","284",2,"DEU"
"22","284",1,"DEU"
"27","284",2,"DEU"
"30","284",1,"DEU"
"31","284",2,"DEU"
"34","284",1,"DEU"
"35","284",2,"DEU"
"37","284",2,"DEU"
"56","284",1,"DEU"
"67","284",1,"DEU"
"265","284",1,"DEU"
"273","284",1,"DEU"
"280","284",1,"DEU"
"1","285",3,"DEU"
"2","285",1,"DEU"
"5","285",2,"DEU"
"6","285",1,"DEU"
"8","285",2,"DEU"
"10","285",1,"DEU"
"11","285",1,"DEU"
"12","285",2,"DEU"
"14","285",3,"DEU"
"16","285",2,"DEU"
"18","285",1,"DEU"
"19","285",1,"DEU"
"22","285",1,"DEU"
"25","285",1,"DEU"
"33","285",4,"DEU"
"41","285",1,"DEU"
"50","285",5,"DEU"
"51","285",1,"DEU"
"71","285",1,"DEU"
"77","285",1,"DEU"
"78","285",1,"DEU"
"86","285",2,"DEU"
"118","285",1,"DEU"
"133","285",1,"DEU"
"172","285",1,"DEU"
"216","285",1,"DEU"
"274","285",1,"DEU"
"1","286",1,"DEU"
"2","286",4,"DEU"
"3","286",1,"DEU"
"6","286",2,"DEU"
"7","286",3,"DEU"
"9","286",2,"DEU"
"10","286",1,"DEU"
"11","286",1,"DEU"
"12","286",1,"DEU"
"13","286",1,"DEU"
"20","286",5,"DEU"
"34","286",1,"DEU"
"36","286",1,"DEU"
"40","286",1,"DEU"
"41","286",2,"DEU"
"48","286",1,"DEU"
"60","286",1,"DEU"
"62","286",1,"DEU"
"64","286",1,"DEU"
"68","286",2,"DEU"
"93","286",1,"DEU"
"112","286",1,"DEU"
"246","286",1,"DEU"
"248","286",1,"DEU"
"3","287",6,"DEU"
"4","287",1,"DEU"
"7","287",3,"DEU"
"11","287",3,"DEU"
"18","287",1,"DEU"
"54","287",2,"DEU"
"55","287",1,"DEU"
"80","287",1,"DEU"
"103","287",1,"DEU"
"109","287",1,"DEU"
"113","287",1,"DEU"
"130","287",1,"DEU"
"137","287",1,"DEU"
"226","287",1,"DEU"
"230","287",1,"DEU"
"245","287",1,"DEU"
"1","288",1,"DEU"
"4","288",2,"DEU"
"7","288",1,"DEU"
"8","288",1,"DEU"
"15","288",2,"DEU"
"18","288",1,"DEU"
"25","288",2,"DEU"
"29","288",1,"DEU"
"33","288",1,"DEU"
"36","288",1,"DEU"
"37","288",1,"DEU"
"58","288",1,"DEU"
"67","288",1,"DEU"
"69","288",1,"DEU"
"77","288",1,"DEU"
"83","288",1,"DEU"
"85","288",1,"DEU"
"93","288",3,"DEU"
"109","288",1,"DEU"
"112","288",1,"DEU"
"113","288",4,"DEU"
"114","288",1,"DEU"
"119","288",1,"DEU"
"125","288",1,"DEU"
"205","288",4,"DEU"
"238","288",1,"DEU"
"239","288",2,"DEU"
"279","288",2,"DEU"
"1","289",3,"DEU"
"4","289",1,"DEU"
"5","289",2,"DEU"
"8","289",1,"DEU"
"13","289",1,"DEU"
"14","289",2,"DEU"
"17","289",2,"DEU"
"19","289",1,"DEU"
"22","289",1,"DEU"
"23","289",1,"DEU"
"25","289",1,"DEU"
"27","289",2,"DEU"
"29","289",1,"DEU"
"30","289",1,"DEU"
"37","289",1,"DEU"
"43","289",1,"DEU"
"47","289",2,"DEU"
"66","289",1,"DEU"
"77","289",1,"DEU"
"85","289",1,"DEU"
"134","289",1,"DEU"
"149","289",1,"DEU"
"167","289",1,"DEU"
"222","289",1,"DEU"
"1","290",5,"DEU"
"3","290",1,"DEU"
"9","290",1,"DEU"
"11","290",1,"DEU"
"13","290",1,"DEU"
"16","290",1,"DEU"
"22","290",1,"DEU"
"28","290",2,"DEU"
"31","290",1,"DEU"
"35","290",1,"DEU"
"45","290",1,"DEU"
"48","290",1,"DEU"
"53","290",1,"DEU"
"55","290",7,"DEU"
"59","290",1,"DEU"
"74","290",1,"DEU"
"126","290",1,"DEU"
"128","290",1,"DEU"
"140","290",1,"DEU"
"1","291",1,"DEU"
"3","291",3,"DEU"
"9","291",5,"DEU"
"11","291",1,"DEU"
"15","291",1,"DEU"
"20","291",1,"DEU"
"26","291",1,"DEU"
"32","291",1,"DEU"
"34","291",1,"DEU"
"43","291",3,"DEU"
"44","291",2,"DEU"
"47","291",1,"DEU"
"62","291",1,"DEU"
"94","291",2,"DEU"
"104","291",2,"DEU"
"168","291",1,"DEU"
"176","291",1,"DEU"
"211","291",1,"DEU"
"242","291",1,"DEU"
"243","291",2,"DEU"
"270","291",1,"DEU"
"275","291",1,"DEU"
"276","291",1,"DEU"
"286","291",1,"DEU"
"3","292",3,"DEU"
"5","292",1,"DEU"
"7","292",1,"DEU"
"13","292",1,"DEU"
"23","292",1,"DEU"
"33","292",2,"DEU"
"35","292",1,"DEU"
"40","292",1,"DEU"
"68","292",1,"DEU"
"69","292",1,"DEU"
"72","292",1,"DEU"
"78","292",2,"DEU"
"176","292",1,"DEU"
"188","292",1,"DEU"
"202","292",1,"DEU"
"207","292",1,"DEU"
"240","292",1,"DEU"
"245","292",1,"DEU"
"3","293",4,"DEU"
"4","293",3,"DEU"
"8","293",1,"DEU"
"10","293",1,"DEU"
"12","293",1,"DEU"
"15","293",1,"DEU"
"22","293",1,"DEU"
"23","293",1,"DEU"
"29","293",2,"DEU"
"33","293",3,"DEU"
"36","293",1,"DEU"
"46","293",1,"DEU"
"77","293",1,"DEU"
"80","293",1,"DEU"
"150","293",1,"DEU"
"156","293",1,"DEU"
"161","293",1,"DEU"
"172","293",1,"DEU"
"191","293",1,"DEU"
"1","294",2,"DEU"
"3","294",1,"DEU"
"7","294",1,"DEU"
"17","294",2,"DEU"
"19","294",2,"DEU"
"27","294",1,"DEU"
"28","294",1,"DEU"
"31","294",2,"DEU"
"35","294",1,"DEU"
"57","294",1,"DEU"
"71","294",1,"DEU"
"72","294",1,"DEU"
"78","294",1,"DEU"
"197","294",1,"DEU"
"204","294",1,"DEU"
"228","294",1,"DEU"
"1","295",2,"DEU"
"2","295",2,"DEU"
"7","295",2,"DEU"
"9","295",1,"DEU"
"13","295",1,"DEU"
"16","295",1,"DEU"
"17","295",1,"DEU"
"26","295",1,"DEU"
"27","295",1,"DEU"
"28","295",1,"DEU"
"30","295",1,"DEU"
"40","295",1,"DEU"
"45","295",5,"DEU"
"47","295",1,"DEU"
"50","295",4,"DEU"
"64","295",1,"DEU"
"66","295",1,"DEU"
"80","295",2,"DEU"
"91","295",1,"DEU"
"116","295",1,"DEU"
"125","295",1,"DEU"
"171","295",1,"DEU"
"203","295",1,"DEU"
"260","295",1,"DEU"
"1","296",9,"DEU"
"2","296",1,"DEU"
"4","296",11,"DEU"
"5","296",1,"DEU"
"6","296",1,"DEU"
"10","296",5,"DEU"
"12","296",1,"DEU"
"14","296",4,"DEU"
"16","296",1,"DEU"
"17","296",3,"DEU"
"25","296",3,"DEU"
"28","296",1,"DEU"
"29","296",1,"DEU"
"34","296",1,"DEU"
"45","296",1,"DEU"
"70","296",1,"DEU"
"84","296",1,"DEU"
"97","296",1,"DEU"
"153","296",1,"DEU"
"1","297",2,"DEU"
"3","297",1,"DEU"
"8","297",1,"DEU"
"10","297",2,"DEU"
"12","297",2,"DEU"
"13","297",1,"DEU"
"18","297",1,"DEU"
"25","297",1,"DEU"
"34","297",1,"DEU"
"37","297",1,"DEU"
"41","297",1,"DEU"
"43","297",1,"DEU"
"47","297",2,"DEU"
"60","297",1,"DEU"
"61","297",1,"DEU"
"70","297",2,"DEU"
"76","297",1,"DEU"
"84","297",1,"DEU"
"92","297",1,"DEU"
"112","297",1,"DEU"
"142","297",1,"DEU"
"144","297",2,"DEU"
"152","297",2,"DEU"
"214","297",1,"DEU"
"254","297",1,"DEU"
"269","297",1,"DEU"
"279","297",2,"DEU"
"1","298",4,"DEU"
"4","298",1,"DEU"
"5","298",1,"DEU"
"12","298",1,"DEU"
"17","298",2,"DEU"
"22","298",1,"DEU"
"26","298",1,"DEU"
"27","298",1,"DEU"
"28","298",6,"DEU"
"49","298",1,"DEU"
"51","298",2,"DEU"
"54","298",1,"DEU"
"55","298",2,"DEU"
"60","298",1,"DEU"
"70","298",2,"DEU"
"71","298",2,"DEU"
"108","298",1,"DEU"
"199","298",1,"DEU"
"218","298",1,"DEU"
"237","298",1,"DEU"
"242","298",1,"DEU"
"251","298",1,"DEU"
"255","298",2,"DEU"
"3","299",2,"DEU"
"4","299",3,"DEU"
"9","299",1,"DEU"
"10","299",7,"DEU"
"11","299",2,"DEU"
"12","299",3,"DEU"
"14","299",3,"DEU"
"25","299",1,"DEU"
"28","299",2,"DEU"
"29","299",1,"DEU"
"36","299",2,"DEU"
"41","299",1,"DEU"
"64","299",1,"DEU"
"131","299",1,"DEU"
"1","300",1,"DEU"
"3","300",1,"DEU"
"4","300",1,"DEU"
"6","300",3,"DEU"
"8","300",1,"DEU"
"10","300",1,"DEU"
"11","300",1,"DEU"
"25","300",1,"DEU"
"29","300",1,"DEU"
"32","300",1,"DEU"
"33","300",1,"DEU"
"60","300",1,"DEU"
"72","300",1,"DEU"
"83","300",2,"DEU"
"84","300",1,"DEU"
"92","300",1,"DEU"
"112","300",3,"DEU"
"115","300",1,"DEU"
"133","300",1,"DEU"
"135","300",1,"DEU"
"138","300",1,"DEU"
"145","300",1,"DEU"
"155","300",1,"DEU"
"157","300",1,"DEU"
"212","300",1,"DEU"
"246","300",1,"DEU"
"270","300",1,"DEU"
"296","300",1,"DEU"
"1","301",2,"DEU"
"2","301",2,"DEU"
"7","301",8,"DEU"
"9","301",7,"DEU"
"15","301",3,"DEU"
"20","301",2,"DEU"
"44","301",1,"DEU"
"58","301",1,"DEU"
"68","301",1,"DEU"
"115","301",1,"DEU"
"125","301",3,"DEU"
"146","301",1,"DEU"
"149","301",2,"DEU"
"152","301",3,"DEU"
"170","301",1,"DEU"
"203","301",1,"DEU"
"243","301",1,"DEU"
"246","301",1,"DEU"
"266","301",2,"DEU"
"268","301",1,"DEU"
"1","302",2,"DEU"
"3","302",1,"DEU"
"10","302",1,"DEU"
"12","302",1,"DEU"
"15","302",1,"DEU"
"82","302",7,"DEU"
"84","302",2,"DEU"
"110","302",1,"DEU"
"113","302",2,"DEU"
"131","302",1,"DEU"
"193","302",3,"DEU"
"206","302",2,"DEU"
"229","302",1,"DEU"
"246","302",1,"DEU"
"248","302",1,"DEU"
"1","303",1,"DEU"
"3","303",4,"DEU"
"8","303",5,"DEU"
"11","303",16,"DEU"
"16","303",1,"DEU"
"19","303",1,"DEU"
"21","303",2,"DEU"
"28","303",2,"DEU"
"30","303",1,"DEU"
"37","303",1,"DEU"
"42","303",3,"DEU"
"47","303",1,"DEU"
"55","303",2,"DEU"
"61","303",3,"DEU"
"67","303",1,"DEU"
"86","303",1,"DEU"
"1","304",2,"DEU"
"2","304",2,"DEU"
"4","304",1,"DEU"
"5","304",1,"DEU"
"8","304",3,"DEU"
"14","304",1,"DEU"
"16","304",4,"DEU"
"17","304",1,"DEU"
"18","304",1,"DEU"
"26","304",1,"DEU"
"27","304",4,"DEU"
"40","304",1,"DEU"
"41","304",1,"DEU"
"45","304",2,"DEU"
"57","304",1,"DEU"
"65","304",1,"DEU"
"78","304",1,"DEU"
"80","304",1,"DEU"
"108","304",1,"DEU"
"119","304",1,"DEU"
"202","304",1,"DEU"
"260","304",2,"DEU"
"277","304",1,"DEU"
"1","305",2,"DEU"
"2","305",3,"DEU"
"4","305",1,"DEU"
"8","305",1,"DEU"
"16","305",1,"DEU"
"19","305",2,"DEU"
"23","305",2,"DEU"
"26","305",4,"DEU"
"31","305",1,"DEU"
"33","305",1,"DEU"
"34","305",1,"DEU"
"38","305",1,"DEU"
"39","305",2,"DEU"
"41","305",1,"DEU"
"56","305",1,"DEU"
"60","305",1,"DEU"
"95","305",1,"DEU"
"145","305",1,"DEU"
"186","305",1,"DEU"
"191","305",1,"DEU"
"192","305",1,"DEU"
"256","305",1,"DEU"
"2","306",1,"DEU"
"4","306",3,"DEU"
"6","306",1,"DEU"
"19","306",1,"DEU"
"21","306",1,"DEU"
"24","306",2,"DEU"
"32","306",1,"DEU"
"36","306",1,"DEU"
"57","306",1,"DEU"
"93","306",5,"DEU"
"113","306",3,"DEU"
"120","306",1,"DEU"
"129","306",1,"DEU"
"132","306",1,"DEU"
"137","306",1,"DEU"
"252","306",2,"DEU"
"276","306",1,"DEU"
"279","306",1,"DEU"
"297","306",1,"DEU"
"301","306",1,"DEU"
"2","307",10,"DEU"
"3","307",1,"DEU"
"7","307",2,"DEU"
"9","307",3,"DEU"
"10","307",1,"DEU"
"15","307",1,"DEU"
"20","307",3,"DEU"
"26","307",1,"DEU"
"39","307",1,"DEU"
"44","307",3,"DEU"
"56","307",1,"DEU"
"64","307",1,"DEU"
"153","307",2,"DEU"
"165","307",2,"DEU"
"266","307",1,"DEU"
"286","307",1,"DEU"
"1","308",1,"DEU"
"2","308",1,"DEU"
"3","308",1,"DEU"
"9","308",2,"DEU"
"12","308",3,"DEU"
"14","308",1,"DEU"
"19","308",1,"DEU"
"20","308",1,"DEU"
"21","308",1,"DEU"
"26","308",1,"DEU"
"32","308",1,"DEU"
"62","308",1,"DEU"
"68","308",2,"DEU"
"76","308",1,"DEU"
"82","308",2,"DEU"
"90","308",1,"DEU"
"104","308",1,"DEU"
"112","308",2,"DEU"
"135","308",5,"DEU"
"160","308",2,"DEU"
"198","308",1,"DEU"
"241","308",1,"DEU"
"268","308",1,"DEU"
"306","308",1,"DEU"
"3","309",1,"DEU"
"4","309",2,"DEU"
"5","309",1,"DEU"
"7","309",1,"DEU"
"9","309",3,"DEU"
"26","309",1,"DEU"
"36","309",1,"DEU"
"44","309",1,"DEU"
"47","309",1,"DEU"
"59","309",1,"DEU"
"62","309",1,"DEU"
"68","309",1,"DEU"
"76","309",4,"DEU"
"97","309",1,"DEU"
"104","309",1,"DEU"
"146","309",1,"DEU"
"149","309",1,"DEU"
"193","309",2,"DEU"
"196","309",1,"DEU"
"206","309",1,"DEU"
"211","309",1,"DEU"
"212","309",1,"DEU"
"242","309",1,"DEU"
"243","309",1,"DEU"
"270","309",1,"DEU"
"281","309",1,"DEU"
"309","309",1,"DEU"
"1","310",2,"DEU"
"2","310",8,"DEU"
"3","310",1,"DEU"
"7","310",3,"DEU"
"11","310",1,"DEU"
"15","310",2,"DEU"
"20","310",2,"DEU"
"26","310",3,"DEU"
"29","310",1,"DEU"
"56","310",1,"DEU"
"70","310",2,"DEU"
"124","310",1,"DEU"
"127","310",1,"DEU"
"229","310",1,"DEU"
"276","310",1,"DEU"
"5","311",4,"DEU"
"6","311",1,"DEU"
"11","311",2,"DEU"
"18","311",1,"DEU"
"19","311",2,"DEU"
"28","311",1,"DEU"
"31","311",3,"DEU"
"35","311",2,"DEU"
"42","311",1,"DEU"
"45","311",1,"DEU"
"46","311",1,"DEU"
"48","311",1,"DEU"
"78","311",1,"DEU"
"153","311",1,"DEU"
"164","311",1,"DEU"
"197","311",1,"DEU"
"204","311",1,"DEU"
"253","311",1,"DEU"
"292","311",1,"DEU"
"305","311",1,"DEU"
"1","312",2,"DEU"
"2","312",2,"DEU"
"4","312",1,"DEU"
"5","312",1,"DEU"
"10","312",1,"DEU"
"16","312",1,"DEU"
"18","312",1,"DEU"
"19","312",1,"DEU"
"21","312",1,"DEU"
"26","312",1,"DEU"
"27","312",4,"DEU"
"45","312",1,"DEU"
"50","312",1,"DEU"
"53","312",1,"DEU"
"60","312",2,"DEU"
"61","312",1,"DEU"
"68","312",1,"DEU"
"102","312",1,"DEU"
"106","312",1,"DEU"
"134","312",1,"DEU"
"137","312",1,"DEU"
"153","312",1,"DEU"
"182","312",1,"DEU"
"224","312",1,"DEU"
"1","313",2,"DEU"
"2","313",1,"DEU"
"8","313",1,"DEU"
"11","313",2,"DEU"
"17","313",1,"DEU"
"22","313",1,"DEU"
"24","313",2,"DEU"
"34","313",1,"DEU"
"41","313",2,"DEU"
"42","313",2,"DEU"
"45","313",1,"DEU"
"50","313",1,"DEU"
"53","313",2,"DEU"
"57","313",1,"DEU"
"67","313",1,"DEU"
"75","313",1,"DEU"
"86","313",3,"DEU"
"90","313",1,"DEU"
"100","313",1,"DEU"
"123","313",3,"DEU"
"128","313",1,"DEU"
"196","313",1,"DEU"
"1","314",3,"DEU"
"3","314",4,"DEU"
"5","314",2,"DEU"
"7","314",1,"DEU"
"17","314",3,"DEU"
"18","314",1,"DEU"
"27","314",1,"DEU"
"28","314",1,"DEU"
"30","314",1,"DEU"
"31","314",2,"DEU"
"38","314",1,"DEU"
"41","314",1,"DEU"
"45","314",1,"DEU"
"50","314",3,"DEU"
"54","314",1,"DEU"
"69","314",1,"DEU"
"114","314",1,"DEU"
"132","314",1,"DEU"
"151","314",1,"DEU"
"153","314",1,"DEU"
"158","314",1,"DEU"
"160","314",1,"DEU"
"163","314",1,"DEU"
"199","314",1,"DEU"
"203","314",1,"DEU"
"241","314",1,"DEU"
"1","315",1,"DEU"
"2","315",1,"DEU"
"7","315",14,"DEU"
"9","315",6,"DEU"
"15","315",1,"DEU"
"21","315",1,"DEU"
"44","315",1,"DEU"
"63","315",1,"DEU"
"113","315",2,"DEU"
"115","315",1,"DEU"
"152","315",4,"DEU"
"201","315",1,"DEU"
"288","315",3,"DEU"
"306","315",2,"DEU"
"1","316",1,"DEU"
"2","316",1,"DEU"
"3","316",1,"DEU"
"4","316",2,"DEU"
"5","316",7,"DEU"
"8","316",1,"DEU"
"10","316",1,"DEU"
"13","316",1,"DEU"
"15","316",1,"DEU"
"18","316",1,"DEU"
"21","316",1,"DEU"
"22","316",2,"DEU"
"30","316",1,"DEU"
"32","316",1,"DEU"
"42","316",1,"DEU"
"47","316",3,"DEU"
"58","316",1,"DEU"
"64","316",1,"DEU"
"68","316",1,"DEU"
"73","316",1,"DEU"
"78","316",1,"DEU"
"85","316",1,"DEU"
"129","316",1,"DEU"
"200","316",1,"DEU"
"227","316",1,"DEU"
"3","317",1,"DEU"
"5","317",1,"DEU"
"6","317",1,"DEU"
"8","317",8,"DEU"
"10","317",2,"DEU"
"13","317",2,"DEU"
"15","317",2,"DEU"
"18","317",1,"DEU"
"20","317",3,"DEU"
"22","317",1,"DEU"
"24","317",1,"DEU"
"30","317",1,"DEU"
"32","317",2,"DEU"
"38","317",1,"DEU"
"44","317",1,"DEU"
"59","317",1,"DEU"
"62","317",2,"DEU"
"64","317",1,"DEU"
"90","317",1,"DEU"
"92","317",1,"DEU"
"114","317",1,"DEU"
"204","317",1,"DEU"
"224","317",1,"DEU"
"268","317",1,"DEU"
"2","318",3,"DEU"
"3","318",1,"DEU"
"9","318",4,"DEU"
"10","318",1,"DEU"
"11","318",1,"DEU"
"12","318",1,"DEU"
"18","318",3,"DEU"
"19","318",1,"DEU"
"21","318",1,"DEU"
"26","318",2,"DEU"
"33","318",1,"DEU"
"36","318",1,"DEU"
"38","318",2,"DEU"
"40","318",3,"DEU"
"57","318",2,"DEU"
"69","318",1,"DEU"
"77","318",1,"DEU"
"94","318",1,"DEU"
"95","318",1,"DEU"
"101","318",1,"DEU"
"111","318",1,"DEU"
"114","318",2,"DEU"
"127","318",1,"DEU"
"239","318",1,"DEU"
"281","318",1,"DEU"
"307","318",1,"DEU"
"315","318",2,"DEU"
"2","319",1,"DEU"
"8","319",6,"DEU"
"15","319",1,"DEU"
"18","319",1,"DEU"
"19","319",1,"DEU"
"20","319",2,"DEU"
"35","319",1,"DEU"
"38","319",1,"DEU"
"44","319",3,"DEU"
"56","319",1,"DEU"
"64","319",3,"DEU"
"71","319",1,"DEU"
"77","319",1,"DEU"
"106","319",1,"DEU"
"109","319",1,"DEU"
"115","319",1,"DEU"
"160","319",1,"DEU"
"196","319",3,"DEU"
"254","319",1,"DEU"
"289","319",1,"DEU"
"293","319",1,"DEU"
"1","320",3,"DEU"
"2","320",2,"DEU"
"3","320",2,"DEU"
"4","320",1,"DEU"
"5","320",1,"DEU"
"7","320",1,"DEU"
"9","320",1,"DEU"
"12","320",6,"DEU"
"20","320",1,"DEU"
"21","320",1,"DEU"
"29","320",1,"DEU"
"53","320",1,"DEU"
"59","320",2,"DEU"
"126","320",1,"DEU"
"141","320",2,"DEU"
"150","320",1,"DEU"
"209","320",3,"DEU"
"235","320",1,"DEU"
"1","321",1,"DEU"
"2","321",2,"DEU"
"4","321",4,"DEU"
"6","321",4,"DEU"
"7","321",2,"DEU"
"10","321",4,"DEU"
"12","321",1,"DEU"
"14","321",3,"DEU"
"15","321",1,"DEU"
"25","321",1,"DEU"
"35","321",1,"DEU"
"46","321",1,"DEU"
"62","321",1,"DEU"
"81","321",1,"DEU"
"84","321",1,"DEU"
"100","321",1,"DEU"
"120","321",1,"DEU"
"152","321",1,"DEU"
"229","321",1,"DEU"
"287","321",1,"DEU"
"1","322",3,"DEU"
"2","322",4,"DEU"
"3","322",1,"DEU"
"5","322",1,"DEU"
"7","322",1,"DEU"
"10","322",1,"DEU"
"11","322",2,"DEU"
"14","322",1,"DEU"
"16","322",1,"DEU"
"22","322",3,"DEU"
"37","322",1,"DEU"
"39","322",1,"DEU"
"40","322",1,"DEU"
"41","322",1,"DEU"
"57","322",1,"DEU"
"99","322",1,"DEU"
"102","322",6,"DEU"
"141","322",2,"DEU"
"150","322",1,"DEU"
"167","322",1,"DEU"
"205","322",1,"DEU"
"301","322",1,"DEU"
"307","322",1,"DEU"
"2","323",1,"DEU"
"6","323",1,"DEU"
"8","323",1,"DEU"
"11","323",1,"DEU"
"13","323",2,"DEU"
"18","323",1,"DEU"
"22","323",1,"DEU"
"25","323",1,"DEU"
"30","323",1,"DEU"
"34","323",1,"DEU"
"42","323",1,"DEU"
"43","323",1,"DEU"
"48","323",1,"DEU"
"67","323",1,"DEU"
"68","323",1,"DEU"
"87","323",2,"DEU"
"98","323",1,"DEU"
"114","323",1,"DEU"
"134","323",1,"DEU"
"207","323",1,"DEU"
"219","323",1,"DEU"
"242","323",2,"DEU"
"270","323",1,"DEU"
"9","324",2,"DEU"
"10","324",1,"DEU"
"14","324",1,"DEU"
"15","324",1,"DEU"
"18","324",1,"DEU"
"29","324",1,"DEU"
"32","324",2,"DEU"
"64","324",1,"DEU"
"76","324",3,"DEU"
"82","324",2,"DEU"
"86","324",1,"DEU"
"94","324",2,"DEU"
"104","324",1,"DEU"
"110","324",3,"DEU"
"118","324",1,"DEU"
"131","324",7,"DEU"
"189","324",1,"DEU"
"193","324",1,"DEU"
"211","324",3,"DEU"
"218","324",1,"DEU"
"300","324",1,"DEU"
"302","324",2,"DEU"
"309","324",1,"DEU"
"324","324",1,"DEU"
"1","325",1,"DEU"
"2","325",1,"DEU"
"3","325",1,"DEU"
"7","325",1,"DEU"
"10","325",1,"DEU"
"12","325",1,"DEU"
"21","325",1,"DEU"
"25","325",1,"DEU"
"29","325",2,"DEU"
"43","325",1,"DEU"
"47","325",1,"DEU"
"68","325",1,"DEU"
"76","325",1,"DEU"
"83","325",1,"DEU"
"127","325",1,"DEU"
"144","325",1,"DEU"
"146","325",1,"DEU"
"240","325",1,"DEU"
"286","325",1,"DEU"
"300","325",2,"DEU"
"1","326",1,"DEU"
"4","326",3,"DEU"
"15","326",3,"DEU"
"26","326",1,"DEU"
"43","326",1,"DEU"
"69","326",2,"DEU"
"78","326",1,"DEU"
"90","326",1,"DEU"
"92","326",1,"DEU"
"98","326",2,"DEU"
"120","326",1,"DEU"
"128","326",1,"DEU"
"155","326",1,"DEU"
"159","326",1,"DEU"
"160","326",1,"DEU"
"172","326",1,"DEU"
"186","326",1,"DEU"
"193","326",1,"DEU"
"198","326",1,"DEU"
"207","326",2,"DEU"
"249","326",2,"DEU"
"267","326",1,"DEU"
"268","326",1,"DEU"
"309","326",1,"DEU"
"323","326",1,"DEU"
"324","326",1,"DEU"
"4","327",1,"DEU"
"8","327",2,"DEU"
"13","327",1,"DEU"
"19","327",1,"DEU"
"24","327",2,"DEU"
"28","327",2,"DEU"
"30","327",1,"DEU"
"31","327",5,"DEU"
"46","327",1,"DEU"
"51","327",1,"DEU"
"57","327",3,"DEU"
"65","327",1,"DEU"
"70","327",1,"DEU"
"71","327",1,"DEU"
"79","327",1,"DEU"
"92","327",1,"DEU"
"151","327",1,"DEU"
"163","327",1,"DEU"
"1","328",2,"DEU"
"3","328",2,"DEU"
"4","328",1,"DEU"
"5","328",4,"DEU"
"13","328",1,"DEU"
"17","328",1,"DEU"
"18","328",1,"DEU"
"19","328",2,"DEU"
"21","328",1,"DEU"
"22","328",1,"DEU"
"24","328",2,"DEU"
"27","328",3,"DEU"
"29","328",1,"DEU"
"37","328",1,"DEU"
"40","328",1,"DEU"
"46","328",3,"DEU"
"50","328",1,"DEU"
"72","328",1,"DEU"
"89","328",1,"DEU"
"96","328",1,"DEU"
"118","328",1,"DEU"
"128","328",1,"DEU"
"147","328",1,"DEU"
"177","328",1,"DEU"
"187","328",1,"DEU"
"201","328",1,"DEU"
"1","329",9,"DEU"
"2","329",4,"DEU"
"3","329",2,"DEU"
"4","329",1,"DEU"
"5","329",1,"DEU"
"10","329",1,"DEU"
"13","329",2,"DEU"
"15","329",1,"DEU"
"17","329",2,"DEU"
"22","329",1,"DEU"
"38","329",1,"DEU"
"150","329",1,"DEU"
"171","329",1,"DEU"
"328","329",1,"DEU"
"4","330",1,"DEU"
"8","330",1,"DEU"
"12","330",1,"DEU"
"15","330",5,"DEU"
"19","330",1,"DEU"
"22","330",1,"DEU"
"33","330",2,"DEU"
"40","330",1,"DEU"
"68","330",1,"DEU"
"92","330",2,"DEU"
"94","330",1,"DEU"
"98","330",1,"DEU"
"111","330",1,"DEU"
"122","330",2,"DEU"
"159","330",1,"DEU"
"160","330",4,"DEU"
"172","330",1,"DEU"
"193","330",1,"DEU"
"198","330",2,"DEU"
"249","330",1,"DEU"
"281","330",3,"DEU"
"308","330",1,"DEU"
"1","331",1,"DEU"
"3","331",1,"DEU"
"4","331",2,"DEU"
"5","331",2,"DEU"
"8","331",1,"DEU"
"13","331",2,"DEU"
"16","331",3,"DEU"
"21","331",4,"DEU"
"22","331",2,"DEU"
"66","331",1,"DEU"
"69","331",1,"DEU"
"74","331",1,"DEU"
"103","331",1,"DEU"
"119","331",1,"DEU"
"129","331",1,"DEU"
"149","331",1,"DEU"
"158","331",1,"DEU"
"163","331",1,"DEU"
"170","331",1,"DEU"
"190","331",1,"DEU"
"203","331",1,"DEU"
"254","331",1,"DEU"
"270","331",1,"DEU"
"278","331",1,"DEU"
"1","332",3,"DEU"
"2","332",1,"DEU"
"4","332",2,"DEU"
"6","332",1,"DEU"
"10","332",1,"DEU"
"12","332",7,"DEU"
"14","332",6,"DEU"
"16","332",2,"DEU"
"21","332",2,"DEU"
"28","332",1,"DEU"
"31","332",1,"DEU"
"35","332",1,"DEU"
"37","332",1,"DEU"
"46","332",1,"DEU"
"118","332",1,"DEU"
"132","332",1,"DEU"
"186","332",1,"DEU"
"216","332",1,"DEU"
"233","332",1,"DEU"
"274","332",1,"DEU"
"1","333",5,"DEU"
"2","333",4,"DEU"
"3","333",3,"DEU"
"6","333",1,"DEU"
"10","333",3,"DEU"
"13","333",2,"DEU"
"15","333",1,"DEU"
"25","333",1,"DEU"
"26","333",1,"DEU"
"29","333",1,"DEU"
"31","333",1,"DEU"
"37","333",2,"DEU"
"58","333",1,"DEU"
"67","333",1,"DEU"
"70","333",1,"DEU"
"80","333",1,"DEU"
"81","333",1,"DEU"
"82","333",1,"DEU"
"85","333",2,"DEU"
"92","333",1,"DEU"
"97","333",1,"DEU"
"127","333",1,"DEU"
"159","333",1,"DEU"
"194","333",1,"DEU"
"258","333",1,"DEU"
"1","334",1,"DEU"
"8","334",1,"DEU"
"13","334",1,"DEU"
"15","334",2,"DEU"
"19","334",6,"DEU"
"23","334",3,"DEU"
"28","334",1,"DEU"
"31","334",2,"DEU"
"36","334",1,"DEU"
"46","334",2,"DEU"
"50","334",2,"DEU"
"53","334",1,"DEU"
"64","334",1,"DEU"
"66","334",2,"DEU"
"71","334",3,"DEU"
"154","334",1,"DEU"
"273","334",1,"DEU"
"1","335",1,"DEU"
"2","335",6,"DEU"
"3","335",1,"DEU"
"7","335",7,"DEU"
"9","335",3,"DEU"
"10","335",1,"DEU"
"12","335",1,"DEU"
"14","335",1,"DEU"
"15","335",1,"DEU"
"24","335",1,"DEU"
"26","335",2,"DEU"
"44","335",1,"DEU"
"93","335",1,"DEU"
"97","335",1,"DEU"
"113","335",1,"DEU"
"144","335",1,"DEU"
"149","335",1,"DEU"
"152","335",1,"DEU"
"165","335",1,"DEU"
"229","335",1,"DEU"
"246","335",1,"DEU"
"286","335",1,"DEU"
"288","335",1,"DEU"
"297","335",1,"DEU"
"299","335",1,"DEU"
"306","335",1,"DEU"
"322","335",1,"DEU"
"2","336",2,"DEU"
"3","336",1,"DEU"
"5","336",1,"DEU"
"6","336",1,"DEU"
"7","336",1,"DEU"
"8","336",1,"DEU"
"9","336",1,"DEU"
"14","336",1,"DEU"
"20","336",1,"DEU"
"21","336",1,"DEU"
"26","336",1,"DEU"
"30","336",2,"DEU"
"37","336",1,"DEU"
"38","336",1,"DEU"
"39","336",1,"DEU"
"47","336",1,"DEU"
"59","336",2,"DEU"
"60","336",1,"DEU"
"90","336",1,"DEU"
"102","336",1,"DEU"
"107","336",1,"DEU"
"190","336",1,"DEU"
"227","336",1,"DEU"
"289","336",1,"DEU"
"1","337",2,"DEU"
"2","337",2,"DEU"
"4","337",2,"DEU"
"14","337",1,"DEU"
"15","337",1,"DEU"
"22","337",10,"DEU"
"25","337",1,"DEU"
"26","337",2,"DEU"
"90","337",1,"DEU"
"99","337",1,"DEU"
"116","337",1,"DEU"
"124","337",1,"DEU"
"219","337",1,"DEU"
"254","337",3,"DEU"
"287","337",5,"DEU"
"1","338",4,"DEU"
"2","338",4,"DEU"
"4","338",1,"DEU"
"9","338",1,"DEU"
"11","338",1,"DEU"
"17","338",1,"DEU"
"18","338",1,"DEU"
"22","338",2,"DEU"
"39","338",1,"DEU"
"46","338",1,"DEU"
"67","338",1,"DEU"
"68","338",1,"DEU"
"85","338",1,"DEU"
"102","338",5,"DEU"
"110","338",1,"DEU"
"137","338",1,"DEU"
"141","338",1,"DEU"
"155","338",1,"DEU"
"171","338",1,"DEU"
"1","339",2,"DEU"
"2","339",1,"DEU"
"3","339",2,"DEU"
"5","339",1,"DEU"
"12","339",1,"DEU"
"14","339",1,"DEU"
"17","339",3,"DEU"
"19","339",1,"DEU"
"22","339",1,"DEU"
"28","339",2,"DEU"
"30","339",2,"DEU"
"47","339",1,"DEU"
"55","339",3,"DEU"
"61","339",1,"DEU"
"74","339",1,"DEU"
"76","339",1,"DEU"
"79","339",1,"DEU"
"83","339",1,"DEU"
"91","339",1,"DEU"
"119","339",1,"DEU"
"199","339",2,"DEU"
"242","339",1,"DEU"
"298","339",1,"DEU"
"328","339",1,"DEU"
"1","340",17,"DEU"
"2","340",13,"DEU"
"12","340",1,"DEU"
"15","340",1,"DEU"
"25","340",1,"DEU"
"36","340",1,"DEU"
"55","340",1,"DEU"
"56","340",1,"DEU"
"84","340",1,"DEU"
"99","340",1,"DEU"
"150","340",1,"DEU"
"191","340",1,"DEU"
"204","340",1,"DEU"
"254","340",1,"DEU"
"1","341",5,"DEU"
"2","341",1,"DEU"
"3","341",2,"DEU"
"5","341",1,"DEU"
"6","341",1,"DEU"
"10","341",1,"DEU"
"12","341",1,"DEU"
"13","341",2,"DEU"
"15","341",1,"DEU"
"18","341",1,"DEU"
"21","341",1,"DEU"
"27","341",1,"DEU"
"32","341",1,"DEU"
"39","341",1,"DEU"
"58","341",1,"DEU"
"73","341",1,"DEU"
"81","341",23,"DEU"
"174","341",1,"DEU"
"192","341",1,"DEU"
"1","342",1,"DEU"
"3","342",1,"DEU"
"4","342",1,"DEU"
"6","342",1,"DEU"
"7","342",1,"DEU"
"11","342",4,"DEU"
"12","342",2,"DEU"
"14","342",1,"DEU"
"15","342",1,"DEU"
"21","342",1,"DEU"
"28","342",2,"DEU"
"42","342",1,"DEU"
"44","342",1,"DEU"
"55","342",1,"DEU"
"59","342",1,"DEU"
"74","342",1,"DEU"
"79","342",1,"DEU"
"121","342",1,"DEU"
"137","342",1,"DEU"
"230","342",1,"DEU"
"243","342",1,"DEU"
"1","343",1,"DEU"
"2","343",9,"DEU"
"3","343",2,"DEU"
"7","343",1,"DEU"
"15","343",1,"DEU"
"17","343",1,"DEU"
"20","343",7,"DEU"
"21","343",1,"DEU"
"26","343",1,"DEU"
"38","343",1,"DEU"
"69","343",1,"DEU"
"76","343",2,"DEU"
"109","343",1,"DEU"
"116","343",1,"DEU"
"162","343",1,"DEU"
"193","343",1,"DEU"
"209","343",1,"DEU"
"293","343",1,"DEU"
"3","344",3,"DEU"
"5","344",1,"DEU"
"8","344",2,"DEU"
"9","344",2,"DEU"
"11","344",1,"DEU"
"12","344",1,"DEU"
"20","344",1,"DEU"
"24","344",1,"DEU"
"25","344",1,"DEU"
"30","344",1,"DEU"
"32","344",1,"DEU"
"42","344",1,"DEU"
"60","344",1,"DEU"
"67","344",1,"DEU"
"81","344",1,"DEU"
"132","344",1,"DEU"
"154","344",1,"DEU"
"166","344",3,"DEU"
"224","344",1,"DEU"
"267","344",1,"DEU"
"271","344",1,"DEU"
"3","345",2,"DEU"
"7","345",2,"DEU"
"8","345",1,"DEU"
"16","345",2,"DEU"
"17","345",4,"DEU"
"20","345",1,"DEU"
"25","345",1,"DEU"
"40","345",1,"DEU"
"49","345",1,"DEU"
"54","345",1,"DEU"
"56","345",1,"DEU"
"60","345",1,"DEU"
"145","345",1,"DEU"
"156","345",1,"DEU"
"164","345",1,"DEU"
"184","345",1,"DEU"
"212","345",1,"DEU"
"233","345",1,"DEU"
"302","345",1,"DEU"
"7","346",1,"DEU"
"9","346",1,"DEU"
"12","346",1,"DEU"
"15","346",6,"DEU"
"23","346",1,"DEU"
"35","346",1,"DEU"
"37","346",1,"DEU"
"44","346",1,"DEU"
"71","346",1,"DEU"
"94","346",3,"DEU"
"131","346",1,"DEU"
"155","346",1,"DEU"
"160","346",1,"DEU"
"193","346",2,"DEU"
"206","346",1,"DEU"
"207","346",2,"DEU"
"224","346",1,"DEU"
"247","346",1,"DEU"
"248","346",1,"DEU"
"249","346",1,"DEU"
"342","346",1,"DEU"
"2","347",1,"DEU"
"3","347",2,"DEU"
"6","347",1,"DEU"
"8","347",2,"DEU"
"13","347",1,"DEU"
"16","347",1,"DEU"
"19","347",2,"DEU"
"22","347",1,"DEU"
"23","347",1,"DEU"
"36","347",1,"DEU"
"37","347",1,"DEU"
"42","347",1,"DEU"
"46","347",1,"DEU"
"53","347",1,"DEU"
"59","347",1,"DEU"
"81","347",1,"DEU"
"86","347",1,"DEU"
"102","347",1,"DEU"
"147","347",2,"DEU"
"158","347",1,"DEU"
"183","347",1,"DEU"
"220","347",1,"DEU"
"345","347",1,"DEU"
"2","348",1,"DEU"
"3","348",1,"DEU"
"6","348",1,"DEU"
"7","348",1,"DEU"
"8","348",6,"DEU"
"10","348",1,"DEU"
"11","348",2,"DEU"
"12","348",1,"DEU"
"18","348",2,"DEU"
"20","348",1,"DEU"
"21","348",1,"DEU"
"22","348",1,"DEU"
"29","348",1,"DEU"
"37","348",1,"DEU"
"38","348",1,"DEU"
"46","348",1,"DEU"
"56","348",1,"DEU"
"61","348",5,"DEU"
"65","348",1,"DEU"
"97","348",1,"DEU"
"122","348",1,"DEU"
"132","348",1,"DEU"
"165","348",2,"DEU"
"176","348",1,"DEU"
"300","348",1,"DEU"
"1","349",3,"DEU"
"2","349",1,"DEU"
"6","349",1,"DEU"
"8","349",1,"DEU"
"11","349",1,"DEU"
"16","349",2,"DEU"
"24","349",1,"DEU"
"27","349",2,"DEU"
"28","349",1,"DEU"
"30","349",1,"DEU"
"33","349",1,"DEU"
"50","349",5,"DEU"
"52","349",4,"DEU"
"53","349",1,"DEU"
"66","349",1,"DEU"
"91","349",2,"DEU"
"162","349",1,"DEU"
"292","349",1,"DEU"
"1","350",1,"DEU"
"2","350",1,"DEU"
"3","350",1,"DEU"
"4","350",2,"DEU"
"5","350",1,"DEU"
"14","350",1,"DEU"
"20","350",1,"DEU"
"21","350",2,"DEU"
"22","350",1,"DEU"
"33","350",1,"DEU"
"46","350",2,"DEU"
"57","350",2,"DEU"
"58","350",1,"DEU"
"65","350",1,"DEU"
"69","350",1,"DEU"
"92","350",1,"DEU"
"115","350",1,"DEU"
"155","350",1,"DEU"
"164","350",1,"DEU"
"175","350",1,"DEU"
"207","350",1,"DEU"
"251","350",1,"DEU"
"270","350",1,"DEU"
"330","350",2,"DEU"
"346","350",2,"DEU"
"3","351",1,"DEU"
"9","351",3,"DEU"
"12","351",1,"DEU"
"20","351",1,"DEU"
"32","351",1,"DEU"
"37","351",1,"DEU"
"39","351",1,"DEU"
"58","351",1,"DEU"
"68","351",1,"DEU"
"76","351",2,"DEU"
"81","351",1,"DEU"
"110","351",2,"DEU"
"125","351",1,"DEU"
"131","351",2,"DEU"
"150","351",1,"DEU"
"151","351",1,"DEU"
"152","351",1,"DEU"
"168","351",1,"DEU"
"176","351",2,"DEU"
"185","351",1,"DEU"
"206","351",1,"DEU"
"242","351",2,"DEU"
"243","351",2,"DEU"
"326","351",1,"DEU"
"1","352",1,"DEU"
"7","352",1,"DEU"
"9","352",1,"DEU"
"16","352",2,"DEU"
"21","352",2,"DEU"
"23","352",2,"DEU"
"24","352",1,"DEU"
"28","352",2,"DEU"
"45","352",1,"DEU"
"46","352",1,"DEU"
"55","352",1,"DEU"
"66","352",1,"DEU"
"68","352",1,"DEU"
"87","352",1,"DEU"
"90","352",1,"DEU"
"96","352",2,"DEU"
"108","352",1,"DEU"
"124","352",1,"DEU"
"166","352",1,"DEU"
"238","352",1,"DEU"
"252","352",1,"DEU"
"257","352",1,"DEU"
"280","352",1,"DEU"
"321","352",1,"DEU"
"334","352",1,"DEU"
"1","353",2,"DEU"
"8","353",1,"DEU"
"9","353",2,"DEU"
"16","353",5,"DEU"
"27","353",5,"DEU"
"28","353",2,"DEU"
"34","353",1,"DEU"
"45","353",2,"DEU"
"55","353",1,"DEU"
"80","353",1,"DEU"
"164","353",1,"DEU"
"174","353",1,"DEU"
"210","353",1,"DEU"
"276","353",1,"DEU"
"1","354",3,"DEU"
"2","354",1,"DEU"
"4","354",1,"DEU"
"7","354",2,"DEU"
"10","354",1,"DEU"
"12","354",1,"DEU"
"13","354",1,"DEU"
"14","354",1,"DEU"
"18","354",1,"DEU"
"21","354",1,"DEU"
"22","354",2,"DEU"
"23","354",2,"DEU"
"25","354",2,"DEU"
"28","354",1,"DEU"
"29","354",1,"DEU"
"32","354",1,"DEU"
"34","354",1,"DEU"
"37","354",1,"DEU"
"40","354",1,"DEU"
"45","354",1,"DEU"
"47","354",1,"DEU"
"54","354",1,"DEU"
"57","354",1,"DEU"
"103","354",2,"DEU"
"145","354",1,"DEU"
"235","354",1,"DEU"
"292","354",1,"DEU"
"1","355",7,"DEU"
"2","355",9,"DEU"
"3","355",4,"DEU"
"4","355",2,"DEU"
"12","355",4,"DEU"
"14","355",1,"DEU"
"19","355",1,"DEU"
"26","355",1,"DEU"
"37","355",1,"DEU"
"63","355",2,"DEU"
"116","355",1,"DEU"
"122","355",1,"DEU"
"124","355",1,"DEU"
"150","355",1,"DEU"
"305","355",1,"DEU"
"331","355",1,"DEU"
"2","356",4,"DEU"
"4","356",1,"DEU"
"7","356",3,"DEU"
"11","356",3,"DEU"
"12","356",1,"DEU"
"13","356",1,"DEU"
"15","356",1,"DEU"
"18","356",1,"DEU"
"33","356",1,"DEU"
"39","356",2,"DEU"
"40","356",2,"DEU"
"46","356",2,"DEU"
"56","356",1,"DEU"
"97","356",1,"DEU"
"111","356",1,"DEU"
"116","356",1,"DEU"
"134","356",1,"DEU"
"172","356",1,"DEU"
"188","356",1,"DEU"
"233","356",3,"DEU"
"2","357",1,"DEU"
"8","357",1,"DEU"
"11","357",2,"DEU"
"16","357",1,"DEU"
"18","357",1,"DEU"
"20","357",1,"DEU"
"23","357",1,"DEU"
"24","357",1,"DEU"
"26","357",1,"DEU"
"32","357",2,"DEU"
"60","357",1,"DEU"
"84","357",1,"DEU"
"87","357",1,"DEU"
"90","357",1,"DEU"
"96","357",1,"DEU"
"126","357",1,"DEU"
"132","357",1,"DEU"
"197","357",1,"DEU"
"327","357",1,"DEU"
"5","358",1,"DEU"
"13","358",3,"DEU"
"18","358",1,"DEU"
"19","358",1,"DEU"
"20","358",1,"DEU"
"21","358",2,"DEU"
"29","358",2,"DEU"
"31","358",1,"DEU"
"33","358",1,"DEU"
"40","358",1,"DEU"
"53","358",1,"DEU"
"63","358",2,"DEU"
"77","358",1,"DEU"
"79","358",1,"DEU"
"83","358",1,"DEU"
"111","358",9,"DEU"
"130","358",1,"DEU"
"139","358",1,"DEU"
"233","358",4,"DEU"
"267","358",1,"DEU"
"2","359",1,"DEU"
"5","359",2,"DEU"
"6","359",1,"DEU"
"7","359",1,"DEU"
"8","359",1,"DEU"
"12","359",1,"DEU"
"15","359",4,"DEU"
"30","359",2,"DEU"
"35","359",1,"DEU"
"68","359",2,"DEU"
"69","359",1,"DEU"
"86","359",1,"DEU"
"94","359",1,"DEU"
"98","359",3,"DEU"
"120","359",1,"DEU"
"159","359",1,"DEU"
"160","359",3,"DEU"
"207","359",1,"DEU"
"248","359",1,"DEU"
"249","359",1,"DEU"
"268","359",1,"DEU"
"271","359",1,"DEU"
"309","359",1,"DEU"
"323","359",1,"DEU"
"324","359",1,"DEU"
"1","360",5,"DEU"
"6","360",1,"DEU"
"9","360",1,"DEU"
"15","360",1,"DEU"
"17","360",2,"DEU"
"24","360",1,"DEU"
"30","360",1,"DEU"
"32","360",1,"DEU"
"49","360",1,"DEU"
"54","360",1,"DEU"
"55","360",2,"DEU"
"60","360",2,"DEU"
"74","360",1,"DEU"
"119","360",1,"DEU"
"121","360",1,"DEU"
"132","360",1,"DEU"
"134","360",1,"DEU"
"143","360",1,"DEU"
"146","360",1,"DEU"
"150","360",1,"DEU"
"163","360",1,"DEU"
"214","360",1,"DEU"
"1","361",1,"DEU"
"2","361",1,"DEU"
"4","361",6,"DEU"
"6","361",1,"DEU"
"10","361",2,"DEU"
"11","361",1,"DEU"
"12","361",1,"DEU"
"13","361",1,"DEU"
"14","361",2,"DEU"
"19","361",2,"DEU"
"24","361",1,"DEU"
"29","361",1,"DEU"
"32","361",2,"DEU"
"35","361",1,"DEU"
"36","361",1,"DEU"
"44","361",1,"DEU"
"59","361",1,"DEU"
"62","361",1,"DEU"
"72","361",1,"DEU"
"160","361",1,"DEU"
"195","361",1,"DEU"
"209","361",2,"DEU"
"314","361",1,"DEU"
"2","362",1,"DEU"
"4","362",1,"DEU"
"9","362",2,"DEU"
"10","362",1,"DEU"
"11","362",1,"DEU"
"12","362",1,"DEU"
"13","362",2,"DEU"
"14","362",1,"DEU"
"17","362",1,"DEU"
"21","362",2,"DEU"
"24","362",1,"DEU"
"33","362",1,"DEU"
"41","362",2,"DEU"
"43","362",1,"DEU"
"58","362",1,"DEU"
"62","362",1,"DEU"
"69","362",1,"DEU"
"103","362",1,"DEU"
"126","362",2,"DEU"
"357","362",1,"DEU"
"1","363",1,"DEU"
"2","363",1,"DEU"
"5","363",1,"DEU"
"6","363",1,"DEU"
"7","363",1,"DEU"
"9","363",1,"DEU"
"16","363",5,"DEU"
"17","363",1,"DEU"
"20","363",1,"DEU"
"22","363",1,"DEU"
"24","363",3,"DEU"
"30","363",1,"DEU"
"34","363",2,"DEU"
"35","363",1,"DEU"
"47","363",1,"DEU"
"59","363",1,"DEU"
"62","363",1,"DEU"
"71","363",1,"DEU"
"93","363",1,"DEU"
"99","363",1,"DEU"
"100","363",3,"DEU"
"147","363",1,"DEU"
"196","363",1,"DEU"
"274","363",1,"DEU"
"277","363",1,"DEU"
"294","363",1,"DEU"
"313","363",1,"DEU"
"3","364",4,"DEU"
"4","364",4,"DEU"
"7","364",1,"DEU"
"24","364",1,"DEU"
"36","364",4,"DEU"
"50","364",1,"DEU"
"82","364",1,"DEU"
"137","364",1,"DEU"
"189","364",1,"DEU"
"286","364",1,"DEU"
"316","364",1,"DEU"
"1","365",1,"DEU"
"2","365",1,"DEU"
"3","365",2,"DEU"
"4","365",1,"DEU"
"6","365",1,"DEU"
"9","365",5,"DEU"
"12","365",2,"DEU"
"16","365",1,"DEU"
"32","365",1,"DEU"
"38","365",1,"DEU"
"76","365",1,"DEU"
"149","365",1,"DEU"
"170","365",2,"DEU"
"243","365",1,"DEU"
"270","365",1,"DEU"
"275","365",2,"DEU"
"286","365",1,"DEU"
"308","365",2,"DEU"
"324","365",1,"DEU"
"330","365",1,"DEU"
"1","366",5,"DEU"
"2","366",1,"DEU"
"4","366",1,"DEU"
"5","366",1,"DEU"
"8","366",2,"DEU"
"14","366",1,"DEU"
"16","366",1,"DEU"
"20","366",1,"DEU"
"22","366",1,"DEU"
"23","366",1,"DEU"
"24","366",1,"DEU"
"26","366",1,"DEU"
"30","366",1,"DEU"
"34","366",1,"DEU"
"48","366",1,"DEU"
"49","366",1,"DEU"
"52","366",2,"DEU"
"61","366",1,"DEU"
"101","366",1,"DEU"
"103","366",1,"DEU"
"109","366",1,"DEU"
"119","366",1,"DEU"
"202","366",1,"DEU"
"295","366",1,"DEU"
"305","366",1,"DEU"
"1","367",2,"DEU"
"6","367",1,"DEU"
"21","367",6,"DEU"
"23","367",1,"DEU"
"24","367",2,"DEU"
"28","367",2,"DEU"
"30","367",1,"DEU"
"34","367",1,"DEU"
"50","367",1,"DEU"
"59","367",3,"DEU"
"82","367",1,"DEU"
"102","367",1,"DEU"
"116","367",1,"DEU"
"124","367",1,"DEU"
"173","367",1,"DEU"
"257","367",1,"DEU"
"328","367",1,"DEU"
"332","367",1,"DEU"
"333","367",1,"DEU"
"363","367",1,"DEU"
"364","367",1,"DEU"
"1","368",1,"DEU"
"2","368",5,"DEU"
"3","368",2,"DEU"
"7","368",4,"DEU"
"15","368",1,"DEU"
"20","368",1,"DEU"
"26","368",1,"DEU"
"64","368",3,"DEU"
"78","368",1,"DEU"
"94","368",3,"DEU"
"97","368",2,"DEU"
"209","368",4,"DEU"
"1","369",2,"DEU"
"2","369",2,"DEU"
"3","369",3,"DEU"
"4","369",2,"DEU"
"7","369",1,"DEU"
"10","369",1,"DEU"
"12","369",3,"DEU"
"13","369",2,"DEU"
"14","369",1,"DEU"
"15","369",1,"DEU"
"60","369",2,"DEU"
"64","369",1,"DEU"
"70","369",1,"DEU"
"85","369",1,"DEU"
"107","369",2,"DEU"
"150","369",1,"DEU"
"167","369",1,"DEU"
"178","369",1,"DEU"
"182","369",1,"DEU"
"269","369",1,"DEU"
"1","370",3,"DEU"
"3","370",1,"DEU"
"4","370",1,"DEU"
"11","370",6,"DEU"
"16","370",1,"DEU"
"17","370",1,"DEU"
"24","370",1,"DEU"
"28","370",2,"DEU"
"32","370",1,"DEU"
"33","370",1,"DEU"
"46","370",1,"DEU"
"75","370",1,"DEU"
"79","370",1,"DEU"
"96","370",1,"DEU"
"108","370",1,"DEU"
"122","370",1,"DEU"
"191","370",1,"DEU"
"204","370",1,"DEU"
"234","370",1,"DEU"
"3","371",1,"DEU"
"4","371",2,"DEU"
"6","371",1,"DEU"
"11","371",1,"DEU"
"14","371",2,"DEU"
"15","371",5,"DEU"
"24","371",1,"DEU"
"25","371",1,"DEU"
"30","371",1,"DEU"
"35","371",1,"DEU"
"41","371",2,"DEU"
"93","371",1,"DEU"
"94","371",2,"DEU"
"121","371",1,"DEU"
"131","371",1,"DEU"
"176","371",1,"DEU"
"207","371",2,"DEU"
"249","371",1,"DEU"
"268","371",1,"DEU"
"274","371",1,"DEU"
"291","371",1,"DEU"
"301","371",1,"DEU"
"308","371",3,"DEU"
"314","371",1,"DEU"
"350","371",1,"DEU"
"365","371",1,"DEU"
"3","372",1,"DEU"
"15","372",3,"DEU"
"30","372",1,"DEU"
"43","372",1,"DEU"
"65","372",1,"DEU"
"67","372",1,"DEU"
"68","372",1,"DEU"
"69","372",1,"DEU"
"72","372",1,"DEU"
"98","372",5,"DEU"
"112","372",1,"DEU"
"122","372",1,"DEU"
"128","372",1,"DEU"
"160","372",1,"DEU"
"168","372",1,"DEU"
"176","372",1,"DEU"
"198","372",1,"DEU"
"207","372",3,"DEU"
"247","372",1,"DEU"
"248","372",2,"DEU"
"281","372",1,"DEU"
"291","372",1,"DEU"
"309","372",1,"DEU"
"1","373",6,"DEU"
"2","373",1,"DEU"
"3","373",3,"DEU"
"5","373",2,"DEU"
"10","373",1,"DEU"
"11","373",1,"DEU"
"13","373",1,"DEU"
"17","373",1,"DEU"
"25","373",2,"DEU"
"41","373",1,"DEU"
"48","373",1,"DEU"
"49","373",2,"DEU"
"55","373",1,"DEU"
"63","373",1,"DEU"
"68","373",1,"DEU"
"75","373",1,"DEU"
"80","373",1,"DEU"
"99","373",1,"DEU"
"114","373",2,"DEU"
"132","373",1,"DEU"
"140","373",1,"DEU"
"229","373",1,"DEU"
"246","373",1,"DEU"
"262","373",1,"DEU"
"3","374",1,"DEU"
"10","374",1,"DEU"
"11","374",1,"DEU"
"31","374",1,"DEU"
"32","374",1,"DEU"
"36","374",3,"DEU"
"41","374",8,"DEU"
"43","374",3,"DEU"
"47","374",2,"DEU"
"48","374",1,"DEU"
"65","374",2,"DEU"
"100","374",1,"DEU"
"114","374",1,"DEU"
"115","374",1,"DEU"
"153","374",1,"DEU"
"171","374",1,"DEU"
"201","374",1,"DEU"
"240","374",1,"DEU"
"273","374",1,"DEU"
"284","374",1,"DEU"
"286","374",1,"DEU"
"1","375",1,"DEU"
"2","375",7,"DEU"
"3","375",2,"DEU"
"4","375",1,"DEU"
"5","375",1,"DEU"
"7","375",1,"DEU"
"8","375",1,"DEU"
"11","375",1,"DEU"
"13","375",1,"DEU"
"21","375",1,"DEU"
"33","375",2,"DEU"
"46","375",1,"DEU"
"56","375",1,"DEU"
"69","375",1,"DEU"
"72","375",1,"DEU"
"78","375",1,"DEU"
"122","375",1,"DEU"
"182","375",1,"DEU"
"259","375",1,"DEU"
"4","376",2,"DEU"
"5","376",1,"DEU"
"6","376",1,"DEU"
"11","376",1,"DEU"
"12","376",2,"DEU"
"25","376",1,"DEU"
"34","376",1,"DEU"
"36","376",1,"DEU"
"63","376",1,"DEU"
"67","376",1,"DEU"
"93","376",1,"DEU"
"113","376",3,"DEU"
"123","376",1,"DEU"
"168","376",1,"DEU"
"189","376",1,"DEU"
"246","376",1,"DEU"
"252","376",2,"DEU"
"261","376",1,"DEU"
"268","376",3,"DEU"
"297","376",2,"DEU"
"351","376",1,"DEU"
"3","377",1,"DEU"
"4","377",1,"DEU"
"5","377",1,"DEU"
"10","377",1,"DEU"
"11","377",1,"DEU"
"13","377",1,"DEU"
"14","377",1,"DEU"
"15","377",1,"DEU"
"19","377",1,"DEU"
"25","377",4,"DEU"
"38","377",2,"DEU"
"39","377",2,"DEU"
"40","377",2,"DEU"
"41","377",1,"DEU"
"63","377",1,"DEU"
"72","377",1,"DEU"
"90","377",2,"DEU"
"116","377",3,"DEU"
"201","377",1,"DEU"
"279","377",1,"DEU"
"325","377",1,"DEU"
"336","377",1,"DEU"
"1","378",1,"DEU"
"6","378",2,"DEU"
"8","378",1,"DEU"
"9","378",1,"DEU"
"10","378",1,"DEU"
"16","378",3,"DEU"
"17","378",2,"DEU"
"19","378",1,"DEU"
"21","378",1,"DEU"
"22","378",1,"DEU"
"25","378",1,"DEU"
"27","378",1,"DEU"
"28","378",1,"DEU"
"43","378",2,"DEU"
"47","378",1,"DEU"
"59","378",1,"DEU"
"68","378",1,"DEU"
"83","378",1,"DEU"
"92","378",1,"DEU"
"93","378",1,"DEU"
"125","378",1,"DEU"
"147","378",1,"DEU"
"157","378",1,"DEU"
"196","378",1,"DEU"
"3","379",3,"DEU"
"7","379",1,"DEU"
"9","379",3,"DEU"
"12","379",2,"DEU"
"14","379",1,"DEU"
"20","379",1,"DEU"
"32","379",1,"DEU"
"62","379",2,"DEU"
"68","379",1,"DEU"
"76","379",1,"DEU"
"82","379",3,"DEU"
"104","379",1,"DEU"
"110","379",1,"DEU"
"112","379",1,"DEU"
"123","379",1,"DEU"
"125","379",1,"DEU"
"152","379",1,"DEU"
"168","379",3,"DEU"
"243","379",1,"DEU"
"308","379",2,"DEU"
"359","379",1,"DEU"
"1","380",1,"DEU"
"2","380",1,"DEU"
"3","380",1,"DEU"
"4","380",1,"DEU"
"9","380",2,"DEU"
"12","380",1,"DEU"
"14","380",1,"DEU"
"15","380",1,"DEU"
"20","380",2,"DEU"
"34","380",1,"DEU"
"38","380",1,"DEU"
"40","380",1,"DEU"
"58","380",1,"DEU"
"60","380",1,"DEU"
"62","380",2,"DEU"
"65","380",1,"DEU"
"68","380",1,"DEU"
"70","380",1,"DEU"
"76","380",1,"DEU"
"104","380",1,"DEU"
"153","380",1,"DEU"
"168","380",1,"DEU"
"206","380",1,"DEU"
"324","380",1,"DEU"
"326","380",3,"DEU"
"330","380",1,"DEU"
"1","381",1,"DEU"
"4","381",1,"DEU"
"6","381",1,"DEU"
"8","381",1,"DEU"
"16","381",1,"DEU"
"17","381",1,"DEU"
"19","381",1,"DEU"
"22","381",1,"DEU"
"29","381",1,"DEU"
"34","381",1,"DEU"
"38","381",1,"DEU"
"42","381",5,"DEU"
"71","381",1,"DEU"
"88","381",1,"DEU"
"100","381",1,"DEU"
"254","381",1,"DEU"
"347","381",1,"DEU"
"1","382",1,"DEU"
"2","382",1,"DEU"
"3","382",1,"DEU"
"4","382",1,"DEU"
"11","382",1,"DEU"
"13","382",1,"DEU"
"14","382",2,"DEU"
"18","382",1,"DEU"
"19","382",1,"DEU"
"27","382",3,"DEU"
"33","382",1,"DEU"
"34","382",2,"DEU"
"47","382",1,"DEU"
"49","382",1,"DEU"
"51","382",1,"DEU"
"58","382",1,"DEU"
"77","382",1,"DEU"
"136","382",1,"DEU"
"189","382",1,"DEU"
"337","382",1,"DEU"
"356","382",1,"DEU"
"2","383",1,"DEU"
"3","383",1,"DEU"
"4","383",3,"DEU"
"5","383",1,"DEU"
"6","383",8,"DEU"
"7","383",2,"DEU"
"10","383",5,"DEU"
"11","383",1,"DEU"
"24","383",1,"DEU"
"36","383",1,"DEU"
"40","383",2,"DEU"
"58","383",1,"DEU"
"114","383",3,"DEU"
"186","383",1,"DEU"
"364","383",1,"DEU"
"1","384",2,"DEU"
"3","384",1,"DEU"
"4","384",1,"DEU"
"10","384",1,"DEU"
"15","384",5,"DEU"
"32","384",1,"DEU"
"33","384",1,"DEU"
"35","384",2,"DEU"
"43","384",1,"DEU"
"46","384",1,"DEU"
"57","384",1,"DEU"
"92","384",1,"DEU"
"110","384",1,"DEU"
"131","384",1,"DEU"
"179","384",1,"DEU"
"198","384",1,"DEU"
"207","384",1,"DEU"
"248","384",2,"DEU"
"268","384",1,"DEU"
"309","384",1,"DEU"
"350","384",1,"DEU"
"379","384",1,"DEU"
"4","385",2,"DEU"
"5","385",1,"DEU"
"11","385",1,"DEU"
"15","385",1,"DEU"
"16","385",1,"DEU"
"17","385",4,"DEU"
"24","385",1,"DEU"
"28","385",4,"DEU"
"118","385",1,"DEU"
"137","385",1,"DEU"
"178","385",1,"DEU"
"182","385",1,"DEU"
"199","385",1,"DEU"
"204","385",1,"DEU"
"226","385",1,"DEU"
"227","385",1,"DEU"
"297","385",1,"DEU"
"317","385",1,"DEU"
"328","385",1,"DEU"
"2","386",4,"DEU"
"5","386",1,"DEU"
"9","386",1,"DEU"
"12","386",1,"DEU"
"36","386",1,"DEU"
"40","386",1,"DEU"
"60","386",1,"DEU"
"64","386",1,"DEU"
"94","386",1,"DEU"
"95","386",1,"DEU"
"182","386",1,"DEU"
"195","386",1,"DEU"
"196","386",1,"DEU"
"215","386",2,"DEU"
"254","386",1,"DEU"
"287","386",1,"DEU"
"372","386",1,"DEU"
"1","387",1,"DEU"
"3","387",2,"DEU"
"14","387",1,"DEU"
"17","387",1,"DEU"
"18","387",1,"DEU"
"30","387",3,"DEU"
"32","387",1,"DEU"
"33","387",1,"DEU"
"40","387",1,"DEU"
"57","387",1,"DEU"
"72","387",1,"DEU"
"90","387",1,"DEU"
"98","387",1,"DEU"
"101","387",1,"DEU"
"113","387",1,"DEU"
"126","387",1,"DEU"
"233","387",1,"DEU"
"235","387",1,"DEU"
"327","387",1,"DEU"
"356","387",2,"DEU"
"2","388",1,"DEU"
"6","388",1,"DEU"
"10","388",12,"DEU"
"15","388",1,"DEU"
"24","388",1,"DEU"
"25","388",1,"DEU"
"31","388",2,"DEU"
"48","388",1,"DEU"
"73","388",1,"DEU"
"84","388",1,"DEU"
"122","388",1,"DEU"
"348","388",1,"DEU"
"1","389",3,"DEU"
"2","389",5,"DEU"
"3","389",1,"DEU"
"4","389",2,"DEU"
"8","389",3,"DEU"
"20","389",1,"DEU"
"23","389",2,"DEU"
"24","389",1,"DEU"
"26","389",1,"DEU"
"27","389",1,"DEU"
"39","389",1,"DEU"
"43","389",1,"DEU"
"52","389",2,"DEU"
"54","389",1,"DEU"
"58","389",1,"DEU"
"119","389",1,"DEU"
"177","389",2,"DEU"
"189","389",1,"DEU"
"215","389",1,"DEU"
"292","389",1,"DEU"
"314","389",1,"DEU"
"1","390",1,"DEU"
"2","390",2,"DEU"
"3","390",3,"DEU"
"7","390",1,"DEU"
"11","390",1,"DEU"
"13","390",1,"DEU"
"15","390",2,"DEU"
"36","390",1,"DEU"
"37","390",1,"DEU"
"44","390",1,"DEU"
"56","390",1,"DEU"
"58","390",1,"DEU"
"63","390",1,"DEU"
"70","390",1,"DEU"
"74","390",1,"DEU"
"77","390",1,"DEU"
"81","390",1,"DEU"
"89","390",1,"DEU"
"103","390",1,"DEU"
"106","390",1,"DEU"
"150","390",1,"DEU"
"155","390",1,"DEU"
"252","390",1,"DEU"
"385","390",1,"DEU"
"1","391",2,"DEU"
"3","391",3,"DEU"
"10","391",1,"DEU"
"11","391",4,"DEU"
"17","391",1,"DEU"
"23","391",1,"DEU"
"24","391",1,"DEU"
"28","391",2,"DEU"
"33","391",1,"DEU"
"37","391",1,"DEU"
"55","391",1,"DEU"
"74","391",1,"DEU"
"78","391",1,"DEU"
"121","391",1,"DEU"
"234","391",1,"DEU"
"282","391",1,"DEU"
"2","392",6,"DEU"
"4","392",1,"DEU"
"6","392",1,"DEU"
"11","392",1,"DEU"
"12","392",2,"DEU"
"22","392",1,"DEU"
"32","392",1,"DEU"
"41","392",1,"DEU"
"42","392",1,"DEU"
"77","392",1,"DEU"
"87","392",1,"DEU"
"192","392",6,"DEU"
"228","392",1,"DEU"
"260","392",1,"DEU"
"362","392",1,"DEU"
"6","393",1,"DEU"
"21","393",1,"DEU"
"29","393",1,"DEU"
"63","393",1,"DEU"
"76","393",1,"DEU"
"82","393",2,"DEU"
"93","393",1,"DEU"
"113","393",1,"DEU"
"115","393",1,"DEU"
"159","393",1,"DEU"
"246","393",1,"DEU"
"318","393",2,"DEU"
"322","393",1,"DEU"
"1","394",6,"DEU"
"2","394",8,"DEU"
"3","394",1,"DEU"
"5","394",1,"DEU"
"8","394",1,"DEU"
"9","394",1,"DEU"
"10","394",1,"DEU"
"11","394",2,"DEU"
"37","394",1,"DEU"
"44","394",1,"DEU"
"58","394",1,"DEU"
"63","394",1,"DEU"
"80","394",1,"DEU"
"87","394",1,"DEU"
"102","394",1,"DEU"
"127","394",1,"DEU"
"142","394",1,"DEU"
"215","394",1,"DEU"
"217","394",1,"DEU"
"222","394",1,"DEU"
"1","395",1,"DEU"
"3","395",1,"DEU"
"9","395",4,"DEU"
"12","395",1,"DEU"
"13","395",1,"DEU"
"14","395",1,"DEU"
"22","395",1,"DEU"
"30","395",1,"DEU"
"32","395",1,"DEU"
"40","395",1,"DEU"
"43","395",1,"DEU"
"44","395",1,"DEU"
"76","395",1,"DEU"
"97","395",1,"DEU"
"104","395",1,"DEU"
"131","395",1,"DEU"
"135","395",1,"DEU"
"151","395",1,"DEU"
"193","395",1,"DEU"
"206","395",1,"DEU"
"243","395",1,"DEU"
"275","395",1,"DEU"
"281","395",1,"DEU"
"315","395",1,"DEU"
"371","395",1,"DEU"
"375","395",1,"DEU"
"384","395",1,"DEU"
"1","396",4,"DEU"
"2","396",3,"DEU"
"8","396",3,"DEU"
"18","396",1,"DEU"
"36","396",1,"DEU"
"56","396",1,"DEU"
"93","396",1,"DEU"
"195","396",20,"DEU"
"8","397",5,"DEU"
"9","397",1,"DEU"
"10","397",2,"DEU"
"14","397",1,"DEU"
"18","397",3,"DEU"
"20","397",2,"DEU"
"25","397",1,"DEU"
"32","397",1,"DEU"
"38","397",1,"DEU"
"46","397",1,"DEU"
"61","397",2,"DEU"
"72","397",1,"DEU"
"118","397",1,"DEU"
"132","397",1,"DEU"
"137","397",1,"DEU"
"165","397",1,"DEU"
"188","397",1,"DEU"
"300","397",1,"DEU"
"9","398",1,"DEU"
"19","398",2,"DEU"
"37","398",5,"DEU"
"46","398",1,"DEU"
"71","398",1,"DEU"
"92","398",2,"DEU"
"117","398",2,"DEU"
"145","398",1,"DEU"
"155","398",2,"DEU"
"180","398",1,"DEU"
"210","398",1,"DEU"
"218","398",2,"DEU"
"347","398",2,"DEU"
"355","398",1,"DEU"
"2","399",6,"DEU"
"5","399",1,"DEU"
"26","399",3,"DEU"
"78","399",1,"DEU"
"96","399",1,"DEU"
"102","399",2,"DEU"
"116","399",1,"DEU"
"124","399",2,"DEU"
"147","399",1,"DEU"
"224","399",1,"DEU"
"332","399",1,"DEU"
"3","400",1,"DEU"
"11","400",1,"DEU"
"16","400",1,"DEU"
"19","400",1,"DEU"
"35","400",2,"DEU"
"37","400",1,"DEU"
"57","400",1,"DEU"
"88","400",1,"DEU"
"134","400",1,"DEU"
"202","400",1,"DEU"
"298","400",1,"DEU"
"3","401",1,"DEU"
"4","401",1,"DEU"
"5","401",2,"DEU"
"11","401",1,"DEU"
"15","401",1,"DEU"
"17","401",1,"DEU"
"19","401",2,"DEU"
"22","401",1,"DEU"
"23","401",4,"DEU"
"24","401",1,"DEU"
"31","401",1,"DEU"
"37","401",1,"DEU"
"46","401",1,"DEU"
"49","401",2,"DEU"
"50","401",1,"DEU"
"71","401",2,"DEU"
"87","401",1,"DEU"
"97","401",1,"DEU"
"196","401",1,"DEU"
"222","401",1,"DEU"
"228","401",1,"DEU"
"240","401",1,"DEU"
"345","401",1,"DEU"
"1","402",3,"DEU"
"3","402",1,"DEU"
"4","402",1,"DEU"
"8","402",1,"DEU"
"17","402",1,"DEU"
"19","402",1,"DEU"
"23","402",1,"DEU"
"28","402",2,"DEU"
"34","402",1,"DEU"
"36","402",1,"DEU"
"48","402",1,"DEU"
"54","402",1,"DEU"
"90","402",1,"DEU"
"160","402",1,"DEU"
"183","402",1,"DEU"
"185","402",1,"DEU"
"202","402",1,"DEU"
"242","402",1,"DEU"
"289","402",1,"DEU"
"371","402",1,"DEU"
"1","403",1,"DEU"
"3","403",1,"DEU"
"11","403",1,"DEU"
"12","403",1,"DEU"
"16","403",1,"DEU"
"17","403",1,"DEU"
"21","403",1,"DEU"
"22","403",1,"DEU"
"23","403",1,"DEU"
"36","403",6,"DEU"
"40","403",1,"DEU"
"60","403",1,"DEU"
"82","403",1,"DEU"
"142","403",1,"DEU"
"312","403",3,"DEU"
"387","403",1,"DEU"
"2","404",2,"DEU"
"4","404",1,"DEU"
"7","404",1,"DEU"
"12","404",2,"DEU"
"13","404",1,"DEU"
"14","404",1,"DEU"
"17","404",3,"DEU"
"19","404",2,"DEU"
"21","404",1,"DEU"
"24","404",1,"DEU"
"31","404",1,"DEU"
"40","404",1,"DEU"
"47","404",1,"DEU"
"49","404",1,"DEU"
"89","404",2,"DEU"
"179","404",1,"DEU"
"184","404",1,"DEU"
"253","404",1,"DEU"
"304","404",1,"DEU"
"318","404",1,"DEU"
"338","404",1,"DEU"
"1","405",1,"DEU"
"2","405",1,"DEU"
"3","405",4,"DEU"
"8","405",1,"DEU"
"13","405",1,"DEU"
"21","405",1,"DEU"
"22","405",5,"DEU"
"24","405",1,"DEU"
"25","405",1,"DEU"
"31","405",1,"DEU"
"32","405",1,"DEU"
"37","405",1,"DEU"
"38","405",1,"DEU"
"41","405",1,"DEU"
"47","405",1,"DEU"
"156","405",1,"DEU"
"171","405",1,"DEU"
"219","405",1,"DEU"
"244","405",1,"DEU"
"3","406",1,"DEU"
"4","406",1,"DEU"
"8","406",1,"DEU"
"14","406",1,"DEU"
"15","406",1,"DEU"
"19","406",1,"DEU"
"26","406",1,"DEU"
"43","406",1,"DEU"
"57","406",1,"DEU"
"59","406",1,"DEU"
"66","406",1,"DEU"
"98","406",1,"DEU"
"110","406",2,"DEU"
"111","406",1,"DEU"
"131","406",1,"DEU"
"168","406",1,"DEU"
"207","406",2,"DEU"
"212","406",1,"DEU"
"222","406",1,"DEU"
"247","406",1,"DEU"
"248","406",1,"DEU"
"249","406",1,"DEU"
"291","406",1,"DEU"
"309","406",2,"DEU"
"318","406",1,"DEU"
"349","406",1,"DEU"
"350","406",2,"DEU"
"351","406",1,"DEU"
"365","406",2,"DEU"
"1","407",1,"DEU"
"3","407",1,"DEU"
"11","407",3,"DEU"
"13","407",1,"DEU"
"17","407",4,"DEU"
"18","407",1,"DEU"
"24","407",2,"DEU"
"28","407",1,"DEU"
"42","407",3,"DEU"
"53","407",2,"DEU"
"66","407",1,"DEU"
"73","407",1,"DEU"
"89","407",1,"DEU"
"100","407",1,"DEU"
"113","407",1,"DEU"
"133","407",1,"DEU"
"187","407",1,"DEU"
"234","407",1,"DEU"
"1","408",1,"DEU"
"2","408",1,"DEU"
"4","408",1,"DEU"
"16","408",1,"DEU"
"22","408",1,"DEU"
"24","408",1,"DEU"
"29","408",1,"DEU"
"129","408",1,"DEU"
"131","408",1,"DEU"
"272","408",1,"DEU"
"326","408",1,"DEU"
"328","408",1,"DEU"
"352","408",1,"DEU"
"405","408",1,"DEU"
"1","409",3,"DEU"
"2","409",1,"DEU"
"11","409",4,"DEU"
"13","409",1,"DEU"
"26","409",1,"DEU"
"28","409",1,"DEU"
"70","409",1,"DEU"
"71","409",1,"DEU"
"132","409",1,"DEU"
"204","409",1,"DEU"
"2","410",4,"DEU"
"3","410",1,"DEU"
"4","410",1,"DEU"
"8","410",9,"DEU"
"18","410",1,"DEU"
"20","410",1,"DEU"
"22","410",1,"DEU"
"24","410",1,"DEU"
"26","410",2,"DEU"
"38","410",1,"DEU"
"48","410",1,"DEU"
"56","410",1,"DEU"
"73","410",1,"DEU"
"81","410",1,"DEU"
"212","410",1,"DEU"
"238","410",1,"DEU"
"289","410",1,"DEU"
"2","411",1,"DEU"
"11","411",5,"DEU"
"14","411",1,"DEU"
"18","411",4,"DEU"
"23","411",1,"DEU"
"42","411",2,"DEU"
"47","411",2,"DEU"
"100","411",1,"DEU"
"123","411",1,"DEU"
"194","411",1,"DEU"
"221","411",1,"DEU"
"288","411",1,"DEU"
"367","411",1,"DEU"
"382","411",1,"DEU"
"2","412",1,"DEU"
"3","412",3,"DEU"
"4","412",1,"DEU"
"5","412",2,"DEU"
"6","412",1,"DEU"
"16","412",2,"DEU"
"21","412",6,"DEU"
"23","412",1,"DEU"
"28","412",1,"DEU"
"31","412",1,"DEU"
"76","412",2,"DEU"
"96","412",1,"DEU"
"174","412",1,"DEU"
"222","412",1,"DEU"
"357","412",1,"DEU"
"376","412",1,"DEU"
"5","413",1,"DEU"
"8","413",1,"DEU"
"27","413",4,"DEU"
"39","413",1,"DEU"
"45","413",1,"DEU"
"50","413",4,"DEU"
"54","413",2,"DEU"
"86","413",1,"DEU"
"183","413",2,"DEU"
"217","413",1,"DEU"
"234","413",1,"DEU"
"277","413",2,"DEU"
"1","414",5,"DEU"
"2","414",2,"DEU"
"3","414",3,"DEU"
"6","414",1,"DEU"
"7","414",1,"DEU"
"11","414",2,"DEU"
"12","414",2,"DEU"
"24","414",1,"DEU"
"28","414",1,"DEU"
"43","414",1,"DEU"
"51","414",1,"DEU"
"56","414",1,"DEU"
"86","414",1,"DEU"
"88","414",1,"DEU"
"90","414",1,"DEU"
"97","414",1,"DEU"
"137","414",1,"DEU"
"305","414",1,"DEU"
"310","414",1,"DEU"
"327","414",1,"DEU"
"1","415",2,"DEU"
"2","415",1,"DEU"
"3","415",1,"DEU"
"4","415",1,"DEU"
"8","415",2,"DEU"
"10","415",1,"DEU"
"18","415",1,"DEU"
"21","415",1,"DEU"
"25","415",2,"DEU"
"27","415",3,"DEU"
"31","415",1,"DEU"
"40","415",1,"DEU"
"41","415",1,"DEU"
"45","415",1,"DEU"
"55","415",1,"DEU"
"57","415",1,"DEU"
"79","415",1,"DEU"
"121","415",1,"DEU"
"134","415",1,"DEU"
"187","415",1,"DEU"
"220","415",1,"DEU"
"357","415",1,"DEU"
"2","416",1,"DEU"
"6","416",2,"DEU"
"11","416",2,"DEU"
"12","416",1,"DEU"
"21","416",5,"DEU"
"32","416",1,"DEU"
"58","416",1,"DEU"
"76","416",2,"DEU"
"135","416",7,"DEU"
"138","416",1,"DEU"
"144","416",1,"DEU"
"150","416",1,"DEU"
"168","416",1,"DEU"
"193","416",1,"DEU"
"283","416",1,"DEU"
"299","416",1,"DEU"
"393","416",2,"DEU"
"403","416",1,"DEU"
"1","417",1,"DEU"
"8","417",1,"DEU"
"9","417",3,"DEU"
"11","417",1,"DEU"
"13","417",1,"DEU"
"15","417",2,"DEU"
"20","417",1,"DEU"
"37","417",1,"DEU"
"44","417",1,"DEU"
"46","417",1,"DEU"
"68","417",1,"DEU"
"76","417",1,"DEU"
"84","417",1,"DEU"
"104","417",1,"DEU"
"110","417",1,"DEU"
"131","417",1,"DEU"
"144","417",1,"DEU"
"193","417",1,"DEU"
"243","417",1,"DEU"
"248","417",1,"DEU"
"264","417",1,"DEU"
"302","417",2,"DEU"
"326","417",1,"DEU"
"330","417",1,"DEU"
"346","417",2,"DEU"
"1","418",1,"DEU"
"3","418",1,"DEU"
"11","418",1,"DEU"
"12","418",2,"DEU"
"18","418",1,"DEU"
"32","418",1,"DEU"
"35","418",1,"DEU"
"44","418",1,"DEU"
"58","418",1,"DEU"
"76","418",1,"DEU"
"82","418",1,"DEU"
"94","418",1,"DEU"
"104","418",4,"DEU"
"112","418",1,"DEU"
"135","418",1,"DEU"
"138","418",1,"DEU"
"241","418",1,"DEU"
"247","418",1,"DEU"
"269","418",1,"DEU"
"292","418",1,"DEU"
"377","418",1,"DEU"
"379","418",1,"DEU"
"395","418",1,"DEU"
"2","419",3,"DEU"
"3","419",1,"DEU"
"4","419",1,"DEU"
"7","419",2,"DEU"
"14","419",1,"DEU"
"15","419",11,"DEU"
"20","419",1,"DEU"
"26","419",4,"DEU"
"111","419",1,"DEU"
"142","419",1,"DEU"
"155","419",1,"DEU"
"364","419",1,"DEU"
"1","420",3,"DEU"
"2","420",4,"DEU"
"4","420",1,"DEU"
"8","420",1,"DEU"
"10","420",1,"DEU"
"12","420",1,"DEU"
"15","420",2,"DEU"
"26","420",1,"DEU"
"64","420",1,"DEU"
"87","420",1,"DEU"
"97","420",1,"DEU"
"121","420",1,"DEU"
"133","420",1,"DEU"
"262","420",1,"DEU"
"277","420",1,"DEU"
"386","420",1,"DEU"
"1","421",1,"DEU"
"2","421",2,"DEU"
"3","421",2,"DEU"
"19","421",3,"DEU"
"22","421",1,"DEU"
"24","421",1,"DEU"
"43","421",1,"DEU"
"52","421",1,"DEU"
"92","421",1,"DEU"
"100","421",1,"DEU"
"121","421",1,"DEU"
"155","421",1,"DEU"
"260","421",1,"DEU"
"267","421",1,"DEU"
"331","421",1,"DEU"
"1","422",1,"DEU"
"2","422",1,"DEU"
"3","422",1,"DEU"
"4","422",1,"DEU"
"6","422",1,"DEU"
"14","422",1,"DEU"
"18","422",2,"DEU"
"32","422",1,"DEU"
"83","422",1,"DEU"
"135","422",1,"DEU"
"192","422",2,"DEU"
"250","422",1,"DEU"
"302","422",6,"DEU"
"403","422",1,"DEU"
"1","423",1,"DEU"
"6","423",1,"DEU"
"7","423",2,"DEU"
"8","423",1,"DEU"
"13","423",2,"DEU"
"15","423",1,"DEU"
"16","423",1,"DEU"
"24","423",2,"DEU"
"27","423",1,"DEU"
"33","423",1,"DEU"
"34","423",1,"DEU"
"45","423",1,"DEU"
"50","423",2,"DEU"
"53","423",1,"DEU"
"59","423",1,"DEU"
"70","423",2,"DEU"
"89","423",1,"DEU"
"92","423",1,"DEU"
"100","423",1,"DEU"
"186","423",1,"DEU"
"187","423",1,"DEU"
"222","423",1,"DEU"
"231","423",1,"DEU"
"259","423",1,"DEU"
"1","424",4,"DEU"
"2","424",5,"DEU"
"3","424",1,"DEU"
"7","424",2,"DEU"
"11","424",1,"DEU"
"12","424",1,"DEU"
"26","424",1,"DEU"
"55","424",1,"DEU"
"80","424",1,"DEU"
"240","424",1,"DEU"
"243","424",1,"DEU"
"272","424",1,"DEU"
"2","425",1,"DEU"
"3","425",1,"DEU"
"8","425",1,"DEU"
"15","425",1,"DEU"
"24","425",1,"DEU"
"30","425",1,"DEU"
"33","425",1,"DEU"
"35","425",1,"DEU"
"42","425",1,"DEU"
"46","425",1,"DEU"
"72","425",1,"DEU"
"101","425",1,"DEU"
"118","425",1,"DEU"
"173","425",1,"DEU"
"222","425",1,"DEU"
"1","426",2,"DEU"
"4","426",1,"DEU"
"8","426",2,"DEU"
"10","426",1,"DEU"
"13","426",1,"DEU"
"14","426",2,"DEU"
"16","426",1,"DEU"
"17","426",1,"DEU"
"18","426",1,"DEU"
"19","426",1,"DEU"
"20","426",1,"DEU"
"22","426",1,"DEU"
"24","426",1,"DEU"
"27","426",1,"DEU"
"45","426",1,"DEU"
"54","426",2,"DEU"
"84","426",1,"DEU"
"85","426",1,"DEU"
"101","426",1,"DEU"
"108","426",1,"DEU"
"177","426",1,"DEU"
"202","426",1,"DEU"
"253","426",2,"DEU"
"423","426",1,"DEU"
"2","427",1,"DEU"
"8","427",1,"DEU"
"9","427",1,"DEU"
"11","427",1,"DEU"
"15","427",6,"DEU"
"26","427",1,"DEU"
"32","427",1,"DEU"
"44","427",1,"DEU"
"61","427",1,"DEU"
"80","427",1,"DEU"
"81","427",1,"DEU"
"141","427",1,"DEU"
"142","427",1,"DEU"
"166","427",1,"DEU"
"232","427",1,"DEU"
"256","427",1,"DEU"
"3","428",1,"DEU"
"4","428",1,"DEU"
"6","428",1,"DEU"
"7","428",1,"DEU"
"11","428",16,"DEU"
"18","428",1,"DEU"
"25","428",2,"DEU"
"29","428",1,"DEU"
"32","428",1,"DEU"
"36","428",4,"DEU"
"62","428",1,"DEU"
"273","428",1,"DEU"
"391","428",1,"DEU"
"1","429",1,"DEU"
"3","429",1,"DEU"
"7","429",1,"DEU"
"8","429",2,"DEU"
"16","429",17,"DEU"
"21","429",1,"DEU"
"51","429",2,"DEU"
"53","429",1,"DEU"
"91","429",1,"DEU"
"199","429",1,"DEU"
"272","429",1,"DEU"
"400","429",1,"DEU"
"1","430",11,"DEU"
"2","430",4,"DEU"
"4","430",1,"DEU"
"11","430",1,"DEU"
"13","430",1,"DEU"
"15","430",1,"DEU"
"22","430",1,"DEU"
"28","430",1,"DEU"
"37","430",1,"DEU"
"71","430",1,"DEU"
"85","430",1,"DEU"
"117","430",1,"DEU"
"254","430",1,"DEU"
"290","430",1,"DEU"
"407","430",1,"DEU"
"1","431",2,"DEU"
"2","431",3,"DEU"
"3","431",6,"DEU"
"4","431",2,"DEU"
"6","431",2,"DEU"
"10","431",1,"DEU"
"25","431",1,"DEU"
"48","431",1,"DEU"
"59","431",1,"DEU"
"63","431",1,"DEU"
"73","431",1,"DEU"
"79","431",1,"DEU"
"102","431",1,"DEU"
"107","431",2,"DEU"
"121","431",1,"DEU"
"134","431",1,"DEU"
"252","431",1,"DEU"
"289","431",1,"DEU"
"290","431",1,"DEU"
"5","432",1,"DEU"
"6","432",1,"DEU"
"13","432",2,"DEU"
"16","432",2,"DEU"
"17","432",1,"DEU"
"21","432",1,"DEU"
"37","432",1,"DEU"
"73","432",1,"DEU"
"84","432",1,"DEU"
"134","432",1,"DEU"
"160","432",1,"DEU"
"190","432",1,"DEU"
"283","432",1,"DEU"
"302","432",1,"DEU"
"376","432",1,"DEU"
"431","432",1,"DEU"
"1","433",3,"DEU"
"5","433",2,"DEU"
"9","433",2,"DEU"
"22","433",1,"DEU"
"23","433",1,"DEU"
"28","433",1,"DEU"
"30","433",1,"DEU"
"54","433",1,"DEU"
"74","433",1,"DEU"
"79","433",1,"DEU"
"85","433",3,"DEU"
"119","433",1,"DEU"
"163","433",1,"DEU"
"214","433",1,"DEU"
"299","433",1,"DEU"
"1","434",4,"DEU"
"4","434",1,"DEU"
"6","434",1,"DEU"
"7","434",1,"DEU"
"11","434",1,"DEU"
"12","434",2,"DEU"
"14","434",3,"DEU"
"15","434",1,"DEU"
"17","434",1,"DEU"
"20","434",1,"DEU"
"22","434",1,"DEU"
"30","434",1,"DEU"
"135","434",1,"DEU"
"167","434",1,"DEU"
"283","434",2,"DEU"
"433","434",1,"DEU"
"4","435",1,"DEU"
"15","435",3,"DEU"
"25","435",1,"DEU"
"32","435",1,"DEU"
"57","435",1,"DEU"
"67","435",1,"DEU"
"68","435",2,"DEU"
"94","435",2,"DEU"
"98","435",1,"DEU"
"160","435",2,"DEU"
"168","435",2,"DEU"
"193","435",1,"DEU"
"198","435",1,"DEU"
"206","435",1,"DEU"
"224","435",1,"DEU"
"281","435",2,"DEU"
"351","435",2,"DEU"
"379","435",1,"DEU"
"1","436",1,"DEU"
"2","436",1,"DEU"
"6","436",1,"DEU"
"7","436",1,"DEU"
"8","436",2,"DEU"
"10","436",1,"DEU"
"19","436",1,"DEU"
"24","436",2,"DEU"
"27","436",1,"DEU"
"29","436",1,"DEU"
"32","436",1,"DEU"
"55","436",1,"DEU"
"67","436",1,"DEU"
"68","436",6,"DEU"
"70","436",1,"DEU"
"75","436",2,"DEU"
"132","436",1,"DEU"
"136","436",1,"DEU"
"184","436",1,"DEU"
"285","436",2,"DEU"
"378","436",1,"DEU"
"402","436",1,"DEU"
"3","437",1,"DEU"
"5","437",2,"DEU"
"13","437",3,"DEU"
"17","437",2,"DEU"
"24","437",1,"DEU"
"28","437",1,"DEU"
"31","437",2,"DEU"
"32","437",3,"DEU"
"48","437",1,"DEU"
"53","437",1,"DEU"
"55","437",1,"DEU"
"79","437",2,"DEU"
"90","437",1,"DEU"
"158","437",1,"DEU"
"256","437",1,"DEU"
"316","437",1,"DEU"
"367","437",1,"DEU"
"1","438",1,"DEU"
"2","438",1,"DEU"
"3","438",1,"DEU"
"11","438",1,"DEU"
"15","438",1,"DEU"
"16","438",3,"DEU"
"18","438",1,"DEU"
"19","438",3,"DEU"
"31","438",2,"DEU"
"32","438",2,"DEU"
"42","438",2,"DEU"
"49","438",1,"DEU"
"58","438",1,"DEU"
"64","438",1,"DEU"
"70","438",1,"DEU"
"71","438",1,"DEU"
"117","438",5,"DEU"
"130","438",1,"DEU"
"138","438",1,"DEU"
"264","438",1,"DEU"
"311","438",1,"DEU"
"426","438",1,"DEU"
"5","439",1,"DEU"
"8","439",1,"DEU"
"18","439",1,"DEU"
"19","439",1,"DEU"
"24","439",4,"DEU"
"29","439",1,"DEU"
"37","439",1,"DEU"
"51","439",1,"DEU"
"59","439",1,"DEU"
"101","439",2,"DEU"
"103","439",1,"DEU"
"119","439",1,"DEU"
"166","439",1,"DEU"
"171","439",1,"DEU"
"174","439",1,"DEU"
"285","439",1,"DEU"
"294","439",1,"DEU"
"344","439",1,"DEU"
"352","439",1,"DEU"
"438","439",2,"DEU"
"1","440",2,"DEU"
"4","440",1,"DEU"
"7","440",1,"DEU"
"8","440",1,"DEU"
"12","440",1,"DEU"
"17","440",9,"DEU"
"26","440",1,"DEU"
"28","440",1,"DEU"
"35","440",1,"DEU"
"54","440",1,"DEU"
"70","440",1,"DEU"
"103","440",1,"DEU"
"108","440",1,"DEU"
"230","440",1,"DEU"
"419","440",1,"DEU"
"1","441",7,"DEU"
"2","441",3,"DEU"
"4","441",1,"DEU"
"6","441",1,"DEU"
"10","441",2,"DEU"
"12","441",2,"DEU"
"26","441",1,"DEU"
"43","441",3,"DEU"
"44","441",1,"DEU"
"63","441",1,"DEU"
"131","441",1,"DEU"
"156","441",1,"DEU"
"191","441",1,"DEU"
"249","441",1,"DEU"
"2","442",2,"DEU"
"8","442",1,"DEU"
"19","442",1,"DEU"
"24","442",1,"DEU"
"46","442",1,"DEU"
"88","442",1,"DEU"
"1","443",1,"DEU"
"12","443",2,"DEU"
"28","443",2,"DEU"
"31","443",1,"DEU"
"42","443",1,"DEU"
"146","443",1,"DEU"
"155","443",1,"DEU"
"159","443",1,"DEU"
"177","443",1,"DEU"
"287","443",1,"DEU"
"400","443",1,"DEU"
"420","443",1,"DEU"
"2","444",2,"DEU"
"3","444",1,"DEU"
"6","444",1,"DEU"
"8","444",1,"DEU"
"11","444",1,"DEU"
"12","444",1,"DEU"
"18","444",3,"DEU"
"19","444",1,"DEU"
"20","444",2,"DEU"
"26","444",1,"DEU"
"38","444",2,"DEU"
"77","444",1,"DEU"
"111","444",1,"DEU"
"119","444",1,"DEU"
"189","444",1,"DEU"
"218","444",1,"DEU"
"231","444",1,"DEU"
"345","444",1,"DEU"
"2","445",2,"DEU"
"3","445",2,"DEU"
"10","445",2,"DEU"
"12","445",2,"DEU"
"17","445",1,"DEU"
"19","445",1,"DEU"
"25","445",1,"DEU"
"58","445",1,"DEU"
"182","445",1,"DEU"
"284","445",1,"DEU"
"320","445",2,"DEU"
"3","446",1,"DEU"
"4","446",1,"DEU"
"5","446",1,"DEU"
"7","446",2,"DEU"
"9","446",1,"DEU"
"12","446",1,"DEU"
"23","446",1,"DEU"
"24","446",1,"DEU"
"31","446",2,"DEU"
"52","446",1,"DEU"
"53","446",1,"DEU"
"66","446",2,"DEU"
"101","446",1,"DEU"
"106","446",1,"DEU"
"258","446",1,"DEU"
"353","446",1,"DEU"
"403","446",1,"DEU"
"425","446",2,"DEU"
"1","447",1,"DEU"
"2","447",2,"DEU"
"7","447",1,"DEU"
"12","447",2,"DEU"
"15","447",4,"DEU"
"32","447",1,"DEU"
"38","447",1,"DEU"
"44","447",7,"DEU"
"127","447",1,"DEU"
"140","447",2,"DEU"
"189","447",1,"DEU"
"216","447",2,"DEU"
"258","447",1,"DEU"
"1","448",8,"DEU"
"2","448",3,"DEU"
"12","448",1,"DEU"
"13","448",1,"DEU"
"15","448",2,"DEU"
"19","448",1,"DEU"
"22","448",2,"DEU"
"26","448",1,"DEU"
"31","448",1,"DEU"
"36","448",1,"DEU"
"39","448",1,"DEU"
"41","448",1,"DEU"
"42","448",1,"DEU"
"47","448",1,"DEU"
"71","448",1,"DEU"
"114","448",1,"DEU"
"184","448",1,"DEU"
"273","448",1,"DEU"
"1","449",1,"DEU"
"10","449",1,"DEU"
"11","449",2,"DEU"
"22","449",1,"DEU"
"28","449",1,"DEU"
"29","449",1,"DEU"
"34","449",1,"DEU"
"40","449",1,"DEU"
"42","449",1,"DEU"
"44","449",1,"DEU"
"48","449",1,"DEU"
"72","449",1,"DEU"
"96","449",1,"DEU"
"133","449",1,"DEU"
"139","449",1,"DEU"
"182","449",1,"DEU"
"211","449",1,"DEU"
"294","449",1,"DEU"
"336","449",1,"DEU"
"390","449",1,"DEU"
"443","449",1,"DEU"
"3","450",3,"DEU"
"4","450",10,"DEU"
"11","450",2,"DEU"
"12","450",1,"DEU"
"22","450",1,"DEU"
"23","450",1,"DEU"
"24","450",1,"DEU"
"30","450",2,"DEU"
"41","450",1,"DEU"
"62","450",1,"DEU"
"78","450",1,"DEU"
"176","450",1,"DEU"
"187","450",2,"DEU"
"363","450",1,"DEU"
"378","450",1,"DEU"
"1","451",4,"DEU"
"2","451",2,"DEU"
"3","451",1,"DEU"
"4","451",1,"DEU"
"6","451",1,"DEU"
"11","451",1,"DEU"
"15","451",1,"DEU"
"19","451",1,"DEU"
"24","451",1,"DEU"
"39","451",1,"DEU"
"63","451",1,"DEU"
"80","451",1,"DEU"
"120","451",1,"DEU"
"124","451",3,"DEU"
"140","451",1,"DEU"
"171","451",1,"DEU"
"189","451",1,"DEU"
"271","451",1,"DEU"
"273","451",1,"DEU"
"1","452",1,"DEU"
"2","452",2,"DEU"
"4","452",1,"DEU"
"6","452",1,"DEU"
"10","452",2,"DEU"
"11","452",2,"DEU"
"13","452",3,"DEU"
"17","452",1,"DEU"
"32","452",2,"DEU"
"44","452",1,"DEU"
"56","452",2,"DEU"
"80","452",1,"DEU"
"85","452",1,"DEU"
"90","452",1,"DEU"
"180","452",1,"DEU"
"446","452",1,"DEU"
"4","453",1,"DEU"
"9","453",2,"DEU"
"10","453",1,"DEU"
"11","453",1,"DEU"
"15","453",1,"DEU"
"36","453",1,"DEU"
"39","453",1,"DEU"
"40","453",1,"DEU"
"42","453",1,"DEU"
"159","453",1,"DEU"
"168","453",2,"DEU"
"198","453",1,"DEU"
"220","453",2,"DEU"
"291","453",2,"DEU"
"373","453",1,"DEU"
"380","453",1,"DEU"
"1","454",1,"DEU"
"2","454",2,"DEU"
"4","454",2,"DEU"
"7","454",3,"DEU"
"14","454",1,"DEU"
"15","454",2,"DEU"
"21","454",1,"DEU"
"22","454",1,"DEU"
"26","454",1,"DEU"
"38","454",1,"DEU"
"40","454",2,"DEU"
"127","454",1,"DEU"
"140","454",1,"DEU"
"194","454",1,"DEU"
"220","454",1,"DEU"
"239","454",1,"DEU"
"5","455",1,"DEU"
"8","455",4,"DEU"
"11","455",1,"DEU"
"15","455",2,"DEU"
"18","455",2,"DEU"
"20","455",3,"DEU"
"21","455",1,"DEU"
"22","455",1,"DEU"
"25","455",1,"DEU"
"36","455",1,"DEU"
"37","455",1,"DEU"
"38","455",1,"DEU"
"61","455",2,"DEU"
"64","455",1,"DEU"
"66","455",1,"DEU"
"71","455",1,"DEU"
"75","455",1,"DEU"
"90","455",1,"DEU"
"93","455",1,"DEU"
"171","455",1,"DEU"
"217","455",1,"DEU"
"307","455",1,"DEU"
"344","455",1,"DEU"
"2","456",1,"DEU"
"3","456",1,"DEU"
"15","456",2,"DEU"
"19","456",1,"DEU"
"32","456",1,"DEU"
"33","456",1,"DEU"
"34","456",1,"DEU"
"56","456",1,"DEU"
"67","456",1,"DEU"
"108","456",1,"DEU"
"117","456",1,"DEU"
"120","456",1,"DEU"
"163","456",1,"DEU"
"236","456",2,"DEU"
"252","456",1,"DEU"
"305","456",1,"DEU"
"307","456",1,"DEU"
"398","456",1,"DEU"
"433","456",1,"DEU"
"1","457",1,"DEU"
"4","457",10,"DEU"
"5","457",3,"DEU"
"11","457",1,"DEU"
"24","457",1,"DEU"
"29","457",1,"DEU"
"33","457",1,"DEU"
"36","457",1,"DEU"
"42","457",1,"DEU"
"47","457",1,"DEU"
"62","457",1,"DEU"
"87","457",1,"DEU"
"100","457",1,"DEU"
"250","457",1,"DEU"
"1","458",1,"DEU"
"2","458",1,"DEU"
"9","458",1,"DEU"
"11","458",1,"DEU"
"12","458",1,"DEU"
"16","458",1,"DEU"
"20","458",1,"DEU"
"24","458",1,"DEU"
"25","458",1,"DEU"
"28","458",1,"DEU"
"36","458",1,"DEU"
"42","458",1,"DEU"
"47","458",2,"DEU"
"48","458",1,"DEU"
"60","458",1,"DEU"
"81","458",1,"DEU"
"286","458",1,"DEU"
"332","458",1,"DEU"
"342","458",1,"DEU"
"363","458",1,"DEU"
"1","459",2,"DEU"
"2","459",2,"DEU"
"17","459",1,"DEU"
"18","459",1,"DEU"
"19","459",1,"DEU"
"24","459",1,"DEU"
"26","459",1,"DEU"
"28","459",1,"DEU"
"34","459",2,"DEU"
"37","459",1,"DEU"
"39","459",1,"DEU"
"74","459",1,"DEU"
"102","459",7,"DEU"
"121","459",1,"DEU"
"128","459",1,"DEU"
"201","459",1,"DEU"
"401","459",1,"DEU"
"412","459",1,"DEU"
"439","459",1,"DEU"
"1","460",8,"DEU"
"2","460",4,"DEU"
"3","460",1,"DEU"
"8","460",2,"DEU"
"18","460",2,"DEU"
"27","460",1,"DEU"
"30","460",2,"DEU"
"74","460",1,"DEU"
"149","460",1,"DEU"
"227","460",1,"DEU"
"263","460",1,"DEU"
"347","460",1,"DEU"
"432","460",1,"DEU"
"11","461",8,"DEU"
"16","461",1,"DEU"
"27","461",1,"DEU"
"48","461",2,"DEU"
"60","461",1,"DEU"
"66","461",1,"DEU"
"70","461",1,"DEU"
"72","461",1,"DEU"
"101","461",1,"DEU"
"121","461",1,"DEU"
"130","461",1,"DEU"
"166","461",1,"DEU"
"197","461",1,"DEU"
"401","461",1,"DEU"
"2","462",5,"DEU"
"4","462",1,"DEU"
"6","462",2,"DEU"
"12","462",6,"DEU"
"13","462",1,"DEU"
"15","462",2,"DEU"
"18","462",1,"DEU"
"21","462",1,"DEU"
"33","462",1,"DEU"
"34","462",3,"DEU"
"38","462",2,"DEU"
"65","462",1,"DEU"
"81","462",1,"DEU"
"102","462",1,"DEU"
"120","462",1,"DEU"
"439","462",1,"DEU"
"3","463",1,"DEU"
"6","463",1,"DEU"
"9","463",1,"DEU"
"10","463",8,"DEU"
"27","463",1,"DEU"
"33","463",1,"DEU"
"37","463",1,"DEU"
"70","463",1,"DEU"
"97","463",1,"DEU"
"182","463",1,"DEU"
"244","463",1,"DEU"
"338","463",1,"DEU"
"422","463",1,"DEU"
"461","463",1,"DEU"
"2","464",1,"DEU"
"9","464",2,"DEU"
"18","464",1,"DEU"
"20","464",3,"DEU"
"26","464",1,"DEU"
"28","464",1,"DEU"
"32","464",1,"DEU"
"34","464",1,"DEU"
"36","464",1,"DEU"
"43","464",1,"DEU"
"97","464",1,"DEU"
"104","464",1,"DEU"
"135","464",1,"DEU"
"144","464",1,"DEU"
"160","464",1,"DEU"
"243","464",1,"DEU"
"253","464",1,"DEU"
"270","464",1,"DEU"
"275","464",1,"DEU"
"302","464",1,"DEU"
"326","464",1,"DEU"
"384","464",1,"DEU"
"435","464",1,"DEU"
"453","464",1,"DEU"
"3","465",1,"DEU"
"6","465",1,"DEU"
"8","465",6,"DEU"
"9","465",1,"DEU"
"10","465",1,"DEU"
"18","465",1,"DEU"
"19","465",1,"DEU"
"20","465",1,"DEU"
"25","465",1,"DEU"
"48","465",1,"DEU"
"61","465",3,"DEU"
"63","465",1,"DEU"
"103","465",1,"DEU"
"156","465",1,"DEU"
"224","465",1,"DEU"
"264","465",1,"DEU"
"1","466",1,"DEU"
"3","466",3,"DEU"
"5","466",1,"DEU"
"17","466",1,"DEU"
"28","466",1,"DEU"
"35","466",1,"DEU"
"57","466",2,"DEU"
"58","466",1,"DEU"
"62","466",1,"DEU"
"71","466",1,"DEU"
"87","466",1,"DEU"
"276","466",1,"DEU"
"1","467",1,"DEU"
"2","467",1,"DEU"
"3","467",2,"DEU"
"4","467",4,"DEU"
"9","467",1,"DEU"
"10","467",1,"DEU"
"15","467",2,"DEU"
"19","467",2,"DEU"
"20","467",1,"DEU"
"29","467",1,"DEU"
"35","467",1,"DEU"
"134","467",1,"DEU"
"1","468",6,"DEU"
"3","468",4,"DEU"
"4","468",2,"DEU"
"5","468",1,"DEU"
"6","468",1,"DEU"
"7","468",3,"DEU"
"12","468",1,"DEU"
"25","468",1,"DEU"
"47","468",2,"DEU"
"84","468",2,"DEU"
"109","468",1,"DEU"
"237","468",1,"DEU"
"463","468",1,"DEU"
"1","469",3,"DEU"
"3","469",2,"DEU"
"7","469",1,"DEU"
"11","469",2,"DEU"
"19","469",1,"DEU"
"23","469",1,"DEU"
"31","469",1,"DEU"
"33","469",1,"DEU"
"45","469",1,"DEU"
"90","469",1,"DEU"
"129","469",1,"DEU"
"133","469",1,"DEU"
"186","469",1,"DEU"
"228","469",1,"DEU"
"452","469",1,"DEU"
"1","470",1,"DEU"
"3","470",1,"DEU"
"8","470",1,"DEU"
"17","470",1,"DEU"
"23","470",2,"DEU"
"33","470",1,"DEU"
"46","470",1,"DEU"
"47","470",1,"DEU"
"68","470",1,"DEU"
"88","470",3,"DEU"
"103","470",1,"DEU"
"245","470",1,"DEU"
"426","470",1,"DEU"
"4","471",1,"DEU"
"7","471",2,"DEU"
"8","471",1,"DEU"
"11","471",1,"DEU"
"12","471",1,"DEU"
"17","471",1,"DEU"
"19","471",1,"DEU"
"24","471",1,"DEU"
"46","471",1,"DEU"
"53","471",1,"DEU"
"75","471",1,"DEU"
"92","471",1,"DEU"
"196","471",1,"DEU"
"202","471",1,"DEU"
"219","471",1,"DEU"
"393","471",1,"DEU"
"1","472",1,"DEU"
"6","472",1,"DEU"
"7","472",3,"DEU"
"13","472",1,"DEU"
"15","472",1,"DEU"
"18","472",1,"DEU"
"25","472",1,"DEU"
"26","472",1,"DEU"
"38","472",1,"DEU"
"65","472",1,"DEU"
"126","472",1,"DEU"
"142","472",1,"DEU"
"1","473",2,"DEU"
"5","473",1,"DEU"
"7","473",1,"DEU"
"9","473",1,"DEU"
"11","473",1,"DEU"
"16","473",1,"DEU"
"18","473",1,"DEU"
"21","473",1,"DEU"
"32","473",2,"DEU"
"45","473",1,"DEU"
"67","473",2,"DEU"
"103","473",1,"DEU"
"121","473",1,"DEU"
"140","473",1,"DEU"
"153","473",1,"DEU"
"160","473",1,"DEU"
"174","473",1,"DEU"
"179","473",1,"DEU"
"319","473",1,"DEU"
"344","473",1,"DEU"
"415","473",1,"DEU"
"1","474",4,"DEU"
"2","474",2,"DEU"
"7","474",1,"DEU"
"10","474",1,"DEU"
"11","474",1,"DEU"
"18","474",1,"DEU"
"19","474",1,"DEU"
"30","474",1,"DEU"
"32","474",1,"DEU"
"40","474",1,"DEU"
"71","474",1,"DEU"
"72","474",1,"DEU"
"97","474",1,"DEU"
"146","474",1,"DEU"
"153","474",1,"DEU"
"173","474",1,"DEU"
"328","474",1,"DEU"
"340","474",1,"DEU"
"350","474",1,"DEU"
"1","475",3,"DEU"
"2","475",5,"DEU"
"6","475",1,"DEU"
"7","475",3,"DEU"
"15","475",2,"DEU"
"25","475",1,"DEU"
"26","475",1,"DEU"
"64","475",1,"DEU"
"70","475",1,"DEU"
"85","475",1,"DEU"
"1","476",3,"DEU"
"6","476",1,"DEU"
"15","476",2,"DEU"
"16","476",2,"DEU"
"17","476",1,"DEU"
"22","476",1,"DEU"
"24","476",1,"DEU"
"36","476",1,"DEU"
"45","476",4,"DEU"
"55","476",1,"DEU"
"177","476",1,"DEU"
"186","476",1,"DEU"
"219","476",1,"DEU"
"223","476",1,"DEU"
"326","476",1,"DEU"
"330","476",1,"DEU"
"406","476",1,"DEU"
"1","477",1,"DEU"
"11","477",10,"DEU"
"28","477",1,"DEU"
"54","477",1,"DEU"
"78","477",1,"DEU"
"90","477",1,"DEU"
"132","477",1,"DEU"
"140","477",1,"DEU"
"162","477",1,"DEU"
"232","477",1,"DEU"
"369","477",1,"DEU"
"421","477",1,"DEU"
"434","477",1,"DEU"
"436","477",1,"DEU"
"1","478",1,"DEU"
"2","478",2,"DEU"
"3","478",1,"DEU"
"6","478",1,"DEU"
"7","478",1,"DEU"
"10","478",1,"DEU"
"12","478",1,"DEU"
"14","478",1,"DEU"
"30","478",1,"DEU"
"31","478",1,"DEU"
"73","478",1,"DEU"
"93","478",3,"DEU"
"113","478",1,"DEU"
"121","478",1,"DEU"
"155","478",1,"DEU"
"182","478",1,"DEU"
"194","478",3,"DEU"
"334","478",1,"DEU"
"1","479",5,"DEU"
"2","479",2,"DEU"
"3","479",4,"DEU"
"8","479",1,"DEU"
"18","479",1,"DEU"
"19","479",1,"DEU"
"26","479",3,"DEU"
"40","479",1,"DEU"
"41","479",1,"DEU"
"116","479",1,"DEU"
"178","479",1,"DEU"
"189","479",1,"DEU"
"325","479",1,"DEU"
"398","479",1,"DEU"
"432","479",1,"DEU"
"1","480",1,"DEU"
"4","480",8,"DEU"
"27","480",1,"DEU"
"28","480",1,"DEU"
"29","480",2,"DEU"
"277","480",1,"DEU"
"2","481",1,"DEU"
"4","481",1,"DEU"
"6","481",1,"DEU"
"7","481",1,"DEU"
"11","481",1,"DEU"
"12","481",2,"DEU"
"24","481",1,"DEU"
"29","481",1,"DEU"
"30","481",1,"DEU"
"36","481",1,"DEU"
"59","481",1,"DEU"
"60","481",1,"DEU"
"104","481",1,"DEU"
"112","481",1,"DEU"
"118","481",1,"DEU"
"205","481",1,"DEU"
"215","481",1,"DEU"
"241","481",1,"DEU"
"287","481",1,"DEU"
"288","481",1,"DEU"
"306","481",1,"DEU"
"412","481",1,"DEU"
"420","481",1,"DEU"
"1","482",2,"DEU"
"2","482",2,"DEU"
"3","482",3,"DEU"
"4","482",2,"DEU"
"5","482",1,"DEU"
"6","482",3,"DEU"
"17","482",3,"DEU"
"18","482",1,"DEU"
"22","482",1,"DEU"
"26","482",1,"DEU"
"40","482",1,"DEU"
"51","482",1,"DEU"
"79","482",1,"DEU"
"124","482",1,"DEU"
"157","482",1,"DEU"
"179","482",1,"DEU"
"250","482",1,"DEU"
"362","482",1,"DEU"
"442","482",1,"DEU"
"1","483",5,"DEU"
"2","483",2,"DEU"
"4","483",1,"DEU"
"6","483",1,"DEU"
"12","483",1,"DEU"
"13","483",1,"DEU"
"17","483",1,"DEU"
"25","483",1,"DEU"
"26","483",1,"DEU"
"33","483",1,"DEU"
"48","483",1,"DEU"
"56","483",3,"DEU"
"69","483",1,"DEU"
"133","483",1,"DEU"
"190","483",1,"DEU"
"294","483",1,"DEU"
"310","483",3,"DEU"
"374","483",1,"DEU"
"1","484",1,"DEU"
"2","484",1,"DEU"
"10","484",3,"DEU"
"13","484",1,"DEU"
"18","484",1,"DEU"
"29","484",1,"DEU"
"42","484",1,"DEU"
"48","484",1,"DEU"
"60","484",1,"DEU"
"65","484",1,"DEU"
"107","484",1,"DEU"
"161","484",3,"DEU"
"167","484",1,"DEU"
"192","484",1,"DEU"
"246","484",1,"DEU"
"256","484",1,"DEU"
"388","484",1,"DEU"
"418","484",2,"DEU"
"22","485",1,"DEU"
"41","485",1,"DEU"
"63","485",16,"DEU"
"189","485",4,"DEU"
"409","485",2,"DEU"
"459","485",1,"DEU"
"2","486",1,"DEU"
"3","486",3,"DEU"
"4","486",1,"DEU"
"21","486",1,"DEU"
"23","486",1,"DEU"
"25","486",1,"DEU"
"28","486",1,"DEU"
"30","486",1,"DEU"
"31","486",2,"DEU"
"42","486",1,"DEU"
"44","486",1,"DEU"
"45","486",3,"DEU"
"60","486",1,"DEU"
"61","486",1,"DEU"
"74","486",1,"DEU"
"101","486",2,"DEU"
"108","486",1,"DEU"
"156","486",1,"DEU"
"202","486",1,"DEU"
"2","487",2,"DEU"
"3","487",2,"DEU"
"4","487",9,"DEU"
"6","487",1,"DEU"
"7","487",1,"DEU"
"12","487",1,"DEU"
"15","487",1,"DEU"
"26","487",1,"DEU"
"29","487",2,"DEU"
"31","487",1,"DEU"
"36","487",2,"DEU"
"44","487",1,"DEU"
"62","487",1,"DEU"
"94","487",1,"DEU"
"258","487",1,"DEU"
"370","487",1,"DEU"
"1","488",3,"DEU"
"4","488",7,"DEU"
"5","488",1,"DEU"
"12","488",1,"DEU"
"22","488",3,"DEU"
"36","488",1,"DEU"
"41","488",1,"DEU"
"59","488",1,"DEU"
"85","488",2,"DEU"
"99","488",1,"DEU"
"133","488",1,"DEU"
"150","488",2,"DEU"
"1","489",1,"DEU"
"2","489",2,"DEU"
"3","489",1,"DEU"
"6","489",1,"DEU"
"9","489",2,"DEU"
"15","489",1,"DEU"
"46","489",1,"DEU"
"97","489",1,"DEU"
"144","489",1,"DEU"
"149","489",1,"DEU"
"226","489",1,"DEU"
"242","489",1,"DEU"
"243","489",1,"DEU"
"275","489",3,"DEU"
"300","489",1,"DEU"
"330","489",1,"DEU"
"346","489",1,"DEU"
"3","490",1,"DEU"
"12","490",2,"DEU"
"47","490",1,"DEU"
"76","490",1,"DEU"
"84","490",1,"DEU"
"104","490",8,"DEU"
"135","490",1,"DEU"
"138","490",1,"DEU"
"152","490",1,"DEU"
"193","490",1,"DEU"
"247","490",5,"DEU"
"281","490",1,"DEU"
"351","490",1,"DEU"
"453","490",1,"DEU"
"490","490",1,"DEU"
"1","491",5,"DEU"
"2","491",1,"DEU"
"3","491",4,"DEU"
"4","491",1,"DEU"
"5","491",1,"DEU"
"7","491",1,"DEU"
"12","491",1,"DEU"
"17","491",1,"DEU"
"37","491",2,"DEU"
"50","491",1,"DEU"
"121","491",1,"DEU"
"231","491",1,"DEU"
"256","491",1,"DEU"
"339","491",1,"DEU"
"1","492",1,"DEU"
"5","492",1,"DEU"
"6","492",1,"DEU"
"11","492",1,"DEU"
"13","492",1,"DEU"
"16","492",1,"DEU"
"19","492",1,"DEU"
"28","492",1,"DEU"
"30","492",1,"DEU"
"44","492",1,"DEU"
"57","492",1,"DEU"
"67","492",1,"DEU"
"86","492",4,"DEU"
"191","492",1,"DEU"
"256","492",1,"DEU"
"1","493",14,"DEU"
"2","493",1,"DEU"
"4","493",2,"DEU"
"6","493",1,"DEU"
"7","493",2,"DEU"
"11","493",1,"DEU"
"28","493",2,"DEU"
"40","493",1,"DEU"
"62","493",1,"DEU"
"86","493",1,"DEU"
"300","493",1,"DEU"
"1","494",3,"DEU"
"2","494",3,"DEU"
"5","494",1,"DEU"
"6","494",1,"DEU"
"10","494",1,"DEU"
"12","494",1,"DEU"
"23","494",1,"DEU"
"26","494",1,"DEU"
"37","494",1,"DEU"
"127","494",1,"DEU"
"129","494",1,"DEU"
"141","494",1,"DEU"
"153","494",1,"DEU"
"365","494",1,"DEU"
"393","494",1,"DEU"
"432","494",1,"DEU"
"440","494",1,"DEU"
"1","495",1,"DEU"
"2","495",1,"DEU"
"4","495",2,"DEU"
"29","495",1,"DEU"
"67","495",1,"DEU"
"103","495",1,"DEU"
"126","495",1,"DEU"
"195","495",7,"DEU"
"208","495",1,"DEU"
"390","495",1,"DEU"
"2","496",6,"DEU"
"3","496",7,"DEU"
"4","496",1,"DEU"
"8","496",1,"DEU"
"12","496",1,"DEU"
"15","496",1,"DEU"
"20","496",1,"DEU"
"61","496",1,"DEU"
"327","496",1,"DEU"
"329","496",1,"DEU"
"431","496",1,"DEU"
"1","497",6,"DEU"
"2","497",1,"DEU"
"3","497",3,"DEU"
"13","497",1,"DEU"
"17","497",1,"DEU"
"21","497",1,"DEU"
"29","497",1,"DEU"
"41","497",1,"DEU"
"85","497",1,"DEU"
"107","497",1,"DEU"
"108","497",1,"DEU"
"161","497",1,"DEU"
"204","497",1,"DEU"
"3","498",2,"DEU"
"7","498",2,"DEU"
"10","498",1,"DEU"
"23","498",1,"DEU"
"87","498",1,"DEU"
"179","498",1,"DEU"
"273","498",1,"DEU"
"277","498",1,"DEU"
"445","498",1,"DEU"
"1","499",1,"DEU"
"2","499",3,"DEU"
"4","499",1,"DEU"
"7","499",3,"DEU"
"8","499",1,"DEU"
"15","499",1,"DEU"
"20","499",1,"DEU"
"26","499",1,"DEU"
"40","499",1,"DEU"
"78","499",1,"DEU"
"80","499",1,"DEU"
"97","499",1,"DEU"
"127","499",1,"DEU"
"140","499",1,"DEU"
"143","499",1,"DEU"
"1","500",2,"DEU"
"2","500",2,"DEU"
"3","500",1,"DEU"
"8","500",1,"DEU"
"23","500",1,"DEU"
"26","500",1,"DEU"
"27","500",1,"DEU"
"50","500",1,"DEU"
"69","500",1,"DEU"
"75","500",1,"DEU"
"78","500",1,"DEU"
"81","500",1,"DEU"
"145","500",1,"DEU"
"170","500",1,"DEU"
"425","500",1,"DEU"
"1","501",1,"DEU"
"5","501",1,"DEU"
"7","501",1,"DEU"
"8","501",1,"DEU"
"10","501",1,"DEU"
"24","501",1,"DEU"
"28","501",1,"DEU"
"31","501",3,"DEU"
"35","501",1,"DEU"
"42","501",1,"DEU"
"44","501",1,"DEU"
"66","501",1,"DEU"
"86","501",1,"DEU"
"98","501",1,"DEU"
"128","501",1,"DEU"
"143","501",1,"DEU"
"276","501",1,"DEU"
"491","501",1,"DEU"
"6","502",1,"DEU"
"16","502",2,"DEU"
"19","502",1,"DEU"
"21","502",1,"DEU"
"24","502",7,"DEU"
"25","502",1,"DEU"
"27","502",1,"DEU"
"34","502",1,"DEU"
"45","502",1,"DEU"
"50","502",1,"DEU"
"90","502",1,"DEU"
"184","502",1,"DEU"
"186","502",5,"DEU"
"233","502",2,"DEU"
"7","503",1,"DEU"
"11","503",1,"DEU"
"19","503",1,"DEU"
"32","503",2,"DEU"
"38","503",1,"DEU"
"46","503",1,"DEU"
"71","503",1,"DEU"
"169","503",5,"DEU"
"265","503",1,"DEU"
"447","503",1,"DEU"
"2","504",1,"DEU"
"4","504",1,"DEU"
"6","504",1,"DEU"
"8","504",1,"DEU"
"13","504",1,"DEU"
"14","504",1,"DEU"
"15","504",2,"DEU"
"16","504",1,"DEU"
"18","504",1,"DEU"
"27","504",1,"DEU"
"42","504",1,"DEU"
"49","504",1,"DEU"
"103","504",1,"DEU"
"106","504",2,"DEU"
"147","504",1,"DEU"
"166","504",1,"DEU"
"226","504",1,"DEU"
"237","504",1,"DEU"
"381","504",1,"DEU"
"439","504",1,"DEU"
"1","505",1,"DEU"
"3","505",1,"DEU"
"11","505",1,"DEU"
"14","505",1,"DEU"
"33","505",1,"DEU"
"35","505",2,"DEU"
"41","505",1,"DEU"
"56","505",1,"DEU"
"71","505",1,"DEU"
"81","505",1,"DEU"
"179","505",5,"DEU"
"374","505",1,"DEU"
"391","505",1,"DEU"
"3","506",4,"DEU"
"6","506",1,"DEU"
"10","506",1,"DEU"
"19","506",1,"DEU"
"33","506",1,"DEU"
"35","506",1,"DEU"
"96","506",1,"DEU"
"126","506",1,"DEU"
"179","506",2,"DEU"
"304","506",1,"DEU"
"314","506",1,"DEU"
"498","506",2,"DEU"
"4","507",1,"DEU"
"82","507",9,"DEU"
"94","507",2,"DEU"
"122","507",1,"DEU"
"131","507",1,"DEU"
"152","507",1,"DEU"
"192","507",1,"DEU"
"193","507",1,"DEU"
"281","507",1,"DEU"
"291","507",1,"DEU"
"297","507",1,"DEU"
"300","507",1,"DEU"
"316","507",1,"DEU"
"422","507",4,"DEU"
"432","507",1,"DEU"
"1","508",1,"DEU"
"2","508",2,"DEU"
"6","508",1,"DEU"
"12","508",1,"DEU"
"15","508",1,"DEU"
"16","508",1,"DEU"
"18","508",1,"DEU"
"37","508",3,"DEU"
"39","508",1,"DEU"
"49","508",1,"DEU"
"89","508",1,"DEU"
"93","508",2,"DEU"
"105","508",1,"DEU"
"131","508",1,"DEU"
"148","508",1,"DEU"
"198","508",1,"DEU"
"268","508",1,"DEU"
"279","508",1,"DEU"
"395","508",2,"DEU"
"451","508",1,"DEU"
"1","509",1,"DEU"
"2","509",1,"DEU"
"4","509",2,"DEU"
"10","509",1,"DEU"
"13","509",1,"DEU"
"18","509",1,"DEU"
"22","509",1,"DEU"
"26","509",1,"DEU"
"43","509",2,"DEU"
"46","509",1,"DEU"
"65","509",1,"DEU"
"68","509",1,"DEU"
"114","509",1,"DEU"
"120","509",1,"DEU"
"243","509",3,"DEU"
"245","509",1,"DEU"
"270","509",1,"DEU"
"326","509",1,"DEU"
"330","509",1,"DEU"
"371","509",1,"DEU"
"372","509",1,"DEU"
"384","509",2,"DEU"
"435","509",1,"DEU"
"1","510",11,"DEU"
"2","510",2,"DEU"
"4","510",1,"DEU"
"12","510",1,"DEU"
"13","510",1,"DEU"
"17","510",1,"DEU"
"21","510",1,"DEU"
"22","510",2,"DEU"
"26","510",1,"DEU"
"31","510",1,"DEU"
"39","510",1,"DEU"
"40","510",1,"DEU"
"48","510",1,"DEU"
"62","510",1,"DEU"
"99","510",1,"DEU"
"472","510",1,"DEU"
"1","511",2,"DEU"
"2","511",9,"DEU"
"7","511",1,"DEU"
"9","511",1,"DEU"
"11","511",3,"DEU"
"12","511",2,"DEU"
"22","511",1,"DEU"
"25","511",1,"DEU"
"26","511",1,"DEU"
"29","511",1,"DEU"
"41","511",1,"DEU"
"44","511",1,"DEU"
"97","511",1,"DEU"
"318","511",1,"DEU"
"1","512",1,"DEU"
"2","512",1,"DEU"
"3","512",1,"DEU"
"6","512",2,"DEU"
"7","512",2,"DEU"
"11","512",1,"DEU"
"12","512",1,"DEU"
"15","512",1,"DEU"
"20","512",2,"DEU"
"25","512",1,"DEU"
"26","512",4,"DEU"
"63","512",1,"DEU"
"70","512",1,"DEU"
"90","512",1,"DEU"
"116","512",1,"DEU"
"235","512",1,"DEU"
"1","513",3,"DEU"
"2","513",4,"DEU"
"3","513",1,"DEU"
"4","513",1,"DEU"
"8","513",2,"DEU"
"12","513",1,"DEU"
"13","513",1,"DEU"
"44","513",2,"DEU"
"57","513",1,"DEU"
"132","513",1,"DEU"
"275","513",1,"DEU"
"2","514",2,"DEU"
"6","514",7,"DEU"
"8","514",1,"DEU"
"12","514",1,"DEU"
"13","514",1,"DEU"
"19","514",1,"DEU"
"23","514",1,"DEU"
"83","514",1,"DEU"
"84","514",1,"DEU"
"92","514",1,"DEU"
"146","514",1,"DEU"
"377","514",1,"DEU"
"479","514",1,"DEU"
"3","515",1,"DEU"
"4","515",2,"DEU"
"6","515",2,"DEU"
"8","515",1,"DEU"
"11","515",4,"DEU"
"15","515",1,"DEU"
"16","515",1,"DEU"
"19","515",1,"DEU"
"21","515",1,"DEU"
"30","515",1,"DEU"
"31","515",1,"DEU"
"32","515",1,"DEU"
"33","515",1,"DEU"
"34","515",1,"DEU"
"36","515",1,"DEU"
"53","515",1,"DEU"
"73","515",1,"DEU"
"77","515",1,"DEU"
"245","515",1,"DEU"
"273","515",1,"DEU"
"1","516",1,"DEU"
"2","516",1,"DEU"
"4","516",3,"DEU"
"11","516",1,"DEU"
"15","516",1,"DEU"
"36","516",1,"DEU"
"64","516",1,"DEU"
"83","516",1,"DEU"
"93","516",1,"DEU"
"206","516",1,"DEU"
"246","516",1,"DEU"
"291","516",1,"DEU"
"365","516",4,"DEU"
"393","516",2,"DEU"
"481","516",1,"DEU"
"2","517",1,"DEU"
"3","517",1,"DEU"
"4","517",1,"DEU"
"6","517",1,"DEU"
"14","517",1,"DEU"
"15","517",1,"DEU"
"18","517",2,"DEU"
"20","517",1,"DEU"
"56","517",3,"DEU"
"61","517",1,"DEU"
"64","517",1,"DEU"
"69","517",1,"DEU"
"110","517",1,"DEU"
"212","517",1,"DEU"
"233","517",1,"DEU"
"350","517",1,"DEU"
"3","518",1,"DEU"
"8","518",1,"DEU"
"11","518",5,"DEU"
"12","518",1,"DEU"
"66","518",1,"DEU"
"89","518",1,"DEU"
"90","518",1,"DEU"
"99","518",1,"DEU"
"123","518",1,"DEU"
"339","518",1,"DEU"
"496","518",1,"DEU"
"3","519",1,"DEU"
"13","519",2,"DEU"
"15","519",1,"DEU"
"23","519",1,"DEU"
"28","519",1,"DEU"
"31","519",1,"DEU"
"48","519",1,"DEU"
"50","519",1,"DEU"
"55","519",1,"DEU"
"62","519",1,"DEU"
"70","519",1,"DEU"
"96","519",1,"DEU"
"108","519",1,"DEU"
"130","519",1,"DEU"
"132","519",1,"DEU"
"373","519",1,"DEU"
"454","519",1,"DEU"
"479","519",1,"DEU"
"1","520",1,"DEU"
"4","520",1,"DEU"
"7","520",1,"DEU"
"11","520",2,"DEU"
"12","520",1,"DEU"
"24","520",2,"DEU"
"27","520",1,"DEU"
"36","520",1,"DEU"
"42","520",2,"DEU"
"43","520",2,"DEU"
"45","520",1,"DEU"
"53","520",3,"DEU"
"100","520",1,"DEU"
"161","520",1,"DEU"
"171","520",1,"DEU"
"201","520",1,"DEU"
"223","520",2,"DEU"
"290","520",1,"DEU"
"316","520",1,"DEU"
"1","521",1,"DEU"
"3","521",1,"DEU"
"4","521",1,"DEU"
"5","521",1,"DEU"
"6","521",3,"DEU"
"15","521",1,"DEU"
"24","521",1,"DEU"
"31","521",1,"DEU"
"36","521",1,"DEU"
"132","521",1,"DEU"
"156","521",1,"DEU"
"197","521",1,"DEU"
"200","521",2,"DEU"
"315","521",1,"DEU"
"337","521",1,"DEU"
"390","521",1,"DEU"
"448","521",1,"DEU"
"480","521",1,"DEU"
"1","522",1,"DEU"
"3","522",1,"DEU"
"5","522",1,"DEU"
"8","522",2,"DEU"
"17","522",1,"DEU"
"31","522",1,"DEU"
"55","522",1,"DEU"
"74","522",1,"DEU"
"80","522",1,"DEU"
"85","522",1,"DEU"
"91","522",1,"DEU"
"153","522",1,"DEU"
"154","522",2,"DEU"
"333","522",1,"DEU"
"407","522",1,"DEU"
"423","522",1,"DEU"
"494","522",1,"DEU"
"1","523",1,"DEU"
"4","523",4,"DEU"
"8","523",1,"DEU"
"12","523",2,"DEU"
"14","523",1,"DEU"
"17","523",1,"DEU"
"20","523",1,"DEU"
"28","523",2,"DEU"
"33","523",1,"DEU"
"40","523",1,"DEU"
"46","523",1,"DEU"
"48","523",1,"DEU"
"65","523",1,"DEU"
"69","523",2,"DEU"
"82","523",1,"DEU"
"86","523",1,"DEU"
"139","523",1,"DEU"
"152","523",1,"DEU"
"275","523",1,"DEU"
"511","523",1,"DEU"
"516","523",1,"DEU"
"1","524",2,"DEU"
"3","524",5,"DEU"
"8","524",1,"DEU"
"10","524",3,"DEU"
"12","524",1,"DEU"
"16","524",1,"DEU"
"17","524",2,"DEU"
"24","524",1,"DEU"
"34","524",1,"DEU"
"40","524",1,"DEU"
"43","524",1,"DEU"
"45","524",1,"DEU"
"67","524",1,"DEU"
"86","524",1,"DEU"
"98","524",1,"DEU"
"165","524",1,"DEU"
"300","524",1,"DEU"
"3","525",1,"DEU"
"11","525",1,"DEU"
"19","525",1,"DEU"
"21","525",1,"DEU"
"47","525",1,"DEU"
"58","525",1,"DEU"
"65","525",1,"DEU"
"76","525",2,"DEU"
"83","525",1,"DEU"
"112","525",1,"DEU"
"135","525",1,"DEU"
"138","525",1,"DEU"
"144","525",1,"DEU"
"150","525",1,"DEU"
"193","525",1,"DEU"
"235","525",1,"DEU"
"300","525",1,"DEU"
"6","526",1,"DEU"
"9","526",2,"DEU"
"12","526",3,"DEU"
"20","526",1,"DEU"
"36","526",1,"DEU"
"76","526",3,"DEU"
"94","526",1,"DEU"
"108","526",1,"DEU"
"151","526",1,"DEU"
"160","526",1,"DEU"
"168","526",1,"DEU"
"193","526",2,"DEU"
"242","526",2,"DEU"
"309","526",1,"DEU"
"351","526",2,"DEU"
"359","526",1,"DEU"
"365","526",1,"DEU"
"395","526",1,"DEU"
"417","526",1,"DEU"
"507","526",1,"DEU"
"2","527",1,"DEU"
"9","527",7,"DEU"
"19","527",1,"DEU"
"41","527",1,"DEU"
"87","527",1,"DEU"
"111","527",1,"DEU"
"172","527",1,"DEU"
"204","527",1,"DEU"
"315","527",1,"DEU"
"433","527",1,"DEU"
"525","527",1,"DEU"
"1","528",1,"DEU"
"8","528",3,"DEU"
"9","528",1,"DEU"
"14","528",1,"DEU"
"63","528",1,"DEU"
"80","528",1,"DEU"
"144","528",8,"DEU"
"225","528",3,"DEU"
"473","528",1,"DEU"
"513","528",1,"DEU"
"2","529",4,"DEU"
"7","529",2,"DEU"
"12","529",1,"DEU"
"26","529",3,"DEU"
"29","529",1,"DEU"
"36","529",10,"DEU"
"53","529",1,"DEU"
"73","529",1,"DEU"
"116","529",1,"DEU"
"377","529",1,"DEU"
"2","530",3,"DEU"
"14","530",1,"DEU"
"20","530",1,"DEU"
"33","530",1,"DEU"
"38","530",1,"DEU"
"48","530",1,"DEU"
"110","530",2,"DEU"
"133","530",1,"DEU"
"141","530",1,"DEU"
"142","530",1,"DEU"
"279","530",1,"DEU"
"317","530",1,"DEU"
"327","530",1,"DEU"
"338","530",1,"DEU"
"386","530",3,"DEU"
"1","531",12,"DEU"
"2","531",4,"DEU"
"3","531",1,"DEU"
"4","531",1,"DEU"
"10","531",1,"DEU"
"15","531",1,"DEU"
"79","531",1,"DEU"
"122","531",2,"DEU"
"187","531",1,"DEU"
"328","531",1,"DEU"
"388","531",1,"DEU"
"2","532",2,"DEU"
"5","532",2,"DEU"
"18","532",1,"DEU"
"21","532",1,"DEU"
"29","532",1,"DEU"
"31","532",1,"DEU"
"37","532",1,"DEU"
"46","532",1,"DEU"
"117","532",1,"DEU"
"138","532",1,"DEU"
"244","532",1,"DEU"
"3","533",2,"DEU"
"4","533",1,"DEU"
"10","533",1,"DEU"
"11","533",1,"DEU"
"12","533",1,"DEU"
"25","533",1,"DEU"
"31","533",1,"DEU"
"32","533",1,"DEU"
"44","533",1,"DEU"
"57","533",1,"DEU"
"88","533",1,"DEU"
"100","533",1,"DEU"
"143","533",1,"DEU"
"227","533",1,"DEU"
"333","533",1,"DEU"
"2","534",4,"DEU"
"3","534",1,"DEU"
"6","534",1,"DEU"
"15","534",5,"DEU"
"44","534",1,"DEU"
"64","534",1,"DEU"
"97","534",1,"DEU"
"141","534",1,"DEU"
"165","534",1,"DEU"
"301","534",1,"DEU"
"317","534",1,"DEU"
"456","534",1,"DEU"
"513","534",1,"DEU"
"3","535",1,"DEU"
"8","535",1,"DEU"
"16","535",1,"DEU"
"18","535",1,"DEU"
"23","535",1,"DEU"
"24","535",1,"DEU"
"34","535",1,"DEU"
"51","535",1,"DEU"
"72","535",1,"DEU"
"96","535",1,"DEU"
"101","535",1,"DEU"
"106","535",1,"DEU"
"130","535",1,"DEU"
"187","535",1,"DEU"
"263","535",1,"DEU"
"429","535",1,"DEU"
"470","535",1,"DEU"
"1","536",1,"DEU"
"3","536",1,"DEU"
"4","536",1,"DEU"
"30","536",3,"DEU"
"82","536",1,"DEU"
"105","536",1,"DEU"
"137","536",1,"DEU"
"142","536",1,"DEU"
"259","536",1,"DEU"
"286","536",1,"DEU"
"298","536",1,"DEU"
"1","537",1,"DEU"
"4","537",1,"DEU"
"5","537",1,"DEU"
"6","537",1,"DEU"
"8","537",2,"DEU"
"11","537",1,"DEU"
"12","537",1,"DEU"
"18","537",1,"DEU"
"21","537",1,"DEU"
"22","537",3,"DEU"
"31","537",1,"DEU"
"100","537",2,"DEU"
"216","537",1,"DEU"
"271","537",1,"DEU"
"1","538",7,"DEU"
"2","538",5,"DEU"
"4","538",1,"DEU"
"6","538",1,"DEU"
"21","538",1,"DEU"
"23","538",1,"DEU"
"41","538",1,"DEU"
"63","538",1,"DEU"
"124","538",1,"DEU"
"153","538",1,"DEU"
"231","538",1,"DEU"
"391","538",3,"DEU"
"16","539",13,"DEU"
"23","539",1,"DEU"
"30","539",2,"DEU"
"53","539",1,"DEU"
"61","539",1,"DEU"
"71","539",2,"DEU"
"118","539",1,"DEU"
"359","539",1,"DEU"
"364","539",1,"DEU"
"414","539",1,"DEU"
"2","540",2,"DEU"
"3","540",1,"DEU"
"7","540",1,"DEU"
"17","540",3,"DEU"
"20","540",3,"DEU"
"39","540",1,"DEU"
"59","540",1,"DEU"
"140","540",1,"DEU"
"156","540",1,"DEU"
"172","540",1,"DEU"
"231","540",2,"DEU"
"304","540",1,"DEU"
"306","540",1,"DEU"
"506","540",1,"DEU"
"520","540",1,"DEU"
"1","541",1,"DEU"
"3","541",1,"DEU"
"5","541",2,"DEU"
"11","541",1,"DEU"
"15","541",1,"DEU"
"24","541",1,"DEU"
"29","541",2,"DEU"
"32","541",1,"DEU"
"36","541",2,"DEU"
"51","541",2,"DEU"
"54","541",1,"DEU"
"118","541",1,"DEU"
"138","541",1,"DEU"
"146","541",1,"DEU"
"150","541",1,"DEU"
"185","541",1,"DEU"
"217","541",1,"DEU"
"351","541",1,"DEU"
"358","541",1,"DEU"
"361","541",1,"DEU"
"478","541",1,"DEU"
"17","542",2,"DEU"
"18","542",1,"DEU"
"21","542",1,"DEU"
"22","542",1,"DEU"
"23","542",2,"DEU"
"25","542",1,"DEU"
"27","542",1,"DEU"
"34","542",1,"DEU"
"41","542",1,"DEU"
"42","542",1,"DEU"
"45","542",1,"DEU"
"79","542",1,"DEU"
"101","542",1,"DEU"
"129","542",1,"DEU"
"214","542",1,"DEU"
"219","542",1,"DEU"
"398","542",1,"DEU"
"447","542",1,"DEU"
"6","543",1,"DEU"
"8","543",1,"DEU"
"10","543",1,"DEU"
"11","543",1,"DEU"
"12","543",1,"DEU"
"18","543",3,"DEU"
"21","543",4,"DEU"
"27","543",1,"DEU"
"46","543",1,"DEU"
"69","543",1,"DEU"
"74","543",1,"DEU"
"144","543",1,"DEU"
"393","543",1,"DEU"
"504","543",1,"DEU"
"1","544",2,"DEU"
"8","544",1,"DEU"
"10","544",1,"DEU"
"16","544",1,"DEU"
"17","544",1,"DEU"
"19","544",1,"DEU"
"22","544",1,"DEU"
"24","544",1,"DEU"
"27","544",1,"DEU"
"28","544",1,"DEU"
"30","544",3,"DEU"
"32","544",1,"DEU"
"45","544",3,"DEU"
"47","544",1,"DEU"
"49","544",1,"DEU"
"51","544",1,"DEU"
"71","544",1,"DEU"
"134","544",1,"DEU"
"240","544",1,"DEU"
"414","544",1,"DEU"
"3","545",3,"DEU"
"4","545",9,"DEU"
"10","545",1,"DEU"
"19","545",1,"DEU"
"29","545",1,"DEU"
"32","545",1,"DEU"
"63","545",1,"DEU"
"85","545",1,"DEU"
"274","545",1,"DEU"
"393","545",1,"DEU"
"1","546",2,"DEU"
"2","546",2,"DEU"
"3","546",2,"DEU"
"4","546",1,"DEU"
"5","546",2,"DEU"
"8","546",1,"DEU"
"14","546",1,"DEU"
"16","546",1,"DEU"
"17","546",1,"DEU"
"19","546",1,"DEU"
"22","546",1,"DEU"
"24","546",1,"DEU"
"27","546",1,"DEU"
"49","546",1,"DEU"
"55","546",1,"DEU"
"81","546",1,"DEU"
"128","546",1,"DEU"
"187","546",1,"DEU"
"199","546",1,"DEU"
"222","546",1,"DEU"
"240","546",1,"DEU"
"514","546",1,"DEU"
"2","547",2,"DEU"
"3","547",1,"DEU"
"7","547",1,"DEU"
"13","547",1,"DEU"
"16","547",1,"DEU"
"20","547",7,"DEU"
"23","547",1,"DEU"
"116","547",1,"DEU"
"177","547",1,"DEU"
"189","547",1,"DEU"
"442","547",1,"DEU"
"449","547",1,"DEU"
"470","547",1,"DEU"
"1","548",1,"DEU"
"3","548",1,"DEU"
"11","548",1,"DEU"
"16","548",1,"DEU"
"23","548",1,"DEU"
"28","548",1,"DEU"
"34","548",5,"DEU"
"42","548",1,"DEU"
"45","548",1,"DEU"
"46","548",1,"DEU"
"49","548",1,"DEU"
"53","548",1,"DEU"
"67","548",2,"DEU"
"126","548",1,"DEU"
"221","548",1,"DEU"
"523","548",1,"DEU"
"1","549",4,"DEU"
"2","549",2,"DEU"
"3","549",1,"DEU"
"8","549",2,"DEU"
"11","549",1,"DEU"
"12","549",1,"DEU"
"27","549",1,"DEU"
"45","549",1,"DEU"
"52","549",2,"DEU"
"80","549",1,"DEU"
"96","549",1,"DEU"
"128","549",1,"DEU"
"132","549",1,"DEU"
"203","549",1,"DEU"
"294","549",1,"DEU"
"415","549",1,"DEU"
"428","549",1,"DEU"
"1","550",2,"DEU"
"4","550",1,"DEU"
"12","550",2,"DEU"
"18","550",1,"DEU"
"24","550",4,"DEU"
"33","550",2,"DEU"
"34","550",1,"DEU"
"44","550",1,"DEU"
"57","550",1,"DEU"
"92","550",1,"DEU"
"93","550",1,"DEU"
"101","550",1,"DEU"
"225","550",1,"DEU"
"233","550",1,"DEU"
"244","550",1,"DEU"
"251","550",1,"DEU"
"360","550",1,"DEU"
"1","551",1,"DEU"
"5","551",2,"DEU"
"6","551",1,"DEU"
"7","551",1,"DEU"
"17","551",1,"DEU"
"19","551",1,"DEU"
"24","551",2,"DEU"
"27","551",1,"DEU"
"34","551",1,"DEU"
"35","551",2,"DEU"
"37","551",1,"DEU"
"47","551",2,"DEU"
"53","551",1,"DEU"
"60","551",1,"DEU"
"80","551",1,"DEU"
"105","551",1,"DEU"
"109","551",1,"DEU"
"117","551",1,"DEU"
"227","551",1,"DEU"
"364","551",1,"DEU"
"2","552",1,"DEU"
"4","552",1,"DEU"
"12","552",1,"DEU"
"13","552",1,"DEU"
"15","552",1,"DEU"
"18","552",3,"DEU"
"37","552",1,"DEU"
"41","552",11,"DEU"
"67","552",1,"DEU"
"304","552",1,"DEU"
"522","552",1,"DEU"
"1","553",4,"DEU"
"2","553",5,"DEU"
"3","553",2,"DEU"
"10","553",1,"DEU"
"17","553",1,"DEU"
"39","553",1,"DEU"
"58","553",1,"DEU"
"80","553",1,"DEU"
"92","553",1,"DEU"
"101","553",1,"DEU"
"492","553",1,"DEU"
"497","553",1,"DEU"
"5","554",1,"DEU"
"6","554",1,"DEU"
"8","554",1,"DEU"
"9","554",1,"DEU"
"11","554",2,"DEU"
"18","554",1,"DEU"
"33","554",1,"DEU"
"34","554",1,"DEU"
"47","554",1,"DEU"
"53","554",1,"DEU"
"58","554",1,"DEU"
"101","554",1,"DEU"
"136","554",1,"DEU"
"188","554",1,"DEU"
"334","554",1,"DEU"
"347","554",1,"DEU"
"426","554",1,"DEU"
"553","554",1,"DEU"
"1","555",1,"DEU"
"2","555",10,"DEU"
"5","555",1,"DEU"
"24","555",1,"DEU"
"48","555",1,"DEU"
"67","555",1,"DEU"
"100","555",1,"DEU"
"107","555",1,"DEU"
"118","555",1,"DEU"
"272","555",1,"DEU"
"287","555",1,"DEU"
"433","555",1,"DEU"
"434","555",1,"DEU"
"1","556",2,"DEU"
"2","556",3,"DEU"
"3","556",1,"DEU"
"4","556",1,"DEU"
"6","556",2,"DEU"
"8","556",1,"DEU"
"17","556",1,"DEU"
"18","556",2,"DEU"
"21","556",1,"DEU"
"25","556",1,"DEU"
"26","556",1,"DEU"
"29","556",1,"DEU"
"40","556",1,"DEU"
"48","556",1,"DEU"
"59","556",1,"DEU"
"70","556",1,"DEU"
"291","556",1,"DEU"
"380","556",1,"DEU"
"1","557",1,"DEU"
"2","557",3,"DEU"
"3","557",2,"DEU"
"4","557",2,"DEU"
"7","557",1,"DEU"
"9","557",1,"DEU"
"12","557",1,"DEU"
"13","557",1,"DEU"
"59","557",1,"DEU"
"277","557",1,"DEU"
"506","557",1,"DEU"
"557","557",1,"DEU"
"1","558",1,"DEU"
"12","558",1,"DEU"
"60","558",2,"DEU"
"87","558",1,"DEU"
"134","558",2,"DEU"
"197","558",2,"DEU"
"353","558",1,"DEU"
"372","558",1,"DEU"
"402","558",1,"DEU"
"406","558",1,"DEU"
"460","558",1,"DEU"
"1","559",3,"DEU"
"2","559",3,"DEU"
"6","559",1,"DEU"
"11","559",3,"DEU"
"12","559",1,"DEU"
"22","559",2,"DEU"
"36","559",1,"DEU"
"39","559",2,"DEU"
"44","559",1,"DEU"
"63","559",1,"DEU"
"80","559",1,"DEU"
"85","559",1,"DEU"
"92","559",1,"DEU"
"258","559",1,"DEU"
"343","559",1,"DEU"
"439","559",1,"DEU"
"1","560",1,"DEU"
"2","560",8,"DEU"
"7","560",2,"DEU"
"10","560",1,"DEU"
"11","560",1,"DEU"
"12","560",1,"DEU"
"13","560",1,"DEU"
"21","560",1,"DEU"
"29","560",1,"DEU"
"40","560",1,"DEU"
"48","560",1,"DEU"
"55","560",1,"DEU"
"120","560",1,"DEU"
"165","560",1,"DEU"
"210","560",1,"DEU"
"289","560",1,"DEU"
"3","561",1,"DEU"
"7","561",1,"DEU"
"10","561",1,"DEU"
"11","561",2,"DEU"
"15","561",11,"DEU"
"20","561",1,"DEU"
"21","561",1,"DEU"
"25","561",1,"DEU"
"44","561",6,"DEU"
"71","561",1,"DEU"
"90","561",1,"DEU"
"237","561",1,"DEU"
"262","561",1,"DEU"
"1","562",2,"DEU"
"2","562",2,"DEU"
"19","562",1,"DEU"
"26","562",1,"DEU"
"65","562",1,"DEU"
"69","562",1,"DEU"
"88","562",2,"DEU"
"93","562",1,"DEU"
"131","562",1,"DEU"
"174","562",1,"DEU"
"184","562",1,"DEU"
"211","562",1,"DEU"
"324","562",1,"DEU"
"460","562",1,"DEU"
"2","563",1,"DEU"
"6","563",1,"DEU"
"7","563",1,"DEU"
"8","563",3,"DEU"
"11","563",2,"DEU"
"15","563",1,"DEU"
"20","563",2,"DEU"
"22","563",1,"DEU"
"36","563",1,"DEU"
"38","563",1,"DEU"
"63","563",1,"DEU"
"77","563",1,"DEU"
"141","563",1,"DEU"
"156","563",1,"DEU"
"204","563",1,"DEU"
"233","563",1,"DEU"
"370","563",1,"DEU"
"7","564",1,"DEU"
"16","564",1,"DEU"
"17","564",1,"DEU"
"20","564",1,"DEU"
"22","564",2,"DEU"
"24","564",3,"DEU"
"43","564",3,"DEU"
"90","564",1,"DEU"
"137","564",1,"DEU"
"138","564",1,"DEU"
"140","564",1,"DEU"
"155","564",1,"DEU"
"168","564",1,"DEU"
"247","564",1,"DEU"
"346","564",1,"DEU"
"354","564",1,"DEU"
"385","564",1,"DEU"
"3","565",1,"DEU"
"8","565",2,"DEU"
"11","565",1,"DEU"
"12","565",1,"DEU"
"15","565",3,"DEU"
"17","565",1,"DEU"
"18","565",1,"DEU"
"20","565",1,"DEU"
"21","565",1,"DEU"
"38","565",1,"DEU"
"42","565",1,"DEU"
"44","565",1,"DEU"
"46","565",1,"DEU"
"47","565",1,"DEU"
"171","565",3,"DEU"
"189","565",1,"DEU"
"296","565",1,"DEU"
"304","565",1,"DEU"
"43","566",1,"DEU"
"82","566",4,"DEU"
"104","566",8,"DEU"
"159","566",1,"DEU"
"211","566",1,"DEU"
"248","566",1,"DEU"
"268","566",1,"DEU"
"291","566",4,"DEU"
"308","566",2,"DEU"
"365","566",1,"DEU"
"380","566",1,"DEU"
"1","567",1,"DEU"
"5","567",2,"DEU"
"7","567",1,"DEU"
"8","567",3,"DEU"
"10","567",1,"DEU"
"99","567",2,"DEU"
"134","567",1,"DEU"
"148","567",1,"DEU"
"401","567",1,"DEU"
"1","568",1,"DEU"
"2","568",1,"DEU"
"3","568",1,"DEU"
"4","568",1,"DEU"
"11","568",1,"DEU"
"19","568",1,"DEU"
"27","568",1,"DEU"
"31","568",1,"DEU"
"41","568",5,"DEU"
"44","568",1,"DEU"
"45","568",1,"DEU"
"48","568",3,"DEU"
"56","568",1,"DEU"
"72","568",1,"DEU"
"108","568",1,"DEU"
"1","569",1,"DEU"
"2","569",2,"DEU"
"6","569",1,"DEU"
"10","569",1,"DEU"
"15","569",1,"DEU"
"21","569",1,"DEU"
"22","569",2,"DEU"
"25","569",1,"DEU"
"26","569",1,"DEU"
"56","569",1,"DEU"
"78","569",1,"DEU"
"212","569",1,"DEU"
"278","569",1,"DEU"
"283","569",1,"DEU"
"303","569",1,"DEU"
"3","570",2,"DEU"
"6","570",1,"DEU"
"7","570",1,"DEU"
"10","570",1,"DEU"
"12","570",1,"DEU"
"19","570",2,"DEU"
"33","570",3,"DEU"
"35","570",1,"DEU"
"111","570",1,"DEU"
"460","570",1,"DEU"
"1","571",3,"DEU"
"2","571",1,"DEU"
"3","571",1,"DEU"
"6","571",1,"DEU"
"10","571",1,"DEU"
"11","571",1,"DEU"
"12","571",1,"DEU"
"13","571",1,"DEU"
"14","571",1,"DEU"
"36","571",1,"DEU"
"47","571",1,"DEU"
"63","571",3,"DEU"
"85","571",2,"DEU"
"144","571",1,"DEU"
"522","571",1,"DEU"
"1","572",1,"DEU"
"4","572",4,"DEU"
"6","572",1,"DEU"
"8","572",1,"DEU"
"13","572",1,"DEU"
"20","572",1,"DEU"
"29","572",1,"DEU"
"34","572",1,"DEU"
"97","572",1,"DEU"
"133","572",1,"DEU"
"209","572",1,"DEU"
"471","572",1,"DEU"
"5","573",1,"DEU"
"22","573",5,"DEU"
"41","573",1,"DEU"
"89","573",1,"DEU"
"99","573",1,"DEU"
"483","573",1,"DEU"
"511","573",1,"DEU"
"1","574",1,"DEU"
"2","574",4,"DEU"
"7","574",1,"DEU"
"9","574",7,"DEU"
"10","574",1,"DEU"
"21","574",1,"DEU"
"24","574",1,"DEU"
"26","574",1,"DEU"
"45","574",1,"DEU"
"113","574",1,"DEU"
"155","574",1,"DEU"
"176","574",1,"DEU"
"223","574",1,"DEU"
"291","574",1,"DEU"
"549","574",1,"DEU"
"2","575",3,"DEU"
"4","575",3,"DEU"
"7","575",2,"DEU"
"11","575",1,"DEU"
"14","575",1,"DEU"
"15","575",1,"DEU"
"19","575",1,"DEU"
"20","575",1,"DEU"
"39","575",1,"DEU"
"44","575",1,"DEU"
"63","575",1,"DEU"
"64","575",1,"DEU"
"68","575",1,"DEU"
"81","575",1,"DEU"
"101","575",1,"DEU"
"132","575",1,"DEU"
"141","575",1,"DEU"
"536","575",1,"DEU"
"547","575",1,"DEU"
"3","576",1,"DEU"
"11","576",2,"DEU"
"15","576",1,"DEU"
"22","576",1,"DEU"
"32","576",1,"DEU"
"35","576",1,"DEU"
"46","576",1,"DEU"
"78","576",1,"DEU"
"85","576",1,"DEU"
"256","576",1,"DEU"
"3","577",3,"DEU"
"4","577",1,"DEU"
"13","577",2,"DEU"
"14","577",1,"DEU"
"15","577",1,"DEU"
"18","577",1,"DEU"
"21","577",1,"DEU"
"25","577",1,"DEU"
"27","577",1,"DEU"
"42","577",1,"DEU"
"62","577",1,"DEU"
"81","577",1,"DEU"
"98","577",1,"DEU"
"321","577",1,"DEU"
"451","577",1,"DEU"
"1","578",1,"DEU"
"7","578",1,"DEU"
"12","578",1,"DEU"
"13","578",1,"DEU"
"18","578",1,"DEU"
"20","578",1,"DEU"
"22","578",2,"DEU"
"26","578",1,"DEU"
"153","578",1,"DEU"
"188","578",1,"DEU"
"576","578",2,"DEU"
"1","579",3,"DEU"
"2","579",3,"DEU"
"9","579",1,"DEU"
"11","579",1,"DEU"
"13","579",1,"DEU"
"15","579",2,"DEU"
"18","579",2,"DEU"
"20","579",1,"DEU"
"40","579",1,"DEU"
"58","579",1,"DEU"
"59","579",1,"DEU"
"93","579",1,"DEU"
"109","579",1,"DEU"
"156","579",1,"DEU"
"577","579",1,"DEU"
"1","580",1,"DEU"
"2","580",1,"DEU"
"4","580",2,"DEU"
"10","580",1,"DEU"
"15","580",1,"DEU"
"30","580",1,"DEU"
"56","580",3,"DEU"
"110","580",1,"DEU"
"133","580",1,"DEU"
"150","580",1,"DEU"
"159","580",2,"DEU"
"212","580",1,"DEU"
"237","580",1,"DEU"
"279","580",1,"DEU"
"283","580",1,"DEU"
"525","580",1,"DEU"
"2","581",1,"DEU"
"6","581",1,"DEU"
"10","581",1,"DEU"
"11","581",1,"DEU"
"34","581",1,"DEU"
"54","581",1,"DEU"
"56","581",3,"DEU"
"73","581",1,"DEU"
"77","581",1,"DEU"
"89","581",1,"DEU"
"122","581",1,"DEU"
"133","581",2,"DEU"
"158","581",1,"DEU"
"246","581",1,"DEU"
"393","581",1,"DEU"
"418","581",1,"DEU"
"2","582",1,"DEU"
"6","582",1,"DEU"
"7","582",1,"DEU"
"8","582",1,"DEU"
"13","582",1,"DEU"
"15","582",6,"DEU"
"24","582",1,"DEU"
"25","582",1,"DEU"
"46","582",1,"DEU"
"137","582",1,"DEU"
"186","582",1,"DEU"
"309","582",1,"DEU"
"558","582",1,"DEU"
"1","583",1,"DEU"
"2","583",1,"DEU"
"6","583",1,"DEU"
"7","583",2,"DEU"
"9","583",1,"DEU"
"12","583",1,"DEU"
"15","583",5,"DEU"
"20","583",2,"DEU"
"25","583",2,"DEU"
"35","583",1,"DEU"
"409","583",1,"DEU"
"1","584",1,"DEU"
"4","584",1,"DEU"
"7","584",4,"DEU"
"10","584",1,"DEU"
"29","584",2,"DEU"
"58","584",1,"DEU"
"77","584",1,"DEU"
"102","584",1,"DEU"
"109","584",1,"DEU"
"161","584",2,"DEU"
"238","584",1,"DEU"
"325","584",1,"DEU"
"375","584",1,"DEU"
"377","584",1,"DEU"
"2","585",4,"DEU"
"5","585",1,"DEU"
"8","585",5,"DEU"
"21","585",1,"DEU"
"34","585",1,"DEU"
"80","585",1,"DEU"
"99","585",1,"DEU"
"153","585",1,"DEU"
"273","585",2,"DEU"
"313","585",1,"DEU"
"338","585",1,"DEU"
"511","585",1,"DEU"
"1","586",2,"DEU"
"2","586",2,"DEU"
"3","586",2,"DEU"
"7","586",3,"DEU"
"10","586",1,"DEU"
"11","586",3,"DEU"
"19","586",1,"DEU"
"25","586",1,"DEU"
"28","586",1,"DEU"
"35","586",1,"DEU"
"42","586",1,"DEU"
"57","586",1,"DEU"
"171","586",1,"DEU"
"192","586",1,"DEU"
"532","586",1,"DEU"
"1","587",1,"DEU"
"2","587",1,"DEU"
"6","587",3,"DEU"
"32","587",1,"DEU"
"36","587",1,"DEU"
"40","587",1,"DEU"
"43","587",1,"DEU"
"83","587",1,"DEU"
"93","587",1,"DEU"
"113","587",1,"DEU"
"114","587",1,"DEU"
"120","587",2,"DEU"
"205","587",3,"DEU"
"301","587",1,"DEU"
"315","587",2,"DEU"
"389","587",1,"DEU"
"395","587",1,"DEU"
"481","587",1,"DEU"
"1","588",1,"DEU"
"3","588",1,"DEU"
"4","588",2,"DEU"
"9","588",7,"DEU"
"12","588",1,"DEU"
"31","588",1,"DEU"
"33","588",1,"DEU"
"43","588",1,"DEU"
"69","588",2,"DEU"
"72","588",1,"DEU"
"203","588",1,"DEU"
"239","588",1,"DEU"
"315","588",1,"DEU"
"476","588",1,"DEU"
"1","589",1,"DEU"
"2","589",2,"DEU"
"3","589",1,"DEU"
"8","589",1,"DEU"
"16","589",2,"DEU"
"21","589",1,"DEU"
"26","589",1,"DEU"
"30","589",1,"DEU"
"45","589",3,"DEU"
"52","589",1,"DEU"
"61","589",1,"DEU"
"74","589",1,"DEU"
"91","589",2,"DEU"
"342","589",1,"DEU"
"442","589",1,"DEU"
"518","589",1,"DEU"
"1","590",7,"DEU"
"2","590",5,"DEU"
"4","590",1,"DEU"
"8","590",1,"DEU"
"26","590",1,"DEU"
"55","590",1,"DEU"
"56","590",1,"DEU"
"86","590",1,"DEU"
"171","590",1,"DEU"
"254","590",1,"DEU"
"322","590",1,"DEU"
"1","591",1,"DEU"
"2","591",2,"DEU"
"3","591",2,"DEU"
"7","591",2,"DEU"
"9","591",1,"DEU"
"15","591",1,"DEU"
"20","591",2,"DEU"
"21","591",1,"DEU"
"26","591",2,"DEU"
"35","591",1,"DEU"
"38","591",1,"DEU"
"40","591",2,"DEU"
"315","591",1,"DEU"
"362","591",1,"DEU"
"2","592",1,"DEU"
"3","592",3,"DEU"
"4","592",8,"DEU"
"8","592",1,"DEU"
"12","592",1,"DEU"
"48","592",1,"DEU"
"81","592",2,"DEU"
"127","592",1,"DEU"
"390","592",1,"DEU"
"460","592",1,"DEU"
"1","593",2,"DEU"
"2","593",1,"DEU"
"4","593",1,"DEU"
"7","593",1,"DEU"
"11","593",1,"DEU"
"13","593",1,"DEU"
"23","593",1,"DEU"
"24","593",1,"DEU"
"56","593",1,"DEU"
"70","593",1,"DEU"
"87","593",1,"DEU"
"99","593",1,"DEU"
"134","593",1,"DEU"
"141","593",1,"DEU"
"180","593",1,"DEU"
"191","593",1,"DEU"
"197","593",1,"DEU"
"260","593",1,"DEU"
"331","593",1,"DEU"
"354","593",1,"DEU"
"5","594",1,"DEU"
"8","594",1,"DEU"
"11","594",3,"DEU"
"23","594",1,"DEU"
"28","594",1,"DEU"
"31","594",5,"DEU"
"33","594",1,"DEU"
"42","594",1,"DEU"
"50","594",1,"DEU"
"59","594",1,"DEU"
"75","594",1,"DEU"
"78","594",1,"DEU"
"89","594",1,"DEU"
"107","594",1,"DEU"
"108","594",1,"DEU"
"241","594",1,"DEU"
"253","594",1,"DEU"
"535","594",1,"DEU"
"2","595",4,"DEU"
"19","595",1,"DEU"
"24","595",1,"DEU"
"26","595",2,"DEU"
"29","595",8,"DEU"
"35","595",1,"DEU"
"80","595",1,"DEU"
"84","595",1,"DEU"
"124","595",2,"DEU"
"390","595",1,"DEU"
"1","596",2,"DEU"
"2","596",7,"DEU"
"6","596",1,"DEU"
"15","596",1,"DEU"
"18","596",4,"DEU"
"20","596",1,"DEU"
"26","596",2,"DEU"
"29","596",1,"DEU"
"44","596",1,"DEU"
"147","596",1,"DEU"
"162","596",1,"DEU"
"292","596",1,"DEU"
"2","597",1,"DEU"
"4","597",1,"DEU"
"5","597",1,"DEU"
"8","597",2,"DEU"
"11","597",2,"DEU"
"15","597",1,"DEU"
"19","597",1,"DEU"
"20","597",2,"DEU"
"36","597",2,"DEU"
"38","597",1,"DEU"
"44","597",1,"DEU"
"81","597",1,"DEU"
"114","597",1,"DEU"
"174","597",1,"DEU"
"307","597",1,"DEU"
"1","598",1,"DEU"
"2","598",1,"DEU"
"3","598",1,"DEU"
"10","598",3,"DEU"
"11","598",2,"DEU"
"18","598",3,"DEU"
"20","598",2,"DEU"
"28","598",1,"DEU"
"38","598",1,"DEU"
"39","598",1,"DEU"
"44","598",1,"DEU"
"47","598",1,"DEU"
"75","598",1,"DEU"
"137","598",1,"DEU"
"146","598",2,"DEU"
"189","598",1,"DEU"
"1","599",3,"DEU"
"2","599",7,"DEU"
"3","599",1,"DEU"
"12","599",1,"DEU"
"21","599",1,"DEU"
"22","599",2,"DEU"
"26","599",1,"DEU"
"63","599",3,"DEU"
"73","599",1,"DEU"
"85","599",1,"DEU"
"122","599",1,"DEU"
"137","599",1,"DEU"
"2","600",2,"DEU"
"3","600",3,"DEU"
"5","600",1,"DEU"
"7","600",1,"DEU"
"11","600",1,"DEU"
"19","600",2,"DEU"
"21","600",1,"DEU"
"22","600",1,"DEU"
"46","600",1,"DEU"
"61","600",3,"DEU"
"78","600",1,"DEU"
"116","600",1,"DEU"
"165","600",2,"DEU"
"299","600",1,"DEU"
"364","600",1,"DEU"
"518","600",1,"DEU"
"1","601",1,"DEU"
"11","601",1,"DEU"
"24","601",1,"DEU"
"36","601",1,"DEU"
"65","601",1,"DEU"
"72","601",1,"DEU"
"76","601",1,"DEU"
"137","601",1,"DEU"
"234","601",1,"DEU"
"244","601",1,"DEU"
"316","601",1,"DEU"
"323","601",1,"DEU"
"413","601",1,"DEU"
"539","601",1,"DEU"
"1","602",2,"DEU"
"4","602",1,"DEU"
"8","602",1,"DEU"
"17","602",1,"DEU"
"46","602",1,"DEU"
"60","602",1,"DEU"
"65","602",1,"DEU"
"73","602",1,"DEU"
"90","602",1,"DEU"
"139","602",1,"DEU"
"186","602",1,"DEU"
"190","602",1,"DEU"
"362","602",1,"DEU"
"468","602",1,"DEU"
"529","602",3,"DEU"
"1","603",1,"DEU"
"2","603",1,"DEU"
"4","603",1,"DEU"
"5","603",2,"DEU"
"16","603",1,"DEU"
"17","603",1,"DEU"
"18","603",1,"DEU"
"21","603",1,"DEU"
"42","603",2,"DEU"
"46","603",1,"DEU"
"57","603",1,"DEU"
"64","603",1,"DEU"
"73","603",1,"DEU"
"96","603",2,"DEU"
"139","603",1,"DEU"
"401","603",1,"DEU"
"557","603",1,"DEU"
"7","604",1,"DEU"
"11","604",1,"DEU"
"12","604",1,"DEU"
"21","604",1,"DEU"
"36","604",1,"DEU"
"43","604",3,"DEU"
"58","604",1,"DEU"
"60","604",1,"DEU"
"63","604",1,"DEU"
"68","604",1,"DEU"
"76","604",2,"DEU"
"82","604",1,"DEU"
"112","604",2,"DEU"
"135","604",1,"DEU"
"144","604",1,"DEU"
"152","604",1,"DEU"
"257","604",1,"DEU"
"388","604",1,"DEU"
"508","604",1,"DEU"
"2","605",1,"DEU"
"12","605",1,"DEU"
"18","605",1,"DEU"
"19","605",1,"DEU"
"69","605",1,"DEU"
"284","605",1,"DEU"
"2","606",3,"DEU"
"3","606",1,"DEU"
"4","606",1,"DEU"
"7","606",2,"DEU"
"9","606",1,"DEU"
"19","606",1,"DEU"
"26","606",1,"DEU"
"29","606",1,"DEU"
"32","606",1,"DEU"
"46","606",1,"DEU"
"84","606",1,"DEU"
"144","606",4,"DEU"
"306","606",1,"DEU"
"14","607",1,"DEU"
"21","607",1,"DEU"
"178","607",1,"DEU"
"505","607",12,"DEU"
"1","608",3,"DEU"
"2","608",2,"DEU"
"10","608",1,"DEU"
"13","608",1,"DEU"
"22","608",1,"DEU"
"29","608",2,"DEU"
"33","608",1,"DEU"
"85","608",1,"DEU"
"215","608",1,"DEU"
"218","608",1,"DEU"
"401","608",1,"DEU"
"429","608",1,"DEU"
"2","609",8,"DEU"
"10","609",1,"DEU"
"11","609",4,"DEU"
"19","609",1,"DEU"
"24","609",1,"DEU"
"26","609",4,"DEU"
"41","609",1,"DEU"
"44","609",1,"DEU"
"120","609",3,"DEU"
"1","610",3,"DEU"
"3","610",1,"DEU"
"7","610",1,"DEU"
"10","610",1,"DEU"
"26","610",1,"DEU"
"36","610",1,"DEU"
"40","610",1,"DEU"
"53","610",1,"DEU"
"70","610",1,"DEU"
"80","610",1,"DEU"
"137","610",1,"DEU"
"167","610",3,"DEU"
"305","610",1,"DEU"
"360","610",1,"DEU"
"393","610",1,"DEU"
"524","610",1,"DEU"
"558","610",1,"DEU"
"1","611",1,"DEU"
"2","611",2,"DEU"
"14","611",1,"DEU"
"16","611",1,"DEU"
"20","611",1,"DEU"
"22","611",1,"DEU"
"23","611",1,"DEU"
"27","611",3,"DEU"
"53","611",1,"DEU"
"54","611",1,"DEU"
"123","611",1,"DEU"
"163","611",1,"DEU"
"184","611",1,"DEU"
"199","611",1,"DEU"
"275","611",1,"DEU"
"293","611",1,"DEU"
"408","611",1,"DEU"
"2","612",1,"DEU"
"3","612",1,"DEU"
"5","612",1,"DEU"
"12","612",1,"DEU"
"14","612",1,"DEU"
"17","612",1,"DEU"
"31","612",1,"DEU"
"80","612",1,"DEU"
"89","612",1,"DEU"
"209","612",1,"DEU"
"396","612",1,"DEU"
"553","612",1,"DEU"
"3","613",2,"DEU"
"4","613",3,"DEU"
"12","613",1,"DEU"
"17","613",1,"DEU"
"20","613",1,"DEU"
"22","613",1,"DEU"
"25","613",1,"DEU"
"26","613",1,"DEU"
"35","613",1,"DEU"
"36","613",1,"DEU"
"228","613",1,"DEU"
"368","613",1,"DEU"
"375","613",1,"DEU"
"444","613",1,"DEU"
"480","613",1,"DEU"
"1","614",1,"DEU"
"2","614",1,"DEU"
"8","614",1,"DEU"
"13","614",1,"DEU"
"16","614",1,"DEU"
"23","614",1,"DEU"
"26","614",1,"DEU"
"34","614",1,"DEU"
"51","614",1,"DEU"
"86","614",1,"DEU"
"96","614",2,"DEU"
"186","614",1,"DEU"
"274","614",1,"DEU"
"334","614",1,"DEU"
"345","614",1,"DEU"
"352","614",1,"DEU"
"1","615",5,"DEU"
"2","615",1,"DEU"
"4","615",1,"DEU"
"7","615",1,"DEU"
"8","615",1,"DEU"
"10","615",1,"DEU"
"11","615",1,"DEU"
"14","615",1,"DEU"
"25","615",1,"DEU"
"30","615",1,"DEU"
"36","615",1,"DEU"
"37","615",1,"DEU"
"61","615",1,"DEU"
"63","615",1,"DEU"
"80","615",1,"DEU"
"85","615",1,"DEU"
"533","615",1,"DEU"
"1","616",3,"DEU"
"3","616",1,"DEU"
"11","616",3,"DEU"
"12","616",1,"DEU"
"14","616",1,"DEU"
"34","616",1,"DEU"
"61","616",1,"DEU"
"64","616",1,"DEU"
"76","616",1,"DEU"
"191","616",1,"DEU"
"231","616",1,"DEU"
"415","616",1,"DEU"
"1","617",1,"DEU"
"2","617",1,"DEU"
"3","617",1,"DEU"
"4","617",4,"DEU"
"8","617",1,"DEU"
"12","617",1,"DEU"
"20","617",1,"DEU"
"36","617",1,"DEU"
"48","617",1,"DEU"
"81","617",1,"DEU"
"97","617",1,"DEU"
"280","617",1,"DEU"
"359","617",1,"DEU"
"388","617",1,"DEU"
"1","618",2,"DEU"
"2","618",3,"DEU"
"3","618",1,"DEU"
"7","618",1,"DEU"
"9","618",1,"DEU"
"32","618",1,"DEU"
"51","618",1,"DEU"
"98","618",1,"DEU"
"294","618",1,"DEU"
"517","618",1,"DEU"
"565","618",1,"DEU"
"2","619",1,"DEU"
"16","619",9,"DEU"
"37","619",1,"DEU"
"50","619",3,"DEU"
"72","619",1,"DEU"
"74","619",1,"DEU"
"90","619",1,"DEU"
"91","619",1,"DEU"
"214","619",1,"DEU"
"230","619",1,"DEU"
"2","620",2,"DEU"
"3","620",1,"DEU"
"19","620",1,"DEU"
"21","620",1,"DEU"
"23","620",1,"DEU"
"31","620",1,"DEU"
"35","620",1,"DEU"
"42","620",1,"DEU"
"68","620",1,"DEU"
"80","620",1,"DEU"
"86","620",1,"DEU"
"90","620",1,"DEU"
"92","620",2,"DEU"
"96","620",1,"DEU"
"119","620",1,"DEU"
"146","620",1,"DEU"
"323","620",1,"DEU"
"371","620",1,"DEU"
"4","621",1,"DEU"
"8","621",1,"DEU"
"15","621",1,"DEU"
"26","621",1,"DEU"
"34","621",1,"DEU"
"70","621",1,"DEU"
"83","621",1,"DEU"
"108","621",1,"DEU"
"160","621",1,"DEU"
"250","621",3,"DEU"
"289","621",1,"DEU"
"1","622",2,"DEU"
"3","622",2,"DEU"
"4","622",1,"DEU"
"6","622",1,"DEU"
"7","622",2,"DEU"
"20","622",1,"DEU"
"39","622",1,"DEU"
"40","622",1,"DEU"
"84","622",2,"DEU"
"99","622",1,"DEU"
"127","622",1,"DEU"
"171","622",1,"DEU"
"215","622",1,"DEU"
"424","622",1,"DEU"
"2","623",4,"DEU"
"11","623",1,"DEU"
"19","623",1,"DEU"
"26","623",1,"DEU"
"39","623",3,"DEU"
"46","623",1,"DEU"
"81","623",5,"DEU"
"92","623",1,"DEU"
"172","623",1,"DEU"
"1","624",2,"DEU"
"2","624",4,"DEU"
"7","624",1,"DEU"
"10","624",1,"DEU"
"12","624",1,"DEU"
"13","624",2,"DEU"
"35","624",1,"DEU"
"40","624",1,"DEU"
"70","624",1,"DEU"
"76","624",1,"DEU"
"85","624",1,"DEU"
"137","624",1,"DEU"
"237","624",1,"DEU"
"308","624",1,"DEU"
"446","624",1,"DEU"
"516","624",1,"DEU"
"1","625",3,"DEU"
"2","625",1,"DEU"
"3","625",1,"DEU"
"25","625",2,"DEU"
"27","625",1,"DEU"
"29","625",1,"DEU"
"33","625",1,"DEU"
"49","625",1,"DEU"
"56","625",1,"DEU"
"63","625",1,"DEU"
"121","625",1,"DEU"
"150","625",1,"DEU"
"166","625",1,"DEU"
"411","625",1,"DEU"
"1","626",3,"DEU"
"2","626",1,"DEU"
"3","626",1,"DEU"
"4","626",1,"DEU"
"15","626",1,"DEU"
"27","626",1,"DEU"
"29","626",1,"DEU"
"91","626",1,"DEU"
"123","626",1,"DEU"
"145","626",1,"DEU"
"244","626",1,"DEU"
"293","626",1,"DEU"
"421","626",1,"DEU"
"560","626",1,"DEU"
"1","627",1,"DEU"
"3","627",1,"DEU"
"7","627",1,"DEU"
"13","627",2,"DEU"
"36","627",1,"DEU"
"43","627",1,"DEU"
"63","627",2,"DEU"
"86","627",1,"DEU"
"110","627",3,"DEU"
"131","627",3,"DEU"
"386","627",1,"DEU"
"388","627",1,"DEU"
"499","627",1,"DEU"
"575","627",1,"DEU"
"1","628",3,"DEU"
"2","628",5,"DEU"
"9","628",1,"DEU"
"10","628",1,"DEU"
"12","628",2,"DEU"
"24","628",1,"DEU"
"42","628",1,"DEU"
"58","628",1,"DEU"
"73","628",1,"DEU"
"80","628",2,"DEU"
"90","628",1,"DEU"
"92","628",1,"DEU"
"304","628",1,"DEU"
"530","628",1,"DEU"
"617","628",1,"DEU"
"622","628",1,"DEU"
"6","629",2,"DEU"
"13","629",2,"DEU"
"23","629",1,"DEU"
"42","629",1,"DEU"
"48","629",1,"DEU"
"50","629",2,"DEU"
"52","629",1,"DEU"
"70","629",1,"DEU"
"126","629",1,"DEU"
"200","629",2,"DEU"
"221","629",1,"DEU"
"237","629",2,"DEU"
"333","629",1,"DEU"
"535","629",1,"DEU"
"1","630",3,"DEU"
"2","630",2,"DEU"
"3","630",3,"DEU"
"7","630",1,"DEU"
"10","630",1,"DEU"
"30","630",1,"DEU"
"44","630",1,"DEU"
"127","630",2,"DEU"
"133","630",1,"DEU"
"486","630",1,"DEU"
"499","630",2,"DEU"
"1","631",7,"DEU"
"2","631",4,"DEU"
"3","631",1,"DEU"
"4","631",1,"DEU"
"12","631",1,"DEU"
"14","631",1,"DEU"
"18","631",1,"DEU"
"34","631",1,"DEU"
"47","631",1,"DEU"
"51","631",1,"DEU"
"62","631",1,"DEU"
"585","631",1,"DEU"
"1","632",1,"DEU"
"2","632",3,"DEU"
"3","632",1,"DEU"
"4","632",1,"DEU"
"11","632",1,"DEU"
"22","632",1,"DEU"
"24","632",1,"DEU"
"56","632",3,"DEU"
"63","632",1,"DEU"
"69","632",1,"DEU"
"174","632",1,"DEU"
"184","632",1,"DEU"
"227","632",1,"DEU"
"261","632",1,"DEU"
"313","632",1,"DEU"
"405","632",1,"DEU"
"482","632",1,"DEU"
"3","633",1,"DEU"
"8","633",1,"DEU"
"23","633",1,"DEU"
"26","633",1,"DEU"
"45","633",1,"DEU"
"98","633",1,"DEU"
"148","633",1,"DEU"
"245","633",1,"DEU"
"414","633",1,"DEU"
"472","633",1,"DEU"
"549","633",1,"DEU"
"563","633",1,"DEU"
"583","633",4,"DEU"
"1","634",1,"DEU"
"2","634",1,"DEU"
"6","634",3,"DEU"
"32","634",1,"DEU"
"88","634",1,"DEU"
"113","634",2,"DEU"
"137","634",1,"DEU"
"193","634",1,"DEU"
"206","634",1,"DEU"
"460","634",1,"DEU"
"540","634",1,"DEU"
"1","635",6,"DEU"
"2","635",1,"DEU"
"4","635",1,"DEU"
"9","635",2,"DEU"
"32","635",1,"DEU"
"69","635",1,"DEU"
"87","635",1,"DEU"
"134","635",1,"DEU"
"172","635",1,"DEU"
"393","635",1,"DEU"
"503","635",1,"DEU"
"1","636",5,"DEU"
"4","636",1,"DEU"
"8","636",1,"DEU"
"15","636",2,"DEU"
"28","636",1,"DEU"
"39","636",1,"DEU"
"104","636",1,"DEU"
"123","636",1,"DEU"
"210","636",1,"DEU"
"325","636",1,"DEU"
"373","636",1,"DEU"
"461","636",1,"DEU"
"608","636",2,"DEU"
"629","636",1,"DEU"
"1","637",1,"DEU"
"2","637",1,"DEU"
"16","637",1,"DEU"
"17","637",2,"DEU"
"19","637",1,"DEU"
"23","637",1,"DEU"
"24","637",5,"DEU"
"25","637",1,"DEU"
"34","637",1,"DEU"
"42","637",1,"DEU"
"197","637",1,"DEU"
"228","637",1,"DEU"
"260","637",1,"DEU"
"366","637",1,"DEU"
"382","637",1,"DEU"
"443","637",1,"DEU"
"471","637",1,"DEU"
"515","637",1,"DEU"
"2","638",2,"DEU"
"3","638",1,"DEU"
"6","638",1,"DEU"
"7","638",1,"DEU"
"19","638",1,"DEU"
"60","638",1,"DEU"
"63","638",1,"DEU"
"101","638",1,"DEU"
"126","638",1,"DEU"
"316","638",1,"DEU"
"317","638",1,"DEU"
"405","638",1,"DEU"
"433","638",1,"DEU"
"444","638",1,"DEU"
"1","639",1,"DEU"
"2","639",1,"DEU"
"3","639",1,"DEU"
"8","639",1,"DEU"
"17","639",4,"DEU"
"21","639",1,"DEU"
"22","639",1,"DEU"
"45","639",1,"DEU"
"54","639",2,"DEU"
"91","639",1,"DEU"
"199","639",1,"DEU"
"234","639",1,"DEU"
"255","639",1,"DEU"
"334","639",1,"DEU"
"425","639",1,"DEU"
"442","639",1,"DEU"
"501","639",1,"DEU"
"1","640",2,"DEU"
"2","640",2,"DEU"
"3","640",3,"DEU"
"4","640",1,"DEU"
"7","640",3,"DEU"
"11","640",2,"DEU"
"15","640",1,"DEU"
"32","640",1,"DEU"
"37","640",2,"DEU"
"150","640",1,"DEU"
"196","640",1,"DEU"
"512","640",1,"DEU"
"1","641",2,"DEU"
"2","641",2,"DEU"
"3","641",1,"DEU"
"4","641",5,"DEU"
"8","641",1,"DEU"
"15","641",1,"DEU"
"18","641",1,"DEU"
"21","641",1,"DEU"
"24","641",1,"DEU"
"40","641",1,"DEU"
"48","641",1,"DEU"
"83","641",1,"DEU"
"1","642",4,"DEU"
"2","642",2,"DEU"
"6","642",1,"DEU"
"14","642",1,"DEU"
"15","642",1,"DEU"
"21","642",1,"DEU"
"26","642",3,"DEU"
"39","642",1,"DEU"
"48","642",1,"DEU"
"53","642",1,"DEU"
"60","642",1,"DEU"
"63","642",1,"DEU"
"90","642",1,"DEU"
"99","642",1,"DEU"
"102","642",1,"DEU"
"107","642",1,"DEU"
"558","642",1,"DEU"
"2","643",2,"DEU"
"3","643",1,"DEU"
"6","643",1,"DEU"
"7","643",1,"DEU"
"9","643",2,"DEU"
"15","643",1,"DEU"
"97","643",1,"DEU"
"112","643",2,"DEU"
"135","643",1,"DEU"
"152","643",2,"DEU"
"243","643",1,"DEU"
"275","643",1,"DEU"
"330","643",1,"DEU"
"346","643",1,"DEU"
"356","643",1,"DEU"
"371","643",1,"DEU"
"2","644",1,"DEU"
"7","644",1,"DEU"
"9","644",4,"DEU"
"38","644",1,"DEU"
"44","644",2,"DEU"
"68","644",1,"DEU"
"131","644",1,"DEU"
"144","644",1,"DEU"
"151","644",1,"DEU"
"242","644",1,"DEU"
"243","644",1,"DEU"
"346","644",2,"DEU"
"359","644",1,"DEU"
"384","644",1,"DEU"
"2","645",3,"DEU"
"5","645",1,"DEU"
"6","645",1,"DEU"
"37","645",1,"DEU"
"43","645",1,"DEU"
"58","645",1,"DEU"
"76","645",1,"DEU"
"82","645",1,"DEU"
"97","645",1,"DEU"
"144","645",2,"DEU"
"153","645",1,"DEU"
"380","645",1,"DEU"
"434","645",1,"DEU"
"516","645",1,"DEU"
"1","646",1,"DEU"
"2","646",1,"DEU"
"3","646",1,"DEU"
"6","646",2,"DEU"
"10","646",1,"DEU"
"12","646",2,"DEU"
"14","646",2,"DEU"
"18","646",1,"DEU"
"62","646",1,"DEU"
"117","646",1,"DEU"
"132","646",1,"DEU"
"579","646",1,"DEU"
"618","646",1,"DEU"
"9","647",1,"DEU"
"10","647",3,"DEU"
"11","647",1,"DEU"
"12","647",1,"DEU"
"14","647",1,"DEU"
"15","647",1,"DEU"
"28","647",1,"DEU"
"35","647",1,"DEU"
"81","647",1,"DEU"
"92","647",1,"DEU"
"166","647",2,"DEU"
"370","647",2,"DEU"
"1","648",3,"DEU"
"2","648",6,"DEU"
"4","648",1,"DEU"
"7","648",1,"DEU"
"10","648",1,"DEU"
"50","648",1,"DEU"
"63","648",1,"DEU"
"136","648",1,"DEU"
"142","648",1,"DEU"
"267","648",1,"DEU"
"385","648",1,"DEU"
"1","649",2,"DEU"
"2","649",1,"DEU"
"3","649",1,"DEU"
"9","649",1,"DEU"
"10","649",1,"DEU"
"11","649",1,"DEU"
"17","649",1,"DEU"
"21","649",1,"DEU"
"28","649",1,"DEU"
"54","649",1,"DEU"
"253","649",1,"DEU"
"276","649",1,"DEU"
"472","649",1,"DEU"
"2","650",1,"DEU"
"4","650",1,"DEU"
"10","650",1,"DEU"
"14","650",1,"DEU"
"29","650",1,"DEU"
"36","650",1,"DEU"
"76","650",1,"DEU"
"261","650",1,"DEU"
"265","650",2,"DEU"
"545","650",1,"DEU"
"546","650",1,"DEU"
"2","651",1,"DEU"
"3","651",1,"DEU"
"12","651",1,"DEU"
"21","651",1,"DEU"
"22","651",3,"DEU"
"39","651",1,"DEU"
"63","651",1,"DEU"
"74","651",1,"DEU"
"102","651",3,"DEU"
"404","651",1,"DEU"
"449","651",1,"DEU"
"649","651",1,"DEU"
"1","652",3,"DEU"
"2","652",3,"DEU"
"4","652",1,"DEU"
"5","652",1,"DEU"
"6","652",3,"DEU"
"7","652",1,"DEU"
"10","652",1,"DEU"
"12","652",1,"DEU"
"13","652",1,"DEU"
"28","652",1,"DEU"
"47","652",1,"DEU"
"48","652",1,"DEU"
"90","652",1,"DEU"
"7","653",1,"DEU"
"22","653",1,"DEU"
"26","653",1,"DEU"
"48","653",1,"DEU"
"89","653",1,"DEU"
"142","653",1,"DEU"
"190","653",1,"DEU"
"301","653",1,"DEU"
"472","653",1,"DEU"
"549","653",1,"DEU"
"1","654",2,"DEU"
"2","654",2,"DEU"
"3","654",1,"DEU"
"7","654",1,"DEU"
"17","654",1,"DEU"
"20","654",1,"DEU"
"24","654",1,"DEU"
"29","654",1,"DEU"
"42","654",1,"DEU"
"56","654",1,"DEU"
"70","654",2,"DEU"
"121","654",1,"DEU"
"157","654",1,"DEU"
"176","654",1,"DEU"
"458","654",1,"DEU"
"555","654",2,"DEU"
"614","654",1,"DEU"
"3","655",1,"DEU"
"6","655",1,"DEU"
"10","655",1,"DEU"
"18","655",12,"DEU"
"37","655",1,"DEU"
"53","655",1,"DEU"
"2","656",3,"DEU"
"3","656",2,"DEU"
"36","656",1,"DEU"
"73","656",1,"DEU"
"284","656",1,"DEU"
"320","656",1,"DEU"
"1","657",3,"DEU"
"4","657",1,"DEU"
"14","657",1,"DEU"
"22","657",3,"DEU"
"29","657",1,"DEU"
"56","657",1,"DEU"
"85","657",1,"DEU"
"187","657",2,"DEU"
"257","657",1,"DEU"
"451","657",1,"DEU"
"518","657",1,"DEU"
"651","657",1,"DEU"
"1","658",4,"DEU"
"2","658",2,"DEU"
"3","658",1,"DEU"
"12","658",1,"DEU"
"26","658",1,"DEU"
"54","658",1,"DEU"
"68","658",1,"DEU"
"102","658",1,"DEU"
"124","658",1,"DEU"
"134","658",1,"DEU"
"137","658",1,"DEU"
"1","659",1,"DEU"
"2","659",1,"DEU"
"4","659",1,"DEU"
"7","659",1,"DEU"
"11","659",2,"DEU"
"15","659",1,"DEU"
"16","659",1,"DEU"
"19","659",1,"DEU"
"24","659",1,"DEU"
"34","659",1,"DEU"
"35","659",1,"DEU"
"71","659",1,"DEU"
"187","659",1,"DEU"
"224","659",1,"DEU"
"312","659",1,"DEU"
"391","659",1,"DEU"
"430","659",1,"DEU"
"536","659",1,"DEU"
"550","659",1,"DEU"
"593","659",1,"DEU"
"1","660",2,"DEU"
"5","660",1,"DEU"
"6","660",1,"DEU"
"10","660",1,"DEU"
"12","660",1,"DEU"
"14","660",1,"DEU"
"18","660",1,"DEU"
"57","660",1,"DEU"
"58","660",1,"DEU"
"64","660",1,"DEU"
"75","660",1,"DEU"
"85","660",1,"DEU"
"135","660",1,"DEU"
"140","660",1,"DEU"
"178","660",1,"DEU"
"216","660",2,"DEU"
"393","660",1,"DEU"
"1","661",2,"DEU"
"2","661",2,"DEU"
"3","661",2,"DEU"
"6","661",1,"DEU"
"7","661",2,"DEU"
"11","661",1,"DEU"
"13","661",1,"DEU"
"15","661",1,"DEU"
"16","661",1,"DEU"
"26","661",1,"DEU"
"55","661",1,"DEU"
"77","661",1,"DEU"
"99","661",1,"DEU"
"107","661",1,"DEU"
"112","661",1,"DEU"
"138","661",1,"DEU"
"167","661",1,"DEU"
"2","662",1,"DEU"
"8","662",6,"DEU"
"15","662",3,"DEU"
"18","662",2,"DEU"
"19","662",2,"DEU"
"20","662",1,"DEU"
"111","662",2,"DEU"
"112","662",2,"DEU"
"224","662",1,"DEU"
"57","663",2,"DEU"
"66","663",1,"DEU"
"539","663",1,"DEU"
"623","663",1,"DEU"
"658","663",1,"DEU"
"3","664",1,"DEU"
"9","664",1,"DEU"
"39","664",1,"DEU"
"105","664",3,"DEU"
"129","664",1,"DEU"
"235","664",1,"DEU"
"276","664",1,"DEU"
"350","664",1,"DEU"
"516","664",1,"DEU"
"581","664",1,"DEU"
"1","665",4,"DEU"
"5","665",1,"DEU"
"13","665",1,"DEU"
"22","665",1,"DEU"
"34","665",1,"DEU"
"65","665",1,"DEU"
"146","665",1,"DEU"
"161","665",1,"DEU"
"243","665",1,"DEU"
"246","665",1,"DEU"
"259","665",1,"DEU"
"346","665",1,"DEU"
"631","665",1,"DEU"
"1","666",3,"DEU"
"2","666",2,"DEU"
"3","666",2,"DEU"
"6","666",1,"DEU"
"10","666",1,"DEU"
"14","666",1,"DEU"
"18","666",1,"DEU"
"19","666",1,"DEU"
"22","666",2,"DEU"
"23","666",1,"DEU"
"41","666",1,"DEU"
"124","666",2,"DEU"
"518","666",1,"DEU"
"657","666",2,"DEU"
"3","667",1,"DEU"
"12","667",1,"DEU"
"30","667",1,"DEU"
"42","667",1,"DEU"
"56","667",1,"DEU"
"57","667",3,"DEU"
"83","667",1,"DEU"
"105","667",1,"DEU"
"129","667",1,"DEU"
"166","667",1,"DEU"
"212","667",1,"DEU"
"235","667",1,"DEU"
"354","667",1,"DEU"
"410","667",1,"DEU"
"514","667",1,"DEU"
"575","667",1,"DEU"
"11","668",2,"DEU"
"18","668",1,"DEU"
"31","668",1,"DEU"
"37","668",1,"DEU"
"180","668",1,"DEU"
"186","668",1,"DEU"
"238","668",1,"DEU"
"532","668",1,"DEU"
"2","669",9,"DEU"
"8","669",1,"DEU"
"12","669",1,"DEU"
"92","669",1,"DEU"
"99","669",1,"DEU"
"100","669",1,"DEU"
"174","669",1,"DEU"
"198","669",1,"DEU"
"405","669",1,"DEU"
"1","670",2,"DEU"
"5","670",1,"DEU"
"7","670",1,"DEU"
"8","670",1,"DEU"
"16","670",1,"DEU"
"17","670",1,"DEU"
"20","670",1,"DEU"
"22","670",1,"DEU"
"27","670",1,"DEU"
"28","670",1,"DEU"
"45","670",1,"DEU"
"67","670",1,"DEU"
"313","670",1,"DEU"
"16","671",10,"DEU"
"54","671",5,"DEU"
"74","671",1,"DEU"
"128","671",1,"DEU"
"513","671",1,"DEU"
"1","672",1,"DEU"
"2","672",2,"DEU"
"8","672",1,"DEU"
"13","672",1,"DEU"
"15","672",1,"DEU"
"19","672",1,"DEU"
"26","672",1,"DEU"
"31","672",1,"DEU"
"42","672",2,"DEU"
"53","672",3,"DEU"
"84","672",1,"DEU"
"100","672",2,"DEU"
"117","672",1,"DEU"
"255","672",1,"DEU"
"306","672",3,"DEU"
"455","672",1,"DEU"
"2","673",1,"DEU"
"15","673",6,"DEU"
"32","673",2,"DEU"
"40","673",2,"DEU"
"44","673",1,"DEU"
"62","673",9,"DEU"
"64","673",1,"DEU"
"1","674",1,"DEU"
"3","674",1,"DEU"
"7","674",2,"DEU"
"11","674",1,"DEU"
"15","674",9,"DEU"
"24","674",1,"DEU"
"29","674",1,"DEU"
"84","674",1,"DEU"
"1","675",1,"DEU"
"2","675",1,"DEU"
"3","675",1,"DEU"
"6","675",1,"DEU"
"7","675",1,"DEU"
"16","675",2,"DEU"
"17","675",1,"DEU"
"18","675",2,"DEU"
"19","675",1,"DEU"
"32","675",1,"DEU"
"37","675",1,"DEU"
"40","675",1,"DEU"
"43","675",1,"DEU"
"98","675",1,"DEU"
"261","675",1,"DEU"
"459","675",1,"DEU"
"500","675",1,"DEU"
"1","676",5,"DEU"
"4","676",1,"DEU"
"5","676",1,"DEU"
"11","676",1,"DEU"
"32","676",1,"DEU"
"48","676",1,"DEU"
"75","676",1,"DEU"
"101","676",1,"DEU"
"103","676",1,"DEU"
"140","676",1,"DEU"
"167","676",1,"DEU"
"246","676",1,"DEU"
"519","676",1,"DEU"
"2","677",1,"DEU"
"3","677",2,"DEU"
"4","677",2,"DEU"
"8","677",2,"DEU"
"12","677",1,"DEU"
"73","677",1,"DEU"
"88","677",1,"DEU"
"97","677",1,"DEU"
"171","677",2,"DEU"
"196","677",1,"DEU"
"411","677",1,"DEU"
"1","678",1,"DEU"
"2","678",3,"DEU"
"8","678",1,"DEU"
"16","678",2,"DEU"
"24","678",1,"DEU"
"49","678",1,"DEU"
"51","678",1,"DEU"
"54","678",1,"DEU"
"74","678",2,"DEU"
"94","678",1,"DEU"
"106","678",1,"DEU"
"112","678",1,"DEU"
"176","678",1,"DEU"
"338","678",1,"DEU"
"595","678",1,"DEU"
"3","679",2,"DEU"
"7","679",1,"DEU"
"10","679",1,"DEU"
"11","679",2,"DEU"
"12","679",1,"DEU"
"13","679",1,"DEU"
"15","679",1,"DEU"
"41","679",1,"DEU"
"44","679",1,"DEU"
"54","679",1,"DEU"
"110","679",1,"DEU"
"471","679",1,"DEU"
"1","680",3,"DEU"
"7","680",3,"DEU"
"9","680",5,"DEU"
"15","680",1,"DEU"
"20","680",1,"DEU"
"34","680",1,"DEU"
"35","680",1,"DEU"
"124","680",1,"DEU"
"215","680",1,"DEU"
"218","680",1,"DEU"
"283","680",1,"DEU"
"647","680",1,"DEU"
"1","681",1,"DEU"
"4","681",2,"DEU"
"11","681",1,"DEU"
"40","681",1,"DEU"
"41","681",1,"DEU"
"147","681",2,"DEU"
"159","681",1,"DEU"
"206","681",2,"DEU"
"249","681",1,"DEU"
"416","681",1,"DEU"
"489","681",1,"DEU"
"520","681",1,"DEU"
"547","681",1,"DEU"
"644","681",1,"DEU"
"2","682",1,"DEU"
"18","682",1,"DEU"
"41","682",1,"DEU"
"70","682",1,"DEU"
"113","682",1,"DEU"
"137","682",1,"DEU"
"139","682",1,"DEU"
"198","682",1,"DEU"
"239","682",1,"DEU"
"246","682",2,"DEU"
"325","682",1,"DEU"
"525","682",1,"DEU"
"632","682",1,"DEU"
"1","683",1,"DEU"
"8","683",1,"DEU"
"10","683",1,"DEU"
"17","683",3,"DEU"
"27","683",1,"DEU"
"41","683",1,"DEU"
"44","683",1,"DEU"
"58","683",1,"DEU"
"100","683",1,"DEU"
"112","683",1,"DEU"
"164","683",1,"DEU"
"193","683",1,"DEU"
"379","683",1,"DEU"
"551","683",1,"DEU"
"582","683",1,"DEU"
"2","684",1,"DEU"
"3","684",1,"DEU"
"4","684",1,"DEU"
"7","684",1,"DEU"
"8","684",2,"DEU"
"13","684",1,"DEU"
"15","684",1,"DEU"
"26","684",1,"DEU"
"45","684",1,"DEU"
"59","684",1,"DEU"
"160","684",1,"DEU"
"581","684",1,"DEU"
"650","684",1,"DEU"
"1","685",2,"DEU"
"2","685",2,"DEU"
"4","685",3,"DEU"
"8","685",1,"DEU"
"9","685",2,"DEU"
"10","685",1,"DEU"
"19","685",1,"DEU"
"56","685",1,"DEU"
"135","685",1,"DEU"
"321","685",1,"DEU"
"393","685",1,"DEU"
"525","685",1,"DEU"
"2","686",1,"DEU"
"3","686",1,"DEU"
"5","686",2,"DEU"
"6","686",1,"DEU"
"7","686",1,"DEU"
"10","686",1,"DEU"
"15","686",1,"DEU"
"37","686",1,"DEU"
"47","686",1,"DEU"
"76","686",2,"DEU"
"127","686",1,"DEU"
"177","686",1,"DEU"
"253","686",1,"DEU"
"286","686",1,"DEU"
"287","686",1,"DEU"
"1","687",2,"DEU"
"3","687",1,"DEU"
"9","687",1,"DEU"
"11","687",2,"DEU"
"24","687",1,"DEU"
"55","687",1,"DEU"
"67","687",4,"DEU"
"78","687",1,"DEU"
"227","687",1,"DEU"
"346","687",1,"DEU"
"1","688",1,"DEU"
"2","688",1,"DEU"
"6","688",1,"DEU"
"8","688",2,"DEU"
"18","688",6,"DEU"
"21","688",2,"DEU"
"25","688",1,"DEU"
"70","688",2,"DEU"
"158","688",1,"DEU"
"376","688",1,"DEU"
"494","688",1,"DEU"
"682","688",2,"DEU"
"1","689",1,"DEU"
"8","689",4,"DEU"
"10","689",2,"DEU"
"18","689",3,"DEU"
"19","689",1,"DEU"
"20","689",1,"DEU"
"21","689",1,"DEU"
"34","689",1,"DEU"
"48","689",1,"DEU"
"49","689",1,"DEU"
"52","689",1,"DEU"
"196","689",1,"DEU"
"197","689",1,"DEU"
"204","689",1,"DEU"
"1","690",2,"DEU"
"2","690",1,"DEU"
"3","690",2,"DEU"
"4","690",1,"DEU"
"6","690",1,"DEU"
"10","690",1,"DEU"
"16","690",1,"DEU"
"68","690",1,"DEU"
"70","690",1,"DEU"
"73","690",1,"DEU"
"84","690",1,"DEU"
"109","690",1,"DEU"
"137","690",1,"DEU"
"155","690",1,"DEU"
"256","690",1,"DEU"
"296","690",1,"DEU"
"304","690",1,"DEU"
"1","691",1,"DEU"
"3","691",1,"DEU"
"4","691",2,"DEU"
"7","691",1,"DEU"
"12","691",1,"DEU"
"13","691",1,"DEU"
"19","691",1,"DEU"
"25","691",1,"DEU"
"33","691",1,"DEU"
"36","691",2,"DEU"
"53","691",1,"DEU"
"101","691",1,"DEU"
"278","691",1,"DEU"
"334","691",1,"DEU"
"345","691",1,"DEU"
"515","691",1,"DEU"
"657","691",1,"DEU"
"2","692",4,"DEU"
"4","692",2,"DEU"
"7","692",1,"DEU"
"9","692",1,"DEU"
"11","692",1,"DEU"
"15","692",1,"DEU"
"18","692",1,"DEU"
"24","692",2,"DEU"
"25","692",2,"DEU"
"40","692",1,"DEU"
"143","692",1,"DEU"
"188","692",1,"DEU"
"536","692",1,"DEU"
"578","692",1,"DEU"
"2","693",1,"DEU"
"3","693",1,"DEU"
"7","693",1,"DEU"
"11","693",1,"DEU"
"12","693",1,"DEU"
"26","693",1,"DEU"
"29","693",1,"DEU"
"114","693",1,"DEU"
"160","693",1,"DEU"
"182","693",3,"DEU"
"194","693",2,"DEU"
"269","693",1,"DEU"
"298","693",1,"DEU"
"380","693",1,"DEU"
"626","693",1,"DEU"
"2","694",1,"DEU"
"4","694",2,"DEU"
"10","694",2,"DEU"
"12","694",1,"DEU"
"21","694",1,"DEU"
"41","694",1,"DEU"
"70","694",1,"DEU"
"84","694",1,"DEU"
"144","694",2,"DEU"
"152","694",1,"DEU"
"288","694",2,"DEU"
"463","694",1,"DEU"
"682","694",1,"DEU"
"1","695",1,"DEU"
"2","695",3,"DEU"
"4","695",2,"DEU"
"6","695",1,"DEU"
"7","695",1,"DEU"
"9","695",1,"DEU"
"11","695",1,"DEU"
"15","695",1,"DEU"
"40","695",2,"DEU"
"44","695",1,"DEU"
"64","695",1,"DEU"
"126","695",1,"DEU"
"127","695",1,"DEU"
"132","695",1,"DEU"
"137","695",1,"DEU"
"140","695",1,"DEU"
"335","695",1,"DEU"
"530","695",1,"DEU"
"4","696",1,"DEU"
"5","696",1,"DEU"
"6","696",2,"DEU"
"13","696",1,"DEU"
"16","696",1,"DEU"
"22","696",4,"DEU"
"24","696",1,"DEU"
"37","696",1,"DEU"
"66","696",1,"DEU"
"145","696",1,"DEU"
"327","696",1,"DEU"
"448","696",1,"DEU"
"515","696",1,"DEU"
"587","696",1,"DEU"
"5","697",2,"DEU"
"6","697",1,"DEU"
"7","697",1,"DEU"
"8","697",1,"DEU"
"15","697",5,"DEU"
"20","697",1,"DEU"
"44","697",1,"DEU"
"67","697",1,"DEU"
"69","697",1,"DEU"
"111","697",2,"DEU"
"239","697",1,"DEU"
"323","697",2,"DEU"
"3","698",1,"DEU"
"6","698",8,"DEU"
"10","698",1,"DEU"
"12","698",1,"DEU"
"14","698",3,"DEU"
"107","698",1,"DEU"
"128","698",1,"DEU"
"167","698",1,"DEU"
"522","698",1,"DEU"
"1","699",1,"DEU"
"7","699",1,"DEU"
"11","699",1,"DEU"
"28","699",1,"DEU"
"55","699",1,"DEU"
"91","699",1,"DEU"
"134","699",1,"DEU"
"141","699",1,"DEU"
"164","699",1,"DEU"
"289","699",1,"DEU"
"474","699",1,"DEU"
"544","699",1,"DEU"
"3","700",1,"DEU"
"5","700",3,"DEU"
"11","700",1,"DEU"
"18","700",1,"DEU"
"19","700",1,"DEU"
"23","700",3,"DEU"
"24","700",1,"DEU"
"34","700",1,"DEU"
"49","700",1,"DEU"
"108","700",1,"DEU"
"178","700",1,"DEU"
"184","700",1,"DEU"
"229","700",1,"DEU"
"231","700",1,"DEU"
"4","701",1,"DEU"
"9","701",9,"DEU"
"19","701",1,"DEU"
"21","701",1,"DEU"
"32","701",1,"DEU"
"36","701",1,"DEU"
"44","701",2,"DEU"
"69","701",1,"DEU"
"92","701",2,"DEU"
"190","701",1,"DEU"
"235","701",1,"DEU"
"1","702",4,"DEU"
"2","702",4,"DEU"
"3","702",2,"DEU"
"4","702",1,"DEU"
"13","702",1,"DEU"
"32","702",1,"DEU"
"46","702",1,"DEU"
"47","702",1,"DEU"
"67","702",1,"DEU"
"241","702",1,"DEU"
"319","702",1,"DEU"
"1","703",1,"DEU"
"3","703",1,"DEU"
"7","703",1,"DEU"
"8","703",4,"DEU"
"12","703",2,"DEU"
"15","703",1,"DEU"
"18","703",1,"DEU"
"21","703",1,"DEU"
"26","703",1,"DEU"
"44","703",2,"DEU"
"61","703",2,"DEU"
"79","703",1,"DEU"
"196","703",1,"DEU"
"237","703",1,"DEU"
"2","704",1,"DEU"
"3","704",3,"DEU"
"4","704",2,"DEU"
"21","704",3,"DEU"
"57","704",1,"DEU"
"64","704",1,"DEU"
"65","704",1,"DEU"
"98","704",1,"DEU"
"120","704",1,"DEU"
"3","705",1,"DEU"
"7","705",1,"DEU"
"8","705",1,"DEU"
"12","705",1,"DEU"
"15","705",1,"DEU"
"19","705",1,"DEU"
"20","705",2,"DEU"
"22","705",1,"DEU"
"25","705",1,"DEU"
"34","705",1,"DEU"
"76","705",1,"DEU"
"205","705",1,"DEU"
"243","705",1,"DEU"
"250","705",1,"DEU"
"275","705",1,"DEU"
"326","705",1,"DEU"
"445","705",1,"DEU"
"453","705",1,"DEU"
"489","705",1,"DEU"
"685","705",1,"DEU"
"1","706",3,"DEU"
"2","706",1,"DEU"
"4","706",1,"DEU"
"10","706",1,"DEU"
"11","706",1,"DEU"
"14","706",1,"DEU"
"17","706",1,"DEU"
"25","706",1,"DEU"
"26","706",1,"DEU"
"85","706",1,"DEU"
"403","706",1,"DEU"
"521","706",1,"DEU"
"1","707",2,"DEU"
"2","707",1,"DEU"
"8","707",1,"DEU"
"11","707",1,"DEU"
"12","707",1,"DEU"
"13","707",1,"DEU"
"16","707",1,"DEU"
"42","707",1,"DEU"
"52","707",1,"DEU"
"63","707",1,"DEU"
"160","707",1,"DEU"
"510","707",1,"DEU"
"658","707",1,"DEU"
"2","708",2,"DEU"
"3","708",1,"DEU"
"4","708",1,"DEU"
"8","708",1,"DEU"
"12","708",3,"DEU"
"15","708",4,"DEU"
"20","708",1,"DEU"
"61","708",1,"DEU"
"64","708",1,"DEU"
"72","708",1,"DEU"
"86","708",1,"DEU"
"144","708",2,"DEU"
"220","708",1,"DEU"
"1","709",2,"DEU"
"2","709",1,"DEU"
"3","709",1,"DEU"
"7","709",2,"DEU"
"8","709",2,"DEU"
"11","709",1,"DEU"
"13","709",1,"DEU"
"34","709",1,"DEU"
"37","709",1,"DEU"
"41","709",1,"DEU"
"124","709",1,"DEU"
"140","709",1,"DEU"
"229","709",1,"DEU"
"1","710",1,"DEU"
"2","710",2,"DEU"
"11","710",1,"DEU"
"14","710",1,"DEU"
"18","710",1,"DEU"
"19","710",1,"DEU"
"33","710",1,"DEU"
"62","710",1,"DEU"
"73","710",1,"DEU"
"75","710",1,"DEU"
"562","710",1,"DEU"
"660","710",1,"DEU"
"7","711",1,"DEU"
"17","711",7,"DEU"
"19","711",1,"DEU"
"26","711",1,"DEU"
"235","711",1,"DEU"
"317","711",1,"DEU"
"355","711",1,"DEU"
"457","711",1,"DEU"
"592","711",2,"DEU"
"1","712",1,"DEU"
"4","712",2,"DEU"
"10","712",1,"DEU"
"19","712",1,"DEU"
"24","712",1,"DEU"
"28","712",1,"DEU"
"36","712",1,"DEU"
"37","712",1,"DEU"
"42","712",1,"DEU"
"61","712",1,"DEU"
"73","712",1,"DEU"
"103","712",1,"DEU"
"137","712",1,"DEU"
"158","712",1,"DEU"
"518","712",1,"DEU"
"653","712",1,"DEU"
"7","713",1,"DEU"
"10","713",1,"DEU"
"19","713",1,"DEU"
"28","713",1,"DEU"
"37","713",2,"DEU"
"92","713",1,"DEU"
"148","713",1,"DEU"
"300","713",1,"DEU"
"344","713",1,"DEU"
"1","714",2,"DEU"
"2","714",8,"DEU"
"3","714",1,"DEU"
"11","714",2,"DEU"
"22","714",1,"DEU"
"52","714",1,"DEU"
"71","714",1,"DEU"
"215","714",1,"DEU"
"3","715",1,"DEU"
"19","715",1,"DEU"
"24","715",1,"DEU"
"49","715",2,"DEU"
"50","715",9,"DEU"
"51","715",1,"DEU"
"62","715",1,"DEU"
"439","715",1,"DEU"
"6","716",1,"DEU"
"16","716",1,"DEU"
"23","716",2,"DEU"
"28","716",1,"DEU"
"32","716",1,"DEU"
"50","716",1,"DEU"
"55","716",1,"DEU"
"88","716",1,"DEU"
"130","716",1,"DEU"
"148","716",1,"DEU"
"477","716",1,"DEU"
"1","717",5,"DEU"
"6","717",1,"DEU"
"18","717",1,"DEU"
"19","717",1,"DEU"
"39","717",2,"DEU"
"41","717",1,"DEU"
"59","717",1,"DEU"
"272","717",1,"DEU"
"386","717",1,"DEU"
"601","717",1,"DEU"
"1","718",4,"DEU"
"2","718",1,"DEU"
"6","718",3,"DEU"
"7","718",1,"DEU"
"13","718",2,"DEU"
"22","718",2,"DEU"
"63","718",1,"DEU"
"77","718",1,"DEU"
"85","718",1,"DEU"
"153","718",1,"DEU"
"208","718",1,"DEU"
"537","718",2,"DEU"
"3","719",5,"DEU"
"9","719",1,"DEU"
"12","719",1,"DEU"
"15","719",1,"DEU"
"80","719",1,"DEU"
"89","719",1,"DEU"
"148","719",1,"DEU"
"320","719",2,"DEU"
"357","719",1,"DEU"
"360","719",1,"DEU"
"392","719",1,"DEU"
"4","720",1,"DEU"
"6","720",1,"DEU"
"18","720",3,"DEU"
"21","720",3,"DEU"
"25","720",1,"DEU"
"29","720",1,"DEU"
"126","720",1,"DEU"
"236","720",1,"DEU"
"305","720",1,"DEU"
"459","720",1,"DEU"
"538","720",1,"DEU"
"1","721",1,"DEU"
"8","721",1,"DEU"
"10","721",1,"DEU"
"23","721",1,"DEU"
"27","721",1,"DEU"
"33","721",1,"DEU"
"74","721",1,"DEU"
"105","721",1,"DEU"
"107","721",1,"DEU"
"320","721",1,"DEU"
"372","721",1,"DEU"
"1","722",2,"DEU"
"8","722",1,"DEU"
"11","722",1,"DEU"
"15","722",1,"DEU"
"23","722",1,"DEU"
"29","722",1,"DEU"
"44","722",1,"DEU"
"75","722",1,"DEU"
"81","722",1,"DEU"
"89","722",1,"DEU"
"92","722",1,"DEU"
"171","722",1,"DEU"
"183","722",1,"DEU"
"347","722",1,"DEU"
"532","722",1,"DEU"
"6","723",2,"DEU"
"8","723",3,"DEU"
"10","723",1,"DEU"
"11","723",1,"DEU"
"13","723",1,"DEU"
"18","723",3,"DEU"
"32","723",1,"DEU"
"38","723",1,"DEU"
"78","723",1,"DEU"
"97","723",1,"DEU"
"116","723",1,"DEU"
"1","724",2,"DEU"
"2","724",1,"DEU"
"3","724",1,"DEU"
"4","724",2,"DEU"
"7","724",1,"DEU"
"30","724",1,"DEU"
"38","724",1,"DEU"
"48","724",1,"DEU"
"83","724",1,"DEU"
"105","724",2,"DEU"
"115","724",1,"DEU"
"186","724",1,"DEU"
"212","724",1,"DEU"
"278","724",1,"DEU"
"1","725",2,"DEU"
"21","725",1,"DEU"
"145","725",1,"DEU"
"163","725",1,"DEU"
"177","725",2,"DEU"
"202","725",1,"DEU"
"242","725",1,"DEU"
"435","725",1,"DEU"
"490","725",1,"DEU"
"683","725",1,"DEU"
"2","726",1,"DEU"
"4","726",1,"DEU"
"18","726",1,"DEU"
"21","726",1,"DEU"
"23","726",1,"DEU"
"28","726",2,"DEU"
"31","726",1,"DEU"
"55","726",1,"DEU"
"100","726",2,"DEU"
"101","726",1,"DEU"
"216","726",1,"DEU"
"280","726",1,"DEU"
"295","726",1,"DEU"
"298","726",1,"DEU"
"364","726",1,"DEU"
"442","726",1,"DEU"
"4","727",1,"DEU"
"5","727",1,"DEU"
"11","727",1,"DEU"
"18","727",1,"DEU"
"20","727",1,"DEU"
"22","727",1,"DEU"
"23","727",1,"DEU"
"24","727",2,"DEU"
"38","727",1,"DEU"
"93","727",1,"DEU"
"285","727",1,"DEU"
"425","727",1,"DEU"
"432","727",2,"DEU"
"527","727",1,"DEU"
"554","727",1,"DEU"
"599","727",1,"DEU"
"1","728",1,"DEU"
"2","728",3,"DEU"
"5","728",1,"DEU"
"24","728",1,"DEU"
"39","728",1,"DEU"
"40","728",2,"DEU"
"386","728",1,"DEU"
"1","729",8,"DEU"
"2","729",4,"DEU"
"3","729",1,"DEU"
"18","729",1,"DEU"
"22","729",1,"DEU"
"26","729",1,"DEU"
"307","729",1,"DEU"
"476","729",1,"DEU"
"499","729",1,"DEU"
"650","729",1,"DEU"
"3","730",1,"DEU"
"4","730",5,"DEU"
"18","730",1,"DEU"
"22","730",1,"DEU"
"29","730",1,"DEU"
"36","730",1,"DEU"
"92","730",1,"DEU"
"134","730",2,"DEU"
"147","730",1,"DEU"
"172","730",1,"DEU"
"1","731",3,"DEU"
"4","731",6,"DEU"
"6","731",1,"DEU"
"12","731",6,"DEU"
"26","731",1,"DEU"
"133","731",1,"DEU"
"2","732",1,"DEU"
"3","732",1,"DEU"
"11","732",1,"DEU"
"12","732",1,"DEU"
"15","732",1,"DEU"
"28","732",1,"DEU"
"29","732",1,"DEU"
"36","732",1,"DEU"
"45","732",1,"DEU"
"55","732",1,"DEU"
"58","732",2,"DEU"
"102","732",1,"DEU"
"112","732",2,"DEU"
"256","732",1,"DEU"
"310","732",1,"DEU"
"1","733",1,"DEU"
"4","733",1,"DEU"
"6","733",1,"DEU"
"10","733",1,"DEU"
"18","733",1,"DEU"
"36","733",1,"DEU"
"220","733",2,"DEU"
"380","733",1,"DEU"
"418","733",1,"DEU"
"464","733",1,"DEU"
"525","733",1,"DEU"
"1","734",1,"DEU"
"2","734",1,"DEU"
"8","734",1,"DEU"
"10","734",3,"DEU"
"12","734",1,"DEU"
"34","734",1,"DEU"
"37","734",1,"DEU"
"39","734",1,"DEU"
"40","734",1,"DEU"
"43","734",1,"DEU"
"47","734",1,"DEU"
"87","734",1,"DEU"
"113","734",1,"DEU"
"131","734",1,"DEU"
"146","734",1,"DEU"
"152","734",1,"DEU"
"170","734",1,"DEU"
"171","734",1,"DEU"
"279","734",1,"DEU"
"6","735",1,"DEU"
"10","735",1,"DEU"
"19","735",1,"DEU"
"31","735",1,"DEU"
"32","735",2,"DEU"
"131","735",1,"DEU"
"157","735",1,"DEU"
"168","735",1,"DEU"
"206","735",1,"DEU"
"237","735",1,"DEU"
"360","735",1,"DEU"
"643","735",1,"DEU"
"668","735",1,"DEU"
"686","735",1,"DEU"
"1","736",2,"DEU"
"2","736",1,"DEU"
"3","736",1,"DEU"
"10","736",1,"DEU"
"12","736",1,"DEU"
"22","736",1,"DEU"
"29","736",1,"DEU"
"80","736",2,"DEU"
"85","736",1,"DEU"
"93","736",1,"DEU"
"192","736",1,"DEU"
"269","736",1,"DEU"
"469","736",1,"DEU"
"3","737",2,"DEU"
"15","737",6,"DEU"
"18","737",2,"DEU"
"36","737",1,"DEU"
"89","737",1,"DEU"
"171","737",2,"DEU"
"663","737",2,"DEU"
"1","738",1,"DEU"
"3","738",1,"DEU"
"8","738",1,"DEU"
"18","738",1,"DEU"
"25","738",1,"DEU"
"32","738",1,"DEU"
"40","738",1,"DEU"
"46","738",1,"DEU"
"72","738",1,"DEU"
"109","738",1,"DEU"
"144","738",5,"DEU"
"186","738",1,"DEU"
"306","738",1,"DEU"
"322","738",1,"DEU"
"376","738",1,"DEU"
"611","738",1,"DEU"
"682","738",2,"DEU"
"2","739",1,"DEU"
"10","739",1,"DEU"
"15","739",1,"DEU"
"19","739",1,"DEU"
"24","739",1,"DEU"
"37","739",2,"DEU"
"86","739",1,"DEU"
"317","739",1,"DEU"
"334","739",1,"DEU"
"720","739",1,"DEU"
"2","740",1,"DEU"
"4","740",1,"DEU"
"22","740",1,"DEU"
"75","740",1,"DEU"
"176","740",2,"DEU"
"562","740",1,"DEU"
"721","740",1,"DEU"
"2","741",1,"DEU"
"4","741",2,"DEU"
"7","741",6,"DEU"
"9","741",2,"DEU"
"20","741",1,"DEU"
"41","741",1,"DEU"
"57","741",1,"DEU"
"68","741",1,"DEU"
"74","741",1,"DEU"
"172","741",1,"DEU"
"189","741",1,"DEU"
"215","741",1,"DEU"
"3","742",1,"DEU"
"4","742",1,"DEU"
"12","742",1,"DEU"
"18","742",1,"DEU"
"23","742",1,"DEU"
"41","742",1,"DEU"
"80","742",1,"DEU"
"175","742",1,"DEU"
"181","742",1,"DEU"
"182","742",1,"DEU"
"284","742",1,"DEU"
"498","742",1,"DEU"
"557","742",1,"DEU"
"612","742",1,"DEU"
"2","743",3,"DEU"
"4","743",1,"DEU"
"9","743",2,"DEU"
"18","743",2,"DEU"
"20","743",1,"DEU"
"38","743",1,"DEU"
"73","743",1,"DEU"
"299","743",1,"DEU"
"325","743",1,"DEU"
"578","743",2,"DEU"
"579","743",1,"DEU"
"2","744",1,"DEU"
"3","744",1,"DEU"
"4","744",2,"DEU"
"5","744",1,"DEU"
"7","744",1,"DEU"
"18","744",1,"DEU"
"30","744",1,"DEU"
"49","744",1,"DEU"
"83","744",1,"DEU"
"100","744",1,"DEU"
"166","744",1,"DEU"
"179","744",2,"DEU"
"375","744",1,"DEU"
"1","745",4,"DEU"
"6","745",2,"DEU"
"7","745",2,"DEU"
"12","745",1,"DEU"
"21","745",1,"DEU"
"29","745",1,"DEU"
"40","745",1,"DEU"
"41","745",1,"DEU"
"42","745",1,"DEU"
"47","745",1,"DEU"
"57","745",1,"DEU"
"101","745",1,"DEU"
"164","745",1,"DEU"
"6","746",1,"DEU"
"8","746",2,"DEU"
"9","746",1,"DEU"
"15","746",3,"DEU"
"20","746",4,"DEU"
"26","746",1,"DEU"
"78","746",1,"DEU"
"128","746",1,"DEU"
"196","746",1,"DEU"
"276","746",1,"DEU"
"3","747",1,"DEU"
"7","747",3,"DEU"
"8","747",1,"DEU"
"12","747",1,"DEU"
"15","747",3,"DEU"
"20","747",1,"DEU"
"41","747",1,"DEU"
"154","747",1,"DEU"
"166","747",1,"DEU"
"409","747",1,"DEU"
"424","747",1,"DEU"
"512","747",1,"DEU"
"3","748",3,"DEU"
"4","748",2,"DEU"
"7","748",1,"DEU"
"11","748",1,"DEU"
"12","748",1,"DEU"
"18","748",1,"DEU"
"36","748",2,"DEU"
"43","748",1,"DEU"
"45","748",1,"DEU"
"142","748",1,"DEU"
"445","748",1,"DEU"
"583","748",1,"DEU"
"746","748",1,"DEU"
"1","749",1,"DEU"
"2","749",1,"DEU"
"4","749",1,"DEU"
"5","749",1,"DEU"
"16","749",1,"DEU"
"19","749",1,"DEU"
"27","749",1,"DEU"
"28","749",1,"DEU"
"35","749",1,"DEU"
"40","749",2,"DEU"
"45","749",1,"DEU"
"85","749",1,"DEU"
"166","749",1,"DEU"
"287","749",1,"DEU"
"345","749",1,"DEU"
"728","749",2,"DEU"
"3","750",1,"DEU"
"6","750",1,"DEU"
"11","750",1,"DEU"
"17","750",3,"DEU"
"24","750",1,"DEU"
"28","750",1,"DEU"
"35","750",1,"DEU"
"54","750",1,"DEU"
"75","750",1,"DEU"
"199","750",1,"DEU"
"445","750",1,"DEU"
"571","750",1,"DEU"
"3","751",1,"DEU"
"4","751",2,"DEU"
"10","751",3,"DEU"
"12","751",1,"DEU"
"13","751",1,"DEU"
"21","751",1,"DEU"
"25","751",1,"DEU"
"34","751",1,"DEU"
"85","751",1,"DEU"
"594","751",1,"DEU"
"663","751",1,"DEU"
"1","752",1,"DEU"
"5","752",1,"DEU"
"18","752",2,"DEU"
"27","752",2,"DEU"
"30","752",1,"DEU"
"34","752",1,"DEU"
"36","752",1,"DEU"
"39","752",1,"DEU"
"46","752",1,"DEU"
"83","752",1,"DEU"
"144","752",1,"DEU"
"201","752",1,"DEU"
"219","752",1,"DEU"
"236","752",1,"DEU"
"318","752",1,"DEU"
"411","752",2,"DEU"
"519","752",1,"DEU"
"682","752",1,"DEU"
"2","753",1,"DEU"
"3","753",3,"DEU"
"5","753",1,"DEU"
"10","753",1,"DEU"
"18","753",1,"DEU"
"27","753",2,"DEU"
"50","753",1,"DEU"
"52","753",1,"DEU"
"54","753",1,"DEU"
"63","753",1,"DEU"
"64","753",1,"DEU"
"156","753",1,"DEU"
"1","754",1,"DEU"
"3","754",2,"DEU"
"15","754",1,"DEU"
"43","754",1,"DEU"
"53","754",1,"DEU"
"59","754",1,"DEU"
"76","754",1,"DEU"
"87","754",1,"DEU"
"147","754",1,"DEU"
"244","754",1,"DEU"
"247","754",1,"DEU"
"259","754",1,"DEU"
"316","754",1,"DEU"
"414","754",1,"DEU"
"645","754",1,"DEU"
"2","755",1,"DEU"
"3","755",2,"DEU"
"8","755",2,"DEU"
"9","755",1,"DEU"
"18","755",2,"DEU"
"66","755",1,"DEU"
"89","755",1,"DEU"
"132","755",1,"DEU"
"198","755",1,"DEU"
"246","755",1,"DEU"
"312","755",1,"DEU"
"446","755",1,"DEU"
"2","756",2,"DEU"
"4","756",1,"DEU"
"8","756",4,"DEU"
"13","756",2,"DEU"
"18","756",2,"DEU"
"19","756",1,"DEU"
"68","756",1,"DEU"
"81","756",1,"DEU"
"141","756",1,"DEU"
"332","756",1,"DEU"
"3","757",1,"DEU"
"5","757",1,"DEU"
"7","757",1,"DEU"
"18","757",1,"DEU"
"26","757",1,"DEU"
"47","757",2,"DEU"
"53","757",1,"DEU"
"59","757",1,"DEU"
"67","757",1,"DEU"
"132","757",1,"DEU"
"159","757",1,"DEU"
"294","757",1,"DEU"
"645","757",1,"DEU"
"3","758",2,"DEU"
"5","758",1,"DEU"
"6","758",1,"DEU"
"23","758",1,"DEU"
"31","758",1,"DEU"
"33","758",1,"DEU"
"54","758",1,"DEU"
"57","758",1,"DEU"
"67","758",1,"DEU"
"258","758",1,"DEU"
"294","758",1,"DEU"
"440","758",1,"DEU"
"543","758",1,"DEU"
"4","759",4,"DEU"
"6","759",1,"DEU"
"10","759",1,"DEU"
"14","759",1,"DEU"
"31","759",1,"DEU"
"48","759",1,"DEU"
"76","759",1,"DEU"
"215","759",1,"DEU"
"283","759",1,"DEU"
"451","759",1,"DEU"
"555","759",1,"DEU"
"2","760",1,"DEU"
"8","760",3,"DEU"
"12","760",2,"DEU"
"22","760",1,"DEU"
"26","760",1,"DEU"
"41","760",1,"DEU"
"44","760",1,"DEU"
"59","760",1,"DEU"
"132","760",1,"DEU"
"154","760",1,"DEU"
"196","760",1,"DEU"
"407","760",1,"DEU"
"652","760",1,"DEU"
"35","761",1,"DEU"
"84","761",1,"DEU"
"105","761",9,"DEU"
"150","761",1,"DEU"
"458","761",3,"DEU"
"478","761",1,"DEU"
"583","761",1,"DEU"
"1","762",9,"DEU"
"2","762",3,"DEU"
"4","762",1,"DEU"
"5","762",1,"DEU"
"10","762",2,"DEU"
"12","762",1,"DEU"
"13","762",1,"DEU"
"26","762",1,"DEU"
"71","762",1,"DEU"
"2","763",3,"DEU"
"5","763",1,"DEU"
"16","763",2,"DEU"
"18","763",1,"DEU"
"23","763",2,"DEU"
"27","763",1,"DEU"
"33","763",1,"DEU"
"41","763",1,"DEU"
"78","763",1,"DEU"
"80","763",1,"DEU"
"200","763",1,"DEU"
"221","763",1,"DEU"
"259","763",1,"DEU"
"358","763",2,"DEU"
"426","763",1,"DEU"
"466","763",1,"DEU"
"1","764",1,"DEU"
"13","764",2,"DEU"
"22","764",2,"DEU"
"53","764",2,"DEU"
"106","764",1,"DEU"
"112","764",1,"DEU"
"113","764",1,"DEU"
"117","764",1,"DEU"
"271","764",1,"DEU"
"337","764",2,"DEU"
"366","764",1,"DEU"
"2","765",1,"DEU"
"7","765",1,"DEU"
"10","765",1,"DEU"
"27","765",3,"DEU"
"28","765",1,"DEU"
"41","765",1,"DEU"
"45","765",2,"DEU"
"52","765",1,"DEU"
"54","765",1,"DEU"
"64","765",1,"DEU"
"97","765",1,"DEU"
"125","765",1,"DEU"
"126","765",1,"DEU"
"244","765",1,"DEU"
"394","765",1,"DEU"
"455","765",1,"DEU"
"1","766",2,"DEU"
"2","766",1,"DEU"
"3","766",1,"DEU"
"17","766",5,"DEU"
"31","766",1,"DEU"
"39","766",1,"DEU"
"45","766",1,"DEU"
"57","766",1,"DEU"
"79","766",1,"DEU"
"384","766",1,"DEU"
"1","767",1,"DEU"
"8","767",1,"DEU"
"10","767",1,"DEU"
"11","767",1,"DEU"
"18","767",1,"DEU"
"40","767",1,"DEU"
"43","767",1,"DEU"
"44","767",1,"DEU"
"115","767",2,"DEU"
"120","767",2,"DEU"
"139","767",1,"DEU"
"243","767",1,"DEU"
"330","767",1,"DEU"
"435","767",1,"DEU"
"2","768",1,"DEU"
"4","768",2,"DEU"
"6","768",1,"DEU"
"8","768",1,"DEU"
"10","768",1,"DEU"
"43","768",1,"DEU"
"46","768",1,"DEU"
"65","768",1,"DEU"
"80","768",1,"DEU"
"110","768",1,"DEU"
"145","768",1,"DEU"
"248","768",1,"DEU"
"346","768",1,"DEU"
"384","768",2,"DEU"
"704","768",1,"DEU"
"2","769",1,"DEU"
"9","769",1,"DEU"
"14","769",1,"DEU"
"18","769",1,"DEU"
"20","769",1,"DEU"
"65","769",1,"DEU"
"70","769",1,"DEU"
"97","769",1,"DEU"
"161","769",2,"DEU"
"193","769",1,"DEU"
"203","769",1,"DEU"
"206","769",1,"DEU"
"270","769",1,"DEU"
"330","769",1,"DEU"
"435","769",1,"DEU"
"685","769",1,"DEU"
"733","769",1,"DEU"
"2","770",3,"DEU"
"3","770",1,"DEU"
"8","770",1,"DEU"
"58","770",1,"DEU"
"76","770",3,"DEU"
"144","770",2,"DEU"
"211","770",1,"DEU"
"275","770",2,"DEU"
"403","770",1,"DEU"
"1","771",2,"DEU"
"2","771",3,"DEU"
"3","771",1,"DEU"
"11","771",1,"DEU"
"19","771",1,"DEU"
"22","771",2,"DEU"
"26","771",1,"DEU"
"32","771",1,"DEU"
"39","771",1,"DEU"
"41","771",1,"DEU"
"81","771",1,"DEU"
"8","772",3,"DEU"
"12","772",1,"DEU"
"17","772",6,"DEU"
"63","772",1,"DEU"
"128","772",1,"DEU"
"170","772",1,"DEU"
"186","772",1,"DEU"
"292","772",1,"DEU"
"338","772",1,"DEU"
"470","772",1,"DEU"
"1","773",1,"DEU"
"2","773",1,"DEU"
"9","773",1,"DEU"
"22","773",1,"DEU"
"27","773",1,"DEU"
"33","773",2,"DEU"
"61","773",2,"DEU"
"65","773",1,"DEU"
"69","773",1,"DEU"
"95","773",1,"DEU"
"125","773",1,"DEU"
"252","773",1,"DEU"
"346","773",1,"DEU"
"2","774",3,"DEU"
"6","774",1,"DEU"
"14","774",1,"DEU"
"15","774",1,"DEU"
"27","774",1,"DEU"
"69","774",1,"DEU"
"159","774",1,"DEU"
"277","774",1,"DEU"
"443","774",1,"DEU"
"560","774",1,"DEU"
"2","775",2,"DEU"
"6","775",4,"DEU"
"26","775",4,"DEU"
"63","775",1,"DEU"
"75","775",1,"DEU"
"102","775",2,"DEU"
"116","775",1,"DEU"
"127","775",1,"DEU"
"544","775",1,"DEU"
"8","776",3,"DEU"
"13","776",1,"DEU"
"17","776",1,"DEU"
"22","776",1,"DEU"
"31","776",1,"DEU"
"71","776",1,"DEU"
"91","776",1,"DEU"
"101","776",1,"DEU"
"196","776",1,"DEU"
"382","776",1,"DEU"
"401","776",1,"DEU"
"477","776",1,"DEU"
"513","776",1,"DEU"
"711","776",1,"DEU"
"2","777",5,"DEU"
"6","777",1,"DEU"
"13","777",1,"DEU"
"14","777",1,"DEU"
"26","777",2,"DEU"
"38","777",3,"DEU"
"40","777",1,"DEU"
"116","777",1,"DEU"
"1","778",2,"DEU"
"2","778",2,"DEU"
"14","778",1,"DEU"
"15","778",1,"DEU"
"23","778",1,"DEU"
"77","778",1,"DEU"
"349","778",1,"DEU"
"613","778",4,"DEU"
"2","779",1,"DEU"
"10","779",1,"DEU"
"30","779",1,"DEU"
"62","779",1,"DEU"
"80","779",1,"DEU"
"195","779",1,"DEU"
"405","779",1,"DEU"
"627","779",1,"DEU"
"730","779",1,"DEU"
"3","780",1,"DEU"
"7","780",1,"DEU"
"11","780",4,"DEU"
"18","780",1,"DEU"
"21","780",1,"DEU"
"44","780",1,"DEU"
"129","780",1,"DEU"
"171","780",1,"DEU"
"741","780",1,"DEU"
"2","781",3,"DEU"
"4","781",1,"DEU"
"7","781",2,"DEU"
"10","781",1,"DEU"
"26","781",1,"DEU"
"36","781",1,"DEU"
"167","781",1,"DEU"
"320","781",1,"DEU"
"660","781",1,"DEU"
"1","782",1,"DEU"
"2","782",2,"DEU"
"3","782",1,"DEU"
"305","782",1,"DEU"
"500","782",1,"DEU"
"530","782",1,"DEU"
"2","783",1,"DEU"
"3","783",1,"DEU"
"5","783",1,"DEU"
"7","783",1,"DEU"
"9","783",1,"DEU"
"19","783",1,"DEU"
"20","783",1,"DEU"
"59","783",1,"DEU"
"172","783",1,"DEU"
"179","783",3,"DEU"
"388","783",1,"DEU"
"769","783",1,"DEU"
"7","784",1,"DEU"
"17","784",1,"DEU"
"23","784",1,"DEU"
"57","784",1,"DEU"
"58","784",1,"DEU"
"72","784",2,"DEU"
"83","784",1,"DEU"
"424","784",1,"DEU"
"2","785",1,"DEU"
"4","785",1,"DEU"
"26","785",2,"DEU"
"37","785",1,"DEU"
"71","785",1,"DEU"
"95","785",1,"DEU"
"452","785",1,"DEU"
"666","785",1,"DEU"
"2","786",5,"DEU"
"3","786",1,"DEU"
"6","786",3,"DEU"
"7","786",1,"DEU"
"13","786",1,"DEU"
"81","786",3,"DEU"
"85","786",1,"DEU"
"109","786",1,"DEU"
"162","786",1,"DEU"
"2","787",1,"DEU"
"6","787",1,"DEU"
"10","787",1,"DEU"
"24","787",1,"DEU"
"31","787",1,"DEU"
"42","787",1,"DEU"
"47","787",1,"DEU"
"59","787",1,"DEU"
"74","787",1,"DEU"
"75","787",1,"DEU"
"153","787",1,"DEU"
"241","787",1,"DEU"
"561","787",1,"DEU"
"4","788",1,"DEU"
"6","788",1,"DEU"
"13","788",1,"DEU"
"14","788",1,"DEU"
"15","788",1,"DEU"
"44","788",2,"DEU"
"48","788",1,"DEU"
"62","788",1,"DEU"
"94","788",1,"DEU"
"97","788",1,"DEU"
"114","788",1,"DEU"
"233","788",1,"DEU"
"271","788",1,"DEU"
"1","789",2,"DEU"
"2","789",1,"DEU"
"3","789",1,"DEU"
"7","789",3,"DEU"
"10","789",1,"DEU"
"12","789",5,"DEU"
"13","789",1,"DEU"
"15","789",1,"DEU"
"17","789",1,"DEU"
"81","789",1,"DEU"
"721","789",1,"DEU"
"1","790",2,"DEU"
"2","790",1,"DEU"
"5","790",1,"DEU"
"16","790",1,"DEU"
"18","790",1,"DEU"
"22","790",1,"DEU"
"23","790",1,"DEU"
"28","790",2,"DEU"
"50","790",1,"DEU"
"65","790",1,"DEU"
"125","790",1,"DEU"
"160","790",1,"DEU"
"217","790",1,"DEU"
"268","790",1,"DEU"
"767","790",1,"DEU"
"2","791",1,"DEU"
"5","791",1,"DEU"
"22","791",1,"DEU"
"23","791",1,"DEU"
"30","791",3,"DEU"
"31","791",4,"DEU"
"57","791",1,"DEU"
"84","791",1,"DEU"
"105","791",2,"DEU"
"235","791",1,"DEU"
"1","792",3,"DEU"
"3","792",1,"DEU"
"4","792",1,"DEU"
"5","792",1,"DEU"
"8","792",1,"DEU"
"12","792",2,"DEU"
"15","792",2,"DEU"
"85","792",1,"DEU"
"90","792",1,"DEU"
"109","792",1,"DEU"
"305","792",1,"DEU"
"475","792",1,"DEU"
"3","793",1,"DEU"
"6","793",2,"DEU"
"16","793",1,"DEU"
"26","793",1,"DEU"
"27","793",1,"DEU"
"48","793",1,"DEU"
"63","793",1,"DEU"
"67","793",1,"DEU"
"97","793",1,"DEU"
"124","793",1,"DEU"
"522","793",1,"DEU"
"707","793",1,"DEU"
"3","794",5,"DEU"
"4","794",2,"DEU"
"6","794",2,"DEU"
"12","794",1,"DEU"
"15","794",1,"DEU"
"18","794",1,"DEU"
"19","794",1,"DEU"
"25","794",1,"DEU"
"37","794",1,"DEU"
"41","794",1,"DEU"
"136","794",2,"DEU"
"298","794",1,"DEU"
"6","795",1,"DEU"
"11","795",1,"DEU"
"18","795",1,"DEU"
"75","795",1,"DEU"
"100","795",1,"DEU"
"197","795",1,"DEU"
"521","795",1,"DEU"
"630","795",1,"DEU"
"693","795",1,"DEU"
"703","795",1,"DEU"
"788","795",1,"DEU"
"2","796",1,"DEU"
"8","796",1,"DEU"
"11","796",1,"DEU"
"22","796",1,"DEU"
"24","796",1,"DEU"
"27","796",1,"DEU"
"28","796",1,"DEU"
"29","796",1,"DEU"
"40","796",1,"DEU"
"56","796",1,"DEU"
"72","796",1,"DEU"
"98","796",1,"DEU"
"108","796",1,"DEU"
"344","796",1,"DEU"
"1","797",3,"DEU"
"2","797",5,"DEU"
"3","797",2,"DEU"
"8","797",1,"DEU"
"13","797",1,"DEU"
"15","797",1,"DEU"
"19","797",1,"DEU"
"96","797",1,"DEU"
"388","797",1,"DEU"
"405","797",1,"DEU"
"2","798",1,"DEU"
"3","798",1,"DEU"
"4","798",1,"DEU"
"6","798",1,"DEU"
"7","798",1,"DEU"
"10","798",2,"DEU"
"15","798",3,"DEU"
"26","798",1,"DEU"
"39","798",1,"DEU"
"44","798",1,"DEU"
"70","798",1,"DEU"
"10","799",1,"DEU"
"17","799",1,"DEU"
"19","799",1,"DEU"
"24","799",4,"DEU"
"32","799",1,"DEU"
"33","799",1,"DEU"
"67","799",1,"DEU"
"81","799",1,"DEU"
"86","799",1,"DEU"
"123","799",1,"DEU"
"407","799",1,"DEU"
"8","800",1,"DEU"
"10","800",4,"DEU"
"15","800",5,"DEU"
"22","800",1,"DEU"
"35","800",1,"DEU"
"57","800",1,"DEU"
"114","800",1,"DEU"
"171","800",1,"DEU"
"299","800",1,"DEU"
"663","800",1,"DEU"
"798","800",1,"DEU"
"3","801",1,"DEU"
"15","801",1,"DEU"
"26","801",1,"DEU"
"30","801",1,"DEU"
"46","801",1,"DEU"
"52","801",1,"DEU"
"53","801",1,"DEU"
"162","801",1,"DEU"
"421","801",1,"DEU"
"485","801",3,"DEU"
"573","801",1,"DEU"
"592","801",2,"DEU"
"690","801",1,"DEU"
"4","802",2,"DEU"
"10","802",1,"DEU"
"11","802",3,"DEU"
"17","802",1,"DEU"
"25","802",1,"DEU"
"29","802",1,"DEU"
"78","802",1,"DEU"
"227","802",1,"DEU"
"300","802",1,"DEU"
"345","802",1,"DEU"
"360","802",1,"DEU"
"1","803",2,"DEU"
"3","803",1,"DEU"
"10","803",1,"DEU"
"29","803",1,"DEU"
"31","803",1,"DEU"
"37","803",1,"DEU"
"42","803",1,"DEU"
"46","803",1,"DEU"
"53","803",2,"DEU"
"98","803",1,"DEU"
"100","803",1,"DEU"
"660","803",1,"DEU"
"668","803",1,"DEU"
"1","804",3,"DEU"
"2","804",4,"DEU"
"8","804",1,"DEU"
"14","804",1,"DEU"
"21","804",2,"DEU"
"44","804",1,"DEU"
"217","804",1,"DEU"
"236","804",1,"DEU"
"329","804",1,"DEU"
"1","805",2,"DEU"
"3","805",1,"DEU"
"4","805",1,"DEU"
"6","805",1,"DEU"
"17","805",1,"DEU"
"48","805",1,"DEU"
"92","805",1,"DEU"
"128","805",1,"DEU"
"138","805",1,"DEU"
"147","805",1,"DEU"
"1","806",4,"DEU"
"2","806",1,"DEU"
"4","806",1,"DEU"
"7","806",3,"DEU"
"19","806",1,"DEU"
"24","806",1,"DEU"
"36","806",1,"DEU"
"41","806",1,"DEU"
"42","806",1,"DEU"
"97","806",1,"DEU"
"744","806",1,"DEU"
"2","807",1,"DEU"
"3","807",1,"DEU"
"6","807",2,"DEU"
"28","807",1,"DEU"
"89","807",1,"DEU"
"131","807",1,"DEU"
"674","807",1,"DEU"
"733","807",1,"DEU"
"3","808",1,"DEU"
"4","808",7,"DEU"
"17","808",1,"DEU"
"25","808",1,"DEU"
"35","808",1,"DEU"
"36","808",2,"DEU"
"172","808",1,"DEU"
"237","808",1,"DEU"
"1","809",1,"DEU"
"4","809",1,"DEU"
"5","809",1,"DEU"
"10","809",1,"DEU"
"13","809",1,"DEU"
"21","809",1,"DEU"
"22","809",1,"DEU"
"30","809",1,"DEU"
"48","809",1,"DEU"
"117","809",1,"DEU"
"378","809",1,"DEU"
"426","809",1,"DEU"
"533","809",1,"DEU"
"567","809",3,"DEU"
"11","810",7,"DEU"
"13","810",1,"DEU"
"55","810",1,"DEU"
"72","810",1,"DEU"
"175","810",1,"DEU"
"403","810",1,"DEU"
"790","810",1,"DEU"
"3","811",1,"DEU"
"16","811",2,"DEU"
"22","811",1,"DEU"
"23","811",1,"DEU"
"33","811",1,"DEU"
"55","811",1,"DEU"
"65","811",1,"DEU"
"90","811",1,"DEU"
"108","811",1,"DEU"
"480","811",1,"DEU"
"522","811",1,"DEU"
"1","812",1,"DEU"
"2","812",5,"DEU"
"4","812",1,"DEU"
"8","812",1,"DEU"
"10","812",3,"DEU"
"32","812",1,"DEU"
"66","812",1,"DEU"
"97","812",1,"DEU"
"128","812",1,"DEU"
"262","812",1,"DEU"
"4","813",3,"DEU"
"12","813",1,"DEU"
"19","813",2,"DEU"
"36","813",1,"DEU"
"59","813",1,"DEU"
"95","813",1,"DEU"
"136","813",1,"DEU"
"245","813",1,"DEU"
"368","813",2,"DEU"
"425","813",1,"DEU"
"727","813",1,"DEU"
"2","814",1,"DEU"
"5","814",2,"DEU"
"10","814",1,"DEU"
"15","814",1,"DEU"
"17","814",1,"DEU"
"24","814",1,"DEU"
"28","814",1,"DEU"
"30","814",1,"DEU"
"35","814",1,"DEU"
"64","814",1,"DEU"
"70","814",1,"DEU"
"79","814",1,"DEU"
"97","814",1,"DEU"
"107","814",1,"DEU"
"156","814",1,"DEU"
"402","814",1,"DEU"
"2","815",2,"DEU"
"3","815",2,"DEU"
"4","815",1,"DEU"
"7","815",2,"DEU"
"10","815",1,"DEU"
"15","815",4,"DEU"
"20","815",1,"DEU"
"22","815",1,"DEU"
"36","815",1,"DEU"
"37","815",1,"DEU"
"282","815",1,"DEU"
"1","816",1,"DEU"
"3","816",2,"DEU"
"11","816",2,"DEU"
"15","816",1,"DEU"
"26","816",1,"DEU"
"28","816",2,"DEU"
"119","816",1,"DEU"
"134","816",1,"DEU"
"330","816",1,"DEU"
"353","816",1,"DEU"
"402","816",1,"DEU"
"542","816",1,"DEU"
"749","816",1,"DEU"
"7","817",1,"DEU"
"13","817",1,"DEU"
"41","817",1,"DEU"
"42","817",1,"DEU"
"90","817",1,"DEU"
"176","817",1,"DEU"
"177","817",1,"DEU"
"188","817",1,"DEU"
"308","817",1,"DEU"
"532","817",1,"DEU"
"1","818",2,"DEU"
"2","818",1,"DEU"
"6","818",1,"DEU"
"16","818",1,"DEU"
"17","818",2,"DEU"
"27","818",1,"DEU"
"28","818",1,"DEU"
"41","818",1,"DEU"
"54","818",1,"DEU"
"57","818",1,"DEU"
"74","818",1,"DEU"
"129","818",1,"DEU"
"151","818",1,"DEU"
"186","818",1,"DEU"
"348","818",1,"DEU"
"632","818",1,"DEU"
"793","818",1,"DEU"
"1","819",1,"DEU"
"2","819",1,"DEU"
"3","819",2,"DEU"
"12","819",3,"DEU"
"28","819",1,"DEU"
"35","819",1,"DEU"
"40","819",1,"DEU"
"43","819",1,"DEU"
"58","819",1,"DEU"
"290","819",1,"DEU"
"301","819",1,"DEU"
"506","819",1,"DEU"
"528","819",1,"DEU"
"6","820",1,"DEU"
"19","820",1,"DEU"
"24","820",1,"DEU"
"50","820",1,"DEU"
"57","820",1,"DEU"
"66","820",1,"DEU"
"162","820",1,"DEU"
"169","820",1,"DEU"
"423","820",1,"DEU"
"1","821",1,"DEU"
"2","821",1,"DEU"
"15","821",1,"DEU"
"16","821",1,"DEU"
"30","821",1,"DEU"
"32","821",1,"DEU"
"50","821",4,"DEU"
"54","821",1,"DEU"
"269","821",1,"DEU"
"375","821",1,"DEU"
"451","821",1,"DEU"
"546","821",1,"DEU"
"627","821",1,"DEU"
"30","822",1,"DEU"
"36","822",2,"DEU"
"41","822",1,"DEU"
"93","822",3,"DEU"
"97","822",1,"DEU"
"113","822",1,"DEU"
"137","822",1,"DEU"
"167","822",1,"DEU"
"194","822",1,"DEU"
"218","822",1,"DEU"
"481","822",1,"DEU"
"513","822",1,"DEU"
"752","822",1,"DEU"
"1","823",3,"DEU"
"5","823",3,"DEU"
"15","823",1,"DEU"
"18","823",1,"DEU"
"21","823",1,"DEU"
"74","823",1,"DEU"
"100","823",1,"DEU"
"103","823",1,"DEU"
"148","823",1,"DEU"
"289","823",1,"DEU"
"332","823",1,"DEU"
"358","823",1,"DEU"
"2","824",2,"DEU"
"8","824",1,"DEU"
"16","824",1,"DEU"
"22","824",1,"DEU"
"27","824",1,"DEU"
"28","824",1,"DEU"
"30","824",1,"DEU"
"39","824",1,"DEU"
"50","824",1,"DEU"
"99","824",1,"DEU"
"101","824",1,"DEU"
"350","824",1,"DEU"
"376","824",1,"DEU"
"403","824",1,"DEU"
"564","824",1,"DEU"
"1","825",2,"DEU"
"2","825",1,"DEU"
"5","825",1,"DEU"
"6","825",1,"DEU"
"7","825",1,"DEU"
"13","825",3,"DEU"
"15","825",1,"DEU"
"16","825",1,"DEU"
"63","825",1,"DEU"
"97","825",1,"DEU"
"310","825",1,"DEU"
"1","826",1,"DEU"
"8","826",1,"DEU"
"12","826",2,"DEU"
"15","826",2,"DEU"
"20","826",2,"DEU"
"21","826",1,"DEU"
"26","826",2,"DEU"
"42","826",1,"DEU"
"235","826",1,"DEU"
"262","826",1,"DEU"
"2","827",1,"DEU"
"3","827",3,"DEU"
"7","827",1,"DEU"
"17","827",2,"DEU"
"18","827",1,"DEU"
"19","827",1,"DEU"
"27","827",1,"DEU"
"274","827",1,"DEU"
"282","827",2,"DEU"
"358","827",1,"DEU"
"2","828",1,"DEU"
"3","828",1,"DEU"
"4","828",4,"DEU"
"9","828",1,"DEU"
"12","828",1,"DEU"
"29","828",1,"DEU"
"33","828",1,"DEU"
"80","828",1,"DEU"
"103","828",1,"DEU"
"302","828",1,"DEU"
"455","828",1,"DEU"
"640","828",1,"DEU"
"1","829",3,"DEU"
"7","829",1,"DEU"
"8","829",1,"DEU"
"11","829",1,"DEU"
"48","829",1,"DEU"
"67","829",1,"DEU"
"70","829",1,"DEU"
"267","829",1,"DEU"
"480","829",1,"DEU"
"676","829",1,"DEU"
"10","830",2,"DEU"
"33","830",1,"DEU"
"34","830",1,"DEU"
"41","830",1,"DEU"
"48","830",1,"DEU"
"61","830",1,"DEU"
"63","830",1,"DEU"
"67","830",1,"DEU"
"189","830",1,"DEU"
"252","830",1,"DEU"
"370","830",1,"DEU"
"631","830",1,"DEU"
"709","830",1,"DEU"
"1","831",2,"DEU"
"2","831",1,"DEU"
"7","831",1,"DEU"
"10","831",1,"DEU"
"19","831",1,"DEU"
"21","831",1,"DEU"
"22","831",1,"DEU"
"24","831",1,"DEU"
"39","831",1,"DEU"
"80","831",2,"DEU"
"99","831",2,"DEU"
"102","831",1,"DEU"
"285","831",1,"DEU"
"818","831",1,"DEU"
"4","832",1,"DEU"
"11","832",1,"DEU"
"15","832",1,"DEU"
"38","832",1,"DEU"
"40","832",1,"DEU"
"44","832",1,"DEU"
"51","832",1,"DEU"
"56","832",1,"DEU"
"76","832",1,"DEU"
"90","832",1,"DEU"
"102","832",1,"DEU"
"233","832",1,"DEU"
"321","832",1,"DEU"
"356","832",1,"DEU"
"414","832",1,"DEU"
"419","832",1,"DEU"
"658","832",1,"DEU"
"1","833",1,"DEU"
"2","833",2,"DEU"
"3","833",2,"DEU"
"10","833",1,"DEU"
"11","833",1,"DEU"
"12","833",1,"DEU"
"25","833",1,"DEU"
"62","833",1,"DEU"
"89","833",1,"DEU"
"93","833",1,"DEU"
"190","833",1,"DEU"
"570","833",1,"DEU"
"802","833",1,"DEU"
"8","834",1,"DEU"
"9","834",4,"DEU"
"20","834",1,"DEU"
"31","834",1,"DEU"
"33","834",1,"DEU"
"41","834",1,"DEU"
"44","834",2,"DEU"
"61","834",2,"DEU"
"105","834",1,"DEU"
"127","834",1,"DEU"
"160","834",1,"DEU"
"201","834",1,"DEU"
"492","834",1,"DEU"
"3","835",1,"DEU"
"11","835",1,"DEU"
"12","835",1,"DEU"
"16","835",1,"DEU"
"19","835",1,"DEU"
"24","835",1,"DEU"
"42","835",2,"DEU"
"46","835",1,"DEU"
"53","835",1,"DEU"
"58","835",1,"DEU"
"117","835",1,"DEU"
"120","835",1,"DEU"
"201","835",1,"DEU"
"445","835",1,"DEU"
"615","835",1,"DEU"
"716","835",1,"DEU"
"749","835",1,"DEU"
"817","835",1,"DEU"
"2","836",1,"DEU"
"4","836",1,"DEU"
"15","836",1,"DEU"
"123","836",1,"DEU"
"307","836",1,"DEU"
"399","836",1,"DEU"
"600","836",1,"DEU"
"606","836",1,"DEU"
"642","836",1,"DEU"
"3","837",1,"DEU"
"7","837",1,"DEU"
"12","837",1,"DEU"
"18","837",2,"DEU"
"53","837",1,"DEU"
"132","837",1,"DEU"
"229","837",1,"DEU"
"299","837",3,"DEU"
"425","837",1,"DEU"
"1","838",1,"DEU"
"2","838",2,"DEU"
"5","838",1,"DEU"
"6","838",1,"DEU"
"7","838",1,"DEU"
"17","838",1,"DEU"
"30","838",1,"DEU"
"45","838",1,"DEU"
"52","838",2,"DEU"
"79","838",1,"DEU"
"404","838",1,"DEU"
"415","838",1,"DEU"
"1","839",1,"DEU"
"3","839",1,"DEU"
"13","839",1,"DEU"
"27","839",1,"DEU"
"44","839",1,"DEU"
"67","839",1,"DEU"
"113","839",2,"DEU"
"137","839",1,"DEU"
"167","839",1,"DEU"
"321","839",1,"DEU"
"349","839",1,"DEU"
"408","839",1,"DEU"
"481","839",2,"DEU"
"740","839",1,"DEU"
"4","840",1,"DEU"
"6","840",1,"DEU"
"8","840",1,"DEU"
"13","840",2,"DEU"
"15","840",4,"DEU"
"20","840",1,"DEU"
"25","840",1,"DEU"
"62","840",1,"DEU"
"133","840",1,"DEU"
"171","840",1,"DEU"
"174","840",1,"DEU"
"2","841",3,"DEU"
"7","841",1,"DEU"
"9","841",1,"DEU"
"20","841",4,"DEU"
"24","841",1,"DEU"
"58","841",2,"DEU"
"165","841",1,"DEU"
"171","841",1,"DEU"
"251","841",1,"DEU"
"1","842",1,"DEU"
"8","842",2,"DEU"
"15","842",1,"DEU"
"20","842",1,"DEU"
"24","842",1,"DEU"
"27","842",1,"DEU"
"74","842",2,"DEU"
"81","842",1,"DEU"
"101","842",1,"DEU"
"158","842",1,"DEU"
"174","842",1,"DEU"
"221","842",1,"DEU"
"1","843",1,"DEU"
"2","843",2,"DEU"
"3","843",1,"DEU"
"5","843",1,"DEU"
"14","843",2,"DEU"
"32","843",1,"DEU"
"56","843",2,"DEU"
"102","843",1,"DEU"
"135","843",1,"DEU"
"212","843",1,"DEU"
"240","843",1,"DEU"
"498","843",1,"DEU"
"1","844",1,"DEU"
"2","844",1,"DEU"
"3","844",1,"DEU"
"7","844",1,"DEU"
"11","844",1,"DEU"
"26","844",1,"DEU"
"149","844",1,"DEU"
"264","844",1,"DEU"
"348","844",1,"DEU"
"532","844",1,"DEU"
"602","844",1,"DEU"
"1","845",1,"DEU"
"2","845",1,"DEU"
"5","845",1,"DEU"
"80","845",1,"DEU"
"105","845",1,"DEU"
"257","845",1,"DEU"
"320","845",2,"DEU"
"600","845",1,"DEU"
"612","845",1,"DEU"
"635","845",1,"DEU"
"3","846",1,"DEU"
"4","846",1,"DEU"
"8","846",2,"DEU"
"15","846",1,"DEU"
"18","846",1,"DEU"
"64","846",1,"DEU"
"77","846",1,"DEU"
"88","846",1,"DEU"
"162","846",1,"DEU"
"171","846",1,"DEU"
"250","846",1,"DEU"
"585","846",1,"DEU"
"846","846",1,"DEU"
"1","847",1,"DEU"
"18","847",1,"DEU"
"19","847",1,"DEU"
"23","847",1,"DEU"
"24","847",1,"DEU"
"27","847",1,"DEU"
"45","847",2,"DEU"
"48","847",1,"DEU"
"51","847",1,"DEU"
"106","847",2,"DEU"
"118","847",1,"DEU"
"128","847",1,"DEU"
"218","847",1,"DEU"
"1","848",1,"DEU"
"3","848",1,"DEU"
"4","848",1,"DEU"
"6","848",1,"DEU"
"11","848",2,"DEU"
"13","848",1,"DEU"
"25","848",1,"DEU"
"75","848",1,"DEU"
"257","848",1,"DEU"
"792","848",1,"DEU"
"4","849",1,"DEU"
"6","849",1,"DEU"
"18","849",1,"DEU"
"20","849",3,"DEU"
"38","849",1,"DEU"
"40","849",1,"DEU"
"111","849",1,"DEU"
"387","849",1,"DEU"
"578","849",1,"DEU"
"1","850",1,"DEU"
"2","850",3,"DEU"
"3","850",2,"DEU"
"4","850",1,"DEU"
"14","850",3,"DEU"
"17","850",1,"DEU"
"46","850",1,"DEU"
"72","850",1,"DEU"
"95","850",1,"DEU"
"171","850",1,"DEU"
"388","850",1,"DEU"
"475","850",3,"DEU"
"1","851",1,"DEU"
"2","851",2,"DEU"
"3","851",2,"DEU"
"7","851",1,"DEU"
"11","851",1,"DEU"
"13","851",1,"DEU"
"18","851",1,"DEU"
"21","851",1,"DEU"
"63","851",1,"DEU"
"142","851",1,"DEU"
"252","851",1,"DEU"
"272","851",1,"DEU"
"449","851",1,"DEU"
"581","851",1,"DEU"
"1","852",3,"DEU"
"2","852",3,"DEU"
"12","852",2,"DEU"
"58","852",1,"DEU"
"64","852",1,"DEU"
"190","852",1,"DEU"
"249","852",1,"DEU"
"386","852",1,"DEU"
"634","852",1,"DEU"
"704","852",1,"DEU"
"742","852",1,"DEU"
"2","853",2,"DEU"
"3","853",2,"DEU"
"9","853",2,"DEU"
"17","853",1,"DEU"
"264","853",1,"DEU"
"392","853",1,"DEU"
"2","854",1,"DEU"
"3","854",1,"DEU"
"4","854",1,"DEU"
"5","854",2,"DEU"
"30","854",1,"DEU"
"34","854",1,"DEU"
"83","854",1,"DEU"
"107","854",1,"DEU"
"150","854",1,"DEU"
"190","854",1,"DEU"
"288","854",1,"DEU"
"722","854",1,"DEU"
"745","854",1,"DEU"
"791","854",1,"DEU"
"1","855",3,"DEU"
"22","855",1,"DEU"
"23","855",1,"DEU"
"29","855",1,"DEU"
"36","855",1,"DEU"
"63","855",1,"DEU"
"265","855",1,"DEU"
"365","855",1,"DEU"
"388","855",1,"DEU"
"443","855",1,"DEU"
"444","855",1,"DEU"
"454","855",1,"DEU"
"519","855",1,"DEU"
"766","855",1,"DEU"
"1","856",3,"DEU"
"4","856",2,"DEU"
"11","856",2,"DEU"
"17","856",1,"DEU"
"164","856",1,"DEU"
"358","856",1,"DEU"
"589","856",1,"DEU"
"2","857",1,"DEU"
"3","857",2,"DEU"
"4","857",3,"DEU"
"25","857",1,"DEU"
"48","857",1,"DEU"
"92","857",1,"DEU"
"195","857",2,"DEU"
"232","857",1,"DEU"
"1","858",3,"DEU"
"2","858",3,"DEU"
"10","858",1,"DEU"
"22","858",3,"DEU"
"57","858",1,"DEU"
"201","858",1,"DEU"
"362","858",1,"DEU"
"404","858",1,"DEU"
"619","858",1,"DEU"
"669","858",1,"DEU"
"38","859",1,"DEU"
"53","859",1,"DEU"
"58","859",1,"DEU"
"60","859",1,"DEU"
"83","859",1,"DEU"
"84","859",1,"DEU"
"94","859",1,"DEU"
"118","859",1,"DEU"
"135","859",1,"DEU"
"138","859",1,"DEU"
"240","859",1,"DEU"
"479","859",1,"DEU"
"676","859",1,"DEU"
"735","859",1,"DEU"
"3","860",2,"DEU"
"14","860",5,"DEU"
"33","860",1,"DEU"
"45","860",1,"DEU"
"64","860",1,"DEU"
"97","860",1,"DEU"
"141","860",1,"DEU"
"773","860",1,"DEU"
"1","861",1,"DEU"
"2","861",2,"DEU"
"7","861",1,"DEU"
"11","861",2,"DEU"
"15","861",1,"DEU"
"20","861",1,"DEU"
"32","861",1,"DEU"
"93","861",1,"DEU"
"192","861",1,"DEU"
"591","861",1,"DEU"
"2","862",1,"DEU"
"6","862",8,"DEU"
"10","862",1,"DEU"
"12","862",1,"DEU"
"22","862",1,"DEU"
"26","862",3,"DEU"
"162","862",1,"DEU"
"364","862",1,"DEU"
"500","862",1,"DEU"
"1","863",1,"DEU"
"48","863",1,"DEU"
"87","863",1,"DEU"
"134","863",1,"DEU"
"155","863",1,"DEU"
"259","863",1,"DEU"
"545","863",1,"DEU"
"796","863",1,"DEU"
"842","863",1,"DEU"
"1","864",1,"DEU"
"3","864",1,"DEU"
"5","864",1,"DEU"
"10","864",1,"DEU"
"12","864",1,"DEU"
"17","864",1,"DEU"
"28","864",1,"DEU"
"54","864",1,"DEU"
"65","864",1,"DEU"
"80","864",1,"DEU"
"103","864",1,"DEU"
"225","864",1,"DEU"
"251","864",1,"DEU"
"668","864",1,"DEU"
"3","865",2,"DEU"
"4","865",1,"DEU"
"15","865",3,"DEU"
"20","865",1,"DEU"
"55","865",1,"DEU"
"83","865",1,"DEU"
"87","865",1,"DEU"
"97","865",1,"DEU"
"171","865",1,"DEU"
"272","865",1,"DEU"
"475","865",1,"DEU"
"564","865",1,"DEU"
"2","866",2,"DEU"
"4","866",1,"DEU"
"6","866",2,"DEU"
"17","866",1,"DEU"
"20","866",1,"DEU"
"92","866",1,"DEU"
"119","866",1,"DEU"
"121","866",1,"DEU"
"176","866",1,"DEU"
"420","866",1,"DEU"
"502","866",1,"DEU"
"708","866",1,"DEU"
"748","866",1,"DEU"
"26","867",1,"DEU"
"30","867",2,"DEU"
"35","867",1,"DEU"
"55","867",1,"DEU"
"69","867",1,"DEU"
"132","867",1,"DEU"
"156","867",1,"DEU"
"239","867",1,"DEU"
"336","867",1,"DEU"
"587","867",1,"DEU"
"739","867",1,"DEU"
"1","868",1,"DEU"
"8","868",1,"DEU"
"21","868",1,"DEU"
"28","868",1,"DEU"
"53","868",1,"DEU"
"91","868",2,"DEU"
"119","868",1,"DEU"
"435","868",1,"DEU"
"547","868",1,"DEU"
"1","869",1,"DEU"
"3","869",1,"DEU"
"9","869",1,"DEU"
"12","869",1,"DEU"
"33","869",1,"DEU"
"607","869",7,"DEU"
"1","870",1,"DEU"
"5","870",1,"DEU"
"19","870",1,"DEU"
"43","870",6,"DEU"
"59","870",1,"DEU"
"87","870",1,"DEU"
"197","870",1,"DEU"
"245","870",1,"DEU"
"331","870",1,"DEU"
"469","870",1,"DEU"
"528","870",1,"DEU"
"725","870",1,"DEU"
"46","871",1,"DEU"
"77","871",1,"DEU"
"87","871",1,"DEU"
"189","871",1,"DEU"
"366","871",1,"DEU"
"498","871",1,"DEU"
"578","871",1,"DEU"
"4","872",1,"DEU"
"7","872",1,"DEU"
"9","872",1,"DEU"
"10","872",2,"DEU"
"11","872",1,"DEU"
"17","872",2,"DEU"
"44","872",1,"DEU"
"50","872",1,"DEU"
"63","872",1,"DEU"
"102","872",1,"DEU"
"132","872",1,"DEU"
"164","872",1,"DEU"
"316","872",1,"DEU"
"3","873",1,"DEU"
"4","873",1,"DEU"
"24","873",1,"DEU"
"30","873",2,"DEU"
"57","873",1,"DEU"
"242","873",1,"DEU"
"792","873",1,"DEU"
"843","873",2,"DEU"
"10","874",1,"DEU"
"12","874",2,"DEU"
"14","874",1,"DEU"
"41","874",1,"DEU"
"66","874",1,"DEU"
"75","874",1,"DEU"
"84","874",1,"DEU"
"120","874",1,"DEU"
"126","874",1,"DEU"
"130","874",1,"DEU"
"584","874",1,"DEU"
"587","874",1,"DEU"
"682","874",1,"DEU"
"2","875",1,"DEU"
"14","875",1,"DEU"
"18","875",1,"DEU"
"39","875",1,"DEU"
"48","875",2,"DEU"
"69","875",1,"DEU"
"83","875",1,"DEU"
"129","875",1,"DEU"
"2","876",1,"DEU"
"10","876",1,"DEU"
"20","876",1,"DEU"
"24","876",1,"DEU"
"30","876",1,"DEU"
"40","876",1,"DEU"
"48","876",1,"DEU"
"61","876",1,"DEU"
"372","876",1,"DEU"
"457","876",1,"DEU"
"516","876",1,"DEU"
"587","876",1,"DEU"
"703","876",1,"DEU"
"1","877",3,"DEU"
"2","877",6,"DEU"
"3","877",1,"DEU"
"9","877",1,"DEU"
"39","877",1,"DEU"
"68","877",3,"DEU"
"3","878",3,"DEU"
"4","878",2,"DEU"
"28","878",1,"DEU"
"30","878",2,"DEU"
"71","878",1,"DEU"
"83","878",1,"DEU"
"170","878",1,"DEU"
"378","878",1,"DEU"
"669","878",1,"DEU"
"1","879",1,"DEU"
"2","879",1,"DEU"
"3","879",1,"DEU"
"4","879",2,"DEU"
"7","879",1,"DEU"
"10","879",1,"DEU"
"12","879",1,"DEU"
"16","879",1,"DEU"
"20","879",1,"DEU"
"40","879",1,"DEU"
"58","879",1,"DEU"
"64","879",1,"DEU"
"196","879",1,"DEU"
"1","880",1,"DEU"
"2","880",6,"DEU"
"3","880",1,"DEU"
"29","880",2,"DEU"
"39","880",2,"DEU"
"48","880",1,"DEU"
"59","880",1,"DEU"
"88","880",1,"DEU"
"10","881",1,"DEU"
"13","881",1,"DEU"
"29","881",1,"DEU"
"35","881",1,"DEU"
"135","881",3,"DEU"
"302","881",1,"DEU"
"721","881",1,"DEU"
"3","882",1,"DEU"
"11","882",1,"DEU"
"13","882",1,"DEU"
"34","882",2,"DEU"
"36","882",1,"DEU"
"37","882",1,"DEU"
"56","882",1,"DEU"
"201","882",1,"DEU"
"258","882",1,"DEU"
"322","882",1,"DEU"
"1","883",2,"DEU"
"2","883",1,"DEU"
"8","883",3,"DEU"
"17","883",1,"DEU"
"22","883",1,"DEU"
"58","883",1,"DEU"
"257","883",1,"DEU"
"631","883",1,"DEU"
"12","884",1,"DEU"
"23","884",1,"DEU"
"30","884",4,"DEU"
"35","884",1,"DEU"
"48","884",1,"DEU"
"152","884",1,"DEU"
"427","884",1,"DEU"
"492","884",1,"DEU"
"684","884",1,"DEU"
"1","885",1,"DEU"
"2","885",1,"DEU"
"4","885",4,"DEU"
"13","885",1,"DEU"
"22","885",2,"DEU"
"29","885",1,"DEU"
"31","885",1,"DEU"
"8","886",1,"DEU"
"24","886",2,"DEU"
"37","886",1,"DEU"
"38","886",1,"DEU"
"46","886",2,"DEU"
"61","886",1,"DEU"
"513","886",1,"DEU"
"1","887",1,"DEU"
"2","887",2,"DEU"
"3","887",1,"DEU"
"4","887",1,"DEU"
"9","887",1,"DEU"
"12","887",1,"DEU"
"18","887",1,"DEU"
"40","887",2,"DEU"
"42","887",1,"DEU"
"75","887",1,"DEU"
"161","887",1,"DEU"
"201","887",1,"DEU"
"617","887",1,"DEU"
"4","888",2,"DEU"
"8","888",3,"DEU"
"12","888",1,"DEU"
"14","888",1,"DEU"
"15","888",3,"DEU"
"18","888",1,"DEU"
"55","888",1,"DEU"
"59","888",1,"DEU"
"121","888",1,"DEU"
"224","888",1,"DEU"
"405","888",1,"DEU"
"1","889",1,"DEU"
"2","889",2,"DEU"
"4","889",1,"DEU"
"10","889",1,"DEU"
"13","889",1,"DEU"
"33","889",1,"DEU"
"43","889",1,"DEU"
"70","889",1,"DEU"
"88","889",1,"DEU"
"117","889",1,"DEU"
"147","889",1,"DEU"
"3","890",1,"DEU"
"12","890",1,"DEU"
"31","890",1,"DEU"
"45","890",1,"DEU"
"48","890",2,"DEU"
"60","890",1,"DEU"
"337","890",3,"DEU"
"1","891",1,"DEU"
"5","891",1,"DEU"
"7","891",1,"DEU"
"18","891",1,"DEU"
"33","891",1,"DEU"
"40","891",1,"DEU"
"67","891",1,"DEU"
"97","891",1,"DEU"
"274","891",1,"DEU"
"350","891",1,"DEU"
"484","891",1,"DEU"
"827","891",2,"DEU"
"1","892",1,"DEU"
"2","892",1,"DEU"
"26","892",1,"DEU"
"29","892",7,"DEU"
"181","892",1,"DEU"
"250","892",1,"DEU"
"349","892",1,"DEU"
"1","893",2,"DEU"
"9","893",1,"DEU"
"11","893",2,"DEU"
"59","893",1,"DEU"
"77","893",1,"DEU"
"83","893",1,"DEU"
"99","893",1,"DEU"
"150","893",1,"DEU"
"182","893",1,"DEU"
"194","893",1,"DEU"
"279","893",1,"DEU"
"405","893",1,"DEU"
"764","893",1,"DEU"
"2","894",1,"DEU"
"10","894",1,"DEU"
"17","894",3,"DEU"
"20","894",1,"DEU"
"31","894",5,"DEU"
"67","894",1,"DEU"
"172","894",1,"DEU"
"407","894",1,"DEU"
"413","894",1,"DEU"
"2","895",1,"DEU"
"4","895",1,"DEU"
"15","895",5,"DEU"
"20","895",1,"DEU"
"22","895",1,"DEU"
"28","895",1,"DEU"
"44","895",1,"DEU"
"48","895",1,"DEU"
"71","895",1,"DEU"
"205","895",1,"DEU"
"224","895",1,"DEU"
"323","895",1,"DEU"
"1","896",3,"DEU"
"2","896",1,"DEU"
"3","896",1,"DEU"
"26","896",2,"DEU"
"29","896",1,"DEU"
"39","896",1,"DEU"
"42","896",1,"DEU"
"63","896",1,"DEU"
"87","896",1,"DEU"
"133","896",1,"DEU"
"171","896",1,"DEU"
"312","896",1,"DEU"
"537","896",1,"DEU"
"573","896",1,"DEU"
"1","897",1,"DEU"
"3","897",2,"DEU"
"7","897",1,"DEU"
"36","897",1,"DEU"
"38","897",1,"DEU"
"59","897",1,"DEU"
"88","897",1,"DEU"
"124","897",1,"DEU"
"158","897",1,"DEU"
"591","897",1,"DEU"
"653","897",1,"DEU"
"729","897",1,"DEU"
"2","898",1,"DEU"
"6","898",1,"DEU"
"8","898",3,"DEU"
"12","898",1,"DEU"
"25","898",3,"DEU"
"33","898",1,"DEU"
"311","898",2,"DEU"
"603","898",1,"DEU"
"2","899",1,"DEU"
"3","899",1,"DEU"
"7","899",1,"DEU"
"17","899",1,"DEU"
"20","899",1,"DEU"
"26","899",1,"DEU"
"38","899",1,"DEU"
"97","899",1,"DEU"
"262","899",1,"DEU"
"650","899",1,"DEU"
"898","899",1,"DEU"
"2","900",2,"DEU"
"5","900",1,"DEU"
"6","900",1,"DEU"
"11","900",1,"DEU"
"18","900",1,"DEU"
"19","900",1,"DEU"
"30","900",1,"DEU"
"33","900",1,"DEU"
"108","900",1,"DEU"
"127","900",1,"DEU"
"268","900",1,"DEU"
"579","900",1,"DEU"
"8","901",1,"DEU"
"10","901",1,"DEU"
"25","901",1,"DEU"
"126","901",1,"DEU"
"292","901",8,"DEU"
"498","901",1,"DEU"
"591","901",2,"DEU"
"836","901",1,"DEU"
"1","902",1,"DEU"
"2","902",1,"DEU"
"5","902",1,"DEU"
"13","902",1,"DEU"
"15","902",1,"DEU"
"109","902",2,"DEU"
"499","902",2,"DEU"
"2","903",3,"DEU"
"4","903",1,"DEU"
"11","903",1,"DEU"
"12","903",1,"DEU"
"22","903",1,"DEU"
"33","903",1,"DEU"
"37","903",2,"DEU"
"62","903",1,"DEU"
"295","903",1,"DEU"
"334","903",1,"DEU"
"1","904",3,"DEU"
"2","904",1,"DEU"
"18","904",1,"DEU"
"30","904",1,"DEU"
"122","904",1,"DEU"
"128","904",1,"DEU"
"161","904",6,"DEU"
"475","904",1,"DEU"
"523","904",1,"DEU"
"1","905",1,"DEU"
"3","905",1,"DEU"
"6","905",2,"DEU"
"19","905",1,"DEU"
"24","905",1,"DEU"
"50","905",1,"DEU"
"54","905",1,"DEU"
"439","905",1,"DEU"
"441","905",2,"DEU"
"684","905",1,"DEU"
"1","906",1,"DEU"
"2","906",4,"DEU"
"3","906",1,"DEU"
"8","906",1,"DEU"
"14","906",1,"DEU"
"36","906",1,"DEU"
"49","906",1,"DEU"
"69","906",1,"DEU"
"151","906",1,"DEU"
"243","906",1,"DEU"
"350","906",1,"DEU"
"701","906",1,"DEU"
"1","907",1,"DEU"
"3","907",1,"DEU"
"10","907",1,"DEU"
"15","907",1,"DEU"
"27","907",3,"DEU"
"28","907",1,"DEU"
"29","907",1,"DEU"
"36","907",1,"DEU"
"40","907",1,"DEU"
"54","907",1,"DEU"
"170","907",1,"DEU"
"730","907",1,"DEU"
"4","908",1,"DEU"
"10","908",3,"DEU"
"29","908",1,"DEU"
"50","908",1,"DEU"
"451","908",1,"DEU"
"595","908",1,"DEU"
"615","908",1,"DEU"
"630","908",1,"DEU"
"1","909",2,"DEU"
"5","909",1,"DEU"
"14","909",1,"DEU"
"15","909",1,"DEU"
"20","909",1,"DEU"
"24","909",1,"DEU"
"45","909",1,"DEU"
"46","909",1,"DEU"
"63","909",1,"DEU"
"140","909",1,"DEU"
"226","909",1,"DEU"
"313","909",1,"DEU"
"441","909",1,"DEU"
"4","910",1,"DEU"
"6","910",1,"DEU"
"12","910",1,"DEU"
"18","910",4,"DEU"
"41","910",1,"DEU"
"42","910",1,"DEU"
"59","910",1,"DEU"
"89","910",1,"DEU"
"261","910",1,"DEU"
"575","910",1,"DEU"
"1","911",1,"DEU"
"2","911",1,"DEU"
"4","911",1,"DEU"
"15","911",1,"DEU"
"28","911",1,"DEU"
"42","911",1,"DEU"
"157","911",1,"DEU"
"1","912",1,"DEU"
"2","912",1,"DEU"
"4","912",1,"DEU"
"17","912",1,"DEU"
"31","912",1,"DEU"
"34","912",1,"DEU"
"71","912",1,"DEU"
"132","912",1,"DEU"
"190","912",1,"DEU"
"234","912",1,"DEU"
"458","912",1,"DEU"
"486","912",1,"DEU"
"594","912",1,"DEU"
"1","913",2,"DEU"
"9","913",1,"DEU"
"16","913",2,"DEU"
"21","913",1,"DEU"
"28","913",1,"DEU"
"50","913",1,"DEU"
"290","913",1,"DEU"
"739","913",1,"DEU"
"1","914",3,"DEU"
"2","914",4,"DEU"
"3","914",1,"DEU"
"39","914",1,"DEU"
"58","914",1,"DEU"
"256","914",1,"DEU"
"267","914",1,"DEU"
"327","914",1,"DEU"
"616","914",1,"DEU"
"1","915",1,"DEU"
"3","915",1,"DEU"
"5","915",1,"DEU"
"7","915",2,"DEU"
"8","915",1,"DEU"
"15","915",1,"DEU"
"32","915",1,"DEU"
"147","915",1,"DEU"
"192","915",1,"DEU"
"252","915",1,"DEU"
"323","915",1,"DEU"
"2","916",2,"DEU"
"10","916",1,"DEU"
"26","916",1,"DEU"
"39","916",4,"DEU"
"41","916",1,"DEU"
"44","916",3,"DEU"
"102","916",1,"DEU"
"204","916",1,"DEU"
"826","916",1,"DEU"
"1","917",4,"DEU"
"9","917",1,"DEU"
"12","917",2,"DEU"
"15","917",1,"DEU"
"19","917",1,"DEU"
"22","917",1,"DEU"
"31","917",1,"DEU"
"61","917",1,"DEU"
"85","917",1,"DEU"
"90","917",1,"DEU"
"127","917",2,"DEU"
"454","917",1,"DEU"
"1","918",3,"DEU"
"2","918",6,"DEU"
"6","918",1,"DEU"
"11","918",1,"DEU"
"19","918",1,"DEU"
"35","918",1,"DEU"
"37","918",1,"DEU"
"86","918",1,"DEU"
"218","918",1,"DEU"
"268","918",1,"DEU"
"2","919",2,"DEU"
"5","919",1,"DEU"
"14","919",1,"DEU"
"15","919",1,"DEU"
"27","919",1,"DEU"
"61","919",1,"DEU"
"74","919",1,"DEU"
"106","919",1,"DEU"
"177","919",1,"DEU"
"222","919",1,"DEU"
"285","919",1,"DEU"
"756","919",1,"DEU"
"2","920",3,"DEU"
"3","920",2,"DEU"
"15","920",2,"DEU"
"21","920",1,"DEU"
"26","920",1,"DEU"
"41","920",2,"DEU"
"44","920",2,"DEU"
"650","920",1,"DEU"
"2","921",2,"DEU"
"3","921",1,"DEU"
"7","921",1,"DEU"
"10","921",1,"DEU"
"14","921",1,"DEU"
"15","921",1,"DEU"
"38","921",1,"DEU"
"40","921",1,"DEU"
"192","921",1,"DEU"
"262","921",1,"DEU"
"1","922",1,"DEU"
"2","922",3,"DEU"
"3","922",1,"DEU"
"11","922",1,"DEU"
"17","922",1,"DEU"
"18","922",1,"DEU"
"150","922",1,"DEU"
"275","922",1,"DEU"
"639","922",1,"DEU"
"904","922",1,"DEU"
"4","923",1,"DEU"
"14","923",1,"DEU"
"36","923",1,"DEU"
"38","923",3,"DEU"
"40","923",2,"DEU"
"44","923",1,"DEU"
"100","923",1,"DEU"
"849","923",2,"DEU"
"3","924",1,"DEU"
"4","924",1,"DEU"
"7","924",3,"DEU"
"15","924",1,"DEU"
"18","924",1,"DEU"
"40","924",1,"DEU"
"93","924",1,"DEU"
"121","924",1,"DEU"
"188","924",1,"DEU"
"239","924",1,"DEU"
"864","924",1,"DEU"
"2","925",3,"DEU"
"3","925",1,"DEU"
"17","925",4,"DEU"
"21","925",1,"DEU"
"27","925",1,"DEU"
"38","925",1,"DEU"
"44","925",1,"DEU"
"148","925",1,"DEU"
"217","925",1,"DEU"
"234","925",1,"DEU"
"316","925",1,"DEU"
"677","925",1,"DEU"
"1","926",1,"DEU"
"3","926",2,"DEU"
"8","926",1,"DEU"
"11","926",1,"DEU"
"21","926",1,"DEU"
"31","926",1,"DEU"
"42","926",1,"DEU"
"58","926",1,"DEU"
"63","926",2,"DEU"
"79","926",1,"DEU"
"90","926",1,"DEU"
"470","926",1,"DEU"
"2","927",1,"DEU"
"8","927",1,"DEU"
"17","927",1,"DEU"
"22","927",1,"DEU"
"28","927",1,"DEU"
"40","927",1,"DEU"
"52","927",1,"DEU"
"54","927",1,"DEU"
"204","927",1,"DEU"
"400","927",1,"DEU"
"2","928",3,"DEU"
"9","928",1,"DEU"
"45","928",1,"DEU"
"64","928",1,"DEU"
"91","928",1,"DEU"
"104","928",1,"DEU"
"151","928",1,"DEU"
"183","928",1,"DEU"
"219","928",1,"DEU"
"270","928",1,"DEU"
"372","928",1,"DEU"
"415","928",1,"DEU"
"1","929",1,"DEU"
"2","929",2,"DEU"
"11","929",1,"DEU"
"14","929",2,"DEU"
"34","929",1,"DEU"
"56","929",1,"DEU"
"63","929",1,"DEU"
"147","929",1,"DEU"
"349","929",1,"DEU"
"414","929",2,"DEU"
"2","930",1,"DEU"
"4","930",1,"DEU"
"9","930",1,"DEU"
"10","930",1,"DEU"
"13","930",1,"DEU"
"17","930",1,"DEU"
"20","930",1,"DEU"
"40","930",3,"DEU"
"98","930",1,"DEU"
"141","930",1,"DEU"
"150","930",1,"DEU"
"190","930",1,"DEU"
"299","930",1,"DEU"
"501","930",1,"DEU"
"84","931",3,"DEU"
"112","931",1,"DEU"
"169","931",8,"DEU"
"220","931",1,"DEU"
"319","931",1,"DEU"
"478","931",1,"DEU"
"543","931",1,"DEU"
"733","931",1,"DEU"
"2","932",1,"DEU"
"4","932",1,"DEU"
"6","932",1,"DEU"
"9","932",1,"DEU"
"14","932",1,"DEU"
"18","932",2,"DEU"
"38","932",3,"DEU"
"39","932",1,"DEU"
"111","932",1,"DEU"
"503","932",1,"DEU"
"923","932",3,"DEU"
"3","933",1,"DEU"
"24","933",1,"DEU"
"28","933",1,"DEU"
"61","933",1,"DEU"
"106","933",1,"DEU"
"115","933",1,"DEU"
"280","933",1,"DEU"
"492","933",1,"DEU"
"735","933",1,"DEU"
"739","933",1,"DEU"
"4","934",1,"DEU"
"8","934",1,"DEU"
"18","934",2,"DEU"
"21","934",1,"DEU"
"38","934",1,"DEU"
"62","934",1,"DEU"
"150","934",1,"DEU"
"256","934",1,"DEU"
"533","934",1,"DEU"
"582","934",1,"DEU"
"2","935",6,"DEU"
"4","935",1,"DEU"
"10","935",2,"DEU"
"13","935",1,"DEU"
"24","935",1,"DEU"
"25","935",1,"DEU"
"26","935",1,"DEU"
"97","935",1,"DEU"
"472","935",1,"DEU"
"812","935",1,"DEU"
"853","935",1,"DEU"
"1","936",1,"DEU"
"2","936",4,"DEU"
"12","936",2,"DEU"
"14","936",1,"DEU"
"26","936",1,"DEU"
"39","936",1,"DEU"
"42","936",1,"DEU"
"90","936",1,"DEU"
"218","936",1,"DEU"
"381","936",1,"DEU"
"404","936",1,"DEU"
"519","936",1,"DEU"
"577","936",1,"DEU"
"3","937",1,"DEU"
"21","937",1,"DEU"
"327","937",1,"DEU"
"539","937",1,"DEU"
"614","937",1,"DEU"
"742","937",1,"DEU"
"2","938",1,"DEU"
"5","938",1,"DEU"
"10","938",2,"DEU"
"12","938",1,"DEU"
"15","938",2,"DEU"
"26","938",1,"DEU"
"116","938",1,"DEU"
"427","938",2,"DEU"
"805","938",1,"DEU"
"1","939",1,"DEU"
"5","939",1,"DEU"
"12","939",1,"DEU"
"19","939",1,"DEU"
"23","939",2,"DEU"
"37","939",1,"DEU"
"47","939",1,"DEU"
"148","939",1,"DEU"
"163","939",1,"DEU"
"233","939",1,"DEU"
"486","939",1,"DEU"
"585","939",1,"DEU"
"927","939",1,"DEU"
"1","940",3,"DEU"
"2","940",1,"DEU"
"7","940",1,"DEU"
"9","940",1,"DEU"
"10","940",1,"DEU"
"13","940",1,"DEU"
"20","940",1,"DEU"
"64","940",1,"DEU"
"194","940",1,"DEU"
"229","940",1,"DEU"
"1","941",1,"DEU"
"2","941",1,"DEU"
"4","941",1,"DEU"
"7","941",1,"DEU"
"11","941",1,"DEU"
"12","941",1,"DEU"
"13","941",1,"DEU"
"21","941",1,"DEU"
"41","941",1,"DEU"
"56","941",2,"DEU"
"86","941",1,"DEU"
"153","941",1,"DEU"
"222","941",1,"DEU"
"239","941",1,"DEU"
"671","941",1,"DEU"
"3","942",1,"DEU"
"22","942",3,"DEU"
"65","942",1,"DEU"
"66","942",1,"DEU"
"89","942",1,"DEU"
"93","942",1,"DEU"
"409","942",1,"DEU"
"571","942",1,"DEU"
"713","942",1,"DEU"
"1","943",1,"DEU"
"4","943",1,"DEU"
"11","943",1,"DEU"
"67","943",2,"DEU"
"74","943",1,"DEU"
"75","943",1,"DEU"
"90","943",2,"DEU"
"135","943",1,"DEU"
"137","943",1,"DEU"
"171","943",1,"DEU"
"1","944",1,"DEU"
"3","944",1,"DEU"
"10","944",1,"DEU"
"12","944",1,"DEU"
"18","944",1,"DEU"
"43","944",1,"DEU"
"76","944",1,"DEU"
"385","944",1,"DEU"
"631","944",1,"DEU"
"733","944",1,"DEU"
"6","945",1,"DEU"
"12","945",1,"DEU"
"18","945",1,"DEU"
"37","945",1,"DEU"
"76","945",1,"DEU"
"83","945",1,"DEU"
"84","945",1,"DEU"
"94","945",2,"DEU"
"283","945",1,"DEU"
"302","945",1,"DEU"
"422","945",1,"DEU"
"733","945",1,"DEU"
"1","946",1,"DEU"
"4","946",1,"DEU"
"8","946",1,"DEU"
"11","946",1,"DEU"
"15","946",1,"DEU"
"19","946",1,"DEU"
"86","946",1,"DEU"
"224","946",1,"DEU"
"415","946",1,"DEU"
"471","946",1,"DEU"
"1","947",1,"DEU"
"3","947",1,"DEU"
"23","947",1,"DEU"
"33","947",1,"DEU"
"72","947",1,"DEU"
"75","947",1,"DEU"
"78","947",1,"DEU"
"261","947",1,"DEU"
"687","947",1,"DEU"
"3","948",1,"DEU"
"12","948",1,"DEU"
"18","948",3,"DEU"
"21","948",2,"DEU"
"174","948",1,"DEU"
"186","948",1,"DEU"
"187","948",3,"DEU"
"444","948",1,"DEU"
"6","949",2,"DEU"
"18","949",2,"DEU"
"32","949",2,"DEU"
"58","949",1,"DEU"
"239","949",1,"DEU"
"458","949",1,"DEU"
"4","950",5,"DEU"
"6","950",1,"DEU"
"25","950",1,"DEU"
"109","950",1,"DEU"
"132","950",1,"DEU"
"391","950",2,"DEU"
"536","950",3,"DEU"
"821","950",1,"DEU"
"2","951",6,"DEU"
"18","951",1,"DEU"
"26","951",1,"DEU"
"38","951",1,"DEU"
"377","951",2,"DEU"
"859","951",1,"DEU"
"4","952",1,"DEU"
"5","952",1,"DEU"
"26","952",1,"DEU"
"30","952",1,"DEU"
"57","952",1,"DEU"
"63","952",1,"DEU"
"69","952",1,"DEU"
"83","952",1,"DEU"
"739","952",1,"DEU"
"1","953",4,"DEU"
"2","953",5,"DEU"
"26","953",6,"DEU"
"1","954",3,"DEU"
"2","954",1,"DEU"
"4","954",1,"DEU"
"7","954",1,"DEU"
"11","954",1,"DEU"
"12","954",1,"DEU"
"26","954",1,"DEU"
"58","954",1,"DEU"
"224","954",1,"DEU"
"473","954",1,"DEU"
"811","954",1,"DEU"
"1","955",1,"DEU"
"2","955",1,"DEU"
"4","955",2,"DEU"
"8","955",1,"DEU"
"22","955",1,"DEU"
"27","955",2,"DEU"
"51","955",1,"DEU"
"125","955",2,"DEU"
"148","955",1,"DEU"
"199","955",1,"DEU"
"203","955",1,"DEU"
"492","955",1,"DEU"
"2","956",3,"DEU"
"4","956",2,"DEU"
"11","956",1,"DEU"
"51","956",1,"DEU"
"74","956",1,"DEU"
"185","956",1,"DEU"
"281","956",1,"DEU"
"442","956",1,"DEU"
"7","957",1,"DEU"
"12","957",2,"DEU"
"30","957",1,"DEU"
"35","957",3,"DEU"
"57","957",2,"DEU"
"144","957",1,"DEU"
"1","958",1,"DEU"
"3","958",1,"DEU"
"35","958",1,"DEU"
"149","958",1,"DEU"
"154","958",1,"DEU"
"173","958",2,"DEU"
"388","958",1,"DEU"
"466","958",1,"DEU"
"521","958",1,"DEU"
"1","959",4,"DEU"
"3","959",1,"DEU"
"8","959",1,"DEU"
"46","959",1,"DEU"
"72","959",1,"DEU"
"75","959",1,"DEU"
"114","959",1,"DEU"
"146","959",1,"DEU"
"277","959",1,"DEU"
"2","960",1,"DEU"
"31","960",2,"DEU"
"35","960",1,"DEU"
"55","960",1,"DEU"
"57","960",1,"DEU"
"61","960",1,"DEU"
"72","960",1,"DEU"
"152","960",1,"DEU"
"531","960",1,"DEU"
"685","960",1,"DEU"
"8","961",1,"DEU"
"12","961",1,"DEU"
"13","961",1,"DEU"
"19","961",3,"DEU"
"21","961",1,"DEU"
"1","962",1,"DEU"
"2","962",1,"DEU"
"4","962",1,"DEU"
"18","962",1,"DEU"
"34","962",1,"DEU"
"41","962",1,"DEU"
"52","962",1,"DEU"
"81","962",1,"DEU"
"119","962",1,"DEU"
"173","962",1,"DEU"
"202","962",1,"DEU"
"3","963",1,"DEU"
"20","963",1,"DEU"
"22","963",1,"DEU"
"27","963",1,"DEU"
"35","963",1,"DEU"
"42","963",1,"DEU"
"50","963",1,"DEU"
"72","963",1,"DEU"
"115","963",1,"DEU"
"196","963",1,"DEU"
"397","963",1,"DEU"
"1","964",3,"DEU"
"6","964",1,"DEU"
"8","964",1,"DEU"
"23","964",1,"DEU"
"27","964",1,"DEU"
"30","964",1,"DEU"
"31","964",1,"DEU"
"42","964",2,"DEU"
"114","964",1,"DEU"
"605","964",1,"DEU"
"1","965",2,"DEU"
"2","965",5,"DEU"
"3","965",1,"DEU"
"4","965",1,"DEU"
"12","965",1,"DEU"
"26","965",1,"DEU"
"70","965",1,"DEU"
"135","965",1,"DEU"
"159","965",1,"DEU"
"1","966",1,"DEU"
"45","966",6,"DEU"
"47","966",1,"DEU"
"51","966",2,"DEU"
"356","966",1,"DEU"
"5","967",1,"DEU"
"7","967",1,"DEU"
"18","967",1,"DEU"
"25","967",1,"DEU"
"101","967",2,"DEU"
"106","967",1,"DEU"
"130","967",1,"DEU"
"186","967",1,"DEU"
"264","967",1,"DEU"
"422","967",1,"DEU"
"625","967",1,"DEU"
"900","967",1,"DEU"
"2","968",1,"DEU"
"6","968",1,"DEU"
"7","968",2,"DEU"
"20","968",2,"DEU"
"81","968",1,"DEU"
"233","968",1,"DEU"
"933","968",1,"DEU"
"1","969",2,"DEU"
"56","969",1,"DEU"
"124","969",1,"DEU"
"521","969",1,"DEU"
"619","969",1,"DEU"
"2","970",3,"DEU"
"18","970",6,"DEU"
"78","970",1,"DEU"
"93","970",2,"DEU"
"316","970",1,"DEU"
"2","971",1,"DEU"
"3","971",1,"DEU"
"15","971",1,"DEU"
"30","971",1,"DEU"
"52","971",1,"DEU"
"91","971",1,"DEU"
"103","971",1,"DEU"
"167","971",1,"DEU"
"442","971",1,"DEU"
"712","971",1,"DEU"
"9","972",1,"DEU"
"10","972",2,"DEU"
"16","972",1,"DEU"
"27","972",2,"DEU"
"28","972",1,"DEU"
"80","972",1,"DEU"
"147","972",1,"DEU"
"197","972",1,"DEU"
"944","972",1,"DEU"
"1","973",2,"DEU"
"2","973",1,"DEU"
"7","973",3,"DEU"
"9","973",1,"DEU"
"23","973",1,"DEU"
"40","973",1,"DEU"
"408","973",1,"DEU"
"1","974",2,"DEU"
"2","974",1,"DEU"
"3","974",1,"DEU"
"7","974",1,"DEU"
"19","974",1,"DEU"
"21","974",1,"DEU"
"25","974",1,"DEU"
"147","974",1,"DEU"
"532","974",1,"DEU"
"755","974",1,"DEU"
"913","974",1,"DEU"
"11","975",1,"DEU"
"17","975",2,"DEU"
"18","975",1,"DEU"
"24","975",1,"DEU"
"31","975",2,"DEU"
"99","975",1,"DEU"
"311","975",1,"DEU"
"535","975",1,"DEU"
"8","976",1,"DEU"
"11","976",2,"DEU"
"19","976",1,"DEU"
"32","976",1,"DEU"
"78","976",1,"DEU"
"140","976",1,"DEU"
"209","976",1,"DEU"
"331","976",1,"DEU"
"2","977",2,"DEU"
"15","977",1,"DEU"
"18","977",1,"DEU"
"22","977",1,"DEU"
"45","977",1,"DEU"
"49","977",1,"DEU"
"54","977",1,"DEU"
"226","977",1,"DEU"
"397","977",1,"DEU"
"404","977",1,"DEU"
"418","977",1,"DEU"
"543","977",1,"DEU"
"570","977",1,"DEU"
"2","978",1,"DEU"
"3","978",1,"DEU"
"8","978",3,"DEU"
"9","978",1,"DEU"
"18","978",1,"DEU"
"20","978",1,"DEU"
"34","978",1,"DEU"
"191","978",1,"DEU"
"458","978",1,"DEU"
"578","978",1,"DEU"
"601","978",1,"DEU"
"847","978",1,"DEU"
"1","979",1,"DEU"
"2","979",3,"DEU"
"3","979",2,"DEU"
"5","979",1,"DEU"
"20","979",1,"DEU"
"26","979",1,"DEU"
"72","979",1,"DEU"
"140","979",1,"DEU"
"239","979",1,"DEU"
"902","979",1,"DEU"
"3","980",1,"DEU"
"4","980",1,"DEU"
"8","980",2,"DEU"
"11","980",1,"DEU"
"18","980",1,"DEU"
"20","980",2,"DEU"
"59","980",1,"DEU"
"64","980",1,"DEU"
"81","980",1,"DEU"
"114","980",1,"DEU"
"509","980",1,"DEU"
"2","981",2,"DEU"
"7","981",1,"DEU"
"15","981",3,"DEU"
"20","981",1,"DEU"
"53","981",1,"DEU"
"67","981",1,"DEU"
"90","981",1,"DEU"
"140","981",1,"DEU"
"1","982",2,"DEU"
"3","982",2,"DEU"
"8","982",1,"DEU"
"15","982",1,"DEU"
"31","982",1,"DEU"
"53","982",1,"DEU"
"199","982",1,"DEU"
"237","982",1,"DEU"
"289","982",1,"DEU"
"431","982",1,"DEU"
"691","982",1,"DEU"
"702","982",1,"DEU"
"2","983",2,"DEU"
"3","983",1,"DEU"
"8","983",1,"DEU"
"18","983",1,"DEU"
"22","983",1,"DEU"
"27","983",1,"DEU"
"30","983",1,"DEU"
"400","983",1,"DEU"
"637","983",1,"DEU"
"3","984",1,"DEU"
"64","984",1,"DEU"
"845","984",1,"DEU"
"937","984",4,"DEU"
"2","985",2,"DEU"
"3","985",1,"DEU"
"18","985",1,"DEU"
"20","985",1,"DEU"
"54","985",1,"DEU"
"314","985",1,"DEU"
"466","985",1,"DEU"
"480","985",1,"DEU"
"784","985",1,"DEU"
"1","986",2,"DEU"
"2","986",1,"DEU"
"3","986",1,"DEU"
"8","986",1,"DEU"
"9","986",1,"DEU"
"28","986",1,"DEU"
"30","986",1,"DEU"
"36","986",1,"DEU"
"160","986",1,"DEU"
"742","986",1,"DEU"
"2","987",1,"DEU"
"4","987",1,"DEU"
"6","987",1,"DEU"
"11","987",5,"DEU"
"21","987",1,"DEU"
"87","987",1,"DEU"
"92","987",1,"DEU"
"1","988",4,"DEU"
"2","988",1,"DEU"
"29","988",1,"DEU"
"30","988",1,"DEU"
"67","988",1,"DEU"
"99","988",1,"DEU"
"219","988",1,"DEU"
"257","988",1,"DEU"
"286","988",1,"DEU"
"519","988",1,"DEU"
"614","988",1,"DEU"
"735","988",1,"DEU"
"1","989",1,"DEU"
"11","989",1,"DEU"
"16","989",1,"DEU"
"20","989",1,"DEU"
"37","989",1,"DEU"
"58","989",1,"DEU"
"85","989",1,"DEU"
"86","989",1,"DEU"
"107","989",1,"DEU"
"119","989",1,"DEU"
"173","989",1,"DEU"
"425","989",1,"DEU"
"629","989",1,"DEU"
"811","989",1,"DEU"
"8","990",6,"DEU"
"15","990",3,"DEU"
"16","990",1,"DEU"
"18","990",1,"DEU"
"31","990",1,"DEU"
"38","990",1,"DEU"
"42","990",1,"DEU"
"53","990",1,"DEU"
"66","990",1,"DEU"
"8","991",1,"DEU"
"10","991",1,"DEU"
"22","991",2,"DEU"
"49","991",1,"DEU"
"83","991",1,"DEU"
"90","991",1,"DEU"
"93","991",1,"DEU"
"130","991",1,"DEU"
"271","991",1,"DEU"
"488","991",1,"DEU"
"543","991",1,"DEU"
"1","992",1,"DEU"
"30","992",3,"DEU"
"35","992",3,"DEU"
"277","992",1,"DEU"
"569","992",1,"DEU"
"679","992",1,"DEU"
"34","993",1,"DEU"
"67","993",2,"DEU"
"69","993",2,"DEU"
"115","993",1,"DEU"
"227","993",1,"DEU"
"322","993",1,"DEU"
"888","993",1,"DEU"
"3","994",1,"DEU"
"15","994",1,"DEU"
"25","994",1,"DEU"
"114","994",1,"DEU"
"124","994",1,"DEU"
"428","994",1,"DEU"
"688","994",1,"DEU"
"696","994",1,"DEU"
"1","995",1,"DEU"
"2","995",1,"DEU"
"7","995",1,"DEU"
"8","995",2,"DEU"
"11","995",1,"DEU"
"41","995",2,"DEU"
"171","995",1,"DEU"
"856","995",1,"DEU"
"1","996",5,"DEU"
"2","996",4,"DEU"
"10","996",1,"DEU"
"12","996",1,"DEU"
"13","996",1,"DEU"
"39","996",1,"DEU"
"63","996",1,"DEU"
"2","997",1,"DEU"
"3","997",1,"DEU"
"5","997",1,"DEU"
"8","997",1,"DEU"
"31","997",1,"DEU"
"49","997",1,"DEU"
"55","997",1,"DEU"
"56","997",1,"DEU"
"105","997",1,"DEU"
"231","997",1,"DEU"
"885","997",1,"DEU"
"32","998",1,"DEU"
"46","998",1,"DEU"
"55","998",1,"DEU"
"338","998",1,"DEU"
"471","998",1,"DEU"
"1","999",1,"DEU"
"2","999",1,"DEU"
"4","999",1,"DEU"
"7","999",1,"DEU"
"20","999",1,"DEU"
"22","999",1,"DEU"
"83","999",1,"DEU"
"126","999",1,"DEU"
"130","999",1,"DEU"
"294","999",1,"DEU"
"310","999",1,"DEU"
"466","999",1,"DEU"
"565","999",1,"DEU"
"3","1000",2,"DEU"
"4","1000",1,"DEU"
"6","1000",1,"DEU"
"7","1000",1,"DEU"
"14","1000",1,"DEU"
"17","1000",1,"DEU"
"28","1000",1,"DEU"
"109","1000",2,"DEU"
"232","1000",1,"DEU"
"235","1000",1,"DEU"
"434","1000",1,"DEU"
"837","1000",1,"DEU"
"994","1000",1,"DEU"
"6","1001",1,"DEU"
"12","1001",1,"DEU"
"15","1001",2,"DEU"
"28","1001",1,"DEU"
"44","1001",1,"DEU"
"60","1001",1,"DEU"
"77","1001",1,"DEU"
"132","1001",1,"DEU"
"166","1001",1,"DEU"
"579","1001",1,"DEU"
"1","1002",1,"DEU"
"3","1002",4,"DEU"
"4","1002",1,"DEU"
"7","1002",1,"DEU"
"29","1002",1,"DEU"
"31","1002",2,"DEU"
"36","1002",1,"DEU"
"46","1002",1,"DEU"
"86","1002",1,"DEU"
"304","1002",1,"DEU"
"11","1003",1,"DEU"
"18","1003",3,"DEU"
"23","1003",1,"DEU"
"45","1003",1,"DEU"
"100","1003",1,"DEU"
"174","1003",1,"DEU"
"186","1003",1,"DEU"
"348","1003",1,"DEU"
"439","1003",1,"DEU"
"755","1003",1,"DEU"
"1","1004",1,"DEU"
"2","1004",1,"DEU"
"11","1004",1,"DEU"
"12","1004",1,"DEU"
"41","1004",1,"DEU"
"42","1004",1,"DEU"
"53","1004",1,"DEU"
"57","1004",1,"DEU"
"109","1004",1,"DEU"
"117","1004",1,"DEU"
"809","1004",1,"DEU"
"1","1005",1,"DEU"
"2","1005",4,"DEU"
"4","1005",1,"DEU"
"8","1005",1,"DEU"
"11","1005",2,"DEU"
"20","1005",1,"DEU"
"100","1005",1,"DEU"
"238","1005",1,"DEU"
"408","1005",1,"DEU"
"522","1005",1,"DEU"
"11","1006",1,"DEU"
"31","1006",2,"DEU"
"56","1006",2,"DEU"
"59","1006",2,"DEU"
"251","1006",2,"DEU"
"318","1006",1,"DEU"
"597","1006",1,"DEU"
"1","1007",2,"DEU"
"2","1007",3,"DEU"
"3","1007",1,"DEU"
"4","1007",1,"DEU"
"6","1007",1,"DEU"
"31","1007",1,"DEU"
"36","1007",1,"DEU"
"53","1007",1,"DEU"
"80","1007",1,"DEU"
"210","1007",1,"DEU"
"329","1007",1,"DEU"
"817","1007",1,"DEU"
"1","1008",1,"DEU"
"2","1008",2,"DEU"
"4","1008",1,"DEU"
"11","1008",3,"DEU"
"22","1008",1,"DEU"
"27","1008",1,"DEU"
"73","1008",1,"DEU"
"133","1008",1,"DEU"
"340","1008",1,"DEU"
"521","1008",1,"DEU"
"1","1009",2,"DEU"
"2","1009",3,"DEU"
"9","1009",1,"DEU"
"18","1009",1,"DEU"
"43","1009",1,"DEU"
"75","1009",1,"DEU"
"480","1009",2,"DEU"
"983","1009",1,"DEU"
"1","1010",2,"DEU"
"2","1010",1,"DEU"
"3","1010",2,"DEU"
"4","1010",1,"DEU"
"6","1010",2,"DEU"
"8","1010",1,"DEU"
"13","1010",1,"DEU"
"14","1010",1,"DEU"
"19","1010",1,"DEU"
"20","1010",1,"DEU"
"2","1011",1,"DEU"
"6","1011",1,"DEU"
"35","1011",1,"DEU"
"98","1011",1,"DEU"
"103","1011",1,"DEU"
"115","1011",1,"DEU"
"244","1011",1,"DEU"
"410","1011",1,"DEU"
"427","1011",1,"DEU"
"543","1011",1,"DEU"
"550","1011",1,"DEU"
"583","1011",1,"DEU"
"973","1011",1,"DEU"
"18","1012",1,"DEU"
"21","1012",1,"DEU"
"35","1012",1,"DEU"
"162","1012",1,"DEU"
"188","1012",1,"DEU"
"226","1012",1,"DEU"
"506","1012",1,"DEU"
"656","1012",1,"DEU"
"871","1012",1,"DEU"
"997","1012",1,"DEU"
"3","1013",1,"DEU"
"10","1013",1,"DEU"
"11","1013",3,"DEU"
"13","1013",1,"DEU"
"28","1013",2,"DEU"
"69","1013",1,"DEU"
"102","1013",1,"DEU"
"223","1013",1,"DEU"
"423","1013",1,"DEU"
"513","1013",1,"DEU"
"2","1014",3,"DEU"
"4","1014",1,"DEU"
"7","1014",1,"DEU"
"22","1014",1,"DEU"
"44","1014",1,"DEU"
"103","1014",1,"DEU"
"165","1014",1,"DEU"
"168","1014",1,"DEU"
"244","1014",1,"DEU"
"305","1014",1,"DEU"
"760","1014",1,"DEU"
"2","1015",2,"DEU"
"4","1015",1,"DEU"
"8","1015",2,"DEU"
"15","1015",1,"DEU"
"18","1015",1,"DEU"
"43","1015",1,"DEU"
"59","1015",1,"DEU"
"62","1015",1,"DEU"
"67","1015",1,"DEU"
"82","1015",1,"DEU"
"310","1015",2,"DEU"
"564","1015",1,"DEU"
"1","1016",1,"DEU"
"2","1016",1,"DEU"
"10","1016",1,"DEU"
"14","1016",1,"DEU"
"93","1016",1,"DEU"
"172","1016",1,"DEU"
"195","1016",1,"DEU"
"453","1016",1,"DEU"
"461","1016",1,"DEU"
"646","1016",1,"DEU"
"1","1017",1,"DEU"
"2","1017",1,"DEU"
"3","1017",3,"DEU"
"10","1017",1,"DEU"
"18","1017",1,"DEU"
"29","1017",1,"DEU"
"46","1017",1,"DEU"
"142","1017",1,"DEU"
"158","1017",1,"DEU"
"216","1017",1,"DEU"
"736","1017",1,"DEU"
"6","1018",1,"DEU"
"15","1018",1,"DEU"
"22","1018",1,"DEU"
"36","1018",1,"DEU"
"67","1018",1,"DEU"
"100","1018",1,"DEU"
"105","1018",1,"DEU"
"171","1018",1,"DEU"
"188","1018",1,"DEU"
"231","1018",1,"DEU"
"354","1018",1,"DEU"
"2","1019",2,"DEU"
"9","1019",1,"DEU"
"11","1019",1,"DEU"
"24","1019",1,"DEU"
"26","1019",1,"DEU"
"50","1019",1,"DEU"
"78","1019",1,"DEU"
"80","1019",1,"DEU"
"166","1019",1,"DEU"
"200","1019",1,"DEU"
"622","1019",1,"DEU"
"12","1020",1,"DEU"
"13","1020",1,"DEU"
"16","1020",1,"DEU"
"22","1020",1,"DEU"
"37","1020",1,"DEU"
"67","1020",1,"DEU"
"88","1020",1,"DEU"
"166","1020",1,"DEU"
"174","1020",1,"DEU"
"273","1020",1,"DEU"
"513","1020",1,"DEU"
"551","1020",1,"DEU"
"2","1021",1,"DEU"
"8","1021",1,"DEU"
"16","1021",1,"DEU"
"17","1021",1,"DEU"
"45","1021",1,"DEU"
"57","1021",1,"DEU"
"174","1021",1,"DEU"
"233","1021",1,"DEU"
"336","1021",1,"DEU"
"595","1021",1,"DEU"
"4","1022",1,"DEU"
"7","1022",1,"DEU"
"10","1022",1,"DEU"
"15","1022",1,"DEU"
"22","1022",1,"DEU"
"59","1022",1,"DEU"
"150","1022",1,"DEU"
"472","1022",3,"DEU"
"569","1022",1,"DEU"
"633","1022",1,"DEU"
"3","1023",1,"DEU"
"10","1023",2,"DEU"
"28","1023",1,"DEU"
"44","1023",1,"DEU"
"50","1023",2,"DEU"
"228","1023",1,"DEU"
"287","1023",1,"DEU"
"1019","1023",1,"DEU"
"2","1024",1,"DEU"
"30","1024",1,"DEU"
"52","1024",1,"DEU"
"67","1024",1,"DEU"
"69","1024",1,"DEU"
"218","1024",1,"DEU"
"678","1024",1,"DEU"
"758","1024",1,"DEU"
"933","1024",1,"DEU"
"984","1024",1,"DEU"
"2","1025",1,"DEU"
"11","1025",1,"DEU"
"12","1025",1,"DEU"
"22","1025",3,"DEU"
"25","1025",1,"DEU"
"30","1025",1,"DEU"
"404","1025",1,"DEU"
"1","1026",2,"DEU"
"2","1026",4,"DEU"
"3","1026",2,"DEU"
"7","1026",2,"DEU"
"44","1026",2,"DEU"
"139","1026",1,"DEU"
"642","1026",1,"DEU"
"1","1027",2,"DEU"
"2","1027",2,"DEU"
"3","1027",2,"DEU"
"15","1027",1,"DEU"
"26","1027",1,"DEU"
"30","1027",1,"DEU"
"34","1027",1,"DEU"
"80","1027",2,"DEU"
"84","1027",1,"DEU"
"164","1027",1,"DEU"
"445","1027",1,"DEU"
"2","1028",1,"DEU"
"3","1028",1,"DEU"
"11","1028",2,"DEU"
"20","1028",1,"DEU"
"31","1028",2,"DEU"
"37","1028",1,"DEU"
"38","1028",1,"DEU"
"201","1028",1,"DEU"
"216","1028",1,"DEU"
"4","1029",1,"DEU"
"5","1029",1,"DEU"
"12","1029",1,"DEU"
"21","1029",1,"DEU"
"27","1029",1,"DEU"
"35","1029",1,"DEU"
"47","1029",1,"DEU"
"50","1029",1,"DEU"
"51","1029",1,"DEU"
"128","1029",1,"DEU"
"138","1029",1,"DEU"
"380","1029",1,"DEU"
"519","1029",1,"DEU"
"3","1030",1,"DEU"
"4","1030",1,"DEU"
"7","1030",1,"DEU"
"27","1030",1,"DEU"
"36","1030",3,"DEU"
"123","1030",1,"DEU"
"187","1030",1,"DEU"
"261","1030",1,"DEU"
"316","1030",1,"DEU"
"941","1030",1,"DEU"
"2","1031",5,"DEU"
"7","1031",1,"DEU"
"9","1031",1,"DEU"
"12","1031",1,"DEU"
"26","1031",1,"DEU"
"36","1031",1,"DEU"
"46","1031",1,"DEU"
"64","1031",1,"DEU"
"114","1031",1,"DEU"
"414","1031",1,"DEU"
"529","1031",1,"DEU"
"3","1032",1,"DEU"
"10","1032",1,"DEU"
"17","1032",1,"DEU"
"18","1032",2,"DEU"
"25","1032",1,"DEU"
"26","1032",1,"DEU"
"27","1032",1,"DEU"
"44","1032",1,"DEU"
"128","1032",1,"DEU"
"187","1032",1,"DEU"
"221","1032",1,"DEU"
"432","1032",1,"DEU"
"2","1033",5,"DEU"
"7","1033",1,"DEU"
"12","1033",1,"DEU"
"13","1033",3,"DEU"
"21","1033",1,"DEU"
"44","1033",1,"DEU"
"201","1033",1,"DEU"
"1","1034",1,"DEU"
"4","1034",1,"DEU"
"6","1034",1,"DEU"
"8","1034",4,"DEU"
"18","1034",1,"DEU"
"24","1034",2,"DEU"
"26","1034",1,"DEU"
"116","1034",1,"DEU"
"132","1034",1,"DEU"
"305","1034",1,"DEU"
"836","1034",1,"DEU"
"2","1035",3,"DEU"
"7","1035",2,"DEU"
"9","1035",1,"DEU"
"12","1035",1,"DEU"
"15","1035",1,"DEU"
"32","1035",1,"DEU"
"41","1035",1,"DEU"
"62","1035",1,"DEU"
"254","1035",1,"DEU"
"626","1035",1,"DEU"
"1006","1035",1,"DEU"
"1","1036",1,"DEU"
"2","1036",3,"DEU"
"15","1036",7,"DEU"
"26","1036",2,"DEU"
"30","1036",1,"DEU"
"39","1036",2,"DEU"
"21","1037",1,"DEU"
"26","1037",1,"DEU"
"61","1037",1,"DEU"
"105","1037",2,"DEU"
"457","1037",1,"DEU"
"512","1037",1,"DEU"
"536","1037",1,"DEU"
"685","1037",1,"DEU"
"704","1037",1,"DEU"
"4","1038",1,"DEU"
"7","1038",1,"DEU"
"24","1038",1,"DEU"
"50","1038",1,"DEU"
"118","1038",1,"DEU"
"148","1038",1,"DEU"
"188","1038",1,"DEU"
"206","1038",1,"DEU"
"502","1038",1,"DEU"
"8","1039",4,"DEU"
"12","1039",1,"DEU"
"13","1039",1,"DEU"
"18","1039",1,"DEU"
"38","1039",1,"DEU"
"40","1039",1,"DEU"
"73","1039",1,"DEU"
"116","1039",1,"DEU"
"196","1039",1,"DEU"
"764","1039",1,"DEU"
"803","1039",1,"DEU"
"1013","1039",1,"DEU"
"1","1040",1,"DEU"
"2","1040",1,"DEU"
"6","1040",2,"DEU"
"51","1040",1,"DEU"
"140","1040",1,"DEU"
"684","1040",1,"DEU"
"998","1040",1,"DEU"
"2","1041",1,"DEU"
"6","1041",1,"DEU"
"12","1041",1,"DEU"
"26","1041",1,"DEU"
"32","1041",1,"DEU"
"129","1041",2,"DEU"
"131","1041",1,"DEU"
"11","1042",2,"DEU"
"26","1042",1,"DEU"
"42","1042",1,"DEU"
"45","1042",1,"DEU"
"49","1042",1,"DEU"
"50","1042",1,"DEU"
"55","1042",2,"DEU"
"79","1042",1,"DEU"
"130","1042",1,"DEU"
"245","1042",1,"DEU"
"6","1043",5,"DEU"
"7","1043",1,"DEU"
"9","1043",1,"DEU"
"16","1043",2,"DEU"
"18","1043",2,"DEU"
"22","1043",1,"DEU"
"40","1043",1,"DEU"
"62","1043",1,"DEU"
"3","1044",1,"DEU"
"6","1044",1,"DEU"
"11","1044",2,"DEU"
"13","1044",1,"DEU"
"16","1044",1,"DEU"
"17","1044",1,"DEU"
"19","1044",1,"DEU"
"24","1044",1,"DEU"
"42","1044",1,"DEU"
"51","1044",1,"DEU"
"107","1044",1,"DEU"
"259","1044",1,"DEU"
"423","1044",1,"DEU"
"919","1044",1,"DEU"
"1","1045",1,"DEU"
"3","1045",2,"DEU"
"4","1045",1,"DEU"
"5","1045",1,"DEU"
"17","1045",1,"DEU"
"23","1045",2,"DEU"
"44","1045",1,"DEU"
"45","1045",1,"DEU"
"61","1045",1,"DEU"
"207","1045",1,"DEU"
"224","1045",1,"DEU"
"743","1045",1,"DEU"
"1","1046",3,"DEU"
"3","1046",1,"DEU"
"4","1046",3,"DEU"
"15","1046",1,"DEU"
"21","1046",1,"DEU"
"70","1046",1,"DEU"
"159","1046",1,"DEU"
"269","1046",1,"DEU"
"571","1046",1,"DEU"
"883","1046",1,"DEU"
"1","1047",4,"DEU"
"3","1047",3,"DEU"
"10","1047",1,"DEU"
"36","1047",1,"DEU"
"66","1047",1,"DEU"
"121","1047",1,"DEU"
"173","1047",1,"DEU"
"854","1047",1,"DEU"
"1","1048",1,"DEU"
"2","1048",1,"DEU"
"6","1048",1,"DEU"
"18","1048",1,"DEU"
"19","1048",1,"DEU"
"33","1048",1,"DEU"
"99","1048",1,"DEU"
"133","1048",1,"DEU"
"141","1048",2,"DEU"
"601","1048",1,"DEU"
"844","1048",1,"DEU"
"1","1049",1,"DEU"
"2","1049",4,"DEU"
"3","1049",1,"DEU"
"7","1049",2,"DEU"
"15","1049",2,"DEU"
"83","1049",1,"DEU"
"116","1049",1,"DEU"
"419","1049",1,"DEU"
"454","1049",1,"DEU"
"1","1050",1,"DEU"
"5","1050",1,"DEU"
"6","1050",1,"DEU"
"21","1050",2,"DEU"
"22","1050",2,"DEU"
"34","1050",1,"DEU"
"37","1050",1,"DEU"
"64","1050",1,"DEU"
"101","1050",1,"DEU"
"219","1050",1,"DEU"
"274","1050",1,"DEU"
"544","1050",1,"DEU"
"1","1051",1,"DEU"
"3","1051",1,"DEU"
"4","1051",1,"DEU"
"13","1051",1,"DEU"
"15","1051",1,"DEU"
"16","1051",1,"DEU"
"26","1051",1,"DEU"
"27","1051",1,"DEU"
"28","1051",1,"DEU"
"30","1051",1,"DEU"
"32","1051",1,"DEU"
"172","1051",1,"DEU"
"312","1051",1,"DEU"
"2","1052",1,"DEU"
"3","1052",2,"DEU"
"11","1052",4,"DEU"
"19","1052",1,"DEU"
"159","1052",1,"DEU"
"201","1052",1,"DEU"
"317","1052",1,"DEU"
"417","1052",1,"DEU"
"1","1053",3,"DEU"
"2","1053",3,"DEU"
"15","1053",1,"DEU"
"22","1053",1,"DEU"
"26","1053",1,"DEU"
"31","1053",1,"DEU"
"53","1053",1,"DEU"
"942","1053",1,"DEU"
"7","1054",2,"DEU"
"10","1054",1,"DEU"
"12","1054",1,"DEU"
"39","1054",1,"DEU"
"47","1054",1,"DEU"
"117","1054",1,"DEU"
"124","1054",1,"DEU"
"729","1054",1,"DEU"
"951","1054",2,"DEU"
"1","1055",6,"DEU"
"4","1055",1,"DEU"
"52","1055",5,"DEU"
"54","1055",1,"DEU"
"136","1055",1,"DEU"
"188","1055",1,"DEU"
"1","1056",1,"DEU"
"2","1056",1,"DEU"
"3","1056",1,"DEU"
"7","1056",1,"DEU"
"15","1056",2,"DEU"
"18","1056",1,"DEU"
"22","1056",1,"DEU"
"39","1056",1,"DEU"
"44","1056",1,"DEU"
"63","1056",2,"DEU"
"118","1056",1,"DEU"
"393","1056",1,"DEU"
"1","1057",1,"DEU"
"4","1057",2,"DEU"
"6","1057",1,"DEU"
"8","1057",1,"DEU"
"23","1057",1,"DEU"
"63","1057",1,"DEU"
"90","1057",1,"DEU"
"312","1057",1,"DEU"
"2","1058",1,"DEU"
"3","1058",1,"DEU"
"13","1058",2,"DEU"
"16","1058",1,"DEU"
"22","1058",2,"DEU"
"63","1058",1,"DEU"
"80","1058",1,"DEU"
"271","1058",1,"DEU"
"298","1058",1,"DEU"
"629","1058",1,"DEU"
"798","1058",1,"DEU"
"3","1059",2,"DEU"
"7","1059",2,"DEU"
"12","1059",2,"DEU"
"20","1059",3,"DEU"
"26","1059",1,"DEU"
"33","1059",1,"DEU"
"299","1059",1,"DEU"
"1","1060",1,"DEU"
"15","1060",1,"DEU"
"51","1060",1,"DEU"
"89","1060",1,"DEU"
"134","1060",1,"DEU"
"160","1060",1,"DEU"
"274","1060",1,"DEU"
"545","1060",2,"DEU"
"892","1060",1,"DEU"
"1051","1060",1,"DEU"
"1","1061",5,"DEU"
"3","1061",1,"DEU"
"11","1061",1,"DEU"
"12","1061",1,"DEU"
"21","1061",1,"DEU"
"22","1061",2,"DEU"
"25","1061",1,"DEU"
"124","1061",1,"DEU"
"128","1061",1,"DEU"
"750","1061",1,"DEU"
"993","1061",1,"DEU"
"2","1062",3,"DEU"
"4","1062",1,"DEU"
"7","1062",1,"DEU"
"10","1062",5,"DEU"
"15","1062",1,"DEU"
"36","1062",1,"DEU"
"44","1062",1,"DEU"
"109","1062",1,"DEU"
"577","1062",1,"DEU"
"3","1063",2,"DEU"
"10","1063",1,"DEU"
"21","1063",1,"DEU"
"28","1063",1,"DEU"
"33","1063",1,"DEU"
"53","1063",1,"DEU"
"55","1063",2,"DEU"
"261","1063",1,"DEU"
"344","1063",1,"DEU"
"412","1063",1,"DEU"
"1","1064",1,"DEU"
"11","1064",2,"DEU"
"80","1064",1,"DEU"
"82","1064",1,"DEU"
"89","1064",2,"DEU"
"154","1064",1,"DEU"
"251","1064",1,"DEU"
"1","1065",1,"DEU"
"3","1065",2,"DEU"
"6","1065",2,"DEU"
"33","1065",1,"DEU"
"75","1065",1,"DEU"
"78","1065",1,"DEU"
"99","1065",3,"DEU"
"4","1066",1,"DEU"
"11","1066",2,"DEU"
"15","1066",1,"DEU"
"23","1066",1,"DEU"
"47","1066",4,"DEU"
"100","1066",1,"DEU"
"376","1066",1,"DEU"
"536","1066",1,"DEU"
"5","1067",1,"DEU"
"6","1067",1,"DEU"
"14","1067",3,"DEU"
"69","1067",1,"DEU"
"342","1067",1,"DEU"
"779","1067",4,"DEU"
"968","1067",1,"DEU"
"1","1068",1,"DEU"
"2","1068",2,"DEU"
"3","1068",1,"DEU"
"13","1068",1,"DEU"
"30","1068",1,"DEU"
"99","1068",1,"DEU"
"159","1068",1,"DEU"
"166","1068",1,"DEU"
"176","1068",1,"DEU"
"499","1068",1,"DEU"
"991","1068",1,"DEU"
"2","1069",1,"DEU"
"3","1069",1,"DEU"
"6","1069",1,"DEU"
"15","1069",3,"DEU"
"78","1069",1,"DEU"
"111","1069",1,"DEU"
"229","1069",1,"DEU"
"301","1069",1,"DEU"
"1","1070",1,"DEU"
"4","1070",1,"DEU"
"29","1070",1,"DEU"
"52","1070",1,"DEU"
"58","1070",1,"DEU"
"60","1070",1,"DEU"
"74","1070",1,"DEU"
"106","1070",1,"DEU"
"112","1070",1,"DEU"
"127","1070",1,"DEU"
"132","1070",1,"DEU"
"154","1070",1,"DEU"
"478","1070",1,"DEU"
"4","1071",2,"DEU"
"6","1071",1,"DEU"
"7","1071",1,"DEU"
"73","1071",1,"DEU"
"150","1071",1,"DEU"
"572","1071",8,"DEU"
"12","1072",1,"DEU"
"15","1072",2,"DEU"
"22","1072",1,"DEU"
"32","1072",1,"DEU"
"40","1072",1,"DEU"
"48","1072",1,"DEU"
"111","1072",2,"DEU"
"145","1072",1,"DEU"
"176","1072",1,"DEU"
"432","1072",1,"DEU"
"4","1073",1,"DEU"
"18","1073",1,"DEU"
"19","1073",1,"DEU"
"23","1073",1,"DEU"
"30","1073",1,"DEU"
"32","1073",1,"DEU"
"78","1073",1,"DEU"
"87","1073",1,"DEU"
"125","1073",1,"DEU"
"320","1073",1,"DEU"
"692","1073",1,"DEU"
"757","1073",1,"DEU"
"1","1074",5,"DEU"
"2","1074",3,"DEU"
"4","1074",1,"DEU"
"10","1074",3,"DEU"
"25","1074",1,"DEU"
"35","1074",2,"DEU"
"150","1074",1,"DEU"
"21","1075",2,"DEU"
"37","1075",1,"DEU"
"41","1075",1,"DEU"
"43","1075",1,"DEU"
"47","1075",1,"DEU"
"82","1075",1,"DEU"
"116","1075",1,"DEU"
"135","1075",1,"DEU"
"479","1075",1,"DEU"
"681","1075",1,"DEU"
"943","1075",1,"DEU"
"1","1076",1,"DEU"
"3","1076",2,"DEU"
"18","1076",1,"DEU"
"42","1076",1,"DEU"
"76","1076",1,"DEU"
"94","1076",1,"DEU"
"144","1076",1,"DEU"
"603","1076",1,"DEU"
"634","1076",1,"DEU"
"1","1077",1,"DEU"
"3","1077",1,"DEU"
"20","1077",1,"DEU"
"25","1077",1,"DEU"
"34","1077",1,"DEU"
"64","1077",1,"DEU"
"190","1077",1,"DEU"
"275","1077",1,"DEU"
"380","1077",1,"DEU"
"664","1077",1,"DEU"
"839","1077",1,"DEU"
"910","1077",1,"DEU"
"2","1078",2,"DEU"
"3","1078",1,"DEU"
"40","1078",1,"DEU"
"58","1078",1,"DEU"
"64","1078",1,"DEU"
"76","1078",2,"DEU"
"275","1078",1,"DEU"
"298","1078",1,"DEU"
"434","1078",1,"DEU"
"453","1078",1,"DEU"
"579","1078",1,"DEU"
"8","1079",5,"DEU"
"15","1079",1,"DEU"
"26","1079",1,"DEU"
"306","1079",5,"DEU"
"507","1079",1,"DEU"
"945","1079",1,"DEU"
"3","1080",1,"DEU"
"6","1080",1,"DEU"
"22","1080",1,"DEU"
"76","1080",3,"DEU"
"94","1080",1,"DEU"
"275","1080",1,"DEU"
"292","1080",1,"DEU"
"422","1080",1,"DEU"
"6","1081",1,"DEU"
"10","1081",1,"DEU"
"18","1081",1,"DEU"
"21","1081",1,"DEU"
"38","1081",1,"DEU"
"47","1081",1,"DEU"
"76","1081",1,"DEU"
"453","1081",1,"DEU"
"508","1081",1,"DEU"
"681","1081",1,"DEU"
"733","1081",1,"DEU"
"804","1081",1,"DEU"
"4","1082",1,"DEU"
"8","1082",1,"DEU"
"11","1082",1,"DEU"
"12","1082",1,"DEU"
"14","1082",1,"DEU"
"21","1082",1,"DEU"
"38","1082",1,"DEU"
"43","1082",1,"DEU"
"76","1082",2,"DEU"
"112","1082",1,"DEU"
"142","1082",1,"DEU"
"3","1083",1,"DEU"
"23","1083",1,"DEU"
"29","1083",1,"DEU"
"144","1083",5,"DEU"
"427","1083",1,"DEU"
"2","1084",1,"DEU"
"3","1084",1,"DEU"
"6","1084",1,"DEU"
"32","1084",1,"DEU"
"52","1084",1,"DEU"
"77","1084",1,"DEU"
"90","1084",1,"DEU"
"155","1084",1,"DEU"
"1","1085",1,"DEU"
"3","1085",2,"DEU"
"18","1085",2,"DEU"
"84","1085",1,"DEU"
"102","1085",1,"DEU"
"390","1085",1,"DEU"
"431","1085",1,"DEU"
"434","1085",1,"DEU"
"2","1086",2,"DEU"
"5","1086",1,"DEU"
"103","1086",1,"DEU"
"126","1086",1,"DEU"
"498","1086",1,"DEU"
"1","1087",1,"DEU"
"30","1087",2,"DEU"
"35","1087",2,"DEU"
"60","1087",1,"DEU"
"306","1087",1,"DEU"
"452","1087",1,"DEU"
"569","1087",1,"DEU"
"2","1088",1,"DEU"
"10","1088",1,"DEU"
"14","1088",1,"DEU"
"42","1088",1,"DEU"
"139","1088",1,"DEU"
"256","1088",1,"DEU"
"339","1088",1,"DEU"
"6","1089",1,"DEU"
"10","1089",2,"DEU"
"12","1089",1,"DEU"
"15","1089",4,"DEU"
"25","1089",3,"DEU"
"36","1089",1,"DEU"
"44","1089",2,"DEU"
"1","1090",2,"DEU"
"4","1090",1,"DEU"
"44","1090",1,"DEU"
"61","1090",1,"DEU"
"112","1090",1,"DEU"
"247","1090",1,"DEU"
"492","1090",1,"DEU"
"1","1091",1,"DEU"
"3","1091",2,"DEU"
"6","1091",1,"DEU"
"14","1091",1,"DEU"
"264","1091",2,"DEU"
"329","1091",1,"DEU"
"471","1091",1,"DEU"
"619","1091",1,"DEU"
"2","1092",1,"DEU"
"3","1092",1,"DEU"
"4","1092",1,"DEU"
"7","1092",3,"DEU"
"9","1092",3,"DEU"
"35","1092",1,"DEU"
"44","1092",1,"DEU"
"504","1092",1,"DEU"
"3","1093",1,"DEU"
"4","1093",3,"DEU"
"10","1093",1,"DEU"
"25","1093",1,"DEU"
"33","1093",1,"DEU"
"176","1093",1,"DEU"
"2","1094",2,"DEU"
"13","1094",1,"DEU"
"15","1094",1,"DEU"
"18","1094",1,"DEU"
"20","1094",1,"DEU"
"24","1094",1,"DEU"
"40","1094",1,"DEU"
"63","1094",1,"DEU"
"454","1094",1,"DEU"
"2","1095",1,"DEU"
"3","1095",1,"DEU"
"12","1095",1,"DEU"
"22","1095",1,"DEU"
"27","1095",2,"DEU"
"28","1095",1,"DEU"
"116","1095",1,"DEU"
"146","1095",1,"DEU"
"217","1095",1,"DEU"
"853","1095",1,"DEU"
"3","1096",1,"DEU"
"11","1096",1,"DEU"
"20","1096",1,"DEU"
"28","1096",1,"DEU"
"42","1096",1,"DEU"
"162","1096",1,"DEU"
"183","1096",1,"DEU"
"602","1096",2,"DEU"
"804","1096",1,"DEU"
"1","1097",4,"DEU"
"2","1097",1,"DEU"
"3","1097",1,"DEU"
"5","1097",1,"DEU"
"29","1097",1,"DEU"
"56","1097",2,"DEU"
"158","1097",1,"DEU"
"2","1098",2,"DEU"
"10","1098",1,"DEU"
"11","1098",1,"DEU"
"15","1098",1,"DEU"
"28","1098",1,"DEU"
"39","1098",1,"DEU"
"187","1098",1,"DEU"
"190","1098",1,"DEU"
"651","1098",2,"DEU"
"898","1098",1,"DEU"
"920","1098",1,"DEU"
"987","1098",1,"DEU"
"57","1099",1,"DEU"
"81","1099",1,"DEU"
"83","1099",1,"DEU"
"105","1099",2,"DEU"
"410","1099",1,"DEU"
"580","1099",1,"DEU"
"6","1100",1,"DEU"
"7","1100",1,"DEU"
"8","1100",1,"DEU"
"9","1100",1,"DEU"
"125","1100",1,"DEU"
"146","1100",1,"DEU"
"150","1100",1,"DEU"
"157","1100",1,"DEU"
"343","1100",1,"DEU"
"357","1100",1,"DEU"
"581","1100",1,"DEU"
"1041","1100",1,"DEU"
"1","1101",1,"DEU"
"3","1101",1,"DEU"
"5","1101",1,"DEU"
"13","1101",1,"DEU"
"36","1101",1,"DEU"
"60","1101",1,"DEU"
"75","1101",2,"DEU"
"107","1101",1,"DEU"
"1","1102",1,"DEU"
"3","1102",1,"DEU"
"5","1102",2,"DEU"
"11","1102",1,"DEU"
"54","1102",1,"DEU"
"284","1102",1,"DEU"
"358","1102",1,"DEU"
"517","1102",1,"DEU"
"751","1102",1,"DEU"
"1084","1102",1,"DEU"
"7","1103",1,"DEU"
"9","1103",2,"DEU"
"11","1103",2,"DEU"
"20","1103",2,"DEU"
"59","1103",1,"DEU"
"81","1103",1,"DEU"
"189","1103",1,"DEU"
"19","1104",1,"DEU"
"25","1104",7,"DEU"
"26","1104",1,"DEU"
"35","1104",1,"DEU"
"61","1104",1,"DEU"
"711","1104",1,"DEU"
"2","1105",1,"DEU"
"3","1105",2,"DEU"
"16","1105",1,"DEU"
"44","1105",1,"DEU"
"78","1105",1,"DEU"
"123","1105",1,"DEU"
"183","1105",1,"DEU"
"221","1105",1,"DEU"
"380","1105",1,"DEU"
"582","1105",1,"DEU"
"768","1105",1,"DEU"
"3","1106",1,"DEU"
"4","1106",2,"DEU"
"35","1106",1,"DEU"
"36","1106",1,"DEU"
"131","1106",1,"DEU"
"245","1106",1,"DEU"
"1","1107",1,"DEU"
"2","1107",1,"DEU"
"5","1107",1,"DEU"
"12","1107",1,"DEU"
"605","1107",1,"DEU"
"984","1107",4,"DEU"
"4","1108",1,"DEU"
"7","1108",1,"DEU"
"18","1108",1,"DEU"
"33","1108",1,"DEU"
"138","1108",1,"DEU"
"323","1108",1,"DEU"
"379","1108",1,"DEU"
"385","1108",1,"DEU"
"708","1108",1,"DEU"
"1","1109",1,"DEU"
"2","1109",3,"DEU"
"26","1109",1,"DEU"
"740","1109",7,"DEU"
"2","1110",4,"DEU"
"10","1110",1,"DEU"
"26","1110",1,"DEU"
"168","1110",1,"DEU"
"618","1110",1,"DEU"
"1014","1110",1,"DEU"
"1110","1110",1,"DEU"
"1","1111",2,"DEU"
"2","1111",2,"DEU"
"6","1111",1,"DEU"
"58","1111",1,"DEU"
"63","1111",1,"DEU"
"173","1111",1,"DEU"
"237","1111",1,"DEU"
"707","1111",1,"DEU"
"11","1112",3,"DEU"
"23","1112",2,"DEU"
"28","1112",1,"DEU"
"173","1112",1,"DEU"
"758","1112",1,"DEU"
"807","1112",1,"DEU"
"5","1113",1,"DEU"
"11","1113",1,"DEU"
"13","1113",1,"DEU"
"18","1113",4,"DEU"
"29","1113",1,"DEU"
"33","1113",1,"DEU"
"123","1113",1,"DEU"
"496","1113",1,"DEU"
"595","1113",1,"DEU"
"1030","1113",1,"DEU"
"2","1114",1,"DEU"
"8","1114",2,"DEU"
"19","1114",1,"DEU"
"21","1114",1,"DEU"
"36","1114",1,"DEU"
"85","1114",1,"DEU"
"93","1114",1,"DEU"
"404","1114",1,"DEU"
"597","1114",1,"DEU"
"1076","1114",1,"DEU"
"1","1115",1,"DEU"
"22","1115",1,"DEU"
"23","1115",1,"DEU"
"42","1115",2,"DEU"
"220","1115",1,"DEU"
"279","1115",1,"DEU"
"411","1115",1,"DEU"
"502","1115",1,"DEU"
"1","1116",1,"DEU"
"2","1116",1,"DEU"
"3","1116",1,"DEU"
"13","1116",2,"DEU"
"25","1116",1,"DEU"
"26","1116",1,"DEU"
"450","1116",1,"DEU"
"1","1117",3,"DEU"
"4","1117",1,"DEU"
"7","1117",1,"DEU"
"15","1117",1,"DEU"
"40","1117",1,"DEU"
"145","1117",1,"DEU"
"162","1117",1,"DEU"
"310","1117",2,"DEU"
"535","1117",1,"DEU"
"1","1118",3,"DEU"
"2","1118",1,"DEU"
"30","1118",1,"DEU"
"76","1118",1,"DEU"
"82","1118",1,"DEU"
"105","1118",1,"DEU"
"238","1118",1,"DEU"
"8","1119",2,"DEU"
"17","1119",1,"DEU"
"27","1119",1,"DEU"
"28","1119",1,"DEU"
"61","1119",1,"DEU"
"99","1119",1,"DEU"
"162","1119",1,"DEU"
"400","1119",1,"DEU"
"1","1120",2,"DEU"
"2","1120",1,"DEU"
"7","1120",3,"DEU"
"10","1120",2,"DEU"
"11","1120",1,"DEU"
"30","1120",1,"DEU"
"88","1120",1,"DEU"
"155","1120",1,"DEU"
"10","1121",1,"DEU"
"11","1121",3,"DEU"
"16","1121",1,"DEU"
"87","1121",2,"DEU"
"101","1121",1,"DEU"
"546","1121",1,"DEU"
"2","1122",1,"DEU"
"7","1122",1,"DEU"
"18","1122",1,"DEU"
"21","1122",4,"DEU"
"57","1122",1,"DEU"
"61","1122",1,"DEU"
"132","1122",1,"DEU"
"465","1122",2,"DEU"
"1095","1122",1,"DEU"
"4","1123",1,"DEU"
"7","1123",1,"DEU"
"13","1123",1,"DEU"
"33","1123",1,"DEU"
"34","1123",3,"DEU"
"38","1123",1,"DEU"
"49","1123",1,"DEU"
"442","1123",1,"DEU"
"1","1124",2,"DEU"
"2","1124",3,"DEU"
"9","1124",1,"DEU"
"11","1124",1,"DEU"
"22","1124",1,"DEU"
"37","1124",1,"DEU"
"63","1124",1,"DEU"
"83","1124",1,"DEU"
"2","1125",3,"DEU"
"4","1125",2,"DEU"
"22","1125",1,"DEU"
"50","1125",1,"DEU"
"51","1125",1,"DEU"
"137","1125",1,"DEU"
"514","1125",1,"DEU"
"825","1125",1,"DEU"
"3","1126",5,"DEU"
"4","1126",1,"DEU"
"63","1126",1,"DEU"
"319","1126",1,"DEU"
"329","1126",1,"DEU"
"2","1127",3,"DEU"
"15","1127",2,"DEU"
"18","1127",1,"DEU"
"42","1127",1,"DEU"
"48","1127",1,"DEU"
"54","1127",1,"DEU"
"497","1127",1,"DEU"
"1","1128",1,"DEU"
"7","1128",1,"DEU"
"9","1128",6,"DEU"
"527","1128",1,"DEU"
"588","1128",3,"DEU"
"1","1129",1,"DEU"
"3","1129",2,"DEU"
"8","1129",1,"DEU"
"10","1129",1,"DEU"
"16","1129",1,"DEU"
"47","1129",1,"DEU"
"89","1129",1,"DEU"
"118","1129",1,"DEU"
"381","1129",1,"DEU"
"5","1130",1,"DEU"
"14","1130",1,"DEU"
"16","1130",1,"DEU"
"18","1130",1,"DEU"
"21","1130",1,"DEU"
"54","1130",1,"DEU"
"91","1130",1,"DEU"
"214","1130",1,"DEU"
"394","1130",1,"DEU"
"401","1130",1,"DEU"
"785","1130",1,"DEU"
"3","1131",1,"DEU"
"24","1131",1,"DEU"
"30","1131",1,"DEU"
"37","1131",1,"DEU"
"42","1131",1,"DEU"
"57","1131",1,"DEU"
"117","1131",2,"DEU"
"154","1131",1,"DEU"
"155","1131",1,"DEU"
"1","1132",1,"DEU"
"7","1132",1,"DEU"
"11","1132",1,"DEU"
"33","1132",1,"DEU"
"45","1132",1,"DEU"
"72","1132",1,"DEU"
"86","1132",1,"DEU"
"274","1132",1,"DEU"
"338","1132",1,"DEU"
"538","1132",1,"DEU"
"560","1132",1,"DEU"
"3","1133",1,"DEU"
"5","1133",1,"DEU"
"27","1133",1,"DEU"
"42","1133",1,"DEU"
"44","1133",1,"DEU"
"49","1133",1,"DEU"
"64","1133",1,"DEU"
"120","1133",1,"DEU"
"237","1133",1,"DEU"
"295","1133",1,"DEU"
"845","1133",1,"DEU"
"2","1134",1,"DEU"
"8","1134",1,"DEU"
"16","1134",2,"DEU"
"18","1134",1,"DEU"
"20","1134",2,"DEU"
"24","1134",1,"DEU"
"54","1134",1,"DEU"
"100","1134",1,"DEU"
"209","1134",1,"DEU"
"211","1134",1,"DEU"
"3","1135",1,"DEU"
"10","1135",1,"DEU"
"28","1135",1,"DEU"
"32","1135",1,"DEU"
"49","1135",1,"DEU"
"57","1135",1,"DEU"
"74","1135",1,"DEU"
"106","1135",1,"DEU"
"156","1135",1,"DEU"
"258","1135",1,"DEU"
"647","1135",1,"DEU"
"676","1135",1,"DEU"
"2","1136",2,"DEU"
"7","1136",1,"DEU"
"20","1136",1,"DEU"
"38","1136",1,"DEU"
"70","1136",1,"DEU"
"73","1136",1,"DEU"
"559","1136",1,"DEU"
"4","1137",1,"DEU"
"35","1137",1,"DEU"
"37","1137",1,"DEU"
"96","1137",1,"DEU"
"171","1137",1,"DEU"
"369","1137",1,"DEU"
"625","1137",1,"DEU"
"2","1138",1,"DEU"
"21","1138",4,"DEU"
"30","1138",1,"DEU"
"37","1138",1,"DEU"
"153","1138",1,"DEU"
"238","1138",1,"DEU"
"255","1138",1,"DEU"
"273","1138",1,"DEU"
"377","1138",1,"DEU"
"520","1138",1,"DEU"
"18","1139",1,"DEU"
"24","1139",1,"DEU"
"30","1139",1,"DEU"
"31","1139",2,"DEU"
"48","1139",2,"DEU"
"72","1139",1,"DEU"
"317","1139",1,"DEU"
"334","1139",1,"DEU"
"423","1139",1,"DEU"
"548","1139",1,"DEU"
"1","1140",4,"DEU"
"2","1140",2,"DEU"
"8","1140",1,"DEU"
"115","1140",1,"DEU"
"192","1140",1,"DEU"
"560","1140",1,"DEU"
"714","1140",1,"DEU"
"848","1140",1,"DEU"
"1","1141",1,"DEU"
"2","1141",3,"DEU"
"3","1141",1,"DEU"
"21","1141",1,"DEU"
"638","1141",1,"DEU"
"937","1141",1,"DEU"
"1","1142",1,"DEU"
"30","1142",3,"DEU"
"32","1142",1,"DEU"
"35","1142",1,"DEU"
"69","1142",1,"DEU"
"95","1142",1,"DEU"
"674","1142",1,"DEU"
"893","1142",1,"DEU"
"1","1143",1,"DEU"
"3","1143",1,"DEU"
"22","1143",1,"DEU"
"53","1143",1,"DEU"
"350","1143",1,"DEU"
"478","1143",1,"DEU"
"548","1143",1,"DEU"
"18","1144",1,"DEU"
"30","1144",3,"DEU"
"105","1144",1,"DEU"
"259","1144",1,"DEU"
"640","1144",1,"DEU"
"30","1145",1,"DEU"
"33","1145",1,"DEU"
"49","1145",1,"DEU"
"57","1145",3,"DEU"
"179","1145",1,"DEU"
"263","1145",1,"DEU"
"297","1145",1,"DEU"
"316","1145",1,"DEU"
"910","1145",1,"DEU"
"1026","1145",1,"DEU"
"1","1146",1,"DEU"
"2","1146",1,"DEU"
"3","1146",1,"DEU"
"22","1146",1,"DEU"
"28","1146",1,"DEU"
"170","1146",1,"DEU"
"214","1146",1,"DEU"
"217","1146",1,"DEU"
"243","1146",1,"DEU"
"255","1146",1,"DEU"
"354","1146",1,"DEU"
"727","1146",1,"DEU"
"4","1147",1,"DEU"
"12","1147",2,"DEU"
"20","1147",1,"DEU"
"35","1147",1,"DEU"
"40","1147",1,"DEU"
"56","1147",1,"DEU"
"63","1147",1,"DEU"
"64","1147",1,"DEU"
"161","1147",2,"DEU"
"293","1147",1,"DEU"
"18","1148",1,"DEU"
"159","1148",2,"DEU"
"168","1148",1,"DEU"
"247","1148",2,"DEU"
"249","1148",1,"DEU"
"424","1148",1,"DEU"
"525","1148",1,"DEU"
"754","1148",1,"DEU"
"841","1148",1,"DEU"
"7","1149",5,"DEU"
"11","1149",1,"DEU"
"15","1149",1,"DEU"
"18","1149",1,"DEU"
"51","1149",1,"DEU"
"469","1149",2,"DEU"
"613","1149",1,"DEU"
"2","1150",2,"DEU"
"4","1150",1,"DEU"
"15","1150",1,"DEU"
"39","1150",1,"DEU"
"97","1150",1,"DEU"
"109","1150",1,"DEU"
"319","1150",1,"DEU"
"510","1150",1,"DEU"
"692","1150",1,"DEU"
"980","1150",1,"DEU"
"1019","1150",1,"DEU"
"10","1151",2,"DEU"
"18","1151",1,"DEU"
"42","1151",1,"DEU"
"192","1151",1,"DEU"
"812","1151",1,"DEU"
"962","1151",1,"DEU"
"2","1152",6,"DEU"
"7","1152",1,"DEU"
"9","1152",1,"DEU"
"13","1152",1,"DEU"
"35","1152",1,"DEU"
"373","1152",1,"DEU"
"462","1152",1,"DEU"
"949","1152",1,"DEU"
"18","1153",6,"DEU"
"196","1153",1,"DEU"
"312","1153",1,"DEU"
"318","1153",1,"DEU"
"552","1153",1,"DEU"
"787","1153",1,"DEU"
"1","1154",5,"DEU"
"4","1154",1,"DEU"
"6","1154",1,"DEU"
"85","1154",1,"DEU"
"749","1154",1,"DEU"
"3","1155",1,"DEU"
"7","1155",3,"DEU"
"15","1155",3,"DEU"
"23","1155",1,"DEU"
"29","1155",1,"DEU"
"32","1155",1,"DEU"
"998","1155",1,"DEU"
"7","1156",1,"DEU"
"9","1156",6,"DEU"
"122","1156",1,"DEU"
"125","1156",2,"DEU"
"151","1156",1,"DEU"
"170","1156",1,"DEU"
"376","1156",1,"DEU"
"527","1156",1,"DEU"
"16","1157",1,"DEU"
"19","1157",1,"DEU"
"47","1157",1,"DEU"
"51","1157",1,"DEU"
"101","1157",1,"DEU"
"130","1157",1,"DEU"
"132","1157",1,"DEU"
"3","1158",2,"DEU"
"8","1158",1,"DEU"
"11","1158",3,"DEU"
"37","1158",1,"DEU"
"42","1158",1,"DEU"
"44","1158",1,"DEU"
"96","1158",1,"DEU"
"793","1158",1,"DEU"
"1","1159",1,"DEU"
"3","1159",1,"DEU"
"4","1159",2,"DEU"
"33","1159",1,"DEU"
"56","1159",3,"DEU"
"70","1159",1,"DEU"
"310","1159",1,"DEU"
"497","1159",1,"DEU"
"2","1160",2,"DEU"
"5","1160",2,"DEU"
"12","1160",3,"DEU"
"37","1160",1,"DEU"
"39","1160",1,"DEU"
"129","1160",1,"DEU"
"412","1160",1,"DEU"
"517","1160",1,"DEU"
"524","1160",1,"DEU"
"4","1161",1,"DEU"
"8","1161",1,"DEU"
"31","1161",1,"DEU"
"34","1161",1,"DEU"
"109","1161",1,"DEU"
"140","1161",1,"DEU"
"162","1161",1,"DEU"
"164","1161",1,"DEU"
"295","1161",1,"DEU"
"312","1161",1,"DEU"
"582","1161",1,"DEU"
"975","1161",1,"DEU"
"1","1162",2,"DEU"
"2","1162",1,"DEU"
"7","1162",3,"DEU"
"10","1162",1,"DEU"
"35","1162",1,"DEU"
"124","1162",1,"DEU"
"584","1162",1,"DEU"
"1","1163",1,"DEU"
"2","1163",1,"DEU"
"6","1163",1,"DEU"
"18","1163",1,"DEU"
"19","1163",1,"DEU"
"80","1163",1,"DEU"
"84","1163",1,"DEU"
"102","1163",1,"DEU"
"245","1163",1,"DEU"
"676","1163",1,"DEU"
"1","1164",4,"DEU"
"2","1164",1,"DEU"
"12","1164",2,"DEU"
"13","1164",1,"DEU"
"29","1164",1,"DEU"
"100","1164",1,"DEU"
"122","1164",1,"DEU"
"179","1164",1,"DEU"
"607","1164",1,"DEU"
"3","1165",1,"DEU"
"36","1165",1,"DEU"
"53","1165",1,"DEU"
"80","1165",2,"DEU"
"127","1165",1,"DEU"
"364","1165",1,"DEU"
"2","1166",1,"DEU"
"27","1166",1,"DEU"
"223","1166",1,"DEU"
"246","1166",1,"DEU"
"249","1166",1,"DEU"
"268","1166",1,"DEU"
"393","1166",1,"DEU"
"418","1166",1,"DEU"
"731","1166",1,"DEU"
"1","1167",1,"DEU"
"2","1167",1,"DEU"
"3","1167",1,"DEU"
"4","1167",1,"DEU"
"7","1167",2,"DEU"
"11","1167",1,"DEU"
"13","1167",1,"DEU"
"321","1167",1,"DEU"
"339","1167",1,"DEU"
"379","1167",1,"DEU"
"663","1167",1,"DEU"
"1","1168",1,"DEU"
"3","1168",1,"DEU"
"4","1168",1,"DEU"
"10","1168",1,"DEU"
"26","1168",1,"DEU"
"65","1168",1,"DEU"
"70","1168",1,"DEU"
"80","1168",1,"DEU"
"250","1168",1,"DEU"
"574","1168",1,"DEU"
"8","1169",2,"DEU"
"10","1169",1,"DEU"
"11","1169",1,"DEU"
"15","1169",1,"DEU"
"20","1169",2,"DEU"
"97","1169",1,"DEU"
"539","1169",1,"DEU"
"10","1170",1,"DEU"
"15","1170",1,"DEU"
"17","1170",1,"DEU"
"24","1170",1,"DEU"
"31","1170",1,"DEU"
"32","1170",1,"DEU"
"45","1170",1,"DEU"
"166","1170",2,"DEU"
"820","1170",1,"DEU"
"1","1171",1,"DEU"
"2","1171",3,"DEU"
"7","1171",2,"DEU"
"9","1171",1,"DEU"
"15","1171",2,"DEU"
"3","1172",1,"DEU"
"9","1172",1,"DEU"
"15","1172",1,"DEU"
"18","1172",1,"DEU"
"34","1172",1,"DEU"
"37","1172",1,"DEU"
"756","1172",1,"DEU"
"1","1173",1,"DEU"
"2","1173",2,"DEU"
"12","1173",2,"DEU"
"30","1173",1,"DEU"
"74","1173",1,"DEU"
"76","1173",1,"DEU"
"254","1173",1,"DEU"
"886","1173",1,"DEU"
"1040","1173",1,"DEU"
"1148","1173",1,"DEU"
"3","1174",1,"DEU"
"12","1174",1,"DEU"
"46","1174",1,"DEU"
"105","1174",1,"DEU"
"320","1174",1,"DEU"
"1","1175",1,"DEU"
"2","1175",2,"DEU"
"4","1175",2,"DEU"
"15","1175",3,"DEU"
"22","1175",3,"DEU"
"39","1175",1,"DEU"
"1","1176",1,"DEU"
"3","1176",1,"DEU"
"4","1176",1,"DEU"
"6","1176",1,"DEU"
"10","1176",1,"DEU"
"18","1176",1,"DEU"
"39","1176",1,"DEU"
"47","1176",1,"DEU"
"113","1176",1,"DEU"
"168","1176",1,"DEU"
"543","1176",1,"DEU"
"1075","1176",1,"DEU"
"1076","1176",1,"DEU"
"11","1177",1,"DEU"
"12","1177",1,"DEU"
"36","1177",2,"DEU"
"58","1177",1,"DEU"
"63","1177",1,"DEU"
"80","1177",1,"DEU"
"85","1177",1,"DEU"
"99","1177",1,"DEU"
"107","1177",1,"DEU"
"811","1177",1,"DEU"
"908","1177",1,"DEU"
"1","1178",4,"DEU"
"2","1178",2,"DEU"
"4","1178",1,"DEU"
"24","1178",1,"DEU"
"102","1178",1,"DEU"
"160","1178",1,"DEU"
"197","1178",1,"DEU"
"1021","1178",1,"DEU"
"2","1179",1,"DEU"
"3","1179",1,"DEU"
"5","1179",1,"DEU"
"7","1179",3,"DEU"
"8","1179",1,"DEU"
"12","1179",1,"DEU"
"18","1179",1,"DEU"
"34","1179",1,"DEU"
"112","1179",1,"DEU"
"3","1180",1,"DEU"
"9","1180",1,"DEU"
"18","1180",2,"DEU"
"19","1180",1,"DEU"
"21","1180",1,"DEU"
"44","1180",1,"DEU"
"62","1180",1,"DEU"
"63","1180",1,"DEU"
"133","1180",1,"DEU"
"335","1180",1,"DEU"
"407","1180",1,"DEU"
"585","1180",1,"DEU"
"2","1181",1,"DEU"
"9","1181",5,"DEU"
"15","1181",1,"DEU"
"97","1181",1,"DEU"
"158","1181",1,"DEU"
"618","1181",1,"DEU"
"678","1181",1,"DEU"
"1113","1181",1,"DEU"
"3","1182",1,"DEU"
"8","1182",2,"DEU"
"18","1182",2,"DEU"
"20","1182",1,"DEU"
"141","1182",1,"DEU"
"254","1182",1,"DEU"
"1099","1182",1,"DEU"
"1","1183",1,"DEU"
"3","1183",1,"DEU"
"6","1183",1,"DEU"
"32","1183",1,"DEU"
"63","1183",1,"DEU"
"267","1183",1,"DEU"
"390","1183",1,"DEU"
"403","1183",1,"DEU"
"627","1183",1,"DEU"
"1102","1183",1,"DEU"
"1176","1183",1,"DEU"
"1","1184",1,"DEU"
"3","1184",1,"DEU"
"22","1184",1,"DEU"
"27","1184",1,"DEU"
"61","1184",1,"DEU"
"87","1184",1,"DEU"
"166","1184",1,"DEU"
"313","1184",1,"DEU"
"840","1184",1,"DEU"
"3","1185",1,"DEU"
"6","1185",1,"DEU"
"7","1185",1,"DEU"
"15","1185",4,"DEU"
"25","1185",1,"DEU"
"371","1185",1,"DEU"
"393","1185",1,"DEU"
"403","1185",1,"DEU"
"1","1186",1,"DEU"
"15","1186",1,"DEU"
"17","1186",1,"DEU"
"53","1186",1,"DEU"
"66","1186",1,"DEU"
"86","1186",1,"DEU"
"375","1186",1,"DEU"
"506","1186",1,"DEU"
"845","1186",1,"DEU"
"1057","1186",1,"DEU"
"1076","1186",1,"DEU"
"1174","1186",1,"DEU"
"1","1187",1,"DEU"
"2","1187",2,"DEU"
"58","1187",1,"DEU"
"165","1187",1,"DEU"
"874","1187",1,"DEU"
"3","1188",1,"DEU"
"4","1188",1,"DEU"
"7","1188",2,"DEU"
"35","1188",1,"DEU"
"48","1188",1,"DEU"
"63","1188",1,"DEU"
"1023","1188",1,"DEU"
"6","1189",1,"DEU"
"14","1189",1,"DEU"
"29","1189",1,"DEU"
"37","1189",1,"DEU"
"51","1189",1,"DEU"
"92","1189",1,"DEU"
"235","1189",1,"DEU"
"618","1189",1,"DEU"
"667","1189",1,"DEU"
"1","1190",1,"DEU"
"3","1190",1,"DEU"
"4","1190",2,"DEU"
"10","1190",1,"DEU"
"63","1190",1,"DEU"
"216","1190",1,"DEU"
"353","1190",1,"DEU"
"439","1190",1,"DEU"
"903","1190",1,"DEU"
"1","1191",1,"DEU"
"2","1191",3,"DEU"
"4","1191",1,"DEU"
"7","1191",1,"DEU"
"17","1191",1,"DEU"
"67","1191",1,"DEU"
"74","1191",1,"DEU"
"93","1191",1,"DEU"
"150","1191",1,"DEU"
"262","1191",1,"DEU"
"388","1191",1,"DEU"
"618","1191",1,"DEU"
"2","1192",2,"DEU"
"3","1192",1,"DEU"
"12","1192",1,"DEU"
"14","1192",1,"DEU"
"19","1192",1,"DEU"
"21","1192",1,"DEU"
"100","1192",1,"DEU"
"362","1192",1,"DEU"
"1145","1192",1,"DEU"
"3","1193",1,"DEU"
"13","1193",1,"DEU"
"20","1193",3,"DEU"
"34","1193",1,"DEU"
"58","1193",1,"DEU"
"64","1193",1,"DEU"
"89","1193",1,"DEU"
"1","1194",1,"DEU"
"2","1194",1,"DEU"
"4","1194",1,"DEU"
"10","1194",1,"DEU"
"22","1194",2,"DEU"
"44","1194",1,"DEU"
"127","1194",1,"DEU"
"336","1194",1,"DEU"
"360","1194",1,"DEU"
"476","1194",1,"DEU"
"991","1194",1,"DEU"
"1","1195",3,"DEU"
"3","1195",2,"DEU"
"13","1195",2,"DEU"
"63","1195",1,"DEU"
"93","1195",1,"DEU"
"475","1195",1,"DEU"
"713","1195",1,"DEU"
"3","1196",1,"DEU"
"12","1196",1,"DEU"
"18","1196",1,"DEU"
"25","1196",1,"DEU"
"115","1196",1,"DEU"
"147","1196",1,"DEU"
"168","1196",1,"DEU"
"268","1196",1,"DEU"
"1","1197",2,"DEU"
"2","1197",4,"DEU"
"4","1197",1,"DEU"
"19","1197",1,"DEU"
"39","1197",1,"DEU"
"42","1197",1,"DEU"
"85","1197",1,"DEU"
"89","1197",1,"DEU"
"237","1197",1,"DEU"
"1","1198",1,"DEU"
"6","1198",4,"DEU"
"12","1198",1,"DEU"
"21","1198",4,"DEU"
"66","1198",1,"DEU"
"3","1199",2,"DEU"
"4","1199",2,"DEU"
"7","1199",1,"DEU"
"10","1199",2,"DEU"
"21","1199",1,"DEU"
"155","1199",1,"DEU"
"342","1199",1,"DEU"
"1121","1199",1,"DEU"
"12","1200",1,"DEU"
"39","1200",1,"DEU"
"42","1200",1,"DEU"
"102","1200",1,"DEU"
"114","1200",1,"DEU"
"264","1200",1,"DEU"
"883","1200",1,"DEU"
"1085","1200",1,"DEU"
"3","1201",1,"DEU"
"4","1201",4,"DEU"
"7","1201",1,"DEU"
"15","1201",1,"DEU"
"1","1202",1,"DEU"
"26","1202",1,"DEU"
"38","1202",1,"DEU"
"42","1202",1,"DEU"
"64","1202",1,"DEU"
"97","1202",1,"DEU"
"215","1202",1,"DEU"
"1","1203",1,"DEU"
"2","1203",4,"DEU"
"11","1203",1,"DEU"
"12","1203",1,"DEU"
"22","1203",2,"DEU"
"25","1203",2,"DEU"
"29","1203",1,"DEU"
"63","1203",1,"DEU"
"2","1204",1,"DEU"
"4","1204",1,"DEU"
"22","1204",1,"DEU"
"73","1204",1,"DEU"
"110","1204",1,"DEU"
"132","1204",1,"DEU"
"147","1204",1,"DEU"
"247","1204",1,"DEU"
"254","1204",1,"DEU"
"534","1204",1,"DEU"
"2","1205",4,"DEU"
"7","1205",1,"DEU"
"11","1205",1,"DEU"
"24","1205",1,"DEU"
"3","1206",2,"DEU"
"6","1206",1,"DEU"
"9","1206",5,"DEU"
"25","1206",1,"DEU"
"34","1206",1,"DEU"
"175","1206",1,"DEU"
"473","1206",1,"DEU"
"824","1206",1,"DEU"
"10","1207",1,"DEU"
"11","1207",1,"DEU"
"62","1207",3,"DEU"
"103","1207",1,"DEU"
"138","1207",1,"DEU"
"192","1207",1,"DEU"
"343","1207",1,"DEU"
"865","1207",1,"DEU"
"889","1207",1,"DEU"
"1147","1207",1,"DEU"
"1","1208",1,"DEU"
"4","1208",2,"DEU"
"6","1208",1,"DEU"
"71","1208",1,"DEU"
"73","1208",1,"DEU"
"779","1208",1,"DEU"
"1175","1208",1,"DEU"
"3","1209",1,"DEU"
"19","1209",1,"DEU"
"42","1209",1,"DEU"
"53","1209",1,"DEU"
"55","1209",1,"DEU"
"304","1209",1,"DEU"
"375","1209",1,"DEU"
"577","1209",1,"DEU"
"1","1210",1,"DEU"
"3","1210",2,"DEU"
"8","1210",2,"DEU"
"27","1210",1,"DEU"
"177","1210",1,"DEU"
"237","1210",1,"DEU"
"1016","1210",1,"DEU"
"1161","1210",1,"DEU"
"1","1211",1,"DEU"
"9","1211",1,"DEU"
"27","1211",2,"DEU"
"28","1211",2,"DEU"
"51","1211",1,"DEU"
"87","1211",1,"DEU"
"118","1211",1,"DEU"
"413","1211",1,"DEU"
"698","1211",1,"DEU"
"1","1212",1,"DEU"
"2","1212",5,"DEU"
"10","1212",1,"DEU"
"19","1212",1,"DEU"
"506","1212",1,"DEU"
"1","1213",1,"DEU"
"2","1213",1,"DEU"
"9","1213",3,"DEU"
"15","1213",1,"DEU"
"20","1213",1,"DEU"
"30","1213",1,"DEU"
"92","1213",1,"DEU"
"193","1213",1,"DEU"
"228","1213",1,"DEU"
"454","1213",1,"DEU"
"8","1214",1,"DEU"
"16","1214",1,"DEU"
"27","1214",1,"DEU"
"41","1214",1,"DEU"
"50","1214",2,"DEU"
"53","1214",1,"DEU"
"126","1214",1,"DEU"
"233","1214",1,"DEU"
"311","1214",1,"DEU"
"715","1214",1,"DEU"
"929","1214",1,"DEU"
"1","1215",1,"DEU"
"2","1215",2,"DEU"
"20","1215",2,"DEU"
"27","1215",1,"DEU"
"50","1215",1,"DEU"
"155","1215",1,"DEU"
"273","1215",1,"DEU"
"1109","1215",1,"DEU"
"1","1216",4,"DEU"
"2","1216",2,"DEU"
"11","1216",1,"DEU"
"12","1216",1,"DEU"
"15","1216",1,"DEU"
"274","1216",1,"DEU"
"825","1216",1,"DEU"
"1205","1216",1,"DEU"
"3","1217",1,"DEU"
"4","1217",1,"DEU"
"8","1217",1,"DEU"
"30","1217",1,"DEU"
"41","1217",1,"DEU"
"70","1217",1,"DEU"
"92","1217",1,"DEU"
"124","1217",1,"DEU"
"166","1217",1,"DEU"
"226","1217",2,"DEU"
"310","1217",1,"DEU"
"1","1218",1,"DEU"
"2","1218",1,"DEU"
"3","1218",1,"DEU"
"7","1218",1,"DEU"
"12","1218",1,"DEU"
"13","1218",1,"DEU"
"33","1218",1,"DEU"
"100","1218",1,"DEU"
"110","1218",1,"DEU"
"160","1218",1,"DEU"
"915","1218",1,"DEU"
"2","1219",1,"DEU"
"5","1219",1,"DEU"
"10","1219",1,"DEU"
"13","1219",1,"DEU"
"18","1219",1,"DEU"
"51","1219",1,"DEU"
"56","1219",2,"DEU"
"79","1219",1,"DEU"
"251","1219",1,"DEU"
"451","1219",1,"DEU"
"871","1219",1,"DEU"
"1","1220",1,"DEU"
"3","1220",1,"DEU"
"8","1220",1,"DEU"
"14","1220",1,"DEU"
"16","1220",4,"DEU"
"19","1220",2,"DEU"
"28","1220",1,"DEU"
"51","1220",1,"DEU"
"201","1220",1,"DEU"
"222","1220",1,"DEU"
"34","1221",1,"DEU"
"36","1221",1,"DEU"
"69","1221",1,"DEU"
"179","1221",1,"DEU"
"670","1221",1,"DEU"
"1","1222",2,"DEU"
"2","1222",2,"DEU"
"12","1222",1,"DEU"
"15","1222",1,"DEU"
"256","1222",1,"DEU"
"390","1222",1,"DEU"
"1116","1222",1,"DEU"
"1","1223",2,"DEU"
"2","1223",4,"DEU"
"3","1223",1,"DEU"
"4","1223",1,"DEU"
"19","1223",1,"DEU"
"90","1223",1,"DEU"
"361","1223",1,"DEU"
"487","1223",1,"DEU"
"3","1224",1,"DEU"
"4","1224",2,"DEU"
"7","1224",2,"DEU"
"22","1224",1,"DEU"
"37","1224",1,"DEU"
"42","1224",2,"DEU"
"194","1224",1,"DEU"
"215","1224",1,"DEU"
"321","1224",1,"DEU"
"633","1224",1,"DEU"
"1150","1224",1,"DEU"
"1","1225",1,"DEU"
"2","1225",1,"DEU"
"3","1225",1,"DEU"
"4","1225",1,"DEU"
"55","1225",1,"DEU"
"57","1225",1,"DEU"
"242","1225",1,"DEU"
"646","1225",1,"DEU"
"842","1225",1,"DEU"
"871","1225",1,"DEU"
"2","1226",1,"DEU"
"4","1226",1,"DEU"
"11","1226",1,"DEU"
"14","1226",1,"DEU"
"21","1226",1,"DEU"
"62","1226",1,"DEU"
"134","1226",1,"DEU"
"174","1226",1,"DEU"
"506","1226",1,"DEU"
"4","1227",1,"DEU"
"14","1227",1,"DEU"
"33","1227",2,"DEU"
"69","1227",1,"DEU"
"937","1227",4,"DEU"
"1107","1227",1,"DEU"
"1","1228",2,"DEU"
"8","1228",1,"DEU"
"17","1228",3,"DEU"
"139","1228",1,"DEU"
"216","1228",1,"DEU"
"375","1228",1,"DEU"
"623","1228",2,"DEU"
"2","1229",2,"DEU"
"4","1229",3,"DEU"
"7","1229",1,"DEU"
"13","1229",1,"DEU"
"62","1229",1,"DEU"
"396","1229",1,"DEU"
"402","1229",1,"DEU"
"474","1229",1,"DEU"
"480","1229",1,"DEU"
"1","1230",2,"DEU"
"2","1230",5,"DEU"
"36","1230",6,"DEU"
"739","1230",1,"DEU"
"12","1231",1,"DEU"
"23","1231",1,"DEU"
"77","1231",1,"DEU"
"135","1231",1,"DEU"
"281","1231",1,"DEU"
"406","1231",1,"DEU"
"605","1231",1,"DEU"
"1","1232",1,"DEU"
"2","1232",1,"DEU"
"4","1232",1,"DEU"
"48","1232",2,"DEU"
"65","1232",1,"DEU"
"85","1232",1,"DEU"
"107","1232",2,"DEU"
"113","1232",1,"DEU"
"216","1232",1,"DEU"
"574","1232",1,"DEU"
"1","1233",2,"DEU"
"2","1233",1,"DEU"
"5","1233",1,"DEU"
"10","1233",1,"DEU"
"12","1233",1,"DEU"
"20","1233",1,"DEU"
"25","1233",1,"DEU"
"72","1233",1,"DEU"
"132","1233",1,"DEU"
"603","1233",1,"DEU"
"722","1233",1,"DEU"
"1202","1233",1,"DEU"
"1","1234",2,"DEU"
"2","1234",2,"DEU"
"3","1234",1,"DEU"
"4","1234",1,"DEU"
"5","1234",1,"DEU"
"9","1234",1,"DEU"
"10","1234",2,"DEU"
"92","1234",1,"DEU"
"859","1234",1,"DEU"
"1","1235",1,"DEU"
"2","1235",2,"DEU"
"7","1235",1,"DEU"
"15","1235",1,"DEU"
"20","1235",1,"DEU"
"26","1235",1,"DEU"
"65","1235",1,"DEU"
"85","1235",1,"DEU"
"802","1235",1,"DEU"
"909","1235",1,"DEU"
"3","1236",1,"DEU"
"29","1236",1,"DEU"
"56","1236",1,"DEU"
"83","1236",1,"DEU"
"141","1236",1,"DEU"
"212","1236",1,"DEU"
"238","1236",1,"DEU"
"297","1236",1,"DEU"
"580","1236",1,"DEU"
"664","1236",1,"DEU"
"686","1236",1,"DEU"
"3","1237",1,"DEU"
"14","1237",1,"DEU"
"30","1237",1,"DEU"
"36","1237",1,"DEU"
"59","1237",1,"DEU"
"75","1237",1,"DEU"
"120","1237",1,"DEU"
"135","1237",1,"DEU"
"300","1237",1,"DEU"
"325","1237",1,"DEU"
"380","1237",1,"DEU"
"395","1237",1,"DEU"
"664","1237",1,"DEU"
"1","1238",1,"DEU"
"2","1238",3,"DEU"
"6","1238",1,"DEU"
"22","1238",1,"DEU"
"39","1238",1,"DEU"
"73","1238",1,"DEU"
"97","1238",1,"DEU"
"310","1238",1,"DEU"
"471","1238",1,"DEU"
"1","1239",2,"DEU"
"2","1239",4,"DEU"
"3","1239",3,"DEU"
"11","1239",1,"DEU"
"30","1239",1,"DEU"
"59","1239",1,"DEU"
"2","1240",3,"DEU"
"7","1240",1,"DEU"
"9","1240",1,"DEU"
"156","1240",1,"DEU"
"276","1240",1,"DEU"
"417","1240",1,"DEU"
"464","1240",1,"DEU"
"646","1240",1,"DEU"
"1091","1240",1,"DEU"
"3","1241",2,"DEU"
"12","1241",1,"DEU"
"36","1241",5,"DEU"
"147","1241",1,"DEU"
"284","1241",1,"DEU"
"4","1242",4,"DEU"
"15","1242",1,"DEU"
"40","1242",2,"DEU"
"60","1242",1,"DEU"
"140","1242",1,"DEU"
"976","1242",1,"DEU"
"1136","1242",1,"DEU"
"1142","1242",1,"DEU"
"1","1243",4,"DEU"
"3","1243",1,"DEU"
"12","1243",1,"DEU"
"13","1243",2,"DEU"
"26","1243",1,"DEU"
"85","1243",1,"DEU"
"1","1244",2,"DEU"
"3","1244",1,"DEU"
"18","1244",1,"DEU"
"70","1244",1,"DEU"
"85","1244",1,"DEU"
"121","1244",1,"DEU"
"279","1244",1,"DEU"
"548","1244",1,"DEU"
"1","1245",4,"DEU"
"10","1245",1,"DEU"
"58","1245",1,"DEU"
"250","1245",1,"DEU"
"558","1245",1,"DEU"
"863","1245",1,"DEU"
"3","1246",2,"DEU"
"11","1246",1,"DEU"
"17","1246",2,"DEU"
"35","1246",1,"DEU"
"40","1246",1,"DEU"
"51","1246",1,"DEU"
"54","1246",1,"DEU"
"92","1246",1,"DEU"
"190","1246",1,"DEU"
"387","1246",1,"DEU"
"432","1246",1,"DEU"
"1","1247",1,"DEU"
"2","1247",1,"DEU"
"30","1247",1,"DEU"
"35","1247",1,"DEU"
"44","1247",1,"DEU"
"67","1247",1,"DEU"
"91","1247",1,"DEU"
"522","1247",1,"DEU"
"633","1247",1,"DEU"
"899","1247",1,"DEU"
"1097","1247",1,"DEU"
"1","1248",3,"DEU"
"17","1248",1,"DEU"
"22","1248",1,"DEU"
"35","1248",1,"DEU"
"87","1248",1,"DEU"
"114","1248",1,"DEU"
"185","1248",1,"DEU"
"190","1248",1,"DEU"
"653","1248",1,"DEU"
"1167","1248",1,"DEU"
"1","1249",1,"DEU"
"2","1249",1,"DEU"
"3","1249",3,"DEU"
"10","1249",1,"DEU"
"18","1249",1,"DEU"
"25","1249",1,"DEU"
"36","1249",1,"DEU"
"54","1249",1,"DEU"
"104","1249",1,"DEU"
"474","1249",1,"DEU"
"628","1249",1,"DEU"
"4","1250",1,"DEU"
"40","1250",1,"DEU"
"60","1250",1,"DEU"
"135","1250",1,"DEU"
"160","1250",1,"DEU"
"273","1250",1,"DEU"
"350","1250",1,"DEU"
"6","1251",2,"DEU"
"8","1251",1,"DEU"
"30","1251",1,"DEU"
"181","1251",1,"DEU"
"289","1251",1,"DEU"
"298","1251",1,"DEU"
"546","1251",1,"DEU"
"847","1251",1,"DEU"
"1","1252",1,"DEU"
"2","1252",4,"DEU"
"15","1252",1,"DEU"
"18","1252",3,"DEU"
"32","1252",1,"DEU"
"113","1252",1,"DEU"
"133","1252",1,"DEU"
"218","1252",1,"DEU"
"2","1253",1,"DEU"
"3","1253",1,"DEU"
"7","1253",1,"DEU"
"15","1253",2,"DEU"
"20","1253",1,"DEU"
"64","1253",1,"DEU"
"165","1253",1,"DEU"
"765","1253",1,"DEU"
"788","1253",1,"DEU"
"6","1254",1,"DEU"
"10","1254",1,"DEU"
"18","1254",1,"DEU"
"19","1254",1,"DEU"
"31","1254",1,"DEU"
"53","1254",1,"DEU"
"59","1254",1,"DEU"
"67","1254",1,"DEU"
"93","1254",1,"DEU"
"638","1254",1,"DEU"
"30","1255",1,"DEU"
"69","1255",1,"DEU"
"110","1255",1,"DEU"
"285","1255",1,"DEU"
"881","1255",1,"DEU"
"1252","1255",1,"DEU"
"24","1256",1,"DEU"
"28","1256",1,"DEU"
"52","1256",1,"DEU"
"75","1256",1,"DEU"
"89","1256",1,"DEU"
"313","1256",1,"DEU"
"376","1256",1,"DEU"
"570","1256",1,"DEU"
"788","1256",1,"DEU"
"1","1257",1,"DEU"
"6","1257",1,"DEU"
"11","1257",1,"DEU"
"13","1257",1,"DEU"
"59","1257",1,"DEU"
"93","1257",1,"DEU"
"111","1257",1,"DEU"
"133","1257",1,"DEU"
"795","1257",1,"DEU"
"6","1258",2,"DEU"
"11","1258",1,"DEU"
"18","1258",4,"DEU"
"141","1258",1,"DEU"
"153","1258",1,"DEU"
"689","1258",1,"DEU"
"1","1259",1,"DEU"
"4","1259",1,"DEU"
"9","1259",1,"DEU"
"83","1259",1,"DEU"
"196","1259",1,"DEU"
"211","1259",1,"DEU"
"555","1259",1,"DEU"
"730","1259",1,"DEU"
"8","1260",3,"DEU"
"11","1260",1,"DEU"
"13","1260",1,"DEU"
"30","1260",2,"DEU"
"118","1260",1,"DEU"
"184","1260",1,"DEU"
"425","1260",1,"DEU"
"789","1260",1,"DEU"
"1","1261",1,"DEU"
"2","1261",1,"DEU"
"4","1261",2,"DEU"
"9","1261",1,"DEU"
"85","1261",1,"DEU"
"127","1261",2,"DEU"
"150","1261",1,"DEU"
"1","1262",4,"DEU"
"2","1262",1,"DEU"
"13","1262",1,"DEU"
"114","1262",1,"DEU"
"133","1262",1,"DEU"
"155","1262",1,"DEU"
"528","1262",1,"DEU"
"1","1263",1,"DEU"
"2","1263",2,"DEU"
"4","1263",1,"DEU"
"8","1263",2,"DEU"
"11","1263",1,"DEU"
"15","1263",1,"DEU"
"25","1263",1,"DEU"
"69","1263",1,"DEU"
"578","1263",1,"DEU"
"881","1263",1,"DEU"
"8","1264",1,"DEU"
"13","1264",1,"DEU"
"37","1264",1,"DEU"
"44","1264",1,"DEU"
"62","1264",1,"DEU"
"169","1264",1,"DEU"
"213","1264",1,"DEU"
"222","1264",1,"DEU"
"382","1264",2,"DEU"
"676","1264",1,"DEU"
"4","1265",1,"DEU"
"8","1265",1,"DEU"
"25","1265",1,"DEU"
"90","1265",1,"DEU"
"196","1265",1,"DEU"
"233","1265",1,"DEU"
"367","1265",1,"DEU"
"2","1266",1,"DEU"
"4","1266",2,"DEU"
"11","1266",1,"DEU"
"115","1266",1,"DEU"
"257","1266",1,"DEU"
"346","1266",1,"DEU"
"384","1266",1,"DEU"
"697","1266",1,"DEU"
"875","1266",1,"DEU"
"1","1267",1,"DEU"
"32","1267",1,"DEU"
"76","1267",1,"DEU"
"81","1267",1,"DEU"
"161","1267",1,"DEU"
"211","1267",2,"DEU"
"351","1267",1,"DEU"
"783","1267",1,"DEU"
"3","1268",1,"DEU"
"76","1268",1,"DEU"
"110","1268",1,"DEU"
"131","1268",1,"DEU"
"210","1268",1,"DEU"
"220","1268",1,"DEU"
"340","1268",1,"DEU"
"422","1268",1,"DEU"
"516","1268",1,"DEU"
"900","1268",1,"DEU"
"1029","1268",1,"DEU"
"2","1269",1,"DEU"
"10","1269",1,"DEU"
"21","1269",1,"DEU"
"112","1269",1,"DEU"
"192","1269",1,"DEU"
"302","1269",1,"DEU"
"507","1269",1,"DEU"
"526","1269",1,"DEU"
"1077","1269",1,"DEU"
"1179","1269",1,"DEU"
"3","1270",2,"DEU"
"10","1270",1,"DEU"
"161","1270",1,"DEU"
"236","1270",1,"DEU"
"375","1270",1,"DEU"
"404","1270",1,"DEU"
"853","1270",1,"DEU"
"882","1270",1,"DEU"
"12","1271",3,"DEU"
"31","1271",1,"DEU"
"97","1271",1,"DEU"
"218","1271",2,"DEU"
"2","1272",3,"DEU"
"12","1272",1,"DEU"
"15","1272",1,"DEU"
"26","1272",1,"DEU"
"35","1272",1,"DEU"
"169","1272",1,"DEU"
"276","1272",1,"DEU"
"2","1273",2,"DEU"
"3","1273",1,"DEU"
"26","1273",1,"DEU"
"28","1273",3,"DEU"
"51","1273",1,"DEU"
"3","1274",1,"DEU"
"8","1274",1,"DEU"
"18","1274",1,"DEU"
"42","1274",1,"DEU"
"59","1274",2,"DEU"
"227","1274",1,"DEU"
"331","1274",1,"DEU"
"444","1274",1,"DEU"
"1","1275",1,"DEU"
"6","1275",1,"DEU"
"15","1275",1,"DEU"
"24","1275",1,"DEU"
"47","1275",1,"DEU"
"49","1275",1,"DEU"
"57","1275",1,"DEU"
"59","1275",1,"DEU"
"1260","1275",1,"DEU"
"1","1276",1,"DEU"
"10","1276",1,"DEU"
"22","1276",1,"DEU"
"35","1276",1,"DEU"
"71","1276",1,"DEU"
"142","1276",1,"DEU"
"331","1276",1,"DEU"
"2","1277",1,"DEU"
"7","1277",1,"DEU"
"10","1277",1,"DEU"
"26","1277",1,"DEU"
"40","1277",1,"DEU"
"44","1277",1,"DEU"
"140","1277",1,"DEU"
"165","1277",1,"DEU"
"542","1277",1,"DEU"
"11","1278",1,"DEU"
"13","1278",1,"DEU"
"19","1278",1,"DEU"
"22","1278",1,"DEU"
"35","1278",1,"DEU"
"90","1278",1,"DEU"
"137","1278",1,"DEU"
"150","1278",1,"DEU"
"537","1278",1,"DEU"
"630","1278",1,"DEU"
"825","1278",1,"DEU"
"3","1279",2,"DEU"
"36","1279",1,"DEU"
"97","1279",1,"DEU"
"1016","1279",2,"DEU"
"1","1280",1,"DEU"
"37","1280",1,"DEU"
"154","1280",1,"DEU"
"162","1280",1,"DEU"
"251","1280",1,"DEU"
"456","1280",1,"DEU"
"483","1280",1,"DEU"
"488","1280",1,"DEU"
"1060","1280",1,"DEU"
"2","1281",2,"DEU"
"7","1281",1,"DEU"
"20","1281",1,"DEU"
"34","1281",1,"DEU"
"38","1281",1,"DEU"
"60","1281",1,"DEU"
"257","1281",1,"DEU"
"1","1282",1,"DEU"
"2","1282",2,"DEU"
"9","1282",1,"DEU"
"47","1282",1,"DEU"
"71","1282",1,"DEU"
"80","1282",1,"DEU"
"578","1282",1,"DEU"
"3","1283",1,"DEU"
"20","1283",1,"DEU"
"36","1283",1,"DEU"
"62","1283",1,"DEU"
"69","1283",1,"DEU"
"122","1283",1,"DEU"
"176","1283",1,"DEU"
"378","1283",1,"DEU"
"925","1283",1,"DEU"
"2","1284",2,"DEU"
"3","1284",1,"DEU"
"13","1284",1,"DEU"
"46","1284",1,"DEU"
"63","1284",1,"DEU"
"77","1284",1,"DEU"
"799","1284",1,"DEU"
"3","1285",1,"DEU"
"43","1285",1,"DEU"
"88","1285",2,"DEU"
"90","1285",1,"DEU"
"108","1285",1,"DEU"
"473","1285",1,"DEU"
"1193","1285",1,"DEU"
"2","1286",3,"DEU"
"71","1286",1,"DEU"
"72","1286",2,"DEU"
"132","1286",1,"DEU"
"374","1286",1,"DEU"
"784","1286",1,"DEU"
"982","1286",1,"DEU"
"3","1287",3,"DEU"
"4","1287",1,"DEU"
"6","1287",1,"DEU"
"166","1287",1,"DEU"
"617","1287",1,"DEU"
"697","1287",1,"DEU"
"757","1287",1,"DEU"
"1","1288",3,"DEU"
"2","1288",1,"DEU"
"14","1288",1,"DEU"
"22","1288",2,"DEU"
"35","1288",1,"DEU"
"85","1288",1,"DEU"
"99","1288",1,"DEU"
"271","1288",1,"DEU"
"1","1289",3,"DEU"
"3","1289",1,"DEU"
"4","1289",1,"DEU"
"14","1289",1,"DEU"
"62","1289",1,"DEU"
"63","1289",1,"DEU"
"73","1289",1,"DEU"
"269","1289",1,"DEU"
"589","1289",1,"DEU"
"2","1290",3,"DEU"
"3","1290",1,"DEU"
"5","1290",1,"DEU"
"12","1290",1,"DEU"
"20","1290",1,"DEU"
"26","1290",1,"DEU"
"552","1290",1,"DEU"
"1165","1290",1,"DEU"
"2","1291",3,"DEU"
"9","1291",1,"DEU"
"19","1291",1,"DEU"
"32","1291",1,"DEU"
"34","1291",1,"DEU"
"63","1291",2,"DEU"
"5","1292",1,"DEU"
"12","1292",1,"DEU"
"13","1292",1,"DEU"
"25","1292",4,"DEU"
"53","1292",1,"DEU"
"254","1292",1,"DEU"
"30","1293",1,"DEU"
"60","1293",1,"DEU"
"69","1293",1,"DEU"
"109","1293",1,"DEU"
"373","1293",1,"DEU"
"848","1293",1,"DEU"
"1","1294",1,"DEU"
"4","1294",1,"DEU"
"13","1294",2,"DEU"
"81","1294",1,"DEU"
"219","1294",1,"DEU"
"811","1294",1,"DEU"
"1","1295",1,"DEU"
"30","1295",2,"DEU"
"35","1295",1,"DEU"
"737","1295",4,"DEU"
"1","1296",2,"DEU"
"2","1296",1,"DEU"
"4","1296",2,"DEU"
"12","1296",1,"DEU"
"15","1296",1,"DEU"
"39","1296",1,"DEU"
"63","1296",2,"DEU"
"1205","1296",1,"DEU"
"1","1297",1,"DEU"
"2","1297",1,"DEU"
"4","1297",1,"DEU"
"19","1297",1,"DEU"
"29","1297",1,"DEU"
"36","1297",1,"DEU"
"72","1297",1,"DEU"
"3","1298",1,"DEU"
"15","1298",1,"DEU"
"37","1298",1,"DEU"
"304","1298",1,"DEU"
"370","1298",1,"DEU"
"1","1299",1,"DEU"
"2","1299",2,"DEU"
"3","1299",1,"DEU"
"10","1299",1,"DEU"
"26","1299",2,"DEU"
"34","1299",1,"DEU"
"216","1299",1,"DEU"
"971","1299",1,"DEU"
"1","1300",3,"DEU"
"7","1300",1,"DEU"
"10","1300",1,"DEU"
"17","1300",2,"DEU"
"25","1300",1,"DEU"
"70","1300",1,"DEU"
"484","1300",1,"DEU"
"6","1301",1,"DEU"
"17","1301",1,"DEU"
"19","1301",1,"DEU"
"22","1301",1,"DEU"
"35","1301",1,"DEU"
"62","1301",1,"DEU"
"117","1301",1,"DEU"
"130","1301",1,"DEU"
"153","1301",1,"DEU"
"180","1301",1,"DEU"
"345","1301",1,"DEU"
"10","1302",1,"DEU"
"13","1302",1,"DEU"
"47","1302",1,"DEU"
"168","1302",1,"DEU"
"193","1302",1,"DEU"
"309","1302",1,"DEU"
"638","1302",1,"DEU"
"1141","1302",1,"DEU"
"1","1303",1,"DEU"
"2","1303",1,"DEU"
"3","1303",2,"DEU"
"12","1303",2,"DEU"
"14","1303",1,"DEU"
"18","1303",1,"DEU"
"39","1303",1,"DEU"
"165","1303",1,"DEU"
"280","1303",1,"DEU"
"4","1304",2,"DEU"
"6","1304",1,"DEU"
"7","1304",1,"DEU"
"11","1304",1,"DEU"
"20","1304",1,"DEU"
"38","1304",2,"DEU"
"397","1304",1,"DEU"
"503","1304",1,"DEU"
"4","1305",3,"DEU"
"30","1305",2,"DEU"
"62","1305",1,"DEU"
"195","1305",1,"DEU"
"313","1305",1,"DEU"
"1169","1305",1,"DEU"
"2","1306",3,"DEU"
"4","1306",1,"DEU"
"7","1306",2,"DEU"
"15","1306",1,"DEU"
"456","1306",1,"DEU"
"620","1306",1,"DEU"
"1","1307",1,"DEU"
"2","1307",1,"DEU"
"12","1307",1,"DEU"
"76","1307",1,"DEU"
"159","1307",1,"DEU"
"206","1307",1,"DEU"
"434","1307",1,"DEU"
"472","1307",1,"DEU"
"553","1307",1,"DEU"
"3","1308",1,"DEU"
"4","1308",2,"DEU"
"10","1308",1,"DEU"
"11","1308",1,"DEU"
"42","1308",1,"DEU"
"46","1308",1,"DEU"
"110","1309",6,"DEU"
"1041","1309",6,"DEU"
"15","1310",1,"DEU"
"128","1310",1,"DEU"
"424","1310",1,"DEU"
"3","1311",2,"DEU"
"46","1311",1,"DEU"
"101","1311",1,"DEU"
"164","1311",1,"DEU"
"374","1311",1,"DEU"
"1","1312",1,"DEU"
"2","1312",1,"DEU"
"3","1312",1,"DEU"
"4","1312",1,"DEU"
"6","1312",1,"DEU"
"12","1312",1,"DEU"
"15","1312",1,"DEU"
"20","1312",1,"DEU"
"178","1312",1,"DEU"
"901","1312",1,"DEU"
"1111","1312",1,"DEU"
"1","1313",1,"DEU"
"10","1313",1,"DEU"
"11","1313",1,"DEU"
"27","1313",1,"DEU"
"32","1313",1,"DEU"
"89","1313",1,"DEU"
"124","1313",1,"DEU"
"196","1313",2,"DEU"
"339","1313",1,"DEU"
"3","1314",1,"DEU"
"5","1314",1,"DEU"
"6","1314",1,"DEU"
"48","1314",1,"DEU"
"78","1314",1,"DEU"
"143","1314",1,"DEU"
"167","1314",1,"DEU"
"184","1314",1,"DEU"
"267","1314",1,"DEU"
"715","1314",1,"DEU"
"2","1315",1,"DEU"
"3","1315",1,"DEU"
"5","1315",1,"DEU"
"8","1315",1,"DEU"
"20","1315",1,"DEU"
"21","1315",1,"DEU"
"39","1315",1,"DEU"
"393","1315",1,"DEU"
"4","1316",1,"DEU"
"12","1316",3,"DEU"
"41","1316",1,"DEU"
"55","1316",1,"DEU"
"228","1316",1,"DEU"
"237","1316",1,"DEU"
"446","1316",1,"DEU"
"870","1316",1,"DEU"
"974","1316",1,"DEU"
"7","1317",1,"DEU"
"11","1317",1,"DEU"
"15","1317",1,"DEU"
"40","1317",1,"DEU"
"63","1317",1,"DEU"
"176","1317",1,"DEU"
"648","1317",1,"DEU"
"3","1318",1,"DEU"
"5","1318",1,"DEU"
"7","1318",1,"DEU"
"8","1318",1,"DEU"
"16","1318",1,"DEU"
"22","1318",1,"DEU"
"30","1318",1,"DEU"
"119","1318",1,"DEU"
"442","1318",1,"DEU"
"474","1318",1,"DEU"
"756","1318",1,"DEU"
"1","1319",1,"DEU"
"2","1319",1,"DEU"
"15","1319",1,"DEU"
"48","1319",1,"DEU"
"153","1319",1,"DEU"
"286","1319",1,"DEU"
"9","1320",1,"DEU"
"63","1320",1,"DEU"
"78","1320",1,"DEU"
"137","1320",1,"DEU"
"215","1320",1,"DEU"
"429","1320",1,"DEU"
"648","1320",1,"DEU"
"669","1320",1,"DEU"
"2","1321",1,"DEU"
"11","1321",1,"DEU"
"32","1321",1,"DEU"
"43","1321",1,"DEU"
"104","1321",1,"DEU"
"108","1321",1,"DEU"
"144","1321",1,"DEU"
"556","1321",1,"DEU"
"1","1322",2,"DEU"
"3","1322",1,"DEU"
"4","1322",1,"DEU"
"29","1322",1,"DEU"
"78","1322",1,"DEU"
"114","1322",1,"DEU"
"124","1322",1,"DEU"
"798","1322",1,"DEU"
"1","1323",1,"DEU"
"4","1323",4,"DEU"
"18","1323",1,"DEU"
"29","1323",2,"DEU"
"33","1323",1,"DEU"
"34","1323",1,"DEU"
"83","1323",1,"DEU"
"92","1323",1,"DEU"
"2","1324",1,"DEU"
"8","1324",4,"DEU"
"21","1324",1,"DEU"
"26","1324",1,"DEU"
"32","1324",1,"DEU"
"34","1324",1,"DEU"
"41","1324",1,"DEU"
"116","1324",1,"DEU"
"971","1324",1,"DEU"
"1","1325",2,"DEU"
"2","1325",2,"DEU"
"4","1325",1,"DEU"
"6","1325",1,"DEU"
"22","1325",1,"DEU"
"29","1325",1,"DEU"
"40","1325",1,"DEU"
"73","1325",1,"DEU"
"92","1325",1,"DEU"
"1","1326",1,"DEU"
"8","1326",1,"DEU"
"11","1326",4,"DEU"
"66","1326",1,"DEU"
"150","1326",1,"DEU"
"1062","1326",1,"DEU"
"1088","1326",1,"DEU"
"4","1327",2,"DEU"
"19","1327",1,"DEU"
"48","1327",1,"DEU"
"62","1327",3,"DEU"
"132","1327",2,"DEU"
"176","1327",1,"DEU"
"558","1327",1,"DEU"
"2","1328",1,"DEU"
"3","1328",1,"DEU"
"32","1328",1,"DEU"
"61","1328",1,"DEU"
"68","1328",1,"DEU"
"299","1328",1,"DEU"
"560","1328",1,"DEU"
"901","1328",1,"DEU"
"2","1329",1,"DEU"
"3","1329",2,"DEU"
"6","1329",2,"DEU"
"14","1329",1,"DEU"
"33","1329",1,"DEU"
"96","1329",1,"DEU"
"101","1329",1,"DEU"
"127","1329",1,"DEU"
"230","1329",2,"DEU"
"1","1330",2,"DEU"
"2","1330",2,"DEU"
"6","1330",1,"DEU"
"9","1330",1,"DEU"
"10","1330",1,"DEU"
"11","1330",1,"DEU"
"58","1330",2,"DEU"
"67","1330",1,"DEU"
"335","1330",1,"DEU"
"2","1331",1,"DEU"
"3","1331",1,"DEU"
"4","1331",1,"DEU"
"11","1331",1,"DEU"
"24","1331",1,"DEU"
"56","1331",1,"DEU"
"196","1331",1,"DEU"
"222","1331",1,"DEU"
"310","1331",1,"DEU"
"461","1331",1,"DEU"
"2","1332",1,"DEU"
"3","1332",1,"DEU"
"8","1332",1,"DEU"
"16","1332",1,"DEU"
"26","1332",1,"DEU"
"49","1332",1,"DEU"
"97","1332",1,"DEU"
"332","1332",1,"DEU"
"1","1333",2,"DEU"
"3","1333",1,"DEU"
"4","1333",1,"DEU"
"7","1333",1,"DEU"
"12","1333",1,"DEU"
"19","1333",1,"DEU"
"61","1333",1,"DEU"
"246","1333",1,"DEU"
"1054","1333",1,"DEU"
"2","1334",1,"DEU"
"3","1334",1,"DEU"
"4","1334",1,"DEU"
"18","1334",1,"DEU"
"20","1334",1,"DEU"
"34","1334",1,"DEU"
"70","1334",1,"DEU"
"80","1334",1,"DEU"
"347","1334",1,"DEU"
"993","1334",1,"DEU"
"11","1335",1,"DEU"
"35","1335",1,"DEU"
"42","1335",1,"DEU"
"45","1335",1,"DEU"
"61","1335",1,"DEU"
"106","1335",1,"DEU"
"153","1335",1,"DEU"
"1166","1335",1,"DEU"
"9","1336",2,"DEU"
"12","1336",1,"DEU"
"68","1336",1,"DEU"
"83","1336",1,"DEU"
"420","1336",2,"DEU"
"651","1336",1,"DEU"
"3","1337",1,"DEU"
"4","1337",2,"DEU"
"19","1337",1,"DEU"
"33","1337",1,"DEU"
"60","1337",1,"DEU"
"176","1337",1,"DEU"
"1095","1337",1,"DEU"
"1336","1337",1,"DEU"
"2","1338",2,"DEU"
"7","1338",1,"DEU"
"26","1338",1,"DEU"
"165","1338",1,"DEU"
"229","1338",1,"DEU"
"968","1338",1,"DEU"
"1005","1338",1,"DEU"
"9","1339",4,"DEU"
"19","1339",1,"DEU"
"38","1339",1,"DEU"
"62","1339",2,"DEU"
"97","1339",1,"DEU"
"562","1339",1,"DEU"
"3","1340",1,"DEU"
"17","1340",1,"DEU"
"42","1340",1,"DEU"
"55","1340",1,"DEU"
"75","1340",1,"DEU"
"117","1340",1,"DEU"
"199","1340",1,"DEU"
"384","1340",1,"DEU"
"402","1340",1,"DEU"
"584","1340",1,"DEU"
"3","1341",1,"DEU"
"10","1341",1,"DEU"
"12","1341",1,"DEU"
"19","1341",1,"DEU"
"35","1341",1,"DEU"
"49","1341",1,"DEU"
"59","1341",1,"DEU"
"140","1341",2,"DEU"
"7","1342",1,"DEU"
"17","1342",4,"DEU"
"27","1342",1,"DEU"
"45","1342",2,"DEU"
"49","1342",1,"DEU"
"1086","1342",1,"DEU"
"1","1343",1,"DEU"
"2","1343",1,"DEU"
"9","1343",1,"DEU"
"38","1343",1,"DEU"
"95","1343",1,"DEU"
"180","1343",1,"DEU"
"277","1343",1,"DEU"
"286","1343",1,"DEU"
"23","1344",1,"DEU"
"27","1344",1,"DEU"
"31","1344",2,"DEU"
"37","1344",1,"DEU"
"58","1344",1,"DEU"
"71","1344",1,"DEU"
"178","1344",1,"DEU"
"439","1344",1,"DEU"
"473","1344",1,"DEU"
"715","1344",1,"DEU"
"1","1345",2,"DEU"
"13","1345",1,"DEU"
"15","1345",1,"DEU"
"22","1345",1,"DEU"
"58","1345",1,"DEU"
"63","1345",2,"DEU"
"73","1345",1,"DEU"
"211","1345",1,"DEU"
"942","1345",1,"DEU"
"1","1346",5,"DEU"
"7","1346",1,"DEU"
"163","1346",1,"DEU"
"164","1346",1,"DEU"
"170","1346",1,"DEU"
"327","1346",1,"DEU"
"1225","1346",1,"DEU"
"20","1347",1,"DEU"
"33","1347",1,"DEU"
"35","1347",1,"DEU"
"48","1347",1,"DEU"
"55","1347",1,"DEU"
"69","1347",1,"DEU"
"144","1347",1,"DEU"
"197","1347",1,"DEU"
"1","1348",2,"DEU"
"3","1348",2,"DEU"
"11","1348",2,"DEU"
"13","1348",1,"DEU"
"21","1348",1,"DEU"
"39","1348",1,"DEU"
"681","1348",1,"DEU"
"22","1349",1,"DEU"
"35","1349",2,"DEU"
"48","1349",3,"DEU"
"407","1349",1,"DEU"
"755","1349",1,"DEU"
"1173","1349",1,"DEU"
"13","1350",1,"DEU"
"30","1350",1,"DEU"
"42","1350",2,"DEU"
"44","1350",1,"DEU"
"182","1350",1,"DEU"
"237","1350",1,"DEU"
"1","1351",1,"DEU"
"2","1351",2,"DEU"
"12","1351",1,"DEU"
"15","1351",2,"DEU"
"22","1351",1,"DEU"
"71","1351",1,"DEU"
"3","1352",1,"DEU"
"9","1352",1,"DEU"
"19","1352",2,"DEU"
"219","1352",1,"DEU"
"271","1352",1,"DEU"
"277","1352",1,"DEU"
"8","1353",1,"DEU"
"17","1353",1,"DEU"
"20","1353",1,"DEU"
"22","1353",1,"DEU"
"26","1353",1,"DEU"
"127","1353",2,"DEU"
"137","1353",1,"DEU"
"171","1353",1,"DEU"
"3","1354",1,"DEU"
"6","1354",1,"DEU"
"8","1354",1,"DEU"
"52","1354",1,"DEU"
"132","1354",1,"DEU"
"303","1354",1,"DEU"
"538","1354",1,"DEU"
"883","1354",1,"DEU"
"948","1354",1,"DEU"
"1","1355",3,"DEU"
"2","1355",2,"DEU"
"6","1355",1,"DEU"
"21","1355",1,"DEU"
"33","1355",1,"DEU"
"66","1355",1,"DEU"
"85","1355",1,"DEU"
"319","1355",1,"DEU"
"1","1356",1,"DEU"
"3","1356",1,"DEU"
"15","1356",1,"DEU"
"32","1356",1,"DEU"
"83","1356",1,"DEU"
"103","1356",1,"DEU"
"180","1356",1,"DEU"
"1263","1356",1,"DEU"
"2","1357",1,"DEU"
"27","1357",1,"DEU"
"31","1357",1,"DEU"
"66","1357",1,"DEU"
"81","1357",1,"DEU"
"232","1357",1,"DEU"
"1281","1357",1,"DEU"
"1","1358",1,"DEU"
"4","1358",2,"DEU"
"6","1358",1,"DEU"
"7","1358",1,"DEU"
"13","1358",1,"DEU"
"66","1358",1,"DEU"
"80","1358",1,"DEU"
"313","1358",1,"DEU"
"1","1359",1,"DEU"
"3","1359",1,"DEU"
"16","1359",3,"DEU"
"18","1359",1,"DEU"
"54","1359",2,"DEU"
"119","1359",1,"DEU"
"381","1359",1,"DEU"
"831","1359",1,"DEU"
"1","1360",1,"DEU"
"2","1360",3,"DEU"
"7","1360",1,"DEU"
"13","1360",1,"DEU"
"89","1360",1,"DEU"
"161","1360",1,"DEU"
"643","1360",1,"DEU"
"803","1360",1,"DEU"
"1","1361",1,"DEU"
"9","1361",1,"DEU"
"15","1361",1,"DEU"
"58","1361",1,"DEU"
"70","1361",1,"DEU"
"93","1361",1,"DEU"
"110","1361",1,"DEU"
"167","1361",1,"DEU"
"227","1361",1,"DEU"
"402","1361",1,"DEU"
"432","1361",1,"DEU"
"2","1362",1,"DEU"
"4","1362",1,"DEU"
"12","1362",1,"DEU"
"14","1362",2,"DEU"
"40","1362",1,"DEU"
"80","1362",1,"DEU"
"258","1362",1,"DEU"
"287","1362",1,"DEU"
"314","1362",1,"DEU"
"3","1363",1,"DEU"
"31","1363",3,"DEU"
"88","1363",3,"DEU"
"117","1363",1,"DEU"
"837","1363",1,"DEU"
"6","1364",1,"DEU"
"17","1364",1,"DEU"
"64","1364",1,"DEU"
"68","1364",1,"DEU"
"256","1364",1,"DEU"
"260","1364",1,"DEU"
"661","1364",1,"DEU"
"887","1364",1,"DEU"
"1","1365",1,"DEU"
"6","1365",1,"DEU"
"11","1365",1,"DEU"
"23","1365",1,"DEU"
"26","1365",1,"DEU"
"31","1365",1,"DEU"
"55","1365",1,"DEU"
"108","1365",1,"DEU"
"584","1365",1,"DEU"
"3","1366",1,"DEU"
"6","1366",1,"DEU"
"8","1366",1,"DEU"
"15","1366",1,"DEU"
"22","1366",1,"DEU"
"41","1366",1,"DEU"
"122","1366",1,"DEU"
"134","1366",1,"DEU"
"167","1366",1,"DEU"
"171","1366",2,"DEU"
"37","1367",2,"DEU"
"129","1367",2,"DEU"
"252","1367",1,"DEU"
"410","1367",1,"DEU"
"479","1367",1,"DEU"
"645","1367",1,"DEU"
"2","1368",1,"DEU"
"5","1368",1,"DEU"
"16","1368",1,"DEU"
"29","1368",1,"DEU"
"52","1368",1,"DEU"
"84","1368",1,"DEU"
"235","1368",1,"DEU"
"379","1368",1,"DEU"
"2","1369",3,"DEU"
"4","1369",1,"DEU"
"24","1369",1,"DEU"
"37","1369",1,"DEU"
"38","1369",1,"DEU"
"142","1369",1,"DEU"
"175","1369",1,"DEU"
"1239","1369",1,"DEU"
"1","1370",1,"DEU"
"3","1370",2,"DEU"
"12","1370",2,"DEU"
"25","1370",1,"DEU"
"26","1370",1,"DEU"
"36","1370",1,"DEU"
"46","1370",1,"DEU"
"610","1370",1,"DEU"
"6","1371",3,"DEU"
"14","1371",1,"DEU"
"18","1371",1,"DEU"
"20","1371",1,"DEU"
"72","1371",1,"DEU"
"1211","1371",1,"DEU"
"1","1372",1,"DEU"
"2","1372",2,"DEU"
"7","1372",1,"DEU"
"15","1372",1,"DEU"
"20","1372",1,"DEU"
"197","1372",1,"DEU"
"438","1372",1,"DEU"
"699","1372",1,"DEU"
"1121","1372",1,"DEU"
"1243","1372",1,"DEU"
"26","1373",1,"DEU"
"59","1373",1,"DEU"
"403","1373",1,"DEU"
"912","1373",1,"DEU"
"3","1374",1,"DEU"
"15","1374",1,"DEU"
"18","1374",1,"DEU"
"34","1374",1,"DEU"
"47","1374",1,"DEU"
"89","1374",1,"DEU"
"111","1374",1,"DEU"
"205","1374",1,"DEU"
"247","1374",1,"DEU"
"248","1374",1,"DEU"
"291","1374",1,"DEU"
"2","1375",1,"DEU"
"6","1375",2,"DEU"
"25","1375",1,"DEU"
"47","1375",1,"DEU"
"81","1375",1,"DEU"
"356","1375",2,"DEU"
"722","1375",1,"DEU"
"1185","1375",1,"DEU"
"2","1376",1,"DEU"
"3","1376",1,"DEU"
"12","1376",2,"DEU"
"18","1376",1,"DEU"
"90","1376",1,"DEU"
"115","1376",1,"DEU"
"10","1377",1,"DEU"
"15","1377",1,"DEU"
"16","1377",1,"DEU"
"27","1377",2,"DEU"
"163","1377",1,"DEU"
"348","1377",1,"DEU"
"1265","1377",1,"DEU"
"4","1378",1,"DEU"
"7","1378",1,"DEU"
"12","1378",1,"DEU"
"14","1378",2,"DEU"
"59","1378",1,"DEU"
"88","1378",1,"DEU"
"113","1378",1,"DEU"
"229","1378",1,"DEU"
"454","1378",1,"DEU"
"753","1378",1,"DEU"
"838","1378",1,"DEU"
"2","1379",1,"DEU"
"8","1379",1,"DEU"
"19","1379",1,"DEU"
"25","1379",1,"DEU"
"37","1379",1,"DEU"
"46","1379",1,"DEU"
"114","1379",1,"DEU"
"264","1379",1,"DEU"
"774","1379",1,"DEU"
"1273","1379",1,"DEU"
"1","1380",1,"DEU"
"3","1380",3,"DEU"
"5","1380",1,"DEU"
"11","1380",1,"DEU"
"12","1380",1,"DEU"
"24","1380",1,"DEU"
"142","1380",1,"DEU"
"2","1381",1,"DEU"
"3","1381",1,"DEU"
"7","1381",1,"DEU"
"23","1381",1,"DEU"
"33","1381",1,"DEU"
"34","1381",1,"DEU"
"753","1381",1,"DEU"
"853","1381",1,"DEU"
"1161","1381",1,"DEU"
"2","1382",1,"DEU"
"4","1382",1,"DEU"
"8","1382",2,"DEU"
"18","1382",2,"DEU"
"81","1382",1,"DEU"
"1040","1382",1,"DEU"
"3","1383",1,"DEU"
"7","1383",1,"DEU"
"15","1383",1,"DEU"
"165","1383",1,"DEU"
"229","1383",1,"DEU"
"234","1383",1,"DEU"
"299","1383",1,"DEU"
"663","1383",1,"DEU"
"820","1383",1,"DEU"
"974","1383",1,"DEU"
"1","1384",1,"DEU"
"2","1384",3,"DEU"
"61","1384",1,"DEU"
"64","1384",1,"DEU"
"91","1384",1,"DEU"
"182","1384",1,"DEU"
"268","1384",1,"DEU"
"1115","1384",1,"DEU"
"1","1385",4,"DEU"
"3","1385",1,"DEU"
"12","1385",1,"DEU"
"33","1385",1,"DEU"
"39","1385",1,"DEU"
"41","1385",1,"DEU"
"139","1385",1,"DEU"
"216","1385",1,"DEU"
"290","1385",1,"DEU"
"5","1386",1,"DEU"
"6","1386",1,"DEU"
"11","1386",1,"DEU"
"34","1386",3,"DEU"
"44","1386",1,"DEU"
"86","1386",1,"DEU"
"238","1386",1,"DEU"
"364","1386",1,"DEU"
"621","1386",1,"DEU"
"1","1387",1,"DEU"
"7","1387",1,"DEU"
"11","1387",1,"DEU"
"54","1387",1,"DEU"
"1028","1387",1,"DEU"
"1067","1387",1,"DEU"
"2","1388",1,"DEU"
"4","1388",3,"DEU"
"12","1388",1,"DEU"
"18","1388",1,"DEU"
"42","1388",1,"DEU"
"105","1388",1,"DEU"
"665","1388",1,"DEU"
"730","1388",1,"DEU"
"1","1389",3,"DEU"
"2","1389",3,"DEU"
"3","1389",1,"DEU"
"4","1389",1,"DEU"
"124","1389",1,"DEU"
"128","1389",1,"DEU"
"1127","1389",1,"DEU"
"3","1390",1,"DEU"
"6","1390",1,"DEU"
"10","1390",1,"DEU"
"22","1390",2,"DEU"
"39","1390",1,"DEU"
"71","1390",1,"DEU"
"90","1390",1,"DEU"
"964","1390",1,"DEU"
"1172","1390",1,"DEU"
"1","1391",1,"DEU"
"2","1391",2,"DEU"
"15","1391",1,"DEU"
"36","1391",1,"DEU"
"37","1391",1,"DEU"
"80","1391",2,"DEU"
"305","1391",1,"DEU"
"432","1391",1,"DEU"
"8","1392",3,"DEU"
"18","1392",2,"DEU"
"21","1392",1,"DEU"
"24","1392",1,"DEU"
"59","1392",1,"DEU"
"89","1392",1,"DEU"
"165","1392",1,"DEU"
"171","1392",1,"DEU"
"3","1393",2,"DEU"
"4","1393",1,"DEU"
"12","1393",1,"DEU"
"25","1393",1,"DEU"
"57","1393",1,"DEU"
"268","1393",1,"DEU"
"555","1393",1,"DEU"
"3","1394",1,"DEU"
"62","1394",1,"DEU"
"74","1394",1,"DEU"
"112","1394",1,"DEU"
"159","1394",1,"DEU"
"176","1394",1,"DEU"
"325","1394",1,"DEU"
"463","1394",1,"DEU"
"481","1394",1,"DEU"
"1","1395",1,"DEU"
"5","1395",1,"DEU"
"12","1395",1,"DEU"
"29","1395",1,"DEU"
"30","1395",1,"DEU"
"41","1395",1,"DEU"
"134","1395",1,"DEU"
"135","1395",1,"DEU"
"226","1395",1,"DEU"
"1037","1395",1,"DEU"
"8","1396",1,"DEU"
"95","1396",1,"DEU"
"151","1396",1,"DEU"
"203","1396",1,"DEU"
"1","1397",1,"DEU"
"2","1397",1,"DEU"
"13","1397",1,"DEU"
"14","1397",1,"DEU"
"40","1397",2,"DEU"
"135","1397",1,"DEU"
"307","1397",1,"DEU"
"902","1397",1,"DEU"
"1179","1397",1,"DEU"
"14","1398",1,"DEU"
"15","1398",3,"DEU"
"24","1398",1,"DEU"
"33","1398",1,"DEU"
"40","1398",1,"DEU"
"50","1398",1,"DEU"
"111","1398",1,"DEU"
"114","1398",1,"DEU"
"1","1399",1,"DEU"
"6","1399",5,"DEU"
"10","1399",2,"DEU"
"12","1399",1,"DEU"
"34","1399",1,"DEU"
"237","1399",1,"DEU"
"1","1400",1,"DEU"
"3","1400",1,"DEU"
"5","1400",1,"DEU"
"9","1400",1,"DEU"
"10","1400",1,"DEU"
"68","1400",1,"DEU"
"185","1400",1,"DEU"
"427","1400",1,"DEU"
"1088","1400",1,"DEU"
"1213","1400",1,"DEU"
"3","1401",1,"DEU"
"22","1401",1,"DEU"
"27","1401",2,"DEU"
"28","1401",1,"DEU"
"71","1401",1,"DEU"
"125","1401",1,"DEU"
"282","1401",1,"DEU"
"820","1401",1,"DEU"
"1","1402",1,"DEU"
"2","1402",2,"DEU"
"3","1402",1,"DEU"
"86","1402",1,"DEU"
"156","1402",1,"DEU"
"321","1402",1,"DEU"
"386","1402",1,"DEU"
"814","1402",1,"DEU"
"10","1403",1,"DEU"
"11","1403",1,"DEU"
"24","1403",1,"DEU"
"72","1403",1,"DEU"
"126","1403",1,"DEU"
"232","1403",2,"DEU"
"2","1404",1,"DEU"
"3","1404",1,"DEU"
"12","1404",1,"DEU"
"15","1404",4,"DEU"
"557","1404",1,"DEU"
"2","1405",2,"DEU"
"4","1405",2,"DEU"
"21","1405",1,"DEU"
"1259","1405",4,"DEU"
"5","1406",1,"DEU"
"18","1406",1,"DEU"
"21","1406",1,"DEU"
"24","1406",1,"DEU"
"32","1406",2,"DEU"
"37","1406",1,"DEU"
"145","1406",1,"DEU"
"1009","1406",1,"DEU"
"2","1407",1,"DEU"
"3","1407",1,"DEU"
"12","1407",1,"DEU"
"15","1407",1,"DEU"
"21","1407",1,"DEU"
"567","1407",1,"DEU"
"1048","1407",1,"DEU"
"1","1408",1,"DEU"
"3","1408",1,"DEU"
"21","1408",1,"DEU"
"1209","1408",4,"DEU"
"7","1409",1,"DEU"
"24","1409",1,"DEU"
"51","1409",1,"DEU"
"101","1409",1,"DEU"
"374","1409",1,"DEU"
"19","1410",3,"DEU"
"24","1410",1,"DEU"
"66","1410",1,"DEU"
"95","1410",1,"DEU"
"106","1410",1,"DEU"
"137","1410",1,"DEU"
"183","1410",1,"DEU"
"186","1410",1,"DEU"
"1277","1410",1,"DEU"
"1","1411",1,"DEU"
"11","1411",1,"DEU"
"13","1411",3,"DEU"
"33","1411",1,"DEU"
"53","1411",1,"DEU"
"86","1411",1,"DEU"
"409","1411",1,"DEU"
"806","1411",1,"DEU"
"3","1412",4,"DEU"
"12","1412",1,"DEU"
"22","1412",1,"DEU"
"29","1412",1,"DEU"
"58","1412",1,"DEU"
"73","1412",1,"DEU"
"388","1412",1,"DEU"
"11","1413",1,"DEU"
"33","1413",1,"DEU"
"37","1413",1,"DEU"
"99","1413",1,"DEU"
"114","1413",1,"DEU"
"127","1413",1,"DEU"
"156","1413",1,"DEU"
"386","1413",1,"DEU"
"447","1413",1,"DEU"
"530","1413",1,"DEU"
"705","1413",1,"DEU"
"1","1414",2,"DEU"
"2","1414",1,"DEU"
"6","1414",1,"DEU"
"12","1414",1,"DEU"
"13","1414",1,"DEU"
"43","1414",1,"DEU"
"80","1414",1,"DEU"
"202","1414",2,"DEU"
"1","1415",2,"DEU"
"3","1415",2,"DEU"
"6","1415",1,"DEU"
"11","1415",3,"DEU"
"28","1415",1,"DEU"
"87","1415",1,"DEU"
"154","1415",1,"DEU"
"1364","1415",1,"DEU"
"1","1416",3,"DEU"
"2","1416",1,"DEU"
"3","1416",2,"DEU"
"4","1416",1,"DEU"
"26","1416",1,"DEU"
"60","1416",1,"DEU"
"85","1416",1,"DEU"
"1135","1416",1,"DEU"
"1254","1416",1,"DEU"
"14","1417",1,"DEU"
"15","1417",1,"DEU"
"18","1417",1,"DEU"
"40","1417",1,"DEU"
"114","1417",1,"DEU"
"131","1417",1,"DEU"
"323","1417",2,"DEU"
"534","1417",3,"DEU"
"1253","1417",1,"DEU"
"1","1418",1,"DEU"
"3","1418",2,"DEU"
"24","1418",1,"DEU"
"45","1418",1,"DEU"
"99","1418",1,"DEU"
"119","1418",1,"DEU"
"122","1418",1,"DEU"
"436","1418",1,"DEU"
"1","1419",2,"DEU"
"2","1419",1,"DEU"
"12","1419",2,"DEU"
"13","1419",1,"DEU"
"577","1419",1,"DEU"
"629","1419",1,"DEU"
"863","1419",1,"DEU"
"1","1420",1,"DEU"
"2","1420",2,"DEU"
"60","1420",1,"DEU"
"72","1420",1,"DEU"
"143","1420",1,"DEU"
"222","1420",1,"DEU"
"313","1420",1,"DEU"
"499","1420",3,"DEU"
"1","1421",1,"DEU"
"2","1421",1,"DEU"
"4","1421",1,"DEU"
"11","1421",1,"DEU"
"12","1421",1,"DEU"
"22","1421",1,"DEU"
"34","1421",1,"DEU"
"73","1421",1,"DEU"
"590","1421",1,"DEU"
"665","1421",2,"DEU"
"4","1422",2,"DEU"
"8","1422",1,"DEU"
"9","1422",1,"DEU"
"20","1422",1,"DEU"
"95","1422",1,"DEU"
"304","1422",1,"DEU"
"425","1422",1,"DEU"
"478","1422",1,"DEU"
"1253","1422",1,"DEU"
"1","1423",4,"DEU"
"2","1423",1,"DEU"
"8","1423",1,"DEU"
"220","1423",1,"DEU"
"480","1423",1,"DEU"
"2","1424",1,"DEU"
"10","1424",1,"DEU"
"11","1424",1,"DEU"
"15","1424",1,"DEU"
"41","1424",1,"DEU"
"233","1424",1,"DEU"
"289","1424",1,"DEU"
"1010","1424",1,"DEU"
"8","1425",2,"DEU"
"13","1425",1,"DEU"
"24","1425",1,"DEU"
"36","1425",2,"DEU"
"90","1425",1,"DEU"
"26","1426",2,"DEU"
"44","1426",1,"DEU"
"209","1426",1,"DEU"
"480","1426",1,"DEU"
"782","1426",1,"DEU"
"1012","1426",2,"DEU"
"3","1427",1,"DEU"
"8","1427",1,"DEU"
"17","1427",1,"DEU"
"19","1427",1,"DEU"
"100","1427",1,"DEU"
"187","1427",2,"DEU"
"250","1427",1,"DEU"
"253","1427",1,"DEU"
"554","1427",1,"DEU"
"1","1428",1,"DEU"
"11","1428",2,"DEU"
"16","1428",1,"DEU"
"75","1428",1,"DEU"
"284","1428",1,"DEU"
"325","1428",1,"DEU"
"2","1429",1,"DEU"
"7","1429",1,"DEU"
"13","1429",1,"DEU"
"83","1429",1,"DEU"
"85","1429",1,"DEU"
"127","1429",1,"DEU"
"1118","1429",1,"DEU"
"1425","1429",2,"DEU"
"4","1430",1,"DEU"
"10","1430",1,"DEU"
"11","1430",1,"DEU"
"21","1430",1,"DEU"
"40","1430",2,"DEU"
"114","1430",1,"DEU"
"590","1430",1,"DEU"
"759","1430",1,"DEU"
"11","1431",4,"DEU"
"14","1431",1,"DEU"
"513","1431",1,"DEU"
"2","1432",1,"DEU"
"3","1432",1,"DEU"
"6","1432",1,"DEU"
"11","1432",2,"DEU"
"24","1432",1,"DEU"
"42","1432",1,"DEU"
"71","1432",1,"DEU"
"201","1432",1,"DEU"
"213","1432",1,"DEU"
"432","1432",1,"DEU"
"2","1433",2,"DEU"
"8","1433",2,"DEU"
"48","1433",1,"DEU"
"55","1433",1,"DEU"
"105","1433",1,"DEU"
"240","1433",1,"DEU"
"1245","1433",1,"DEU"
"1","1434",2,"DEU"
"2","1434",1,"DEU"
"8","1434",3,"DEU"
"55","1434",1,"DEU"
"56","1434",1,"DEU"
"105","1434",1,"DEU"
"148","1434",1,"DEU"
"3","1435",3,"DEU"
"8","1435",1,"DEU"
"11","1435",1,"DEU"
"22","1435",1,"DEU"
"24","1435",1,"DEU"
"67","1435",1,"DEU"
"69","1435",1,"DEU"
"331","1435",1,"DEU"
"465","1435",1,"DEU"
"2","1436",1,"DEU"
"4","1436",1,"DEU"
"7","1436",4,"DEU"
"586","1436",4,"DEU"
"7","1437",1,"DEU"
"9","1437",5,"DEU"
"527","1437",2,"DEU"
"1181","1437",1,"DEU"
"1339","1437",1,"DEU"
"2","1438",2,"DEU"
"3","1438",1,"DEU"
"12","1438",2,"DEU"
"17","1438",1,"DEU"
"27","1438",1,"DEU"
"52","1438",1,"DEU"
"74","1438",1,"DEU"
"177","1438",1,"DEU"
"702","1438",1,"DEU"
"1","1439",1,"DEU"
"2","1439",1,"DEU"
"15","1439",1,"DEU"
"16","1439",1,"DEU"
"202","1439",1,"DEU"
"263","1439",1,"DEU"
"533","1439",1,"DEU"
"568","1439",1,"DEU"
"625","1439",1,"DEU"
"19","1440",1,"DEU"
"28","1440",1,"DEU"
"440","1440",1,"DEU"
"511","1440",1,"DEU"
"605","1440",1,"DEU"
"781","1440",1,"DEU"
"1293","1440",1,"DEU"
"1","1441",1,"DEU"
"3","1441",1,"DEU"
"4","1441",1,"DEU"
"42","1441",1,"DEU"
"162","1441",1,"DEU"
"1054","1441",1,"DEU"
"1141","1441",1,"DEU"
"1351","1441",1,"DEU"
"1","1442",1,"DEU"
"2","1442",2,"DEU"
"27","1442",1,"DEU"
"52","1442",1,"DEU"
"125","1442",1,"DEU"
"217","1442",1,"DEU"
"1045","1442",1,"DEU"
"3","1443",1,"DEU"
"6","1443",1,"DEU"
"10","1443",1,"DEU"
"20","1443",1,"DEU"
"65","1443",1,"DEU"
"106","1443",1,"DEU"
"108","1443",1,"DEU"
"128","1443",2,"DEU"
"187","1443",1,"DEU"
"189","1443",1,"DEU"
"2","1444",1,"DEU"
"9","1444",2,"DEU"
"16","1444",1,"DEU"
"19","1444",1,"DEU"
"22","1444",1,"DEU"
"61","1444",1,"DEU"
"740","1444",1,"DEU"
"4","1445",1,"DEU"
"22","1445",1,"DEU"
"29","1445",1,"DEU"
"39","1445",1,"DEU"
"232","1445",1,"DEU"
"961","1445",1,"DEU"
"1262","1445",1,"DEU"
"1","1446",1,"DEU"
"2","1446",1,"DEU"
"8","1446",1,"DEU"
"22","1446",1,"DEU"
"97","1446",2,"DEU"
"102","1446",1,"DEU"
"142","1446",1,"DEU"
"378","1446",1,"DEU"
"653","1446",1,"DEU"
"2","1447",2,"DEU"
"3","1447",2,"DEU"
"70","1447",1,"DEU"
"86","1447",1,"DEU"
"606","1447",1,"DEU"
"976","1447",1,"DEU"
"1423","1447",1,"DEU"
"1","1448",2,"DEU"
"2","1448",1,"DEU"
"8","1448",3,"DEU"
"16","1448",1,"DEU"
"48","1448",1,"DEU"
"53","1448",1,"DEU"
"267","1448",1,"DEU"
"846","1448",1,"DEU"
"8","1449",2,"DEU"
"9","1449",1,"DEU"
"15","1449",2,"DEU"
"32","1449",1,"DEU"
"55","1449",1,"DEU"
"118","1449",1,"DEU"
"188","1449",1,"DEU"
"210","1449",1,"DEU"
"3","1450",1,"DEU"
"4","1450",1,"DEU"
"15","1450",1,"DEU"
"17","1450",1,"DEU"
"20","1450",1,"DEU"
"93","1450",1,"DEU"
"246","1450",1,"DEU"
"489","1450",1,"DEU"
"680","1450",1,"DEU"
"686","1450",1,"DEU"
"972","1450",1,"DEU"
"1","1451",1,"DEU"
"2","1451",2,"DEU"
"4","1451",1,"DEU"
"26","1451",1,"DEU"
"57","1451",1,"DEU"
"213","1451",1,"DEU"
"283","1451",1,"DEU"
"302","1451",1,"DEU"
"549","1451",1,"DEU"
"671","1451",1,"DEU"
"2","1452",1,"DEU"
"7","1452",1,"DEU"
"15","1452",1,"DEU"
"19","1452",1,"DEU"
"24","1452",1,"DEU"
"40","1452",1,"DEU"
"41","1452",1,"DEU"
"46","1452",1,"DEU"
"137","1452",1,"DEU"
"315","1452",1,"DEU"
"1114","1452",1,"DEU"
"2","1453",1,"DEU"
"16","1453",1,"DEU"
"17","1453",1,"DEU"
"56","1453",1,"DEU"
"117","1453",1,"DEU"
"288","1453",1,"DEU"
"359","1453",1,"DEU"
"426","1453",1,"DEU"
"1004","1453",1,"DEU"
"8","1454",1,"DEU"
"15","1454",2,"DEU"
"39","1454",1,"DEU"
"114","1454",1,"DEU"
"194","1454",1,"DEU"
"329","1454",1,"DEU"
"1111","1454",1,"DEU"
"1131","1454",1,"DEU"
"1200","1454",1,"DEU"
"1215","1454",1,"DEU"
"3","1455",1,"DEU"
"24","1455",2,"DEU"
"34","1455",1,"DEU"
"48","1455",1,"DEU"
"90","1455",1,"DEU"
"123","1455",1,"DEU"
"186","1455",1,"DEU"
"222","1455",1,"DEU"
"257","1455",1,"DEU"
"654","1455",1,"DEU"
"848","1455",1,"DEU"
"11","1456",6,"DEU"
"17","1456",1,"DEU"
"3","1457",1,"DEU"
"31","1457",4,"DEU"
"65","1457",1,"DEU"
"218","1457",2,"DEU"
"739","1457",1,"DEU"
"930","1457",1,"DEU"
"1","1458",1,"DEU"
"3","1458",1,"DEU"
"12","1458",1,"DEU"
"24","1458",1,"DEU"
"40","1458",2,"DEU"
"163","1458",1,"DEU"
"220","1458",2,"DEU"
"892","1458",1,"DEU"
"4","1459",3,"DEU"
"12","1459",1,"DEU"
"141","1459",1,"DEU"
"169","1459",2,"DEU"
"404","1459",1,"DEU"
"591","1459",1,"DEU"
"1","1460",1,"DEU"
"4","1460",1,"DEU"
"25","1460",1,"DEU"
"184","1460",1,"DEU"
"517","1460",1,"DEU"
"1132","1460",1,"DEU"
"921","1461",1,"DEU"
"4","1462",1,"DEU"
"7","1462",3,"DEU"
"12","1462",1,"DEU"
"20","1462",1,"DEU"
"104","1462",1,"DEU"
"533","1462",1,"DEU"
"536","1462",1,"DEU"
"547","1462",1,"DEU"
"833","1462",1,"DEU"
"998","1462",1,"DEU"
"1","1463",3,"DEU"
"2","1463",1,"DEU"
"12","1463",1,"DEU"
"22","1463",2,"DEU"
"26","1463",1,"DEU"
"39","1463",1,"DEU"
"90","1463",1,"DEU"
"124","1463",1,"DEU"
"127","1463",1,"DEU"
"3","1464",2,"DEU"
"4","1464",4,"DEU"
"39","1464",1,"DEU"
"58","1464",1,"DEU"
"321","1464",1,"DEU"
"13","1465",3,"DEU"
"31","1465",2,"DEU"
"32","1465",2,"DEU"
"178","1465",2,"DEU"
"196","1465",1,"DEU"
"6","1466",1,"DEU"
"7","1466",2,"DEU"
"11","1466",1,"DEU"
"20","1466",2,"DEU"
"40","1466",1,"DEU"
"64","1466",1,"DEU"
"68","1466",1,"DEU"
"299","1466",1,"DEU"
"404","1466",1,"DEU"
"4","1467",2,"DEU"
"6","1467",1,"DEU"
"8","1467",2,"DEU"
"11","1467",2,"DEU"
"27","1467",1,"DEU"
"53","1467",1,"DEU"
"387","1467",1,"DEU"
"1","1468",1,"DEU"
"2","1468",1,"DEU"
"10","1468",1,"DEU"
"11","1468",2,"DEU"
"31","1468",1,"DEU"
"54","1468",1,"DEU"
"1","1469",2,"DEU"
"2","1469",2,"DEU"
"3","1469",1,"DEU"
"9","1469",1,"DEU"
"12","1469",1,"DEU"
"13","1469",2,"DEU"
"21","1469",1,"DEU"
"26","1469",1,"DEU"
"4","1470",2,"DEU"
"10","1470",2,"DEU"
"34","1470",1,"DEU"
"39","1470",1,"DEU"
"447","1470",1,"DEU"
"597","1470",1,"DEU"
"1","1471",1,"DEU"
"3","1471",1,"DEU"
"7","1471",1,"DEU"
"11","1471",1,"DEU"
"31","1471",1,"DEU"
"53","1471",1,"DEU"
"145","1471",1,"DEU"
"420","1471",1,"DEU"
"3","1472",1,"DEU"
"21","1472",1,"DEU"
"24","1472",1,"DEU"
"86","1472",2,"DEU"
"128","1472",1,"DEU"
"139","1472",1,"DEU"
"188","1472",1,"DEU"
"318","1472",1,"DEU"
"360","1472",1,"DEU"
"527","1472",1,"DEU"
"2","1473",1,"DEU"
"126","1473",1,"DEU"
"141","1473",1,"DEU"
"162","1473",1,"DEU"
"413","1473",1,"DEU"
"488","1473",1,"DEU"
"723","1473",1,"DEU"
"1","1474",1,"DEU"
"5","1474",1,"DEU"
"18","1474",1,"DEU"
"43","1474",1,"DEU"
"68","1474",1,"DEU"
"102","1474",1,"DEU"
"122","1474",1,"DEU"
"200","1474",1,"DEU"
"201","1474",1,"DEU"
"295","1474",1,"DEU"
"1341","1474",1,"DEU"
"1","1475",1,"DEU"
"23","1475",1,"DEU"
"80","1475",1,"DEU"
"90","1475",1,"DEU"
"137","1475",1,"DEU"
"222","1475",1,"DEU"
"352","1475",1,"DEU"
"504","1475",1,"DEU"
"1","1476",1,"DEU"
"4","1476",1,"DEU"
"8","1476",1,"DEU"
"16","1476",1,"DEU"
"21","1476",1,"DEU"
"34","1476",2,"DEU"
"11","1477",1,"DEU"
"18","1477",3,"DEU"
"30","1477",1,"DEU"
"142","1477",1,"DEU"
"452","1477",1,"DEU"
"556","1477",1,"DEU"
"2","1478",2,"DEU"
"4","1478",2,"DEU"
"10","1478",1,"DEU"
"12","1478",1,"DEU"
"33","1478",1,"DEU"
"41","1478",1,"DEU"
"235","1478",1,"DEU"
"288","1478",1,"DEU"
"306","1478",2,"DEU"
"1","1479",2,"DEU"
"2","1479",1,"DEU"
"3","1479",1,"DEU"
"7","1479",1,"DEU"
"18","1479",1,"DEU"
"172","1479",1,"DEU"
"277","1479",1,"DEU"
"480","1479",1,"DEU"
"2","1480",1,"DEU"
"4","1480",1,"DEU"
"8","1480",1,"DEU"
"12","1480",1,"DEU"
"242","1480",1,"DEU"
"308","1480",2,"DEU"
"1464","1480",1,"DEU"
"1","1481",1,"DEU"
"7","1481",2,"DEU"
"11","1481",1,"DEU"
"355","1481",1,"DEU"
"424","1481",1,"DEU"
"576","1481",1,"DEU"
"2","1482",1,"DEU"
"7","1482",1,"DEU"
"36","1482",3,"DEU"
"49","1482",1,"DEU"
"60","1482",1,"DEU"
"132","1482",1,"DEU"
"262","1482",1,"DEU"
"820","1482",1,"DEU"
"3","1483",1,"DEU"
"470","1483",1,"DEU"
"793","1483",1,"DEU"
"2","1484",1,"DEU"
"4","1484",1,"DEU"
"7","1484",2,"DEU"
"11","1484",1,"DEU"
"12","1484",1,"DEU"
"15","1484",1,"DEU"
"20","1484",1,"DEU"
"44","1484",1,"DEU"
"157","1484",1,"DEU"
"1348","1484",1,"DEU"
"2","1485",1,"DEU"
"10","1485",4,"DEU"
"15","1485",4,"DEU"
"38","1485",1,"DEU"
"176","1485",1,"DEU"
"1317","1485",1,"DEU"
"1","1486",1,"DEU"
"37","1486",1,"DEU"
"104","1486",1,"DEU"
"710","1486",1,"DEU"
"1264","1486",1,"DEU"
"4","1487",2,"DEU"
"15","1487",1,"DEU"
"57","1487",1,"DEU"
"59","1487",1,"DEU"
"406","1487",1,"DEU"
"435","1487",2,"DEU"
"603","1487",1,"DEU"
"1","1488",1,"DEU"
"3","1488",1,"DEU"
"7","1488",1,"DEU"
"10","1488",1,"DEU"
"27","1488",1,"DEU"
"112","1488",1,"DEU"
"135","1488",1,"DEU"
"453","1488",1,"DEU"
"478","1488",1,"DEU"
"1308","1488",1,"DEU"
"20","1489",1,"DEU"
"43","1489",1,"DEU"
"58","1489",1,"DEU"
"81","1489",1,"DEU"
"453","1489",1,"DEU"
"597","1489",1,"DEU"
"1","1490",1,"DEU"
"10","1490",1,"DEU"
"12","1490",1,"DEU"
"76","1490",1,"DEU"
"83","1490",1,"DEU"
"84","1490",1,"DEU"
"94","1490",1,"DEU"
"508","1490",1,"DEU"
"13","1491",1,"DEU"
"14","1491",1,"DEU"
"76","1491",1,"DEU"
"104","1491",1,"DEU"
"373","1491",1,"DEU"
"464","1491",1,"DEU"
"685","1491",1,"DEU"
"1267","1491",1,"DEU"
"3","1492",1,"DEU"
"112","1492",1,"DEU"
"153","1492",1,"DEU"
"268","1492",2,"DEU"
"653","1492",1,"DEU"
"735","1492",1,"DEU"
"1368","1492",1,"DEU"
"2","1493",1,"DEU"
"6","1493",1,"DEU"
"12","1493",2,"DEU"
"76","1493",2,"DEU"
"179","1493",1,"DEU"
"235","1493",1,"DEU"
"275","1493",1,"DEU"
"869","1493",1,"DEU"
"1","1494",1,"DEU"
"12","1494",1,"DEU"
"79","1494",1,"DEU"
"82","1494",1,"DEU"
"84","1494",1,"DEU"
"189","1494",1,"DEU"
"193","1494",1,"DEU"
"218","1494",1,"DEU"
"302","1494",1,"DEU"
"1083","1494",1,"DEU"
"2","1495",1,"DEU"
"12","1495",1,"DEU"
"14","1495",1,"DEU"
"18","1495",1,"DEU"
"22","1495",1,"DEU"
"76","1495",1,"DEU"
"144","1495",1,"DEU"
"272","1495",1,"DEU"
"733","1495",1,"DEU"
"2","1496",1,"DEU"
"7","1496",1,"DEU"
"11","1496",1,"DEU"
"38","1496",1,"DEU"
"244","1496",1,"DEU"
"3","1497",1,"DEU"
"21","1497",1,"DEU"
"42","1497",1,"DEU"
"193","1497",1,"DEU"
"1221","1497",1,"DEU"
"1379","1497",1,"DEU"
"3","1498",1,"DEU"
"5","1498",1,"DEU"
"26","1498",1,"DEU"
"80","1498",1,"DEU"
"757","1498",1,"DEU"
"939","1498",1,"DEU"
"21","1499",1,"DEU"
"23","1499",1,"DEU"
"30","1499",1,"DEU"
"53","1499",1,"DEU"
"65","1499",1,"DEU"
"83","1499",1,"DEU"
"145","1499",1,"DEU"
"813","1499",1,"DEU"
"59","1500",1,"DEU"
"756","1500",1,"DEU"
"915","1500",2,"DEU"
"2","1501",1,"DEU"
"8","1501",1,"DEU"
"11","1501",1,"DEU"
"49","1501",2,"DEU"
"715","1501",1,"DEU"
"19","1502",1,"DEU"
"20","1502",2,"DEU"
"26","1502",1,"DEU"
"707","1502",1,"DEU"
"14","1503",1,"DEU"
"15","1503",1,"DEU"
"33","1503",1,"DEU"
"122","1503",1,"DEU"
"133","1503",1,"DEU"
"138","1503",1,"DEU"
"1","1504",1,"DEU"
"3","1504",1,"DEU"
"13","1504",1,"DEU"
"22","1504",1,"DEU"
"167","1504",1,"DEU"
"225","1504",1,"DEU"
"77","1505",1,"DEU"
"155","1505",1,"DEU"
"228","1505",1,"DEU"
"256","1505",1,"DEU"
"3","1506",1,"DEU"
"11","1506",1,"DEU"
"32","1506",1,"DEU"
"174","1506",1,"DEU"
"289","1506",1,"DEU"
"322","1506",1,"DEU"
"653","1506",1,"DEU"
"35","1507",1,"DEU"
"962","1507",1,"DEU"
"1475","1507",2,"DEU"
"1","1508",1,"DEU"
"2","1508",3,"DEU"
"22","1508",2,"DEU"
"23","1508",1,"DEU"
"99","1508",1,"DEU"
"665","1508",1,"DEU"
"1","1509",1,"DEU"
"20","1509",1,"DEU"
"34","1509",1,"DEU"
"201","1509",1,"DEU"
"272","1509",1,"DEU"
"1","1510",1,"DEU"
"42","1510",1,"DEU"
"55","1510",1,"DEU"
"99","1510",1,"DEU"
"271","1510",1,"DEU"
"385","1510",1,"DEU"
"721","1510",1,"DEU"
"913","1510",1,"DEU"
"2","1511",4,"DEU"
"4","1511",1,"DEU"
"416","1511",1,"DEU"
"528","1511",1,"DEU"
"540","1511",1,"DEU"
"1","1512",1,"DEU"
"4","1512",1,"DEU"
"10","1512",1,"DEU"
"22","1512",1,"DEU"
"26","1512",1,"DEU"
"70","1512",1,"DEU"
"112","1512",1,"DEU"
"117","1512",1,"DEU"
"244","1512",1,"DEU"
"1328","1512",1,"DEU"
"2","1513",1,"DEU"
"29","1513",1,"DEU"
"46","1513",1,"DEU"
"51","1513",1,"DEU"
"339","1514",1,"DEU"
"600","1514",1,"DEU"
"843","1514",1,"DEU"
"3","1515",1,"DEU"
"7","1515",1,"DEU"
"13","1515",1,"DEU"
"18","1515",1,"DEU"
"19","1515",1,"DEU"
"21","1515",1,"DEU"
"42","1515",1,"DEU"
"48","1515",1,"DEU"
"693","1515",1,"DEU"
"785","1515",1,"DEU"
"1","1516",1,"DEU"
"2","1516",1,"DEU"
"3","1516",1,"DEU"
"4","1516",1,"DEU"
"19","1516",1,"DEU"
"23","1516",1,"DEU"
"5","1517",1,"DEU"
"8","1517",1,"DEU"
"12","1517",1,"DEU"
"13","1517",1,"DEU"
"17","1517",1,"DEU"
"39","1517",1,"DEU"
"145","1517",1,"DEU"
"237","1517",1,"DEU"
"1","1518",2,"DEU"
"2","1518",1,"DEU"
"12","1518",1,"DEU"
"22","1518",2,"DEU"
"24","1518",1,"DEU"
"26","1518",2,"DEU"
"2","1519",1,"DEU"
"40","1519",1,"DEU"
"210","1519",1,"DEU"
"668","1519",1,"DEU"
"690","1519",1,"DEU"
"816","1519",1,"DEU"
"3","1520",2,"DEU"
"78","1520",1,"DEU"
"360","1520",1,"DEU"
"1013","1520",1,"DEU"
"8","1521",1,"DEU"
"12","1521",2,"DEU"
"236","1521",1,"DEU"
"1009","1521",1,"DEU"
"1448","1521",1,"DEU"
"1","1522",1,"DEU"
"8","1522",1,"DEU"
"25","1522",1,"DEU"
"30","1522",1,"DEU"
"92","1522",1,"DEU"
"267","1522",1,"DEU"
"1258","1522",1,"DEU"
"62","1523",1,"DEU"
"934","1523",1,"DEU"
"4","1524",1,"DEU"
"6","1524",1,"DEU"
"10","1524",1,"DEU"
"24","1524",1,"DEU"
"64","1524",1,"DEU"
"241","1524",2,"DEU"
"336","1524",1,"DEU"
"344","1524",1,"DEU"
"1303","1524",1,"DEU"
"18","1525",1,"DEU"
"22","1525",1,"DEU"
"39","1525",1,"DEU"
"190","1525",1,"DEU"
"1069","1525",1,"DEU"
"1445","1525",1,"DEU"
"1","1526",3,"DEU"
"2","1526",1,"DEU"
"3","1526",1,"DEU"
"537","1526",1,"DEU"
"897","1526",1,"DEU"
"1138","1526",1,"DEU"
"1","1527",1,"DEU"
"2","1527",1,"DEU"
"3","1527",1,"DEU"
"4","1527",1,"DEU"
"10","1527",1,"DEU"
"22","1527",1,"DEU"
"39","1527",1,"DEU"
"63","1527",1,"DEU"
"3","1528",1,"DEU"
"8","1528",2,"DEU"
"18","1528",1,"DEU"
"29","1528",1,"DEU"
"46","1528",1,"DEU"
"372","1528",1,"DEU"
"24","1529",1,"DEU"
"38","1529",1,"DEU"
"66","1529",1,"DEU"
"96","1529",1,"DEU"
"174","1529",1,"DEU"
"635","1529",1,"DEU"
"1","1530",1,"DEU"
"3","1530",1,"DEU"
"29","1530",1,"DEU"
"32","1530",1,"DEU"
"44","1530",1,"DEU"
"519","1530",1,"DEU"
"725","1530",1,"DEU"
"1","1531",2,"DEU"
"2","1531",1,"DEU"
"3","1531",1,"DEU"
"71","1531",1,"DEU"
"83","1531",1,"DEU"
"92","1531",2,"DEU"
"134","1531",1,"DEU"
"3","1532",1,"DEU"
"4","1532",1,"DEU"
"6","1532",1,"DEU"
"10","1532",2,"DEU"
"1","1533",2,"DEU"
"122","1533",1,"DEU"
"329","1533",1,"DEU"
"530","1533",1,"DEU"
"1391","1533",1,"DEU"
"12","1534",1,"DEU"
"14","1534",1,"DEU"
"25","1534",1,"DEU"
"126","1534",1,"DEU"
"1402","1534",1,"DEU"
"4","1535",1,"DEU"
"26","1535",1,"DEU"
"130","1535",1,"DEU"
"275","1535",1,"DEU"
"433","1535",1,"DEU"
"1","1536",1,"DEU"
"8","1536",4,"DEU"
"15","1536",1,"DEU"
"31","1536",2,"DEU"
"156","1536",1,"DEU"
"589","1536",1,"DEU"
"1","1537",1,"DEU"
"2","1537",1,"DEU"
"12","1537",1,"DEU"
"39","1537",1,"DEU"
"336","1537",1,"DEU"
"377","1537",1,"DEU"
"509","1537",1,"DEU"
"735","1537",1,"DEU"
"2","1538",1,"DEU"
"3","1538",1,"DEU"
"5","1538",1,"DEU"
"10","1538",1,"DEU"
"26","1538",1,"DEU"
"126","1538",1,"DEU"
"139","1538",1,"DEU"
"2","1539",1,"DEU"
"7","1539",1,"DEU"
"15","1539",1,"DEU"
"26","1539",3,"DEU"
"64","1539",1,"DEU"
"431","1539",1,"DEU"
"1","1540",1,"DEU"
"2","1540",1,"DEU"
"3","1540",1,"DEU"
"16","1540",1,"DEU"
"22","1540",1,"DEU"
"27","1540",1,"DEU"
"115","1540",1,"DEU"
"184","1540",1,"DEU"
"900","1540",1,"DEU"
"5","1541",1,"DEU"
"32","1541",1,"DEU"
"47","1541",1,"DEU"
"56","1541",1,"DEU"
"187","1541",1,"DEU"
"11","1542",2,"DEU"
"12","1542",1,"DEU"
"26","1542",1,"DEU"
"56","1542",2,"DEU"
"62","1542",1,"DEU"
"252","1542",1,"DEU"
"2","1543",2,"DEU"
"4","1543",2,"DEU"
"14","1543",1,"DEU"
"18","1543",2,"DEU"
"38","1543",1,"DEU"
"39","1543",1,"DEU"
"64","1543",1,"DEU"
"3","1544",1,"DEU"
"10","1544",1,"DEU"
"11","1544",1,"DEU"
"20","1544",1,"DEU"
"30","1544",1,"DEU"
"85","1544",1,"DEU"
"1172","1544",1,"DEU"
"1227","1544",1,"DEU"
"3","1545",1,"DEU"
"8","1545",1,"DEU"
"22","1545",1,"DEU"
"35","1545",2,"DEU"
"164","1545",1,"DEU"
"197","1545",1,"DEU"
"638","1545",1,"DEU"
"889","1545",1,"DEU"
"1","1546",1,"DEU"
"3","1546",1,"DEU"
"4","1546",2,"DEU"
"9","1546",1,"DEU"
"11","1546",1,"DEU"
"15","1546",1,"DEU"
"33","1547",1,"DEU"
"69","1547",1,"DEU"
"486","1547",1,"DEU"
"781","1547",1,"DEU"
"1016","1547",1,"DEU"
"2","1548",3,"DEU"
"7","1548",1,"DEU"
"36","1548",1,"DEU"
"43","1548",1,"DEU"
"113","1548",1,"DEU"
"918","1548",1,"DEU"
"1322","1548",1,"DEU"
"2","1549",2,"DEU"
"4","1549",2,"DEU"
"62","1549",1,"DEU"
"921","1549",1,"DEU"
"2","1550",1,"DEU"
"24","1550",2,"DEU"
"85","1550",1,"DEU"
"137","1550",1,"DEU"
"1018","1550",1,"DEU"
"1028","1550",1,"DEU"
"1205","1550",2,"DEU"
"1","1551",1,"DEU"
"2","1551",1,"DEU"
"7","1551",1,"DEU"
"15","1551",1,"DEU"
"18","1551",1,"DEU"
"51","1551",1,"DEU"
"63","1551",1,"DEU"
"157","1551",1,"DEU"
"1","1552",2,"DEU"
"2","1552",1,"DEU"
"7","1552",1,"DEU"
"29","1552",1,"DEU"
"161","1552",1,"DEU"
"394","1552",1,"DEU"
"468","1552",1,"DEU"
"1","1553",1,"DEU"
"8","1553",2,"DEU"
"12","1553",1,"DEU"
"18","1553",1,"DEU"
"68","1553",1,"DEU"
"165","1553",1,"DEU"
"700","1553",1,"DEU"
"844","1553",1,"DEU"
"1459","1553",1,"DEU"
"2","1554",1,"DEU"
"7","1554",1,"DEU"
"11","1554",1,"DEU"
"12","1554",2,"DEU"
"475","1554",1,"DEU"
"540","1554",1,"DEU"
"1","1555",2,"DEU"
"3","1555",2,"DEU"
"70","1555",1,"DEU"
"85","1555",1,"DEU"
"8","1556",1,"DEU"
"12","1556",3,"DEU"
"14","1556",1,"DEU"
"18","1556",2,"DEU"
"38","1556",1,"DEU"
"1","1557",3,"DEU"
"13","1557",1,"DEU"
"150","1557",1,"DEU"
"189","1557",1,"DEU"
"303","1557",1,"DEU"
"1121","1557",1,"DEU"
"3","1558",1,"DEU"
"4","1558",1,"DEU"
"41","1558",1,"DEU"
"171","1558",1,"DEU"
"451","1558",1,"DEU"
"8","1559",1,"DEU"
"179","1559",3,"DEU"
"10","1560",1,"DEU"
"334","1560",1,"DEU"
"639","1560",1,"DEU"
"1219","1560",1,"DEU"
"7","1561",1,"DEU"
"26","1561",1,"DEU"
"29","1561",1,"DEU"
"83","1561",1,"DEU"
"269","1561",1,"DEU"
"2","1562",1,"DEU"
"8","1562",1,"DEU"
"20","1562",3,"DEU"
"43","1562",1,"DEU"
"116","1562",1,"DEU"
"165","1562",1,"DEU"
"1","1563",1,"DEU"
"4","1563",1,"DEU"
"11","1563",1,"DEU"
"21","1563",1,"DEU"
"85","1563",1,"DEU"
"93","1563",1,"DEU"
"175","1563",1,"DEU"
"1023","1563",1,"DEU"
"2","1564",1,"DEU"
"20","1564",1,"DEU"
"22","1564",1,"DEU"
"32","1564",1,"DEU"
"94","1564",1,"DEU"
"289","1564",1,"DEU"
"951","1564",1,"DEU"
"1460","1564",1,"DEU"
"3","1565",1,"DEU"
"18","1565",1,"DEU"
"19","1565",1,"DEU"
"48","1565",1,"DEU"
"119","1565",1,"DEU"
"146","1565",1,"DEU"
"184","1565",1,"DEU"
"821","1565",1,"DEU"
"1","1566",1,"DEU"
"2","1566",1,"DEU"
"3","1566",1,"DEU"
"22","1566",1,"DEU"
"39","1566",1,"DEU"
"963","1566",1,"DEU"
"1","1567",1,"DEU"
"2","1567",1,"DEU"
"11","1567",1,"DEU"
"13","1567",1,"DEU"
"15","1567",1,"DEU"
"24","1567",1,"DEU"
"37","1567",1,"DEU"
"99","1567",1,"DEU"
"454","1567",1,"DEU"
"765","1567",1,"DEU"
"5","1568",1,"DEU"
"81","1568",1,"DEU"
"119","1568",1,"DEU"
"312","1568",1,"DEU"
"313","1568",1,"DEU"
"913","1568",1,"DEU"
"3","1569",1,"DEU"
"13","1569",1,"DEU"
"34","1569",1,"DEU"
"73","1569",1,"DEU"
"143","1569",1,"DEU"
"150","1569",1,"DEU"
"288","1569",1,"DEU"
"922","1569",1,"DEU"
"1","1570",1,"DEU"
"10","1570",1,"DEU"
"362","1570",4,"DEU"
"392","1570",2,"DEU"
"1","1571",1,"DEU"
"9","1571",5,"DEU"
"10","1571",1,"DEU"
"81","1571",1,"DEU"
"955","1571",1,"DEU"
"6","1572",1,"DEU"
"64","1572",1,"DEU"
"187","1572",1,"DEU"
"451","1572",1,"DEU"
"615","1572",1,"DEU"
"700","1572",1,"DEU"
"1256","1572",1,"DEU"
"2","1573",1,"DEU"
"9","1573",1,"DEU"
"38","1573",1,"DEU"
"53","1573",1,"DEU"
"55","1573",1,"DEU"
"58","1573",1,"DEU"
"60","1573",1,"DEU"
"104","1573",1,"DEU"
"584","1573",1,"DEU"
"2","1574",1,"DEU"
"8","1574",2,"DEU"
"14","1574",1,"DEU"
"45","1574",1,"DEU"
"141","1574",1,"DEU"
"495","1574",1,"DEU"
"1243","1574",1,"DEU"
"1506","1574",1,"DEU"
"2","1575",1,"DEU"
"6","1575",1,"DEU"
"33","1575",1,"DEU"
"45","1575",1,"DEU"
"188","1575",1,"DEU"
"290","1575",1,"DEU"
"1418","1575",1,"DEU"
"3","1576",1,"DEU"
"7","1576",1,"DEU"
"11","1576",2,"DEU"
"63","1576",1,"DEU"
"552","1576",1,"DEU"
"1065","1576",1,"DEU"
"1184","1576",1,"DEU"
"4","1577",1,"DEU"
"59","1577",1,"DEU"
"154","1577",2,"DEU"
"458","1577",1,"DEU"
"543","1577",1,"DEU"
"702","1577",1,"DEU"
"8","1578",1,"DEU"
"18","1578",1,"DEU"
"61","1578",1,"DEU"
"132","1578",1,"DEU"
"196","1578",1,"DEU"
"427","1578",1,"DEU"
"563","1578",1,"DEU"
"758","1578",1,"DEU"
"807","1578",1,"DEU"
"7","1579",2,"DEU"
"12","1579",2,"DEU"
"31","1579",1,"DEU"
"40","1579",2,"DEU"
"1085","1579",1,"DEU"
"10","1580",1,"DEU"
"13","1580",1,"DEU"
"15","1580",1,"DEU"
"30","1580",2,"DEU"
"35","1580",1,"DEU"
"39","1580",1,"DEU"
"57","1580",1,"DEU"
"552","1580",1,"DEU"
"1","1581",3,"DEU"
"2","1581",2,"DEU"
"12","1581",1,"DEU"
"14","1581",1,"DEU"
"26","1581",1,"DEU"
"81","1581",1,"DEU"
"650","1581",1,"DEU"
"16","1582",1,"DEU"
"145","1582",1,"DEU"
"184","1582",1,"DEU"
"193","1582",1,"DEU"
"336","1582",1,"DEU"
"635","1582",1,"DEU"
"1020","1582",1,"DEU"
"1","1583",4,"DEU"
"2","1583",2,"DEU"
"39","1583",1,"DEU"
"116","1583",1,"DEU"
"267","1583",1,"DEU"
"671","1583",1,"DEU"
"1","1584",1,"DEU"
"2","1584",1,"DEU"
"6","1584",1,"DEU"
"7","1584",1,"DEU"
"14","1584",1,"DEU"
"26","1584",1,"DEU"
"42","1584",1,"DEU"
"46","1584",1,"DEU"
"959","1584",1,"DEU"
"1","1585",3,"DEU"
"2","1585",2,"DEU"
"12","1585",2,"DEU"
"81","1585",1,"DEU"
"135","1585",1,"DEU"
"2","1586",3,"DEU"
"4","1586",1,"DEU"
"8","1586",1,"DEU"
"19","1586",1,"DEU"
"22","1586",1,"DEU"
"163","1586",1,"DEU"
"254","1586",1,"DEU"
"7","1587",1,"DEU"
"8","1587",1,"DEU"
"16","1587",1,"DEU"
"17","1587",1,"DEU"
"20","1587",1,"DEU"
"47","1587",1,"DEU"
"174","1587",1,"DEU"
"209","1587",1,"DEU"
"3","1588",1,"DEU"
"4","1588",1,"DEU"
"10","1588",1,"DEU"
"29","1588",3,"DEU"
"36","1588",1,"DEU"
"46","1588",1,"DEU"
"139","1588",1,"DEU"
"515","1588",1,"DEU"
"1","1589",1,"DEU"
"2","1589",2,"DEU"
"15","1589",1,"DEU"
"39","1589",1,"DEU"
"70","1589",1,"DEU"
"534","1589",1,"DEU"
"1245","1589",1,"DEU"
"1","1590",1,"DEU"
"17","1590",1,"DEU"
"42","1590",1,"DEU"
"130","1590",1,"DEU"
"231","1590",1,"DEU"
"638","1590",1,"DEU"
"739","1590",1,"DEU"
"1","1591",1,"DEU"
"2","1591",1,"DEU"
"41","1591",1,"DEU"
"149","1591",1,"DEU"
"336","1591",1,"DEU"
"1481","1591",1,"DEU"
"2","1592",1,"DEU"
"24","1592",1,"DEU"
"600","1592",1,"DEU"
"1482","1592",1,"DEU"
"8","1593",1,"DEU"
"17","1593",4,"DEU"
"35","1593",1,"DEU"
"330","1593",1,"DEU"
"576","1593",1,"DEU"
"11","1594",2,"DEU"
"31","1594",1,"DEU"
"42","1594",1,"DEU"
"75","1594",1,"DEU"
"149","1594",1,"DEU"
"227","1594",1,"DEU"
"228","1594",1,"DEU"
"882","1594",1,"DEU"
"1","1595",1,"DEU"
"2","1595",1,"DEU"
"3","1595",1,"DEU"
"59","1595",1,"DEU"
"457","1595",1,"DEU"
"2","1596",1,"DEU"
"46","1596",1,"DEU"
"67","1596",2,"DEU"
"167","1596",1,"DEU"
"651","1596",1,"DEU"
"1106","1596",1,"DEU"
"1541","1596",1,"DEU"
"1","1597",1,"DEU"
"2","1597",4,"DEU"
"9","1597",1,"DEU"
"35","1597",1,"DEU"
"37","1597",1,"DEU"
"713","1597",1,"DEU"
"1","1598",3,"DEU"
"12","1598",2,"DEU"
"137","1598",1,"DEU"
"257","1598",1,"DEU"
"1008","1598",1,"DEU"
"1592","1598",1,"DEU"
"11","1599",3,"DEU"
"31","1599",1,"DEU"
"42","1599",1,"DEU"
"101","1599",1,"DEU"
"123","1599",1,"DEU"
"285","1599",1,"DEU"
"413","1599",1,"DEU"
"442","1599",1,"DEU"
"1","1600",1,"DEU"
"2","1600",1,"DEU"
"4","1600",1,"DEU"
"22","1600",1,"DEU"
"39","1600",2,"DEU"
"116","1600",2,"DEU"
"503","1600",1,"DEU"
"922","1600",1,"DEU"
"1","1601",1,"DEU"
"2","1601",1,"DEU"
"8","1601",1,"DEU"
"11","1601",1,"DEU"
"13","1601",3,"DEU"
"29","1601",1,"DEU"
"222","1601",1,"DEU"
"304","1601",1,"DEU"
"1","1602",1,"DEU"
"4","1602",1,"DEU"
"17","1602",1,"DEU"
"28","1602",1,"DEU"
"49","1602",1,"DEU"
"54","1602",1,"DEU"
"57","1602",1,"DEU"
"74","1602",1,"DEU"
"232","1602",1,"DEU"
"1325","1602",1,"DEU"
"3","1603",1,"DEU"
"7","1603",1,"DEU"
"107","1603",1,"DEU"
"156","1603",1,"DEU"
"184","1603",1,"DEU"
"295","1603",1,"DEU"
"798","1603",1,"DEU"
"3","1604",1,"DEU"
"4","1604",1,"DEU"
"15","1604",1,"DEU"
"44","1604",1,"DEU"
"156","1604",1,"DEU"
"171","1604",1,"DEU"
"245","1604",1,"DEU"
"314","1604",1,"DEU"
"329","1604",1,"DEU"
"927","1604",1,"DEU"
"3","1605",1,"DEU"
"12","1605",1,"DEU"
"15","1605",1,"DEU"
"44","1605",1,"DEU"
"64","1605",1,"DEU"
"350","1605",1,"DEU"
"437","1605",1,"DEU"
"857","1605",1,"DEU"
"3","1606",1,"DEU"
"13","1606",1,"DEU"
"24","1606",1,"DEU"
"28","1606",1,"DEU"
"46","1606",1,"DEU"
"61","1606",1,"DEU"
"312","1606",1,"DEU"
"583","1606",1,"DEU"
"31","1607",1,"DEU"
"35","1607",2,"DEU"
"202","1607",1,"DEU"
"10","1608",1,"DEU"
"23","1608",1,"DEU"
"27","1608",1,"DEU"
"125","1608",1,"DEU"
"183","1608",1,"DEU"
"346","1608",1,"DEU"
"790","1608",1,"DEU"
"2","1609",2,"DEU"
"4","1609",3,"DEU"
"5","1609",1,"DEU"
"12","1609",2,"DEU"
"728","1609",1,"DEU"
"1","1610",1,"DEU"
"5","1610",1,"DEU"
"19","1610",1,"DEU"
"25","1610",2,"DEU"
"110","1610",1,"DEU"
"342","1610",1,"DEU"
"971","1610",1,"DEU"
"1","1611",2,"DEU"
"4","1611",1,"DEU"
"24","1611",1,"DEU"
"72","1611",1,"DEU"
"140","1611",1,"DEU"
"648","1611",1,"DEU"
"960","1611",1,"DEU"
"979","1611",1,"DEU"
"1171","1611",1,"DEU"
"1","1612",1,"DEU"
"2","1612",1,"DEU"
"3","1612",3,"DEU"
"5","1612",1,"DEU"
"25","1612",1,"DEU"
"26","1612",1,"DEU"
"1066","1612",1,"DEU"
"1","1613",1,"DEU"
"3","1613",1,"DEU"
"11","1613",1,"DEU"
"12","1613",1,"DEU"
"21","1613",1,"DEU"
"45","1613",1,"DEU"
"59","1613",1,"DEU"
"88","1613",1,"DEU"
"195","1613",1,"DEU"
"2","1614",1,"DEU"
"3","1614",2,"DEU"
"15","1614",1,"DEU"
"20","1614",1,"DEU"
"68","1614",1,"DEU"
"590","1614",1,"DEU"
"3","1615",1,"DEU"
"27","1615",1,"DEU"
"28","1615",1,"DEU"
"30","1615",1,"DEU"
"66","1615",1,"DEU"
"285","1615",1,"DEU"
"401","1615",1,"DEU"
"7","1616",1,"DEU"
"8","1616",1,"DEU"
"37","1616",1,"DEU"
"49","1616",1,"DEU"
"71","1616",1,"DEU"
"117","1616",2,"DEU"
"331","1616",1,"DEU"
"1","1617",1,"DEU"
"13","1617",1,"DEU"
"15","1617",1,"DEU"
"21","1617",1,"DEU"
"53","1617",1,"DEU"
"280","1617",1,"DEU"
"1","1618",1,"DEU"
"7","1618",1,"DEU"
"30","1618",1,"DEU"
"35","1618",1,"DEU"
"92","1618",1,"DEU"
"117","1618",1,"DEU"
"143","1618",1,"DEU"
"197","1618",1,"DEU"
"293","1618",1,"DEU"
"584","1618",1,"DEU"
"33","1619",2,"DEU"
"42","1619",1,"DEU"
"456","1619",1,"DEU"
"533","1619",1,"DEU"
"1212","1619",1,"DEU"
"16","1620",1,"DEU"
"30","1620",2,"DEU"
"35","1620",1,"DEU"
"101","1620",1,"DEU"
"102","1620",1,"DEU"
"1188","1620",1,"DEU"
"16","1621",2,"DEU"
"32","1621",1,"DEU"
"267","1621",1,"DEU"
"332","1621",1,"DEU"
"344","1621",1,"DEU"
"413","1621",1,"DEU"
"1045","1621",1,"DEU"
"5","1622",1,"DEU"
"42","1622",2,"DEU"
"86","1622",1,"DEU"
"118","1622",1,"DEU"
"201","1622",1,"DEU"
"508","1622",1,"DEU"
"663","1622",1,"DEU"
"1131","1622",1,"DEU"
"4","1623",1,"DEU"
"14","1623",1,"DEU"
"27","1623",1,"DEU"
"44","1623",1,"DEU"
"50","1623",1,"DEU"
"55","1623",1,"DEU"
"67","1623",2,"DEU"
"349","1623",1,"DEU"
"1","1624",2,"DEU"
"3","1624",1,"DEU"
"25","1624",1,"DEU"
"238","1624",1,"DEU"
"480","1624",1,"DEU"
"1","1625",1,"DEU"
"2","1625",2,"DEU"
"3","1625",1,"DEU"
"39","1625",1,"DEU"
"945","1625",1,"DEU"
"4","1626",1,"DEU"
"12","1626",1,"DEU"
"13","1626",1,"DEU"
"65","1626",1,"DEU"
"119","1626",1,"DEU"
"478","1626",1,"DEU"
"527","1626",1,"DEU"
"1228","1626",1,"DEU"
"3","1627",1,"DEU"
"11","1627",1,"DEU"
"12","1627",1,"DEU"
"20","1627",1,"DEU"
"25","1627",1,"DEU"
"103","1627",1,"DEU"
"7","1628",1,"DEU"
"37","1628",2,"DEU"
"42","1628",1,"DEU"
"70","1628",1,"DEU"
"73","1628",1,"DEU"
"100","1628",1,"DEU"
"169","1628",1,"DEU"
"771","1628",1,"DEU"
"1419","1628",1,"DEU"
"3","1629",1,"DEU"
"59","1629",1,"DEU"
"84","1629",2,"DEU"
"105","1629",2,"DEU"
"1234","1629",1,"DEU"
"21","1630",1,"DEU"
"24","1630",1,"DEU"
"39","1630",1,"DEU"
"67","1630",1,"DEU"
"237","1630",1,"DEU"
"3","1631",1,"DEU"
"72","1631",1,"DEU"
"123","1631",1,"DEU"
"126","1631",1,"DEU"
"160","1631",1,"DEU"
"186","1631",1,"DEU"
"1063","1631",2,"DEU"
"4","1632",1,"DEU"
"50","1632",5,"DEU"
"53","1632",1,"DEU"
"224","1632",1,"DEU"
"311","1632",1,"DEU"
"446","1632",1,"DEU"
"22","1633",3,"DEU"
"100","1633",1,"DEU"
"337","1633",1,"DEU"
"1025","1633",1,"DEU"
"18","1634",5,"DEU"
"319","1634",1,"DEU"
"689","1634",1,"DEU"
"898","1634",2,"DEU"
"9","1635",2,"DEU"
"77","1635",1,"DEU"
"126","1635",1,"DEU"
"133","1635",1,"DEU"
"190","1635",1,"DEU"
"585","1635",1,"DEU"
"38","1636",1,"DEU"
"39","1636",1,"DEU"
"40","1636",3,"DEU"
"115","1636",1,"DEU"
"681","1636",1,"DEU"
"1056","1636",1,"DEU"
"2","1637",3,"DEU"
"4","1637",2,"DEU"
"35","1637",1,"DEU"
"62","1637",1,"DEU"
"83","1637",1,"DEU"
"307","1637",1,"DEU"
"378","1637",1,"DEU"
"8","1638",1,"DEU"
"18","1638",1,"DEU"
"33","1638",1,"DEU"
"35","1638",1,"DEU"
"51","1638",1,"DEU"
"425","1638",1,"DEU"
"446","1638",3,"DEU"
"1078","1638",1,"DEU"
"4","1639",1,"DEU"
"15","1639",2,"DEU"
"18","1639",1,"DEU"
"62","1639",4,"DEU"
"2","1640",1,"DEU"
"8","1640",1,"DEU"
"59","1640",2,"DEU"
"92","1640",1,"DEU"
"107","1640",1,"DEU"
"147","1640",1,"DEU"
"1","1641",1,"DEU"
"13","1641",1,"DEU"
"14","1641",1,"DEU"
"23","1641",1,"DEU"
"56","1641",1,"DEU"
"110","1641",1,"DEU"
"573","1641",1,"DEU"
"942","1641",1,"DEU"
"5","1642",2,"DEU"
"17","1642",1,"DEU"
"41","1642",1,"DEU"
"66","1642",1,"DEU"
"67","1642",1,"DEU"
"73","1642",1,"DEU"
"92","1642",1,"DEU"
"290","1642",1,"DEU"
"989","1642",1,"DEU"
"5","1643",1,"DEU"
"14","1643",1,"DEU"
"21","1643",1,"DEU"
"30","1643",1,"DEU"
"89","1643",1,"DEU"
"112","1643",1,"DEU"
"913","1643",1,"DEU"
"986","1643",1,"DEU"
"4","1644",2,"DEU"
"6","1644",5,"DEU"
"15","1644",3,"DEU"
"2","1645",1,"DEU"
"15","1645",4,"DEU"
"18","1645",1,"DEU"
"20","1645",1,"DEU"
"873","1645",1,"DEU"
"1273","1645",1,"DEU"
"6","1646",2,"DEU"
"12","1646",2,"DEU"
"93","1646",1,"DEU"
"256","1646",1,"DEU"
"305","1646",1,"DEU"
"1183","1646",1,"DEU"
"3","1647",1,"DEU"
"135","1647",1,"DEU"
"150","1647",1,"DEU"
"612","1647",1,"DEU"
"21","1648",1,"DEU"
"30","1648",1,"DEU"
"61","1648",1,"DEU"
"76","1648",1,"DEU"
"334","1648",1,"DEU"
"721","1648",1,"DEU"
"970","1648",1,"DEU"
"998","1648",1,"DEU"
"8","1649",1,"DEU"
"22","1649",1,"DEU"
"136","1649",1,"DEU"
"489","1649",1,"DEU"
"3","1650",1,"DEU"
"694","1650",1,"DEU"
"1208","1650",5,"DEU"
"1214","1650",1,"DEU"
"2","1651",2,"DEU"
"3","1651",1,"DEU"
"7","1651",1,"DEU"
"22","1651",1,"DEU"
"127","1651",1,"DEU"
"146","1651",1,"DEU"
"397","1651",1,"DEU"
"506","1651",1,"DEU"
"12","1652",1,"DEU"
"19","1652",1,"DEU"
"60","1652",1,"DEU"
"233","1652",1,"DEU"
"973","1652",1,"DEU"
"994","1652",1,"DEU"
"3","1653",2,"DEU"
"4","1653",2,"DEU"
"8","1653",1,"DEU"
"20","1653",1,"DEU"
"113","1653",1,"DEU"
"742","1653",1,"DEU"
"1336","1653",1,"DEU"
"3","1654",2,"DEU"
"11","1654",1,"DEU"
"13","1654",1,"DEU"
"32","1654",1,"DEU"
"37","1654",1,"DEU"
"454","1654",1,"DEU"
"2","1655",1,"DEU"
"6","1655",1,"DEU"
"20","1655",1,"DEU"
"57","1655",1,"DEU"
"314","1655",1,"DEU"
"361","1655",1,"DEU"
"1048","1655",1,"DEU"
"2","1656",1,"DEU"
"4","1656",1,"DEU"
"7","1656",1,"DEU"
"12","1656",1,"DEU"
"40","1656",1,"DEU"
"56","1656",1,"DEU"
"62","1656",1,"DEU"
"1","1657",2,"DEU"
"10","1657",1,"DEU"
"22","1657",1,"DEU"
"36","1657",2,"DEU"
"127","1657",1,"DEU"
"129","1657",1,"DEU"
"1","1658",3,"DEU"
"29","1658",1,"DEU"
"52","1658",1,"DEU"
"2","1659",1,"DEU"
"31","1659",1,"DEU"
"173","1659",2,"DEU"
"1119","1659",1,"DEU"
"1306","1659",1,"DEU"
"1657","1659",1,"DEU"
"2","1660",2,"DEU"
"9","1660",1,"DEU"
"15","1660",2,"DEU"
"26","1660",2,"DEU"
"68","1660",1,"DEU"
"3","1661",1,"DEU"
"58","1661",2,"DEU"
"112","1661",1,"DEU"
"269","1661",1,"DEU"
"328","1661",1,"DEU"
"1131","1661",1,"DEU"
"1566","1661",1,"DEU"
"3","1662",1,"DEU"
"13","1662",1,"DEU"
"17","1662",1,"DEU"
"25","1662",1,"DEU"
"65","1662",1,"DEU"
"75","1662",2,"DEU"
"497","1662",1,"DEU"
"1","1663",1,"DEU"
"11","1663",1,"DEU"
"73","1663",1,"DEU"
"133","1663",1,"DEU"
"141","1663",1,"DEU"
"167","1663",1,"DEU"
"190","1663",1,"DEU"
"349","1663",1,"DEU"
"1649","1663",1,"DEU"
"7","1664",1,"DEU"
"10","1664",1,"DEU"
"18","1664",1,"DEU"
"26","1664",1,"DEU"
"39","1664",1,"DEU"
"165","1664",1,"DEU"
"171","1664",1,"DEU"
"13","1665",2,"DEU"
"34","1665",1,"DEU"
"45","1665",1,"DEU"
"404","1665",1,"DEU"
"1025","1665",1,"DEU"
"1204","1665",1,"DEU"
"1231","1665",1,"DEU"
"2","1666",1,"DEU"
"11","1666",1,"DEU"
"12","1666",1,"DEU"
"13","1666",1,"DEU"
"45","1666",1,"DEU"
"47","1666",1,"DEU"
"53","1666",1,"DEU"
"222","1666",1,"DEU"
"1","1667",1,"DEU"
"4","1667",1,"DEU"
"26","1667",1,"DEU"
"29","1667",1,"DEU"
"226","1667",1,"DEU"
"340","1667",1,"DEU"
"511","1667",1,"DEU"
"787","1667",1,"DEU"
"1047","1667",1,"DEU"
"1376","1667",1,"DEU"
"14","1668",1,"DEU"
"37","1668",1,"DEU"
"40","1668",2,"DEU"
"137","1668",1,"DEU"
"141","1668",1,"DEU"
"728","1668",1,"DEU"
"15","1669",1,"DEU"
"27","1669",1,"DEU"
"85","1669",1,"DEU"
"126","1669",1,"DEU"
"135","1669",1,"DEU"
"140","1669",1,"DEU"
"307","1669",1,"DEU"
"1066","1669",1,"DEU"
"14","1670",1,"DEU"
"36","1670",1,"DEU"
"808","1670",1,"DEU"
"1002","1670",1,"DEU"
"3","1671",1,"DEU"
"5","1671",1,"DEU"
"26","1671",1,"DEU"
"41","1671",1,"DEU"
"93","1671",1,"DEU"
"238","1671",1,"DEU"
"736","1671",1,"DEU"
"829","1671",1,"DEU"
"2","1672",3,"DEU"
"7","1672",1,"DEU"
"10","1672",1,"DEU"
"15","1672",2,"DEU"
"48","1672",1,"DEU"
"103","1672",1,"DEU"
"310","1672",1,"DEU"
"3","1673",1,"DEU"
"18","1673",1,"DEU"
"86","1673",1,"DEU"
"168","1673",1,"DEU"
"1279","1673",1,"DEU"
"1565","1673",1,"DEU"
"2","1674",1,"DEU"
"7","1674",2,"DEU"
"39","1674",1,"DEU"
"248","1674",1,"DEU"
"418","1674",1,"DEU"
"638","1674",1,"DEU"
"977","1674",1,"DEU"
"12","1675",1,"DEU"
"44","1675",2,"DEU"
"140","1675",3,"DEU"
"237","1675",1,"DEU"
"1","1676",1,"DEU"
"2","1676",1,"DEU"
"13","1676",1,"DEU"
"47","1676",1,"DEU"
"65","1676",1,"DEU"
"73","1676",1,"DEU"
"187","1676",1,"DEU"
"390","1676",1,"DEU"
"553","1676",1,"DEU"
"1411","1676",1,"DEU"
"1","1677",1,"DEU"
"35","1677",1,"DEU"
"103","1677",1,"DEU"
"478","1677",1,"DEU"
"1","1678",2,"DEU"
"2","1678",2,"DEU"
"3","1678",1,"DEU"
"40","1678",1,"DEU"
"59","1678",1,"DEU"
"89","1678",1,"DEU"
"283","1678",1,"DEU"
"14","1679",1,"DEU"
"25","1679",2,"DEU"
"36","1679",1,"DEU"
"69","1679",1,"DEU"
"179","1679",1,"DEU"
"1052","1679",1,"DEU"
"1221","1679",1,"DEU"
"1626","1679",1,"DEU"
"2","1680",1,"DEU"
"13","1680",1,"DEU"
"18","1680",1,"DEU"
"26","1680",5,"DEU"
"1509","1680",1,"DEU"
"1","1681",1,"DEU"
"2","1681",2,"DEU"
"3","1681",1,"DEU"
"319","1681",1,"DEU"
"549","1681",1,"DEU"
"1189","1681",1,"DEU"
"1","1682",1,"DEU"
"10","1682",1,"DEU"
"14","1682",1,"DEU"
"18","1682",1,"DEU"
"39","1682",1,"DEU"
"40","1682",1,"DEU"
"189","1682",1,"DEU"
"1092","1682",1,"DEU"
"1200","1682",1,"DEU"
"2","1683",2,"DEU"
"15","1683",2,"DEU"
"18","1683",1,"DEU"
"26","1683",1,"DEU"
"58","1683",1,"DEU"
"131","1683",1,"DEU"
"227","1683",1,"DEU"
"1127","1683",1,"DEU"
"3","1684",2,"DEU"
"10","1684",1,"DEU"
"62","1684",1,"DEU"
"231","1684",1,"DEU"
"462","1684",1,"DEU"
"633","1684",1,"DEU"
"835","1684",1,"DEU"
"1","1685",1,"DEU"
"17","1685",1,"DEU"
"23","1685",1,"DEU"
"50","1685",1,"DEU"
"108","1685",1,"DEU"
"139","1685",1,"DEU"
"1398","1685",1,"DEU"
"2","1686",1,"DEU"
"3","1686",1,"DEU"
"22","1686",1,"DEU"
"59","1686",1,"DEU"
"412","1686",1,"DEU"
"1054","1686",1,"DEU"
"1633","1686",1,"DEU"
"2","1687",2,"DEU"
"3","1687",2,"DEU"
"26","1687",1,"DEU"
"32","1687",1,"DEU"
"5","1688",1,"DEU"
"23","1688",1,"DEU"
"33","1688",1,"DEU"
"47","1688",1,"DEU"
"92","1688",1,"DEU"
"96","1688",1,"DEU"
"232","1688",1,"DEU"
"234","1688",1,"DEU"
"389","1688",1,"DEU"
"3","1689",1,"DEU"
"32","1689",1,"DEU"
"62","1689",1,"DEU"
"69","1689",2,"DEU"
"261","1689",1,"DEU"
"710","1689",2,"DEU"
"1486","1689",1,"DEU"
"1","1690",1,"DEU"
"2","1690",1,"DEU"
"7","1690",1,"DEU"
"83","1690",1,"DEU"
"206","1690",1,"DEU"
"379","1690",1,"DEU"
"720","1690",1,"DEU"
"1091","1690",1,"DEU"
"1468","1690",1,"DEU"
"1","1691",1,"DEU"
"16","1691",1,"DEU"
"21","1691",1,"DEU"
"42","1691",1,"DEU"
"352","1691",1,"DEU"
"576","1691",1,"DEU"
"16","1692",1,"DEU"
"34","1692",1,"DEU"
"42","1692",1,"DEU"
"53","1692",1,"DEU"
"69","1692",1,"DEU"
"102","1692",1,"DEU"
"556","1692",1,"DEU"
"3","1693",1,"DEU"
"4","1693",1,"DEU"
"6","1693",1,"DEU"
"10","1693",1,"DEU"
"12","1693",1,"DEU"
"14","1693",1,"DEU"
"19","1693",1,"DEU"
"81","1693",1,"DEU"
"367","1693",1,"DEU"
"1","1694",2,"DEU"
"3","1694",1,"DEU"
"13","1694",1,"DEU"
"16","1694",1,"DEU"
"22","1694",2,"DEU"
"518","1694",2,"DEU"
"1","1695",2,"DEU"
"2","1695",1,"DEU"
"4","1695",1,"DEU"
"64","1695",1,"DEU"
"99","1695",1,"DEU"
"2","1696",2,"DEU"
"277","1696",1,"DEU"
"417","1696",1,"DEU"
"4","1697",1,"DEU"
"10","1697",1,"DEU"
"12","1697",1,"DEU"
"14","1697",1,"DEU"
"36","1697",1,"DEU"
"443","1697",1,"DEU"
"516","1697",1,"DEU"
"586","1697",1,"DEU"
"9","1698",1,"DEU"
"58","1698",1,"DEU"
"80","1698",1,"DEU"
"123","1698",1,"DEU"
"144","1698",1,"DEU"
"523","1698",1,"DEU"
"1237","1698",1,"DEU"
"1","1699",1,"DEU"
"2","1699",1,"DEU"
"13","1699",1,"DEU"
"19","1699",1,"DEU"
"63","1699",1,"DEU"
"280","1699",1,"DEU"
"970","1699",1,"DEU"
"4","1700",3,"DEU"
"11","1700",1,"DEU"
"29","1700",1,"DEU"
"79","1700",1,"DEU"
"894","1700",1,"DEU"
"2","1701",1,"DEU"
"4","1701",1,"DEU"
"21","1701",2,"DEU"
"95","1701",1,"DEU"
"386","1701",1,"DEU"
"753","1701",1,"DEU"
"1533","1701",1,"DEU"
"3","1702",1,"DEU"
"9","1702",1,"DEU"
"12","1702",1,"DEU"
"23","1702",1,"DEU"
"46","1702",1,"DEU"
"242","1702",1,"DEU"
"782","1702",1,"DEU"
"10","1703",1,"DEU"
"11","1703",1,"DEU"
"15","1703",2,"DEU"
"131","1703",1,"DEU"
"171","1703",1,"DEU"
"193","1703",1,"DEU"
"369","1703",1,"DEU"
"2","1704",1,"DEU"
"93","1704",1,"DEU"
"97","1704",1,"DEU"
"141","1704",1,"DEU"
"182","1704",1,"DEU"
"216","1704",1,"DEU"
"297","1704",1,"DEU"
"1504","1704",1,"DEU"
"1","1705",1,"DEU"
"45","1705",1,"DEU"
"51","1705",1,"DEU"
"86","1705",1,"DEU"
"122","1705",1,"DEU"
"130","1705",1,"DEU"
"174","1705",1,"DEU"
"216","1705",1,"DEU"
"1008","1705",1,"DEU"
"2","1706",1,"DEU"
"11","1706",2,"DEU"
"33","1706",1,"DEU"
"116","1706",1,"DEU"
"140","1706",1,"DEU"
"141","1706",1,"DEU"
"364","1706",1,"DEU"
"1","1707",1,"DEU"
"6","1707",1,"DEU"
"19","1707",2,"DEU"
"49","1707",1,"DEU"
"50","1707",1,"DEU"
"167","1707",1,"DEU"
"463","1707",1,"DEU"
"706","1707",1,"DEU"
"9","1708",4,"DEU"
"19","1708",1,"DEU"
"69","1708",1,"DEU"
"110","1708",1,"DEU"
"175","1708",1,"DEU"
"300","1708",1,"DEU"
"1128","1708",1,"DEU"
"2","1709",1,"DEU"
"3","1709",1,"DEU"
"4","1709",2,"DEU"
"15","1709",1,"DEU"
"25","1709",1,"DEU"
"29","1709",1,"DEU"
"56","1709",1,"DEU"
"80","1709",1,"DEU"
"83","1709",1,"DEU"
"7","1710",1,"DEU"
"8","1710",2,"DEU"
"13","1710",1,"DEU"
"20","1710",2,"DEU"
"33","1710",1,"DEU"
"103","1710",1,"DEU"
"1","1711",2,"DEU"
"26","1711",1,"DEU"
"50","1711",1,"DEU"
"51","1711",2,"DEU"
"173","1711",1,"DEU"
"1143","1711",1,"DEU"
"1","1712",1,"DEU"
"9","1712",2,"DEU"
"62","1712",2,"DEU"
"69","1712",1,"DEU"
"151","1712",1,"DEU"
"1128","1712",1,"DEU"
"2","1713",5,"DEU"
"12","1713",1,"DEU"
"26","1713",1,"DEU"
"224","1713",1,"DEU"
"759","1713",1,"DEU"
"2","1714",1,"DEU"
"3","1714",1,"DEU"
"6","1714",1,"DEU"
"14","1714",2,"DEU"
"23","1714",1,"DEU"
"1048","1714",1,"DEU"
"1613","1714",1,"DEU"
"15","1715",2,"DEU"
"18","1715",1,"DEU"
"97","1715",1,"DEU"
"272","1715",1,"DEU"
"512","1715",1,"DEU"
"3","1716",1,"DEU"
"4","1716",1,"DEU"
"18","1716",4,"DEU"
"61","1716",1,"DEU"
"169","1716",1,"DEU"
"410","1716",1,"DEU"
"1502","1716",1,"DEU"
"8","1717",2,"DEU"
"20","1717",1,"DEU"
"25","1717",1,"DEU"
"26","1717",1,"DEU"
"948","1717",1,"DEU"
"18","1718",1,"DEU"
"19","1718",1,"DEU"
"32","1718",1,"DEU"
"61","1718",1,"DEU"
"66","1718",1,"DEU"
"1573","1718",1,"DEU"
"1","1719",2,"DEU"
"6","1719",1,"DEU"
"10","1719",1,"DEU"
"75","1719",1,"DEU"
"239","1719",1,"DEU"
"698","1719",1,"DEU"
"1","1720",2,"DEU"
"2","1720",1,"DEU"
"10","1720",1,"DEU"
"12","1720",1,"DEU"
"13","1720",1,"DEU"
"14","1720",1,"DEU"
"19","1720",1,"DEU"
"22","1720",1,"DEU"
"24","1720",1,"DEU"
"3","1721",1,"DEU"
"15","1721",1,"DEU"
"33","1721",1,"DEU"
"638","1721",1,"DEU"
"1373","1721",1,"DEU"
"1480","1721",1,"DEU"
"1497","1721",1,"DEU"
"29","1722",1,"DEU"
"45","1722",1,"DEU"
"96","1722",4,"DEU"
"391","1722",1,"DEU"
"476","1722",1,"DEU"
"18","1723",1,"DEU"
"24","1723",1,"DEU"
"59","1723",1,"DEU"
"86","1723",1,"DEU"
"187","1723",1,"DEU"
"361","1723",1,"DEU"
"484","1723",1,"DEU"
"504","1723",1,"DEU"
"678","1723",1,"DEU"
"1696","1723",1,"DEU"
"3","1724",1,"DEU"
"4","1724",4,"DEU"
"15","1724",1,"DEU"
"46","1724",1,"DEU"
"126","1724",1,"DEU"
"4","1725",3,"DEU"
"20","1725",1,"DEU"
"25","1725",1,"DEU"
"38","1725",4,"DEU"
"30","1726",1,"DEU"
"48","1726",2,"DEU"
"182","1726",2,"DEU"
"269","1726",1,"DEU"
"279","1726",1,"DEU"
"287","1726",1,"DEU"
"1162","1726",1,"DEU"
"1","1727",2,"DEU"
"3","1727",1,"DEU"
"8","1727",1,"DEU"
"9","1727",1,"DEU"
"26","1727",2,"DEU"
"81","1727",1,"DEU"
"1172","1727",1,"DEU"
"1605","1727",1,"DEU"
"300","1728",1,"DEU"
"309","1728",1,"DEU"
"402","1728",1,"DEU"
"1201","1728",5,"DEU"
"2","1729",1,"DEU"
"5","1729",1,"DEU"
"11","1729",1,"DEU"
"28","1729",1,"DEU"
"51","1729",1,"DEU"
"74","1729",1,"DEU"
"86","1729",1,"DEU"
"190","1729",1,"DEU"
"256","1729",1,"DEU"
"3","1730",1,"DEU"
"22","1730",2,"DEU"
"32","1730",1,"DEU"
"107","1730",1,"DEU"
"200","1730",1,"DEU"
"357","1730",1,"DEU"
"1575","1730",1,"DEU"
"1","1731",1,"DEU"
"2","1731",1,"DEU"
"7","1731",2,"DEU"
"26","1731",1,"DEU"
"38","1731",1,"DEU"
"1360","1731",1,"DEU"
"2","1732",1,"DEU"
"14","1732",1,"DEU"
"15","1732",1,"DEU"
"39","1732",1,"DEU"
"112","1732",1,"DEU"
"213","1732",1,"DEU"
"244","1732",1,"DEU"
"419","1732",1,"DEU"
"598","1732",1,"DEU"
"2","1733",1,"DEU"
"13","1733",1,"DEU"
"29","1733",1,"DEU"
"36","1733",1,"DEU"
"92","1733",1,"DEU"
"93","1733",1,"DEU"
"386","1733",2,"DEU"
"854","1733",1,"DEU"
"2","1734",1,"DEU"
"3","1734",1,"DEU"
"162","1734",1,"DEU"
"172","1734",1,"DEU"
"312","1734",1,"DEU"
"530","1734",1,"DEU"
"2","1735",1,"DEU"
"8","1735",3,"DEU"
"18","1735",1,"DEU"
"43","1735",1,"DEU"
"97","1735",1,"DEU"
"7","1736",1,"DEU"
"11","1736",1,"DEU"
"26","1736",1,"DEU"
"40","1736",1,"DEU"
"153","1736",1,"DEU"
"1636","1736",1,"DEU"
"6","1737",2,"DEU"
"93","1737",1,"DEU"
"193","1737",1,"DEU"
"291","1737",1,"DEU"
"385","1737",1,"DEU"
"464","1737",1,"DEU"
"686","1737",1,"DEU"
"10","1738",1,"DEU"
"31","1738",1,"DEU"
"51","1738",1,"DEU"
"67","1738",1,"DEU"
"121","1738",1,"DEU"
"128","1738",1,"DEU"
"344","1738",1,"DEU"
"3","1739",2,"DEU"
"6","1739",1,"DEU"
"36","1739",1,"DEU"
"42","1739",1,"DEU"
"52","1739",1,"DEU"
"83","1739",1,"DEU"
"347","1739",1,"DEU"
"3","1740",1,"DEU"
"6","1740",1,"DEU"
"8","1740",1,"DEU"
"13","1740",1,"DEU"
"221","1740",1,"DEU"
"743","1740",1,"DEU"
"833","1740",1,"DEU"
"9","1741",1,"DEU"
"10","1741",1,"DEU"
"12","1741",1,"DEU"
"86","1741",1,"DEU"
"141","1741",1,"DEU"
"204","1741",1,"DEU"
"3","1742",3,"DEU"
"5","1742",1,"DEU"
"18","1742",1,"DEU"
"30","1742",1,"DEU"
"934","1742",1,"DEU"
"1081","1742",1,"DEU"
"1","1743",1,"DEU"
"3","1743",1,"DEU"
"7","1743",1,"DEU"
"25","1743",1,"DEU"
"28","1743",1,"DEU"
"123","1743",1,"DEU"
"134","1743",1,"DEU"
"323","1743",1,"DEU"
"2","1744",3,"DEU"
"11","1744",1,"DEU"
"21","1744",1,"DEU"
"25","1744",1,"DEU"
"519","1744",1,"DEU"
"1","1745",4,"DEU"
"2","1745",1,"DEU"
"15","1745",1,"DEU"
"61","1745",1,"DEU"
"188","1745",1,"DEU"
"196","1745",1,"DEU"
"207","1745",1,"DEU"
"2","1746",1,"DEU"
"4","1746",1,"DEU"
"37","1746",1,"DEU"
"40","1746",1,"DEU"
"64","1746",1,"DEU"
"68","1746",1,"DEU"
"143","1746",1,"DEU"
"796","1746",1,"DEU"
"3","1747",1,"DEU"
"4","1747",2,"DEU"
"20","1747",1,"DEU"
"142","1747",1,"DEU"
"317","1747",1,"DEU"
"342","1747",1,"DEU"
"368","1747",1,"DEU"
"541","1747",1,"DEU"
"2","1748",1,"DEU"
"13","1748",1,"DEU"
"14","1748",1,"DEU"
"23","1748",1,"DEU"
"26","1748",1,"DEU"
"88","1748",1,"DEU"
"1218","1748",1,"DEU"
"1662","1748",1,"DEU"
"14","1749",1,"DEU"
"46","1749",1,"DEU"
"64","1749",1,"DEU"
"368","1749",3,"DEU"
"1486","1749",3,"DEU"
"1639","1749",1,"DEU"
"1","1750",1,"DEU"
"2","1750",1,"DEU"
"3","1750",1,"DEU"
"18","1750",1,"DEU"
"21","1750",1,"DEU"
"385","1750",1,"DEU"
"1017","1750",1,"DEU"
"1214","1750",1,"DEU"
"1426","1750",1,"DEU"
"2","1751",1,"DEU"
"10","1751",1,"DEU"
"17","1751",1,"DEU"
"48","1751",1,"DEU"
"119","1751",1,"DEU"
"167","1751",1,"DEU"
"188","1751",1,"DEU"
"252","1751",1,"DEU"
"333","1751",1,"DEU"
"1314","1751",1,"DEU"
"1","1752",1,"DEU"
"8","1752",1,"DEU"
"16","1752",1,"DEU"
"22","1752",2,"DEU"
"29","1752",1,"DEU"
"825","1752",1,"DEU"
"1630","1752",1,"DEU"
"8","1753",1,"DEU"
"85","1753",1,"DEU"
"121","1753",1,"DEU"
"134","1753",1,"DEU"
"306","1753",1,"DEU"
"433","1753",1,"DEU"
"569","1753",1,"DEU"
"1197","1753",1,"DEU"
"3","1754",1,"DEU"
"4","1754",2,"DEU"
"5","1754",1,"DEU"
"8","1754",3,"DEU"
"11","1754",1,"DEU"
"1146","1754",1,"DEU"
"1266","1754",1,"DEU"
"1","1755",1,"DEU"
"4","1755",1,"DEU"
"22","1755",1,"DEU"
"41","1755",1,"DEU"
"45","1755",1,"DEU"
"55","1755",1,"DEU"
"166","1755",2,"DEU"
"238","1755",1,"DEU"
"1112","1755",1,"DEU"
"3","1756",2,"DEU"
"11","1756",1,"DEU"
"26","1756",1,"DEU"
"28","1756",1,"DEU"
"40","1756",1,"DEU"
"400","1756",1,"DEU"
"3","1757",2,"DEU"
"7","1757",2,"DEU"
"33","1757",1,"DEU"
"195","1757",1,"DEU"
"506","1757",2,"DEU"
"734","1757",1,"DEU"
"1","1758",1,"DEU"
"2","1758",1,"DEU"
"8","1758",1,"DEU"
"15","1758",1,"DEU"
"21","1758",1,"DEU"
"57","1758",1,"DEU"
"97","1758",1,"DEU"
"805","1758",1,"DEU"
"938","1758",1,"DEU"
"1","1759",1,"DEU"
"3","1759",1,"DEU"
"11","1759",1,"DEU"
"89","1759",1,"DEU"
"1728","1759",1,"DEU"
"11","1760",1,"DEU"
"19","1760",1,"DEU"
"25","1760",1,"DEU"
"108","1760",1,"DEU"
"219","1760",1,"DEU"
"622","1760",1,"DEU"
"1275","1760",1,"DEU"
"2","1761",1,"DEU"
"3","1761",2,"DEU"
"18","1761",1,"DEU"
"26","1761",1,"DEU"
"44","1761",1,"DEU"
"426","1761",1,"DEU"
"1652","1761",2,"DEU"
"6","1762",1,"DEU"
"35","1762",1,"DEU"
"40","1762",1,"DEU"
"204","1762",1,"DEU"
"352","1762",1,"DEU"
"783","1762",1,"DEU"
"1170","1762",1,"DEU"
"1174","1762",2,"DEU"
"1","1763",1,"DEU"
"5","1763",1,"DEU"
"7","1763",1,"DEU"
"9","1763",1,"DEU"
"15","1763",1,"DEU"
"29","1763",1,"DEU"
"192","1763",1,"DEU"
"3","1764",1,"DEU"
"9","1764",3,"DEU"
"19","1764",1,"DEU"
"20","1764",1,"DEU"
"206","1764",1,"DEU"
"249","1764",1,"DEU"
"301","1764",1,"DEU"
"527","1764",1,"DEU"
"1","1765",1,"DEU"
"9","1765",3,"DEU"
"32","1765",1,"DEU"
"37","1765",1,"DEU"
"65","1765",1,"DEU"
"69","1765",1,"DEU"
"93","1765",1,"DEU"
"139","1765",1,"DEU"
"1","1766",2,"DEU"
"2","1766",2,"DEU"
"13","1766",1,"DEU"
"17","1766",1,"DEU"
"46","1766",1,"DEU"
"1067","1766",1,"DEU"
"1","1767",3,"DEU"
"2","1767",2,"DEU"
"6","1767",1,"DEU"
"26","1767",1,"DEU"
"116","1767",1,"DEU"
"276","1767",1,"DEU"
"1","1768",1,"DEU"
"3","1768",1,"DEU"
"12","1768",1,"DEU"
"190","1768",1,"DEU"
"349","1768",1,"DEU"
"1364","1768",1,"DEU"
"1479","1768",1,"DEU"
"1559","1768",1,"DEU"
"3","1769",1,"DEU"
"12","1769",1,"DEU"
"27","1769",1,"DEU"
"36","1769",1,"DEU"
"52","1769",1,"DEU"
"513","1769",1,"DEU"
"731","1769",1,"DEU"
"783","1769",1,"DEU"
"1227","1769",1,"DEU"
"4","1770",1,"DEU"
"11","1770",1,"DEU"
"26","1770",1,"DEU"
"32","1770",1,"DEU"
"80","1770",2,"DEU"
"285","1770",1,"DEU"
"332","1770",1,"DEU"
"1759","1770",1,"DEU"
"2","1771",3,"DEU"
"8","1771",1,"DEU"
"13","1771",1,"DEU"
"20","1771",1,"DEU"
"40","1771",1,"DEU"
"226","1771",1,"DEU"
"439","1771",1,"DEU"
"1595","1771",1,"DEU"
"2","1772",2,"DEU"
"4","1772",1,"DEU"
"9","1772",1,"DEU"
"12","1772",1,"DEU"
"19","1772",1,"DEU"
"36","1772",1,"DEU"
"1460","1772",1,"DEU"
"2","1773",1,"DEU"
"4","1773",1,"DEU"
"9","1773",4,"DEU"
"15","1773",2,"DEU"
"25","1773",1,"DEU"
"4","1774",1,"DEU"
"17","1774",1,"DEU"
"245","1774",1,"DEU"
"246","1774",1,"DEU"
"309","1774",1,"DEU"
"321","1774",1,"DEU"
"1091","1774",1,"DEU"
"1434","1774",1,"DEU"
"1","1775",2,"DEU"
"5","1775",1,"DEU"
"9","1775",1,"DEU"
"17","1775",1,"DEU"
"28","1775",1,"DEU"
"115","1775",1,"DEU"
"1120","1775",1,"DEU"
"1232","1775",1,"DEU"
"2","1776",1,"DEU"
"4","1776",1,"DEU"
"10","1776",2,"DEU"
"25","1776",1,"DEU"
"75","1776",1,"DEU"
"276","1776",1,"DEU"
"391","1776",1,"DEU"
"764","1776",1,"DEU"
"2","1777",1,"DEU"
"7","1777",1,"DEU"
"8","1777",2,"DEU"
"24","1777",1,"DEU"
"136","1777",1,"DEU"
"214","1777",1,"DEU"
"232","1777",1,"DEU"
"1","1778",3,"DEU"
"5","1778",1,"DEU"
"15","1778",2,"DEU"
"1276","1778",1,"DEU"
"1444","1778",1,"DEU"
"1752","1778",1,"DEU"
"6","1779",1,"DEU"
"7","1779",1,"DEU"
"15","1779",1,"DEU"
"230","1779",2,"DEU"
"1171","1779",1,"DEU"
"1","1780",2,"DEU"
"2","1780",1,"DEU"
"3","1780",1,"DEU"
"22","1780",1,"DEU"
"26","1780",1,"DEU"
"696","1780",1,"DEU"
"759","1780",1,"DEU"
"3","1781",1,"DEU"
"11","1781",1,"DEU"
"15","1781",1,"DEU"
"16","1781",1,"DEU"
"59","1781",1,"DEU"
"313","1781",1,"DEU"
"731","1781",1,"DEU"
"2","1782",1,"DEU"
"3","1782",1,"DEU"
"7","1782",1,"DEU"
"9","1782",1,"DEU"
"33","1782",1,"DEU"
"47","1782",1,"DEU"
"64","1782",1,"DEU"
"386","1782",1,"DEU"
"1067","1782",1,"DEU"
"1","1783",1,"DEU"
"2","1783",1,"DEU"
"39","1783",1,"DEU"
"90","1783",1,"DEU"
"137","1783",1,"DEU"
"138","1783",1,"DEU"
"322","1783",1,"DEU"
"522","1783",1,"DEU"
"10","1784",1,"DEU"
"98","1784",1,"DEU"
"365","1784",1,"DEU"
"1260","1784",1,"DEU"
"1381","1784",1,"DEU"
"1549","1784",1,"DEU"
"12","1785",1,"DEU"
"82","1785",3,"DEU"
"84","1785",1,"DEU"
"110","1785",1,"DEU"
"118","1785",1,"DEU"
"131","1785",1,"DEU"
"193","1785",1,"DEU"
"283","1785",1,"DEU"
"2","1786",1,"DEU"
"4","1786",1,"DEU"
"62","1786",1,"DEU"
"84","1786",3,"DEU"
"266","1786",1,"DEU"
"1163","1786",1,"DEU"
"1","1787",1,"DEU"
"2","1787",1,"DEU"
"3","1787",1,"DEU"
"475","1787",1,"DEU"
"1537","1787",1,"DEU"
"1","1788",1,"DEU"
"3","1788",2,"DEU"
"9","1788",1,"DEU"
"10","1788",1,"DEU"
"14","1788",1,"DEU"
"24","1788",1,"DEU"
"269","1788",1,"DEU"
"418","1788",1,"DEU"
"11","1789",1,"DEU"
"23","1789",1,"DEU"
"24","1789",1,"DEU"
"39","1789",1,"DEU"
"154","1789",1,"DEU"
"166","1789",1,"DEU"
"227","1789",1,"DEU"
"376","1789",1,"DEU"
"1","1790",2,"DEU"
"6","1790",1,"DEU"
"109","1790",1,"DEU"
"424","1790",1,"DEU"
"432","1790",1,"DEU"
"972","1790",1,"DEU"
"1","1791",1,"DEU"
"4","1791",2,"DEU"
"9","1791",1,"DEU"
"42","1791",1,"DEU"
"73","1791",1,"DEU"
"347","1791",1,"DEU"
"473","1791",1,"DEU"
"889","1791",1,"DEU"
"3","1792",1,"DEU"
"4","1792",1,"DEU"
"28","1792",1,"DEU"
"42","1792",1,"DEU"
"53","1792",1,"DEU"
"57","1792",2,"DEU"
"306","1792",2,"DEU"
"3","1793",1,"DEU"
"4","1793",3,"DEU"
"5","1793",1,"DEU"
"29","1793",1,"DEU"
"65","1793",1,"DEU"
"514","1793",1,"DEU"
"1","1794",1,"DEU"
"7","1794",1,"DEU"
"8","1794",1,"DEU"
"204","1794",1,"DEU"
"1244","1794",1,"DEU"
"1281","1794",1,"DEU"
"1","1795",1,"DEU"
"2","1795",1,"DEU"
"6","1795",1,"DEU"
"15","1795",1,"DEU"
"29","1795",1,"DEU"
"329","1795",1,"DEU"
"668","1795",1,"DEU"
"723","1795",1,"DEU"
"2","1796",1,"DEU"
"15","1796",1,"DEU"
"46","1796",1,"DEU"
"62","1796",1,"DEU"
"221","1796",1,"DEU"
"613","1796",1,"DEU"
"988","1796",1,"DEU"
"2","1797",1,"DEU"
"7","1797",1,"DEU"
"40","1797",1,"DEU"
"63","1797",1,"DEU"
"140","1797",1,"DEU"
"624","1797",1,"DEU"
"2","1798",1,"DEU"
"6","1798",1,"DEU"
"119","1798",1,"DEU"
"545","1798",1,"DEU"
"1012","1798",1,"DEU"
"1374","1798",1,"DEU"
"1441","1798",1,"DEU"
"1532","1798",1,"DEU"
"4","1799",1,"DEU"
"10","1799",1,"DEU"
"14","1799",1,"DEU"
"38","1799",1,"DEU"
"39","1799",1,"DEU"
"268","1799",1,"DEU"
"920","1799",1,"DEU"
"1333","1799",1,"DEU"
"1","1800",1,"DEU"
"2","1800",1,"DEU"
"39","1800",3,"DEU"
"48","1800",1,"DEU"
"310","1800",1,"DEU"
"602","1800",2,"DEU"
"1068","1800",1,"DEU"
"2","1801",1,"DEU"
"3","1801",1,"DEU"
"10","1801",1,"DEU"
"14","1801",1,"DEU"
"80","1801",1,"DEU"
"82","1801",2,"DEU"
"172","1801",2,"DEU"
"770","1801",1,"DEU"
"1","1802",1,"DEU"
"2","1802",3,"DEU"
"26","1802",1,"DEU"
"85","1802",1,"DEU"
"1184","1802",1,"DEU"
"2","1803",1,"DEU"
"4","1803",1,"DEU"
"24","1803",1,"DEU"
"37","1803",1,"DEU"
"163","1803",1,"DEU"
"225","1803",1,"DEU"
"564","1803",1,"DEU"
"641","1803",3,"DEU"
"1","1804",1,"DEU"
"3","1804",2,"DEU"
"30","1804",1,"DEU"
"35","1804",1,"DEU"
"57","1804",1,"DEU"
"957","1804",1,"DEU"
"1168","1804",1,"DEU"
"1226","1804",1,"DEU"
"1441","1804",1,"DEU"
"3","1805",1,"DEU"
"10","1805",1,"DEU"
"19","1805",1,"DEU"
"92","1805",1,"DEU"
"805","1805",1,"DEU"
"1624","1805",1,"DEU"
"13","1806",2,"DEU"
"31","1806",3,"DEU"
"100","1806",1,"DEU"
"305","1806",1,"DEU"
"367","1806",1,"DEU"
"1","1807",1,"DEU"
"38","1807",1,"DEU"
"56","1807",1,"DEU"
"160","1807",1,"DEU"
"187","1807",1,"DEU"
"196","1807",1,"DEU"
"1087","1807",1,"DEU"
"2","1808",1,"DEU"
"4","1808",1,"DEU"
"8","1808",1,"DEU"
"10","1808",1,"DEU"
"15","1808",1,"DEU"
"194","1808",1,"DEU"
"472","1808",2,"DEU"
"1016","1808",1,"DEU"
"1","1809",1,"DEU"
"2","1809",2,"DEU"
"3","1809",1,"DEU"
"9","1809",1,"DEU"
"12","1809",1,"DEU"
"21","1809",1,"DEU"
"64","1809",1,"DEU"
"766","1809",1,"DEU"
"1","1810",1,"DEU"
"4","1810",1,"DEU"
"6","1810",1,"DEU"
"9","1810",1,"DEU"
"12","1810",1,"DEU"
"39","1810",1,"DEU"
"99","1810",1,"DEU"
"512","1810",1,"DEU"
"585","1810",1,"DEU"
"3","1811",1,"DEU"
"10","1811",1,"DEU"
"30","1811",1,"DEU"
"37","1811",2,"DEU"
"70","1811",2,"DEU"
"182","1811",1,"DEU"
"1541","1811",1,"DEU"
"11","1812",3,"DEU"
"17","1812",1,"DEU"
"76","1812",1,"DEU"
"77","1812",1,"DEU"
"85","1812",1,"DEU"
"2","1813",1,"DEU"
"3","1813",1,"DEU"
"8","1813",4,"DEU"
"13","1813",1,"DEU"
"363","1813",1,"DEU"
"1","1814",1,"DEU"
"2","1814",2,"DEU"
"3","1814",1,"DEU"
"5","1814",2,"DEU"
"99","1814",1,"DEU"
"554","1814",1,"DEU"
"1662","1814",1,"DEU"
"10","1815",1,"DEU"
"18","1815",1,"DEU"
"35","1815",1,"DEU"
"37","1815",1,"DEU"
"52","1815",3,"DEU"
"96","1815",1,"DEU"
"300","1815",1,"DEU"
"2","1816",4,"DEU"
"3","1816",1,"DEU"
"10","1816",1,"DEU"
"19","1816",1,"DEU"
"80","1816",1,"DEU"
"1115","1816",1,"DEU"
"1698","1816",1,"DEU"
"3","1817",1,"DEU"
"30","1817",1,"DEU"
"69","1817",1,"DEU"
"390","1817",1,"DEU"
"509","1817",1,"DEU"
"949","1817",1,"DEU"
"2","1818",2,"DEU"
"4","1818",2,"DEU"
"7","1818",1,"DEU"
"19","1818",1,"DEU"
"41","1818",1,"DEU"
"90","1818",1,"DEU"
"882","1818",1,"DEU"
"1022","1818",1,"DEU"
"29","1819",1,"DEU"
"30","1819",1,"DEU"
"47","1819",1,"DEU"
"219","1819",1,"DEU"
"274","1819",1,"DEU"
"578","1819",1,"DEU"
"993","1819",1,"DEU"
"1307","1819",1,"DEU"
"1332","1819",1,"DEU"
"1","1820",1,"DEU"
"4","1820",1,"DEU"
"111","1820",1,"DEU"
"158","1820",1,"DEU"
"633","1820",1,"DEU"
"844","1820",1,"DEU"
"1","1821",2,"DEU"
"2","1821",1,"DEU"
"20","1821",1,"DEU"
"24","1821",1,"DEU"
"160","1821",1,"DEU"
"559","1821",1,"DEU"
"841","1821",1,"DEU"
"1","1822",1,"DEU"
"3","1822",1,"DEU"
"105","1822",1,"DEU"
"180","1822",2,"DEU"
"323","1822",1,"DEU"
"338","1822",1,"DEU"
"2","1823",2,"DEU"
"19","1823",1,"DEU"
"92","1823",1,"DEU"
"845","1823",1,"DEU"
"1347","1823",1,"DEU"
"1","1824",1,"DEU"
"2","1824",1,"DEU"
"12","1824",1,"DEU"
"22","1824",2,"DEU"
"26","1824",1,"DEU"
"99","1824",1,"DEU"
"127","1824",1,"DEU"
"1136","1824",1,"DEU"
"1","1825",1,"DEU"
"14","1825",1,"DEU"
"60","1825",1,"DEU"
"62","1825",3,"DEU"
"135","1825",2,"DEU"
"791","1825",1,"DEU"
"891","1825",1,"DEU"
"2","1826",1,"DEU"
"3","1826",1,"DEU"
"14","1826",1,"DEU"
"24","1826",1,"DEU"
"40","1826",1,"DEU"
"63","1826",1,"DEU"
"140","1826",1,"DEU"
"263","1826",1,"DEU"
"10","1827",1,"DEU"
"20","1827",1,"DEU"
"38","1827",1,"DEU"
"39","1827",1,"DEU"
"40","1827",1,"DEU"
"116","1827",1,"DEU"
"783","1827",1,"DEU"
"1471","1827",1,"DEU"
"7","1828",1,"DEU"
"10","1828",1,"DEU"
"18","1828",1,"DEU"
"28","1828",1,"DEU"
"133","1828",1,"DEU"
"613","1828",1,"DEU"
"622","1828",1,"DEU"
"2","1829",1,"DEU"
"76","1829",1,"DEU"
"189","1829",1,"DEU"
"269","1829",2,"DEU"
"305","1829",1,"DEU"
"1108","1829",1,"DEU"
"1578","1829",1,"DEU"
"1","1830",1,"DEU"
"3","1830",1,"DEU"
"13","1830",4,"DEU"
"22","1830",1,"DEU"
"961","1830",1,"DEU"
"1625","1830",1,"DEU"
"12","1831",1,"DEU"
"14","1831",1,"DEU"
"36","1831",1,"DEU"
"56","1831",1,"DEU"
"73","1831",1,"DEU"
"107","1831",1,"DEU"
"261","1831",1,"DEU"
"811","1831",1,"DEU"
"1","1832",1,"DEU"
"15","1832",2,"DEU"
"20","1832",1,"DEU"
"32","1832",1,"DEU"
"44","1832",2,"DEU"
"92","1832",1,"DEU"
"3","1833",1,"DEU"
"10","1833",1,"DEU"
"64","1833",1,"DEU"
"82","1833",1,"DEU"
"902","1833",1,"DEU"
"1","1834",1,"DEU"
"2","1834",1,"DEU"
"5","1834",1,"DEU"
"979","1834",1,"DEU"
"1532","1834",1,"DEU"
"1768","1834",1,"DEU"
"15","1835",1,"DEU"
"32","1835",1,"DEU"
"36","1835",1,"DEU"
"40","1835",1,"DEU"
"109","1835",1,"DEU"
"165","1835",1,"DEU"
"1151","1835",1,"DEU"
"1","1836",1,"DEU"
"8","1836",2,"DEU"
"128","1836",1,"DEU"
"224","1836",1,"DEU"
"427","1836",2,"DEU"
"27","1837",1,"DEU"
"32","1837",1,"DEU"
"81","1837",2,"DEU"
"200","1837",1,"DEU"
"251","1837",1,"DEU"
"879","1837",1,"DEU"
"1294","1837",1,"DEU"
"1440","1837",1,"DEU"
"4","1838",1,"DEU"
"6","1838",2,"DEU"
"25","1838",1,"DEU"
"48","1838",1,"DEU"
"230","1838",1,"DEU"
"459","1838",1,"DEU"
"1609","1838",1,"DEU"
"2","1839",1,"DEU"
"3","1839",1,"DEU"
"9","1839",1,"DEU"
"25","1839",1,"DEU"
"99","1839",1,"DEU"
"18","1840",1,"DEU"
"19","1840",1,"DEU"
"21","1840",1,"DEU"
"31","1840",1,"DEU"
"231","1840",1,"DEU"
"1736","1840",1,"DEU"
"1","1841",1,"DEU"
"8","1841",2,"DEU"
"16","1841",1,"DEU"
"42","1841",1,"DEU"
"53","1841",1,"DEU"
"106","1841",1,"DEU"
"383","1841",1,"DEU"
"1073","1841",1,"DEU"
"1","1842",1,"DEU"
"8","1842",1,"DEU"
"17","1842",1,"DEU"
"30","1842",1,"DEU"
"55","1842",2,"DEU"
"693","1842",1,"DEU"
"784","1842",1,"DEU"
"1435","1842",1,"DEU"
"2","1843",1,"DEU"
"4","1843",1,"DEU"
"7","1843",1,"DEU"
"17","1843",1,"DEU"
"19","1843",1,"DEU"
"32","1843",1,"DEU"
"88","1843",1,"DEU"
"130","1843",1,"DEU"
"256","1843",1,"DEU"
"1762","1843",1,"DEU"
"3","1844",1,"DEU"
"4","1844",1,"DEU"
"12","1844",1,"DEU"
"34","1844",1,"DEU"
"39","1844",1,"DEU"
"52","1844",1,"DEU"
"364","1844",1,"DEU"
"878","1845",1,"DEU"
"911","1845",5,"DEU"
"1356","1845",1,"DEU"
"11","1846",1,"DEU"
"24","1846",2,"DEU"
"237","1846",1,"DEU"
"1115","1846",1,"DEU"
"5","1847",1,"DEU"
"13","1847",2,"DEU"
"18","1847",3,"DEU"
"21","1847",1,"DEU"
"62","1847",1,"DEU"
"79","1847",1,"DEU"
"4","1848",1,"DEU"
"13","1848",1,"DEU"
"28","1848",2,"DEU"
"31","1848",1,"DEU"
"238","1848",1,"DEU"
"442","1848",1,"DEU"
"6","1849",1,"DEU"
"8","1849",1,"DEU"
"13","1849",1,"DEU"
"53","1849",1,"DEU"
"79","1849",1,"DEU"
"167","1849",1,"DEU"
"294","1849",1,"DEU"
"478","1849",1,"DEU"
"653","1849",1,"DEU"
"13","1850",1,"DEU"
"19","1850",1,"DEU"
"24","1850",1,"DEU"
"37","1850",1,"DEU"
"61","1850",1,"DEU"
"79","1850",1,"DEU"
"355","1850",1,"DEU"
"409","1850",1,"DEU"
"6","1851",1,"DEU"
"7","1851",1,"DEU"
"15","1851",1,"DEU"
"36","1851",1,"DEU"
"59","1851",1,"DEU"
"99","1851",1,"DEU"
"152","1851",1,"DEU"
"484","1851",1,"DEU"
"822","1851",1,"DEU"
"82","1852",2,"DEU"
"248","1852",1,"DEU"
"350","1852",1,"DEU"
"1080","1852",1,"DEU"
"3","1853",1,"DEU"
"12","1853",1,"DEU"
"21","1853",2,"DEU"
"73","1853",1,"DEU"
"82","1853",2,"DEU"
"282","1853",1,"DEU"
"16","1854",1,"DEU"
"21","1854",1,"DEU"
"46","1854",1,"DEU"
"57","1854",1,"DEU"
"80","1854",1,"DEU"
"435","1854",1,"DEU"
"524","1854",1,"DEU"
"697","1854",1,"DEU"
"5","1855",1,"DEU"
"10","1855",1,"DEU"
"15","1855",1,"DEU"
"27","1855",1,"DEU"
"34","1855",1,"DEU"
"57","1855",1,"DEU"
"83","1855",1,"DEU"
"120","1855",1,"DEU"
"3","1856",1,"DEU"
"43","1856",1,"DEU"
"87","1856",1,"DEU"
"134","1856",1,"DEU"
"204","1856",1,"DEU"
"270","1856",1,"DEU"
"852","1856",1,"DEU"
"36","1857",1,"DEU"
"41","1857",1,"DEU"
"43","1857",1,"DEU"
"65","1857",1,"DEU"
"241","1857",1,"DEU"
"402","1857",1,"DEU"
"1780","1857",1,"DEU"
"3","1858",1,"DEU"
"7","1858",1,"DEU"
"43","1858",2,"DEU"
"87","1858",1,"DEU"
"90","1858",1,"DEU"
"115","1858",1,"DEU"
"508","1858",1,"DEU"
"11","1859",1,"DEU"
"82","1859",3,"DEU"
"138","1859",3,"DEU"
"943","1859",1,"DEU"
"3","1860",2,"DEU"
"84","1860",1,"DEU"
"116","1860",1,"DEU"
"144","1860",1,"DEU"
"453","1860",1,"DEU"
"508","1860",1,"DEU"
"3","1861",1,"DEU"
"300","1861",1,"DEU"
"453","1861",1,"DEU"
"489","1861",1,"DEU"
"580","1861",1,"DEU"
"1","1862",1,"DEU"
"2","1862",1,"DEU"
"3","1862",1,"DEU"
"10","1862",1,"DEU"
"58","1862",1,"DEU"
"135","1862",1,"DEU"
"275","1862",1,"DEU"
"422","1862",1,"DEU"
"4","1863",1,"DEU"
"46","1863",1,"DEU"
"138","1863",1,"DEU"
"329","1863",1,"DEU"
"603","1863",1,"DEU"
"1287","1863",1,"DEU"
"4","1864",1,"DEU"
"76","1864",2,"DEU"
"142","1864",1,"DEU"
"646","1864",1,"DEU"
"883","1864",1,"DEU"
"6","1865",1,"DEU"
"12","1865",2,"DEU"
"193","1865",1,"DEU"
"393","1865",1,"DEU"
"507","1865",1,"DEU"
"6","1866",1,"DEU"
"12","1866",1,"DEU"
"82","1866",1,"DEU"
"302","1866",1,"DEU"
"523","1866",1,"DEU"
"566","1866",1,"DEU"
"1490","1866",1,"DEU"
"1496","1866",1,"DEU"
"12","1867",2,"DEU"
"84","1867",2,"DEU"
"138","1867",1,"DEU"
"153","1867",1,"DEU"
"5","1868",1,"DEU"
"11","1868",1,"DEU"
"12","1868",1,"DEU"
"18","1868",1,"DEU"
"152","1868",1,"DEU"
"1","1869",2,"DEU"
"2","1869",1,"DEU"
"7","1869",1,"DEU"
"20","1869",1,"DEU"
"31","1869",1,"DEU"
"192","1869",1,"DEU"
"409","1869",1,"DEU"
"4","1870",1,"DEU"
"21","1870",2,"DEU"
"101","1870",1,"DEU"
"122","1870",1,"DEU"
"1692","1870",1,"DEU"
"12","1871",1,"DEU"
"20","1871",1,"DEU"
"101","1871",1,"DEU"
"155","1871",1,"DEU"
"760","1871",1,"DEU"
"8","1872",1,"DEU"
"36","1872",1,"DEU"
"176","1872",1,"DEU"
"653","1872",1,"DEU"
"1011","1872",1,"DEU"
"1","1873",2,"DEU"
"3","1873",1,"DEU"
"56","1873",1,"DEU"
"238","1873",1,"DEU"
"1","1874",1,"DEU"
"2","1874",1,"DEU"
"4","1874",1,"DEU"
"24","1874",1,"DEU"
"142","1874",1,"DEU"
"710","1874",1,"DEU"
"3","1875",1,"DEU"
"19","1875",2,"DEU"
"391","1875",1,"DEU"
"606","1875",1,"DEU"
"7","1876",1,"DEU"
"11","1876",1,"DEU"
"38","1876",1,"DEU"
"69","1876",1,"DEU"
"122","1876",1,"DEU"
"80","1877",1,"DEU"
"171","1877",1,"DEU"
"580","1877",1,"DEU"
"846","1877",1,"DEU"
"859","1877",1,"DEU"
"1165","1877",1,"DEU"
"1719","1877",1,"DEU"
"2","1878",1,"DEU"
"11","1878",2,"DEU"
"15","1878",1,"DEU"
"228","1878",1,"DEU"
"6","1879",1,"DEU"
"31","1879",1,"DEU"
"95","1879",1,"DEU"
"213","1879",1,"DEU"
"927","1879",1,"DEU"
"3","1880",1,"DEU"
"25","1880",1,"DEU"
"31","1880",1,"DEU"
"59","1880",1,"DEU"
"166","1880",1,"DEU"
"3","1881",3,"DEU"
"4","1881",1,"DEU"
"81","1881",1,"DEU"
"176","1881",1,"DEU"
"1568","1881",1,"DEU"
"1","1882",3,"DEU"
"2","1882",1,"DEU"
"192","1882",1,"DEU"
"675","1882",1,"DEU"
"8","1883",3,"DEU"
"64","1883",1,"DEU"
"119","1883",1,"DEU"
"361","1883",1,"DEU"
"2","1884",1,"DEU"
"338","1884",1,"DEU"
"817","1884",1,"DEU"
"5","1885",1,"DEU"
"12","1885",1,"DEU"
"23","1885",1,"DEU"
"139","1885",2,"DEU"
"1","1886",1,"DEU"
"6","1886",1,"DEU"
"7","1886",1,"DEU"
"37","1886",1,"DEU"
"336","1886",1,"DEU"
"3","1887",1,"DEU"
"11","1887",2,"DEU"
"17","1887",1,"DEU"
"24","1887",1,"DEU"
"1447","1887",1,"DEU"
"21","1888",1,"DEU"
"24","1888",1,"DEU"
"30","1888",1,"DEU"
"35","1888",1,"DEU"
"105","1888",1,"DEU"
"552","1888",1,"DEU"
"4","1889",1,"DEU"
"33","1889",1,"DEU"
"69","1889",1,"DEU"
"72","1889",1,"DEU"
"908","1889",1,"DEU"
"7","1890",1,"DEU"
"105","1890",2,"DEU"
"137","1890",1,"DEU"
"237","1890",1,"DEU"
"1314","1890",1,"DEU"
"1","1891",1,"DEU"
"2","1891",1,"DEU"
"3","1891",1,"DEU"
"29","1891",1,"DEU"
"70","1891",1,"DEU"
"85","1891",1,"DEU"
"140","1891",1,"DEU"
"401","1891",1,"DEU"
"3","1892",1,"DEU"
"7","1892",1,"DEU"
"26","1892",2,"DEU"
"48","1892",1,"DEU"
"69","1892",1,"DEU"
"1","1893",1,"DEU"
"27","1893",1,"DEU"
"31","1893",1,"DEU"
"33","1893",1,"DEU"
"53","1893",1,"DEU"
"69","1893",1,"DEU"
"347","1893",1,"DEU"
"1306","1893",1,"DEU"
"2","1894",1,"DEU"
"12","1894",2,"DEU"
"26","1894",1,"DEU"
"32","1894",1,"DEU"
"45","1894",1,"DEU"
"2","1895",3,"DEU"
"28","1895",1,"DEU"
"972","1895",1,"DEU"
"1","1896",1,"DEU"
"2","1896",1,"DEU"
"3","1896",1,"DEU"
"22","1896",1,"DEU"
"63","1896",1,"DEU"
"204","1896",1,"DEU"
"1718","1896",1,"DEU"
"2","1897",1,"DEU"
"18","1897",1,"DEU"
"1559","1897",2,"DEU"
"1","1898",2,"DEU"
"10","1898",2,"DEU"
"22","1898",2,"DEU"
"58","1898",1,"DEU"
"1085","1898",1,"DEU"
"1","1899",1,"DEU"
"2","1899",1,"DEU"
"4","1899",1,"DEU"
"573","1899",1,"DEU"
"601","1899",1,"DEU"
"962","1899",1,"DEU"
"1568","1899",1,"DEU"
"1","1900",1,"DEU"
"11","1900",1,"DEU"
"24","1900",1,"DEU"
"60","1900",1,"DEU"
"290","1900",1,"DEU"
"457","1900",1,"DEU"
"1","1901",1,"DEU"
"10","1901",1,"DEU"
"48","1901",1,"DEU"
"137","1901",1,"DEU"
"1423","1901",1,"DEU"
"1","1902",1,"DEU"
"6","1902",2,"DEU"
"100","1902",1,"DEU"
"251","1902",1,"DEU"
"3","1903",1,"DEU"
"48","1903",1,"DEU"
"1691","1903",1,"DEU"
"6","1904",1,"DEU"
"13","1904",1,"DEU"
"31","1904",1,"DEU"
"39","1904",1,"DEU"
"80","1904",1,"DEU"
"167","1904",1,"DEU"
"1564","1904",1,"DEU"
"22","1905",1,"DEU"
"57","1905",1,"DEU"
"126","1905",1,"DEU"
"158","1905",1,"DEU"
"234","1905",1,"DEU"
"339","1905",1,"DEU"
"428","1905",1,"DEU"
"1","1906",1,"DEU"
"37","1906",1,"DEU"
"42","1906",1,"DEU"
"134","1906",1,"DEU"
"171","1906",1,"DEU"
"2","1907",2,"DEU"
"34","1907",1,"DEU"
"63","1907",1,"DEU"
"785","1907",1,"DEU"
"956","1907",1,"DEU"
"1407","1907",1,"DEU"
"2","1908",1,"DEU"
"13","1908",1,"DEU"
"21","1908",1,"DEU"
"166","1908",1,"DEU"
"312","1908",1,"DEU"
"382","1908",1,"DEU"
"2","1909",1,"DEU"
"44","1909",2,"DEU"
"58","1909",1,"DEU"
"111","1909",1,"DEU"
"969","1909",1,"DEU"
"4","1910",1,"DEU"
"38","1910",1,"DEU"
"48","1910",1,"DEU"
"733","1910",1,"DEU"
"1217","1910",1,"DEU"
"2","1911",1,"DEU"
"433","1911",1,"DEU"
"747","1911",1,"DEU"
"971","1911",1,"DEU"
"11","1912",1,"DEU"
"24","1912",2,"DEU"
"30","1912",1,"DEU"
"35","1912",1,"DEU"
"488","1912",1,"DEU"
"714","1912",1,"DEU"
"538","1913",1,"DEU"
"994","1913",1,"DEU"
"1170","1913",1,"DEU"
"1319","1913",1,"DEU"
"2","1914",1,"DEU"
"4","1914",1,"DEU"
"5","1914",1,"DEU"
"12","1914",1,"DEU"
"15","1914",1,"DEU"
"387","1914",1,"DEU"
"501","1914",1,"DEU"
"1222","1914",1,"DEU"
"2","1915",1,"DEU"
"6","1915",1,"DEU"
"15","1915",1,"DEU"
"26","1915",1,"DEU"
"39","1915",1,"DEU"
"97","1915",1,"DEU"
"165","1915",1,"DEU"
"229","1915",1,"DEU"
"15","1916",2,"DEU"
"26","1916",1,"DEU"
"52","1916",1,"DEU"
"60","1916",1,"DEU"
"171","1916",1,"DEU"
"188","1916",1,"DEU"
"196","1916",1,"DEU"
"2","1917",2,"DEU"
"6","1917",1,"DEU"
"7","1917",1,"DEU"
"12","1917",1,"DEU"
"64","1917",2,"DEU"
"1","1918",3,"DEU"
"2","1918",1,"DEU"
"10","1918",1,"DEU"
"11","1918",1,"DEU"
"26","1918",1,"DEU"
"710","1918",1,"DEU"
"2","1919",1,"DEU"
"3","1919",1,"DEU"
"20","1919",1,"DEU"
"72","1919",1,"DEU"
"443","1919",1,"DEU"
"3","1920",1,"DEU"
"12","1920",1,"DEU"
"25","1920",1,"DEU"
"41","1920",1,"DEU"
"55","1920",1,"DEU"
"933","1920",1,"DEU"
"188","1921",1,"DEU"
"200","1921",1,"DEU"
"623","1921",2,"DEU"
"787","1921",1,"DEU"
"1","1922",2,"DEU"
"2","1922",2,"DEU"
"19","1922",1,"DEU"
"176","1922",1,"DEU"
"252","1922",1,"DEU"
"8","1923",4,"DEU"
"946","1923",4,"DEU"
"137","1924",1,"DEU"
"158","1924",1,"DEU"
"270","1924",1,"DEU"
"435","1924",1,"DEU"
"619","1924",1,"DEU"
"1799","1924",1,"DEU"
"2","1925",2,"DEU"
"224","1925",1,"DEU"
"757","1925",1,"DEU"
"758","1925",1,"DEU"
"853","1925",1,"DEU"
"1024","1925",1,"DEU"
"5","1926",1,"DEU"
"28","1926",1,"DEU"
"35","1926",1,"DEU"
"443","1926",1,"DEU"
"1","1927",1,"DEU"
"3","1927",1,"DEU"
"7","1927",1,"DEU"
"12","1927",1,"DEU"
"15","1927",1,"DEU"
"26","1927",1,"DEU"
"64","1927",1,"DEU"
"116","1927",1,"DEU"
"1","1928",1,"DEU"
"22","1928",1,"DEU"
"122","1928",1,"DEU"
"290","1928",1,"DEU"
"430","1928",1,"DEU"
"3","1929",1,"DEU"
"16","1929",1,"DEU"
"46","1929",1,"DEU"
"51","1929",1,"DEU"
"61","1929",1,"DEU"
"86","1929",1,"DEU"
"338","1929",1,"DEU"
"4","1930",1,"DEU"
"8","1930",1,"DEU"
"17","1930",3,"DEU"
"177","1930",1,"DEU"
"400","1930",1,"DEU"
"1","1931",1,"DEU"
"18","1931",1,"DEU"
"67","1931",1,"DEU"
"266","1931",1,"DEU"
"413","1931",1,"DEU"
"1496","1931",1,"DEU"
"1668","1931",1,"DEU"
"6","1932",1,"DEU"
"47","1932",1,"DEU"
"61","1932",1,"DEU"
"259","1932",1,"DEU"
"347","1932",1,"DEU"
"367","1932",1,"DEU"
"1007","1932",1,"DEU"
"1","1933",1,"DEU"
"3","1933",1,"DEU"
"10","1933",1,"DEU"
"21","1933",1,"DEU"
"24","1933",1,"DEU"
"420","1933",1,"DEU"
"27","1934",1,"DEU"
"33","1934",1,"DEU"
"37","1934",1,"DEU"
"1315","1934",1,"DEU"
"1","1935",3,"DEU"
"4","1935",1,"DEU"
"29","1935",1,"DEU"
"44","1935",1,"DEU"
"113","1935",1,"DEU"
"1","1936",1,"DEU"
"15","1936",1,"DEU"
"31","1936",1,"DEU"
"236","1936",1,"DEU"
"237","1936",2,"DEU"
"1","1937",1,"DEU"
"5","1937",1,"DEU"
"31","1937",1,"DEU"
"52","1937",1,"DEU"
"339","1937",1,"DEU"
"1790","1937",1,"DEU"
"4","1938",1,"DEU"
"19","1938",1,"DEU"
"3","1939",1,"DEU"
"10","1939",1,"DEU"
"44","1939",1,"DEU"
"88","1939",1,"DEU"
"157","1939",1,"DEU"
"24","1940",1,"DEU"
"30","1940",1,"DEU"
"35","1940",1,"DEU"
"53","1940",1,"DEU"
"57","1940",1,"DEU"
"116","1940",1,"DEU"
"3","1941",2,"DEU"
"5","1941",1,"DEU"
"7","1941",1,"DEU"
"11","1941",1,"DEU"
"162","1941",1,"DEU"
"10","1942",1,"DEU"
"12","1942",1,"DEU"
"30","1942",2,"DEU"
"42","1942",1,"DEU"
"267","1942",1,"DEU"
"423","1942",1,"DEU"
"1","1943",1,"DEU"
"3","1943",1,"DEU"
"17","1943",1,"DEU"
"31","1943",1,"DEU"
"148","1943",1,"DEU"
"177","1943",1,"DEU"
"437","1943",1,"DEU"
"1","1944",2,"DEU"
"55","1944",1,"DEU"
"91","1944",1,"DEU"
"105","1944",1,"DEU"
"278","1944",1,"DEU"
"491","1944",1,"DEU"
"611","1944",1,"DEU"
"3","1945",1,"DEU"
"9","1945",1,"DEU"
"57","1945",2,"DEU"
"347","1945",1,"DEU"
"2","1946",1,"DEU"
"3","1946",1,"DEU"
"5","1946",1,"DEU"
"10","1946",2,"DEU"
"13","1946",1,"DEU"
"17","1946",1,"DEU"
"27","1947",1,"DEU"
"30","1947",1,"DEU"
"33","1947",1,"DEU"
"35","1947",1,"DEU"
"38","1947",1,"DEU"
"1","1948",1,"DEU"
"8","1948",1,"DEU"
"24","1948",1,"DEU"
"140","1948",1,"DEU"
"339","1948",1,"DEU"
"416","1948",1,"DEU"
"11","1949",1,"DEU"
"21","1949",1,"DEU"
"24","1949",1,"DEU"
"60","1949",1,"DEU"
"413","1949",1,"DEU"
"897","1949",1,"DEU"
"3","1950",1,"DEU"
"21","1950",1,"DEU"
"28","1950",2,"DEU"
"116","1950",1,"DEU"
"1093","1950",1,"DEU"
"1","1951",2,"DEU"
"11","1951",1,"DEU"
"39","1951",1,"DEU"
"124","1951",1,"DEU"
"999","1951",1,"DEU"
"1","1952",1,"DEU"
"7","1952",1,"DEU"
"11","1952",1,"DEU"
"36","1952",1,"DEU"
"63","1952",1,"DEU"
"80","1952",1,"DEU"
"3","1953",1,"DEU"
"9","1953",1,"DEU"
"15","1953",3,"DEU"
"147","1953",1,"DEU"
"4","1954",2,"DEU"
"6","1954",3,"DEU"
"328","1954",1,"DEU"
"536","1954",1,"DEU"
"14","1955",1,"DEU"
"17","1955",1,"DEU"
"46","1955",1,"DEU"
"87","1955",1,"DEU"
"195","1955",1,"DEU"
"1","1956",1,"DEU"
"2","1956",1,"DEU"
"7","1956",1,"DEU"
"10","1956",1,"DEU"
"192","1956",1,"DEU"
"1530","1956",1,"DEU"
"56","1957",1,"DEU"
"127","1957",1,"DEU"
"159","1957",1,"DEU"
"481","1957",1,"DEU"
"650","1957",1,"DEU"
"657","1957",1,"DEU"
"118","1958",1,"DEU"
"362","1958",1,"DEU"
"365","1958",1,"DEU"
"694","1958",1,"DEU"
"2","1959",2,"DEU"
"3","1959",1,"DEU"
"8","1959",1,"DEU"
"12","1959",1,"DEU"
"518","1959",1,"DEU"
"19","1960",1,"DEU"
"34","1960",1,"DEU"
"122","1960",1,"DEU"
"187","1960",1,"DEU"
"864","1960",1,"DEU"
"1559","1960",1,"DEU"
"15","1961",2,"DEU"
"35","1961",2,"DEU"
"50","1961",1,"DEU"
"88","1961",1,"DEU"
"1640","1961",1,"DEU"
"3","1962",1,"DEU"
"19","1962",1,"DEU"
"33","1962",1,"DEU"
"133","1962",1,"DEU"
"138","1962",1,"DEU"
"612","1962",1,"DEU"
"1","1963",1,"DEU"
"2","1963",1,"DEU"
"69","1963",1,"DEU"
"389","1963",1,"DEU"
"861","1963",1,"DEU"
"1442","1963",1,"DEU"
"1479","1963",1,"DEU"
"1","1964",2,"DEU"
"2","1964",1,"DEU"
"3","1964",1,"DEU"
"855","1964",2,"DEU"
"1","1965",1,"DEU"
"2","1965",3,"DEU"
"47","1965",1,"DEU"
"147","1965",1,"DEU"
"5","1966",1,"DEU"
"28","1966",1,"DEU"
"55","1966",1,"DEU"
"74","1966",1,"DEU"
"233","1966",1,"DEU"
"294","1966",1,"DEU"
"328","1966",1,"DEU"
"976","1966",1,"DEU"
"1","1967",1,"DEU"
"85","1967",1,"DEU"
"394","1967",1,"DEU"
"961","1967",1,"DEU"
"1270","1967",1,"DEU"
"1530","1967",1,"DEU"
"3","1968",1,"DEU"
"18","1968",1,"DEU"
"46","1968",1,"DEU"
"166","1968",1,"DEU"
"934","1968",1,"DEU"
"1297","1968",1,"DEU"
"3","1969",1,"DEU"
"1221","1969",1,"DEU"
"1670","1969",1,"DEU"
"8","1970",2,"DEU"
"10","1970",1,"DEU"
"20","1970",1,"DEU"
"209","1970",1,"DEU"
"796","1970",1,"DEU"
"1122","1970",1,"DEU"
"3","1971",1,"DEU"
"92","1971",1,"DEU"
"107","1971",1,"DEU"
"109","1971",1,"DEU"
"204","1971",1,"DEU"
"654","1971",1,"DEU"
"1112","1971",1,"DEU"
"1467","1971",1,"DEU"
"2","1972",1,"DEU"
"7","1972",2,"DEU"
"15","1972",1,"DEU"
"35","1972",1,"DEU"
"237","1972",1,"DEU"
"1846","1972",1,"DEU"
"12","1973",2,"DEU"
"58","1973",1,"DEU"
"198","1973",1,"DEU"
"206","1973",2,"DEU"
"525","1973",1,"DEU"
"12","1974",1,"DEU"
"220","1974",1,"DEU"
"361","1974",1,"DEU"
"845","1974",1,"DEU"
"3","1975",1,"DEU"
"10","1975",1,"DEU"
"175","1975",1,"DEU"
"1352","1975",1,"DEU"
"21","1976",2,"DEU"
"26","1976",1,"DEU"
"32","1976",1,"DEU"
"142","1976",1,"DEU"
"209","1976",1,"DEU"
"1028","1976",1,"DEU"
"3","1977",1,"DEU"
"26","1977",1,"DEU"
"36","1977",1,"DEU"
"41","1977",2,"DEU"
"415","1977",1,"DEU"
"670","1977",1,"DEU"
"1551","1977",1,"DEU"
"1","1978",1,"DEU"
"6","1978",1,"DEU"
"11","1978",1,"DEU"
"38","1978",1,"DEU"
"76","1978",1,"DEU"
"140","1978",1,"DEU"
"2","1979",3,"DEU"
"19","1979",1,"DEU"
"787","1979",1,"DEU"
"856","1979",1,"DEU"
"1306","1979",1,"DEU"
"608","1980",2,"DEU"
"12","1981",2,"DEU"
"25","1981",1,"DEU"
"118","1981",1,"DEU"
"366","1981",1,"DEU"
"33","1982",1,"DEU"
"64","1982",1,"DEU"
"69","1982",1,"DEU"
"366","1982",1,"DEU"
"3","1983",1,"DEU"
"11","1983",1,"DEU"
"13","1983",1,"DEU"
"25","1983",2,"DEU"
"1065","1983",1,"DEU"
"4","1984",1,"DEU"
"10","1984",1,"DEU"
"14","1984",1,"DEU"
"40","1984",1,"DEU"
"259","1984",1,"DEU"
"1","1985",1,"DEU"
"4","1985",1,"DEU"
"7","1985",1,"DEU"
"11","1985",1,"DEU"
"28","1985",1,"DEU"
"79","1985",1,"DEU"
"1473","1985",1,"DEU"
"3","1986",1,"DEU"
"4","1986",1,"DEU"
"11","1986",1,"DEU"
"56","1986",1,"DEU"
"1528","1986",1,"DEU"
"1673","1986",1,"DEU"
"1675","1986",1,"DEU"
"6","1987",1,"DEU"
"16","1987",1,"DEU"
"17","1987",1,"DEU"
"30","1987",1,"DEU"
"40","1987",1,"DEU"
"84","1987",1,"DEU"
"148","1987",1,"DEU"
"17","1988",1,"DEU"
"23","1988",2,"DEU"
"28","1988",1,"DEU"
"30","1988",1,"DEU"
"67","1988",1,"DEU"
"154","1988",1,"DEU"
"1","1989",1,"DEU"
"4","1989",1,"DEU"
"6","1989",1,"DEU"
"9","1989",1,"DEU"
"39","1989",2,"DEU"
"57","1989",1,"DEU"
"657","1989",1,"DEU"
"3","1990",1,"DEU"
"4","1990",1,"DEU"
"6","1990",1,"DEU"
"7","1990",1,"DEU"
"14","1990",1,"DEU"
"45","1990",1,"DEU"
"236","1990",1,"DEU"
"1057","1990",1,"DEU"
"1","1991",1,"DEU"
"4","1991",1,"DEU"
"18","1991",1,"DEU"
"35","1991",1,"DEU"
"71","1991",1,"DEU"
"251","1991",1,"DEU"
"981","1991",1,"DEU"
"8","1992",2,"DEU"
"47","1992",1,"DEU"
"133","1992",1,"DEU"
"312","1992",1,"DEU"
"1040","1992",1,"DEU"
"14","1993",1,"DEU"
"58","1993",1,"DEU"
"70","1993",1,"DEU"
"150","1993",1,"DEU"
"327","1993",1,"DEU"
"551","1993",1,"DEU"
"816","1993",1,"DEU"
"4","1994",1,"DEU"
"5","1994",1,"DEU"
"6","1994",1,"DEU"
"14","1994",1,"DEU"
"59","1994",1,"DEU"
"389","1994",1,"DEU"
"547","1994",1,"DEU"
"820","1994",1,"DEU"
"15","1995",1,"DEU"
"26","1995",1,"DEU"
"64","1995",1,"DEU"
"195","1995",1,"DEU"
"369","1995",1,"DEU"
"1","1996",2,"DEU"
"2","1996",1,"DEU"
"8","1996",1,"DEU"
"10","1996",1,"DEU"
"34","1996",1,"DEU"
"327","1996",1,"DEU"
"9","1997",4,"DEU"
"33","1997",1,"DEU"
"43","1997",1,"DEU"
"46","1997",1,"DEU"
"5","1998",1,"DEU"
"6","1998",1,"DEU"
"17","1998",1,"DEU"
"58","1998",1,"DEU"
"67","1998",1,"DEU"
"83","1998",1,"DEU"
"110","1998",1,"DEU"
"787","1998",1,"DEU"
"133","1999",1,"DEU"
"773","1999",1,"DEU"
"1","2000",1,"DEU"
"2","2000",1,"DEU"
"38","2000",1,"DEU"
"90","2000",1,"DEU"
"969","2000",1,"DEU"
"1597","2000",1,"DEU"
"1706","2000",1,"DEU"
"1","2001",1,"DEU"
"11","2001",2,"DEU"
"16","2001",1,"DEU"
"95","2002",3,"DEU"
"1093","2002",1,"DEU"
"1670","2002",4,"DEU"
"3","2003",1,"DEU"
"4","2003",1,"DEU"
"7","2003",1,"DEU"
"15","2003",1,"DEU"
"40","2003",1,"DEU"
"915","2003",1,"DEU"
"8","2004",3,"DEU"
"93","2004",1,"DEU"
"179","2004",1,"DEU"
"2","2005",1,"DEU"
"11","2005",1,"DEU"
"24","2005",1,"DEU"
"191","2005",1,"DEU"
"218","2005",1,"DEU"
"2","2006",1,"DEU"
"15","2006",2,"DEU"
"255","2006",1,"DEU"
"525","2006",1,"DEU"
"694","2006",1,"DEU"
"1","2007",1,"DEU"
"3","2007",1,"DEU"
"46","2007",1,"DEU"
"687","2007",1,"DEU"
"1038","2007",1,"DEU"
"1101","2007",1,"DEU"
"11","2008",1,"DEU"
"37","2008",1,"DEU"
"84","2008",1,"DEU"
"999","2008",1,"DEU"
"1563","2008",1,"DEU"
"3","2009",1,"DEU"
"8","2009",1,"DEU"
"23","2009",1,"DEU"
"49","2009",1,"DEU"
"86","2009",1,"DEU"
"186","2009",1,"DEU"
"334","2009",1,"DEU"
"967","2009",1,"DEU"
"18","2010",1,"DEU"
"605","2010",1,"DEU"
"2","2011",2,"DEU"
"26","2011",1,"DEU"
"63","2011",3,"DEU"
"958","2011",1,"DEU"
"10","2012",1,"DEU"
"21","2012",2,"DEU"
"37","2012",1,"DEU"
"56","2012",1,"DEU"
"187","2012",1,"DEU"
"826","2012",1,"DEU"
"995","2012",1,"DEU"
"12","2013",1,"DEU"
"41","2013",2,"DEU"
"152","2013",3,"DEU"
"205","2013",1,"DEU"
"1394","2013",1,"DEU"
"6","2014",2,"DEU"
"27","2014",1,"DEU"
"33","2014",1,"DEU"
"233","2014",1,"DEU"
"262","2014",1,"DEU"
"1837","2014",1,"DEU"
"1","2015",1,"DEU"
"26","2015",1,"DEU"
"82","2015",1,"DEU"
"702","2015",1,"DEU"
"910","2015",1,"DEU"
"2","2016",1,"DEU"
"24","2016",2,"DEU"
"30","2016",1,"DEU"
"57","2016",1,"DEU"
"79","2016",1,"DEU"
"1433","2016",1,"DEU"
"1873","2016",1,"DEU"
"1","2017",1,"DEU"
"10","2017",1,"DEU"
"31","2017",1,"DEU"
"61","2017",1,"DEU"
"179","2017",1,"DEU"
"453","2017",1,"DEU"
"1532","2017",1,"DEU"
"1","2018",1,"DEU"
"2","2018",1,"DEU"
"3","2018",1,"DEU"
"12","2018",1,"DEU"
"121","2018",1,"DEU"
"443","2018",1,"DEU"
"1666","2018",1,"DEU"
"6","2019",1,"DEU"
"11","2019",1,"DEU"
"57","2019",1,"DEU"
"354","2019",1,"DEU"
"1","2020",4,"DEU"
"6","2020",1,"DEU"
"12","2020",1,"DEU"
"13","2020",2,"DEU"
"1","2021",1,"DEU"
"2","2021",1,"DEU"
"17","2021",1,"DEU"
"69","2021",1,"DEU"
"432","2021",1,"DEU"
"493","2021",2,"DEU"
"3","2022",1,"DEU"
"25","2022",1,"DEU"
"37","2022",1,"DEU"
"42","2022",1,"DEU"
"66","2022",1,"DEU"
"156","2022",1,"DEU"
"7","2023",1,"DEU"
"1873","2023",2,"DEU"
"2001","2023",1,"DEU"
"11","2024",1,"DEU"
"26","2024",1,"DEU"
"37","2024",1,"DEU"
"43","2024",1,"DEU"
"471","2024",1,"DEU"
"742","2024",1,"DEU"
"3","2025",2,"DEU"
"4","2025",1,"DEU"
"7","2025",1,"DEU"
"59","2025",1,"DEU"
"1","2026",1,"DEU"
"11","2026",2,"DEU"
"17","2026",1,"DEU"
"49","2026",1,"DEU"
"52","2026",1,"DEU"
"142","2026",1,"DEU"
"9","2027",1,"DEU"
"52","2027",1,"DEU"
"218","2027",2,"DEU"
"484","2027",1,"DEU"
"794","2027",1,"DEU"
"4","2028",1,"DEU"
"9","2028",1,"DEU"
"45","2028",1,"DEU"
"54","2028",1,"DEU"
"173","2028",1,"DEU"
"488","2028",1,"DEU"
"4","2029",1,"DEU"
"6","2029",1,"DEU"
"7","2029",1,"DEU"
"10","2029",1,"DEU"
"598","2029",1,"DEU"
"1151","2029",1,"DEU"
"1626","2029",1,"DEU"
"2","2030",2,"DEU"
"26","2030",1,"DEU"
"45","2030",1,"DEU"
"125","2030",1,"DEU"
"197","2030",1,"DEU"
"11","2031",1,"DEU"
"356","2031",1,"DEU"
"760","2031",2,"DEU"
"765","2031",1,"DEU"
"1","2032",1,"DEU"
"10","2032",1,"DEU"
"75","2032",1,"DEU"
"651","2032",1,"DEU"
"980","2032",1,"DEU"
"2","2033",2,"DEU"
"6","2033",1,"DEU"
"22","2033",1,"DEU"
"23","2033",1,"DEU"
"47","2033",1,"DEU"
"54","2033",1,"DEU"
"1","2034",1,"DEU"
"17","2034",1,"DEU"
"18","2034",1,"DEU"
"1","2035",3,"DEU"
"5","2035",1,"DEU"
"8","2035",1,"DEU"
"32","2035",1,"DEU"
"85","2035",1,"DEU"
"440","2035",1,"DEU"
"1","2036",1,"DEU"
"2","2036",2,"DEU"
"11","2036",1,"DEU"
"31","2036",1,"DEU"
"458","2036",1,"DEU"
"1041","2036",1,"DEU"
"10","2037",1,"DEU"
"21","2037",1,"DEU"
"92","2037",1,"DEU"
"111","2037",1,"DEU"
"224","2037",1,"DEU"
"1525","2037",1,"DEU"
"3","2038",1,"DEU"
"11","2038",1,"DEU"
"12","2038",1,"DEU"
"33","2038",1,"DEU"
"36","2038",1,"DEU"
"142","2038",1,"DEU"
"908","2038",1,"DEU"
"3","2039",1,"DEU"
"743","2039",1,"DEU"
"1054","2039",1,"DEU"
"1132","2039",1,"DEU"
"1236","2039",1,"DEU"
"1353","2039",1,"DEU"
"1","2040",1,"DEU"
"3","2040",1,"DEU"
"4","2040",1,"DEU"
"6","2040",1,"DEU"
"37","2040",1,"DEU"
"67","2040",1,"DEU"
"338","2040",1,"DEU"
"2","2041",1,"DEU"
"16","2041",1,"DEU"
"92","2041",1,"DEU"
"119","2041",1,"DEU"
"545","2041",1,"DEU"
"3","2042",1,"DEU"
"13","2042",1,"DEU"
"99","2042",1,"DEU"
"183","2042",1,"DEU"
"255","2042",1,"DEU"
"436","2042",1,"DEU"
"1227","2042",1,"DEU"
"2","2043",3,"DEU"
"26","2043",1,"DEU"
"39","2043",1,"DEU"
"777","2043",1,"DEU"
"1","2044",2,"DEU"
"27","2044",2,"DEU"
"52","2044",1,"DEU"
"1181","2044",1,"DEU"
"1","2045",1,"DEU"
"2","2045",1,"DEU"
"39","2045",2,"DEU"
"280","2045",1,"DEU"
"885","2045",1,"DEU"
"1414","2045",1,"DEU"
"3","2046",1,"DEU"
"11","2046",2,"DEU"
"106","2046",1,"DEU"
"763","2046",1,"DEU"
"13","2047",1,"DEU"
"21","2047",1,"DEU"
"22","2047",2,"DEU"
"23","2047",1,"DEU"
"90","2047",1,"DEU"
"1337","2047",1,"DEU"
"21","2048",1,"DEU"
"25","2048",1,"DEU"
"71","2048",1,"DEU"
"212","2048",1,"DEU"
"489","2048",1,"DEU"
"2","2049",1,"DEU"
"15","2049",1,"DEU"
"48","2049",1,"DEU"
"151","2049",1,"DEU"
"268","2049",1,"DEU"
"1295","2049",1,"DEU"
"1","2050",1,"DEU"
"39","2050",1,"DEU"
"56","2050",1,"DEU"
"61","2050",1,"DEU"
"212","2050",1,"DEU"
"1627","2050",1,"DEU"
"18","2051",1,"DEU"
"31","2051",1,"DEU"
"50","2051",1,"DEU"
"156","2051",1,"DEU"
"197","2051",1,"DEU"
"581","2051",1,"DEU"
"1029","2051",1,"DEU"
"3","2052",2,"DEU"
"35","2052",1,"DEU"
"105","2052",1,"DEU"
"239","2052",1,"DEU"
"1","2053",1,"DEU"
"6","2053",1,"DEU"
"20","2053",1,"DEU"
"48","2053",1,"DEU"
"255","2053",1,"DEU"
"1","2054",1,"DEU"
"2","2054",2,"DEU"
"27","2054",1,"DEU"
"52","2054",1,"DEU"
"149","2054",1,"DEU"
"530","2054",1,"DEU"
"779","2054",1,"DEU"
"3","2055",1,"DEU"
"8","2055",1,"DEU"
"15","2055",1,"DEU"
"26","2055",1,"DEU"
"38","2055",1,"DEU"
"68","2055",1,"DEU"
"336","2055",1,"DEU"
"1","2056",2,"DEU"
"33","2056",1,"DEU"
"116","2056",1,"DEU"
"329","2056",1,"DEU"
"518","2056",1,"DEU"
"534","2056",1,"DEU"
"1836","2056",1,"DEU"
"1","2057",1,"DEU"
"2","2057",1,"DEU"
"11","2057",1,"DEU"
"25","2057",1,"DEU"
"182","2057",1,"DEU"
"231","2057",1,"DEU"
"300","2057",1,"DEU"
"360","2057",1,"DEU"
"1","2058",2,"DEU"
"3","2058",2,"DEU"
"5","2058",1,"DEU"
"37","2058",1,"DEU"
"90","2058",1,"DEU"
"4","2059",3,"DEU"
"56","2059",1,"DEU"
"212","2059",1,"DEU"
"929","2059",2,"DEU"
"1777","2059",1,"DEU"
"3","2060",1,"DEU"
"22","2060",2,"DEU"
"448","2060",1,"DEU"
"610","2060",1,"DEU"
"732","2060",1,"DEU"
"969","2060",1,"DEU"
"2","2061",1,"DEU"
"3","2061",1,"DEU"
"61","2061",1,"DEU"
"280","2061",1,"DEU"
"521","2061",1,"DEU"
"922","2061",1,"DEU"
"1409","2061",1,"DEU"
"8","2062",1,"DEU"
"10","2062",1,"DEU"
"24","2062",1,"DEU"
"49","2062",1,"DEU"
"51","2062",1,"DEU"
"17","2063",1,"DEU"
"24","2063",2,"DEU"
"31","2063",1,"DEU"
"75","2063",1,"DEU"
"235","2063",1,"DEU"
"1","2064",1,"DEU"
"3","2064",1,"DEU"
"63","2064",1,"DEU"
"140","2064",1,"DEU"
"599","2064",1,"DEU"
"1731","2064",1,"DEU"
"3","2065",1,"DEU"
"7","2065",1,"DEU"
"29","2065",1,"DEU"
"85","2065",1,"DEU"
"1171","2065",1,"DEU"
"3","2066",1,"DEU"
"8","2066",1,"DEU"
"18","2066",1,"DEU"
"97","2066",1,"DEU"
"364","2066",1,"DEU"
"585","2066",1,"DEU"
"992","2066",1,"DEU"
"1","2067",1,"DEU"
"2","2067",2,"DEU"
"6","2067",1,"DEU"
"36","2067",3,"DEU"
"63","2067",1,"DEU"
"15","2068",2,"DEU"
"44","2068",1,"DEU"
"50","2068",1,"DEU"
"133","2068",1,"DEU"
"526","2068",1,"DEU"
"1584","2068",1,"DEU"
"14","2069",1,"DEU"
"63","2069",1,"DEU"
"126","2069",1,"DEU"
"813","2069",1,"DEU"
"1985","2069",1,"DEU"
"2","2070",1,"DEU"
"10","2070",1,"DEU"
"12","2070",1,"DEU"
"24","2070",1,"DEU"
"50","2070",1,"DEU"
"253","2070",1,"DEU"
"1687","2070",1,"DEU"
"1","2071",1,"DEU"
"2","2071",2,"DEU"
"7","2071",1,"DEU"
"15","2071",1,"DEU"
"1108","2071",1,"DEU"
"1839","2071",1,"DEU"
"1","2072",3,"DEU"
"3","2072",1,"DEU"
"14","2072",1,"DEU"
"22","2072",1,"DEU"
"58","2072",2,"DEU"
"66","2073",1,"DEU"
"126","2073",1,"DEU"
"1053","2073",1,"DEU"
"4","2074",1,"DEU"
"20","2074",1,"DEU"
"26","2074",1,"DEU"
"38","2074",1,"DEU"
"165","2074",1,"DEU"
"636","2074",1,"DEU"
"968","2074",1,"DEU"
"8","2075",1,"DEU"
"48","2075",1,"DEU"
"57","2075",1,"DEU"
"61","2075",1,"DEU"
"64","2075",3,"DEU"
"92","2075",1,"DEU"
"16","2076",1,"DEU"
"17","2076",2,"DEU"
"27","2076",1,"DEU"
"51","2076",1,"DEU"
"1444","2076",1,"DEU"
"3","2077",1,"DEU"
"9","2077",2,"DEU"
"10","2077",1,"DEU"
"11","2077",1,"DEU"
"12","2077",1,"DEU"
"48","2077",1,"DEU"
"1","2078",1,"DEU"
"2","2078",1,"DEU"
"10","2078",1,"DEU"
"11","2078",1,"DEU"
"12","2078",1,"DEU"
"26","2078",1,"DEU"
"1163","2078",1,"DEU"
"2010","2078",1,"DEU"
"1","2079",2,"DEU"
"2","2079",2,"DEU"
"11","2079",1,"DEU"
"13","2079",1,"DEU"
"21","2079",1,"DEU"
"364","2079",1,"DEU"
"1","2080",1,"DEU"
"2","2080",1,"DEU"
"63","2080",1,"DEU"
"189","2080",1,"DEU"
"3","2081",1,"DEU"
"4","2081",2,"DEU"
"15","2081",2,"DEU"
"37","2081",1,"DEU"
"182","2081",1,"DEU"
"604","2081",1,"DEU"
"1","2082",1,"DEU"
"47","2082",1,"DEU"
"61","2082",1,"DEU"
"500","2082",1,"DEU"
"519","2082",1,"DEU"
"621","2082",1,"DEU"
"1774","2082",1,"DEU"
"16","2083",1,"DEU"
"19","2083",1,"DEU"
"61","2083",1,"DEU"
"1738","2083",1,"DEU"
"2","2084",1,"DEU"
"25","2084",2,"DEU"
"44","2084",3,"DEU"
"46","2084",1,"DEU"
"1","2085",1,"DEU"
"17","2085",1,"DEU"
"39","2085",1,"DEU"
"251","2085",1,"DEU"
"460","2085",1,"DEU"
"1058","2085",1,"DEU"
"1560","2085",1,"DEU"
"53","2086",1,"DEU"
"59","2086",1,"DEU"
"186","2086",1,"DEU"
"562","2086",1,"DEU"
"1487","2086",1,"DEU"
"22","2087",1,"DEU"
"171","2087",1,"DEU"
"245","2087",1,"DEU"
"452","2087",1,"DEU"
"686","2087",1,"DEU"
"717","2087",1,"DEU"
"2","2088",1,"DEU"
"11","2088",1,"DEU"
"34","2088",1,"DEU"
"43","2088",1,"DEU"
"144","2088",1,"DEU"
"179","2088",1,"DEU"
"7","2089",1,"DEU"
"20","2089",3,"DEU"
"147","2089",1,"DEU"
"1311","2089",2,"DEU"
"3","2090",2,"DEU"
"85","2090",1,"DEU"
"217","2090",1,"DEU"
"634","2090",1,"DEU"
"2064","2090",1,"DEU"
"16","2091",1,"DEU"
"33","2091",3,"DEU"
"42","2091",1,"DEU"
"53","2091",1,"DEU"
"115","2091",1,"DEU"
"473","2091",1,"DEU"
"2","2092",1,"DEU"
"35","2092",1,"DEU"
"105","2092",1,"DEU"
"263","2092",2,"DEU"
"904","2092",1,"DEU"
"11","2093",1,"DEU"
"30","2093",1,"DEU"
"213","2093",1,"DEU"
"554","2093",1,"DEU"
"1","2094",1,"DEU"
"4","2094",1,"DEU"
"24","2094",1,"DEU"
"39","2094",3,"DEU"
"58","2094",1,"DEU"
"93","2095",1,"DEU"
"139","2095",1,"DEU"
"1","2096",1,"DEU"
"2","2096",1,"DEU"
"28","2096",1,"DEU"
"466","2096",1,"DEU"
"981","2096",1,"DEU"
"1154","2096",1,"DEU"
"1188","2096",1,"DEU"
"1","2097",1,"DEU"
"7","2097",1,"DEU"
"33","2097",1,"DEU"
"48","2097",2,"DEU"
"277","2097",1,"DEU"
"7","2098",1,"DEU"
"8","2098",1,"DEU"
"62","2098",1,"DEU"
"1742","2098",1,"DEU"
"23","2099",1,"DEU"
"26","2099",1,"DEU"
"34","2099",1,"DEU"
"35","2099",1,"DEU"
"147","2099",1,"DEU"
"304","2099",1,"DEU"
"412","2099",1,"DEU"
"1","2100",1,"DEU"
"2","2100",1,"DEU"
"3","2100",1,"DEU"
"22","2100",1,"DEU"
"50","2100",1,"DEU"
"1","2101",1,"DEU"
"4","2101",1,"DEU"
"105","2101",1,"DEU"
"169","2101",2,"DEU"
"1321","2101",1,"DEU"
"2","2102",3,"DEU"
"7","2102",1,"DEU"
"19","2102",1,"DEU"
"145","2102",1,"DEU"
"338","2102",1,"DEU"
"630","2102",1,"DEU"
"583","2103",1,"DEU"
"694","2103",1,"DEU"
"1356","2103",1,"DEU"
"1928","2103",1,"DEU"
"1","2104",1,"DEU"
"13","2104",1,"DEU"
"105","2104",1,"DEU"
"154","2104",1,"DEU"
"1383","2104",1,"DEU"
"30","2105",1,"DEU"
"71","2105",1,"DEU"
"144","2105",1,"DEU"
"323","2105",1,"DEU"
"3","2106",1,"DEU"
"5","2106",1,"DEU"
"43","2106",1,"DEU"
"122","2106",1,"DEU"
"222","2106",1,"DEU"
"830","2106",1,"DEU"
"2","2107",1,"DEU"
"8","2107",2,"DEU"
"24","2107",1,"DEU"
"192","2107",1,"DEU"
"919","2107",1,"DEU"
"13","2108",1,"DEU"
"27","2108",1,"DEU"
"33","2108",2,"DEU"
"72","2108",1,"DEU"
"105","2108",1,"DEU"
"70","2109",1,"DEU"
"110","2109",1,"DEU"
"129","2109",1,"DEU"
"235","2109",3,"DEU"
"289","2109",1,"DEU"
"514","2109",1,"DEU"
"100","2110",1,"DEU"
"259","2110",1,"DEU"
"267","2110",1,"DEU"
"679","2110",1,"DEU"
"938","2110",1,"DEU"
"1","2111",2,"DEU"
"3","2111",1,"DEU"
"53","2111",1,"DEU"
"149","2111",1,"DEU"
"211","2111",1,"DEU"
"2","2112",1,"DEU"
"5","2112",1,"DEU"
"30","2112",1,"DEU"
"31","2112",1,"DEU"
"41","2112",1,"DEU"
"232","2112",1,"DEU"
"1159","2112",1,"DEU"
"1","2113",1,"DEU"
"2","2113",1,"DEU"
"25","2113",1,"DEU"
"414","2113",1,"DEU"
"538","2113",1,"DEU"
"51","2114",1,"DEU"
"98","2114",1,"DEU"
"148","2114",1,"DEU"
"209","2114",1,"DEU"
"399","2114",1,"DEU"
"1163","2114",1,"DEU"
"4","2115",1,"DEU"
"14","2115",1,"DEU"
"16","2115",2,"DEU"
"46","2115",1,"DEU"
"72","2115",1,"DEU"
"312","2115",1,"DEU"
"412","2115",1,"DEU"
"22","2116",1,"DEU"
"32","2116",1,"DEU"
"57","2116",1,"DEU"
"154","2116",1,"DEU"
"230","2116",1,"DEU"
"1265","2116",1,"DEU"
"2","2117",1,"DEU"
"78","2117",1,"DEU"
"780","2117",1,"DEU"
"1","2118",1,"DEU"
"2","2118",1,"DEU"
"8","2118",2,"DEU"
"12","2118",1,"DEU"
"42","2118",1,"DEU"
"344","2118",1,"DEU"
"11","2119",1,"DEU"
"24","2119",1,"DEU"
"66","2119",1,"DEU"
"70","2119",1,"DEU"
"96","2119",1,"DEU"
"345","2119",1,"DEU"
"439","2119",1,"DEU"
"465","2119",1,"DEU"
"1","2120",1,"DEU"
"3","2120",1,"DEU"
"12","2120",1,"DEU"
"26","2120",1,"DEU"
"39","2120",1,"DEU"
"127","2120",1,"DEU"
"191","2120",1,"DEU"
"14","2121",1,"DEU"
"22","2121",1,"DEU"
"41","2121",1,"DEU"
"690","2121",1,"DEU"
"751","2121",1,"DEU"
"1466","2121",1,"DEU"
"2","2122",2,"DEU"
"7","2122",1,"DEU"
"18","2122",1,"DEU"
"19","2122",1,"DEU"
"26","2122",2,"DEU"
"40","2122",1,"DEU"
"1","2123",1,"DEU"
"2","2123",1,"DEU"
"12","2123",1,"DEU"
"13","2123",1,"DEU"
"78","2123",1,"DEU"
"102","2123",1,"DEU"
"1838","2123",1,"DEU"
"4","2124",1,"DEU"
"9","2124",1,"DEU"
"20","2124",1,"DEU"
"134","2124",1,"DEU"
"251","2124",1,"DEU"
"2","2125",2,"DEU"
"7","2125",1,"DEU"
"9","2125",1,"DEU"
"12","2125",1,"DEU"
"15","2125",1,"DEU"
"20","2125",1,"DEU"
"57","2125",1,"DEU"
"32","2126",1,"DEU"
"53","2126",2,"DEU"
"62","2126",1,"DEU"
"106","2126",1,"DEU"
"138","2126",1,"DEU"
"481","2126",1,"DEU"
"1321","2126",1,"DEU"
"9","2127",1,"DEU"
"16","2127",2,"DEU"
"24","2127",1,"DEU"
"164","2127",1,"DEU"
"184","2127",1,"DEU"
"345","2127",1,"DEU"
"3","2128",1,"DEU"
"32","2128",1,"DEU"
"132","2128",1,"DEU"
"299","2128",1,"DEU"
"952","2128",1,"DEU"
"1700","2128",1,"DEU"
"12","2129",1,"DEU"
"320","2129",2,"DEU"
"1607","2129",4,"DEU"
"1976","2129",1,"DEU"
"5","2130",1,"DEU"
"16","2130",1,"DEU"
"45","2130",1,"DEU"
"58","2130",1,"DEU"
"130","2130",1,"DEU"
"288","2130",1,"DEU"
"405","2130",1,"DEU"
"963","2130",1,"DEU"
"1","2131",1,"DEU"
"3","2131",1,"DEU"
"9","2131",1,"DEU"
"11","2131",1,"DEU"
"13","2131",1,"DEU"
"77","2131",1,"DEU"
"97","2131",1,"DEU"
"141","2131",1,"DEU"
"2","2132",1,"DEU"
"69","2132",1,"DEU"
"277","2132",1,"DEU"
"1024","2132",1,"DEU"
"1141","2132",1,"DEU"
"8","2133",1,"DEU"
"61","2133",1,"DEU"
"101","2133",1,"DEU"
"258","2133",1,"DEU"
"1146","2133",1,"DEU"
"1285","2133",1,"DEU"
"1387","2133",1,"DEU"
"1913","2133",1,"DEU"
"1","2134",1,"DEU"
"2","2134",1,"DEU"
"13","2134",2,"DEU"
"24","2134",1,"DEU"
"71","2134",1,"DEU"
"1183","2134",1,"DEU"
"2064","2134",1,"DEU"
"2","2135",1,"DEU"
"3","2135",1,"DEU"
"33","2135",1,"DEU"
"51","2135",1,"DEU"
"616","2135",1,"DEU"
"1222","2135",2,"DEU"
"6","2136",1,"DEU"
"45","2136",2,"DEU"
"53","2136",1,"DEU"
"103","2136",1,"DEU"
"1607","2136",1,"DEU"
"1","2137",1,"DEU"
"2","2137",1,"DEU"
"11","2137",1,"DEU"
"340","2137",1,"DEU"
"727","2137",1,"DEU"
"2135","2137",1,"DEU"
"10","2138",2,"DEU"
"11","2138",1,"DEU"
"305","2138",1,"DEU"
"1598","2138",1,"DEU"
"1624","2138",2,"DEU"
"1","2139",1,"DEU"
"27","2139",1,"DEU"
"59","2139",1,"DEU"
"76","2139",1,"DEU"
"249","2139",1,"DEU"
"1","2140",1,"DEU"
"2","2140",2,"DEU"
"12","2140",1,"DEU"
"18","2140",1,"DEU"
"20","2140",1,"DEU"
"32","2140",1,"DEU"
"528","2140",1,"DEU"
"1","2141",3,"DEU"
"13","2141",1,"DEU"
"113","2141",1,"DEU"
"250","2141",1,"DEU"
"1504","2141",1,"DEU"
"21","2142",1,"DEU"
"82","2142",1,"DEU"
"252","2142",1,"DEU"
"874","2142",1,"DEU"
"881","2142",1,"DEU"
"1166","2142",1,"DEU"
"1697","2142",1,"DEU"
"1892","2142",1,"DEU"
"1","2143",1,"DEU"
"3","2143",2,"DEU"
"46","2143",1,"DEU"
"593","2143",1,"DEU"
"1840","2143",1,"DEU"
"2098","2143",1,"DEU"
"3","2144",2,"DEU"
"18","2144",1,"DEU"
"137","2144",1,"DEU"
"1996","2144",1,"DEU"
"1","2145",2,"DEU"
"3","2145",1,"DEU"
"10","2145",1,"DEU"
"11","2145",1,"DEU"
"32","2145",1,"DEU"
"73","2145",1,"DEU"
"854","2145",1,"DEU"
"1","2146",1,"DEU"
"23","2146",1,"DEU"
"61","2146",1,"DEU"
"77","2146",1,"DEU"
"86","2146",1,"DEU"
"112","2146",1,"DEU"
"810","2146",1,"DEU"
"11","2147",1,"DEU"
"12","2147",1,"DEU"
"15","2147",1,"DEU"
"23","2147",1,"DEU"
"26","2147",1,"DEU"
"58","2147",1,"DEU"
"1269","2147",1,"DEU"
"2117","2147",1,"DEU"
"1","2148",1,"DEU"
"2","2148",1,"DEU"
"13","2148",1,"DEU"
"47","2148",1,"DEU"
"329","2148",2,"DEU"
"2","2149",3,"DEU"
"26","2149",1,"DEU"
"158","2149",1,"DEU"
"1819","2149",1,"DEU"
"1","2150",1,"DEU"
"4","2150",1,"DEU"
"415","2150",1,"DEU"
"520","2150",1,"DEU"
"1126","2150",1,"DEU"
"1661","2150",1,"DEU"
"2041","2150",1,"DEU"
"1","2151",1,"DEU"
"2","2151",1,"DEU"
"3","2151",1,"DEU"
"26","2151",1,"DEU"
"38","2151",1,"DEU"
"456","2151",1,"DEU"
"1450","2151",1,"DEU"
"1","2152",1,"DEU"
"11","2152",1,"DEU"
"132","2152",1,"DEU"
"137","2152",1,"DEU"
"409","2152",1,"DEU"
"717","2152",1,"DEU"
"2038","2152",1,"DEU"
"10","2153",1,"DEU"
"11","2153",2,"DEU"
"13","2153",1,"DEU"
"32","2153",1,"DEU"
"121","2153",1,"DEU"
"355","2153",1,"DEU"
"1","2154",1,"DEU"
"12","2154",3,"DEU"
"22","2154",1,"DEU"
"34","2154",1,"DEU"
"39","2154",2,"DEU"
"18","2155",1,"DEU"
"23","2155",1,"DEU"
"33","2155",1,"DEU"
"34","2155",1,"DEU"
"47","2155",1,"DEU"
"52","2155",1,"DEU"
"433","2155",1,"DEU"
"19","2156",1,"DEU"
"30","2156",1,"DEU"
"43","2156",2,"DEU"
"44","2156",2,"DEU"
"90","2156",1,"DEU"
"9","2157",1,"DEU"
"25","2157",1,"DEU"
"30","2157",1,"DEU"
"40","2157",1,"DEU"
"60","2157",1,"DEU"
"82","2157",1,"DEU"
"226","2157",1,"DEU"
"751","2157",1,"DEU"
"3","2158",1,"DEU"
"6","2158",1,"DEU"
"37","2158",1,"DEU"
"93","2158",1,"DEU"
"120","2158",2,"DEU"
"481","2158",1,"DEU"
"2","2159",1,"DEU"
"10","2159",1,"DEU"
"13","2159",1,"DEU"
"14","2159",1,"DEU"
"15","2159",1,"DEU"
"837","2159",1,"DEU"
"840","2159",1,"DEU"
"12","2160",1,"DEU"
"19","2160",1,"DEU"
"22","2160",1,"DEU"
"24","2160",1,"DEU"
"33","2160",1,"DEU"
"540","2160",1,"DEU"
"872","2160",1,"DEU"
"1","2161",1,"DEU"
"27","2161",1,"DEU"
"63","2161",1,"DEU"
"150","2161",1,"DEU"
"433","2161",1,"DEU"
"799","2161",1,"DEU"
"1350","2161",1,"DEU"
"3","2162",1,"DEU"
"1221","2162",4,"DEU"
"1969","2162",3,"DEU"
"3","2163",1,"DEU"
"20","2163",1,"DEU"
"21","2163",1,"DEU"
"122","2163",1,"DEU"
"284","2163",1,"DEU"
"612","2163",1,"DEU"
"2","2164",1,"DEU"
"6","2164",1,"DEU"
"596","2164",1,"DEU"
"1351","2164",1,"DEU"
"2124","2164",1,"DEU"
"4","2165",1,"DEU"
"13","2165",1,"DEU"
"26","2165",1,"DEU"
"474","2165",1,"DEU"
"1353","2165",1,"DEU"
"3","2166",1,"DEU"
"30","2166",1,"DEU"
"87","2166",1,"DEU"
"179","2166",1,"DEU"
"1538","2166",1,"DEU"
"1870","2166",1,"DEU"
"1","2167",1,"DEU"
"2","2167",1,"DEU"
"7","2167",1,"DEU"
"36","2167",1,"DEU"
"658","2167",1,"DEU"
"837","2167",1,"DEU"
"1031","2167",1,"DEU"
"8","2168",1,"DEU"
"9","2168",1,"DEU"
"11","2168",1,"DEU"
"56","2168",1,"DEU"
"97","2168",1,"DEU"
"21","2169",1,"DEU"
"28","2169",1,"DEU"
"31","2169",1,"DEU"
"65","2169",1,"DEU"
"79","2169",1,"DEU"
"176","2169",1,"DEU"
"431","2169",1,"DEU"
"1317","2169",1,"DEU"
"2","2170",1,"DEU"
"375","2170",1,"DEU"
"828","2170",1,"DEU"
"1343","2170",1,"DEU"
"2166","2170",1,"DEU"
"8","2171",1,"DEU"
"10","2171",1,"DEU"
"18","2171",1,"DEU"
"420","2171",1,"DEU"
"480","2171",1,"DEU"
"573","2171",1,"DEU"
"1","2172",1,"DEU"
"3","2172",1,"DEU"
"25","2172",1,"DEU"
"36","2172",1,"DEU"
"73","2172",1,"DEU"
"1202","2172",1,"DEU"
"11","2173",2,"DEU"
"28","2173",1,"DEU"
"37","2173",1,"DEU"
"154","2173",2,"DEU"
"8","2174",1,"DEU"
"32","2174",1,"DEU"
"83","2174",1,"DEU"
"117","2174",1,"DEU"
"244","2174",1,"DEU"
"689","2174",1,"DEU"
"893","2174",1,"DEU"
"6","2175",1,"DEU"
"7","2175",1,"DEU"
"22","2175",1,"DEU"
"64","2175",2,"DEU"
"71","2175",1,"DEU"
"771","2175",1,"DEU"
"2","2176",1,"DEU"
"4","2176",1,"DEU"
"6","2176",1,"DEU"
"13","2176",1,"DEU"
"56","2176",1,"DEU"
"85","2176",1,"DEU"
"1","2177",2,"DEU"
"60","2177",1,"DEU"
"79","2177",1,"DEU"
"102","2177",1,"DEU"
"109","2177",1,"DEU"
"234","2177",1,"DEU"
"725","2177",1,"DEU"
"1","2178",1,"DEU"
"21","2178",1,"DEU"
"53","2178",1,"DEU"
"16","2179",1,"DEU"
"51","2179",1,"DEU"
"148","2179",1,"DEU"
"447","2179",1,"DEU"
"456","2179",1,"DEU"
"1","2180",3,"DEU"
"11","2180",1,"DEU"
"12","2180",1,"DEU"
"45","2180",1,"DEU"
"1184","2180",1,"DEU"
"2","2181",1,"DEU"
"4","2181",1,"DEU"
"14","2181",3,"DEU"
"83","2181",1,"DEU"
"121","2181",1,"DEU"
"1799","2181",1,"DEU"
"3","2182",1,"DEU"
"26","2182",3,"DEU"
"42","2182",1,"DEU"
"963","2182",1,"DEU"
"1110","2182",1,"DEU"
"10","2183",1,"DEU"
"20","2183",1,"DEU"
"34","2183",1,"DEU"
"38","2183",1,"DEU"
"44","2183",1,"DEU"
"97","2183",1,"DEU"
"665","2183",1,"DEU"
"2","2184",1,"DEU"
"3","2184",1,"DEU"
"5","2184",1,"DEU"
"32","2184",1,"DEU"
"807","2184",2,"DEU"
"905","2184",2,"DEU"
"2","2185",1,"DEU"
"3","2185",1,"DEU"
"16","2185",3,"DEU"
"211","2185",1,"DEU"
"378","2185",1,"DEU"
"431","2185",1,"DEU"
"15","2186",1,"DEU"
"24","2186",1,"DEU"
"28","2186",1,"DEU"
"34","2186",1,"DEU"
"35","2186",1,"DEU"
"42","2186",1,"DEU"
"59","2186",1,"DEU"
"1","2187",1,"DEU"
"2","2187",1,"DEU"
"6","2187",1,"DEU"
"11","2187",1,"DEU"
"1162","2187",1,"DEU"
"1625","2187",1,"DEU"
"1823","2187",1,"DEU"
"15","2188",1,"DEU"
"20","2188",1,"DEU"
"44","2188",1,"DEU"
"476","2188",1,"DEU"
"1202","2188",3,"DEU"
"2136","2188",1,"DEU"
"3","2189",1,"DEU"
"10","2189",1,"DEU"
"19","2189",1,"DEU"
"67","2189",1,"DEU"
"196","2189",1,"DEU"
"262","2189",1,"DEU"
"548","2189",1,"DEU"
"1","2190",1,"DEU"
"2","2190",2,"DEU"
"13","2190",1,"DEU"
"48","2190",1,"DEU"
"124","2190",1,"DEU"
"133","2190",1,"DEU"
"1","2191",4,"DEU"
"10","2191",2,"DEU"
"23","2191",1,"DEU"
"249","2191",1,"DEU"
"1","2192",1,"DEU"
"7","2192",2,"DEU"
"20","2192",1,"DEU"
"52","2192",1,"DEU"
"179","2192",1,"DEU"
"861","2192",1,"DEU"
"6","2193",1,"DEU"
"8","2193",2,"DEU"
"12","2193",2,"DEU"
"13","2193",1,"DEU"
"18","2193",1,"DEU"
"38","2193",1,"DEU"
"41","2194",3,"DEU"
"120","2194",1,"DEU"
"139","2194",1,"DEU"
"272","2194",1,"DEU"
"18","2195",1,"DEU"
"29","2195",1,"DEU"
"36","2195",1,"DEU"
"100","2195",1,"DEU"
"123","2195",1,"DEU"
"222","2195",1,"DEU"
"1035","2195",1,"DEU"
"2001","2195",1,"DEU"
"18","2196",1,"DEU"
"53","2196",1,"DEU"
"57","2196",1,"DEU"
"84","2196",1,"DEU"
"155","2196",1,"DEU"
"163","2196",1,"DEU"
"3","2197",2,"DEU"
"4","2197",1,"DEU"
"15","2197",2,"DEU"
"27","2197",1,"DEU"
"397","2197",1,"DEU"
"834","2197",1,"DEU"
"10","2198",1,"DEU"
"17","2198",2,"DEU"
"46","2198",1,"DEU"
"74","2198",1,"DEU"
"189","2198",1,"DEU"
"204","2198",1,"DEU"
"3","2199",1,"DEU"
"24","2199",1,"DEU"
"37","2199",1,"DEU"
"158","2199",1,"DEU"
"213","2199",1,"DEU"
"251","2199",1,"DEU"
"13","2200",1,"DEU"
"15","2200",1,"DEU"
"64","2200",1,"DEU"
"241","2200",1,"DEU"
"303","2200",1,"DEU"
"2004","2200",1,"DEU"
"1","2201",1,"DEU"
"3","2201",1,"DEU"
"638","2201",1,"DEU"
"944","2201",1,"DEU"
"26","2202",1,"DEU"
"36","2202",1,"DEU"
"46","2202",1,"DEU"
"276","2202",1,"DEU"
"512","2202",1,"DEU"
"836","2202",2,"DEU"
"3","2203",1,"DEU"
"33","2203",1,"DEU"
"45","2203",1,"DEU"
"275","2203",1,"DEU"
"1783","2203",1,"DEU"
"1848","2203",1,"DEU"
"3","2204",2,"DEU"
"53","2204",1,"DEU"
"180","2204",1,"DEU"
"424","2204",1,"DEU"
"11","2205",1,"DEU"
"24","2205",2,"DEU"
"28","2205",1,"DEU"
"52","2205",1,"DEU"
"78","2205",1,"DEU"
"126","2205",1,"DEU"
"1094","2205",1,"DEU"
"1","2206",1,"DEU"
"4","2206",1,"DEU"
"25","2206",1,"DEU"
"101","2206",1,"DEU"
"239","2206",1,"DEU"
"924","2206",1,"DEU"
"1023","2206",1,"DEU"
"1265","2206",1,"DEU"
"1","2207",1,"DEU"
"2","2207",3,"DEU"
"63","2207",1,"DEU"
"471","2207",1,"DEU"
"639","2207",1,"DEU"
"1787","2207",1,"DEU"
"9","2208",3,"DEU"
"10","2208",1,"DEU"
"30","2208",1,"DEU"
"33","2208",1,"DEU"
"34","2208",1,"DEU"
"127","2208",1,"DEU"
"25","2209",1,"DEU"
"28","2209",1,"DEU"
"197","2209",1,"DEU"
"234","2209",1,"DEU"
"1068","2209",1,"DEU"
"1913","2209",1,"DEU"
"1","2210",2,"DEU"
"3","2210",1,"DEU"
"24","2210",1,"DEU"
"290","2210",1,"DEU"
"963","2210",1,"DEU"
"1","2211",1,"DEU"
"2","2211",1,"DEU"
"3","2211",2,"DEU"
"4","2211",1,"DEU"
"38","2211",1,"DEU"
"1080","2211",1,"DEU"
"2039","2211",1,"DEU"
"1","2212",1,"DEU"
"2","2212",1,"DEU"
"4","2212",1,"DEU"
"56","2212",1,"DEU"
"58","2212",2,"DEU"
"544","2212",1,"DEU"
"1568","2212",1,"DEU"
"3","2213",1,"DEU"
"8","2213",2,"DEU"
"11","2213",1,"DEU"
"601","2213",1,"DEU"
"1","2214",1,"DEU"
"7","2214",1,"DEU"
"19","2214",1,"DEU"
"59","2214",1,"DEU"
"64","2214",1,"DEU"
"468","2214",1,"DEU"
"17","2215",1,"DEU"
"34","2215",1,"DEU"
"54","2215",1,"DEU"
"59","2215",2,"DEU"
"78","2215",1,"DEU"
"1696","2215",1,"DEU"
"3","2216",2,"DEU"
"498","2216",1,"DEU"
"506","2216",1,"DEU"
"766","2216",1,"DEU"
"1381","2216",1,"DEU"
"2200","2216",1,"DEU"
"1","2217",3,"DEU"
"2","2217",1,"DEU"
"3","2217",1,"DEU"
"105","2217",1,"DEU"
"128","2217",1,"DEU"
"1","2218",2,"DEU"
"10","2218",1,"DEU"
"233","2218",1,"DEU"
"1225","2218",1,"DEU"
"1574","2218",1,"DEU"
"22","2219",1,"DEU"
"24","2219",1,"DEU"
"46","2219",1,"DEU"
"146","2219",1,"DEU"
"228","2219",1,"DEU"
"605","2219",2,"DEU"
"1","2220",1,"DEU"
"10","2220",1,"DEU"
"33","2220",1,"DEU"
"69","2220",1,"DEU"
"211","2220",1,"DEU"
"416","2220",1,"DEU"
"17","2221",1,"DEU"
"50","2221",1,"DEU"
"51","2221",1,"DEU"
"84","2221",1,"DEU"
"751","2221",1,"DEU"
"8","2222",1,"DEU"
"10","2222",1,"DEU"
"137","2222",1,"DEU"
"336","2222",1,"DEU"
"443","2222",1,"DEU"
"14","2223",2,"DEU"
"25","2223",2,"DEU"
"33","2223",1,"DEU"
"84","2223",1,"DEU"
"1021","2223",1,"DEU"
"5","2224",1,"DEU"
"43","2224",1,"DEU"
"82","2224",1,"DEU"
"154","2224",1,"DEU"
"232","2224",1,"DEU"
"434","2224",1,"DEU"
"661","2224",1,"DEU"
"1572","2224",1,"DEU"
"4","2225",2,"DEU"
"37","2225",1,"DEU"
"281","2225",1,"DEU"
"432","2225",1,"DEU"
"3","2226",1,"DEU"
"10","2226",1,"DEU"
"49","2226",1,"DEU"
"57","2226",1,"DEU"
"225","2226",1,"DEU"
"231","2226",1,"DEU"
"945","2226",1,"DEU"
"3","2227",1,"DEU"
"89","2227",1,"DEU"
"591","2227",1,"DEU"
"612","2227",1,"DEU"
"887","2227",1,"DEU"
"3","2228",2,"DEU"
"26","2228",1,"DEU"
"109","2228",1,"DEU"
"279","2228",1,"DEU"
"1","2229",1,"DEU"
"71","2229",1,"DEU"
"157","2229",1,"DEU"
"398","2229",1,"DEU"
"625","2229",1,"DEU"
"806","2229",1,"DEU"
"2","2230",2,"DEU"
"3","2230",2,"DEU"
"9","2230",1,"DEU"
"24","2230",1,"DEU"
"37","2230",1,"DEU"
"433","2230",1,"DEU"
"1","2231",1,"DEU"
"3","2231",1,"DEU"
"19","2231",1,"DEU"
"24","2231",1,"DEU"
"62","2231",1,"DEU"
"74","2231",1,"DEU"
"1","2232",1,"DEU"
"6","2232",1,"DEU"
"9","2232",2,"DEU"
"17","2232",1,"DEU"
"465","2232",1,"DEU"
"2069","2232",1,"DEU"
"2","2233",2,"DEU"
"22","2233",1,"DEU"
"25","2233",1,"DEU"
"42","2233",1,"DEU"
"1099","2233",1,"DEU"
"1205","2233",1,"DEU"
"1844","2233",1,"DEU"
"2","2234",1,"DEU"
"572","2234",1,"DEU"
"1174","2234",1,"DEU"
"1534","2234",1,"DEU"
"1746","2234",1,"DEU"
"2","2235",2,"DEU"
"14","2235",4,"DEU"
"30","2235",1,"DEU"
"191","2235",1,"DEU"
"1","2236",1,"DEU"
"2","2236",1,"DEU"
"7","2236",1,"DEU"
"12","2236",1,"DEU"
"52","2236",1,"DEU"
"215","2236",1,"DEU"
"711","2236",1,"DEU"
"950","2236",1,"DEU"
"1","2237",1,"DEU"
"2","2237",1,"DEU"
"3","2237",3,"DEU"
"547","2237",1,"DEU"
"1589","2237",1,"DEU"
"5","2238",1,"DEU"
"11","2238",3,"DEU"
"18","2238",1,"DEU"
"113","2238",1,"DEU"
"411","2238",1,"DEU"
"3","2239",1,"DEU"
"4","2239",1,"DEU"
"31","2239",2,"DEU"
"61","2239",1,"DEU"
"69","2239",1,"DEU"
"181","2239",1,"DEU"
"427","2239",1,"DEU"
"2","2240",2,"DEU"
"5","2240",1,"DEU"
"22","2240",1,"DEU"
"194","2240",1,"DEU"
"684","2240",1,"DEU"
"973","2240",1,"DEU"
"2111","2240",1,"DEU"
"44","2241",3,"DEU"
"153","2241",1,"DEU"
"1251","2241",1,"DEU"
"1","2242",1,"DEU"
"2","2242",1,"DEU"
"26","2242",1,"DEU"
"39","2242",1,"DEU"
"147","2242",1,"DEU"
"202","2242",1,"DEU"
"305","2242",1,"DEU"
"602","2242",1,"DEU"
"1","2243",1,"DEU"
"10","2243",1,"DEU"
"25","2243",2,"DEU"
"29","2243",1,"DEU"
"33","2243",1,"DEU"
"269","2243",1,"DEU"
"1942","2243",1,"DEU"
"4","2244",1,"DEU"
"6","2244",3,"DEU"
"20","2244",1,"DEU"
"51","2244",1,"DEU"
"189","2244",1,"DEU"
"331","2244",1,"DEU"
"7","2245",1,"DEU"
"8","2245",1,"DEU"
"30","2245",1,"DEU"
"133","2245",1,"DEU"
"571","2245",1,"DEU"
"582","2245",1,"DEU"
"1846","2245",1,"DEU"
"18","2246",2,"DEU"
"21","2246",1,"DEU"
"73","2246",1,"DEU"
"305","2246",1,"DEU"
"1505","2246",1,"DEU"
"1917","2246",1,"DEU"
"1","2247",1,"DEU"
"3","2247",1,"DEU"
"41","2247",1,"DEU"
"68","2247",1,"DEU"
"629","2247",1,"DEU"
"1152","2247",1,"DEU"
"1561","2247",1,"DEU"
"1","2248",2,"DEU"
"4","2248",1,"DEU"
"20","2248",1,"DEU"
"299","2248",1,"DEU"
"641","2248",2,"DEU"
"1820","2248",1,"DEU"
"19","2249",1,"DEU"
"40","2249",1,"DEU"
"229","2249",1,"DEU"
"656","2249",1,"DEU"
"1441","2249",1,"DEU"
"2246","2249",1,"DEU"
"31","2250",1,"DEU"
"57","2250",1,"DEU"
"105","2250",1,"DEU"
"235","2250",1,"DEU"
"276","2250",1,"DEU"
"1305","2250",1,"DEU"
"1367","2250",1,"DEU"
"7","2251",1,"DEU"
"48","2251",1,"DEU"
"59","2251",1,"DEU"
"469","2251",1,"DEU"
"636","2251",1,"DEU"
"899","2251",1,"DEU"
"1","2252",1,"DEU"
"24","2252",1,"DEU"
"25","2252",1,"DEU"
"34","2252",1,"DEU"
"35","2252",1,"DEU"
"87","2252",1,"DEU"
"3","2253",1,"DEU"
"15","2253",1,"DEU"
"37","2253",1,"DEU"
"87","2253",1,"DEU"
"201","2253",1,"DEU"
"235","2253",1,"DEU"
"512","2253",1,"DEU"
"1","2254",1,"DEU"
"2","2254",1,"DEU"
"3","2254",2,"DEU"
"15","2254",1,"DEU"
"1188","2254",2,"DEU"
"1","2255",1,"DEU"
"2","2255",2,"DEU"
"4","2255",1,"DEU"
"233","2255",1,"DEU"
"619","2255",1,"DEU"
"739","2255",1,"DEU"
"2225","2255",1,"DEU"
"38","2256",1,"DEU"
"40","2256",1,"DEU"
"56","2256",1,"DEU"
"90","2256",1,"DEU"
"517","2256",1,"DEU"
"652","2256",1,"DEU"
"1064","2256",1,"DEU"
"1525","2256",1,"DEU"
"11","2257",3,"DEU"
"28","2257",1,"DEU"
"500","2257",1,"DEU"
"2","2258",2,"DEU"
"3","2258",1,"DEU"
"32","2258",1,"DEU"
"40","2258",1,"DEU"
"41","2258",1,"DEU"
"53","2258",1,"DEU"
"62","2258",1,"DEU"
"2","2259",1,"DEU"
"8","2259",2,"DEU"
"848","2259",1,"DEU"
"1125","2259",1,"DEU"
"1172","2259",1,"DEU"
"1","2260",1,"DEU"
"4","2260",1,"DEU"
"15","2260",1,"DEU"
"39","2260",1,"DEU"
"65","2260",1,"DEU"
"3","2261",1,"DEU"
"53","2261",1,"DEU"
"63","2261",1,"DEU"
"351","2261",1,"DEU"
"1027","2261",1,"DEU"
"1223","2261",1,"DEU"
"1489","2261",1,"DEU"
"1673","2261",1,"DEU"
"3","2262",1,"DEU"
"15","2262",1,"DEU"
"17","2262",1,"DEU"
"254","2262",1,"DEU"
"319","2262",1,"DEU"
"846","2262",1,"DEU"
"958","2262",1,"DEU"
"1498","2262",1,"DEU"
"1","2263",1,"DEU"
"3","2263",1,"DEU"
"4","2263",1,"DEU"
"106","2263",1,"DEU"
"110","2263",2,"DEU"
"532","2263",1,"DEU"
"4","2264",2,"DEU"
"5","2264",1,"DEU"
"7","2264",1,"DEU"
"18","2264",1,"DEU"
"37","2264",1,"DEU"
"368","2264",1,"DEU"
"2","2265",1,"DEU"
"7","2265",1,"DEU"
"12","2265",1,"DEU"
"13","2265",1,"DEU"
"15","2265",1,"DEU"
"103","2265",1,"DEU"
"424","2265",1,"DEU"
"10","2266",1,"DEU"
"287","2266",1,"DEU"
"2220","2266",1,"DEU"
"2","2267",1,"DEU"
"20","2267",2,"DEU"
"32","2267",1,"DEU"
"97","2267",1,"DEU"
"597","2267",1,"DEU"
"1","2268",1,"DEU"
"6","2268",1,"DEU"
"13","2268",1,"DEU"
"17","2268",1,"DEU"
"24","2268",1,"DEU"
"101","2268",1,"DEU"
"5","2269",1,"DEU"
"21","2269",2,"DEU"
"22","2269",1,"DEU"
"103","2269",1,"DEU"
"292","2269",1,"DEU"
"1","2270",1,"DEU"
"3","2270",1,"DEU"
"13","2270",1,"DEU"
"108","2270",1,"DEU"
"280","2270",1,"DEU"
"1","2271",1,"DEU"
"2","2271",1,"DEU"
"8","2271",1,"DEU"
"10","2271",1,"DEU"
"35","2271",1,"DEU"
"51","2271",1,"DEU"
"425","2271",1,"DEU"
"908","2271",1,"DEU"
"6","2272",1,"DEU"
"32","2272",1,"DEU"
"90","2272",1,"DEU"
"99","2272",1,"DEU"
"280","2272",1,"DEU"
"1114","2272",1,"DEU"
"1196","2272",1,"DEU"
"2","2273",3,"DEU"
"3","2273",1,"DEU"
"12","2273",1,"DEU"
"1629","2273",1,"DEU"
"75","2274",1,"DEU"
"194","2274",1,"DEU"
"241","2274",1,"DEU"
"377","2274",1,"DEU"
"911","2274",1,"DEU"
"1320","2274",1,"DEU"
"2223","2274",1,"DEU"
"11","2275",1,"DEU"
"36","2275",1,"DEU"
"42","2275",1,"DEU"
"43","2275",2,"DEU"
"46","2275",1,"DEU"
"59","2275",1,"DEU"
"1499","2275",1,"DEU"
"2","2276",1,"DEU"
"7","2276",1,"DEU"
"15","2276",2,"DEU"
"72","2276",1,"DEU"
"467","2276",1,"DEU"
"2107","2276",1,"DEU"
"11","2277",1,"DEU"
"29","2277",1,"DEU"
"1244","2277",1,"DEU"
"1957","2277",1,"DEU"
"6","2278",4,"DEU"
"10","2278",1,"DEU"
"857","2278",2,"DEU"
"1","2279",1,"DEU"
"12","2279",1,"DEU"
"33","2279",1,"DEU"
"374","2279",1,"DEU"
"853","2279",1,"DEU"
"1351","2279",1,"DEU"
"2","2280",2,"DEU"
"8","2280",1,"DEU"
"19","2280",1,"DEU"
"26","2280",1,"DEU"
"30","2280",1,"DEU"
"1475","2280",1,"DEU"
"8","2281",2,"DEU"
"11","2281",1,"DEU"
"15","2281",1,"DEU"
"36","2281",1,"DEU"
"171","2281",1,"DEU"
"1428","2281",1,"DEU"
"41","2282",1,"DEU"
"47","2282",1,"DEU"
"140","2282",2,"DEU"
"343","2282",1,"DEU"
"649","2282",1,"DEU"
"1160","2282",1,"DEU"
"6","2283",1,"DEU"
"56","2283",1,"DEU"
"164","2283",1,"DEU"
"558","2283",1,"DEU"
"4","2284",1,"DEU"
"15","2284",2,"DEU"
"35","2284",1,"DEU"
"47","2284",1,"DEU"
"128","2284",1,"DEU"
"227","2284",1,"DEU"
"299","2284",1,"DEU"
"8","2285",1,"DEU"
"13","2285",1,"DEU"
"29","2285",1,"DEU"
"66","2285",1,"DEU"
"411","2285",1,"DEU"
"1968","2285",1,"DEU"
"13","2286",1,"DEU"
"32","2286",1,"DEU"
"80","2286",1,"DEU"
"187","2286",1,"DEU"
"437","2286",1,"DEU"
"969","2286",1,"DEU"
"2","2287",1,"DEU"
"4","2287",1,"DEU"
"31","2287",1,"DEU"
"38","2287",1,"DEU"
"162","2287",1,"DEU"
"11","2288",1,"DEU"
"25","2288",1,"DEU"
"36","2288",1,"DEU"
"59","2288",1,"DEU"
"87","2288",1,"DEU"
"1228","2288",1,"DEU"
"1","2289",2,"DEU"
"2","2289",1,"DEU"
"22","2289",1,"DEU"
"24","2289",1,"DEU"
"63","2289",1,"DEU"
"2","2290",1,"DEU"
"8","2290",1,"DEU"
"18","2290",1,"DEU"
"20","2290",1,"DEU"
"69","2290",1,"DEU"
"108","2290",1,"DEU"
"224","2290",1,"DEU"
"3","2291",2,"DEU"
"21","2291",1,"DEU"
"179","2291",1,"DEU"
"984","2291",1,"DEU"
"1696","2291",1,"DEU"
"13","2292",2,"DEU"
"20","2292",1,"DEU"
"36","2292",1,"DEU"
"40","2292",1,"DEU"
"3","2293",1,"DEU"
"6","2293",2,"DEU"
"868","2293",1,"DEU"
"12","2294",1,"DEU"
"24","2294",1,"DEU"
"39","2294",1,"DEU"
"62","2294",1,"DEU"
"110","2294",1,"DEU"
"1","2295",1,"DEU"
"34","2295",1,"DEU"
"58","2295",1,"DEU"
"174","2295",1,"DEU"
"239","2295",1,"DEU"
"732","2295",1,"DEU"
"941","2295",1,"DEU"
"1476","2295",1,"DEU"
"2","2296",2,"DEU"
"18","2296",1,"DEU"
"40","2296",1,"DEU"
"41","2296",1,"DEU"
"71","2296",1,"DEU"
"668","2296",1,"DEU"
"808","2296",1,"DEU"
"1","2297",1,"DEU"
"5","2297",1,"DEU"
"7","2297",1,"DEU"
"81","2297",1,"DEU"
"562","2297",1,"DEU"
"1461","2297",2,"DEU"
"29","2298",1,"DEU"
"41","2298",1,"DEU"
"188","2298",1,"DEU"
"189","2298",1,"DEU"
"213","2298",1,"DEU"
"759","2298",1,"DEU"
"858","2298",1,"DEU"
"6","2299",1,"DEU"
"7","2299",1,"DEU"
"20","2299",1,"DEU"
"21","2299",2,"DEU"
"28","2299",1,"DEU"
"46","2299",1,"DEU"
"716","2299",1,"DEU"
"3","2300",1,"DEU"
"17","2300",1,"DEU"
"21","2300",1,"DEU"
"101","2300",1,"DEU"
"326","2300",1,"DEU"
"14","2301",2,"DEU"
"26","2301",1,"DEU"
"77","2301",1,"DEU"
"563","2301",1,"DEU"
"860","2301",2,"DEU"
"1","2302",1,"DEU"
"2","2302",1,"DEU"
"3","2302",1,"DEU"
"12","2302",1,"DEU"
"58","2302",1,"DEU"
"103","2302",1,"DEU"
"3","2303",1,"DEU"
"7","2303",1,"DEU"
"11","2303",1,"DEU"
"13","2303",1,"DEU"
"63","2303",1,"DEU"
"85","2303",1,"DEU"
"331","2303",1,"DEU"
"2","2304",1,"DEU"
"8","2304",1,"DEU"
"19","2304",1,"DEU"
"109","2304",1,"DEU"
"246","2304",1,"DEU"
"281","2304",1,"DEU"
"938","2304",1,"DEU"
"1","2305",1,"DEU"
"2","2305",1,"DEU"
"44","2305",1,"DEU"
"65","2305",1,"DEU"
"88","2305",1,"DEU"
"208","2305",1,"DEU"
"3","2306",1,"DEU"
"13","2306",1,"DEU"
"25","2306",1,"DEU"
"26","2306",1,"DEU"
"59","2306",1,"DEU"
"325","2306",1,"DEU"
"1372","2306",1,"DEU"
"12","2307",1,"DEU"
"15","2307",1,"DEU"
"88","2307",1,"DEU"
"394","2307",1,"DEU"
"767","2307",1,"DEU"
"1211","2307",1,"DEU"
"1","2308",1,"DEU"
"6","2308",2,"DEU"
"12","2308",1,"DEU"
"83","2308",1,"DEU"
"832","2308",1,"DEU"
"3","2309",2,"DEU"
"47","2309",1,"DEU"
"57","2309",1,"DEU"
"128","2309",1,"DEU"
"1393","2309",1,"DEU"
"2124","2309",1,"DEU"
"4","2310",1,"DEU"
"11","2310",2,"DEU"
"19","2310",1,"DEU"
"31","2310",1,"DEU"
"52","2310",1,"DEU"
"55","2310",1,"DEU"
"126","2310",1,"DEU"
"3","2311",1,"DEU"
"19","2311",2,"DEU"
"21","2311",1,"DEU"
"100","2311",1,"DEU"
"1695","2311",1,"DEU"
"2144","2311",1,"DEU"
"1","2312",1,"DEU"
"11","2312",1,"DEU"
"17","2312",1,"DEU"
"61","2312",1,"DEU"
"226","2312",1,"DEU"
"228","2312",1,"DEU"
"425","2312",1,"DEU"
"648","2312",1,"DEU"
"1","2313",2,"DEU"
"2","2313",1,"DEU"
"3","2313",1,"DEU"
"17","2313",1,"DEU"
"475","2313",1,"DEU"
"2210","2313",1,"DEU"
"4","2314",1,"DEU"
"6","2314",1,"DEU"
"8","2314",2,"DEU"
"31","2314",1,"DEU"
"254","2314",1,"DEU"
"10","2315",1,"DEU"
"26","2315",1,"DEU"
"63","2315",1,"DEU"
"67","2315",1,"DEU"
"86","2315",1,"DEU"
"329","2315",1,"DEU"
"647","2315",1,"DEU"
"2152","2315",1,"DEU"
"4","2316",1,"DEU"
"16","2316",1,"DEU"
"38","2316",1,"DEU"
"1685","2316",1,"DEU"
"2093","2316",1,"DEU"
"7","2317",2,"DEU"
"26","2317",2,"DEU"
"44","2317",1,"DEU"
"102","2317",1,"DEU"
"836","2317",1,"DEU"
"1140","2317",1,"DEU"
"1","2318",1,"DEU"
"24","2318",1,"DEU"
"26","2318",1,"DEU"
"62","2318",1,"DEU"
"519","2318",1,"DEU"
"2098","2318",1,"DEU"
"8","2319",2,"DEU"
"18","2319",1,"DEU"
"22","2319",1,"DEU"
"53","2319",1,"DEU"
"170","2319",1,"DEU"
"682","2319",1,"DEU"
"1","2320",1,"DEU"
"13","2320",1,"DEU"
"805","2320",1,"DEU"
"1836","2320",1,"DEU"
"2320","2320",1,"DEU"
"14","2321",1,"DEU"
"53","2321",1,"DEU"
"271","2321",1,"DEU"
"1215","2321",1,"DEU"
"2","2322",2,"DEU"
"12","2322",2,"DEU"
"18","2322",1,"DEU"
"38","2322",1,"DEU"
"305","2322",1,"DEU"
"610","2322",1,"DEU"
"6","2323",3,"DEU"
"90","2323",1,"DEU"
"134","2323",1,"DEU"
"576","2323",1,"DEU"
"856","2323",1,"DEU"
"2","2324",1,"DEU"
"7","2324",2,"DEU"
"12","2324",1,"DEU"
"20","2324",1,"DEU"
"26","2324",1,"DEU"
"140","2324",1,"DEU"
"284","2324",1,"DEU"
"3","2325",1,"DEU"
"25","2325",1,"DEU"
"53","2325",1,"DEU"
"143","2325",1,"DEU"
"169","2325",1,"DEU"
"255","2325",1,"DEU"
"479","2325",1,"DEU"
"3","2326",1,"DEU"
"8","2326",1,"DEU"
"11","2326",1,"DEU"
"26","2326",1,"DEU"
"127","2326",1,"DEU"
"169","2326",1,"DEU"
"228","2326",1,"DEU"
"564","2326",1,"DEU"
"1","2327",1,"DEU"
"2","2327",1,"DEU"
"6","2327",2,"DEU"
"12","2327",1,"DEU"
"13","2327",1,"DEU"
"57","2327",1,"DEU"
"1","2328",2,"DEU"
"3","2328",1,"DEU"
"16","2328",1,"DEU"
"31","2328",1,"DEU"
"314","2328",1,"DEU"
"381","2328",1,"DEU"
"579","2328",1,"DEU"
"1","2329",2,"DEU"
"2","2329",1,"DEU"
"7","2329",1,"DEU"
"22","2329",1,"DEU"
"59","2329",1,"DEU"
"69","2329",1,"DEU"
"9","2330",3,"DEU"
"43","2330",1,"DEU"
"62","2330",1,"DEU"
"139","2330",1,"DEU"
"175","2330",1,"DEU"
"1","2331",1,"DEU"
"37","2331",1,"DEU"
"121","2331",1,"DEU"
"142","2331",1,"DEU"
"398","2331",1,"DEU"
"1555","2331",1,"DEU"
"2237","2331",1,"DEU"
"201","2332",1,"DEU"
"234","2332",1,"DEU"
"1080","2332",1,"DEU"
"1328","2332",1,"DEU"
"171","2333",1,"DEU"
"474","2333",1,"DEU"
"497","2333",1,"DEU"
"626","2333",1,"DEU"
"1","2334",2,"DEU"
"2","2334",1,"DEU"
"14","2334",1,"DEU"
"19","2334",1,"DEU"
"34","2334",1,"DEU"
"59","2334",1,"DEU"
"71","2334",1,"DEU"
"1","2335",1,"DEU"
"2","2335",1,"DEU"
"20","2335",1,"DEU"
"48","2335",1,"DEU"
"51","2335",1,"DEU"
"87","2335",1,"DEU"
"175","2335",1,"DEU"
"1","2336",1,"DEU"
"2","2336",1,"DEU"
"27","2336",1,"DEU"
"41","2336",1,"DEU"
"54","2336",1,"DEU"
"199","2336",1,"DEU"
"937","2336",1,"DEU"
"1","2337",2,"DEU"
"3","2337",1,"DEU"
"103","2337",1,"DEU"
"973","2337",1,"DEU"
"1555","2337",1,"DEU"
"1","2338",1,"DEU"
"17","2338",1,"DEU"
"22","2338",1,"DEU"
"32","2338",1,"DEU"
"199","2338",1,"DEU"
"1354","2338",1,"DEU"
"1380","2338",1,"DEU"
"3","2339",1,"DEU"
"10","2339",1,"DEU"
"33","2339",1,"DEU"
"53","2339",1,"DEU"
"162","2339",1,"DEU"
"3","2340",2,"DEU"
"15","2340",2,"DEU"
"328","2340",1,"DEU"
"412","2340",1,"DEU"
"3","2341",1,"DEU"
"8","2341",1,"DEU"
"13","2341",1,"DEU"
"577","2341",1,"DEU"
"582","2341",1,"DEU"
"676","2341",1,"DEU"
"2015","2341",1,"DEU"
"2029","2341",1,"DEU"
"1","2342",1,"DEU"
"15","2342",2,"DEU"
"18","2342",1,"DEU"
"52","2342",1,"DEU"
"60","2342",1,"DEU"
"104","2342",1,"DEU"
"3","2343",1,"DEU"
"13","2343",1,"DEU"
"26","2343",1,"DEU"
"66","2343",1,"DEU"
"250","2343",1,"DEU"
"407","2343",1,"DEU"
"2106","2343",1,"DEU"
"3","2344",2,"DEU"
"374","2344",2,"DEU"
"1529","2344",1,"DEU"
"2164","2344",1,"DEU"
"15","2345",1,"DEU"
"28","2345",1,"DEU"
"254","2345",1,"DEU"
"906","2345",1,"DEU"
"1277","2345",1,"DEU"
"1740","2345",1,"DEU"
"2","2346",1,"DEU"
"3","2346",1,"DEU"
"9","2346",2,"DEU"
"15","2346",1,"DEU"
"20","2346",1,"DEU"
"357","2346",1,"DEU"
"420","2346",1,"DEU"
"1","2347",2,"DEU"
"2","2347",1,"DEU"
"9","2347",1,"DEU"
"13","2347",1,"DEU"
"19","2347",1,"DEU"
"420","2347",1,"DEU"
"796","2347",1,"DEU"
"1","2348",1,"DEU"
"2","2348",1,"DEU"
"3","2348",1,"DEU"
"10","2348",1,"DEU"
"11","2348",1,"DEU"
"12","2348",1,"DEU"
"89","2348",1,"DEU"
"1","2349",2,"DEU"
"3","2349",1,"DEU"
"17","2349",1,"DEU"
"388","2349",1,"DEU"
"442","2349",1,"DEU"
"1483","2349",1,"DEU"
"1767","2349",1,"DEU"
"1","2350",1,"DEU"
"2","2350",1,"DEU"
"4","2350",1,"DEU"
"9","2350",1,"DEU"
"44","2350",1,"DEU"
"46","2350",1,"DEU"
"88","2350",1,"DEU"
"7","2351",1,"DEU"
"15","2351",1,"DEU"
"38","2351",1,"DEU"
"40","2351",1,"DEU"
"44","2351",1,"DEU"
"552","2351",1,"DEU"
"1","2352",1,"DEU"
"18","2352",1,"DEU"
"30","2352",1,"DEU"
"82","2352",1,"DEU"
"854","2352",1,"DEU"
"16","2353",1,"DEU"
"45","2353",1,"DEU"
"97","2353",1,"DEU"
"599","2353",1,"DEU"
"627","2353",1,"DEU"
"2","2354",2,"DEU"
"4","2354",1,"DEU"
"9","2354",1,"DEU"
"15","2354",1,"DEU"
"20","2354",1,"DEU"
"140","2354",1,"DEU"
"1317","2354",1,"DEU"
"3","2355",1,"DEU"
"21","2355",1,"DEU"
"28","2355",1,"DEU"
"100","2355",1,"DEU"
"343","2355",1,"DEU"
"367","2355",1,"DEU"
"3","2356",2,"DEU"
"7","2356",1,"DEU"
"73","2356",1,"DEU"
"141","2356",1,"DEU"
"532","2356",1,"DEU"
"897","2356",1,"DEU"
"3","2357",1,"DEU"
"18","2357",2,"DEU"
"25","2357",1,"DEU"
"34","2357",1,"DEU"
"60","2357",1,"DEU"
"77","2357",1,"DEU"
"223","2357",1,"DEU"
"3","2358",1,"DEU"
"10","2358",1,"DEU"
"60","2358",1,"DEU"
"147","2358",1,"DEU"
"154","2358",1,"DEU"
"176","2358",1,"DEU"
"649","2358",1,"DEU"
"1","2359",1,"DEU"
"13","2359",1,"DEU"
"42","2359",1,"DEU"
"133","2359",1,"DEU"
"382","2359",1,"DEU"
"1211","2359",1,"DEU"
"9","2360",3,"DEU"
"10","2360",1,"DEU"
"19","2360",1,"DEU"
"46","2360",1,"DEU"
"268","2360",1,"DEU"
"3","2361",1,"DEU"
"35","2361",1,"DEU"
"100","2361",2,"DEU"
"117","2361",1,"DEU"
"323","2361",1,"DEU"
"3","2362",1,"DEU"
"4","2362",1,"DEU"
"11","2362",2,"DEU"
"240","2362",1,"DEU"
"298","2362",1,"DEU"
"1498","2362",1,"DEU"
"1572","2362",1,"DEU"
"2","2363",3,"DEU"
"4","2363",1,"DEU"
"21","2363",1,"DEU"
"25","2363",1,"DEU"
"968","2363",1,"DEU"
"11","2364",3,"DEU"
"13","2364",1,"DEU"
"55","2364",1,"DEU"
"79","2364",1,"DEU"
"3","2365",1,"DEU"
"4","2365",1,"DEU"
"30","2365",1,"DEU"
"37","2365",1,"DEU"
"42","2365",1,"DEU"
"133","2365",1,"DEU"
"636","2365",1,"DEU"
"2","2366",1,"DEU"
"3","2366",1,"DEU"
"4","2366",1,"DEU"
"83","2366",1,"DEU"
"198","2366",1,"DEU"
"1","2367",1,"DEU"
"3","2367",1,"DEU"
"7","2367",1,"DEU"
"29","2367",1,"DEU"
"34","2367",1,"DEU"
"85","2367",1,"DEU"
"1","2368",1,"DEU"
"2","2368",1,"DEU"
"3","2368",2,"DEU"
"521","2368",1,"DEU"
"844","2368",1,"DEU"
"18","2369",1,"DEU"
"22","2369",1,"DEU"
"39","2369",1,"DEU"
"1310","2369",3,"DEU"
"2231","2369",1,"DEU"
"53","2370",1,"DEU"
"61","2370",1,"DEU"
"445","2370",1,"DEU"
"984","2370",1,"DEU"
"1850","2370",1,"DEU"
"2170","2370",1,"DEU"
"3","2371",1,"DEU"
"6","2371",1,"DEU"
"75","2371",1,"DEU"
"76","2371",1,"DEU"
"680","2371",1,"DEU"
"994","2371",1,"DEU"
"2","2372",3,"DEU"
"1","2373",2,"DEU"
"2","2373",1,"DEU"
"4","2373",1,"DEU"
"22","2373",1,"DEU"
"134","2373",1,"DEU"
"452","2373",1,"DEU"
"5","2374",1,"DEU"
"7","2374",2,"DEU"
"39","2374",1,"DEU"
"10","2375",1,"DEU"
"61","2375",1,"DEU"
"158","2375",1,"DEU"
"221","2375",1,"DEU"
"277","2375",1,"DEU"
"345","2375",1,"DEU"
"614","2375",1,"DEU"
"1426","2375",1,"DEU"
"4","2376",1,"DEU"
"15","2376",1,"DEU"
"32","2376",1,"DEU"
"58","2376",1,"DEU"
"201","2376",1,"DEU"
"1137","2376",1,"DEU"
"1375","2376",1,"DEU"
"2","2377",1,"DEU"
"10","2377",1,"DEU"
"20","2377",1,"DEU"
"28","2377",1,"DEU"
"29","2377",1,"DEU"
"60","2377",1,"DEU"
"233","2377",1,"DEU"
"2","2378",1,"DEU"
"36","2378",1,"DEU"
"46","2378",1,"DEU"
"54","2378",1,"DEU"
"487","2378",1,"DEU"
"842","2378",1,"DEU"
"33","2379",2,"DEU"
"1980","2379",4,"DEU"
"3","2380",2,"DEU"
"4","2380",1,"DEU"
"18","2380",1,"DEU"
"29","2380",1,"DEU"
"142","2380",1,"DEU"
"341","2380",1,"DEU"
"494","2380",1,"DEU"
"8","2381",2,"DEU"
"18","2381",1,"DEU"
"47","2381",1,"DEU"
"224","2381",1,"DEU"
"245","2381",1,"DEU"
"774","2381",1,"DEU"
"1476","2381",1,"DEU"
"6","2382",1,"DEU"
"19","2382",1,"DEU"
"26","2382",4,"DEU"
"51","2382",1,"DEU"
"1248","2382",1,"DEU"
"8","2383",1,"DEU"
"35","2383",1,"DEU"
"103","2383",1,"DEU"
"115","2383",1,"DEU"
"427","2383",1,"DEU"
"450","2383",1,"DEU"
"1681","2383",1,"DEU"
"2","2384",1,"DEU"
"3","2384",1,"DEU"
"11","2384",1,"DEU"
"59","2384",1,"DEU"
"73","2384",1,"DEU"
"874","2384",1,"DEU"
"1","2385",1,"DEU"
"2","2385",2,"DEU"
"3","2385",1,"DEU"
"132","2385",1,"DEU"
"321","2385",1,"DEU"
"1200","2385",1,"DEU"
"4","2386",1,"DEU"
"61","2386",1,"DEU"
"81","2386",1,"DEU"
"417","2386",1,"DEU"
"633","2386",1,"DEU"
"1190","2386",1,"DEU"
"1363","2386",1,"DEU"
"1545","2386",1,"DEU"
"1","2387",3,"DEU"
"23","2387",1,"DEU"
"69","2387",1,"DEU"
"437","2387",1,"DEU"
"929","2387",1,"DEU"
"3","2388",1,"DEU"
"7","2388",1,"DEU"
"105","2388",1,"DEU"
"1202","2388",1,"DEU"
"1357","2388",1,"DEU"
"1375","2388",1,"DEU"
"1","2389",1,"DEU"
"2","2389",2,"DEU"
"7","2389",1,"DEU"
"12","2389",1,"DEU"
"15","2389",1,"DEU"
"26","2389",1,"DEU"
"38","2389",1,"DEU"
"1","2390",1,"DEU"
"7","2390",1,"DEU"
"15","2390",1,"DEU"
"44","2390",1,"DEU"
"86","2390",1,"DEU"
"1741","2390",1,"DEU"
"65","2391",2,"DEU"
"83","2391",1,"DEU"
"135","2391",1,"DEU"
"250","2391",1,"DEU"
"770","2391",1,"DEU"
"2","2392",1,"DEU"
"3","2392",2,"DEU"
"12","2392",1,"DEU"
"13","2392",1,"DEU"
"26","2392",1,"DEU"
"72","2392",1,"DEU"
"1103","2392",1,"DEU"
"8","2393",3,"DEU"
"18","2393",1,"DEU"
"36","2393",1,"DEU"
"38","2393",1,"DEU"
"18","2394",1,"DEU"
"59","2394",1,"DEU"
"646","2394",2,"DEU"
"206","2395",1,"DEU"
"351","2395",1,"DEU"
"704","2395",1,"DEU"
"1959","2395",1,"DEU"
"7","2396",1,"DEU"
"26","2396",1,"DEU"
"113","2396",1,"DEU"
"193","2396",1,"DEU"
"325","2396",1,"DEU"
"795","2396",1,"DEU"
"2","2397",2,"DEU"
"4","2397",1,"DEU"
"41","2397",1,"DEU"
"47","2397",1,"DEU"
"166","2397",1,"DEU"
"720","2397",1,"DEU"
"883","2397",1,"DEU"
"1","2398",1,"DEU"
"11","2398",1,"DEU"
"622","2398",1,"DEU"
"923","2398",1,"DEU"
"1294","2398",1,"DEU"
"2007","2398",1,"DEU"
"4","2399",1,"DEU"
"8","2399",1,"DEU"
"15","2399",1,"DEU"
"20","2399",1,"DEU"
"25","2399",1,"DEU"
"38","2399",1,"DEU"
"1003","2399",1,"DEU"
"3","2400",1,"DEU"
"8","2400",1,"DEU"
"15","2400",2,"DEU"
"545","2400",1,"DEU"
"1839","2400",1,"DEU"
"2274","2400",1,"DEU"
"7","2401",1,"DEU"
"8","2401",1,"DEU"
"27","2401",1,"DEU"
"44","2401",1,"DEU"
"121","2401",1,"DEU"
"160","2401",1,"DEU"
"2","2402",2,"DEU"
"18","2402",1,"DEU"
"27","2402",1,"DEU"
"54","2402",1,"DEU"
"74","2402",1,"DEU"
"137","2402",1,"DEU"
"1529","2402",1,"DEU"
"4","2403",1,"DEU"
"15","2403",1,"DEU"
"29","2403",1,"DEU"
"192","2403",1,"DEU"
"650","2403",1,"DEU"
"861","2403",1,"DEU"
"1400","2403",1,"DEU"
"4","2404",2,"DEU"
"33","2404",1,"DEU"
"47","2404",1,"DEU"
"158","2404",1,"DEU"
"245","2404",1,"DEU"
"2","2405",3,"DEU"
"394","2405",1,"DEU"
"940","2405",1,"DEU"
"1","2406",1,"DEU"
"19","2406",1,"DEU"
"24","2406",1,"DEU"
"42","2406",1,"DEU"
"66","2406",1,"DEU"
"551","2406",1,"DEU"
"1828","2406",1,"DEU"
"2337","2406",1,"DEU"
"11","2407",1,"DEU"
"67","2407",1,"DEU"
"90","2407",1,"DEU"
"183","2407",1,"DEU"
"2124","2407",1,"DEU"
"1","2408",1,"DEU"
"3","2408",2,"DEU"
"13","2408",1,"DEU"
"1262","2408",1,"DEU"
"2294","2408",1,"DEU"
"19","2409",1,"DEU"
"22","2409",1,"DEU"
"73","2409",1,"DEU"
"82","2409",1,"DEU"
"1063","2409",1,"DEU"
"3","2410",1,"DEU"
"9","2410",3,"DEU"
"19","2410",1,"DEU"
"26","2410",1,"DEU"
"36","2410",1,"DEU"
"169","2410",1,"DEU"
"15","2411",1,"DEU"
"68","2411",1,"DEU"
"97","2411",1,"DEU"
"124","2411",1,"DEU"
"165","2411",1,"DEU"
"299","2411",1,"DEU"
"1","2412",2,"DEU"
"2","2412",1,"DEU"
"6","2412",1,"DEU"
"22","2412",1,"DEU"
"26","2412",1,"DEU"
"64","2412",1,"DEU"
"181","2412",1,"DEU"
"1","2413",2,"DEU"
"3","2413",1,"DEU"
"12","2413",2,"DEU"
"97","2413",1,"DEU"
"829","2413",1,"DEU"
"1677","2413",1,"DEU"
"5","2414",1,"DEU"
"21","2414",1,"DEU"
"24","2414",2,"DEU"
"50","2414",1,"DEU"
"63","2414",1,"DEU"
"204","2414",1,"DEU"
"4","2415",1,"DEU"
"8","2415",1,"DEU"
"18","2415",1,"DEU"
"23","2415",1,"DEU"
"62","2415",1,"DEU"
"94","2415",1,"DEU"
"258","2415",1,"DEU"
"1454","2415",1,"DEU"
"9","2416",1,"DEU"
"15","2416",2,"DEU"
"20","2416",2,"DEU"
"61","2416",1,"DEU"
"88","2416",1,"DEU"
"312","2416",1,"DEU"
"33","2417",1,"DEU"
"86","2417",1,"DEU"
"108","2417",1,"DEU"
"129","2417",1,"DEU"
"525","2417",1,"DEU"
"1","2418",1,"DEU"
"2","2418",1,"DEU"
"26","2418",1,"DEU"
"39","2418",1,"DEU"
"43","2418",1,"DEU"
"1228","2418",1,"DEU"
"15","2419",1,"DEU"
"18","2419",2,"DEU"
"33","2419",1,"DEU"
"77","2419",1,"DEU"
"155","2419",1,"DEU"
"224","2419",1,"DEU"
"13","2420",1,"DEU"
"17","2420",2,"DEU"
"68","2420",1,"DEU"
"74","2420",1,"DEU"
"258","2420",1,"DEU"
"474","2420",1,"DEU"
"983","2420",1,"DEU"
"17","2421",1,"DEU"
"35","2421",1,"DEU"
"698","2421",1,"DEU"
"2168","2421",1,"DEU"
"2277","2421",1,"DEU"
"5","2422",1,"DEU"
"17","2422",1,"DEU"
"269","2422",1,"DEU"
"1032","2422",1,"DEU"
"2","2423",1,"DEU"
"3","2423",1,"DEU"
"11","2423",1,"DEU"
"13","2423",2,"DEU"
"395","2423",1,"DEU"
"880","2423",1,"DEU"
"16","2424",1,"DEU"
"19","2424",3,"DEU"
"29","2424",1,"DEU"
"43","2424",1,"DEU"
"96","2424",1,"DEU"
"900","2424",1,"DEU"
"11","2425",1,"DEU"
"212","2425",1,"DEU"
"227","2425",1,"DEU"
"295","2425",1,"DEU"
"586","2425",1,"DEU"
"1","2426",4,"DEU"
"26","2426",4,"DEU"
"2","2427",2,"DEU"
"4","2427",1,"DEU"
"6","2427",1,"DEU"
"24","2427",1,"DEU"
"38","2427",1,"DEU"
"1028","2427",1,"DEU"
"11","2428",1,"DEU"
"55","2428",1,"DEU"
"57","2428",1,"DEU"
"115","2428",1,"DEU"
"344","2428",1,"DEU"
"497","2428",1,"DEU"
"823","2428",1,"DEU"
"1","2429",2,"DEU"
"2","2429",2,"DEU"
"40","2429",1,"DEU"
"337","2429",1,"DEU"
"1815","2429",1,"DEU"
"2005","2429",1,"DEU"
"1","2430",1,"DEU"
"2","2430",1,"DEU"
"3","2430",1,"DEU"
"5","2430",1,"DEU"
"190","2430",1,"DEU"
"293","2430",1,"DEU"
"683","2430",1,"DEU"
"732","2430",1,"DEU"
"10","2431",3,"DEU"
"16","2431",1,"DEU"
"237","2431",1,"DEU"
"580","2431",1,"DEU"
"1","2432",1,"DEU"
"19","2432",1,"DEU"
"59","2432",1,"DEU"
"831","2432",1,"DEU"
"1861","2432",1,"DEU"
"1","2433",1,"DEU"
"14","2433",1,"DEU"
"30","2433",1,"DEU"
"43","2433",1,"DEU"
"822","2433",1,"DEU"
"2","2434",1,"DEU"
"22","2434",1,"DEU"
"24","2434",1,"DEU"
"26","2434",1,"DEU"
"36","2434",1,"DEU"
"39","2434",2,"DEU"
"316","2434",1,"DEU"
"4","2435",1,"DEU"
"40","2435",1,"DEU"
"69","2435",1,"DEU"
"161","2435",1,"DEU"
"292","2435",1,"DEU"
"2403","2435",1,"DEU"
"1","2436",1,"DEU"
"8","2436",1,"DEU"
"27","2436",1,"DEU"
"94","2436",1,"DEU"
"1661","2436",1,"DEU"
"1","2437",1,"DEU"
"2","2437",1,"DEU"
"3","2437",1,"DEU"
"14","2437",1,"DEU"
"314","2437",1,"DEU"
"613","2437",1,"DEU"
"1689","2437",1,"DEU"
"4","2438",1,"DEU"
"16","2438",1,"DEU"
"34","2438",1,"DEU"
"58","2438",1,"DEU"
"67","2438",1,"DEU"
"108","2438",1,"DEU"
"18","2439",1,"DEU"
"22","2439",1,"DEU"
"31","2439",2,"DEU"
"1298","2439",2,"DEU"
"1","2440",4,"DEU"
"22","2440",1,"DEU"
"39","2440",1,"DEU"
"56","2440",1,"DEU"
"17","2441",3,"DEU"
"170","2441",1,"DEU"
"527","2441",1,"DEU"
"10","2442",1,"DEU"
"29","2442",1,"DEU"
"30","2442",1,"DEU"
"45","2442",1,"DEU"
"59","2442",1,"DEU"
"75","2442",1,"DEU"
"83","2442",1,"DEU"
"1195","2442",1,"DEU"
"12","2443",1,"DEU"
"24","2443",1,"DEU"
"28","2443",1,"DEU"
"184","2443",1,"DEU"
"294","2443",1,"DEU"
"429","2443",1,"DEU"
"1198","2443",1,"DEU"
"2","2444",2,"DEU"
"6","2444",1,"DEU"
"9","2444",1,"DEU"
"14","2444",1,"DEU"
"418","2444",1,"DEU"
"2050","2444",1,"DEU"
"2196","2444",1,"DEU"
"38","2445",1,"DEU"
"40","2445",2,"DEU"
"62","2445",3,"DEU"
"165","2445",1,"DEU"
"186","2445",1,"DEU"
"2","2446",1,"DEU"
"3","2446",1,"DEU"
"11","2446",1,"DEU"
"18","2446",1,"DEU"
"50","2446",1,"DEU"
"70","2446",1,"DEU"
"72","2446",1,"DEU"
"522","2446",1,"DEU"
"1","2447",1,"DEU"
"7","2447",1,"DEU"
"55","2447",1,"DEU"
"183","2447",1,"DEU"
"660","2447",1,"DEU"
"736","2447",1,"DEU"
"847","2447",1,"DEU"
"2","2448",2,"DEU"
"3","2448",1,"DEU"
"12","2448",1,"DEU"
"26","2448",1,"DEU"
"142","2448",1,"DEU"
"297","2448",1,"DEU"
"396","2448",1,"DEU"
"1","2449",1,"DEU"
"3","2449",1,"DEU"
"11","2449",2,"DEU"
"44","2449",1,"DEU"
"163","2449",1,"DEU"
"240","2449",1,"DEU"
"1","2450",1,"DEU"
"2","2450",1,"DEU"
"35","2450",2,"DEU"
"59","2450",1,"DEU"
"1","2451",1,"DEU"
"17","2451",2,"DEU"
"78","2451",1,"DEU"
"180","2451",1,"DEU"
"1351","2451",1,"DEU"
"9","2452",1,"DEU"
"17","2452",1,"DEU"
"336","2452",1,"DEU"
"460","2452",1,"DEU"
"1257","2452",1,"DEU"
"1371","2452",1,"DEU"
"2305","2452",1,"DEU"
"1","2453",1,"DEU"
"2","2453",2,"DEU"
"12","2453",1,"DEU"
"26","2453",1,"DEU"
"39","2453",1,"DEU"
"150","2453",1,"DEU"
"257","2453",1,"DEU"
"1","2454",1,"DEU"
"6","2454",1,"DEU"
"7","2454",1,"DEU"
"37","2454",1,"DEU"
"71","2454",1,"DEU"
"128","2454",1,"DEU"
"405","2454",1,"DEU"
"524","2454",1,"DEU"
"3","2455",1,"DEU"
"7","2455",2,"DEU"
"15","2455",2,"DEU"
"287","2455",1,"DEU"
"1","2456",3,"DEU"
"5","2456",1,"DEU"
"15","2456",2,"DEU"
"150","2456",1,"DEU"
"1170","2456",1,"DEU"
"18","2457",1,"DEU"
"24","2457",1,"DEU"
"11","2458",1,"DEU"
"37","2458",1,"DEU"
"40","2458",1,"DEU"
"61","2458",1,"DEU"
"188","2458",1,"DEU"
"411","2458",1,"DEU"
"910","2458",1,"DEU"
"9","2459",2,"DEU"
"26","2459",1,"DEU"
"34","2459",1,"DEU"
"38","2459",1,"DEU"
"69","2459",1,"DEU"
"1057","2459",1,"DEU"
"1437","2459",1,"DEU"
"9","2460",1,"DEU"
"20","2460",1,"DEU"
"27","2460",1,"DEU"
"36","2460",2,"DEU"
"287","2460",1,"DEU"
"655","2460",1,"DEU"
"114","2461",1,"DEU"
"179","2461",1,"DEU"
"719","2461",1,"DEU"
"783","2461",1,"DEU"
"1174","2461",1,"DEU"
"1523","2461",1,"DEU"
"3","2462",2,"DEU"
"15","2462",2,"DEU"
"18","2462",1,"DEU"
"49","2462",1,"DEU"
"284","2462",1,"DEU"
"299","2462",1,"DEU"
"2","2463",2,"DEU"
"6","2463",1,"DEU"
"472","2463",1,"DEU"
"579","2463",1,"DEU"
"612","2463",1,"DEU"
"938","2463",1,"DEU"
"1","2464",1,"DEU"
"3","2464",1,"DEU"
"12","2464",1,"DEU"
"164","2464",1,"DEU"
"1984","2464",1,"DEU"
"14","2465",1,"DEU"
"31","2465",1,"DEU"
"41","2465",1,"DEU"
"91","2465",1,"DEU"
"612","2465",1,"DEU"
"1221","2465",1,"DEU"
"2","2466",1,"DEU"
"13","2466",1,"DEU"
"18","2466",1,"DEU"
"22","2466",2,"DEU"
"64","2466",1,"DEU"
"596","2466",1,"DEU"
"1053","2466",1,"DEU"
"2","2467",1,"DEU"
"26","2467",1,"DEU"
"39","2467",1,"DEU"
"71","2467",1,"DEU"
"237","2467",1,"DEU"
"440","2467",1,"DEU"
"471","2467",1,"DEU"
"19","2468",1,"DEU"
"32","2468",1,"DEU"
"47","2468",1,"DEU"
"58","2468",1,"DEU"
"83","2468",1,"DEU"
"119","2468",1,"DEU"
"6","2469",1,"DEU"
"46","2469",1,"DEU"
"53","2469",1,"DEU"
"81","2469",2,"DEU"
"145","2469",1,"DEU"
"410","2469",1,"DEU"
"2","2470",1,"DEU"
"18","2470",1,"DEU"
"39","2470",1,"DEU"
"46","2470",1,"DEU"
"63","2470",1,"DEU"
"1589","2470",1,"DEU"
"11","2471",1,"DEU"
"246","2471",1,"DEU"
"383","2471",1,"DEU"
"693","2471",1,"DEU"
"830","2471",1,"DEU"
"12","2472",1,"DEU"
"20","2472",1,"DEU"
"33","2472",1,"DEU"
"36","2472",1,"DEU"
"44","2472",1,"DEU"
"64","2472",1,"DEU"
"875","2472",1,"DEU"
"1481","2472",1,"DEU"
"2","2473",2,"DEU"
"20","2473",1,"DEU"
"27","2473",1,"DEU"
"91","2473",1,"DEU"
"421","2473",1,"DEU"
"1","2474",1,"DEU"
"32","2474",1,"DEU"
"90","2474",1,"DEU"
"316","2474",1,"DEU"
"430","2474",1,"DEU"
"692","2474",1,"DEU"
"804","2474",1,"DEU"
"2","2475",3,"DEU"
"3","2475",1,"DEU"
"6","2475",1,"DEU"
"34","2475",1,"DEU"
"298","2475",1,"DEU"
"2034","2475",1,"DEU"
"1","2476",1,"DEU"
"3","2476",1,"DEU"
"4","2476",1,"DEU"
"53","2476",1,"DEU"
"95","2476",1,"DEU"
"1513","2476",1,"DEU"
"1","2477",1,"DEU"
"27","2477",1,"DEU"
"28","2477",1,"DEU"
"128","2477",1,"DEU"
"218","2477",1,"DEU"
"821","2477",1,"DEU"
"1509","2477",1,"DEU"
"946","2478",1,"DEU"
"3","2479",1,"DEU"
"11","2479",1,"DEU"
"19","2479",1,"DEU"
"590","2479",1,"DEU"
"1182","2479",1,"DEU"
"1258","2479",1,"DEU"
"24","2480",1,"DEU"
"29","2480",1,"DEU"
"47","2480",1,"DEU"
"54","2480",1,"DEU"
"79","2480",1,"DEU"
"614","2480",1,"DEU"
"1872","2480",1,"DEU"
"3","2481",1,"DEU"
"4","2481",2,"DEU"
"19","2481",1,"DEU"
"23","2481",1,"DEU"
"111","2481",1,"DEU"
"1","2482",1,"DEU"
"4","2482",1,"DEU"
"17","2482",1,"DEU"
"52","2482",1,"DEU"
"190","2482",1,"DEU"
"209","2482",1,"DEU"
"11","2483",1,"DEU"
"16","2483",1,"DEU"
"25","2483",2,"DEU"
"27","2483",1,"DEU"
"521","2483",1,"DEU"
"1038","2483",1,"DEU"
"1","2484",2,"DEU"
"32","2484",1,"DEU"
"52","2484",1,"DEU"
"70","2484",1,"DEU"
"164","2484",1,"DEU"
"188","2484",1,"DEU"
"2","2485",1,"DEU"
"7","2485",1,"DEU"
"10","2485",1,"DEU"
"21","2485",1,"DEU"
"206","2485",1,"DEU"
"264","2485",1,"DEU"
"1077","2485",1,"DEU"
"2","2486",2,"DEU"
"3","2486",2,"DEU"
"16","2486",1,"DEU"
"20","2486",1,"DEU"
"58","2486",1,"DEU"
"420","2486",1,"DEU"
"10","2487",1,"DEU"
"37","2487",1,"DEU"
"61","2487",1,"DEU"
"100","2487",2,"DEU"
"253","2487",1,"DEU"
"2","2488",1,"DEU"
"7","2488",1,"DEU"
"11","2488",3,"DEU"
"13","2488",1,"DEU"
"48","2488",1,"DEU"
"3","2489",1,"DEU"
"5","2489",1,"DEU"
"42","2489",1,"DEU"
"45","2489",1,"DEU"
"58","2489",1,"DEU"
"122","2489",1,"DEU"
"1226","2489",1,"DEU"
"6","2490",1,"DEU"
"74","2490",1,"DEU"
"696","2490",1,"DEU"
"981","2490",1,"DEU"
"1616","2490",1,"DEU"
"1938","2490",1,"DEU"
"2343","2490",1,"DEU"
"1","2491",1,"DEU"
"2","2491",2,"DEU"
"6","2491",1,"DEU"
"8","2491",1,"DEU"
"47","2491",1,"DEU"
"188","2491",1,"DEU"
"1701","2491",1,"DEU"
"12","2492",1,"DEU"
"15","2492",1,"DEU"
"25","2492",1,"DEU"
"225","2492",1,"DEU"
"459","2492",1,"DEU"
"2073","2492",1,"DEU"
"10","2493",1,"DEU"
"82","2493",1,"DEU"
"160","2493",2,"DEU"
"247","2493",2,"DEU"
"2","2494",1,"DEU"
"160","2494",1,"DEU"
"769","2494",1,"DEU"
"9","2495",1,"DEU"
"57","2495",1,"DEU"
"146","2495",1,"DEU"
"168","2495",1,"DEU"
"281","2495",1,"DEU"
"2494","2495",1,"DEU"
"21","2496",1,"DEU"
"82","2496",1,"DEU"
"112","2496",2,"DEU"
"133","2496",1,"DEU"
"1233","2496",1,"DEU"
"21","2497",1,"DEU"
"43","2497",1,"DEU"
"241","2497",1,"DEU"
"618","2497",1,"DEU"
"1395","2497",1,"DEU"
"2395","2497",1,"DEU"
"1","2498",1,"DEU"
"11","2498",1,"DEU"
"32","2498",1,"DEU"
"135","2498",1,"DEU"
"302","2498",1,"DEU"
"376","2498",1,"DEU"
"6","2499",1,"DEU"
"12","2499",1,"DEU"
"114","2499",1,"DEU"
"135","2499",1,"DEU"
"693","2499",1,"DEU"
"82","2500",1,"DEU"
"112","2500",1,"DEU"
"288","2500",1,"DEU"
"355","2500",1,"DEU"
"684","2500",1,"DEU"
"881","2500",1,"DEU"
"12","2501",1,"DEU"
"112","2501",2,"DEU"
"235","2501",1,"DEU"
"1166","2501",1,"DEU"
"1394","2501",1,"DEU"
"1","2502",1,"DEU"
"12","2502",1,"DEU"
"15","2502",1,"DEU"
"43","2502",1,"DEU"
"1212","2502",1,"DEU"
"2044","2502",1,"DEU"
"3","2503",1,"DEU"
"326","2503",1,"DEU"
"1496","2503",1,"DEU"
"4","2504",1,"DEU"
"69","2504",1,"DEU"
"120","2504",1,"DEU"
"346","2504",1,"DEU"
"1373","2504",1,"DEU"
"10","2505",1,"DEU"
"12","2505",1,"DEU"
"37","2505",1,"DEU"
"50","2505",1,"DEU"
"300","2505",1,"DEU"
"372","2505",1,"DEU"
"1","2506",1,"DEU"
"115","2506",1,"DEU"
"346","2506",1,"DEU"
"998","2506",1,"DEU"
"2088","2506",1,"DEU"
"10","2507",1,"DEU"
"13","2507",1,"DEU"
"19","2507",1,"DEU"
"120","2507",2,"DEU"
"359","2507",1,"DEU"
"44","2508",1,"DEU"
"51","2508",1,"DEU"
"72","2508",1,"DEU"
"115","2508",1,"DEU"
"20","2509",1,"DEU"
"1981","2509",3,"DEU"
"12","2510",1,"DEU"
"33","2510",1,"DEU"
"112","2510",1,"DEU"
"774","2510",1,"DEU"
"1867","2510",1,"DEU"
"14","2511",1,"DEU"
"22","2511",1,"DEU"
"76","2511",1,"DEU"
"112","2511",1,"DEU"
"275","2511",1,"DEU"
"1302","2511",1,"DEU"
"3","2512",1,"DEU"
"6","2512",1,"DEU"
"12","2512",1,"DEU"
"21","2512",1,"DEU"
"82","2512",1,"DEU"
"409","2512",1,"DEU"
"12","2513",2,"DEU"
"21","2513",1,"DEU"
"44","2513",1,"DEU"
"82","2513",1,"DEU"
"131","2513",1,"DEU"
"1","2514",1,"DEU"
"14","2514",1,"DEU"
"20","2514",1,"DEU"
"249","2514",1,"DEU"
"453","2514",1,"DEU"
"2","2515",1,"DEU"
"19","2515",1,"DEU"
"36","2515",1,"DEU"
"152","2515",1,"DEU"
"275","2515",1,"DEU"
"4","2516",1,"DEU"
"41","2516",1,"DEU"
"83","2516",1,"DEU"
"131","2516",1,"DEU"
"547","2516",1,"DEU"
"2","2517",1,"DEU"
"12","2517",1,"DEU"
"43","2517",1,"DEU"
"76","2517",1,"DEU"
"135","2517",1,"DEU"
"1794","2517",1,"DEU"
"22","2518",1,"DEU"
"36","2518",1,"DEU"
"40","2518",1,"DEU"
"115","2518",1,"DEU"
"144","2518",1,"DEU"
"853","2518",1,"DEU"
"263","2519",1,"DEU"
"541","2519",1,"DEU"
"788","2519",1,"DEU"
"1","2520",1,"DEU"
"10","2520",1,"DEU"
"211","2520",1,"DEU"
"275","2520",1,"DEU"
"46","2521",1,"DEU"
"92","2521",1,"DEU"
"110","2521",1,"DEU"
"434","2521",1,"DEU"
"522","2521",1,"DEU"
"36","2522",1,"DEU"
"64","2522",1,"DEU"
"211","2522",1,"DEU"
"1496","2522",1,"DEU"
"2095","2522",1,"DEU"
"2519","2522",1,"DEU"
"22","2523",1,"DEU"
"82","2523",1,"DEU"
"144","2523",1,"DEU"
"249","2523",1,"DEU"
"275","2523",1,"DEU"
"683","2523",1,"DEU"
"1","2524",1,"DEU"
"2","2524",2,"DEU"
"4","2524",1,"DEU"
"14","2524",1,"DEU"
"172","2524",1,"DEU"
"2","2525",1,"DEU"
"11","2525",1,"DEU"
"13","2525",1,"DEU"
"16","2525",1,"DEU"
"1315","2525",1,"DEU"
"2508","2525",1,"DEU"
"33","2526",1,"DEU"
"44","2526",1,"DEU"
"74","2526",1,"DEU"
"307","2526",1,"DEU"
"30","2527",2,"DEU"
"149","2527",1,"DEU"
"633","2527",1,"DEU"
"8","2528",2,"DEU"
"12","2528",1,"DEU"
"18","2528",1,"DEU"
"19","2528",1,"DEU"
"176","2528",1,"DEU"
"1","2529",1,"DEU"
"25","2529",1,"DEU"
"57","2529",1,"DEU"
"2183","2529",1,"DEU"
"1","2530",1,"DEU"
"2","2530",1,"DEU"
"16","2530",1,"DEU"
"59","2530",1,"DEU"
"720","2530",1,"DEU"
"7","2531",1,"DEU"
"12","2531",1,"DEU"
"36","2531",1,"DEU"
"44","2531",1,"DEU"
"229","2531",1,"DEU"
"18","2532",1,"DEU"
"24","2532",1,"DEU"
"37","2532",1,"DEU"
"1244","2532",1,"DEU"
"1403","2532",1,"DEU"
"1840","2532",1,"DEU"
"3","2533",1,"DEU"
"53","2533",1,"DEU"
"165","2533",1,"DEU"
"605","2533",1,"DEU"
"1975","2533",1,"DEU"
"2399","2533",1,"DEU"
"2","2534",1,"DEU"
"7","2534",2,"DEU"
"12","2534",1,"DEU"
"116","2534",1,"DEU"
"650","2534",1,"DEU"
"16","2535",1,"DEU"
"232","2535",2,"DEU"
"20","2536",1,"DEU"
"24","2536",1,"DEU"
"2409","2536",1,"DEU"
"13","2537",1,"DEU"
"39","2537",1,"DEU"
"142","2537",1,"DEU"
"1022","2537",1,"DEU"
"3","2538",1,"DEU"
"4","2538",1,"DEU"
"9","2538",1,"DEU"
"22","2538",1,"DEU"
"52","2538",1,"DEU"
"215","2538",1,"DEU"
"47","2539",1,"DEU"
"284","2539",1,"DEU"
"912","2539",1,"DEU"
"1003","2539",1,"DEU"
"4","2540",1,"DEU"
"13","2540",1,"DEU"
"22","2540",1,"DEU"
"42","2540",1,"DEU"
"390","2540",1,"DEU"
"456","2540",1,"DEU"
"1","2541",1,"DEU"
"13","2541",1,"DEU"
"21","2541",1,"DEU"
"78","2541",1,"DEU"
"1461","2541",1,"DEU"
"26","2542",1,"DEU"
"29","2542",1,"DEU"
"252","2542",1,"DEU"
"699","2542",1,"DEU"
"2214","2542",1,"DEU"
"1","2543",1,"DEU"
"2","2543",1,"DEU"
"3","2543",1,"DEU"
"40","2543",1,"DEU"
"123","2543",1,"DEU"
"154","2543",1,"DEU"
"3","2544",1,"DEU"
"6","2544",1,"DEU"
"22","2544",1,"DEU"
"252","2544",1,"DEU"
"622","2544",1,"DEU"
"744","2544",1,"DEU"
"10","2545",1,"DEU"
"42","2545",1,"DEU"
"53","2545",1,"DEU"
"239","2545",1,"DEU"
"929","2545",1,"DEU"
"1","2546",1,"DEU"
"2","2546",1,"DEU"
"3","2546",1,"DEU"
"63","2546",1,"DEU"
"175","2546",1,"DEU"
"168","2547",1,"DEU"
"220","2547",1,"DEU"
"347","2547",2,"DEU"
"1489","2547",1,"DEU"
"1860","2547",1,"DEU"
"1","2548",1,"DEU"
"8","2548",1,"DEU"
"37","2548",1,"DEU"
"501","2548",1,"DEU"
"3","2549",1,"DEU"
"4","2549",2,"DEU"
"813","2549",1,"DEU"
"1255","2549",1,"DEU"
"10","2550",1,"DEU"
"29","2550",1,"DEU"
"1338","2550",1,"DEU"
"1664","2550",1,"DEU"
"1","2551",3,"DEU"
"396","2551",3,"DEU"
"2","2552",1,"DEU"
"8","2552",1,"DEU"
"656","2552",1,"DEU"
"7","2553",1,"DEU"
"11","2553",1,"DEU"
"26","2553",1,"DEU"
"90","2553",1,"DEU"
"377","2553",1,"DEU"
"1310","2554",1,"DEU"
"2220","2554",1,"DEU"
"50","2555",1,"DEU"
"180","2555",1,"DEU"
"274","2555",1,"DEU"
"344","2555",1,"DEU"
"1165","2555",1,"DEU"
"3","2556",1,"DEU"
"4","2556",1,"DEU"
"38","2556",1,"DEU"
"59","2556",1,"DEU"
"2","2557",1,"DEU"
"12","2557",1,"DEU"
"21","2557",1,"DEU"
"34","2557",1,"DEU"
"67","2557",1,"DEU"
"518","2558",1,"DEU"
"21","2559",1,"DEU"
"24","2559",1,"DEU"
"32","2559",1,"DEU"
"35","2559",1,"DEU"
"46","2559",1,"DEU"
"1882","2559",1,"DEU"
"24","2560",1,"DEU"
"53","2560",1,"DEU"
"173","2560",1,"DEU"
"287","2560",1,"DEU"
"1793","2560",1,"DEU"
"2","2561",2,"DEU"
"10","2561",1,"DEU"
"11","2561",1,"DEU"
"46","2561",1,"DEU"
"99","2561",1,"DEU"
"3","2562",1,"DEU"
"21","2562",1,"DEU"
"59","2562",1,"DEU"
"848","2562",1,"DEU"
"1251","2562",1,"DEU"
"1439","2562",1,"DEU"
"2","2563",2,"DEU"
"3","2563",1,"DEU"
"39","2563",1,"DEU"
"87","2563",1,"DEU"
"134","2563",1,"DEU"
"1","2564",1,"DEU"
"12","2564",1,"DEU"
"63","2564",1,"DEU"
"93","2564",1,"DEU"
"1","2565",1,"DEU"
"44","2565",1,"DEU"
"2088","2565",1,"DEU"
"2555","2565",1,"DEU"
"1","2566",2,"DEU"
"3","2566",1,"DEU"
"68","2566",1,"DEU"
"181","2566",1,"DEU"
"1591","2566",1,"DEU"
"8","2567",1,"DEU"
"17","2567",1,"DEU"
"912","2567",1,"DEU"
"1","2568",1,"DEU"
"2","2568",1,"DEU"
"12","2568",1,"DEU"
"36","2568",2,"DEU"
"124","2568",1,"DEU"
"1","2569",2,"DEU"
"285","2569",1,"DEU"
"1","2570",3,"DEU"
"2","2570",1,"DEU"
"2","2571",2,"DEU"
"7","2571",1,"DEU"
"12","2571",1,"DEU"
"15","2571",1,"DEU"
"18","2571",1,"DEU"
"1","2572",2,"DEU"
"11","2572",1,"DEU"
"89","2572",1,"DEU"
"223","2572",1,"DEU"
"2","2573",1,"DEU"
"4","2573",1,"DEU"
"6","2573",2,"DEU"
"7","2573",1,"DEU"
"18","2573",1,"DEU"
"6","2574",2,"DEU"
"22","2574",1,"DEU"
"573","2574",2,"DEU"
"23","2575",1,"DEU"
"25","2575",1,"DEU"
"26","2575",1,"DEU"
"497","2575",1,"DEU"
"13","2576",2,"DEU"
"15","2576",1,"DEU"
"102","2576",1,"DEU"
"311","2576",1,"DEU"
"7","2577",1,"DEU"
"9","2577",1,"DEU"
"20","2577",1,"DEU"
"30","2577",1,"DEU"
"72","2577",1,"DEU"
"4","2578",1,"DEU"
"9","2578",1,"DEU"
"59","2578",1,"DEU"
"140","2578",1,"DEU"
"18","2579",1,"DEU"
"33","2579",1,"DEU"
"68","2579",1,"DEU"
"224","2579",1,"DEU"
"2068","2579",1,"DEU"
"2222","2579",1,"DEU"
"7","2580",1,"DEU"
"17","2580",1,"DEU"
"27","2580",1,"DEU"
"49","2580",1,"DEU"
"117","2580",1,"DEU"
"680","2580",1,"DEU"
"30","2581",1,"DEU"
"62","2581",1,"DEU"
"70","2581",1,"DEU"
"550","2581",1,"DEU"
"2","2582",2,"DEU"
"30","2582",1,"DEU"
"80","2582",1,"DEU"
"684","2582",1,"DEU"
"1","2583",1,"DEU"
"21","2583",1,"DEU"
"59","2583",1,"DEU"
"117","2583",1,"DEU"
"140","2583",1,"DEU"
"276","2583",1,"DEU"
"3","2584",1,"DEU"
"33","2584",1,"DEU"
"179","2584",1,"DEU"
"392","2584",1,"DEU"
"2","2585",1,"DEU"
"3","2585",1,"DEU"
"4","2585",1,"DEU"
"10","2585",1,"DEU"
"44","2585",1,"DEU"
"201","2585",1,"DEU"
"4","2586",1,"DEU"
"5","2586",1,"DEU"
"30","2586",1,"DEU"
"93","2586",1,"DEU"
"10","2587",1,"DEU"
"15","2587",1,"DEU"
"35","2587",1,"DEU"
"64","2587",1,"DEU"
"205","2587",1,"DEU"
"2","2588",1,"DEU"
"15","2588",1,"DEU"
"19","2588",1,"DEU"
"985","2588",1,"DEU"
"4","2589",2,"DEU"
"139","2589",1,"DEU"
"532","2589",1,"DEU"
"968","2589",1,"DEU"
"104","2590",1,"DEU"
"105","2590",1,"DEU"
"2405","2590",1,"DEU"
"13","2591",2,"DEU"
"437","2591",1,"DEU"
"2","2592",1,"DEU"
"5","2592",1,"DEU"
"8","2592",1,"DEU"
"26","2592",1,"DEU"
"4","2593",1,"DEU"
"18","2593",2,"DEU"
"44","2593",2,"DEU"
"116","2593",1,"DEU"
"4","2594",1,"DEU"
"12","2594",1,"DEU"
"31","2594",1,"DEU"
"107","2594",1,"DEU"
"129","2594",1,"DEU"
"3","2595",1,"DEU"
"124","2595",1,"DEU"
"545","2595",1,"DEU"
"578","2595",1,"DEU"
"750","2595",1,"DEU"
"15","2596",1,"DEU"
"31","2596",1,"DEU"
"76","2596",1,"DEU"
"218","2596",1,"DEU"
"230","2596",1,"DEU"
"433","2596",1,"DEU"
"37","2597",3,"DEU"
"15","2598",1,"DEU"
"30","2598",1,"DEU"
"41","2598",1,"DEU"
"57","2598",1,"DEU"
"839","2598",1,"DEU"
"10","2599",1,"DEU"
"12","2599",1,"DEU"
"66","2599",1,"DEU"
"2468","2599",1,"DEU"
"2","2600",2,"DEU"
"11","2600",1,"DEU"
"2291","2600",1,"DEU"
"3","2601",1,"DEU"
"19","2601",1,"DEU"
"22","2601",1,"DEU"
"137","2601",1,"DEU"
"1526","2601",1,"DEU"
"1","2602",1,"DEU"
"41","2602",1,"DEU"
"127","2602",1,"DEU"
"573","2602",1,"DEU"
"966","2602",1,"DEU"
"1040","2602",1,"DEU"
"2","2603",1,"DEU"
"4","2603",1,"DEU"
"26","2603",1,"DEU"
"63","2603",1,"DEU"
"286","2603",1,"DEU"
"28","2604",1,"DEU"
"35","2604",1,"DEU"
"187","2604",1,"DEU"
"1510","2604",1,"DEU"
"30","2606",1,"DEU"
"87","2606",1,"DEU"
"134","2606",1,"DEU"
"17","2607",2,"DEU"
"28","2607",1,"DEU"
"125","2607",1,"DEU"
"1712","2607",1,"DEU"
"1790","2607",1,"DEU"
"1","2608",1,"DEU"
"3","2608",1,"DEU"
"85","2608",1,"DEU"
"194","2608",1,"DEU"
"2","2609",1,"DEU"
"6","2609",2,"DEU"
"28","2609",1,"DEU"
"96","2609",1,"DEU"
"2051","2609",1,"DEU"
"7","2610",1,"DEU"
"21","2610",1,"DEU"
"32","2610",1,"DEU"
"58","2610",1,"DEU"
"109","2610",1,"DEU"
"585","2610",1,"DEU"
"2","2611",1,"DEU"
"24","2611",1,"DEU"
"31","2611",1,"DEU"
"218","2611",1,"DEU"
"913","2611",1,"DEU"
"1","2612",1,"DEU"
"2","2612",2,"DEU"
"110","2612",1,"DEU"
"395","2612",1,"DEU"
"745","2612",1,"DEU"
"3","2613",1,"DEU"
"24","2613",1,"DEU"
"30","2613",1,"DEU"
"31","2613",1,"DEU"
"486","2613",1,"DEU"
"1376","2613",1,"DEU"
"1","2614",1,"DEU"
"15","2614",1,"DEU"
"1321","2614",1,"DEU"
"2","2615",1,"DEU"
"1144","2615",1,"DEU"
"1240","2615",2,"DEU"
"1608","2615",1,"DEU"
"1","2616",2,"DEU"
"5","2616",1,"DEU"
"147","2616",1,"DEU"
"1781","2616",1,"DEU"
"2","2617",1,"DEU"
"11","2617",1,"DEU"
"18","2617",1,"DEU"
"403","2617",2,"DEU"
"3","2618",3,"DEU"
"433","2618",1,"DEU"
"621","2618",1,"DEU"
"262","2619",1,"DEU"
"9","2620",1,"DEU"
"18","2620",1,"DEU"
"126","2620",1,"DEU"
"271","2620",1,"DEU"
"11","2621",1,"DEU"
"28","2621",1,"DEU"
"593","2621",1,"DEU"
"1130","2621",1,"DEU"
"8","2622",1,"DEU"
"22","2622",1,"DEU"
"30","2622",1,"DEU"
"298","2622",1,"DEU"
"1180","2622",1,"DEU"
"1","2623",1,"DEU"
"30","2623",1,"DEU"
"52","2623",1,"DEU"
"235","2623",1,"DEU"
"1370","2623",1,"DEU"
"14","2624",1,"DEU"
"16","2624",1,"DEU"
"79","2624",2,"DEU"
"228","2624",1,"DEU"
"787","2624",1,"DEU"
"4","2625",1,"DEU"
"15","2625",1,"DEU"
"29","2625",1,"DEU"
"177","2625",1,"DEU"
"305","2625",1,"DEU"
"17","2626",1,"DEU"
"22","2626",1,"DEU"
"103","2626",1,"DEU"
"353","2626",1,"DEU"
"533","2626",1,"DEU"
"702","2626",1,"DEU"
"3","2627",1,"DEU"
"18","2627",1,"DEU"
"35","2627",1,"DEU"
"44","2627",1,"DEU"
"124","2627",1,"DEU"
"1","2628",1,"DEU"
"3","2628",1,"DEU"
"7","2628",1,"DEU"
"108","2628",1,"DEU"
"2","2629",1,"DEU"
"7","2629",2,"DEU"
"26","2629",1,"DEU"
"2311","2629",1,"DEU"
"19","2630",1,"DEU"
"24","2630",1,"DEU"
"61","2630",1,"DEU"
"103","2630",1,"DEU"
"38","2631",1,"DEU"
"70","2631",1,"DEU"
"274","2631",1,"DEU"
"1","2632",1,"DEU"
"5","2632",1,"DEU"
"16","2632",1,"DEU"
"239","2632",1,"DEU"
"1579","2632",1,"DEU"
"3","2633",2,"DEU"
"8","2633",1,"DEU"
"581","2633",1,"DEU"
"1","2634",1,"DEU"
"30","2634",1,"DEU"
"90","2634",1,"DEU"
"165","2634",1,"DEU"
"1833","2634",1,"DEU"
"11","2635",1,"DEU"
"31","2635",2,"DEU"
"45","2635",1,"DEU"
"481","2635",1,"DEU"
"691","2635",1,"DEU"
"3","2636",1,"DEU"
"8","2636",1,"DEU"
"22","2636",1,"DEU"
"91","2636",1,"DEU"
"94","2636",1,"DEU"
"1149","2636",1,"DEU"
"5","2637",1,"DEU"
"82","2637",1,"DEU"
"2278","2637",1,"DEU"
"608","2638",1,"DEU"
"2327","2638",1,"DEU"
"2379","2638",2,"DEU"
"24","2639",1,"DEU"
"30","2639",1,"DEU"
"73","2639",1,"DEU"
"221","2639",1,"DEU"
"458","2639",1,"DEU"
"1","2640",1,"DEU"
"2","2640",1,"DEU"
"177","2640",1,"DEU"
"2094","2640",1,"DEU"
"2","2641",1,"DEU"
"24","2641",1,"DEU"
"58","2641",1,"DEU"
"74","2641",1,"DEU"
"305","2641",1,"DEU"
"1308","2641",1,"DEU"
"3","2642",1,"DEU"
"11","2642",1,"DEU"
"29","2642",1,"DEU"
"35","2642",1,"DEU"
"42","2642",1,"DEU"
"1","2643",2,"DEU"
"12","2643",1,"DEU"
"22","2643",1,"DEU"
"108","2643",1,"DEU"
"633","2643",1,"DEU"
"7","2644",1,"DEU"
"23","2644",1,"DEU"
"48","2644",1,"DEU"
"109","2644",1,"DEU"
"269","2644",1,"DEU"
"1447","2644",1,"DEU"
"58","2645",1,"DEU"
"500","2645",1,"DEU"
"1513","2645",1,"DEU"
"2338","2645",1,"DEU"
"1","2646",1,"DEU"
"3","2646",1,"DEU"
"6","2646",1,"DEU"
"16","2646",1,"DEU"
"37","2646",1,"DEU"
"58","2646",1,"DEU"
"4","2647",2,"DEU"
"18","2647",1,"DEU"
"33","2647",1,"DEU"
"1199","2647",1,"DEU"
"2201","2647",1,"DEU"
"2","2648",1,"DEU"
"8","2648",1,"DEU"
"1069","2648",1,"DEU"
"20","2649",1,"DEU"
"471","2649",1,"DEU"
"2332","2649",3,"DEU"
"2","2650",1,"DEU"
"14","2650",1,"DEU"
"81","2650",1,"DEU"
"90","2650",1,"DEU"
"284","2650",1,"DEU"
"1","2651",1,"DEU"
"4","2651",1,"DEU"
"57","2651",1,"DEU"
"298","2651",1,"DEU"
"991","2651",1,"DEU"
"2019","2651",1,"DEU"
"12","2652",1,"DEU"
"30","2652",1,"DEU"
"625","2652",1,"DEU"
"1","2653",1,"DEU"
"3","2653",1,"DEU"
"10","2653",1,"DEU"
"52","2653",1,"DEU"
"863","2653",1,"DEU"
"21","2654",1,"DEU"
"145","2654",1,"DEU"
"220","2654",1,"DEU"
"257","2654",1,"DEU"
"2","2655",1,"DEU"
"22","2655",1,"DEU"
"27","2655",1,"DEU"
"233","2655",1,"DEU"
"2","2656",1,"DEU"
"3","2656",1,"DEU"
"14","2656",1,"DEU"
"25","2656",1,"DEU"
"952","2656",1,"DEU"
"4","2657",1,"DEU"
"10","2657",1,"DEU"
"12","2657",1,"DEU"
"25","2657",1,"DEU"
"29","2657",1,"DEU"
"60","2657",1,"DEU"
"30","2658",1,"DEU"
"104","2658",1,"DEU"
"105","2658",1,"DEU"
"118","2658",1,"DEU"
"235","2658",1,"DEU"
"2","2659",1,"DEU"
"3","2659",1,"DEU"
"4","2659",1,"DEU"
"6","2659",1,"DEU"
"73","2659",1,"DEU"
"1247","2660",1,"DEU"
"1373","2660",1,"DEU"
"1","2661",1,"DEU"
"3","2661",2,"DEU"
"13","2661",1,"DEU"
"1731","2661",1,"DEU"
"2","2662",2,"DEU"
"63","2662",1,"DEU"
"2503","2662",1,"DEU"
"17","2663",2,"DEU"
"77","2663",1,"DEU"
"186","2663",1,"DEU"
"419","2663",1,"DEU"
"6","2664",1,"DEU"
"19","2664",1,"DEU"
"79","2664",1,"DEU"
"81","2664",1,"DEU"
"563","2664",1,"DEU"
"1","2665",1,"DEU"
"2339","2665",1,"DEU"
"2400","2665",1,"DEU"
"3","2666",1,"DEU"
"20","2666",1,"DEU"
"156","2666",1,"DEU"
"1003","2666",1,"DEU"
"13","2667",1,"DEU"
"148","2667",1,"DEU"
"472","2667",3,"DEU"
"1","2668",1,"DEU"
"3","2668",2,"DEU"
"11","2668",1,"DEU"
"17","2668",1,"DEU"
"1","2669",1,"DEU"
"3","2669",1,"DEU"
"10","2669",1,"DEU"
"12","2669",1,"DEU"
"19","2669",1,"DEU"
"140","2669",1,"DEU"
"3","2670",1,"DEU"
"12","2670",1,"DEU"
"13","2670",1,"DEU"
"39","2670",1,"DEU"
"63","2670",1,"DEU"
"3","2671",1,"DEU"
"10","2671",1,"DEU"
"635","2671",1,"DEU"
"1696","2671",1,"DEU"
"2080","2671",2,"DEU"
"446","2672",3,"DEU"
"1840","2672",1,"DEU"
"1","2673",1,"DEU"
"4","2673",1,"DEU"
"199","2673",1,"DEU"
"353","2673",1,"DEU"
"452","2673",1,"DEU"
"1650","2673",1,"DEU"
"2","2674",2,"DEU"
"3","2674",1,"DEU"
"486","2674",1,"DEU"
"13","2675",1,"DEU"
"22","2675",1,"DEU"
"50","2675",1,"DEU"
"455","2675",1,"DEU"
"1106","2675",1,"DEU"
"1","2676",1,"DEU"
"2","2676",1,"DEU"
"4","2676",1,"DEU"
"30","2676",1,"DEU"
"48","2676",1,"DEU"
"3","2677",1,"DEU"
"4","2677",2,"DEU"
"13","2677",1,"DEU"
"21","2677",1,"DEU"
"122","2677",1,"DEU"
"1","2678",1,"DEU"
"12","2678",1,"DEU"
"20","2678",1,"DEU"
"37","2678",1,"DEU"
"64","2678",1,"DEU"
"1169","2678",1,"DEU"
"14","2679",2,"DEU"
"36","2679",1,"DEU"
"327","2679",1,"DEU"
"618","2679",1,"DEU"
"1","2680",1,"DEU"
"3","2680",1,"DEU"
"22","2680",1,"DEU"
"112","2680",1,"DEU"
"812","2680",1,"DEU"
"1279","2680",1,"DEU"
"2","2681",1,"DEU"
"16","2681",2,"DEU"
"45","2681",1,"DEU"
"934","2681",1,"DEU"
"20","2682",1,"DEU"
"46","2682",1,"DEU"
"56","2682",1,"DEU"
"126","2682",1,"DEU"
"2","2683",3,"DEU"
"47","2683",1,"DEU"
"628","2683",1,"DEU"
"1009","2683",1,"DEU"
"2","2684",2,"DEU"
"21","2684",1,"DEU"
"46","2684",1,"DEU"
"366","2684",1,"DEU"
"7","2685",1,"DEU"
"15","2685",1,"DEU"
"44","2685",1,"DEU"
"97","2685",1,"DEU"
"1826","2685",1,"DEU"
"2376","2685",1,"DEU"
"8","2686",1,"DEU"
"132","2686",1,"DEU"
"13","2687",1,"DEU"
"18","2687",1,"DEU"
"44","2687",1,"DEU"
"323","2687",1,"DEU"
"966","2687",1,"DEU"
"1978","2687",1,"DEU"
"8","2688",1,"DEU"
"26","2688",1,"DEU"
"58","2688",1,"DEU"
"59","2688",1,"DEU"
"357","2688",1,"DEU"
"386","2688",1,"DEU"
"375","2689",1,"DEU"
"4","2690",1,"DEU"
"164","2690",1,"DEU"
"466","2690",1,"DEU"
"240","2691",1,"DEU"
"252","2691",1,"DEU"
"268","2691",1,"DEU"
"292","2691",1,"DEU"
"17","2692",1,"DEU"
"33","2692",1,"DEU"
"853","2692",1,"DEU"
"3","2693",1,"DEU"
"4","2693",1,"DEU"
"7","2693",1,"DEU"
"128","2693",1,"DEU"
"171","2693",1,"DEU"
"836","2693",1,"DEU"
"8","2694",1,"DEU"
"19","2694",1,"DEU"
"336","2694",1,"DEU"
"1217","2694",1,"DEU"
"3","2695",1,"DEU"
"4","2695",2,"DEU"
"11","2696",1,"DEU"
"33","2696",1,"DEU"
"59","2696",1,"DEU"
"72","2696",1,"DEU"
"890","2696",1,"DEU"
"5","2697",1,"DEU"
"19","2697",1,"DEU"
"924","2697",1,"DEU"
"24","2698",1,"DEU"
"61","2698",1,"DEU"
"62","2698",1,"DEU"
"304","2698",1,"DEU"
"18","2699",1,"DEU"
"345","2699",1,"DEU"
"360","2699",1,"DEU"
"2394","2699",1,"DEU"
"21","2700",1,"DEU"
"44","2700",1,"DEU"
"1999","2700",1,"DEU"
"37","2701",1,"DEU"
"864","2701",1,"DEU"
"3","2702",1,"DEU"
"155","2702",1,"DEU"
"1610","2702",1,"DEU"
"3","2703",1,"DEU"
"9","2703",2,"DEU"
"15","2703",1,"DEU"
"53","2703",1,"DEU"
"2287","2703",1,"DEU"
"11","2704",1,"DEU"
"62","2704",1,"DEU"
"112","2704",1,"DEU"
"203","2704",1,"DEU"
"1761","2704",1,"DEU"
"7","2705",1,"DEU"
"20","2705",1,"DEU"
"25","2705",1,"DEU"
"40","2705",1,"DEU"
"83","2705",1,"DEU"
"4","2706",1,"DEU"
"25","2706",1,"DEU"
"27","2706",1,"DEU"
"138","2706",1,"DEU"
"34","2707",1,"DEU"
"49","2707",1,"DEU"
"50","2707",2,"DEU"
"219","2707",1,"DEU"
"939","2707",1,"DEU"
"3","2708",2,"DEU"
"33","2708",1,"DEU"
"272","2708",1,"DEU"
"22","2709",2,"DEU"
"483","2709",1,"DEU"
"1","2710",2,"DEU"
"2","2710",1,"DEU"
"153","2710",1,"DEU"
"273","2710",1,"DEU"
"1226","2710",1,"DEU"
"4","2711",1,"DEU"
"7","2711",1,"DEU"
"563","2711",1,"DEU"
"1","2712",1,"DEU"
"60","2712",1,"DEU"
"63","2712",1,"DEU"
"155","2712",1,"DEU"
"2548","2712",1,"DEU"
"9","2713",1,"DEU"
"10","2713",1,"DEU"
"62","2713",1,"DEU"
"209","2713",1,"DEU"
"1229","2713",1,"DEU"
"25","2714",2,"DEU"
"29","2714",1,"DEU"
"108","2714",1,"DEU"
"669","2714",1,"DEU"
"273","2715",1,"DEU"
"1","2716",1,"DEU"
"12","2716",1,"DEU"
"105","2716",1,"DEU"
"176","2716",1,"DEU"
"256","2716",1,"DEU"
"269","2716",1,"DEU"
"3","2717",1,"DEU"
"21","2717",1,"DEU"
"26","2717",1,"DEU"
"219","2717",1,"DEU"
"1995","2717",1,"DEU"
"2270","2717",1,"DEU"
"12","2718",2,"DEU"
"63","2718",1,"DEU"
"295","2718",1,"DEU"
"504","2718",1,"DEU"
"9","2719",3,"DEU"
"60","2719",1,"DEU"
"88","2719",1,"DEU"
"1","2720",1,"DEU"
"2","2720",1,"DEU"
"8","2720",1,"DEU"
"134","2720",1,"DEU"
"1945","2720",1,"DEU"
"33","2721",1,"DEU"
"61","2721",1,"DEU"
"166","2721",1,"DEU"
"174","2721",1,"DEU"
"590","2721",1,"DEU"
"3","2722",1,"DEU"
"20","2722",1,"DEU"
"450","2722",1,"DEU"
"463","2722",1,"DEU"
"2","2723",1,"DEU"
"3","2723",1,"DEU"
"10","2723",1,"DEU"
"27","2723",1,"DEU"
"493","2723",1,"DEU"
"677","2723",1,"DEU"
"10","2724",1,"DEU"
"24","2724",1,"DEU"
"25","2724",1,"DEU"
"27","2724",1,"DEU"
"42","2724",1,"DEU"
"59","2724",1,"DEU"
"81","2725",3,"DEU"
"276","2725",1,"DEU"
"1225","2725",1,"DEU"
"3","2726",1,"DEU"
"126","2726",1,"DEU"
"254","2726",1,"DEU"
"445","2726",2,"DEU"
"550","2726",1,"DEU"
"38","2727",1,"DEU"
"40","2727",1,"DEU"
"367","2727",1,"DEU"
"743","2727",1,"DEU"
"1","2728",1,"DEU"
"23","2728",1,"DEU"
"30","2728",1,"DEU"
"226","2728",1,"DEU"
"2348","2728",1,"DEU"
"2482","2728",1,"DEU"
"4","2729",2,"DEU"
"5","2729",1,"DEU"
"678","2729",1,"DEU"
"2069","2729",1,"DEU"
"20","2730",1,"DEU"
"539","2730",1,"DEU"
"1707","2730",1,"DEU"
"2601","2730",1,"DEU"
"13","2731",1,"DEU"
"18","2731",1,"DEU"
"59","2731",1,"DEU"
"196","2731",1,"DEU"
"1465","2731",1,"DEU"
"1503","2731",1,"DEU"
"10","2732",1,"DEU"
"18","2732",1,"DEU"
"40","2732",2,"DEU"
"633","2732",1,"DEU"
"1","2733",2,"DEU"
"13","2733",1,"DEU"
"110","2733",1,"DEU"
"159","2733",1,"DEU"
"160","2733",1,"DEU"
"2","2734",1,"DEU"
"4","2734",1,"DEU"
"5","2734",1,"DEU"
"8","2734",1,"DEU"
"86","2734",1,"DEU"
"965","2734",1,"DEU"
"7","2735",1,"DEU"
"26","2735",1,"DEU"
"29","2735",1,"DEU"
"124","2735",1,"DEU"
"1192","2735",1,"DEU"
"2165","2735",1,"DEU"
"36","2736",1,"DEU"
"60","2736",1,"DEU"
"61","2736",1,"DEU"
"889","2736",1,"DEU"
"2603","2736",1,"DEU"
"4","2737",1,"DEU"
"14","2737",1,"DEU"
"20","2737",1,"DEU"
"34","2737",1,"DEU"
"28","2738",1,"DEU"
"48","2738",1,"DEU"
"72","2738",1,"DEU"
"259","2738",1,"DEU"
"315","2738",1,"DEU"
"3","2739",1,"DEU"
"7","2739",1,"DEU"
"30","2739",1,"DEU"
"632","2739",1,"DEU"
"707","2739",1,"DEU"
"30","2740",1,"DEU"
"37","2740",1,"DEU"
"169","2740",1,"DEU"
"1395","2740",1,"DEU"
"1430","2740",1,"DEU"
"18","2741",1,"DEU"
"45","2741",1,"DEU"
"846","2741",1,"DEU"
"10","2742",1,"DEU"
"22","2742",1,"DEU"
"90","2742",1,"DEU"
"305","2742",1,"DEU"
"663","2742",1,"DEU"
"8","2743",1,"DEU"
"15","2743",1,"DEU"
"20","2743",1,"DEU"
"36","2743",1,"DEU"
"44","2743",1,"DEU"
"75","2744",2,"DEU"
"134","2744",1,"DEU"
"2","2745",2,"DEU"
"3","2745",1,"DEU"
"24","2745",1,"DEU"
"36","2745",1,"DEU"
"2","2746",1,"DEU"
"3","2746",1,"DEU"
"100","2746",1,"DEU"
"174","2746",1,"DEU"
"1","2747",1,"DEU"
"2","2747",1,"DEU"
"8","2747",1,"DEU"
"81","2747",1,"DEU"
"114","2747",1,"DEU"
"325","2747",1,"DEU"
"1","2748",1,"DEU"
"2","2748",1,"DEU"
"31","2748",2,"DEU"
"39","2748",1,"DEU"
"393","2748",1,"DEU"
"10","2749",1,"DEU"
"11","2749",1,"DEU"
"88","2749",1,"DEU"
"1018","2749",1,"DEU"
"1","2750",1,"DEU"
"28","2750",2,"DEU"
"103","2750",1,"DEU"
"3","2751",1,"DEU"
"4","2751",1,"DEU"
"20","2751",1,"DEU"
"21","2751",1,"DEU"
"44","2751",1,"DEU"
"2","2752",1,"DEU"
"3","2752",1,"DEU"
"4","2752",1,"DEU"
"7","2752",1,"DEU"
"20","2752",1,"DEU"
"34","2752",1,"DEU"
"129","2753",2,"DEU"
"410","2753",1,"DEU"
"3","2754",1,"DEU"
"8","2754",1,"DEU"
"16","2754",1,"DEU"
"88","2754",1,"DEU"
"1","2755",1,"DEU"
"2","2755",1,"DEU"
"852","2755",1,"DEU"
"2222","2755",1,"DEU"
"2251","2755",1,"DEU"
"1","2756",1,"DEU"
"3","2756",1,"DEU"
"66","2756",1,"DEU"
"994","2756",1,"DEU"
"1194","2756",1,"DEU"
"25","2757",1,"DEU"
"44","2757",2,"DEU"
"894","2757",1,"DEU"
"986","2757",1,"DEU"
"1437","2757",1,"DEU"
"1","2758",1,"DEU"
"2","2758",1,"DEU"
"19","2758",1,"DEU"
"78","2758",1,"DEU"
"969","2758",1,"DEU"
"3","2759",1,"DEU"
"11","2759",1,"DEU"
"1157","2759",1,"DEU"
"1470","2759",1,"DEU"
"3","2760",1,"DEU"
"10","2760",1,"DEU"
"1084","2760",2,"DEU"
"388","2761",1,"DEU"
"2139","2761",1,"DEU"
"2281","2761",1,"DEU"
"6","2762",1,"DEU"
"13","2762",1,"DEU"
"22","2762",1,"DEU"
"39","2762",1,"DEU"
"60","2762",1,"DEU"
"1","2763",1,"DEU"
"2","2763",1,"DEU"
"5","2763",1,"DEU"
"57","2763",1,"DEU"
"1519","2763",1,"DEU"
"2","2764",1,"DEU"
"22","2764",1,"DEU"
"73","2764",1,"DEU"
"145","2764",1,"DEU"
"2150","2764",1,"DEU"
"15","2765",1,"DEU"
"40","2765",2,"DEU"
"1539","2765",1,"DEU"
"1","2766",1,"DEU"
"55","2766",1,"DEU"
"61","2766",1,"DEU"
"387","2766",1,"DEU"
"407","2766",1,"DEU"
"16","2767",1,"DEU"
"18","2767",1,"DEU"
"996","2767",1,"DEU"
"1024","2767",1,"DEU"
"1084","2767",1,"DEU"
"16","2768",1,"DEU"
"17","2768",1,"DEU"
"47","2768",1,"DEU"
"328","2768",1,"DEU"
"2332","2768",1,"DEU"
"3","2769",1,"DEU"
"9","2769",1,"DEU"
"22","2769",1,"DEU"
"26","2769",1,"DEU"
"58","2769",1,"DEU"
"202","2769",1,"DEU"
"2","2770",1,"DEU"
"23","2770",1,"DEU"
"24","2770",1,"DEU"
"28","2770",1,"DEU"
"32","2770",1,"DEU"
"40","2770",1,"DEU"
"1","2771",1,"DEU"
"3","2771",1,"DEU"
"50","2771",1,"DEU"
"1596","2771",1,"DEU"
"1677","2771",1,"DEU"
"2073","2771",1,"DEU"
"19","2772",1,"DEU"
"36","2772",1,"DEU"
"259","2772",1,"DEU"
"2082","2772",1,"DEU"
"2231","2772",1,"DEU"
"3","2773",1,"DEU"
"4","2773",1,"DEU"
"37","2773",1,"DEU"
"61","2773",1,"DEU"
"384","2773",1,"DEU"
"11","2774",1,"DEU"
"34","2774",1,"DEU"
"105","2774",1,"DEU"
"581","2774",1,"DEU"
"1476","2774",1,"DEU"
"1646","2774",1,"DEU"
"116","2775",1,"DEU"
"297","2775",1,"DEU"
"649","2775",1,"DEU"
"1350","2775",1,"DEU"
"1848","2775",1,"DEU"
"4","2776",1,"DEU"
"12","2776",1,"DEU"
"75","2776",1,"DEU"
"81","2776",1,"DEU"
"543","2776",1,"DEU"
"7","2777",2,"DEU"
"20","2777",1,"DEU"
"456","2777",1,"DEU"
"1954","2777",1,"DEU"
"2587","2777",1,"DEU"
"27","2778",1,"DEU"
"51","2778",1,"DEU"
"152","2778",1,"DEU"
"1484","2778",1,"DEU"
"1653","2778",1,"DEU"
"2","2779",2,"DEU"
"7","2779",1,"DEU"
"9","2779",1,"DEU"
"257","2779",1,"DEU"
"2048","2779",1,"DEU"
"4","2780",1,"DEU"
"8","2780",1,"DEU"
"84","2780",1,"DEU"
"450","2780",1,"DEU"
"1016","2780",1,"DEU"
"1","2781",1,"DEU"
"12","2781",1,"DEU"
"14","2781",1,"DEU"
"32","2781",1,"DEU"
"1614","2781",1,"DEU"
"1","2782",1,"DEU"
"15","2782",1,"DEU"
"51","2782",1,"DEU"
"324","2782",1,"DEU"
"722","2782",1,"DEU"
"1","2783",1,"DEU"
"34","2783",2,"DEU"
"516","2783",1,"DEU"
"634","2783",1,"DEU"
"658","2783",1,"DEU"
"1","2784",1,"DEU"
"7","2784",1,"DEU"
"13","2784",1,"DEU"
"14","2784",1,"DEU"
"132","2784",1,"DEU"
"44","2785",1,"DEU"
"236","2785",1,"DEU"
"556","2785",1,"DEU"
"1","2786",2,"DEU"
"12","2786",1,"DEU"
"457","2786",1,"DEU"
"1184","2786",1,"DEU"
"1987","2786",1,"DEU"
"1","2787",1,"DEU"
"60","2787",1,"DEU"
"85","2787",1,"DEU"
"124","2787",1,"DEU"
"8","2788",1,"DEU"
"23","2788",1,"DEU"
"94","2788",1,"DEU"
"310","2788",1,"DEU"
"1216","2788",1,"DEU"
"2321","2788",1,"DEU"
"2","2789",1,"DEU"
"70","2789",1,"DEU"
"150","2789",1,"DEU"
"167","2789",1,"DEU"
"1","2790",1,"DEU"
"2","2790",1,"DEU"
"2259","2790",1,"DEU"
"12","2791",1,"DEU"
"29","2791",1,"DEU"
"59","2791",1,"DEU"
"289","2791",1,"DEU"
"321","2791",1,"DEU"
"23","2792",1,"DEU"
"66","2792",1,"DEU"
"411","2792",1,"DEU"
"430","2792",1,"DEU"
"1615","2792",1,"DEU"
"8","2793",2,"DEU"
"19","2793",1,"DEU"
"44","2793",1,"DEU"
"97","2793",1,"DEU"
"1285","2793",1,"DEU"
"2","2794",1,"DEU"
"3","2794",1,"DEU"
"10","2794",1,"DEU"
"61","2794",1,"DEU"
"202","2794",1,"DEU"
"6","2795",1,"DEU"
"7","2795",1,"DEU"
"13","2795",1,"DEU"
"21","2795",2,"DEU"
"2","2796",1,"DEU"
"4","2796",1,"DEU"
"90","2796",1,"DEU"
"188","2796",1,"DEU"
"262","2796",1,"DEU"
"473","2796",1,"DEU"
"1","2797",2,"DEU"
"15","2797",1,"DEU"
"525","2797",1,"DEU"
"1369","2797",1,"DEU"
"10","2798",1,"DEU"
"22","2798",1,"DEU"
"159","2798",1,"DEU"
"386","2798",1,"DEU"
"19","2799",1,"DEU"
"22","2799",1,"DEU"
"80","2799",1,"DEU"
"258","2799",1,"DEU"
"577","2799",1,"DEU"
"1729","2799",1,"DEU"
"12","2800",1,"DEU"
"35","2800",1,"DEU"
"118","2800",1,"DEU"
"194","2800",1,"DEU"
"2228","2800",1,"DEU"
"2503","2800",1,"DEU"
"4","2801",1,"DEU"
"10","2801",1,"DEU"
"26","2801",1,"DEU"
"64","2801",1,"DEU"
"405","2801",1,"DEU"
"11","2802",1,"DEU"
"16","2802",1,"DEU"
"42","2802",1,"DEU"
"50","2802",2,"DEU"
"74","2802",1,"DEU"
"7","2803",1,"DEU"
"32","2803",1,"DEU"
"97","2803",1,"DEU"
"233","2803",1,"DEU"
"733","2803",1,"DEU"
"754","2803",1,"DEU"
"320","2804",1,"DEU"
"748","2804",1,"DEU"
"782","2804",1,"DEU"
"2178","2804",2,"DEU"
"4","2805",1,"DEU"
"21","2805",1,"DEU"
"46","2805",1,"DEU"
"64","2805",1,"DEU"
"3","2806",1,"DEU"
"12","2806",1,"DEU"
"27","2806",2,"DEU"
"51","2806",1,"DEU"
"3","2807",1,"DEU"
"4","2807",1,"DEU"
"12","2807",1,"DEU"
"70","2807",1,"DEU"
"942","2807",1,"DEU"
"4","2808",1,"DEU"
"384","2808",1,"DEU"
"725","2808",1,"DEU"
"980","2808",1,"DEU"
"2113","2808",1,"DEU"
"1","2809",1,"DEU"
"9","2809",1,"DEU"
"13","2809",2,"DEU"
"462","2809",1,"DEU"
"576","2809",1,"DEU"
"1","2810",1,"DEU"
"39","2810",1,"DEU"
"700","2810",1,"DEU"
"755","2810",1,"DEU"
"766","2810",1,"DEU"
"1387","2810",1,"DEU"
"1","2811",1,"DEU"
"3","2811",1,"DEU"
"4","2811",1,"DEU"
"328","2811",1,"DEU"
"344","2811",1,"DEU"
"1167","2811",1,"DEU"
"2","2812",1,"DEU"
"3","2812",1,"DEU"
"14","2812",1,"DEU"
"22","2812",1,"DEU"
"63","2812",1,"DEU"
"533","2812",1,"DEU"
"2","2813",1,"DEU"
"10","2813",1,"DEU"
"14","2813",1,"DEU"
"36","2813",1,"DEU"
"140","2813",2,"DEU"
"1","2814",1,"DEU"
"102","2814",1,"DEU"
"110","2814",2,"DEU"
"472","2814",1,"DEU"
"14","2815",1,"DEU"
"2080","2815",2,"DEU"
"27","2816",1,"DEU"
"42","2816",1,"DEU"
"413","2816",1,"DEU"
"444","2816",1,"DEU"
"745","2816",1,"DEU"
"2","2817",1,"DEU"
"3","2817",1,"DEU"
"21","2817",2,"DEU"
"2320","2817",1,"DEU"
"6","2818",1,"DEU"
"12","2818",1,"DEU"
"471","2818",1,"DEU"
"1500","2818",1,"DEU"
"2111","2818",1,"DEU"
"2","2819",3,"DEU"
"126","2819",1,"DEU"
"1187","2819",1,"DEU"
"1577","2819",1,"DEU"
"1","2820",2,"DEU"
"22","2820",1,"DEU"
"1124","2820",1,"DEU"
"1356","2820",1,"DEU"
"36","2821",1,"DEU"
"40","2821",1,"DEU"
"122","2821",1,"DEU"
"377","2821",1,"DEU"
"517","2821",1,"DEU"
"1293","2821",1,"DEU"
"2","2822",1,"DEU"
"32","2822",1,"DEU"
"53","2822",1,"DEU"
"86","2822",1,"DEU"
"1139","2822",1,"DEU"
"1","2823",1,"DEU"
"2","2823",2,"DEU"
"260","2823",1,"DEU"
"1187","2823",1,"DEU"
"2463","2823",1,"DEU"
"2","2824",2,"DEU"
"61","2824",1,"DEU"
"74","2824",1,"DEU"
"3","2825",1,"DEU"
"6","2825",1,"DEU"
"23","2825",1,"DEU"
"40","2825",1,"DEU"
"590","2825",1,"DEU"
"2","2826",1,"DEU"
"7","2826",2,"DEU"
"286","2826",2,"DEU"
"5","2827",2,"DEU"
"12","2827",1,"DEU"
"42","2827",1,"DEU"
"109","2827",1,"DEU"
"1878","2827",1,"DEU"
"191","2828",1,"DEU"
"349","2828",1,"DEU"
"569","2828",1,"DEU"
"1","2829",1,"DEU"
"3","2829",1,"DEU"
"27","2829",1,"DEU"
"32","2829",1,"DEU"
"74","2829",1,"DEU"
"2114","2829",1,"DEU"
"9","2830",1,"DEU"
"13","2830",1,"DEU"
"48","2830",1,"DEU"
"933","2830",1,"DEU"
"1144","2830",1,"DEU"
"8","2831",1,"DEU"
"12","2831",1,"DEU"
"1483","2831",3,"DEU"
"1827","2831",1,"DEU"
"2","2832",1,"DEU"
"9","2832",1,"DEU"
"127","2832",1,"DEU"
"2366","2832",1,"DEU"
"2467","2832",1,"DEU"
"22","2833",1,"DEU"
"557","2833",3,"DEU"
"3","2834",1,"DEU"
"4","2834",2,"DEU"
"20","2834",1,"DEU"
"59","2834",1,"DEU"
"844","2834",1,"DEU"
"3","2835",1,"DEU"
"13","2835",1,"DEU"
"15","2835",1,"DEU"
"499","2835",1,"DEU"
"797","2835",1,"DEU"
"28","2836",1,"DEU"
"96","2836",1,"DEU"
"700","2836",1,"DEU"
"839","2836",1,"DEU"
"2","2837",1,"DEU"
"4","2837",1,"DEU"
"22","2837",1,"DEU"
"312","2837",1,"DEU"
"542","2837",1,"DEU"
"12","2838",2,"DEU"
"19","2838",1,"DEU"
"76","2838",1,"DEU"
"1398","2838",1,"DEU"
"2368","2838",1,"DEU"
"2","2839",3,"DEU"
"12","2840",1,"DEU"
"197","2840",1,"DEU"
"872","2840",1,"DEU"
"1212","2840",1,"DEU"
"1566","2840",1,"DEU"
"1","2841",1,"DEU"
"8","2841",1,"DEU"
"28","2841",1,"DEU"
"1763","2841",1,"DEU"
"1","2842",1,"DEU"
"86","2842",1,"DEU"
"602","2842",1,"DEU"
"2022","2842",1,"DEU"
"1","2843",1,"DEU"
"25","2843",1,"DEU"
"150","2843",1,"DEU"
"196","2843",1,"DEU"
"805","2843",1,"DEU"
"1758","2843",1,"DEU"
"1","2844",1,"DEU"
"256","2844",1,"DEU"
"329","2844",1,"DEU"
"485","2844",1,"DEU"
"992","2844",1,"DEU"
"4","2845",1,"DEU"
"118","2845",1,"DEU"
"455","2845",1,"DEU"
"2746","2845",1,"DEU"
"7","2846",1,"DEU"
"293","2846",1,"DEU"
"315","2846",1,"DEU"
"994","2846",1,"DEU"
"15","2847",1,"DEU"
"16","2847",1,"DEU"
"37","2847",1,"DEU"
"46","2847",1,"DEU"
"196","2847",1,"DEU"
"2","2848",1,"DEU"
"15","2848",1,"DEU"
"64","2848",1,"DEU"
"1361","2848",1,"DEU"
"1542","2848",1,"DEU"
"1","2849",1,"DEU"
"3","2849",1,"DEU"
"113","2849",1,"DEU"
"408","2849",1,"DEU"
"2329","2849",1,"DEU"
"27","2850",1,"DEU"
"57","2850",1,"DEU"
"293","2850",1,"DEU"
"465","2850",1,"DEU"
"21","2851",2,"DEU"
"28","2851",1,"DEU"
"42","2851",1,"DEU"
"604","2851",1,"DEU"
"725","2851",1,"DEU"
"12","2852",1,"DEU"
"26","2852",1,"DEU"
"392","2852",1,"DEU"
"23","2853",1,"DEU"
"26","2853",1,"DEU"
"30","2853",1,"DEU"
"154","2853",1,"DEU"
"465","2853",1,"DEU"
"2","2854",1,"DEU"
"35","2854",1,"DEU"
"131","2854",1,"DEU"
"1835","2855",1,"DEU"
"2247","2855",1,"DEU"
"4","2856",1,"DEU"
"13","2856",1,"DEU"
"20","2856",1,"DEU"
"31","2856",1,"DEU"
"475","2856",2,"DEU"
"4","2857",1,"DEU"
"8","2857",1,"DEU"
"11","2857",2,"DEU"
"54","2857",1,"DEU"
"16","2858",1,"DEU"
"100","2858",1,"DEU"
"188","2858",1,"DEU"
"1525","2858",1,"DEU"
"1823","2858",1,"DEU"
"2","2859",1,"DEU"
"3","2859",1,"DEU"
"4","2859",1,"DEU"
"12","2859",1,"DEU"
"33","2860",1,"DEU"
"105","2860",1,"DEU"
"155","2860",1,"DEU"
"180","2860",1,"DEU"
"2058","2860",1,"DEU"
"2797","2860",1,"DEU"
"3","2861",1,"DEU"
"4","2861",1,"DEU"
"7","2861",1,"DEU"
"18","2861",1,"DEU"
"573","2861",1,"DEU"
"1251","2861",1,"DEU"
"2","2862",3,"DEU"
"23","2862",1,"DEU"
"2333","2862",1,"DEU"
"82","2863",2,"DEU"
"176","2863",1,"DEU"
"369","2863",1,"DEU"
"1","2864",1,"DEU"
"8","2864",1,"DEU"
"10","2864",1,"DEU"
"171","2864",1,"DEU"
"224","2864",1,"DEU"
"7","2865",1,"DEU"
"12","2865",1,"DEU"
"32","2865",1,"DEU"
"36","2865",1,"DEU"
"836","2865",1,"DEU"
"2053","2865",1,"DEU"
"7","2866",1,"DEU"
"8","2866",1,"DEU"
"304","2866",1,"DEU"
"571","2866",1,"DEU"
"620","2866",1,"DEU"
"3","2867",1,"DEU"
"14","2867",1,"DEU"
"278","2867",1,"DEU"
"1434","2867",1,"DEU"
"76","2868",1,"DEU"
"271","2868",1,"DEU"
"474","2868",1,"DEU"
"14","2869",1,"DEU"
"46","2869",1,"DEU"
"48","2869",1,"DEU"
"362","2869",1,"DEU"
"514","2869",1,"DEU"
"1403","2869",1,"DEU"
"3","2870",1,"DEU"
"37","2870",1,"DEU"
"96","2870",1,"DEU"
"1261","2870",1,"DEU"
"2290","2870",1,"DEU"
"28","2871",1,"DEU"
"48","2871",1,"DEU"
"83","2871",1,"DEU"
"194","2871",1,"DEU"
"879","2871",1,"DEU"
"3","2872",3,"DEU"
"15","2872",1,"DEU"
"142","2872",1,"DEU"
"547","2872",1,"DEU"
"21","2873",1,"DEU"
"238","2873",1,"DEU"
"1226","2873",1,"DEU"
"3","2874",1,"DEU"
"30","2874",1,"DEU"
"73","2874",1,"DEU"
"1522","2874",1,"DEU"
"8","2875",2,"DEU"
"150","2875",1,"DEU"
"757","2875",1,"DEU"
"1","2876",2,"DEU"
"2","2876",2,"DEU"
"6","2876",1,"DEU"
"2","2877",1,"DEU"
"3","2877",1,"DEU"
"7","2877",1,"DEU"
"46","2877",1,"DEU"
"165","2877",1,"DEU"
"827","2877",1,"DEU"
"21","2878",1,"DEU"
"55","2878",1,"DEU"
"162","2878",1,"DEU"
"548","2878",1,"DEU"
"3","2879",1,"DEU"
"443","2879",1,"DEU"
"580","2879",1,"DEU"
"1","2880",1,"DEU"
"4","2880",2,"DEU"
"10","2880",1,"DEU"
"13","2880",1,"DEU"
"655","2880",1,"DEU"
"4","2881",2,"DEU"
"19","2881",1,"DEU"
"928","2881",1,"DEU"
"1","2882",1,"DEU"
"11","2882",1,"DEU"
"140","2882",1,"DEU"
"542","2882",1,"DEU"
"1","2883",1,"DEU"
"20","2883",1,"DEU"
"63","2883",1,"DEU"
"123","2883",1,"DEU"
"147","2883",1,"DEU"
"12","2884",2,"DEU"
"15","2884",1,"DEU"
"19","2884",1,"DEU"
"20","2884",2,"DEU"
"1","2885",2,"DEU"
"2","2885",1,"DEU"
"12","2885",3,"DEU"
"39","2886",1,"DEU"
"62","2886",1,"DEU"
"90","2886",1,"DEU"
"456","2886",1,"DEU"
"1143","2886",1,"DEU"
"2631","2886",1,"DEU"
"1","2887",1,"DEU"
"5","2887",1,"DEU"
"35","2887",1,"DEU"
"184","2887",1,"DEU"
"1298","2887",1,"DEU"
"3","2888",1,"DEU"
"6","2888",1,"DEU"
"31","2888",1,"DEU"
"101","2888",1,"DEU"
"132","2888",1,"DEU"
"820","2888",1,"DEU"
"10","2889",1,"DEU"
"11","2889",1,"DEU"
"15","2889",1,"DEU"
"26","2889",1,"DEU"
"114","2889",1,"DEU"
"262","2889",1,"DEU"
"1","2890",1,"DEU"
"4","2890",1,"DEU"
"10","2890",1,"DEU"
"58","2890",1,"DEU"
"90","2890",1,"DEU"
"512","2890",1,"DEU"
"193","2891",1,"DEU"
"335","2891",1,"DEU"
"638","2891",1,"DEU"
"691","2891",1,"DEU"
"3","2892",1,"DEU"
"21","2892",1,"DEU"
"35","2892",1,"DEU"
"171","2892",1,"DEU"
"1145","2892",1,"DEU"
"1","2893",1,"DEU"
"11","2893",1,"DEU"
"176","2893",1,"DEU"
"636","2893",1,"DEU"
"919","2893",1,"DEU"
"2405","2893",1,"DEU"
"18","2894",1,"DEU"
"25","2894",1,"DEU"
"87","2894",1,"DEU"
"662","2894",1,"DEU"
"2","2895",1,"DEU"
"3","2895",1,"DEU"
"39","2895",1,"DEU"
"56","2895",1,"DEU"
"145","2895",1,"DEU"
"1948","2895",1,"DEU"
"4","2896",2,"DEU"
"10","2896",1,"DEU"
"23","2896",1,"DEU"
"2374","2896",2,"DEU"
"59","2897",1,"DEU"
"77","2897",1,"DEU"
"432","2897",1,"DEU"
"1705","2897",1,"DEU"
"1833","2897",1,"DEU"
"2198","2897",1,"DEU"
"3","2898",2,"DEU"
"25","2898",2,"DEU"
"29","2898",1,"DEU"
"867","2898",1,"DEU"
"37","2899",1,"DEU"
"407","2899",1,"DEU"
"2852","2899",1,"DEU"
"1","2900",2,"DEU"
"22","2900",1,"DEU"
"1056","2900",1,"DEU"
"1965","2900",1,"DEU"
"63","2901",1,"DEU"
"92","2901",1,"DEU"
"114","2901",2,"DEU"
"2320","2901",1,"DEU"
"1","2902",1,"DEU"
"2","2902",1,"DEU"
"60","2902",1,"DEU"
"386","2902",1,"DEU"
"1063","2902",1,"DEU"
"1782","2902",1,"DEU"
"2","2903",2,"DEU"
"3","2903",1,"DEU"
"13","2903",1,"DEU"
"937","2903",1,"DEU"
"12","2904",1,"DEU"
"779","2904",1,"DEU"
"992","2904",1,"DEU"
"1868","2904",2,"DEU"
"2","2905",1,"DEU"
"237","2905",1,"DEU"
"570","2905",1,"DEU"
"655","2905",1,"DEU"
"1193","2905",1,"DEU"
"7","2906",1,"DEU"
"20","2906",1,"DEU"
"456","2906",1,"DEU"
"673","2906",1,"DEU"
"1294","2906",1,"DEU"
"1","2907",1,"DEU"
"18","2907",1,"DEU"
"37","2907",1,"DEU"
"434","2907",1,"DEU"
"522","2907",1,"DEU"
"9","2908",3,"DEU"
"57","2908",1,"DEU"
"2116","2908",1,"DEU"
"26","2909",1,"DEU"
"53","2909",1,"DEU"
"499","2909",1,"DEU"
"938","2909",1,"DEU"
"3","2910",1,"DEU"
"7","2910",1,"DEU"
"2689","2910",2,"DEU"
"24","2911",1,"DEU"
"37","2911",1,"DEU"
"61","2911",1,"DEU"
"902","2911",1,"DEU"
"7","2912",1,"DEU"
"14","2912",1,"DEU"
"20","2912",1,"DEU"
"1660","2912",1,"DEU"
"2387","2912",1,"DEU"
"6","2913",1,"DEU"
"42","2913",1,"DEU"
"80","2913",1,"DEU"
"153","2913",1,"DEU"
"3","2914",1,"DEU"
"4","2914",1,"DEU"
"15","2915",1,"DEU"
"18","2915",1,"DEU"
"92","2915",1,"DEU"
"420","2915",1,"DEU"
"1255","2915",1,"DEU"
"2614","2915",1,"DEU"
"4","2916",2,"DEU"
"15","2916",1,"DEU"
"323","2916",1,"DEU"
"415","2916",1,"DEU"
"1","2917",1,"DEU"
"12","2917",2,"DEU"
"22","2917",1,"DEU"
"26","2917",1,"DEU"
"63","2917",1,"DEU"
"1","2918",1,"DEU"
"11","2918",1,"DEU"
"12","2918",1,"DEU"
"13","2918",1,"DEU"
"97","2918",1,"DEU"
"886","2918",1,"DEU"
"19","2919",1,"DEU"
"249","2919",1,"DEU"
"453","2919",1,"DEU"
"542","2919",1,"DEU"
"1566","2919",1,"DEU"
"14","2920",1,"DEU"
"30","2920",1,"DEU"
"81","2920",1,"DEU"
"558","2920",1,"DEU"
"1784","2920",1,"DEU"
"2","2921",2,"DEU"
"39","2921",1,"DEU"
"1097","2921",1,"DEU"
"1117","2921",1,"DEU"
"2","2922",1,"DEU"
"15","2922",2,"DEU"
"62","2922",1,"DEU"
"1817","2922",1,"DEU"
"20","2923",1,"DEU"
"52","2923",1,"DEU"
"106","2923",1,"DEU"
"140","2923",1,"DEU"
"29","2924",1,"DEU"
"40","2924",2,"DEU"
"353","2924",1,"DEU"
"2765","2924",1,"DEU"
"6","2925",1,"DEU"
"12","2925",1,"DEU"
"18","2925",1,"DEU"
"20","2925",1,"DEU"
"999","2925",1,"DEU"
"1377","2925",1,"DEU"
"1","2926",1,"DEU"
"9","2926",1,"DEU"
"20","2926",1,"DEU"
"276","2926",1,"DEU"
"1037","2926",1,"DEU"
"2","2927",1,"DEU"
"3","2927",1,"DEU"
"58","2927",1,"DEU"
"85","2927",1,"DEU"
"171","2927",1,"DEU"
"2226","2927",1,"DEU"
"31","2928",2,"DEU"
"50","2928",4,"DEU"
"22","2929",1,"DEU"
"34","2929",1,"DEU"
"179","2929",1,"DEU"
"2260","2929",1,"DEU"
"26","2930",1,"DEU"
"34","2930",1,"DEU"
"39","2930",1,"DEU"
"238","2930",1,"DEU"
"1033","2930",1,"DEU"
"4","2931",1,"DEU"
"13","2931",1,"DEU"
"20","2931",1,"DEU"
"38","2931",1,"DEU"
"2194","2931",1,"DEU"
"75","2932",1,"DEU"
"81","2932",1,"DEU"
"160","2932",1,"DEU"
"2478","2932",3,"DEU"
"12","2933",1,"DEU"
"17","2933",1,"DEU"
"32","2933",1,"DEU"
"217","2933",1,"DEU"
"316","2933",1,"DEU"
"15","2934",1,"DEU"
"85","2934",2,"DEU"
"122","2934",1,"DEU"
"1023","2934",1,"DEU"
"2476","2934",1,"DEU"
"4","2935",1,"DEU"
"13","2935",1,"DEU"
"26","2935",1,"DEU"
"30","2935",1,"DEU"
"56","2935",1,"DEU"
"116","2935",1,"DEU"
"11","2936",1,"DEU"
"14","2936",1,"DEU"
"56","2936",1,"DEU"
"63","2936",1,"DEU"
"307","2936",1,"DEU"
"11","2937",1,"DEU"
"27","2937",2,"DEU"
"132","2937",1,"DEU"
"477","2937",1,"DEU"
"1561","2937",1,"DEU"
"16","2938",2,"DEU"
"18","2938",1,"DEU"
"19","2938",1,"DEU"
"24","2938",1,"DEU"
"69","2938",1,"DEU"
"8","2939",1,"DEU"
"11","2939",1,"DEU"
"36","2939",1,"DEU"
"38","2939",1,"DEU"
"81","2939",1,"DEU"
"2854","2939",1,"DEU"
"2","2940",1,"DEU"
"3","2940",1,"DEU"
"21","2940",1,"DEU"
"22","2940",1,"DEU"
"116","2940",1,"DEU"
"1069","2940",1,"DEU"
"11","2941",1,"DEU"
"20","2941",1,"DEU"
"116","2941",1,"DEU"
"411","2941",1,"DEU"
"1040","2941",1,"DEU"
"1","2942",1,"DEU"
"7","2942",1,"DEU"
"26","2942",1,"DEU"
"87","2942",1,"DEU"
"113","2942",1,"DEU"
"116","2942",1,"DEU"
"2","2943",1,"DEU"
"12","2943",1,"DEU"
"261","2943",1,"DEU"
"1208","2943",1,"DEU"
"1","2944",1,"DEU"
"15","2944",1,"DEU"
"43","2944",1,"DEU"
"26","2945",1,"DEU"
"36","2945",1,"DEU"
"1012","2945",2,"DEU"
"1425","2945",1,"DEU"
"1","2946",1,"DEU"
"3","2946",2,"DEU"
"636","2946",1,"DEU"
"2474","2946",1,"DEU"
"3","2947",1,"DEU"
"4","2947",1,"DEU"
"16","2947",1,"DEU"
"61","2947",1,"DEU"
"161","2947",1,"DEU"
"311","2947",1,"DEU"
"2","2948",1,"DEU"
"13","2948",1,"DEU"
"238","2948",1,"DEU"
"254","2948",1,"DEU"
"2449","2948",1,"DEU"
"2457","2948",1,"DEU"
"3","2949",1,"DEU"
"7","2949",1,"DEU"
"10","2949",1,"DEU"
"13","2949",1,"DEU"
"14","2949",1,"DEU"
"569","2949",1,"DEU"
"8","2950",1,"DEU"
"28","2950",1,"DEU"
"59","2950",1,"DEU"
"128","2950",1,"DEU"
"1774","2950",1,"DEU"
"3","2951",1,"DEU"
"4","2951",2,"DEU"
"29","2951",1,"DEU"
"33","2951",1,"DEU"
"822","2951",1,"DEU"
"3","2952",1,"DEU"
"10","2952",1,"DEU"
"20","2952",1,"DEU"
"29","2952",1,"DEU"
"1763","2952",1,"DEU"
"12","2953",1,"DEU"
"15","2953",1,"DEU"
"43","2953",2,"DEU"
"323","2953",1,"DEU"
"1072","2953",1,"DEU"
"1","2954",1,"DEU"
"4","2954",3,"DEU"
"30","2954",1,"DEU"
"1","2955",1,"DEU"
"55","2955",1,"DEU"
"506","2955",1,"DEU"
"2550","2955",1,"DEU"
"1","2956",1,"DEU"
"601","2956",1,"DEU"
"679","2956",1,"DEU"
"1088","2956",1,"DEU"
"1104","2956",1,"DEU"
"1204","2956",1,"DEU"
"1","2957",1,"DEU"
"3","2957",2,"DEU"
"13","2957",1,"DEU"
"369","2957",1,"DEU"
"51","2958",1,"DEU"
"59","2958",1,"DEU"
"229","2958",1,"DEU"
"782","2958",1,"DEU"
"2839","2958",1,"DEU"
"18","2959",2,"DEU"
"84","2959",1,"DEU"
"220","2959",2,"DEU"
"355","2959",1,"DEU"
"1","2960",2,"DEU"
"2","2960",2,"DEU"
"2300","2960",1,"DEU"
"1","2961",1,"DEU"
"3","2961",1,"DEU"
"4","2961",1,"DEU"
"12","2961",1,"DEU"
"24","2961",1,"DEU"
"192","2961",1,"DEU"
"4","2962",1,"DEU"
"1253","2962",1,"DEU"
"2266","2962",3,"DEU"
"2384","2962",1,"DEU"
"1","2963",1,"DEU"
"2","2963",2,"DEU"
"22","2963",1,"DEU"
"42","2963",1,"DEU"
"210","2963",1,"DEU"
"1","2964",1,"DEU"
"2","2964",2,"DEU"
"279","2964",1,"DEU"
"426","2964",1,"DEU"
"1370","2964",1,"DEU"
"14","2965",1,"DEU"
"20","2965",1,"DEU"
"27","2965",1,"DEU"
"87","2965",1,"DEU"
"165","2965",1,"DEU"
"1","2966",1,"DEU"
"2","2966",1,"DEU"
"97","2966",2,"DEU"
"857","2966",1,"DEU"
"1518","2966",1,"DEU"
"1","2967",2,"DEU"
"7","2967",1,"DEU"
"468","2967",1,"DEU"
"2372","2967",1,"DEU"
"1","2968",2,"DEU"
"13","2968",1,"DEU"
"25","2968",1,"DEU"
"1135","2968",1,"DEU"
"2","2969",1,"DEU"
"15","2969",1,"DEU"
"53","2969",1,"DEU"
"22","2970",1,"DEU"
"69","2970",1,"DEU"
"382","2970",1,"DEU"
"12","2971",1,"DEU"
"46","2971",1,"DEU"
"150","2971",1,"DEU"
"250","2971",1,"DEU"
"2","2972",2,"DEU"
"3","2972",1,"DEU"
"26","2972",1,"DEU"
"903","2972",1,"DEU"
"2","2973",1,"DEU"
"3","2973",1,"DEU"
"14","2973",1,"DEU"
"29","2973",1,"DEU"
"71","2973",1,"DEU"
"83","2973",1,"DEU"
"2","2974",1,"DEU"
"11","2974",1,"DEU"
"14","2974",2,"DEU"
"102","2974",1,"DEU"
"2481","2974",1,"DEU"
"9","2975",1,"DEU"
"51","2975",1,"DEU"
"63","2975",1,"DEU"
"126","2975",1,"DEU"
"902","2975",1,"DEU"
"979","2975",1,"DEU"
"3","2976",1,"DEU"
"17","2976",1,"DEU"
"410","2976",1,"DEU"
"582","2976",1,"DEU"
"676","2976",1,"DEU"
"2097","2976",1,"DEU"
"19","2977",1,"DEU"
"349","2977",1,"DEU"
"2558","2977",3,"DEU"
"17","2978",1,"DEU"
"88","2978",1,"DEU"
"612","2978",1,"DEU"
"2269","2978",1,"DEU"
"17","2979",1,"DEU"
"34","2979",1,"DEU"
"193","2979",1,"DEU"
"362","2979",1,"DEU"
"1147","2979",1,"DEU"
"3","2980",2,"DEU"
"10","2980",1,"DEU"
"12","2980",1,"DEU"
"2325","2980",1,"DEU"
"2520","2980",1,"DEU"
"8","2981",1,"DEU"
"9","2981",1,"DEU"
"10","2981",1,"DEU"
"18","2981",1,"DEU"
"35","2981",1,"DEU"
"1500","2981",1,"DEU"
"1","2982",2,"DEU"
"2","2982",2,"DEU"
"83","2982",1,"DEU"
"724","2982",1,"DEU"
"4","2983",2,"DEU"
"35","2983",1,"DEU"
"62","2983",1,"DEU"
"150","2983",1,"DEU"
"1","2984",1,"DEU"
"3","2984",1,"DEU"
"18","2984",1,"DEU"
"21","2984",1,"DEU"
"111","2984",1,"DEU"
"780","2984",1,"DEU"
"3","2985",1,"DEU"
"18","2985",1,"DEU"
"96","2985",1,"DEU"
"236","2985",1,"DEU"
"238","2985",1,"DEU"
"16","2986",1,"DEU"
"33","2986",1,"DEU"
"260","2986",1,"DEU"
"378","2986",1,"DEU"
"470","2986",1,"DEU"
"747","2986",1,"DEU"
"10","2987",1,"DEU"
"11","2987",1,"DEU"
"1490","2987",1,"DEU"
"2499","2987",1,"DEU"
"2899","2987",2,"DEU"
"17","2988",1,"DEU"
"21","2988",1,"DEU"
"85","2988",1,"DEU"
"443","2988",1,"DEU"
"1926","2988",1,"DEU"
"31","2989",1,"DEU"
"39","2989",1,"DEU"
"63","2989",1,"DEU"
"124","2989",1,"DEU"
"1967","2989",1,"DEU"
"4","2990",1,"DEU"
"10","2990",1,"DEU"
"119","2990",1,"DEU"
"321","2990",1,"DEU"
"1464","2990",1,"DEU"
"3","2991",1,"DEU"
"20","2991",2,"DEU"
"24","2991",1,"DEU"
"2750","2991",2,"DEU"
"1","2992",1,"DEU"
"13","2992",1,"DEU"
"19","2992",1,"DEU"
"468","2992",1,"DEU"
"838","2992",1,"DEU"
"7","2993",1,"DEU"
"13","2993",1,"DEU"
"21","2993",1,"DEU"
"40","2993",1,"DEU"
"1153","2993",1,"DEU"
"2","2994",1,"DEU"
"34","2994",1,"DEU"
"121","2994",1,"DEU"
"192","2994",2,"DEU"
"1","2995",1,"DEU"
"3","2995",1,"DEU"
"150","2995",1,"DEU"
"4","2996",1,"DEU"
"12","2996",1,"DEU"
"15","2996",1,"DEU"
"20","2996",1,"DEU"
"2867","2996",1,"DEU"
"11","2997",1,"DEU"
"221","2997",1,"DEU"
"267","2997",1,"DEU"
"1831","2997",1,"DEU"
"2465","2997",1,"DEU"
"22","2998",3,"DEU"
"190","2998",1,"DEU"
"1592","2998",1,"DEU"
"1694","2998",1,"DEU"
"8","2999",1,"DEU"
"18","2999",1,"DEU"
"82","2999",1,"DEU"
"135","2999",1,"DEU"
"177","2999",1,"DEU"
"221","2999",1,"DEU"
"1","3000",2,"DEU"
"4","3000",1,"DEU"
"9","3000",1,"DEU"
"277","3000",1,"DEU"
"597","3000",1,"DEU"
"1897","3001",3,"DEU"
"2970","3001",3,"DEU"
"3","3002",1,"DEU"
"7","3002",1,"DEU"
"10","3002",1,"DEU"
"93","3002",1,"DEU"
"161","3002",1,"DEU"
"1022","3002",1,"DEU"
"764","3003",1,"DEU"
"1635","3003",1,"DEU"
"11","3004",1,"DEU"
"55","3004",1,"DEU"
"61","3004",1,"DEU"
"1327","3004",1,"DEU"
"1913","3004",1,"DEU"
"1","3005",1,"DEU"
"3","3005",1,"DEU"
"696","3005",1,"DEU"
"922","3005",1,"DEU"
"1619","3005",1,"DEU"
"1","3006",1,"DEU"
"3","3006",1,"DEU"
"16","3006",1,"DEU"
"343","3006",1,"DEU"
"1408","3006",1,"DEU"
"1834","3006",1,"DEU"
"1","3007",1,"DEU"
"2","3007",1,"DEU"
"11","3007",1,"DEU"
"28","3007",1,"DEU"
"61","3007",1,"DEU"
"1903","3007",1,"DEU"
"1","3008",1,"DEU"
"2","3008",2,"DEU"
"346","3008",1,"DEU"
"400","3008",1,"DEU"
"2","3009",1,"DEU"
"3","3009",1,"DEU"
"30","3009",1,"DEU"
"34","3009",1,"DEU"
"2736","3009",1,"DEU"
"1","3010",2,"DEU"
"2","3010",1,"DEU"
"103","3010",1,"DEU"
"261","3010",1,"DEU"
"476","3010",1,"DEU"
"1","3011",1,"DEU"
"22","3011",1,"DEU"
"33","3011",1,"DEU"
"40","3011",1,"DEU"
"51","3011",1,"DEU"
"1504","3011",1,"DEU"
"1","3012",1,"DEU"
"2","3012",2,"DEU"
"24","3012",1,"DEU"
"2","3013",1,"DEU"
"3","3013",1,"DEU"
"399","3013",1,"DEU"
"817","3013",1,"DEU"
"1057","3013",1,"DEU"
"1649","3013",1,"DEU"
"1","3014",1,"DEU"
"11","3014",1,"DEU"
"39","3014",1,"DEU"
"338","3014",1,"DEU"
"679","3014",1,"DEU"
"2","3015",1,"DEU"
"3","3015",1,"DEU"
"12","3015",1,"DEU"
"240","3015",1,"DEU"
"302","3015",1,"DEU"
"2","3016",1,"DEU"
"480","3016",1,"DEU"
"500","3016",1,"DEU"
"611","3016",1,"DEU"
"1759","3016",1,"DEU"
"3","3017",1,"DEU"
"4","3017",2,"DEU"
"1199","3017",1,"DEU"
"1938","3017",1,"DEU"
"10","3018",1,"DEU"
"100","3018",1,"DEU"
"123","3018",1,"DEU"
"223","3018",1,"DEU"
"12","3019",1,"DEU"
"36","3019",1,"DEU"
"120","3019",2,"DEU"
"1347","3019",1,"DEU"
"3","3020",1,"DEU"
"22","3020",1,"DEU"
"108","3020",1,"DEU"
"7","3021",1,"DEU"
"29","3021",1,"DEU"
"40","3021",2,"DEU"
"1349","3021",1,"DEU"
"15","3022",3,"DEU"
"26","3022",2,"DEU"
"102","3022",1,"DEU"
"10","3023",1,"DEU"
"12","3023",1,"DEU"
"14","3023",1,"DEU"
"142","3023",1,"DEU"
"260","3023",1,"DEU"
"4","3024",1,"DEU"
"128","3024",1,"DEU"
"187","3024",1,"DEU"
"739","3024",1,"DEU"
"2","3025",1,"DEU"
"99","3025",1,"DEU"
"1431","3025",1,"DEU"
"1438","3025",1,"DEU"
"2665","3025",1,"DEU"
"3","3026",1,"DEU"
"10","3026",2,"DEU"
"33","3026",1,"DEU"
"38","3026",1,"DEU"
"1349","3026",1,"DEU"
"1","3027",2,"DEU"
"3","3027",1,"DEU"
"22","3027",1,"DEU"
"162","3027",1,"DEU"
"3","3028",1,"DEU"
"80","3028",1,"DEU"
"99","3028",1,"DEU"
"134","3028",1,"DEU"
"440","3028",1,"DEU"
"2","3029",1,"DEU"
"329","3029",1,"DEU"
"525","3029",1,"DEU"
"1110","3029",2,"DEU"
"3","3030",2,"DEU"
"11","3030",2,"DEU"
"316","3030",1,"DEU"
"1316","3030",1,"DEU"
"1","3031",1,"DEU"
"2","3031",1,"DEU"
"12","3031",1,"DEU"
"193","3031",1,"DEU"
"1461","3031",1,"DEU"
"2137","3031",1,"DEU"
"1549","3032",3,"DEU"
"20","3033",2,"DEU"
"827","3033",1,"DEU"
"2634","3033",1,"DEU"
"4","3034",3,"DEU"
"10","3034",1,"DEU"
"43","3034",1,"DEU"
"1","3035",1,"DEU"
"2","3035",1,"DEU"
"18","3035",1,"DEU"
"136","3035",1,"DEU"
"359","3035",1,"DEU"
"494","3035",1,"DEU"
"4","3036",2,"DEU"
"11","3036",1,"DEU"
"13","3036",1,"DEU"
"17","3036",1,"DEU"
"62","3036",1,"DEU"
"2550","3037",1,"DEU"
"2605","3037",1,"DEU"
"2715","3037",2,"DEU"
"2754","3037",1,"DEU"
"23","3038",1,"DEU"
"122","3038",1,"DEU"
"261","3038",1,"DEU"
"375","3038",1,"DEU"
"2910","3038",2,"DEU"
"2","3039",2,"DEU"
"5","3039",1,"DEU"
"16","3039",1,"DEU"
"1280","3039",1,"DEU"
"21","3040",1,"DEU"
"59","3040",1,"DEU"
"77","3040",1,"DEU"
"107","3040",1,"DEU"
"1991","3040",1,"DEU"
"1","3041",1,"DEU"
"7","3041",1,"DEU"
"1510","3041",1,"DEU"
"19","3042",1,"DEU"
"20","3042",1,"DEU"
"25","3042",1,"DEU"
"137","3042",1,"DEU"
"536","3042",1,"DEU"
"3","3043",1,"DEU"
"10","3043",1,"DEU"
"12","3043",1,"DEU"
"498","3043",1,"DEU"
"2816","3043",1,"DEU"
"2911","3043",1,"DEU"
"3","3044",1,"DEU"
"42","3044",1,"DEU"
"195","3044",1,"DEU"
"2754","3044",1,"DEU"
"3","3045",1,"DEU"
"4","3045",1,"DEU"
"612","3045",1,"DEU"
"645","3045",1,"DEU"
"1196","3045",1,"DEU"
"1655","3045",1,"DEU"
"7","3046",1,"DEU"
"26","3046",1,"DEU"
"45","3046",1,"DEU"
"360","3046",1,"DEU"
"940","3046",1,"DEU"
"1293","3046",1,"DEU"
"1","3047",2,"DEU"
"13","3047",1,"DEU"
"18","3047",1,"DEU"
"2","3048",1,"DEU"
"7","3048",1,"DEU"
"9","3048",1,"DEU"
"13","3048",1,"DEU"
"645","3048",1,"DEU"
"2267","3048",1,"DEU"
"3","3049",1,"DEU"
"4","3049",1,"DEU"
"11","3049",1,"DEU"
"142","3049",1,"DEU"
"445","3049",1,"DEU"
"2","3050",3,"DEU"
"13","3050",1,"DEU"
"74","3050",1,"DEU"
"1546","3051",1,"DEU"
"1563","3051",1,"DEU"
"2104","3051",1,"DEU"
"3032","3051",3,"DEU"
"19","3052",1,"DEU"
"299","3052",1,"DEU"
"489","3052",1,"DEU"
"1402","3052",1,"DEU"
"1687","3052",1,"DEU"
"2432","3052",1,"DEU"
"2","3053",1,"DEU"
"4","3053",1,"DEU"
"39","3053",1,"DEU"
"884","3053",1,"DEU"
"3","3054",1,"DEU"
"8","3054",1,"DEU"
"13","3054",1,"DEU"
"139","3054",1,"DEU"
"522","3054",1,"DEU"
"274","3055",1,"DEU"
"3","3056",1,"DEU"
"8","3056",1,"DEU"
"537","3056",1,"DEU"
"762","3056",1,"DEU"
"2285","3056",1,"DEU"
"2395","3056",1,"DEU"
"10","3057",1,"DEU"
"26","3057",2,"DEU"
"42","3057",1,"DEU"
"59","3057",1,"DEU"
"109","3057",1,"DEU"
"8","3058",1,"DEU"
"13","3058",1,"DEU"
"921","3058",1,"DEU"
"1042","3058",1,"DEU"
"1913","3058",1,"DEU"
"2333","3058",1,"DEU"
"2","3059",1,"DEU"
"16","3059",1,"DEU"
"1352","3059",1,"DEU"
"5","3060",1,"DEU"
"9","3060",1,"DEU"
"15","3060",1,"DEU"
"17","3060",1,"DEU"
"1106","3060",1,"DEU"
"1","3061",1,"DEU"
"12","3061",1,"DEU"
"25","3061",2,"DEU"
"254","3061",1,"DEU"
"2121","3061",1,"DEU"
"9","3062",1,"DEU"
"10","3062",1,"DEU"
"35","3062",1,"DEU"
"38","3062",1,"DEU"
"100","3062",1,"DEU"
"921","3062",1,"DEU"
"6","3063",1,"DEU"
"12","3063",1,"DEU"
"607","3063",1,"DEU"
"1690","3063",1,"DEU"
"14","3064",1,"DEU"
"17","3064",1,"DEU"
"33","3064",1,"DEU"
"1343","3064",3,"DEU"
"8","3065",1,"DEU"
"18","3065",1,"DEU"
"38","3065",1,"DEU"
"48","3065",1,"DEU"
"67","3065",1,"DEU"
"105","3065",1,"DEU"
"2","3066",1,"DEU"
"32","3066",1,"DEU"
"107","3066",1,"DEU"
"373","3066",1,"DEU"
"11","3067",2,"DEU"
"50","3067",1,"DEU"
"116","3067",1,"DEU"
"13","3068",1,"DEU"
"248","3068",1,"DEU"
"645","3068",1,"DEU"
"770","3068",1,"DEU"
"845","3068",1,"DEU"
"2045","3068",1,"DEU"
"1","3069",1,"DEU"
"82","3069",1,"DEU"
"94","3069",1,"DEU"
"110","3069",1,"DEU"
"235","3069",1,"DEU"
"2516","3069",1,"DEU"
"22","3070",3,"DEU"
"848","3070",1,"DEU"
"1396","3070",1,"DEU"
"1677","3070",1,"DEU"
"15","3071",1,"DEU"
"36","3071",1,"DEU"
"171","3071",1,"DEU"
"9","3072",2,"DEU"
"43","3072",1,"DEU"
"83","3072",1,"DEU"
"268","3072",1,"DEU"
"790","3072",1,"DEU"
"55","3073",1,"DEU"
"154","3073",1,"DEU"
"357","3073",1,"DEU"
"467","3073",1,"DEU"
"976","3073",1,"DEU"
"1","3074",1,"DEU"
"9","3074",3,"DEU"
"19","3074",1,"DEU"
"172","3074",1,"DEU"
"26","3075",1,"DEU"
"43","3075",1,"DEU"
"83","3075",1,"DEU"
"104","3075",1,"DEU"
"289","3075",1,"DEU"
"621","3075",1,"DEU"
"9","3076",3,"DEU"
"149","3076",1,"DEU"
"170","3076",1,"DEU"
"203","3076",1,"DEU"
"10","3077",1,"DEU"
"20","3077",2,"DEU"
"30","3077",1,"DEU"
"87","3077",1,"DEU"
"508","3077",1,"DEU"
"2","3078",2,"DEU"
"4","3078",1,"DEU"
"44","3078",1,"DEU"
"93","3078",1,"DEU"
"2","3079",1,"DEU"
"20","3079",1,"DEU"
"1092","3079",1,"DEU"
"2003","3079",2,"DEU"
"2","3080",1,"DEU"
"3","3080",1,"DEU"
"12","3080",1,"DEU"
"1959","3080",1,"DEU"
"40","3081",1,"DEU"
"408","3081",1,"DEU"
"518","3081",1,"DEU"
"1019","3081",1,"DEU"
"13","3082",1,"DEU"
"26","3082",3,"DEU"
"2","3083",2,"DEU"
"147","3083",1,"DEU"
"150","3083",1,"DEU"
"641","3083",1,"DEU"
"2","3084",1,"DEU"
"3","3084",1,"DEU"
"7","3084",1,"DEU"
"18","3084",1,"DEU"
"21","3084",1,"DEU"
"89","3084",1,"DEU"
"8","3085",1,"DEU"
"15","3085",1,"DEU"
"20","3085",1,"DEU"
"457","3085",1,"DEU"
"691","3085",1,"DEU"
"2404","3085",1,"DEU"
"3","3086",1,"DEU"
"11","3086",1,"DEU"
"12","3086",1,"DEU"
"30","3086",1,"DEU"
"59","3086",1,"DEU"
"3","3087",1,"DEU"
"30","3087",1,"DEU"
"169","3087",1,"DEU"
"240","3087",1,"DEU"
"902","3087",1,"DEU"
"1","3088",1,"DEU"
"22","3088",1,"DEU"
"32","3088",1,"DEU"
"58","3088",1,"DEU"
"2302","3088",1,"DEU"
"2","3089",1,"DEU"
"7","3089",1,"DEU"
"24","3089",1,"DEU"
"1681","3089",1,"DEU"
"2564","3089",1,"DEU"
"3066","3089",1,"DEU"
"3","3090",2,"DEU"
"26","3090",1,"DEU"
"142","3090",1,"DEU"
"319","3090",1,"DEU"
"1","3091",3,"DEU"
"31","3091",1,"DEU"
"36","3091",1,"DEU"
"2","3092",1,"DEU"
"17","3092",1,"DEU"
"169","3092",1,"DEU"
"2","3093",1,"DEU"
"37","3093",1,"DEU"
"370","3093",1,"DEU"
"393","3093",1,"DEU"
"804","3093",1,"DEU"
"2","3094",1,"DEU"
"6","3094",1,"DEU"
"62","3094",1,"DEU"
"1140","3094",1,"DEU"
"1575","3094",1,"DEU"
"2","3095",1,"DEU"
"10","3095",2,"DEU"
"97","3095",1,"DEU"
"460","3095",1,"DEU"
"1144","3095",1,"DEU"
"3","3096",1,"DEU"
"131","3096",1,"DEU"
"635","3096",2,"DEU"
"797","3096",1,"DEU"
"2027","3096",1,"DEU"
"1","3097",1,"DEU"
"4","3097",2,"DEU"
"9","3097",1,"DEU"
"873","3097",1,"DEU"
"4","3098",1,"DEU"
"5","3098",1,"DEU"
"22","3098",1,"DEU"
"1405","3098",1,"DEU"
"48","3099",1,"DEU"
"137","3099",1,"DEU"
"267","3099",1,"DEU"
"282","3099",1,"DEU"
"461","3099",1,"DEU"
"1","3100",1,"DEU"
"4","3100",1,"DEU"
"557","3100",1,"DEU"
"771","3100",1,"DEU"
"2","3101",2,"DEU"
"6","3101",1,"DEU"
"46","3101",2,"DEU"
"215","3101",1,"DEU"
"23","3102",1,"DEU"
"35","3102",2,"DEU"
"67","3102",1,"DEU"
"651","3102",1,"DEU"
"2744","3102",1,"DEU"
"19","3103",1,"DEU"
"44","3103",1,"DEU"
"46","3103",1,"DEU"
"354","3103",1,"DEU"
"605","3103",1,"DEU"
"2370","3103",1,"DEU"
"1","3104",1,"DEU"
"18","3104",1,"DEU"
"94","3104",1,"DEU"
"99","3104",1,"DEU"
"703","3104",1,"DEU"
"1319","3104",1,"DEU"
"1","3105",1,"DEU"
"8","3105",1,"DEU"
"28","3105",1,"DEU"
"325","3105",1,"DEU"
"946","3105",1,"DEU"
"1321","3105",1,"DEU"
"3","3106",1,"DEU"
"99","3106",1,"DEU"
"228","3106",1,"DEU"
"239","3106",1,"DEU"
"712","3106",1,"DEU"
"2883","3106",1,"DEU"
"2","3107",1,"DEU"
"7","3107",1,"DEU"
"10","3107",1,"DEU"
"27","3107",1,"DEU"
"255","3107",1,"DEU"
"320","3107",1,"DEU"
"5","3108",1,"DEU"
"11","3108",1,"DEU"
"12","3108",1,"DEU"
"984","3108",1,"DEU"
"2969","3108",1,"DEU"
"2","3109",2,"DEU"
"43","3109",1,"DEU"
"114","3109",1,"DEU"
"1639","3109",1,"DEU"
"2263","3109",1,"DEU"
"8","3110",1,"DEU"
"33","3110",1,"DEU"
"995","3110",1,"DEU"
"2720","3110",1,"DEU"
"3","3111",2,"DEU"
"9","3111",1,"DEU"
"26","3111",1,"DEU"
"409","3111",1,"DEU"
"6","3112",1,"DEU"
"27","3112",1,"DEU"
"73","3112",1,"DEU"
"153","3112",1,"DEU"
"2620","3112",1,"DEU"
"2","3113",1,"DEU"
"11","3113",1,"DEU"
"12","3113",1,"DEU"
"1999","3113",1,"DEU"
"2700","3113",2,"DEU"
"5","3114",1,"DEU"
"8","3114",1,"DEU"
"15","3114",1,"DEU"
"17","3114",1,"DEU"
"444","3114",1,"DEU"
"1","3115",2,"DEU"
"125","3115",1,"DEU"
"675","3115",1,"DEU"
"1988","3115",1,"DEU"
"2808","3115",1,"DEU"
"3","3116",1,"DEU"
"10","3116",1,"DEU"
"59","3116",1,"DEU"
"1069","3116",1,"DEU"
"1675","3116",1,"DEU"
"1797","3116",1,"DEU"
"20","3117",1,"DEU"
"41","3117",1,"DEU"
"88","3117",1,"DEU"
"97","3117",1,"DEU"
"277","3117",1,"DEU"
"2615","3117",1,"DEU"
"2","3118",2,"DEU"
"24","3118",1,"DEU"
"26","3118",1,"DEU"
"57","3118",1,"DEU"
"630","3118",1,"DEU"
"3","3119",1,"DEU"
"382","3119",1,"DEU"
"778","3119",1,"DEU"
"1776","3119",1,"DEU"
"2675","3119",1,"DEU"
"3","3120",1,"DEU"
"4","3120",1,"DEU"
"13","3120",1,"DEU"
"75","3120",1,"DEU"
"109","3120",1,"DEU"
"1","3121",2,"DEU"
"2","3121",1,"DEU"
"20","3121",1,"DEU"
"34","3121",1,"DEU"
"2214","3121",1,"DEU"
"1","3122",1,"DEU"
"11","3122",2,"DEU"
"75","3122",1,"DEU"
"670","3122",1,"DEU"
"1542","3122",1,"DEU"
"19","3123",1,"DEU"
"30","3123",1,"DEU"
"33","3123",1,"DEU"
"352","3123",1,"DEU"
"2251","3123",1,"DEU"
"1","3124",1,"DEU"
"25","3124",1,"DEU"
"32","3124",1,"DEU"
"34","3124",1,"DEU"
"1250","3124",1,"DEU"
"1397","3124",1,"DEU"
"1","3125",2,"DEU"
"7","3125",1,"DEU"
"64","3125",1,"DEU"
"389","3125",1,"DEU"
"14","3126",1,"DEU"
"125","3126",1,"DEU"
"203","3126",1,"DEU"
"248","3126",1,"DEU"
"297","3126",1,"DEU"
"1997","3126",1,"DEU"
"1","3127",2,"DEU"
"3","3127",1,"DEU"
"120","3127",1,"DEU"
"176","3127",1,"DEU"
"3","3128",1,"DEU"
"15","3128",2,"DEU"
"18","3128",1,"DEU"
"26","3128",1,"DEU"
"2701","3128",1,"DEU"
"122","3129",1,"DEU"
"184","3129",1,"DEU"
"264","3129",1,"DEU"
"464","3129",1,"DEU"
"1269","3129",1,"DEU"
"1328","3129",1,"DEU"
"3","3130",1,"DEU"
"8","3130",1,"DEU"
"20","3130",1,"DEU"
"24","3130",1,"DEU"
"3080","3130",1,"DEU"
"3","3131",1,"DEU"
"4","3131",1,"DEU"
"7","3131",1,"DEU"
"47","3131",1,"DEU"
"57","3131",1,"DEU"
"4","3132",1,"DEU"
"9","3132",1,"DEU"
"11","3132",1,"DEU"
"12","3132",1,"DEU"
"18","3132",1,"DEU"
"157","3132",1,"DEU"
"3","3133",1,"DEU"
"8","3133",1,"DEU"
"15","3133",1,"DEU"
"20","3133",1,"DEU"
"245","3133",1,"DEU"
"778","3133",1,"DEU"
"26","3134",2,"DEU"
"475","3134",1,"DEU"
"919","3134",1,"DEU"
"1","3135",1,"DEU"
"3","3135",1,"DEU"
"90","3135",2,"DEU"
"1603","3135",2,"DEU"
"1","3136",1,"DEU"
"210","3136",1,"DEU"
"416","3136",1,"DEU"
"421","3136",1,"DEU"
"976","3136",1,"DEU"
"24","3137",1,"DEU"
"44","3137",1,"DEU"
"1526","3137",1,"DEU"
"12","3138",1,"DEU"
"80","3138",1,"DEU"
"436","3138",1,"DEU"
"1164","3138",1,"DEU"
"2046","3138",1,"DEU"
"2781","3138",1,"DEU"
"1","3139",1,"DEU"
"2","3139",1,"DEU"
"22","3139",2,"DEU"
"25","3139",1,"DEU"
"1040","3139",1,"DEU"
"3","3140",2,"DEU"
"13","3140",1,"DEU"
"15","3140",1,"DEU"
"63","3140",1,"DEU"
"606","3140",1,"DEU"
"12","3141",1,"DEU"
"361","3141",1,"DEU"
"1357","3141",1,"DEU"
"19","3142",1,"DEU"
"48","3142",1,"DEU"
"229","3142",1,"DEU"
"239","3142",2,"DEU"
"4","3143",1,"DEU"
"8","3143",1,"DEU"
"13","3143",1,"DEU"
"543","3143",1,"DEU"
"2706","3143",1,"DEU"
"1","3144",2,"DEU"
"2","3144",3,"DEU"
"3","3144",1,"DEU"
"2","3145",1,"DEU"
"3","3145",1,"DEU"
"13","3145",1,"DEU"
"43","3145",1,"DEU"
"60","3145",1,"DEU"
"3","3146",1,"DEU"
"19","3146",1,"DEU"
"89","3146",1,"DEU"
"269","3146",1,"DEU"
"512","3146",1,"DEU"
"1911","3146",1,"DEU"
"2","3147",1,"DEU"
"15","3147",1,"DEU"
"37","3147",1,"DEU"
"852","3147",1,"DEU"
"1995","3147",1,"DEU"
"2922","3147",1,"DEU"
"6","3148",1,"DEU"
"21","3148",1,"DEU"
"29","3148",1,"DEU"
"595","3148",1,"DEU"
"1575","3148",1,"DEU"
"2","3149",1,"DEU"
"6","3149",1,"DEU"
"8","3149",1,"DEU"
"129","3149",1,"DEU"
"760","3149",1,"DEU"
"1778","3149",1,"DEU"
"1","3150",1,"DEU"
"2","3150",1,"DEU"
"21","3150",1,"DEU"
"329","3150",1,"DEU"
"810","3150",1,"DEU"
"829","3150",1,"DEU"
"19","3151",1,"DEU"
"27","3151",1,"DEU"
"230","3151",1,"DEU"
"727","3151",1,"DEU"
"1371","3151",2,"DEU"
"2","3152",2,"DEU"
"12","3152",1,"DEU"
"15","3152",1,"DEU"
"13","3153",1,"DEU"
"21","3153",1,"DEU"
"42","3153",1,"DEU"
"880","3153",1,"DEU"
"2394","3153",1,"DEU"
"1","3154",1,"DEU"
"139","3154",1,"DEU"
"521","3154",1,"DEU"
"969","3154",1,"DEU"
"1261","3154",1,"DEU"
"2","3155",1,"DEU"
"30","3155",1,"DEU"
"53","3155",1,"DEU"
"255","3155",1,"DEU"
"679","3155",1,"DEU"
"2377","3155",1,"DEU"
"6","3156",2,"DEU"
"8","3157",1,"DEU"
"463","3157",1,"DEU"
"2605","3157",1,"DEU"
"2","3158",1,"DEU"
"3","3158",1,"DEU"
"59","3158",1,"DEU"
"890","3158",1,"DEU"
"2722","3158",1,"DEU"
"2989","3158",1,"DEU"
"3","3159",2,"DEU"
"5","3159",1,"DEU"
"10","3159",1,"DEU"
"196","3159",1,"DEU"
"2755","3159",1,"DEU"
"7","3160",1,"DEU"
"9","3160",2,"DEU"
"12","3160",1,"DEU"
"26","3160",1,"DEU"
"116","3160",1,"DEU"
"9","3161",3,"DEU"
"26","3161",1,"DEU"
"116","3161",1,"DEU"
"172","3161",1,"DEU"
"4","3162",1,"DEU"
"11","3162",2,"DEU"
"62","3162",1,"DEU"
"71","3162",1,"DEU"
"149","3162",1,"DEU"
"10","3163",1,"DEU"
"29","3163",1,"DEU"
"38","3163",1,"DEU"
"892","3163",1,"DEU"
"949","3163",1,"DEU"
"2","3164",1,"DEU"
"3","3164",1,"DEU"
"12","3164",1,"DEU"
"14","3164",1,"DEU"
"782","3164",1,"DEU"
"1388","3164",1,"DEU"
"1","3165",1,"DEU"
"11","3165",2,"DEU"
"22","3165",1,"DEU"
"53","3165",1,"DEU"
"483","3165",1,"DEU"
"2","3166",1,"DEU"
"3","3166",1,"DEU"
"27","3166",1,"DEU"
"156","3166",1,"DEU"
"1322","3166",1,"DEU"
"2371","3166",1,"DEU"
"2","3167",2,"DEU"
"3","3167",1,"DEU"
"648","3167",1,"DEU"
"1779","3167",1,"DEU"
"1","3168",1,"DEU"
"11","3168",2,"DEU"
"11","3169",1,"DEU"
"107","3169",1,"DEU"
"1625","3169",1,"DEU"
"2848","3169",1,"DEU"
"3","3170",1,"DEU"
"6","3170",1,"DEU"
"174","3170",1,"DEU"
"393","3170",1,"DEU"
"2","3171",1,"DEU"
"14","3171",1,"DEU"
"327","3171",1,"DEU"
"368","3171",1,"DEU"
"386","3171",1,"DEU"
"1","3172",1,"DEU"
"21","3172",1,"DEU"
"22","3172",1,"DEU"
"33","3172",1,"DEU"
"63","3172",1,"DEU"
"3","3173",1,"DEU"
"13","3173",2,"DEU"
"64","3173",1,"DEU"
"1019","3173",1,"DEU"
"3","3174",1,"DEU"
"4","3174",2,"DEU"
"70","3174",1,"DEU"
"1302","3174",1,"DEU"
"1464","3174",1,"DEU"
"1","3175",1,"DEU"
"22","3175",1,"DEU"
"80","3175",1,"DEU"
"88","3175",1,"DEU"
"1409","3175",1,"DEU"
"9","3176",1,"DEU"
"17","3176",1,"DEU"
"40","3176",1,"DEU"
"1150","3176",1,"DEU"
"1304","3176",1,"DEU"
"2","3177",1,"DEU"
"9","3177",1,"DEU"
"38","3177",1,"DEU"
"552","3177",1,"DEU"
"1264","3177",1,"DEU"
"2537","3177",1,"DEU"
"2","3178",1,"DEU"
"73","3178",1,"DEU"
"90","3178",1,"DEU"
"141","3178",1,"DEU"
"161","3178",1,"DEU"
"47","3179",1,"DEU"
"336","3179",1,"DEU"
"472","3179",1,"DEU"
"891","3179",1,"DEU"
"1","3180",1,"DEU"
"2","3180",1,"DEU"
"12","3180",1,"DEU"
"22","3180",1,"DEU"
"1757","3180",1,"DEU"
"18","3181",1,"DEU"
"21","3181",1,"DEU"
"56","3181",2,"DEU"
"245","3181",1,"DEU"
"2","3182",1,"DEU"
"3","3182",1,"DEU"
"9","3182",1,"DEU"
"12","3182",1,"DEU"
"20","3182",1,"DEU"
"1502","3182",1,"DEU"
"2619","3183",3,"DEU"
"2","3184",2,"DEU"
"7","3184",1,"DEU"
"21","3184",1,"DEU"
"86","3184",1,"DEU"
"3","3185",1,"DEU"
"8","3185",1,"DEU"
"1196","3185",1,"DEU"
"3185","3185",1,"DEU"
"1","3186",1,"DEU"
"61","3186",1,"DEU"
"100","3186",1,"DEU"
"102","3186",1,"DEU"
"184","3186",1,"DEU"
"2698","3186",1,"DEU"
"40","3187",1,"DEU"
"114","3187",1,"DEU"
"534","3187",1,"DEU"
"678","3187",1,"DEU"
"7","3188",1,"DEU"
"10","3188",1,"DEU"
"21","3188",1,"DEU"
"646","3188",1,"DEU"
"759","3188",1,"DEU"
"1","3189",1,"DEU"
"12","3189",1,"DEU"
"26","3189",1,"DEU"
"63","3189",1,"DEU"
"940","3189",1,"DEU"
"179","3190",1,"DEU"
"259","3190",1,"DEU"
"853","3190",1,"DEU"
"1408","3190",1,"DEU"
"2575","3190",1,"DEU"
"2692","3190",1,"DEU"
"3","3191",2,"DEU"
"42","3191",1,"DEU"
"59","3191",1,"DEU"
"117","3191",1,"DEU"
"164","3191",1,"DEU"
"6","3192",1,"DEU"
"29","3192",1,"DEU"
"219","3192",1,"DEU"
"238","3192",1,"DEU"
"466","3192",1,"DEU"
"1445","3192",1,"DEU"
"8","3193",3,"DEU"
"9","3193",1,"DEU"
"19","3193",1,"DEU"
"492","3193",1,"DEU"
"24","3194",1,"DEU"
"50","3194",2,"DEU"
"700","3194",1,"DEU"
"838","3194",1,"DEU"
"3047","3194",1,"DEU"
"2","3195",1,"DEU"
"22","3195",1,"DEU"
"26","3195",1,"DEU"
"1183","3195",1,"DEU"
"2862","3195",1,"DEU"
"8","3196",1,"DEU"
"21","3196",1,"DEU"
"264","3196",1,"DEU"
"405","3196",1,"DEU"
"1260","3196",1,"DEU"
"1262","3196",1,"DEU"
"3","3197",1,"DEU"
"4","3197",1,"DEU"
"10","3197",1,"DEU"
"39","3197",1,"DEU"
"124","3197",1,"DEU"
"3","3198",1,"DEU"
"11","3198",1,"DEU"
"23","3198",1,"DEU"
"70","3198",1,"DEU"
"301","3198",1,"DEU"
"2764","3198",1,"DEU"
"4","3199",1,"DEU"
"15","3199",1,"DEU"
"133","3199",2,"DEU"
"768","3199",1,"DEU"
"4","3200",1,"DEU"
"7","3200",1,"DEU"
"59","3200",1,"DEU"
"1307","3200",1,"DEU"
"1523","3200",1,"DEU"
"3","3201",1,"DEU"
"25","3201",1,"DEU"
"1470","3201",1,"DEU"
"2","3202",1,"DEU"
"3","3202",1,"DEU"
"10","3202",1,"DEU"
"80","3202",1,"DEU"
"116","3202",1,"DEU"
"5","3203",1,"DEU"
"12","3203",2,"DEU"
"21","3203",1,"DEU"
"137","3203",1,"DEU"
"2","3204",2,"DEU"
"122","3204",1,"DEU"
"1","3205",1,"DEU"
"8","3205",1,"DEU"
"69","3205",1,"DEU"
"101","3205",1,"DEU"
"753","3205",1,"DEU"
"2","3206",2,"DEU"
"16","3206",2,"DEU"
"26","3206",1,"DEU"
"3","3207",1,"DEU"
"4","3207",1,"DEU"
"7","3207",1,"DEU"
"20","3207",1,"DEU"
"1773","3207",1,"DEU"
"24","3208",1,"DEU"
"36","3208",1,"DEU"
"110","3208",1,"DEU"
"274","3208",1,"DEU"
"688","3208",1,"DEU"
"9","3209",1,"DEU"
"15","3209",2,"DEU"
"266","3209",1,"DEU"
"1072","3209",1,"DEU"
"1430","3209",1,"DEU"
"3","3210",3,"DEU"
"787","3210",1,"DEU"
"989","3210",1,"DEU"
"1","3211",1,"DEU"
"1483","3211",3,"DEU"
"2479","3211",2,"DEU"
"8","3212",1,"DEU"
"19","3212",1,"DEU"
"55","3212",1,"DEU"
"67","3212",1,"DEU"
"542","3212",1,"DEU"
"1001","3212",1,"DEU"
"3","3213",1,"DEU"
"4","3213",2,"DEU"
"10","3213",1,"DEU"
"694","3213",1,"DEU"
"10","3214",1,"DEU"
"44","3214",1,"DEU"
"284","3214",1,"DEU"
"368","3214",1,"DEU"
"740","3214",1,"DEU"
"5","3215",1,"DEU"
"11","3215",1,"DEU"
"15","3215",1,"DEU"
"80","3215",1,"DEU"
"366","3215",1,"DEU"
"3","3216",1,"DEU"
"7","3216",1,"DEU"
"8","3216",1,"DEU"
"1925","3216",1,"DEU"
"2335","3216",1,"DEU"
"15","3217",1,"DEU"
"31","3217",1,"DEU"
"101","3217",1,"DEU"
"233","3217",2,"DEU"
"2196","3217",1,"DEU"
"3","3218",1,"DEU"
"16","3218",1,"DEU"
"20","3218",1,"DEU"
"24","3218",1,"DEU"
"501","3218",1,"DEU"
"1","3219",1,"DEU"
"2","3219",1,"DEU"
"6","3219",1,"DEU"
"39","3219",1,"DEU"
"2019","3219",1,"DEU"
"14","3220",1,"DEU"
"30","3220",1,"DEU"
"104","3220",1,"DEU"
"229","3220",1,"DEU"
"868","3220",1,"DEU"
"4","3221",1,"DEU"
"59","3221",1,"DEU"
"64","3221",1,"DEU"
"321","3221",1,"DEU"
"2265","3221",1,"DEU"
"7","3222",1,"DEU"
"80","3222",1,"DEU"
"137","3222",1,"DEU"
"3055","3222",3,"DEU"
"11","3223",1,"DEU"
"16","3223",1,"DEU"
"28","3223",1,"DEU"
"47","3223",1,"DEU"
"55","3223",1,"DEU"
"687","3223",1,"DEU"
"25","3224",1,"DEU"
"90","3224",1,"DEU"
"175","3224",1,"DEU"
"302","3224",1,"DEU"
"884","3224",1,"DEU"
"2","3225",2,"DEU"
"8","3225",1,"DEU"
"1212","3225",1,"DEU"
"2166","3225",1,"DEU"
"3059","3225",1,"DEU"
"3","3226",2,"DEU"
"15","3226",1,"DEU"
"2686","3226",3,"DEU"
"1","3227",1,"DEU"
"5","3227",1,"DEU"
"28","3227",1,"DEU"
"58","3227",1,"DEU"
"2990","3227",1,"DEU"
"5","3228",1,"DEU"
"6","3228",1,"DEU"
"22","3228",1,"DEU"
"56","3228",1,"DEU"
"1065","3228",1,"DEU"
"1195","3228",1,"DEU"
"7","3229",1,"DEU"
"41","3229",1,"DEU"
"47","3229",1,"DEU"
"93","3229",1,"DEU"
"297","3229",1,"DEU"
"1468","3229",1,"DEU"
"2","3230",2,"DEU"
"6","3230",1,"DEU"
"307","3230",1,"DEU"
"335","3230",1,"DEU"
"1477","3230",1,"DEU"
"110","3231",1,"DEU"
"348","3231",1,"DEU"
"582","3231",1,"DEU"
"1","3232",1,"DEU"
"4","3232",1,"DEU"
"37","3232",1,"DEU"
"152","3232",1,"DEU"
"479","3232",1,"DEU"
"713","3232",1,"DEU"
"3","3233",1,"DEU"
"24","3233",1,"DEU"
"63","3233",1,"DEU"
"71","3233",1,"DEU"
"216","3233",1,"DEU"
"329","3233",1,"DEU"
"1","3234",1,"DEU"
"13","3234",1,"DEU"
"62","3234",1,"DEU"
"593","3234",1,"DEU"
"1","3235",1,"DEU"
"2","3235",1,"DEU"
"3","3235",3,"DEU"
"2701","3235",1,"DEU"
"7","3236",1,"DEU"
"15","3236",1,"DEU"
"21","3236",1,"DEU"
"378","3236",1,"DEU"
"2567","3236",1,"DEU"
"1","3237",1,"DEU"
"10","3237",1,"DEU"
"135","3237",1,"DEU"
"252","3237",1,"DEU"
"699","3237",1,"DEU"
"973","3237",1,"DEU"
"12","3238",1,"DEU"
"18","3238",2,"DEU"
"26","3238",1,"DEU"
"197","3238",1,"DEU"
"677","3238",1,"DEU"
"9","3239",1,"DEU"
"326","3239",1,"DEU"
"567","3239",1,"DEU"
"611","3239",1,"DEU"
"1793","3239",1,"DEU"
"3199","3239",1,"DEU"
"24","3240",1,"DEU"
"284","3240",1,"DEU"
"336","3240",1,"DEU"
"2144","3240",1,"DEU"
"7","3241",1,"DEU"
"22","3241",1,"DEU"
"24","3241",1,"DEU"
"95","3241",1,"DEU"
"142","3241",1,"DEU"
"50","3242",1,"DEU"
"108","3242",1,"DEU"
"540","3242",1,"DEU"
"1430","3242",1,"DEU"
"2684","3242",1,"DEU"
"158","3243",1,"DEU"
"208","3243",1,"DEU"
"347","3243",1,"DEU"
"685","3243",1,"DEU"
"1159","3243",2,"DEU"
"13","3244",1,"DEU"
"26","3244",1,"DEU"
"59","3244",1,"DEU"
"259","3244",1,"DEU"
"320","3244",1,"DEU"
"1673","3244",1,"DEU"
"7","3245",1,"DEU"
"15","3245",1,"DEU"
"59","3245",1,"DEU"
"502","3245",1,"DEU"
"817","3245",1,"DEU"
"1","3246",1,"DEU"
"23","3246",1,"DEU"
"261","3246",1,"DEU"
"524","3246",1,"DEU"
"1","3247",1,"DEU"
"2","3247",1,"DEU"
"6","3247",1,"DEU"
"117","3247",1,"DEU"
"231","3247",1,"DEU"
"2957","3247",1,"DEU"
"1","3248",3,"DEU"
"3","3248",1,"DEU"
"137","3248",1,"DEU"
"779","3248",1,"DEU"
"2","3249",1,"DEU"
"28","3249",1,"DEU"
"42","3249",1,"DEU"
"51","3249",1,"DEU"
"409","3249",1,"DEU"
"1","3250",1,"DEU"
"59","3250",1,"DEU"
"233","3250",1,"DEU"
"2228","3250",1,"DEU"
"1","3251",1,"DEU"
"7","3251",1,"DEU"
"36","3251",1,"DEU"
"56","3251",1,"DEU"
"2318","3251",1,"DEU"
"3","3252",1,"DEU"
"5","3252",1,"DEU"
"10","3252",1,"DEU"
"15","3252",1,"DEU"
"154","3252",1,"DEU"
"181","3252",1,"DEU"
"20","3253",1,"DEU"
"40","3253",1,"DEU"
"73","3253",2,"DEU"
"233","3253",1,"DEU"
"363","3253",1,"DEU"
"3","3254",1,"DEU"
"25","3254",1,"DEU"
"7","3255",1,"DEU"
"15","3255",1,"DEU"
"41","3255",1,"DEU"
"116","3255",1,"DEU"
"858","3255",1,"DEU"
"1947","3255",1,"DEU"
"1","3256",1,"DEU"
"4","3256",1,"DEU"
"148","3256",1,"DEU"
"163","3256",1,"DEU"
"786","3256",1,"DEU"
"4","3257",1,"DEU"
"15","3257",1,"DEU"
"1477","3257",1,"DEU"
"3079","3257",1,"DEU"
"3","3258",1,"DEU"
"68","3258",1,"DEU"
"290","3258",2,"DEU"
"1558","3258",1,"DEU"
"35","3259",1,"DEU"
"40","3259",1,"DEU"
"45","3259",1,"DEU"
"2494","3259",1,"DEU"
"2616","3259",1,"DEU"
"3131","3259",1,"DEU"
"4","3260",2,"DEU"
"17","3260",1,"DEU"
"19","3260",1,"DEU"
"521","3260",1,"DEU"
"3","3261",1,"DEU"
"4","3261",2,"DEU"
"38","3261",1,"DEU"
"128","3261",1,"DEU"
"299","3261",1,"DEU"
"2","3262",1,"DEU"
"440","3262",1,"DEU"
"1342","3262",1,"DEU"
"1533","3262",1,"DEU"
"1","3263",1,"DEU"
"2","3263",2,"DEU"
"26","3263",1,"DEU"
"276","3263",1,"DEU"
"2","3264",1,"DEU"
"15","3264",1,"DEU"
"39","3264",1,"DEU"
"192","3264",1,"DEU"
"460","3264",1,"DEU"
"1425","3264",1,"DEU"
"60","3265",1,"DEU"
"86","3265",1,"DEU"
"196","3265",1,"DEU"
"540","3265",1,"DEU"
"804","3265",1,"DEU"
"1794","3265",1,"DEU"
"1","3266",1,"DEU"
"6","3266",1,"DEU"
"60","3266",1,"DEU"
"139","3266",1,"DEU"
"166","3266",1,"DEU"
"192","3266",1,"DEU"
"1","3267",2,"DEU"
"31","3267",3,"DEU"
"2005","3267",1,"DEU"
"1","3268",1,"DEU"
"2","3268",2,"DEU"
"70","3268",1,"DEU"
"75","3268",1,"DEU"
"764","3268",1,"DEU"
"1","3269",1,"DEU"
"9","3269",2,"DEU"
"25","3269",1,"DEU"
"127","3269",1,"DEU"
"307","3269",1,"DEU"
"2","3270",1,"DEU"
"4","3270",1,"DEU"
"10","3270",1,"DEU"
"26","3270",1,"DEU"
"116","3270",1,"DEU"
"2408","3270",1,"DEU"
"14","3271",1,"DEU"
"46","3271",1,"DEU"
"62","3271",1,"DEU"
"165","3271",1,"DEU"
"2965","3271",1,"DEU"
"3","3272",1,"DEU"
"8","3272",2,"DEU"
"1379","3272",1,"DEU"
"26","3273",1,"DEU"
"44","3273",1,"DEU"
"141","3273",1,"DEU"
"512","3273",1,"DEU"
"665","3273",1,"DEU"
"1","3274",1,"DEU"
"4","3274",1,"DEU"
"7","3274",1,"DEU"
"26","3274",1,"DEU"
"122","3274",1,"DEU"
"1775","3274",1,"DEU"
"2","3275",1,"DEU"
"15","3275",1,"DEU"
"18","3275",1,"DEU"
"62","3275",2,"DEU"
"335","3275",1,"DEU"
"18","3276",1,"DEU"
"30","3276",1,"DEU"
"238","3276",2,"DEU"
"273","3276",1,"DEU"
"1025","3276",1,"DEU"
"1","3277",1,"DEU"
"11","3277",1,"DEU"
"886","3277",1,"DEU"
"1257","3277",1,"DEU"
"2","3278",1,"DEU"
"4","3278",1,"DEU"
"29","3278",1,"DEU"
"128","3278",1,"DEU"
"569","3278",1,"DEU"
"899","3278",1,"DEU"
"35","3279",1,"DEU"
"567","3279",1,"DEU"
"3","3280",1,"DEU"
"72","3280",1,"DEU"
"97","3280",1,"DEU"
"1021","3280",1,"DEU"
"1845","3280",2,"DEU"
"1","3281",1,"DEU"
"12","3281",1,"DEU"
"1141","3281",1,"DEU"
"1376","3281",1,"DEU"
"3257","3281",1,"DEU"
"3","3282",2,"DEU"
"761","3282",2,"DEU"
"2050","3282",1,"DEU"
"12","3283",1,"DEU"
"17","3283",1,"DEU"
"34","3283",1,"DEU"
"78","3283",1,"DEU"
"742","3283",1,"DEU"
"1086","3283",1,"DEU"
"65","3284",1,"DEU"
"86","3284",1,"DEU"
"87","3284",1,"DEU"
"837","3284",1,"DEU"
"3059","3284",1,"DEU"
"1","3285",1,"DEU"
"4","3285",1,"DEU"
"12","3285",1,"DEU"
"578","3285",2,"DEU"
"8","3286",1,"DEU"
"13","3286",1,"DEU"
"14","3286",1,"DEU"
"21","3286",1,"DEU"
"171","3286",1,"DEU"
"756","3286",1,"DEU"
"17","3287",1,"DEU"
"28","3287",1,"DEU"
"104","3287",1,"DEU"
"160","3287",1,"DEU"
"266","3287",1,"DEU"
"1671","3287",1,"DEU"
"7","3288",1,"DEU"
"196","3288",1,"DEU"
"204","3288",1,"DEU"
"606","3288",1,"DEU"
"836","3288",1,"DEU"
"4","3289",1,"DEU"
"12","3289",1,"DEU"
"89","3289",1,"DEU"
"157","3289",1,"DEU"
"3","3290",1,"DEU"
"10","3290",1,"DEU"
"18","3290",1,"DEU"
"61","3290",1,"DEU"
"1143","3290",1,"DEU"
"1836","3290",1,"DEU"
"2","3291",1,"DEU"
"6","3291",1,"DEU"
"7","3291",1,"DEU"
"18","3291",1,"DEU"
"24","3291",1,"DEU"
"688","3291",1,"DEU"
"9","3292",1,"DEU"
"20","3292",1,"DEU"
"38","3292",1,"DEU"
"97","3292",1,"DEU"
"309","3292",1,"DEU"
"967","3292",1,"DEU"
"1","3293",1,"DEU"
"3","3293",1,"DEU"
"23","3293",1,"DEU"
"28","3293",1,"DEU"
"2345","3293",1,"DEU"
"1","3294",2,"DEU"
"8","3294",1,"DEU"
"30","3294",2,"DEU"
"7","3295",2,"DEU"
"15","3295",1,"DEU"
"167","3295",1,"DEU"
"245","3295",1,"DEU"
"930","3295",1,"DEU"
"4","3296",1,"DEU"
"9","3296",1,"DEU"
"11","3296",1,"DEU"
"40","3296",1,"DEU"
"97","3296",1,"DEU"
"728","3296",1,"DEU"
"3","3297",1,"DEU"
"12","3297",1,"DEU"
"2504","3297",1,"DEU"
"26","3298",1,"DEU"
"197","3298",1,"DEU"
"238","3298",1,"DEU"
"492","3298",1,"DEU"
"69","3299",1,"DEU"
"86","3299",1,"DEU"
"1429","3299",2,"DEU"
"3","3300",1,"DEU"
"105","3300",1,"DEU"
"709","3300",1,"DEU"
"2273","3300",1,"DEU"
"1","3301",1,"DEU"
"3","3301",1,"DEU"
"70","3301",1,"DEU"
"92","3301",1,"DEU"
"113","3301",1,"DEU"
"2660","3301",1,"DEU"
"52","3302",2,"DEU"
"253","3302",1,"DEU"
"8","3303",1,"DEU"
"24","3303",1,"DEU"
"95","3303",1,"DEU"
"122","3303",2,"DEU"
"3134","3303",1,"DEU"
"19","3304",1,"DEU"
"60","3304",1,"DEU"
"79","3304",1,"DEU"
"242","3304",1,"DEU"
"1226","3304",1,"DEU"
"1590","3304",1,"DEU"
"1","3305",1,"DEU"
"13","3305",1,"DEU"
"46","3305",1,"DEU"
"634","3305",1,"DEU"
"2","3306",1,"DEU"
"3","3306",1,"DEU"
"239","3306",1,"DEU"
"262","3306",1,"DEU"
"11","3307",1,"DEU"
"23","3307",1,"DEU"
"24","3307",1,"DEU"
"32","3307",1,"DEU"
"34","3307",1,"DEU"
"37","3307",1,"DEU"
"8","3308",1,"DEU"
"10","3308",1,"DEU"
"18","3308",1,"DEU"
"163","3308",1,"DEU"
"641","3308",1,"DEU"
"2","3309",2,"DEU"
"3","3309",1,"DEU"
"409","3309",1,"DEU"
"2201","3309",1,"DEU"
"6","3310",1,"DEU"
"19","3310",3,"DEU"
"66","3310",1,"DEU"
"101","3310",1,"DEU"
"23","3311",1,"DEU"
"61","3311",1,"DEU"
"571","3311",1,"DEU"
"907","3311",1,"DEU"
"3","3312",1,"DEU"
"37","3312",1,"DEU"
"152","3312",1,"DEU"
"775","3312",1,"DEU"
"1192","3312",1,"DEU"
"1884","3312",1,"DEU"
"1","3313",1,"DEU"
"13","3313",1,"DEU"
"24","3313",1,"DEU"
"961","3313",1,"DEU"
"15","3314",1,"DEU"
"26","3314",3,"DEU"
"29","3314",1,"DEU"
"87","3314",1,"DEU"
"2","3315",1,"DEU"
"3","3315",1,"DEU"
"7","3315",1,"DEU"
"467","3315",1,"DEU"
"553","3315",1,"DEU"
"26","3316",1,"DEU"
"30","3316",1,"DEU"
"70","3316",1,"DEU"
"126","3316",1,"DEU"
"229","3316",1,"DEU"
"17","3317",1,"DEU"
"24","3317",1,"DEU"
"333","3317",1,"DEU"
"1742","3317",1,"DEU"
"4","3318",1,"DEU"
"13","3318",1,"DEU"
"93","3318",1,"DEU"
"409","3318",1,"DEU"
"2","3319",1,"DEU"
"292","3319",1,"DEU"
"1365","3319",1,"DEU"
"1389","3319",1,"DEU"
"1840","3319",1,"DEU"
"44","3320",1,"DEU"
"84","3320",1,"DEU"
"484","3320",1,"DEU"
"3114","3320",1,"DEU"
"1","3321",1,"DEU"
"2","3321",1,"DEU"
"11","3321",1,"DEU"
"13","3321",1,"DEU"
"69","3321",1,"DEU"
"1136","3321",1,"DEU"
"12","3322",3,"DEU"
"329","3322",1,"DEU"
"12","3323",1,"DEU"
"21","3323",1,"DEU"
"99","3323",1,"DEU"
"110","3323",1,"DEU"
"311","3323",1,"DEU"
"3272","3323",1,"DEU"
"15","3324",1,"DEU"
"25","3324",1,"DEU"
"239","3324",1,"DEU"
"1060","3324",1,"DEU"
"1473","3324",1,"DEU"
"2489","3324",1,"DEU"
"2","3325",1,"DEU"
"37","3325",1,"DEU"
"71","3325",1,"DEU"
"386","3325",1,"DEU"
"2969","3325",1,"DEU"
"30","3326",2,"DEU"
"94","3326",1,"DEU"
"147","3326",1,"DEU"
"211","3326",1,"DEU"
"10","3327",1,"DEU"
"11","3327",2,"DEU"
"130","3327",1,"DEU"
"255","3327",1,"DEU"
"20","3328",1,"DEU"
"26","3328",1,"DEU"
"27","3328",1,"DEU"
"1058","3328",1,"DEU"
"4","3329",2,"DEU"
"10","3329",1,"DEU"
"12","3329",1,"DEU"
"663","3329",1,"DEU"
"764","3329",1,"DEU"
"2","3330",2,"DEU"
"35","3330",1,"DEU"
"215","3330",1,"DEU"
"228","3330",1,"DEU"
"425","3330",1,"DEU"
"6","3331",1,"DEU"
"67","3331",1,"DEU"
"785","3331",1,"DEU"
"11","3332",1,"DEU"
"33","3332",1,"DEU"
"121","3332",1,"DEU"
"314","3332",1,"DEU"
"428","3332",1,"DEU"
"2","3333",2,"DEU"
"15","3333",1,"DEU"
"33","3333",1,"DEU"
"325","3333",1,"DEU"
"463","3333",1,"DEU"
"1","3334",1,"DEU"
"4","3334",1,"DEU"
"314","3334",1,"DEU"
"344","3334",1,"DEU"
"650","3334",1,"DEU"
"1846","3334",1,"DEU"
"7","3335",2,"DEU"
"26","3335",1,"DEU"
"65","3335",1,"DEU"
"105","3335",1,"DEU"
"8","3336",3,"DEU"
"35","3336",1,"DEU"
"564","3336",1,"DEU"
"1688","3336",1,"DEU"
"1","3337",1,"DEU"
"8","3337",1,"DEU"
"11","3337",1,"DEU"
"42","3337",1,"DEU"
"556","3337",1,"DEU"
"1","3338",1,"DEU"
"2","3338",1,"DEU"
"20","3338",1,"DEU"
"322","3338",3,"DEU"
"5","3339",1,"DEU"
"2763","3339",1,"DEU"
"13","3340",2,"DEU"
"38","3340",1,"DEU"
"56","3340",1,"DEU"
"196","3340",1,"DEU"
"2306","3340",1,"DEU"
"3","3341",1,"DEU"
"30","3341",1,"DEU"
"59","3341",1,"DEU"
"85","3341",1,"DEU"
"345","3341",1,"DEU"
"6","3342",1,"DEU"
"51","3342",1,"DEU"
"149","3342",1,"DEU"
"307","3342",1,"DEU"
"527","3342",1,"DEU"
"1221","3342",1,"DEU"
"5","3343",1,"DEU"
"18","3343",1,"DEU"
"40","3343",1,"DEU"
"162","3343",1,"DEU"
"457","3343",1,"DEU"
"1","3344",1,"DEU"
"11","3344",1,"DEU"
"35","3344",1,"DEU"
"121","3344",1,"DEU"
"153","3344",1,"DEU"
"15","3345",2,"DEU"
"26","3345",2,"DEU"
"41","3345",1,"DEU"
"923","3345",1,"DEU"
"1","3346",2,"DEU"
"51","3346",1,"DEU"
"76","3346",1,"DEU"
"110","3346",1,"DEU"
"403","3346",1,"DEU"
"1","3347",1,"DEU"
"2","3347",1,"DEU"
"14","3347",1,"DEU"
"71","3347",1,"DEU"
"86","3347",1,"DEU"
"707","3347",1,"DEU"
"11","3348",1,"DEU"
"24","3348",1,"DEU"
"155","3348",1,"DEU"
"1433","3348",1,"DEU"
"2971","3348",1,"DEU"
"5","3349",1,"DEU"
"25","3349",1,"DEU"
"37","3349",1,"DEU"
"40","3349",1,"DEU"
"333","3349",1,"DEU"
"2","3350",1,"DEU"
"27","3350",1,"DEU"
"54","3350",1,"DEU"
"535","3350",1,"DEU"
"105","3351",1,"DEU"
"180","3351",1,"DEU"
"253","3351",1,"DEU"
"2","3352",1,"DEU"
"22","3352",1,"DEU"
"26","3352",1,"DEU"
"99","3352",1,"DEU"
"166","3352",1,"DEU"
"2431","3352",1,"DEU"
"7","3353",1,"DEU"
"35","3353",1,"DEU"
"430","3353",1,"DEU"
"651","3353",1,"DEU"
"1241","3353",1,"DEU"
"28","3354",1,"DEU"
"49","3354",1,"DEU"
"52","3354",1,"DEU"
"61","3354",1,"DEU"
"679","3354",1,"DEU"
"1231","3354",1,"DEU"
"17","3355",1,"DEU"
"26","3355",1,"DEU"
"74","3355",1,"DEU"
"92","3355",1,"DEU"
"369","3355",1,"DEU"
"1","3356",1,"DEU"
"5","3356",1,"DEU"
"24","3356",1,"DEU"
"54","3356",1,"DEU"
"363","3356",1,"DEU"
"37","3357",1,"DEU"
"225","3357",1,"DEU"
"1047","3357",1,"DEU"
"1","3358",2,"DEU"
"7","3358",1,"DEU"
"116","3358",1,"DEU"
"289","3358",1,"DEU"
"86","3359",1,"DEU"
"747","3359",1,"DEU"
"1607","3359",1,"DEU"
"2395","3359",1,"DEU"
"18","3360",2,"DEU"
"361","3360",1,"DEU"
"2100","3360",1,"DEU"
"1","3361",1,"DEU"
"39","3361",1,"DEU"
"3003","3361",1,"DEU"
"21","3362",1,"DEU"
"26","3362",1,"DEU"
"74","3362",1,"DEU"
"251","3362",1,"DEU"
"2","3363",1,"DEU"
"26","3363",1,"DEU"
"1055","3363",1,"DEU"
"2645","3363",1,"DEU"
"2881","3363",1,"DEU"
"1","3364",2,"DEU"
"34","3364",1,"DEU"
"284","3364",1,"DEU"
"1687","3364",1,"DEU"
"2","3365",1,"DEU"
"1085","3365",1,"DEU"
"1906","3365",1,"DEU"
"3306","3365",1,"DEU"
"11","3366",1,"DEU"
"45","3366",1,"DEU"
"101","3366",1,"DEU"
"331","3366",1,"DEU"
"1184","3366",1,"DEU"
"1750","3366",1,"DEU"
"22","3367",1,"DEU"
"39","3367",2,"DEU"
"80","3367",1,"DEU"
"389","3367",1,"DEU"
"1911","3367",1,"DEU"
"2","3368",1,"DEU"
"392","3368",1,"DEU"
"1051","3368",1,"DEU"
"2010","3368",1,"DEU"
"9","3369",1,"DEU"
"535","3369",1,"DEU"
"1760","3369",1,"DEU"
"1926","3369",1,"DEU"
"12","3370",1,"DEU"
"20","3370",1,"DEU"
"25","3370",1,"DEU"
"33","3370",1,"DEU"
"399","3370",1,"DEU"
"1014","3370",1,"DEU"
"1","3371",1,"DEU"
"3","3371",1,"DEU"
"48","3371",1,"DEU"
"72","3371",1,"DEU"
"1243","3371",1,"DEU"
"1","3372",1,"DEU"
"3","3372",1,"DEU"
"8","3372",1,"DEU"
"22","3372",1,"DEU"
"449","3372",1,"DEU"
"1","3373",1,"DEU"
"2","3373",2,"DEU"
"6","3373",1,"DEU"
"12","3373",1,"DEU"
"21","3373",1,"DEU"
"17","3374",1,"DEU"
"30","3374",2,"DEU"
"36","3374",1,"DEU"
"113","3374",1,"DEU"
"139","3374",1,"DEU"
"3","3375",1,"DEU"
"10","3375",1,"DEU"
"40","3375",1,"DEU"
"97","3375",1,"DEU"
"2","3376",1,"DEU"
"9","3376",1,"DEU"
"36","3376",1,"DEU"
"40","3376",1,"DEU"
"1429","3376",1,"DEU"
"2529","3376",1,"DEU"
"125","3377",1,"DEU"
"149","3377",1,"DEU"
"185","3377",1,"DEU"
"559","3377",3,"DEU"
"12","3378",2,"DEU"
"15","3378",1,"DEU"
"21","3378",1,"DEU"
"154","3378",1,"DEU"
"7","3379",2,"DEU"
"12","3379",1,"DEU"
"29","3379",1,"DEU"
"233","3379",1,"DEU"
"1133","3379",1,"DEU"
"1","3380",1,"DEU"
"2","3380",1,"DEU"
"3","3380",1,"DEU"
"13","3380",1,"DEU"
"141","3380",1,"DEU"
"899","3380",1,"DEU"
"26","3381",2,"DEU"
"127","3381",1,"DEU"
"726","3381",1,"DEU"
"2492","3381",1,"DEU"
"7","3382",2,"DEU"
"23","3382",1,"DEU"
"31","3382",1,"DEU"
"74","3382",1,"DEU"
"111","3382",1,"DEU"
"80","3383",1,"DEU"
"1422","3383",1,"DEU"
"1","3384",1,"DEU"
"2266","3384",1,"DEU"
"2852","3384",1,"DEU"
"2899","3384",1,"DEU"
"1","3385",1,"DEU"
"2","3385",2,"DEU"
"1011","3385",1,"DEU"
"1439","3385",1,"DEU"
"3","3386",1,"DEU"
"11","3386",1,"DEU"
"85","3386",1,"DEU"
"573","3386",1,"DEU"
"830","3386",1,"DEU"
"2352","3386",1,"DEU"
"4","3387",1,"DEU"
"7","3387",1,"DEU"
"34","3387",1,"DEU"
"408","3387",1,"DEU"
"551","3387",1,"DEU"
"2","3388",1,"DEU"
"15","3388",1,"DEU"
"21","3388",1,"DEU"
"40","3388",1,"DEU"
"260","3388",1,"DEU"
"739","3388",1,"DEU"
"3","3389",1,"DEU"
"11","3389",2,"DEU"
"102","3389",1,"DEU"
"1","3390",1,"DEU"
"7","3390",1,"DEU"
"24","3390",1,"DEU"
"79","3390",1,"DEU"
"1151","3390",1,"DEU"
"14","3391",1,"DEU"
"15","3391",3,"DEU"
"19","3391",1,"DEU"
"75","3391",1,"DEU"
"3","3392",1,"DEU"
"13","3392",1,"DEU"
"261","3392",1,"DEU"
"1440","3392",1,"DEU"
"1577","3392",1,"DEU"
"14","3393",1,"DEU"
"45","3393",1,"DEU"
"84","3393",1,"DEU"
"164","3393",1,"DEU"
"4","3394",1,"DEU"
"22","3394",1,"DEU"
"31","3394",1,"DEU"
"88","3394",1,"DEU"
"1004","3394",1,"DEU"
"2441","3394",1,"DEU"
"1","3395",1,"DEU"
"15","3395",1,"DEU"
"188","3395",1,"DEU"
"891","3395",1,"DEU"
"2042","3395",1,"DEU"
"2","3396",2,"DEU"
"26","3396",1,"DEU"
"1665","3396",1,"DEU"
"2","3397",1,"DEU"
"44","3397",1,"DEU"
"103","3397",1,"DEU"
"216","3397",1,"DEU"
"222","3397",1,"DEU"
"297","3397",1,"DEU"
"44","3398",1,"DEU"
"70","3398",1,"DEU"
"204","3398",1,"DEU"
"1585","3398",1,"DEU"
"1972","3398",1,"DEU"
"22","3399",3,"DEU"
"1386","3399",1,"DEU"
"3311","3399",1,"DEU"
"5","3400",1,"DEU"
"10","3400",1,"DEU"
"29","3400",1,"DEU"
"60","3400",1,"DEU"
"118","3400",1,"DEU"
"3234","3400",1,"DEU"
"19","3401",1,"DEU"
"21","3401",1,"DEU"
"34","3401",1,"DEU"
"37","3401",1,"DEU"
"147","3401",1,"DEU"
"219","3401",1,"DEU"
"1","3402",1,"DEU"
"22","3402",1,"DEU"
"27","3402",1,"DEU"
"601","3402",1,"DEU"
"1117","3402",1,"DEU"
"1737","3403",1,"DEU"
"2432","3403",1,"DEU"
"30","3404",1,"DEU"
"47","3404",1,"DEU"
"54","3404",1,"DEU"
"105","3404",1,"DEU"
"551","3404",1,"DEU"
"1","3405",1,"DEU"
"10","3405",1,"DEU"
"24","3405",1,"DEU"
"109","3405",1,"DEU"
"567","3405",1,"DEU"
"891","3405",1,"DEU"
"26","3406",1,"DEU"
"39","3406",1,"DEU"
"80","3406",1,"DEU"
"191","3406",1,"DEU"
"848","3406",1,"DEU"
"24","3407",1,"DEU"
"28","3407",1,"DEU"
"200","3407",2,"DEU"
"5","3408",1,"DEU"
"6","3408",1,"DEU"
"18","3408",1,"DEU"
"404","3408",1,"DEU"
"1741","3409",2,"DEU"
"2234","3409",1,"DEU"
"3003","3409",3,"DEU"
"2","3410",1,"DEU"
"4","3410",2,"DEU"
"19","3410",1,"DEU"
"261","3410",1,"DEU"
"12","3411",1,"DEU"
"20","3411",1,"DEU"
"424","3411",1,"DEU"
"578","3411",1,"DEU"
"1190","3411",1,"DEU"
"3285","3411",1,"DEU"
"1","3412",1,"DEU"
"3","3412",1,"DEU"
"22","3412",1,"DEU"
"73","3412",1,"DEU"
"2149","3412",1,"DEU"
"3","3413",1,"DEU"
"27","3413",2,"DEU"
"74","3413",1,"DEU"
"128","3413",1,"DEU"
"10","3414",1,"DEU"
"16","3414",1,"DEU"
"1919","3414",1,"DEU"
"3372","3414",1,"DEU"
"1","3415",1,"DEU"
"17","3415",1,"DEU"
"45","3415",1,"DEU"
"388","3415",1,"DEU"
"2780","3415",1,"DEU"
"3","3416",1,"DEU"
"25","3416",1,"DEU"
"75","3416",1,"DEU"
"113","3416",1,"DEU"
"297","3416",1,"DEU"
"14","3417",1,"DEU"
"36","3417",1,"DEU"
"38","3417",1,"DEU"
"122","3417",1,"DEU"
"4","3418",3,"DEU"
"11","3418",1,"DEU"
"413","3418",1,"DEU"
"3363","3418",1,"DEU"
"16","3419",1,"DEU"
"47","3419",1,"DEU"
"3063","3419",1,"DEU"
"3387","3419",1,"DEU"
"8","3420",2,"DEU"
"25","3420",1,"DEU"
"26","3420",1,"DEU"
"44","3420",1,"DEU"
"2","3421",1,"DEU"
"10","3421",1,"DEU"
"39","3421",1,"DEU"
"47","3421",1,"DEU"
"84","3421",1,"DEU"
"1","3422",2,"DEU"
"2","3422",1,"DEU"
"3","3422",1,"DEU"
"55","3422",1,"DEU"
"392","3422",1,"DEU"
"6","3423",1,"DEU"
"12","3423",1,"DEU"
"14","3423",1,"DEU"
"158","3423",1,"DEU"
"342","3423",1,"DEU"
"4","3424",1,"DEU"
"13","3424",1,"DEU"
"24","3424",1,"DEU"
"59","3424",1,"DEU"
"785","3424",1,"DEU"
"2929","3424",1,"DEU"
"2","3425",2,"DEU"
"10","3425",1,"DEU"
"15","3425",1,"DEU"
"226","3425",2,"DEU"
"1","3426",1,"DEU"
"17","3426",1,"DEU"
"127","3426",1,"DEU"
"164","3426",1,"DEU"
"255","3426",1,"DEU"
"3","3427",1,"DEU"
"80","3427",1,"DEU"
"84","3427",1,"DEU"
"4","3428",1,"DEU"
"18","3428",1,"DEU"
"430","3428",1,"DEU"
"1394","3428",1,"DEU"
"1736","3428",1,"DEU"
"2298","3428",1,"DEU"
"4","3429",1,"DEU"
"8","3429",1,"DEU"
"13","3429",1,"DEU"
"171","3429",1,"DEU"
"245","3429",1,"DEU"
"1533","3429",1,"DEU"
"4","3430",1,"DEU"
"13","3430",1,"DEU"
"62","3430",1,"DEU"
"77","3430",1,"DEU"
"564","3430",1,"DEU"
"19","3431",1,"DEU"
"34","3431",1,"DEU"
"118","3431",1,"DEU"
"163","3431",1,"DEU"
"213","3431",1,"DEU"
"37","3432",1,"DEU"
"184","3432",1,"DEU"
"197","3432",1,"DEU"
"943","3432",1,"DEU"
"1541","3432",1,"DEU"
"18","3433",1,"DEU"
"21","3433",1,"DEU"
"35","3433",1,"DEU"
"983","3433",1,"DEU"
"2121","3433",1,"DEU"
"2","3434",1,"DEU"
"7","3434",1,"DEU"
"700","3434",1,"DEU"
"28","3435",1,"DEU"
"51","3435",1,"DEU"
"101","3435",1,"DEU"
"123","3435",1,"DEU"
"147","3435",1,"DEU"
"46","3436",1,"DEU"
"105","3436",1,"DEU"
"347","3436",1,"DEU"
"915","3436",1,"DEU"
"2791","3436",1,"DEU"
"3415","3436",1,"DEU"
"3","3437",1,"DEU"
"8","3437",1,"DEU"
"37","3437",1,"DEU"
"155","3437",1,"DEU"
"238","3437",1,"DEU"
"970","3437",1,"DEU"
"21","3438",1,"DEU"
"113","3438",1,"DEU"
"824","3438",1,"DEU"
"4","3439",1,"DEU"
"10","3439",2,"DEU"
"73","3439",1,"DEU"
"233","3439",1,"DEU"
"12","3440",1,"DEU"
"40","3440",1,"DEU"
"73","3440",1,"DEU"
"102","3440",1,"DEU"
"196","3440",1,"DEU"
"3","3441",1,"DEU"
"160","3441",1,"DEU"
"417","3441",1,"DEU"
"644","3441",1,"DEU"
"40","3442",1,"DEU"
"44","3442",1,"DEU"
"249","3442",1,"DEU"
"359","3442",1,"DEU"
"276","3443",1,"DEU"
"776","3443",1,"DEU"
"1486","3443",1,"DEU"
"1852","3443",1,"DEU"
"94","3444",1,"DEU"
"212","3444",1,"DEU"
"244","3444",1,"DEU"
"1100","3444",1,"DEU"
"52","3445",1,"DEU"
"84","3445",1,"DEU"
"112","3445",1,"DEU"
"507","3445",1,"DEU"
"20","3446",1,"DEU"
"302","3446",1,"DEU"
"324","3446",1,"DEU"
"18","3447",1,"DEU"
"76","3447",1,"DEU"
"119","3447",1,"DEU"
"516","3447",1,"DEU"
"11","3448",1,"DEU"
"12","3448",1,"DEU"
"1852","3448",1,"DEU"
"12","3449",1,"DEU"
"6","3450",1,"DEU"
"12","3450",1,"DEU"
"131","3450",1,"DEU"
"881","3450",1,"DEU"
"21","3451",2,"DEU"
"1627","3451",1,"DEU"
"2","3452",1,"DEU"
"27","3452",1,"DEU"
"68","3452",1,"DEU"
"115","3452",1,"DEU"
"1","3453",1,"DEU"
"17","3453",1,"DEU"
"58","3453",1,"DEU"
"1868","3453",1,"DEU"
"84","3454",1,"DEU"
"235","3454",1,"DEU"
"241","3454",1,"DEU"
"300","3454",1,"DEU"
"1","3455",1,"DEU"
"735","3455",1,"DEU"
"872","3455",1,"DEU"
"3341","3455",1,"DEU"
"8","3456",1,"DEU"
"36","3456",1,"DEU"
"372","3456",1,"DEU"
"43","3457",1,"DEU"
"1267","3457",1,"DEU"
"3178","3457",1,"DEU"
"83","3458",1,"DEU"
"120","3458",1,"DEU"
"2873","3458",1,"DEU"
"1","3459",1,"DEU"
"10","3459",1,"DEU"
"43","3459",1,"DEU"
"115","3459",1,"DEU"
"12","3460",1,"DEU"
"15","3460",1,"DEU"
"82","3460",2,"DEU"
"10","3461",1,"DEU"
"566","3461",1,"DEU"
"843","3461",1,"DEU"
"2071","3461",1,"DEU"
"2","3462",1,"DEU"
"617","3462",1,"DEU"
"786","3462",1,"DEU"
"94","3463",2,"DEU"
"131","3463",1,"DEU"
"15","3464",1,"DEU"
"29","3464",1,"DEU"
"82","3464",1,"DEU"
"131","3464",1,"DEU"
"4","3465",1,"DEU"
"5","3465",1,"DEU"
"12","3465",1,"DEU"
"116","3465",1,"DEU"
"13","3466",1,"DEU"
"110","3466",1,"DEU"
"18","3467",1,"DEU"
"82","3467",1,"DEU"
"733","3467",1,"DEU"
"3449","3467",1,"DEU"
"110","3468",1,"DEU"
"234","3468",1,"DEU"
"755","3468",1,"DEU"
"2510","3468",1,"DEU"
"13","3469",1,"DEU"
"26","3469",1,"DEU"
"142","3469",1,"DEU"
"1886","3469",1,"DEU"
"51","3470",1,"DEU"
"82","3470",1,"DEU"
"138","3470",1,"DEU"
"240","3470",1,"DEU"
"12","3471",1,"DEU"
"192","3471",1,"DEU"
"516","3471",1,"DEU"
"1865","3471",1,"DEU"
"64","3472",1,"DEU"
"1696","3472",2,"DEU"
"51","3473",1,"DEU"
"82","3473",1,"DEU"
"682","3473",1,"DEU"
"944","3473",1,"DEU"
"3","3474",1,"DEU"
"6","3474",1,"DEU"
"14","3474",1,"DEU"
"422","3474",1,"DEU"
"6","3475",1,"DEU"
"12","3475",1,"DEU"
"131","3475",1,"DEU"
"566","3475",1,"DEU"
"82","3476",1,"DEU"
"112","3476",1,"DEU"
"401","3476",1,"DEU"
"881","3476",1,"DEU"
"10","3477",1,"DEU"
"187","3477",1,"DEU"
"253","3477",1,"DEU"
"6","3478",1,"DEU"
"18","3478",1,"DEU"
"144","3478",1,"DEU"
"193","3478",1,"DEU"
"6","3479",1,"DEU"
"11","3479",1,"DEU"
"76","3479",1,"DEU"
"94","3479",1,"DEU"
"3","3480",1,"DEU"
"6","3480",1,"DEU"
"34","3480",1,"DEU"
"3204","3480",1,"DEU"
"14","3481",1,"DEU"
"36","3481",1,"DEU"
"37","3481",1,"DEU"
"685","3481",1,"DEU"
"3","3482",1,"DEU"
"82","3482",1,"DEU"
"198","3482",1,"DEU"
"351","3482",1,"DEU"
"3","3483",1,"DEU"
"156","3483",1,"DEU"
"176","3483",1,"DEU"
"2","3484",1,"DEU"
"3","3484",1,"DEU"
"480","3484",1,"DEU"
"817","3484",1,"DEU"
"33","3485",1,"DEU"
"805","3485",1,"DEU"
"44","3486",1,"DEU"
"64","3486",1,"DEU"
"2","3487",1,"DEU"
"26","3487",1,"DEU"
"40","3487",1,"DEU"
"1","3488",1,"DEU"
"2","3488",1,"DEU"
"18","3488",1,"DEU"
"53","3488",1,"DEU"
"10","3489",1,"DEU"
"12","3489",1,"DEU"
"30","3489",1,"DEU"
"1595","3489",1,"DEU"
"53","3490",1,"DEU"
"841","3490",1,"DEU"
"3","3491",1,"DEU"
"298","3491",1,"DEU"
"462","3491",1,"DEU"
"3187","3491",1,"DEU"
"3","3492",1,"DEU"
"197","3492",1,"DEU"
"2314","3492",1,"DEU"
"13","3493",1,"DEU"
"46","3493",1,"DEU"
"115","3493",1,"DEU"
"3","3494",1,"DEU"
"69","3494",1,"DEU"
"86","3494",1,"DEU"
"12","3495",1,"DEU"
"969","3495",1,"DEU"
"51","3496",1,"DEU"
"295","3496",1,"DEU"
"3254","3496",1,"DEU"
"3","3497",1,"DEU"
"12","3497",1,"DEU"
"47","3497",1,"DEU"
"80","3497",1,"DEU"
"7","3498",1,"DEU"
"12","3498",1,"DEU"
"534","3498",1,"DEU"
"22","3499",1,"DEU"
"658","3499",1,"DEU"
"2151","3499",1,"DEU"
"2","3500",1,"DEU"
"33","3500",1,"DEU"
"44","3500",2,"DEU"
"2","3501",1,"DEU"
"4","3501",1,"DEU"
"728","3501",1,"DEU"
"2837","3501",1,"DEU"
"4","3502",1,"DEU"
"18","3502",1,"DEU"
"313","3502",1,"DEU"
"4","3503",1,"DEU"
"12","3503",1,"DEU"
"38","3503",1,"DEU"
"720","3503",1,"DEU"
"11","3504",1,"DEU"
"2040","3504",1,"DEU"
"4","3505",1,"DEU"
"10","3505",2,"DEU"
"36","3505",1,"DEU"
"530","3506",1,"DEU"
"2904","3506",1,"DEU"
"7","3507",1,"DEU"
"155","3507",1,"DEU"
"890","3507",1,"DEU"
"2","3508",1,"DEU"
"11","3508",1,"DEU"
"15","3508",1,"DEU"
"1","3509",1,"DEU"
"4","3509",1,"DEU"
"10","3509",1,"DEU"
"2960","3509",1,"DEU"
"4","3510",1,"DEU"
"10","3510",2,"DEU"
"34","3510",1,"DEU"
"12","3511",1,"DEU"
"195","3511",1,"DEU"
"35","3512",1,"DEU"
"106","3512",2,"DEU"
"3","3513",1,"DEU"
"101","3513",1,"DEU"
"145","3513",1,"DEU"
"14","3514",1,"DEU"
"69","3514",1,"DEU"
"93","3514",1,"DEU"
"204","3514",1,"DEU"
"2","3515",1,"DEU"
"15","3515",1,"DEU"
"1655","3515",1,"DEU"
"1","3516",1,"DEU"
"10","3516",1,"DEU"
"1207","3516",1,"DEU"
"1371","3516",1,"DEU"
"295","3517",1,"DEU"
"447","3517",1,"DEU"
"857","3517",1,"DEU"
"4","3518",1,"DEU"
"57","3518",1,"DEU"
"289","3518",1,"DEU"
"782","3518",1,"DEU"
"2","3519",1,"DEU"
"21","3519",1,"DEU"
"6","3520",2,"DEU"
"10","3520",1,"DEU"
"361","3520",1,"DEU"
"10","3521",1,"DEU"
"33","3521",1,"DEU"
"717","3521",1,"DEU"
"1","3522",1,"DEU"
"3","3522",1,"DEU"
"553","3522",1,"DEU"
"13","3523",1,"DEU"
"69","3523",1,"DEU"
"2010","3523",1,"DEU"
"41","3524",1,"DEU"
"495","3524",1,"DEU"
"2","3525",2,"DEU"
"452","3525",1,"DEU"
"560","3525",1,"DEU"
"3","3526",1,"DEU"
"116","3526",1,"DEU"
"1861","3526",1,"DEU"
"1","3527",1,"DEU"
"58","3527",1,"DEU"
"997","3527",1,"DEU"
"10","3528",1,"DEU"
"577","3528",1,"DEU"
"1798","3528",1,"DEU"
"1","3529",1,"DEU"
"31","3529",1,"DEU"
"2422","3529",1,"DEU"
"2567","3529",1,"DEU"
"12","3530",1,"DEU"
"15","3530",1,"DEU"
"36","3530",1,"DEU"
"928","3530",1,"DEU"
"780","3531",1,"DEU"
"3143","3531",1,"DEU"
"33","3532",1,"DEU"
"140","3532",1,"DEU"
"179","3532",1,"DEU"
"2784","3533",1,"DEU"
"4","3534",1,"DEU"
"73","3534",1,"DEU"
"1849","3534",1,"DEU"
"18","3535",1,"DEU"
"723","3535",1,"DEU"
"3221","3535",1,"DEU"
"7","3536",1,"DEU"
"1367","3536",1,"DEU"
"1369","3536",1,"DEU"
"46","3537",1,"DEU"
"482","3537",1,"DEU"
"819","3537",1,"DEU"
"1984","3537",1,"DEU"
"2696","3538",1,"DEU"
"3184","3538",1,"DEU"
"2","3539",1,"DEU"
"635","3539",1,"DEU"
"1684","3539",1,"DEU"
"26","3540",1,"DEU"
"1205","3540",1,"DEU"
"43","3541",1,"DEU"
"909","3541",1,"DEU"
"3","3542",1,"DEU"
"12","3542",1,"DEU"
"1863","3542",1,"DEU"
"4","3543",1,"DEU"
"1124","3543",1,"DEU"
"2","3544",2,"DEU"
"6","3544",1,"DEU"
"3016","3544",1,"DEU"
"11","3545",1,"DEU"
"34","3545",1,"DEU"
"64","3545",1,"DEU"
"1","3546",2,"DEU"
"483","3546",1,"DEU"
"8","3547",1,"DEU"
"9","3547",1,"DEU"
"12","3547",1,"DEU"
"132","3547",1,"DEU"
"19","3548",1,"DEU"
"60","3548",1,"DEU"
"166","3548",1,"DEU"
"2","3549",1,"DEU"
"7","3549",1,"DEU"
"59","3549",1,"DEU"
"15","3550",1,"DEU"
"128","3550",1,"DEU"
"1404","3550",1,"DEU"
"3","3551",1,"DEU"
"9","3551",1,"DEU"
"2","3552",1,"DEU"
"4","3552",1,"DEU"
"264","3552",2,"DEU"
"19","3553",1,"DEU"
"796","3553",1,"DEU"
"799","3553",1,"DEU"
"41","3554",1,"DEU"
"167","3554",1,"DEU"
"192","3554",1,"DEU"
"192","3555",2,"DEU"
"2508","3555",1,"DEU"
"3385","3555",1,"DEU"
"72","3556",1,"DEU"
"162","3556",1,"DEU"
"21","3557",1,"DEU"
"80","3557",1,"DEU"
"630","3557",1,"DEU"
"1427","3557",1,"DEU"
"26","3558",2,"DEU"
"1821","3558",1,"DEU"
"2478","3558",1,"DEU"
"2","3559",1,"DEU"
"34","3559",1,"DEU"
"2814","3559",1,"DEU"
"3108","3559",1,"DEU"
"362","3560",1,"DEU"
"1368","3560",1,"DEU"
"1570","3560",1,"DEU"
"3404","3560",1,"DEU"
"3","3561",1,"DEU"
"21","3561",1,"DEU"
"78","3561",1,"DEU"
"1964","3561",1,"DEU"
"572","3562",1,"DEU"
"3534","3562",1,"DEU"
"46","3563",1,"DEU"
"184","3563",1,"DEU"
"1119","3563",1,"DEU"
"5","3564",1,"DEU"
"12","3564",1,"DEU"
"16","3564",1,"DEU"
"1219","3564",1,"DEU"
"14","3565",1,"DEU"
"97","3565",1,"DEU"
"4","3566",1,"DEU"
"240","3566",1,"DEU"
"1722","3566",1,"DEU"
"11","3567",1,"DEU"
"19","3567",1,"DEU"
"75","3567",1,"DEU"
"174","3567",1,"DEU"
"7","3568",1,"DEU"
"134","3568",1,"DEU"
"592","3568",1,"DEU"
"1677","3568",1,"DEU"
"13","3569",1,"DEU"
"167","3569",1,"DEU"
"387","3569",1,"DEU"
"2438","3569",1,"DEU"
"1","3570",1,"DEU"
"3","3570",1,"DEU"
"3148","3570",1,"DEU"
"3438","3570",1,"DEU"
"22","3571",1,"DEU"
"56","3571",1,"DEU"
"479","3571",1,"DEU"
"12","3572",1,"DEU"
"35","3572",1,"DEU"
"48","3573",1,"DEU"
"293","3573",1,"DEU"
"913","3573",1,"DEU"
"969","3573",1,"DEU"
"119","3574",1,"DEU"
"569","3574",1,"DEU"
"731","3574",1,"DEU"
"57","3575",1,"DEU"
"219","3575",1,"DEU"
"903","3575",1,"DEU"
"8","3576",1,"DEU"
"2216","3576",1,"DEU"
"2245","3576",1,"DEU"
"231","3577",1,"DEU"
"1461","3577",1,"DEU"
"32","3578",1,"DEU"
"803","3578",1,"DEU"
"1","3579",1,"DEU"
"3","3579",1,"DEU"
"39","3579",1,"DEU"
"1300","3579",1,"DEU"
"3","3580",1,"DEU"
"13","3580",1,"DEU"
"9","3581",1,"DEU"
"14","3581",1,"DEU"
"57","3581",1,"DEU"
"87","3581",1,"DEU"
"11","3582",1,"DEU"
"51","3582",1,"DEU"
"306","3582",1,"DEU"
"21","3583",1,"DEU"
"30","3583",1,"DEU"
"47","3583",1,"DEU"
"524","3583",1,"DEU"
"48","3584",1,"DEU"
"71","3584",1,"DEU"
"144","3584",1,"DEU"
"1614","3584",1,"DEU"
"53","3585",1,"DEU"
"430","3585",1,"DEU"
"33","3586",1,"DEU"
"48","3586",1,"DEU"
"129","3586",2,"DEU"
"2","3587",1,"DEU"
"11","3587",1,"DEU"
"30","3587",1,"DEU"
"1480","3587",1,"DEU"
"22","3588",1,"DEU"
"73","3588",1,"DEU"
"1","3589",1,"DEU"
"10","3589",1,"DEU"
"192","3589",1,"DEU"
"875","3589",1,"DEU"
"6","3590",2,"DEU"
"11","3590",1,"DEU"
"1205","3590",1,"DEU"
"2","3591",1,"DEU"
"3","3591",1,"DEU"
"2737","3591",1,"DEU"
"1","3592",1,"DEU"
"3","3592",1,"DEU"
"10","3592",1,"DEU"
"229","3592",1,"DEU"
"162","3593",2,"DEU"
"1","3594",1,"DEU"
"3","3594",1,"DEU"
"62","3594",1,"DEU"
"10","3595",1,"DEU"
"13","3595",1,"DEU"
"374","3595",1,"DEU"
"1285","3595",1,"DEU"
"12","3596",1,"DEU"
"471","3596",1,"DEU"
"2","3597",1,"DEU"
"3","3597",1,"DEU"
"3318","3597",1,"DEU"
"2","3598",1,"DEU"
"3","3598",1,"DEU"
"75","3598",1,"DEU"
"65","3599",1,"DEU"
"360","3599",1,"DEU"
"1747","3599",1,"DEU"
"1","3600",1,"DEU"
"343","3600",1,"DEU"
"1051","3600",1,"DEU"
"15","3601",1,"DEU"
"34","3601",1,"DEU"
"41","3601",1,"DEU"
"63","3602",1,"DEU"
"66","3602",1,"DEU"
"2301","3602",1,"DEU"
"50","3603",1,"DEU"
"258","3603",1,"DEU"
"1382","3603",1,"DEU"
"3224","3603",1,"DEU"
"7","3604",1,"DEU"
"12","3604",1,"DEU"
"59","3604",1,"DEU"
"97","3604",1,"DEU"
"2447","3605",1,"DEU"
"2806","3605",1,"DEU"
"2","3606",2,"DEU"
"3","3606",1,"DEU"
"6","3606",1,"DEU"
"4","3607",1,"DEU"
"6","3607",2,"DEU"
"22","3607",1,"DEU"
"8","3608",1,"DEU"
"70","3608",1,"DEU"
"1248","3608",1,"DEU"
"1377","3608",1,"DEU"
"126","3609",1,"DEU"
"150","3609",1,"DEU"
"1572","3609",1,"DEU"
"3","3610",1,"DEU"
"12","3610",1,"DEU"
"15","3610",2,"DEU"
"8","3611",1,"DEU"
"11","3611",1,"DEU"
"202","3611",1,"DEU"
"30","3612",1,"DEU"
"347","3612",1,"DEU"
"2229","3612",1,"DEU"
"12","3613",1,"DEU"
"116","3613",1,"DEU"
"3","3614",2,"DEU"
"501","3614",1,"DEU"
"2165","3614",1,"DEU"
"2","3615",1,"DEU"
"12","3615",1,"DEU"
"639","3615",1,"DEU"
"1797","3615",1,"DEU"
"69","3616",1,"DEU"
"162","3616",1,"DEU"
"1","3617",1,"DEU"
"14","3617",1,"DEU"
"650","3617",1,"DEU"
"1492","3617",1,"DEU"
"3","3618",1,"DEU"
"10","3618",1,"DEU"
"50","3618",1,"DEU"
"345","3618",1,"DEU"
"1","3619",1,"DEU"
"229","3619",1,"DEU"
"848","3619",1,"DEU"
"2","3620",1,"DEU"
"12","3620",1,"DEU"
"48","3620",1,"DEU"
"3","3621",2,"DEU"
"25","3621",1,"DEU"
"229","3621",1,"DEU"
"2","3622",1,"DEU"
"8","3622",1,"DEU"
"20","3622",1,"DEU"
"395","3622",1,"DEU"
"19","3623",1,"DEU"
"2418","3623",1,"DEU"
"1","3624",2,"DEU"
"235","3624",1,"DEU"
"660","3624",1,"DEU"
"25","3625",1,"DEU"
"254","3625",1,"DEU"
"1477","3625",1,"DEU"
"1541","3625",1,"DEU"
"63","3626",1,"DEU"
"85","3626",1,"DEU"
"15","3627",1,"DEU"
"1691","3627",1,"DEU"
"1","3628",1,"DEU"
"90","3628",1,"DEU"
"541","3628",1,"DEU"
"1024","3628",1,"DEU"
"3","3629",1,"DEU"
"411","3629",1,"DEU"
"699","3629",1,"DEU"
"331","3630",1,"DEU"
"976","3630",1,"DEU"
"1302","3630",1,"DEU"
"6","3631",1,"DEU"
"1377","3631",1,"DEU"
"2933","3631",1,"DEU"
"2","3632",1,"DEU"
"7","3632",1,"DEU"
"10","3632",1,"DEU"
"7","3633",1,"DEU"
"737","3633",1,"DEU"
"1094","3633",1,"DEU"
"369","3634",1,"DEU"
"379","3634",2,"DEU"
"1693","3634",1,"DEU"
"59","3635",1,"DEU"
"85","3635",1,"DEU"
"133","3635",1,"DEU"
"1428","3635",1,"DEU"
"4","3636",1,"DEU"
"8","3636",1,"DEU"
"294","3636",1,"DEU"
"307","3636",1,"DEU"
"13","3637",1,"DEU"
"15","3637",1,"DEU"
"18","3638",1,"DEU"
"926","3638",1,"DEU"
"46","3639",1,"DEU"
"213","3639",1,"DEU"
"1","3640",1,"DEU"
"16","3640",1,"DEU"
"34","3640",1,"DEU"
"934","3640",1,"DEU"
"2","3641",1,"DEU"
"7","3641",1,"DEU"
"9","3641",1,"DEU"
"2110","3641",1,"DEU"
"1","3642",1,"DEU"
"7","3642",1,"DEU"
"584","3642",1,"DEU"
"2108","3642",1,"DEU"
"4","3643",1,"DEU"
"18","3643",1,"DEU"
"35","3643",1,"DEU"
"73","3643",1,"DEU"
"1","3644",1,"DEU"
"90","3644",1,"DEU"
"1163","3644",1,"DEU"
"2355","3644",1,"DEU"
"48","3645",1,"DEU"
"357","3645",1,"DEU"
"3","3646",1,"DEU"
"197","3646",1,"DEU"
"2944","3646",1,"DEU"
"11","3647",1,"DEU"
"15","3647",1,"DEU"
"59","3647",1,"DEU"
"321","3647",1,"DEU"
"8","3648",1,"DEU"
"887","3648",1,"DEU"
"1","3649",1,"DEU"
"12","3649",1,"DEU"
"1172","3649",1,"DEU"
"3040","3649",1,"DEU"
"30","3650",1,"DEU"
"37","3650",1,"DEU"
"2204","3650",1,"DEU"
"2","3651",1,"DEU"
"9","3651",1,"DEU"
"6","3652",1,"DEU"
"825","3652",1,"DEU"
"1640","3652",1,"DEU"
"2268","3652",1,"DEU"
"3","3653",2,"DEU"
"15","3653",1,"DEU"
"1013","3653",1,"DEU"
"7","3654",1,"DEU"
"8","3654",1,"DEU"
"20","3654",1,"DEU"
"2878","3654",1,"DEU"
"2","3655",1,"DEU"
"998","3655",1,"DEU"
"1338","3655",1,"DEU"
"2785","3655",1,"DEU"
"19","3656",1,"DEU"
"20","3656",1,"DEU"
"138","3656",1,"DEU"
"14","3657",1,"DEU"
"17","3657",1,"DEU"
"440","3657",1,"DEU"
"1393","3657",1,"DEU"
"4","3658",1,"DEU"
"7","3658",1,"DEU"
"18","3658",1,"DEU"
"558","3658",1,"DEU"
"2","3659",1,"DEU"
"27","3659",1,"DEU"
"91","3659",1,"DEU"
"6","3660",1,"DEU"
"12","3660",1,"DEU"
"18","3660",1,"DEU"
"38","3660",1,"DEU"
"385","3661",1,"DEU"
"1182","3661",1,"DEU"
"2414","3661",1,"DEU"
"3","3662",1,"DEU"
"229","3662",1,"DEU"
"24","3663",1,"DEU"
"121","3663",1,"DEU"
"4","3664",2,"DEU"
"15","3665",1,"DEU"
"38","3665",1,"DEU"
"47","3665",1,"DEU"
"102","3665",1,"DEU"
"1","3666",3,"DEU"
"2","3666",1,"DEU"
"18","3667",1,"DEU"
"169","3667",1,"DEU"
"629","3667",1,"DEU"
"3","3668",1,"DEU"
"35","3668",1,"DEU"
"1261","3668",1,"DEU"
"3284","3668",1,"DEU"
"30","3669",1,"DEU"
"39","3669",1,"DEU"
"30","3670",2,"DEU"
"257","3670",1,"DEU"
"1358","3670",1,"DEU"
"12","3671",1,"DEU"
"13","3671",1,"DEU"
"34","3671",1,"DEU"
"670","3671",1,"DEU"
"3","3672",1,"DEU"
"90","3672",1,"DEU"
"227","3672",1,"DEU"
"1265","3672",1,"DEU"
"22","3673",1,"DEU"
"63","3673",1,"DEU"
"37","3674",1,"DEU"
"39","3674",1,"DEU"
"437","3674",1,"DEU"
"2","3675",1,"DEU"
"3","3675",1,"DEU"
"14","3675",1,"DEU"
"165","3675",1,"DEU"
"4","3676",1,"DEU"
"7","3676",1,"DEU"
"14","3676",1,"DEU"
"2714","3676",1,"DEU"
"2","3677",1,"DEU"
"3","3677",1,"DEU"
"33","3677",1,"DEU"
"10","3678",1,"DEU"
"1210","3678",1,"DEU"
"2943","3678",1,"DEU"
"17","3679",1,"DEU"
"33","3679",1,"DEU"
"368","3679",1,"DEU"
"2","3680",2,"DEU"
"26","3680",1,"DEU"
"120","3680",1,"DEU"
"72","3681",1,"DEU"
"160","3681",1,"DEU"
"1","3682",1,"DEU"
"139","3682",1,"DEU"
"211","3682",1,"DEU"
"1685","3682",1,"DEU"
"9","3683",1,"DEU"
"19","3683",1,"DEU"
"114","3683",1,"DEU"
"299","3683",1,"DEU"
"1","3684",1,"DEU"
"4","3684",1,"DEU"
"12","3684",1,"DEU"
"14","3684",1,"DEU"
"3","3685",1,"DEU"
"12","3685",1,"DEU"
"2469","3685",1,"DEU"
"15","3686",1,"DEU"
"85","3686",1,"DEU"
"537","3686",1,"DEU"
"663","3686",1,"DEU"
"1","3687",1,"DEU"
"12","3687",1,"DEU"
"19","3687",1,"DEU"
"31","3687",1,"DEU"
"8","3688",1,"DEU"
"2144","3688",1,"DEU"
"39","3689",1,"DEU"
"813","3689",1,"DEU"
"972","3689",1,"DEU"
"108","3690",1,"DEU"
"273","3690",1,"DEU"
"617","3690",1,"DEU"
"905","3690",1,"DEU"
"2","3691",1,"DEU"
"15","3691",1,"DEU"
"6","3692",1,"DEU"
"19","3692",1,"DEU"
"1165","3692",1,"DEU"
"24","3693",1,"DEU"
"30","3693",2,"DEU"
"3378","3693",1,"DEU"
"3","3694",1,"DEU"
"33","3694",1,"DEU"
"274","3694",1,"DEU"
"352","3694",1,"DEU"
"30","3695",1,"DEU"
"94","3695",1,"DEU"
"3","3696",1,"DEU"
"35","3696",1,"DEU"
"30","3697",1,"DEU"
"48","3697",1,"DEU"
"1424","3697",1,"DEU"
"30","3698",1,"DEU"
"103","3698",1,"DEU"
"108","3698",1,"DEU"
"35","3699",1,"DEU"
"39","3699",1,"DEU"
"105","3699",1,"DEU"
"23","3700",1,"DEU"
"342","3700",1,"DEU"
"1538","3700",1,"DEU"
"2711","3701",1,"DEU"
"2","3702",2,"DEU"
"8","3702",1,"DEU"
"883","3702",1,"DEU"
"4","3703",1,"DEU"
"12","3703",1,"DEU"
"36","3703",1,"DEU"
"378","3703",1,"DEU"
"77","3704",1,"DEU"
"134","3704",1,"DEU"
"24","3705",1,"DEU"
"32","3705",1,"DEU"
"1656","3705",1,"DEU"
"2","3706",1,"DEU"
"3","3706",1,"DEU"
"233","3706",1,"DEU"
"2488","3706",1,"DEU"
"2","3707",1,"DEU"
"3","3707",1,"DEU"
"10","3707",1,"DEU"
"87","3707",1,"DEU"
"39","3708",2,"DEU"
"192","3709",1,"DEU"
"216","3709",1,"DEU"
"861","3709",1,"DEU"
"2099","3709",1,"DEU"
"24","3710",1,"DEU"
"2","3711",1,"DEU"
"7","3711",1,"DEU"
"26","3711",1,"DEU"
"70","3711",1,"DEU"
"4","3712",1,"DEU"
"23","3712",1,"DEU"
"40","3712",1,"DEU"
"848","3712",1,"DEU"
"48","3713",1,"DEU"
"53","3713",1,"DEU"
"89","3713",1,"DEU"
"2186","3713",1,"DEU"
"3","3714",1,"DEU"
"46","3714",1,"DEU"
"47","3714",1,"DEU"
"475","3715",1,"DEU"
"2351","3715",1,"DEU"
"3","3716",1,"DEU"
"17","3716",1,"DEU"
"78","3716",1,"DEU"
"4","3717",1,"DEU"
"983","3717",1,"DEU"
"1029","3717",1,"DEU"
"24","3718",1,"DEU"
"2574","3718",1,"DEU"
"3163","3718",1,"DEU"
"3","3719",1,"DEU"
"748","3719",1,"DEU"
"2065","3719",1,"DEU"
"1","3720",1,"DEU"
"1731","3720",1,"DEU"
"789","3721",1,"DEU"
"1","3722",2,"DEU"
"12","3722",1,"DEU"
"576","3722",1,"DEU"
"1","3723",1,"DEU"
"26","3723",1,"DEU"
"577","3723",1,"DEU"
"52","3724",1,"DEU"
"69","3724",1,"DEU"
"4","3725",1,"DEU"
"17","3725",1,"DEU"
"38","3725",1,"DEU"
"1407","3725",1,"DEU"
"33","3726",1,"DEU"
"165","3726",1,"DEU"
"924","3726",1,"DEU"
"1","3727",1,"DEU"
"608","3727",2,"DEU"
"4","3728",1,"DEU"
"6","3728",1,"DEU"
"14","3728",1,"DEU"
"37","3728",1,"DEU"
"3","3729",2,"DEU"
"10","3729",1,"DEU"
"2695","3729",1,"DEU"
"14","3730",1,"DEU"
"152","3730",1,"DEU"
"445","3730",1,"DEU"
"694","3730",1,"DEU"
"3","3731",1,"DEU"
"15","3731",1,"DEU"
"22","3731",1,"DEU"
"76","3731",1,"DEU"
"1","3732",1,"DEU"
"3","3732",1,"DEU"
"12","3732",1,"DEU"
"57","3732",1,"DEU"
"3","3733",1,"DEU"
"25","3733",1,"DEU"
"339","3733",1,"DEU"
"4","3734",1,"DEU"
"8","3734",1,"DEU"
"46","3734",1,"DEU"
"82","3734",1,"DEU"
"2","3735",1,"DEU"
"21","3735",1,"DEU"
"23","3735",1,"DEU"
"3","3736",1,"DEU"
"12","3736",1,"DEU"
"4","3737",1,"DEU"
"44","3737",1,"DEU"
"1442","3737",1,"DEU"
"392","3738",1,"DEU"
"1141","3738",1,"DEU"
"1286","3738",1,"DEU"
"744","3739",1,"DEU"
"1032","3739",1,"DEU"
"1338","3739",1,"DEU"
"1","3740",1,"DEU"
"99","3740",1,"DEU"
"784","3740",1,"DEU"
"2","3741",1,"DEU"
"3","3741",1,"DEU"
"11","3741",1,"DEU"
"267","3741",1,"DEU"
"2","3742",1,"DEU"
"7","3742",1,"DEU"
"48","3742",1,"DEU"
"87","3742",1,"DEU"
"2","3743",2,"DEU"
"118","3743",1,"DEU"
"3","3744",1,"DEU"
"11","3744",1,"DEU"
"15","3744",1,"DEU"
"1700","3744",1,"DEU"
"10","3745",1,"DEU"
"36","3745",1,"DEU"
"172","3745",1,"DEU"
"1796","3745",1,"DEU"
"8","3746",2,"DEU"
"57","3746",1,"DEU"
"58","3746",1,"DEU"
"8","3747",1,"DEU"
"296","3747",1,"DEU"
"2104","3747",1,"DEU"
"2168","3747",1,"DEU"
"2","3748",1,"DEU"
"141","3748",1,"DEU"
"143","3748",1,"DEU"
"2199","3748",1,"DEU"
"4","3749",1,"DEU"
"14","3749",1,"DEU"
"26","3749",1,"DEU"
"90","3749",1,"DEU"
"11","3750",1,"DEU"
"28","3750",1,"DEU"
"15","3751",1,"DEU"
"108","3751",1,"DEU"
"126","3751",1,"DEU"
"204","3751",1,"DEU"
"16","3752",1,"DEU"
"43","3752",1,"DEU"
"47","3752",1,"DEU"
"118","3753",1,"DEU"
"191","3753",1,"DEU"
"943","3753",1,"DEU"
"2","3754",1,"DEU"
"7","3754",1,"DEU"
"236","3754",1,"DEU"
"851","3754",1,"DEU"
"3","3755",1,"DEU"
"8","3755",1,"DEU"
"2787","3755",1,"DEU"
"13","3756",1,"DEU"
"22","3756",1,"DEU"
"451","3756",1,"DEU"
"11","3757",1,"DEU"
"2842","3757",1,"DEU"
"268","3758",1,"DEU"
"1165","3758",1,"DEU"
"2044","3758",1,"DEU"
"3","3759",1,"DEU"
"156","3759",1,"DEU"
"17","3760",1,"DEU"
"362","3760",1,"DEU"
"885","3760",1,"DEU"
"2","3761",2,"DEU"
"357","3761",1,"DEU"
"1457","3761",1,"DEU"
"6","3762",1,"DEU"
"14","3762",1,"DEU"
"832","3762",1,"DEU"
"3","3763",1,"DEU"
"35","3763",1,"DEU"
"41","3763",1,"DEU"
"118","3763",1,"DEU"
"1","3764",1,"DEU"
"23","3764",1,"DEU"
"26","3764",1,"DEU"
"31","3764",1,"DEU"
"2","3765",2,"DEU"
"385","3765",1,"DEU"
"2032","3765",1,"DEU"
"3","3766",1,"DEU"
"10","3766",2,"DEU"
"16","3766",1,"DEU"
"22","3767",2,"DEU"
"2944","3767",1,"DEU"
"3","3768",1,"DEU"
"5","3768",1,"DEU"
"105","3768",1,"DEU"
"1","3769",1,"DEU"
"2","3769",1,"DEU"
"3375","3769",1,"DEU"
"17","3770",1,"DEU"
"19","3770",1,"DEU"
"1717","3770",1,"DEU"
"17","3771",1,"DEU"
"362","3771",1,"DEU"
"2679","3771",1,"DEU"
"3612","3771",1,"DEU"
"29","3772",1,"DEU"
"2470","3772",1,"DEU"
"16","3773",1,"DEU"
"23","3773",1,"DEU"
"132","3773",1,"DEU"
"2","3774",1,"DEU"
"12","3774",1,"DEU"
"63","3774",2,"DEU"
"5","3775",1,"DEU"
"67","3775",1,"DEU"
"415","3776",1,"DEU"
"1334","3776",1,"DEU"
"1","3777",1,"DEU"
"7","3777",1,"DEU"
"278","3777",1,"DEU"
"17","3778",1,"DEU"
"82","3778",1,"DEU"
"302","3778",1,"DEU"
"17","3779",1,"DEU"
"78","3779",1,"DEU"
"102","3779",1,"DEU"
"152","3779",1,"DEU"
"10","3780",1,"DEU"
"193","3780",1,"DEU"
"1698","3780",1,"DEU"
"3472","3780",1,"DEU"
"1","3781",1,"DEU"
"53","3781",1,"DEU"
"158","3781",1,"DEU"
"310","3781",1,"DEU"
"21","3782",1,"DEU"
"22","3782",1,"DEU"
"35","3783",1,"DEU"
"3082","3783",1,"DEU"
"3","3784",1,"DEU"
"2210","3784",1,"DEU"
"12","3785",1,"DEU"
"42","3785",1,"DEU"
"116","3785",1,"DEU"
"27","3786",1,"DEU"
"31","3786",1,"DEU"
"172","3786",1,"DEU"
"2219","3786",1,"DEU"
"8","3787",1,"DEU"
"42","3787",1,"DEU"
"541","3787",1,"DEU"
"2690","3787",1,"DEU"
"1","3788",1,"DEU"
"939","3788",1,"DEU"
"1525","3788",1,"DEU"
"1","3789",1,"DEU"
"411","3789",1,"DEU"
"675","3789",1,"DEU"
"3206","3789",1,"DEU"
"1","3790",1,"DEU"
"10","3790",1,"DEU"
"72","3790",1,"DEU"
"151","3790",1,"DEU"
"4","3791",1,"DEU"
"35","3791",1,"DEU"
"1956","3791",1,"DEU"
"2","3792",1,"DEU"
"38","3792",1,"DEU"
"230","3792",1,"DEU"
"16","3793",1,"DEU"
"162","3793",1,"DEU"
"62","3794",1,"DEU"
"3784","3794",1,"DEU"
"3","3795",1,"DEU"
"12","3795",1,"DEU"
"28","3795",1,"DEU"
"1","3796",1,"DEU"
"2","3796",1,"DEU"
"22","3796",1,"DEU"
"26","3796",1,"DEU"
"3","3797",1,"DEU"
"8","3797",1,"DEU"
"12","3797",1,"DEU"
"1","3798",1,"DEU"
"18","3798",1,"DEU"
"30","3798",1,"DEU"
"104","3798",1,"DEU"
"6","3799",1,"DEU"
"103","3799",1,"DEU"
"420","3799",1,"DEU"
"1336","3799",1,"DEU"
"3","3800",1,"DEU"
"11","3800",1,"DEU"
"262","3800",1,"DEU"
"713","3800",1,"DEU"
"1","3801",1,"DEU"
"36","3801",1,"DEU"
"80","3801",1,"DEU"
"16","3802",1,"DEU"
"42","3802",1,"DEU"
"107","3802",1,"DEU"
"802","3802",1,"DEU"
"1","3803",1,"DEU"
"21","3803",2,"DEU"
"2776","3803",1,"DEU"
"2","3804",1,"DEU"
"12","3804",1,"DEU"
"17","3804",1,"DEU"
"3","3805",1,"DEU"
"27","3805",1,"DEU"
"40","3805",1,"DEU"
"22","3806",1,"DEU"
"2695","3806",1,"DEU"
"3246","3806",1,"DEU"
"2","3807",1,"DEU"
"26","3807",1,"DEU"
"116","3807",1,"DEU"
"310","3807",1,"DEU"
"498","3808",1,"DEU"
"1290","3808",1,"DEU"
"1400","3808",1,"DEU"
"3","3809",1,"DEU"
"30","3809",1,"DEU"
"157","3809",1,"DEU"
"2372","3809",1,"DEU"
"28","3810",1,"DEU"
"42","3810",1,"DEU"
"162","3810",1,"DEU"
"1020","3810",1,"DEU"
"2","3811",1,"DEU"
"4","3811",1,"DEU"
"1137","3811",1,"DEU"
"1","3812",1,"DEU"
"22","3812",1,"DEU"
"37","3812",1,"DEU"
"985","3812",1,"DEU"
"1","3813",1,"DEU"
"4","3813",1,"DEU"
"21","3813",1,"DEU"
"142","3813",1,"DEU"
"3","3814",2,"DEU"
"130","3814",1,"DEU"
"4","3815",1,"DEU"
"17","3815",1,"DEU"
"29","3815",1,"DEU"
"1","3816",2,"DEU"
"390","3816",2,"DEU"
"30","3817",2,"DEU"
"635","3817",1,"DEU"
"1022","3817",1,"DEU"
"11","3818",1,"DEU"
"145","3818",1,"DEU"
"2","3819",1,"DEU"
"21","3819",1,"DEU"
"99","3819",1,"DEU"
"3137","3819",1,"DEU"
"3","3820",1,"DEU"
"21","3820",1,"DEU"
"1277","3820",1,"DEU"
"2","3821",1,"DEU"
"3","3821",1,"DEU"
"18","3821",1,"DEU"
"150","3821",1,"DEU"
"1","3822",1,"DEU"
"39","3822",1,"DEU"
"62","3822",1,"DEU"
"2992","3822",1,"DEU"
"2","3823",1,"DEU"
"12","3823",1,"DEU"
"235","3823",1,"DEU"
"397","3823",1,"DEU"
"38","3824",1,"DEU"
"2200","3824",1,"DEU"
"11","3825",1,"DEU"
"55","3825",1,"DEU"
"101","3825",1,"DEU"
"24","3826",1,"DEU"
"233","3826",1,"DEU"
"18","3827",2,"DEU"
"981","3827",1,"DEU"
"987","3827",1,"DEU"
"186","3828",1,"DEU"
"3","3829",1,"DEU"
"891","3829",1,"DEU"
"1447","3829",1,"DEU"
"1814","3829",1,"DEU"
"28","3830",1,"DEU"
"106","3830",1,"DEU"
"2","3831",1,"DEU"
"18","3831",1,"DEU"
"228","3831",1,"DEU"
"751","3831",1,"DEU"
"1","3832",1,"DEU"
"7","3832",1,"DEU"
"25","3832",1,"DEU"
"146","3832",1,"DEU"
"278","3833",1,"DEU"
"2674","3833",1,"DEU"
"8","3834",1,"DEU"
"47","3834",1,"DEU"
"199","3834",1,"DEU"
"1507","3834",1,"DEU"
"35","3835",1,"DEU"
"90","3835",1,"DEU"
"3739","3835",1,"DEU"
"23","3836",1,"DEU"
"65","3836",1,"DEU"
"1541","3836",1,"DEU"
"28","3837",1,"DEU"
"8","3838",1,"DEU"
"1805","3838",1,"DEU"
"28","3839",1,"DEU"
"30","3839",1,"DEU"
"156","3839",1,"DEU"
"488","3839",1,"DEU"
"6","3840",1,"DEU"
"89","3840",1,"DEU"
"290","3840",1,"DEU"
"25","3841",1,"DEU"
"67","3841",1,"DEU"
"1116","3841",1,"DEU"
"11","3842",1,"DEU"
"28","3842",1,"DEU"
"2365","3842",1,"DEU"
"49","3843",1,"DEU"
"50","3843",1,"DEU"
"314","3843",1,"DEU"
"3","3844",1,"DEU"
"21","3844",1,"DEU"
"1281","3844",1,"DEU"
"6","3845",1,"DEU"
"12","3845",1,"DEU"
"39","3845",1,"DEU"
"81","3845",1,"DEU"
"45","3846",1,"DEU"
"548","3846",1,"DEU"
"22","3847",2,"DEU"
"340","3847",1,"DEU"
"1025","3847",1,"DEU"
"1","3848",1,"DEU"
"588","3848",1,"DEU"
"12","3849",1,"DEU"
"2143","3849",1,"DEU"
"2758","3849",1,"DEU"
"2","3850",1,"DEU"
"26","3850",1,"DEU"
"29","3850",1,"DEU"
"20","3851",1,"DEU"
"39","3851",1,"DEU"
"361","3851",1,"DEU"
"1332","3851",1,"DEU"
"101","3852",1,"DEU"
"336","3852",1,"DEU"
"1992","3852",1,"DEU"
"1","3853",1,"DEU"
"59","3853",1,"DEU"
"201","3853",1,"DEU"
"2213","3853",1,"DEU"
"134","3854",1,"DEU"
"434","3854",2,"DEU"
"1296","3854",1,"DEU"
"2","3855",1,"DEU"
"14","3855",1,"DEU"
"33","3855",1,"DEU"
"2697","3855",1,"DEU"
"1","3856",1,"DEU"
"4","3856",1,"DEU"
"26","3856",1,"DEU"
"124","3856",1,"DEU"
"13","3857",1,"DEU"
"2","3858",1,"DEU"
"18","3858",1,"DEU"
"44","3858",1,"DEU"
"2","3859",1,"DEU"
"7","3859",1,"DEU"
"64","3859",1,"DEU"
"8","3860",1,"DEU"
"25","3860",1,"DEU"
"2436","3860",1,"DEU"
"35","3861",1,"DEU"
"44","3861",1,"DEU"
"2141","3861",1,"DEU"
"2","3862",1,"DEU"
"926","3862",1,"DEU"
"99","3863",1,"DEU"
"1418","3863",1,"DEU"
"1","3864",1,"DEU"
"73","3864",1,"DEU"
"819","3864",1,"DEU"
"2280","3864",1,"DEU"
"6","3865",1,"DEU"
"8","3865",2,"DEU"
"108","3865",1,"DEU"
"139","3866",1,"DEU"
"331","3866",1,"DEU"
"2","3867",2,"DEU"
"17","3867",1,"DEU"
"1","3868",1,"DEU"
"2","3868",1,"DEU"
"4","3868",1,"DEU"
"817","3868",1,"DEU"
"63","3869",1,"DEU"
"670","3869",1,"DEU"
"2270","3869",1,"DEU"
"472","3870",1,"DEU"
"1461","3870",1,"DEU"
"1","3871",1,"DEU"
"2","3871",1,"DEU"
"12","3871",1,"DEU"
"22","3871",1,"DEU"
"1","3872",1,"DEU"
"9","3872",1,"DEU"
"1986","3872",1,"DEU"
"3","3873",1,"DEU"
"25","3873",1,"DEU"
"33","3873",1,"DEU"
"449","3873",1,"DEU"
"8","3874",1,"DEU"
"584","3874",1,"DEU"
"1951","3874",1,"DEU"
"3318","3874",1,"DEU"
"3","3875",1,"DEU"
"65","3875",1,"DEU"
"329","3875",1,"DEU"
"2232","3875",1,"DEU"
"75","3876",1,"DEU"
"252","3876",1,"DEU"
"556","3876",1,"DEU"
"3","3877",1,"DEU"
"27","3877",2,"DEU"
"780","3877",1,"DEU"
"31","3878",1,"DEU"
"55","3878",1,"DEU"
"184","3878",1,"DEU"
"1","3879",1,"DEU"
"15","3879",1,"DEU"
"54","3879",1,"DEU"
"853","3879",1,"DEU"
"46","3880",1,"DEU"
"67","3880",1,"DEU"
"241","3880",1,"DEU"
"435","3880",1,"DEU"
"3","3881",1,"DEU"
"7","3881",1,"DEU"
"18","3881",1,"DEU"
"2086","3881",1,"DEU"
"34","3882",1,"DEU"
"240","3882",1,"DEU"
"1706","3882",1,"DEU"
"1807","3882",1,"DEU"
"1","3883",1,"DEU"
"22","3883",1,"DEU"
"1797","3883",1,"DEU"
"343","3884",1,"DEU"
"382","3884",1,"DEU"
"30","3885",1,"DEU"
"59","3885",1,"DEU"
"240","3885",1,"DEU"
"470","3885",1,"DEU"
"9","3886",1,"DEU"
"22","3886",1,"DEU"
"191","3886",1,"DEU"
"590","3886",1,"DEU"
"8","3887",1,"DEU"
"25","3887",1,"DEU"
"92","3887",1,"DEU"
"3414","3887",1,"DEU"
"12","3888",1,"DEU"
"21","3888",1,"DEU"
"2307","3888",2,"DEU"
"392","3889",1,"DEU"
"2433","3889",1,"DEU"
"2","3890",1,"DEU"
"14","3890",1,"DEU"
"37","3890",1,"DEU"
"3315","3890",1,"DEU"
"2159","3891",1,"DEU"
"2249","3891",1,"DEU"
"3434","3891",1,"DEU"
"122","3892",1,"DEU"
"331","3892",1,"DEU"
"1384","3892",1,"DEU"
"122","3893",1,"DEU"
"20","3894",1,"DEU"
"33","3894",1,"DEU"
"924","3894",1,"DEU"
"1","3895",1,"DEU"
"3","3895",1,"DEU"
"812","3895",1,"DEU"
"13","3896",1,"DEU"
"17","3896",1,"DEU"
"92","3896",1,"DEU"
"214","3896",1,"DEU"
"22","3897",1,"DEU"
"26","3897",1,"DEU"
"463","3897",1,"DEU"
"2921","3897",1,"DEU"
"4","3898",1,"DEU"
"7","3898",1,"DEU"
"220","3898",1,"DEU"
"2952","3898",1,"DEU"
"29","3899",1,"DEU"
"761","3899",1,"DEU"
"2881","3899",1,"DEU"
"2914","3899",1,"DEU"
"17","3900",1,"DEU"
"42","3900",1,"DEU"
"179","3900",1,"DEU"
"1","3901",1,"DEU"
"15","3901",1,"DEU"
"199","3901",1,"DEU"
"706","3901",1,"DEU"
"15","3902",1,"DEU"
"26","3902",1,"DEU"
"298","3902",1,"DEU"
"7","3903",2,"DEU"
"26","3903",1,"DEU"
"31","3903",1,"DEU"
"7","3904",1,"DEU"
"13","3904",1,"DEU"
"3141","3904",1,"DEU"
"1","3905",1,"DEU"
"2","3905",1,"DEU"
"177","3905",1,"DEU"
"2358","3905",1,"DEU"
"3","3906",1,"DEU"
"4","3906",2,"DEU"
"40","3906",1,"DEU"
"3","3907",1,"DEU"
"22","3907",1,"DEU"
"914","3907",1,"DEU"
"1257","3907",1,"DEU"
"3","3908",1,"DEU"
"6","3908",1,"DEU"
"13","3908",1,"DEU"
"3866","3908",1,"DEU"
"3","3909",1,"DEU"
"7","3909",1,"DEU"
"314","3909",1,"DEU"
"347","3909",1,"DEU"
"1","3910",1,"DEU"
"5","3910",1,"DEU"
"19","3910",1,"DEU"
"7","3911",1,"DEU"
"15","3911",1,"DEU"
"906","3911",1,"DEU"
"3","3912",2,"DEU"
"1560","3912",2,"DEU"
"10","3913",1,"DEU"
"11","3913",1,"DEU"
"46","3913",1,"DEU"
"3","3914",1,"DEU"
"133","3914",1,"DEU"
"823","3914",1,"DEU"
"103","3915",1,"DEU"
"454","3915",1,"DEU"
"820","3915",1,"DEU"
"3157","3915",1,"DEU"
"1","3916",1,"DEU"
"5","3916",1,"DEU"
"12","3916",1,"DEU"
"13","3916",1,"DEU"
"1","3917",1,"DEU"
"40","3917",1,"DEU"
"809","3917",1,"DEU"
"14","3918",1,"DEU"
"26","3918",1,"DEU"
"261","3918",1,"DEU"
"1362","3918",1,"DEU"
"11","3919",2,"DEU"
"40","3920",1,"DEU"
"53","3920",1,"DEU"
"72","3920",1,"DEU"
"2584","3920",1,"DEU"
"128","3921",1,"DEU"
"657","3921",1,"DEU"
"1","3922",1,"DEU"
"6","3922",1,"DEU"
"402","3922",1,"DEU"
"1040","3922",1,"DEU"
"8","3923",1,"DEU"
"13","3923",2,"DEU"
"64","3923",1,"DEU"
"1476","3924",1,"DEU"
"2010","3924",1,"DEU"
"2344","3924",1,"DEU"
"109","3925",1,"DEU"
"139","3925",1,"DEU"
"1142","3925",1,"DEU"
"1697","3925",1,"DEU"
"1","3926",2,"DEU"
"6","3926",1,"DEU"
"9","3926",1,"DEU"
"2","3927",1,"DEU"
"15","3927",1,"DEU"
"911","3927",1,"DEU"
"2805","3927",1,"DEU"
"2","3928",1,"DEU"
"2","3929",1,"DEU"
"445","3929",1,"DEU"
"721","3929",1,"DEU"
"2","3930",2,"DEU"
"6","3930",1,"DEU"
"3309","3930",1,"DEU"
"21","3931",1,"DEU"
"271","3931",1,"DEU"
"456","3931",1,"DEU"
"1641","3931",1,"DEU"
"9","3932",1,"DEU"
"26","3932",1,"DEU"
"318","3932",1,"DEU"
"1999","3932",1,"DEU"
"14","3933",1,"DEU"
"429","3933",1,"DEU"
"3933","3933",1,"DEU"
"39","3934",1,"DEU"
"102","3934",1,"DEU"
"3175","3934",1,"DEU"
"1","3935",1,"DEU"
"3","3935",2,"DEU"
"249","3935",1,"DEU"
"7","3936",1,"DEU"
"43","3936",1,"DEU"
"433","3936",1,"DEU"
"2227","3936",1,"DEU"
"12","3937",1,"DEU"
"162","3937",1,"DEU"
"61","3938",1,"DEU"
"1187","3938",1,"DEU"
"3843","3938",1,"DEU"
"3","3939",1,"DEU"
"4","3939",1,"DEU"
"10","3939",1,"DEU"
"633","3939",1,"DEU"
"33","3940",1,"DEU"
"1670","3940",1,"DEU"
"3384","3941",2,"DEU"
"33","3942",1,"DEU"
"126","3942",1,"DEU"
"15","3943",1,"DEU"
"56","3943",1,"DEU"
"3","3944",1,"DEU"
"489","3944",1,"DEU"
"1442","3944",1,"DEU"
"8","3945",1,"DEU"
"197","3945",1,"DEU"
"1293","3945",1,"DEU"
"2350","3946",1,"DEU"
"9","3947",1,"DEU"
"15","3947",1,"DEU"
"3157","3947",1,"DEU"
"3","3948",1,"DEU"
"10","3948",1,"DEU"
"532","3948",1,"DEU"
"33","3949",1,"DEU"
"617","3949",1,"DEU"
"1440","3949",1,"DEU"
"3","3950",1,"DEU"
"11","3950",1,"DEU"
"297","3950",1,"DEU"
"1407","3950",1,"DEU"
"40","3951",1,"DEU"
"211","3951",1,"DEU"
"886","3951",1,"DEU"
"1495","3951",1,"DEU"
"2","3952",1,"DEU"
"20","3952",1,"DEU"
"39","3952",1,"DEU"
"37","3953",1,"DEU"
"59","3953",1,"DEU"
"646","3953",1,"DEU"
"33","3954",1,"DEU"
"711","3954",1,"DEU"
"4","3955",2,"DEU"
"7","3955",1,"DEU"
"64","3955",1,"DEU"
"273","3956",1,"DEU"
"854","3956",1,"DEU"
"1151","3956",1,"DEU"
"2798","3956",1,"DEU"
"2","3957",1,"DEU"
"58","3957",1,"DEU"
"118","3957",1,"DEU"
"3","3958",1,"DEU"
"10","3958",1,"DEU"
"471","3958",1,"DEU"
"484","3958",1,"DEU"
"1","3959",1,"DEU"
"4","3959",1,"DEU"
"11","3959",1,"DEU"
"2","3960",2,"DEU"
"880","3960",1,"DEU"
"1610","3960",1,"DEU"
"20","3961",1,"DEU"
"297","3961",1,"DEU"
"622","3961",1,"DEU"
"1364","3961",1,"DEU"
"19","3962",1,"DEU"
"24","3962",1,"DEU"
"53","3962",1,"DEU"
"1","3963",1,"DEU"
"12","3963",1,"DEU"
"37","3963",1,"DEU"
"48","3964",1,"DEU"
"225","3964",1,"DEU"
"19","3965",1,"DEU"
"375","3965",1,"DEU"
"4","3966",1,"DEU"
"9","3966",1,"DEU"
"3","3967",1,"DEU"
"19","3967",1,"DEU"
"1933","3967",1,"DEU"
"2049","3967",1,"DEU"
"3","3968",1,"DEU"
"2909","3968",1,"DEU"
"3008","3968",1,"DEU"
"490","3969",1,"DEU"
"3368","3969",1,"DEU"
"12","3970",1,"DEU"
"1229","3970",1,"DEU"
"26","3971",1,"DEU"
"440","3971",1,"DEU"
"3009","3971",1,"DEU"
"3","3972",1,"DEU"
"12","3972",1,"DEU"
"759","3972",1,"DEU"
"1","3973",1,"DEU"
"51","3973",1,"DEU"
"3227","3973",1,"DEU"
"141","3974",1,"DEU"
"264","3974",1,"DEU"
"269","3974",1,"DEU"
"354","3974",1,"DEU"
"2","3975",1,"DEU"
"19","3975",1,"DEU"
"441","3975",1,"DEU"
"827","3976",1,"DEU"
"1","3977",1,"DEU"
"185","3977",1,"DEU"
"254","3977",1,"DEU"
"3669","3977",1,"DEU"
"1","3978",1,"DEU"
"9","3978",1,"DEU"
"25","3978",1,"DEU"
"69","3979",1,"DEU"
"722","3979",1,"DEU"
"1","3980",1,"DEU"
"2","3980",1,"DEU"
"75","3980",1,"DEU"
"2","3981",1,"DEU"
"63","3981",1,"DEU"
"1842","3981",1,"DEU"
"1287","3982",1,"DEU"
"3141","3982",2,"DEU"
"3805","3982",1,"DEU"
"8","3983",1,"DEU"
"20","3983",1,"DEU"
"26","3983",2,"DEU"
"13","3984",1,"DEU"
"33","3984",1,"DEU"
"656","3984",2,"DEU"
"1","3985",1,"DEU"
"26","3986",1,"DEU"
"95","3986",1,"DEU"
"1119","3986",1,"DEU"
"4","3987",1,"DEU"
"25","3987",1,"DEU"
"43","3987",1,"DEU"
"1","3988",1,"DEU"
"28","3988",1,"DEU"
"207","3988",1,"DEU"
"2","3989",1,"DEU"
"10","3989",1,"DEU"
"20","3989",1,"DEU"
"2842","3989",1,"DEU"
"12","3990",1,"DEU"
"29","3990",1,"DEU"
"2257","3990",1,"DEU"
"2","3991",1,"DEU"
"1373","3991",2,"DEU"
"1","3992",1,"DEU"
"3","3992",1,"DEU"
"80","3992",1,"DEU"
"1","3993",1,"DEU"
"26","3993",1,"DEU"
"1047","3993",1,"DEU"
"2798","3993",1,"DEU"
"1","3994",1,"DEU"
"2","3994",1,"DEU"
"36","3994",1,"DEU"
"354","3994",1,"DEU"
"16","3995",1,"DEU"
"42","3995",1,"DEU"
"47","3995",1,"DEU"
"62","3995",1,"DEU"
"3921","3996",2,"DEU"
"8","3997",1,"DEU"
"97","3997",1,"DEU"
"2978","3997",1,"DEU"
"7","3998",1,"DEU"
"2936","3998",1,"DEU"
"3402","3998",1,"DEU"
"14","3999",1,"DEU"
"109","3999",1,"DEU"
"3891","3999",1,"DEU"
"2","4000",1,"DEU"
"5","4000",1,"DEU"
"218","4000",1,"DEU"
"311","4000",1,"DEU"
"1","4001",1,"DEU"
"222","4001",1,"DEU"
"57","4002",1,"DEU"
"111","4002",1,"DEU"
"224","4002",1,"DEU"
"255","4002",1,"DEU"
"1","4003",1,"DEU"
"2","4003",1,"DEU"
"104","4003",1,"DEU"
"138","4003",1,"DEU"
"1","4004",1,"DEU"
"4","4004",1,"DEU"
"25","4004",1,"DEU"
"488","4004",1,"DEU"
"35","4005",1,"DEU"
"313","4005",1,"DEU"
"3399","4005",1,"DEU"
"15","4006",1,"DEU"
"16","4006",1,"DEU"
"36","4006",1,"DEU"
"57","4007",1,"DEU"
"311","4007",1,"DEU"
"2055","4007",1,"DEU"
"2","4008",1,"DEU"
"3","4008",1,"DEU"
"92","4008",1,"DEU"
"291","4008",1,"DEU"
"372","4009",1,"DEU"
"683","4009",1,"DEU"
"25","4010",1,"DEU"
"42","4010",1,"DEU"
"517","4010",1,"DEU"
"1258","4010",1,"DEU"
"8","4011",2,"DEU"
"55","4011",2,"DEU"
"25","4012",1,"DEU"
"908","4012",1,"DEU"
"1501","4012",1,"DEU"
"4","4013",1,"DEU"
"12","4013",1,"DEU"
"760","4013",1,"DEU"
"39","4014",1,"DEU"
"71","4014",1,"DEU"
"181","4014",1,"DEU"
"4","4015",2,"DEU"
"1299","4015",1,"DEU"
"15","4016",1,"DEU"
"37","4016",1,"DEU"
"40","4016",1,"DEU"
"129","4017",1,"DEU"
"388","4017",1,"DEU"
"4","4018",1,"DEU"
"41","4018",1,"DEU"
"83","4018",1,"DEU"
"92","4018",1,"DEU"
"1","4019",1,"DEU"
"14","4019",1,"DEU"
"81","4019",1,"DEU"
"235","4019",1,"DEU"
"22","4020",1,"DEU"
"50","4020",2,"DEU"
"311","4020",1,"DEU"
"8","4021",1,"DEU"
"13","4021",1,"DEU"
"15","4021",1,"DEU"
"18","4021",1,"DEU"
"53","4022",1,"DEU"
"851","4022",1,"DEU"
"30","4023",1,"DEU"
"66","4023",1,"DEU"
"1057","4023",1,"DEU"
"1617","4023",1,"DEU"
"1","4024",1,"DEU"
"2","4024",1,"DEU"
"6","4024",1,"DEU"
"64","4024",1,"DEU"
"2","4025",1,"DEU"
"5","4025",1,"DEU"
"18","4025",1,"DEU"
"22","4025",1,"DEU"
"1","4026",1,"DEU"
"59","4026",1,"DEU"
"119","4026",1,"DEU"
"1021","4026",1,"DEU"
"15","4027",1,"DEU"
"171","4027",1,"DEU"
"272","4027",1,"DEU"
"3710","4027",1,"DEU"
"18","4028",2,"DEU"
"755","4028",1,"DEU"
"1196","4028",1,"DEU"
"1","4029",2,"DEU"
"39","4029",1,"DEU"
"24","4030",1,"DEU"
"59","4030",1,"DEU"
"799","4030",1,"DEU"
"1101","4030",1,"DEU"
"13","4031",1,"DEU"
"21","4031",1,"DEU"
"40","4031",1,"DEU"
"58","4032",1,"DEU"
"126","4032",1,"DEU"
"782","4032",1,"DEU"
"5","4033",1,"DEU"
"46","4033",1,"DEU"
"61","4033",1,"DEU"
"20","4034",1,"DEU"
"40","4034",1,"DEU"
"290","4034",1,"DEU"
"3271","4034",1,"DEU"
"9","4035",1,"DEU"
"43","4035",1,"DEU"
"139","4035",1,"DEU"
"985","4035",1,"DEU"
"2","4036",1,"DEU"
"3","4036",1,"DEU"
"4","4036",1,"DEU"
"395","4036",1,"DEU"
"12","4037",1,"DEU"
"40","4037",1,"DEU"
"3025","4037",1,"DEU"
"14","4038",1,"DEU"
"392","4038",1,"DEU"
"53","4039",1,"DEU"
"1532","4039",1,"DEU"
"2465","4039",1,"DEU"
"142","4040",1,"DEU"
"146","4040",1,"DEU"
"179","4040",1,"DEU"
"3262","4040",1,"DEU"
"3","4041",1,"DEU"
"7","4041",1,"DEU"
"403","4041",1,"DEU"
"4","4042",1,"DEU"
"8","4042",1,"DEU"
"540","4042",1,"DEU"
"22","4043",1,"DEU"
"58","4043",1,"DEU"
"1082","4043",1,"DEU"
"1","4044",1,"DEU"
"4","4044",1,"DEU"
"764","4044",1,"DEU"
"1","4045",1,"DEU"
"32","4045",1,"DEU"
"602","4045",1,"DEU"
"1839","4045",1,"DEU"
"938","4046",1,"DEU"
"1534","4046",1,"DEU"
"4","4047",1,"DEU"
"20","4047",1,"DEU"
"1020","4047",1,"DEU"
"1420","4047",1,"DEU"
"2","4048",1,"DEU"
"6","4048",1,"DEU"
"8","4048",1,"DEU"
"28","4048",1,"DEU"
"2","4049",1,"DEU"
"36","4049",1,"DEU"
"116","4049",1,"DEU"
"4001","4049",1,"DEU"
"15","4050",1,"DEU"
"19","4050",1,"DEU"
"140","4050",1,"DEU"
"806","4050",1,"DEU"
"1","4051",1,"DEU"
"7","4051",1,"DEU"
"15","4051",1,"DEU"
"140","4051",1,"DEU"
"223","4052",1,"DEU"
"364","4052",1,"DEU"
"670","4052",1,"DEU"
"3015","4052",1,"DEU"
"2","4053",1,"DEU"
"7","4053",1,"DEU"
"824","4053",1,"DEU"
"1890","4053",1,"DEU"
"2","4054",2,"DEU"
"1282","4054",1,"DEU"
"2857","4054",1,"DEU"
"20","4055",1,"DEU"
"1238","4055",1,"DEU"
"1794","4055",1,"DEU"
"10","4056",1,"DEU"
"45","4056",1,"DEU"
"3156","4056",2,"DEU"
"35","4057",1,"DEU"
"38","4057",1,"DEU"
"57","4057",1,"DEU"
"4043","4057",1,"DEU"
"10","4058",1,"DEU"
"356","4058",1,"DEU"
"381","4058",1,"DEU"
"424","4058",1,"DEU"
"1","4059",1,"DEU"
"3","4059",1,"DEU"
"54","4059",1,"DEU"
"123","4059",1,"DEU"
"1","4060",1,"DEU"
"7","4060",1,"DEU"
"141","4060",1,"DEU"
"2749","4060",1,"DEU"
"9","4061",1,"DEU"
"128","4061",1,"DEU"
"184","4062",1,"DEU"
"890","4062",1,"DEU"
"895","4062",1,"DEU"
"2","4063",1,"DEU"
"7","4063",1,"DEU"
"10","4063",1,"DEU"
"2316","4063",1,"DEU"
"22","4064",1,"DEU"
"34","4064",1,"DEU"
"1245","4064",1,"DEU"
"1695","4064",1,"DEU"
"2","4065",1,"DEU"
"8","4065",1,"DEU"
"14","4065",1,"DEU"
"596","4065",1,"DEU"
"44","4066",1,"DEU"
"647","4066",1,"DEU"
"1556","4066",1,"DEU"
"9","4067",1,"DEU"
"58","4067",1,"DEU"
"161","4067",1,"DEU"
"2440","4067",1,"DEU"
"201","4068",1,"DEU"
"238","4068",1,"DEU"
"675","4068",1,"DEU"
"1","4069",2,"DEU"
"26","4070",1,"DEU"
"116","4070",1,"DEU"
"263","4070",1,"DEU"
"650","4070",1,"DEU"
"12","4071",2,"DEU"
"18","4071",2,"DEU"
"17","4072",1,"DEU"
"24","4072",1,"DEU"
"74","4072",1,"DEU"
"80","4072",1,"DEU"
"1","4073",2,"DEU"
"91","4073",1,"DEU"
"15","4074",1,"DEU"
"40","4074",1,"DEU"
"46","4074",1,"DEU"
"840","4074",1,"DEU"
"38","4075",1,"DEU"
"843","4075",1,"DEU"
"2691","4075",1,"DEU"
"24","4076",1,"DEU"
"53","4076",1,"DEU"
"62","4076",1,"DEU"
"320","4076",1,"DEU"
"2","4077",1,"DEU"
"608","4077",2,"DEU"
"1884","4077",1,"DEU"
"24","4078",1,"DEU"
"71","4078",1,"DEU"
"92","4078",1,"DEU"
"22","4079",1,"DEU"
"437","4079",1,"DEU"
"912","4079",1,"DEU"
"3551","4079",1,"DEU"
"1","4080",1,"DEU"
"3490","4080",1,"DEU"
"3","4081",1,"DEU"
"50","4081",1,"DEU"
"80","4081",1,"DEU"
"637","4081",1,"DEU"
"1","4082",2,"DEU"
"2","4082",1,"DEU"
"751","4082",1,"DEU"
"2","4083",2,"DEU"
"20","4083",1,"DEU"
"26","4083",1,"DEU"
"17","4084",2,"DEU"
"170","4084",1,"DEU"
"151","4085",1,"DEU"
"916","4085",2,"DEU"
"3014","4085",1,"DEU"
"40","4086",1,"DEU"
"319","4086",1,"DEU"
"1","4087",1,"DEU"
"90","4087",1,"DEU"
"936","4087",1,"DEU"
"2323","4087",1,"DEU"
"1","4088",1,"DEU"
"142","4088",1,"DEU"
"753","4088",1,"DEU"
"2148","4088",1,"DEU"
"10","4089",1,"DEU"
"26","4089",1,"DEU"
"39","4089",1,"DEU"
"68","4089",1,"DEU"
"10","4090",1,"DEU"
"57","4090",1,"DEU"
"363","4090",1,"DEU"
"15","4091",1,"DEU"
"336","4091",1,"DEU"
"684","4091",1,"DEU"
"767","4091",1,"DEU"
"26","4092",1,"DEU"
"53","4092",1,"DEU"
"263","4092",1,"DEU"
"240","4093",1,"DEU"
"250","4093",1,"DEU"
"30","4094",2,"DEU"
"793","4094",1,"DEU"
"2648","4094",1,"DEU"
"23","4095",1,"DEU"
"24","4095",1,"DEU"
"2117","4095",1,"DEU"
"12","4096",1,"DEU"
"3181","4096",1,"DEU"
"4","4097",1,"DEU"
"412","4097",1,"DEU"
"3277","4097",1,"DEU"
"2","4098",1,"DEU"
"77","4098",1,"DEU"
"215","4098",1,"DEU"
"166","4099",1,"DEU"
"390","4099",1,"DEU"
"181","4100",1,"DEU"
"373","4100",1,"DEU"
"1168","4100",1,"DEU"
"2968","4100",1,"DEU"
"2","4101",2,"DEU"
"1608","4101",1,"DEU"
"3092","4101",1,"DEU"
"13","4102",2,"DEU"
"18","4102",2,"DEU"
"11","4103",1,"DEU"
"24","4103",1,"DEU"
"37","4103",1,"DEU"
"1","4104",1,"DEU"
"2","4104",1,"DEU"
"234","4104",1,"DEU"
"1142","4104",1,"DEU"
"1","4105",1,"DEU"
"26","4105",2,"DEU"
"36","4105",1,"DEU"
"2","4106",2,"DEU"
"12","4106",1,"DEU"
"13","4106",1,"DEU"
"14","4107",1,"DEU"
"78","4107",1,"DEU"
"1305","4107",1,"DEU"
"1337","4107",1,"DEU"
"1","4108",1,"DEU"
"29","4108",1,"DEU"
"1476","4108",1,"DEU"
"2158","4108",1,"DEU"
"135","4109",1,"DEU"
"828","4109",1,"DEU"
"2095","4109",1,"DEU"
"2","4110",2,"DEU"
"2","4111",1,"DEU"
"6","4111",2,"DEU"
"1654","4111",1,"DEU"
"22","4112",1,"DEU"
"1734","4112",1,"DEU"
"2","4113",1,"DEU"
"7","4113",1,"DEU"
"35","4113",1,"DEU"
"164","4113",1,"DEU"
"3","4114",1,"DEU"
"10","4114",1,"DEU"
"37","4114",1,"DEU"
"713","4114",1,"DEU"
"2","4115",2,"DEU"
"3","4115",1,"DEU"
"533","4115",1,"DEU"
"2","4116",1,"DEU"
"12","4116",1,"DEU"
"519","4116",1,"DEU"
"1123","4116",1,"DEU"
"13","4117",1,"DEU"
"612","4117",1,"DEU"
"392","4118",1,"DEU"
"505","4118",1,"DEU"
"2","4119",1,"DEU"
"282","4119",1,"DEU"
"3701","4119",1,"DEU"
"3","4120",1,"DEU"
"4","4120",1,"DEU"
"44","4120",1,"DEU"
"1227","4120",1,"DEU"
"3","4121",1,"DEU"
"9","4121",1,"DEU"
"11","4121",1,"DEU"
"1393","4121",1,"DEU"
"1","4122",1,"DEU"
"4","4122",1,"DEU"
"22","4122",1,"DEU"
"939","4122",1,"DEU"
"62","4123",1,"DEU"
"69","4123",1,"DEU"
"3","4124",1,"DEU"
"17","4124",1,"DEU"
"19","4124",1,"DEU"
"3575","4124",1,"DEU"
"9","4125",1,"DEU"
"97","4125",1,"DEU"
"502","4125",1,"DEU"
"3541","4125",1,"DEU"
"5","4126",1,"DEU"
"35","4126",1,"DEU"
"500","4126",1,"DEU"
"8","4127",1,"DEU"
"36","4127",1,"DEU"
"915","4127",1,"DEU"
"2891","4127",1,"DEU"
"533","4128",1,"DEU"
"2995","4128",1,"DEU"
"6","4129",1,"DEU"
"723","4129",1,"DEU"
"747","4129",1,"DEU"
"2024","4129",1,"DEU"
"3","4130",1,"DEU"
"4","4130",1,"DEU"
"723","4130",1,"DEU"
"1","4131",2,"DEU"
"51","4131",1,"DEU"
"1794","4131",1,"DEU"
"19","4132",1,"DEU"
"50","4132",1,"DEU"
"166","4132",1,"DEU"
"18","4133",1,"DEU"
"1392","4133",1,"DEU"
"2330","4133",1,"DEU"
"2","4134",2,"DEU"
"7","4134",1,"DEU"
"44","4134",1,"DEU"
"13","4135",1,"DEU"
"64","4135",1,"DEU"
"437","4135",1,"DEU"
"665","4135",1,"DEU"
"30","4136",2,"DEU"
"180","4136",1,"DEU"
"1291","4136",1,"DEU"
"17","4137",1,"DEU"
"91","4137",1,"DEU"
"154","4137",1,"DEU"
"356","4137",1,"DEU"
"1","4138",1,"DEU"
"16","4138",1,"DEU"
"31","4138",1,"DEU"
"3410","4139",1,"DEU"
"14","4140",1,"DEU"
"504","4140",1,"DEU"
"3041","4140",1,"DEU"
"18","4141",2,"DEU"
"2866","4141",1,"DEU"
"53","4142",1,"DEU"
"348","4142",1,"DEU"
"1","4143",1,"DEU"
"6","4143",1,"DEU"
"7","4143",1,"DEU"
"692","4143",1,"DEU"
"3","4144",1,"DEU"
"31","4144",1,"DEU"
"45","4144",1,"DEU"
"86","4144",1,"DEU"
"3","4145",1,"DEU"
"4","4145",1,"DEU"
"44","4145",1,"DEU"
"808","4145",1,"DEU"
"1","4146",1,"DEU"
"105","4146",1,"DEU"
"576","4146",1,"DEU"
"2174","4146",1,"DEU"
"4","4147",1,"DEU"
"1165","4147",1,"DEU"
"1763","4147",1,"DEU"
"849","4148",2,"DEU"
"17","4149",2,"DEU"
"104","4149",1,"DEU"
"2719","4149",1,"DEU"
"2","4150",1,"DEU"
"3","4150",1,"DEU"
"12","4150",1,"DEU"
"1","4151",1,"DEU"
"2","4151",1,"DEU"
"11","4151",1,"DEU"
"141","4151",1,"DEU"
"363","4152",1,"DEU"
"1711","4152",1,"DEU"
"17","4153",2,"DEU"
"576","4153",1,"DEU"
"666","4153",1,"DEU"
"1","4154",1,"DEU"
"17","4154",2,"DEU"
"1072","4154",1,"DEU"
"18","4155",1,"DEU"
"109","4155",1,"DEU"
"22","4156",1,"DEU"
"108","4156",1,"DEU"
"1137","4156",1,"DEU"
"3202","4156",1,"DEU"
"1","4157",1,"DEU"
"54","4157",1,"DEU"
"251","4157",1,"DEU"
"2146","4157",1,"DEU"
"60","4158",2,"DEU"
"1","4159",1,"DEU"
"22","4159",1,"DEU"
"142","4159",1,"DEU"
"1","4160",2,"DEU"
"2","4160",2,"DEU"
"11","4161",1,"DEU"
"17","4161",1,"DEU"
"266","4161",1,"DEU"
"3","4162",1,"DEU"
"19","4162",1,"DEU"
"524","4162",1,"DEU"
"603","4162",1,"DEU"
"12","4163",1,"DEU"
"13","4163",1,"DEU"
"774","4163",1,"DEU"
"2638","4163",1,"DEU"
"4","4164",1,"DEU"
"11","4164",1,"DEU"
"3197","4164",1,"DEU"
"3721","4164",1,"DEU"
"1","4165",1,"DEU"
"2","4165",1,"DEU"
"4","4165",1,"DEU"
"90","4165",1,"DEU"
"10","4166",1,"DEU"
"429","4166",1,"DEU"
"1521","4166",1,"DEU"
"2438","4166",1,"DEU"
"139","4167",1,"DEU"
"1213","4167",1,"DEU"
"2252","4167",1,"DEU"
"2","4168",1,"DEU"
"4","4168",1,"DEU"
"467","4168",2,"DEU"
"4","4169",1,"DEU"
"6","4169",1,"DEU"
"3215","4169",1,"DEU"
"1","4170",1,"DEU"
"103","4170",1,"DEU"
"548","4170",1,"DEU"
"3","4171",1,"DEU"
"8","4171",1,"DEU"
"8","4172",1,"DEU"
"32","4172",1,"DEU"
"944","4172",1,"DEU"
"2","4173",1,"DEU"
"73","4173",1,"DEU"
"513","4173",1,"DEU"
"849","4173",1,"DEU"
"1","4174",1,"DEU"
"8","4174",1,"DEU"
"164","4174",1,"DEU"
"2995","4174",1,"DEU"
"93","4175",1,"DEU"
"158","4175",1,"DEU"
"1619","4175",1,"DEU"
"2519","4175",1,"DEU"
"105","4176",1,"DEU"
"179","4176",1,"DEU"
"3941","4176",1,"DEU"
"28","4177",1,"DEU"
"58","4177",1,"DEU"
"2759","4177",1,"DEU"
"2760","4177",1,"DEU"
"3","4178",1,"DEU"
"8","4178",1,"DEU"
"132","4178",1,"DEU"
"8","4179",1,"DEU"
"62","4179",1,"DEU"
"3200","4179",1,"DEU"
"28","4180",1,"DEU"
"35","4180",1,"DEU"
"822","4180",1,"DEU"
"8","4181",1,"DEU"
"326","4181",1,"DEU"
"1561","4181",1,"DEU"
"5","4182",1,"DEU"
"21","4182",1,"DEU"
"1908","4182",1,"DEU"
"2591","4182",1,"DEU"
"37","4183",1,"DEU"
"104","4183",1,"DEU"
"582","4183",1,"DEU"
"6","4184",1,"DEU"
"8","4184",1,"DEU"
"203","4184",1,"DEU"
"2503","4184",1,"DEU"
"30","4185",1,"DEU"
"46","4185",1,"DEU"
"157","4185",1,"DEU"
"294","4185",1,"DEU"
"31","4186",1,"DEU"
"238","4186",1,"DEU"
"273","4186",1,"DEU"
"334","4186",1,"DEU"
"24","4187",1,"DEU"
"76","4187",1,"DEU"
"1","4188",1,"DEU"
"20","4188",1,"DEU"
"24","4188",1,"DEU"
"573","4188",1,"DEU"
"7","4189",1,"DEU"
"12","4189",1,"DEU"
"20","4189",1,"DEU"
"72","4189",1,"DEU"
"7","4190",1,"DEU"
"28","4190",1,"DEU"
"252","4190",1,"DEU"
"1685","4190",1,"DEU"
"1","4191",2,"DEU"
"17","4191",1,"DEU"
"25","4191",1,"DEU"
"1","4192",1,"DEU"
"83","4192",1,"DEU"
"542","4192",1,"DEU"
"1432","4192",1,"DEU"
"2","4193",1,"DEU"
"113","4193",1,"DEU"
"141","4193",1,"DEU"
"3412","4193",1,"DEU"
"2","4194",1,"DEU"
"142","4194",1,"DEU"
"2905","4194",1,"DEU"
"3339","4194",1,"DEU"
"82","4195",1,"DEU"
"706","4195",1,"DEU"
"2","4196",1,"DEU"
"27","4196",1,"DEU"
"72","4196",1,"DEU"
"266","4196",1,"DEU"
"11","4197",2,"DEU"
"19","4197",1,"DEU"
"300","4198",1,"DEU"
"2742","4198",1,"DEU"
"32","4199",1,"DEU"
"35","4199",1,"DEU"
"42","4199",1,"DEU"
"59","4199",1,"DEU"
"22","4200",1,"DEU"
"126","4200",1,"DEU"
"2461","4200",1,"DEU"
"62","4201",1,"DEU"
"97","4201",1,"DEU"
"1635","4201",1,"DEU"
"11","4202",1,"DEU"
"49","4202",1,"DEU"
"706","4202",1,"DEU"
"2743","4202",1,"DEU"
"249","4203",1,"DEU"
"2337","4203",1,"DEU"
"3976","4203",1,"DEU"
"2","4204",1,"DEU"
"24","4204",1,"DEU"
"454","4204",1,"DEU"
"2260","4204",1,"DEU"
"8","4205",2,"DEU"
"33","4205",2,"DEU"
"3","4206",1,"DEU"
"57","4206",1,"DEU"
"1401","4206",1,"DEU"
"2269","4206",1,"DEU"
"18","4207",1,"DEU"
"95","4207",1,"DEU"
"133","4207",1,"DEU"
"280","4207",1,"DEU"
"5","4208",1,"DEU"
"712","4208",1,"DEU"
"776","4208",1,"DEU"
"1713","4208",1,"DEU"
"13","4209",1,"DEU"
"284","4209",1,"DEU"
"293","4209",1,"DEU"
"742","4209",1,"DEU"
"7","4210",1,"DEU"
"24","4210",1,"DEU"
"50","4210",1,"DEU"
"4123","4210",1,"DEU"
"15","4211",2,"DEU"
"1157","4211",1,"DEU"
"2025","4211",1,"DEU"
"3","4212",1,"DEU"
"59","4212",1,"DEU"
"1125","4212",1,"DEU"
"1","4213",1,"DEU"
"50","4213",1,"DEU"
"1498","4213",1,"DEU"
"1982","4213",1,"DEU"
"1","4214",2,"DEU"
"26","4214",1,"DEU"
"38","4214",1,"DEU"
"3","4215",1,"DEU"
"159","4215",1,"DEU"
"168","4215",1,"DEU"
"6","4216",1,"DEU"
"26","4216",2,"DEU"
"37","4216",1,"DEU"
"233","4217",1,"DEU"
"462","4217",1,"DEU"
"608","4217",1,"DEU"
"1035","4217",1,"DEU"
"15","4218",1,"DEU"
"22","4218",1,"DEU"
"116","4218",1,"DEU"
"358","4218",1,"DEU"
"15","4219",2,"DEU"
"348","4219",1,"DEU"
"4044","4219",1,"DEU"
"3","4220",1,"DEU"
"15","4220",2,"DEU"
"470","4220",1,"DEU"
"10","4221",1,"DEU"
"2859","4221",1,"DEU"
"6","4222",1,"DEU"
"33","4222",1,"DEU"
"860","4222",1,"DEU"
"1674","4222",1,"DEU"
"42","4223",1,"DEU"
"554","4223",1,"DEU"
"671","4223",1,"DEU"
"3439","4223",1,"DEU"
"19","4224",1,"DEU"
"20","4224",1,"DEU"
"920","4224",1,"DEU"
"1576","4224",1,"DEU"
"18","4225",1,"DEU"
"35","4225",1,"DEU"
"44","4225",1,"DEU"
"242","4225",1,"DEU"
"2","4226",1,"DEU"
"25","4226",1,"DEU"
"42","4226",1,"DEU"
"1625","4226",1,"DEU"
"4","4227",2,"DEU"
"513","4227",1,"DEU"
"1","4228",2,"DEU"
"4","4228",1,"DEU"
"230","4228",1,"DEU"
"2","4229",1,"DEU"
"26","4229",1,"DEU"
"196","4229",1,"DEU"
"562","4229",1,"DEU"
"20","4230",1,"DEU"
"38","4230",1,"DEU"
"1682","4230",1,"DEU"
"9","4231",1,"DEU"
"20","4231",1,"DEU"
"38","4231",1,"DEU"
"1","4232",2,"DEU"
"6","4232",1,"DEU"
"59","4232",1,"DEU"
"2","4233",1,"DEU"
"612","4233",1,"DEU"
"635","4233",1,"DEU"
"1","4234",2,"DEU"
"77","4234",1,"DEU"
"39","4235",1,"DEU"
"124","4235",1,"DEU"
"229","4235",1,"DEU"
"6","4236",1,"DEU"
"20","4236",1,"DEU"
"1193","4236",1,"DEU"
"2356","4236",1,"DEU"
"4","4237",1,"DEU"
"7","4237",1,"DEU"
"137","4237",1,"DEU"
"35","4238",1,"DEU"
"259","4238",1,"DEU"
"311","4238",1,"DEU"
"1","4239",1,"DEU"
"6","4239",1,"DEU"
"421","4239",1,"DEU"
"3715","4239",1,"DEU"
"73","4240",1,"DEU"
"127","4240",1,"DEU"
"150","4240",1,"DEU"
"2","4241",1,"DEU"
"31","4241",1,"DEU"
"93","4241",1,"DEU"
"3","4242",1,"DEU"
"434","4242",1,"DEU"
"1148","4242",1,"DEU"
"4","4243",1,"DEU"
"99","4243",1,"DEU"
"1032","4243",1,"DEU"
"1366","4243",1,"DEU"
"3","4244",1,"DEU"
"28","4244",1,"DEU"
"127","4244",1,"DEU"
"8","4245",1,"DEU"
"11","4245",1,"DEU"
"171","4245",1,"DEU"
"309","4245",1,"DEU"
"1","4246",1,"DEU"
"3","4246",1,"DEU"
"13","4246",1,"DEU"
"34","4246",1,"DEU"
"6","4247",1,"DEU"
"13","4247",1,"DEU"
"32","4247",1,"DEU"
"452","4247",1,"DEU"
"2","4248",3,"DEU"
"12","4248",1,"DEU"
"112","4249",1,"DEU"
"141","4249",1,"DEU"
"1732","4249",1,"DEU"
"3421","4249",1,"DEU"
"2","4250",2,"DEU"
"2506","4250",1,"DEU"
"7","4251",1,"DEU"
"899","4251",1,"DEU"
"1","4252",1,"DEU"
"21","4252",1,"DEU"
"25","4252",1,"DEU"
"1408","4252",1,"DEU"
"8","4253",1,"DEU"
"26","4253",1,"DEU"
"3","4254",1,"DEU"
"7","4254",1,"DEU"
"20","4254",1,"DEU"
"97","4254",1,"DEU"
"1","4255",1,"DEU"
"3","4255",1,"DEU"
"30","4255",1,"DEU"
"138","4255",1,"DEU"
"1","4256",1,"DEU"
"36","4256",1,"DEU"
"124","4256",1,"DEU"
"312","4256",1,"DEU"
"1","4257",1,"DEU"
"9","4257",1,"DEU"
"39","4257",1,"DEU"
"9","4258",1,"DEU"
"80","4258",1,"DEU"
"94","4258",1,"DEU"
"3339","4258",1,"DEU"
"4","4259",1,"DEU"
"10","4259",1,"DEU"
"11","4259",1,"DEU"
"1046","4259",1,"DEU"
"1","4260",1,"DEU"
"4","4260",1,"DEU"
"6","4260",2,"DEU"
"2","4261",1,"DEU"
"4","4261",1,"DEU"
"171","4261",1,"DEU"
"2065","4261",1,"DEU"
"22","4262",1,"DEU"
"1157","4262",1,"DEU"
"1665","4262",1,"DEU"
"11","4263",1,"DEU"
"25","4263",1,"DEU"
"156","4263",1,"DEU"
"1943","4263",1,"DEU"
"1","4264",1,"DEU"
"12","4264",1,"DEU"
"85","4264",1,"DEU"
"231","4264",1,"DEU"
"11","4265",1,"DEU"
"234","4265",1,"DEU"
"1442","4265",1,"DEU"
"3659","4265",1,"DEU"
"32","4266",1,"DEU"
"42","4266",1,"DEU"
"1786","4266",1,"DEU"
"2852","4266",1,"DEU"
"2","4267",1,"DEU"
"41","4267",1,"DEU"
"73","4267",1,"DEU"
"124","4267",1,"DEU"
"7","4268",1,"DEU"
"14","4268",1,"DEU"
"675","4268",1,"DEU"
"2103","4268",1,"DEU"
"2","4269",1,"DEU"
"24","4269",2,"DEU"
"140","4269",1,"DEU"
"246","4270",1,"DEU"
"739","4270",1,"DEU"
"12","4271",1,"DEU"
"22","4271",1,"DEU"
"25","4271",1,"DEU"
"3389","4271",1,"DEU"
"20","4272",1,"DEU"
"254","4272",1,"DEU"
"266","4272",1,"DEU"
"4061","4272",1,"DEU"
"11","4273",1,"DEU"
"582","4273",1,"DEU"
"36","4274",1,"DEU"
"290","4274",1,"DEU"
"1930","4274",1,"DEU"
"7","4275",1,"DEU"
"202","4275",1,"DEU"
"547","4275",1,"DEU"
"645","4275",1,"DEU"
"1","4276",1,"DEU"
"14","4276",1,"DEU"
"254","4276",1,"DEU"
"425","4276",1,"DEU"
"204","4277",1,"DEU"
"435","4277",1,"DEU"
"1393","4277",1,"DEU"
"12","4278",1,"DEU"
"31","4278",1,"DEU"
"2132","4278",1,"DEU"
"28","4279",1,"DEU"
"91","4279",1,"DEU"
"452","4279",1,"DEU"
"4201","4279",1,"DEU"
"10","4280",1,"DEU"
"32","4280",1,"DEU"
"100","4280",1,"DEU"
"3066","4280",1,"DEU"
"12","4281",1,"DEU"
"392","4281",1,"DEU"
"634","4281",1,"DEU"
"3029","4281",1,"DEU"
"69","4282",1,"DEU"
"3928","4282",1,"DEU"
"1","4283",1,"DEU"
"4","4283",1,"DEU"
"13","4283",1,"DEU"
"388","4283",1,"DEU"
"1373","4284",1,"DEU"
"3279","4284",2,"DEU"
"15","4285",1,"DEU"
"338","4285",1,"DEU"
"2969","4285",1,"DEU"
"4","4286",1,"DEU"
"730","4286",1,"DEU"
"754","4286",1,"DEU"
"22","4287",1,"DEU"
"171","4287",1,"DEU"
"663","4287",1,"DEU"
"2745","4287",1,"DEU"
"3","4288",1,"DEU"
"67","4288",1,"DEU"
"193","4288",1,"DEU"
"9","4289",1,"DEU"
"68","4289",1,"DEU"
"618","4289",1,"DEU"
"2161","4289",1,"DEU"
"59","4290",1,"DEU"
"327","4290",1,"DEU"
"3","4291",1,"DEU"
"50","4291",1,"DEU"
"100","4291",1,"DEU"
"221","4291",1,"DEU"
"3","4292",1,"DEU"
"132","4292",1,"DEU"
"299","4292",1,"DEU"
"25","4293",1,"DEU"
"39","4293",1,"DEU"
"78","4293",1,"DEU"
"574","4293",1,"DEU"
"147","4294",1,"DEU"
"709","4294",1,"DEU"
"2","4295",1,"DEU"
"20","4295",1,"DEU"
"215","4295",1,"DEU"
"687","4295",1,"DEU"
"113","4296",1,"DEU"
"312","4296",1,"DEU"
"325","4296",1,"DEU"
"2894","4296",1,"DEU"
"3","4297",1,"DEU"
"4","4297",1,"DEU"
"277","4297",1,"DEU"
"44","4298",1,"DEU"
"615","4298",1,"DEU"
"2178","4298",1,"DEU"
"15","4299",1,"DEU"
"60","4299",1,"DEU"
"85","4299",1,"DEU"
"323","4299",1,"DEU"
"62","4300",1,"DEU"
"162","4300",1,"DEU"
"2708","4300",1,"DEU"
"3","4301",2,"DEU"
"402","4301",1,"DEU"
"3757","4301",1,"DEU"
"17","4302",2,"DEU"
"107","4302",1,"DEU"
"1719","4302",1,"DEU"
"28","4303",1,"DEU"
"148","4303",1,"DEU"
"305","4303",1,"DEU"
"615","4303",1,"DEU"
"14","4304",2,"DEU"
"34","4304",1,"DEU"
"851","4304",1,"DEU"
"7","4305",1,"DEU"
"85","4305",1,"DEU"
"1034","4305",1,"DEU"
"19","4306",1,"DEU"
"21","4306",1,"DEU"
"829","4306",1,"DEU"
"19","4307",1,"DEU"
"107","4307",1,"DEU"
"204","4307",1,"DEU"
"2408","4307",1,"DEU"
"3","4308",1,"DEU"
"46","4308",1,"DEU"
"59","4308",1,"DEU"
"69","4308",1,"DEU"
"18","4309",1,"DEU"
"107","4309",1,"DEU"
"519","4309",1,"DEU"
"1225","4309",1,"DEU"
"13","4310",1,"DEU"
"18","4310",1,"DEU"
"165","4310",1,"DEU"
"471","4310",1,"DEU"
"169","4311",1,"DEU"
"624","4311",1,"DEU"
"713","4311",1,"DEU"
"21","4312",1,"DEU"
"26","4312",1,"DEU"
"215","4312",1,"DEU"
"13","4313",1,"DEU"
"614","4313",1,"DEU"
"768","4313",1,"DEU"
"1500","4313",1,"DEU"
"2","4314",1,"DEU"
"16","4314",1,"DEU"
"392","4314",1,"DEU"
"591","4314",1,"DEU"
"19","4315",1,"DEU"
"20","4315",1,"DEU"
"408","4315",1,"DEU"
"557","4315",1,"DEU"
"3","4316",1,"DEU"
"26","4316",2,"DEU"
"309","4316",1,"DEU"
"1","4317",1,"DEU"
"13","4317",1,"DEU"
"81","4317",1,"DEU"
"194","4317",1,"DEU"
"2","4318",1,"DEU"
"20","4318",1,"DEU"
"265","4318",1,"DEU"
"1664","4318",1,"DEU"
"7","4319",1,"DEU"
"26","4319",1,"DEU"
"83","4319",1,"DEU"
"3588","4319",1,"DEU"
"3","4320",1,"DEU"
"7","4320",2,"DEU"
"69","4320",1,"DEU"
"2","4321",2,"DEU"
"4","4321",1,"DEU"
"46","4321",1,"DEU"
"108","4322",2,"DEU"
"2833","4322",1,"DEU"
"292","4323",1,"DEU"
"1582","4323",1,"DEU"
"136","4324",1,"DEU"
"913","4324",1,"DEU"
"2283","4324",1,"DEU"
"26","4325",1,"DEU"
"116","4325",1,"DEU"
"256","4325",1,"DEU"
"482","4325",1,"DEU"
"1","4326",1,"DEU"
"15","4326",1,"DEU"
"20","4326",1,"DEU"
"11","4327",1,"DEU"
"71","4327",1,"DEU"
"2845","4327",1,"DEU"
"1","4328",1,"DEU"
"12","4328",1,"DEU"
"20","4328",1,"DEU"
"22","4328",1,"DEU"
"4","4329",1,"DEU"
"104","4329",1,"DEU"
"4133","4329",1,"DEU"
"30","4330",1,"DEU"
"143","4330",1,"DEU"
"232","4330",1,"DEU"
"2015","4330",1,"DEU"
"11","4331",1,"DEU"
"1008","4331",1,"DEU"
"1872","4331",1,"DEU"
"20","4332",1,"DEU"
"175","4332",1,"DEU"
"30","4333",1,"DEU"
"296","4333",1,"DEU"
"3187","4333",1,"DEU"
"38","4334",1,"DEU"
"1207","4334",1,"DEU"
"1331","4334",1,"DEU"
"30","4335",1,"DEU"
"206","4335",1,"DEU"
"538","4335",1,"DEU"
"3","4336",1,"DEU"
"48","4336",2,"DEU"
"376","4336",1,"DEU"
"12","4337",1,"DEU"
"18","4337",1,"DEU"
"2481","4337",1,"DEU"
"3201","4337",1,"DEU"
"22","4338",1,"DEU"
"28","4338",1,"DEU"
"52","4338",1,"DEU"
"3","4339",1,"DEU"
"13","4339",1,"DEU"
"15","4339",1,"DEU"
"144","4339",1,"DEU"
"7","4340",2,"DEU"
"626","4340",1,"DEU"
"3331","4340",1,"DEU"
"2","4341",1,"DEU"
"71","4341",1,"DEU"
"1283","4341",1,"DEU"
"2218","4341",1,"DEU"
"13","4342",1,"DEU"
"30","4342",1,"DEU"
"22","4343",2,"DEU"
"179","4344",1,"DEU"
"584","4344",1,"DEU"
"783","4344",1,"DEU"
"1702","4344",1,"DEU"
"46","4345",1,"DEU"
"61","4345",1,"DEU"
"286","4345",1,"DEU"
"407","4345",1,"DEU"
"4","4346",1,"DEU"
"42","4346",1,"DEU"
"1587","4346",1,"DEU"
"3017","4346",1,"DEU"
"24","4347",1,"DEU"
"26","4347",1,"DEU"
"38","4347",1,"DEU"
"42","4348",1,"DEU"
"1617","4348",1,"DEU"
"2203","4348",1,"DEU"
"2331","4348",1,"DEU"
"1","4349",1,"DEU"
"3","4349",1,"DEU"
"4","4349",1,"DEU"
"222","4349",1,"DEU"
"4","4350",1,"DEU"
"13","4350",2,"DEU"
"29","4350",1,"DEU"
"15","4351",1,"DEU"
"20","4351",1,"DEU"
"1779","4351",1,"DEU"
"3","4352",1,"DEU"
"8","4352",1,"DEU"
"1710","4352",1,"DEU"
"8","4353",1,"DEU"
"1193","4353",1,"DEU"
"3433","4353",1,"DEU"
"34","4354",1,"DEU"
"370","4354",1,"DEU"
"902","4354",1,"DEU"
"2","4355",1,"DEU"
"15","4355",1,"DEU"
"903","4355",1,"DEU"
"3","4356",1,"DEU"
"40","4356",1,"DEU"
"706","4356",1,"DEU"
"65","4357",2,"DEU"
"2391","4357",1,"DEU"
"2971","4357",1,"DEU"
"5","4358",1,"DEU"
"31","4358",1,"DEU"
"42","4358",1,"DEU"
"1073","4358",1,"DEU"
"2","4359",1,"DEU"
"13","4359",1,"DEU"
"123","4359",1,"DEU"
"144","4359",1,"DEU"
"1","4360",1,"DEU"
"19","4360",1,"DEU"
"142","4360",1,"DEU"
"3414","4360",1,"DEU"
"31","4361",1,"DEU"
"53","4361",1,"DEU"
"100","4361",1,"DEU"
"20","4362",2,"DEU"
"26","4362",1,"DEU"
"77","4362",1,"DEU"
"2","4363",1,"DEU"
"75","4363",1,"DEU"
"571","4363",1,"DEU"
"64","4364",1,"DEU"
"101","4364",1,"DEU"
"223","4364",1,"DEU"
"20","4365",1,"DEU"
"62","4365",1,"DEU"
"683","4365",1,"DEU"
"2395","4365",1,"DEU"
"4","4366",1,"DEU"
"22","4366",1,"DEU"
"156","4366",1,"DEU"
"535","4366",1,"DEU"
"81","4367",1,"DEU"
"820","4367",2,"DEU"
"837","4367",1,"DEU"
"2","4368",1,"DEU"
"8","4368",1,"DEU"
"2305","4368",1,"DEU"
"3","4369",1,"DEU"
"30","4369",1,"DEU"
"690","4369",1,"DEU"
"16","4370",1,"DEU"
"54","4370",1,"DEU"
"289","4370",1,"DEU"
"1355","4370",1,"DEU"
"18","4371",1,"DEU"
"50","4371",1,"DEU"
"105","4371",1,"DEU"
"18","4372",2,"DEU"
"59","4372",1,"DEU"
"723","4372",1,"DEU"
"32","4373",1,"DEU"
"42","4373",1,"DEU"
"659","4373",1,"DEU"
"771","4373",1,"DEU"
"214","4374",1,"DEU"
"581","4374",1,"DEU"
"684","4374",1,"DEU"
"3111","4374",1,"DEU"
"25","4375",1,"DEU"
"26","4375",1,"DEU"
"30","4375",1,"DEU"
"505","4375",1,"DEU"
"1","4376",1,"DEU"
"53","4376",1,"DEU"
"2297","4376",1,"DEU"
"2908","4376",1,"DEU"
"3","4377",2,"DEU"
"10","4377",1,"DEU"
"3","4378",1,"DEU"
"10","4378",1,"DEU"
"142","4378",1,"DEU"
"931","4378",1,"DEU"
"2","4379",2,"DEU"
"20","4379",1,"DEU"
"719","4379",1,"DEU"
"26","4380",1,"DEU"
"63","4380",1,"DEU"
"133","4380",1,"DEU"
"1350","4380",1,"DEU"
"67","4381",1,"DEU"
"97","4381",1,"DEU"
"281","4381",1,"DEU"
"580","4381",1,"DEU"
"93","4382",1,"DEU"
"736","4382",1,"DEU"
"1770","4382",1,"DEU"
"8","4383",2,"DEU"
"349","4383",1,"DEU"
"1","4384",1,"DEU"
"10","4384",1,"DEU"
"11","4384",1,"DEU"
"147","4385",1,"DEU"
"709","4385",1,"DEU"
"1111","4385",1,"DEU"
"4","4386",1,"DEU"
"1119","4386",1,"DEU"
"1231","4386",1,"DEU"
"65","4387",1,"DEU"
"87","4387",1,"DEU"
"211","4387",1,"DEU"
"570","4387",1,"DEU"
"35","4388",1,"DEU"
"223","4388",1,"DEU"
"3024","4388",1,"DEU"
"21","4389",1,"DEU"
"22","4389",1,"DEU"
"81","4389",1,"DEU"
"284","4390",1,"DEU"
"1769","4390",1,"DEU"
"2536","4390",1,"DEU"
"21","4391",1,"DEU"
"100","4391",1,"DEU"
"568","4391",1,"DEU"
"3390","4391",1,"DEU"
"3","4392",1,"DEU"
"4","4392",1,"DEU"
"1686","4392",1,"DEU"
"2149","4392",1,"DEU"
"19","4393",1,"DEU"
"83","4393",1,"DEU"
"2996","4393",1,"DEU"
"3417","4393",1,"DEU"
"59","4394",1,"DEU"
"69","4394",1,"DEU"
"332","4394",1,"DEU"
"630","4394",1,"DEU"
"33","4395",1,"DEU"
"174","4395",1,"DEU"
"338","4395",1,"DEU"
"16","4396",1,"DEU"
"31","4396",1,"DEU"
"197","4396",1,"DEU"
"12","4397",1,"DEU"
"40","4397",1,"DEU"
"469","4397",1,"DEU"
"4","4398",1,"DEU"
"34","4398",1,"DEU"
"339","4398",1,"DEU"
"1101","4398",1,"DEU"
"2","4399",1,"DEU"
"124","4399",1,"DEU"
"4230","4399",1,"DEU"
"23","4400",1,"DEU"
"30","4400",1,"DEU"
"1","4401",1,"DEU"
"2","4401",1,"DEU"
"8","4402",1,"DEU"
"22","4402",1,"DEU"
"1129","4402",1,"DEU"
"2187","4402",1,"DEU"
"238","4403",1,"DEU"
"2286","4403",1,"DEU"
"1","4404",1,"DEU"
"4","4404",1,"DEU"
"2451","4404",1,"DEU"
"3","4405",1,"DEU"
"12","4405",1,"DEU"
"897","4405",1,"DEU"
"3434","4405",1,"DEU"
"24","4406",2,"DEU"
"69","4406",1,"DEU"
"1","4407",1,"DEU"
"2","4407",1,"DEU"
"56","4407",1,"DEU"
"2436","4407",1,"DEU"
"18","4408",1,"DEU"
"20","4408",1,"DEU"
"48","4408",1,"DEU"
"2","4409",1,"DEU"
"46","4409",1,"DEU"
"900","4409",1,"DEU"
"3637","4409",1,"DEU"
"2","4410",1,"DEU"
"35","4410",1,"DEU"
"706","4410",1,"DEU"
"9","4411",2,"DEU"
"203","4411",1,"DEU"
"1712","4411",1,"DEU"
"10","4412",1,"DEU"
"15","4412",1,"DEU"
"1272","4412",1,"DEU"
"4257","4412",1,"DEU"
"46","4413",1,"DEU"
"97","4413",1,"DEU"
"1059","4413",1,"DEU"
"20","4414",1,"DEU"
"97","4414",1,"DEU"
"197","4414",1,"DEU"
"664","4414",1,"DEU"
"2","4415",1,"DEU"
"1162","4415",1,"DEU"
"2490","4415",1,"DEU"
"3125","4415",1,"DEU"
"26","4416",2,"DEU"
"36","4416",1,"DEU"
"1","4417",2,"DEU"
"9","4417",1,"DEU"
"1552","4417",1,"DEU"
"20","4418",1,"DEU"
"97","4418",1,"DEU"
"429","4418",1,"DEU"
"572","4418",1,"DEU"
"3","4419",1,"DEU"
"235","4419",1,"DEU"
"514","4419",2,"DEU"
"5","4420",1,"DEU"
"2","4421",1,"DEU"
"376","4421",1,"DEU"
"459","4421",1,"DEU"
"1070","4421",1,"DEU"
"691","4422",1,"DEU"
"902","4422",1,"DEU"
"4","4423",1,"DEU"
"11","4423",1,"DEU"
"18","4423",1,"DEU"
"2","4424",1,"DEU"
"16","4424",1,"DEU"
"11","4425",1,"DEU"
"38","4425",1,"DEU"
"73","4425",1,"DEU"
"2","4426",1,"DEU"
"8","4426",1,"DEU"
"198","4426",1,"DEU"
"4326","4426",1,"DEU"
"1","4427",2,"DEU"
"3","4427",1,"DEU"
"9","4427",1,"DEU"
"18","4428",1,"DEU"
"109","4428",1,"DEU"
"216","4428",1,"DEU"
"1038","4428",1,"DEU"
"327","4429",1,"DEU"
"1198","4429",1,"DEU"
"4270","4429",1,"DEU"
"60","4430",1,"DEU"
"1","4431",1,"DEU"
"2","4431",1,"DEU"
"3","4431",1,"DEU"
"1","4432",2,"DEU"
"658","4432",1,"DEU"
"1068","4432",1,"DEU"
"3","4433",1,"DEU"
"105","4433",1,"DEU"
"2293","4433",1,"DEU"
"2556","4433",1,"DEU"
"42","4434",1,"DEU"
"63","4434",1,"DEU"
"3486","4434",1,"DEU"
"18","4435",1,"DEU"
"31","4435",1,"DEU"
"61","4435",1,"DEU"
"1879","4435",1,"DEU"
"1","4436",1,"DEU"
"3","4436",1,"DEU"
"33","4436",1,"DEU"
"4282","4436",1,"DEU"
"9","4437",1,"DEU"
"26","4437",1,"DEU"
"977","4437",1,"DEU"
"1011","4437",1,"DEU"
"3","4438",1,"DEU"
"18","4438",1,"DEU"
"1179","4438",1,"DEU"
"2","4439",1,"DEU"
"8","4439",1,"DEU"
"1353","4439",1,"DEU"
"1449","4439",1,"DEU"
"4","4440",1,"DEU"
"63","4440",1,"DEU"
"3576","4440",1,"DEU"
"3","4441",1,"DEU"
"694","4441",1,"DEU"
"1784","4441",1,"DEU"
"3","4442",1,"DEU"
"6","4442",1,"DEU"
"14","4442",1,"DEU"
"1402","4442",1,"DEU"
"8","4443",1,"DEU"
"15","4443",1,"DEU"
"2","4444",1,"DEU"
"42","4444",1,"DEU"
"116","4444",1,"DEU"
"4355","4444",1,"DEU"
"44","4445",1,"DEU"
"2958","4445",1,"DEU"
"3044","4445",2,"DEU"
"2","4446",1,"DEU"
"8","4446",2,"DEU"
"908","4446",1,"DEU"
"4","4447",1,"DEU"
"1038","4447",1,"DEU"
"1834","4447",1,"DEU"
"2839","4447",1,"DEU"
"24","4448",1,"DEU"
"35","4448",1,"DEU"
"75","4448",1,"DEU"
"496","4448",1,"DEU"
"26","4449",2,"DEU"
"88","4449",1,"DEU"
"1","4450",1,"DEU"
"3","4450",2,"DEU"
"4","4450",1,"DEU"
"36","4451",1,"DEU"
"65","4451",1,"DEU"
"73","4451",1,"DEU"
"2","4452",1,"DEU"
"7","4452",1,"DEU"
"2943","4452",1,"DEU"
"3360","4452",1,"DEU"
"18","4453",1,"DEU"
"25","4453",1,"DEU"
"30","4453",1,"DEU"
"662","4453",1,"DEU"
"1","4454",1,"DEU"
"77","4454",1,"DEU"
"90","4454",1,"DEU"
"61","4455",1,"DEU"
"80","4455",1,"DEU"
"785","4455",1,"DEU"
"1440","4455",1,"DEU"
"13","4456",1,"DEU"
"37","4456",1,"DEU"
"67","4456",1,"DEU"
"2","4457",1,"DEU"
"441","4457",1,"DEU"
"4440","4457",1,"DEU"
"2","4458",2,"DEU"
"2095","4458",1,"DEU"
"2250","4458",1,"DEU"
"5","4459",1,"DEU"
"13","4459",1,"DEU"
"15","4459",1,"DEU"
"940","4459",1,"DEU"
"2","4460",1,"DEU"
"15","4460",1,"DEU"
"22","4460",1,"DEU"
"1118","4460",1,"DEU"
"20","4461",1,"DEU"
"25","4461",1,"DEU"
"30","4461",1,"DEU"
"132","4461",1,"DEU"
"1","4462",1,"DEU"
"5","4462",1,"DEU"
"677","4462",2,"DEU"
"40","4463",1,"DEU"
"1660","4463",1,"DEU"
"2034","4463",1,"DEU"
"4384","4463",1,"DEU"
"97","4464",1,"DEU"
"165","4464",1,"DEU"
"440","4464",1,"DEU"
"1489","4464",1,"DEU"
"59","4465",1,"DEU"
"1444","4465",1,"DEU"
"4343","4465",2,"DEU"
"69","4466",1,"DEU"
"626","4466",1,"DEU"
"3214","4466",1,"DEU"
"29","4467",2,"DEU"
"358","4467",2,"DEU"
"12","4468",1,"DEU"
"14","4468",1,"DEU"
"42","4468",2,"DEU"
"48","4469",2,"DEU"
"50","4470",2,"DEU"
"54","4470",1,"DEU"
"72","4470",1,"DEU"
"109","4471",1,"DEU"
"316","4471",1,"DEU"
"598","4471",1,"DEU"
"1075","4471",1,"DEU"
"39","4472",1,"DEU"
"65","4472",1,"DEU"
"85","4472",1,"DEU"
"3361","4472",1,"DEU"
"3","4473",1,"DEU"
"4","4473",1,"DEU"
"99","4473",1,"DEU"
"3407","4473",1,"DEU"
"18","4474",2,"DEU"
"115","4474",1,"DEU"
"4075","4474",1,"DEU"
"42","4475",1,"DEU"
"45","4475",2,"DEU"
"59","4475",1,"DEU"
"4","4476",1,"DEU"
"22","4476",1,"DEU"
"225","4476",1,"DEU"
"3860","4476",1,"DEU"
"1","4477",1,"DEU"
"289","4477",1,"DEU"
"638","4477",1,"DEU"
"2366","4477",1,"DEU"
"1","4478",1,"DEU"
"5","4478",1,"DEU"
"19","4478",2,"DEU"
"2","4479",1,"DEU"
"138","4479",1,"DEU"
"2930","4479",1,"DEU"
"3018","4479",1,"DEU"
"16","4480",1,"DEU"
"25","4480",1,"DEU"
"45","4480",1,"DEU"
"50","4480",1,"DEU"
"81","4481",1,"DEU"
"124","4481",1,"DEU"
"443","4481",1,"DEU"
"1","4482",1,"DEU"
"3","4482",1,"DEU"
"31","4482",1,"DEU"
"63","4482",1,"DEU"
"6","4483",1,"DEU"
"26","4483",1,"DEU"
"3179","4483",1,"DEU"
"3","4484",1,"DEU"
"4","4484",1,"DEU"
"10","4484",1,"DEU"
"969","4484",1,"DEU"
"2","4485",1,"DEU"
"8","4485",2,"DEU"
"3060","4485",1,"DEU"
"11","4486",1,"DEU"
"14","4486",1,"DEU"
"836","4486",1,"DEU"
"2","4487",1,"DEU"
"3","4487",1,"DEU"
"15","4487",1,"DEU"
"4298","4487",1,"DEU"
"2","4488",1,"DEU"
"4","4488",1,"DEU"
"28","4488",1,"DEU"
"250","4488",1,"DEU"
"8","4489",1,"DEU"
"9","4489",1,"DEU"
"74","4489",1,"DEU"
"202","4489",1,"DEU"
"2","4490",1,"DEU"
"80","4490",1,"DEU"
"550","4490",1,"DEU"
"2","4491",2,"DEU"
"11","4491",1,"DEU"
"4016","4491",1,"DEU"
"14","4492",1,"DEU"
"612","4492",1,"DEU"
"644","4492",1,"DEU"
"195","4493",1,"DEU"
"467","4493",2,"DEU"
"1929","4493",1,"DEU"
"4","4494",1,"DEU"
"24","4494",1,"DEU"
"37","4494",1,"DEU"
"1953","4494",1,"DEU"
"2","4495",1,"DEU"
"3","4495",1,"DEU"
"456","4495",1,"DEU"
"858","4495",1,"DEU"
"2","4496",1,"DEU"
"4","4496",1,"DEU"
"15","4496",1,"DEU"
"158","4496",1,"DEU"
"12","4497",1,"DEU"
"62","4497",1,"DEU"
"668","4497",1,"DEU"
"1","4498",1,"DEU"
"11","4498",1,"DEU"
"44","4498",1,"DEU"
"2","4499",1,"DEU"
"7","4499",1,"DEU"
"53","4499",1,"DEU"
"1348","4499",1,"DEU"
"2","4500",1,"DEU"
"63","4500",1,"DEU"
"216","4500",1,"DEU"
"323","4500",1,"DEU"
"14","4501",1,"DEU"
"24","4501",1,"DEU"
"59","4501",1,"DEU"
"85","4501",1,"DEU"
"1","4502",1,"DEU"
"28","4502",1,"DEU"
"166","4502",1,"DEU"
"387","4502",1,"DEU"
"3176","4503",1,"DEU"
"4110","4503",2,"DEU"
"265","4504",2,"DEU"
"405","4504",1,"DEU"
"20","4505",1,"DEU"
"83","4505",1,"DEU"
"97","4505",1,"DEU"
"2578","4505",1,"DEU"
"3","4506",2,"DEU"
"6","4506",1,"DEU"
"13","4506",1,"DEU"
"12","4507",1,"DEU"
"20","4507",1,"DEU"
"40","4507",1,"DEU"
"674","4508",2,"DEU"
"14","4509",1,"DEU"
"2132","4509",1,"DEU"
"16","4510",2,"DEU"
"459","4510",1,"DEU"
"2","4511",1,"DEU"
"124","4511",1,"DEU"
"758","4511",1,"DEU"
"2699","4511",1,"DEU"
"4","4512",1,"DEU"
"17","4512",1,"DEU"
"62","4512",1,"DEU"
"2437","4512",1,"DEU"
"30","4513",2,"DEU"
"60","4513",1,"DEU"
"336","4513",1,"DEU"
"3","4514",1,"DEU"
"49","4514",1,"DEU"
"99","4514",1,"DEU"
"3012","4514",1,"DEU"
"3","4515",1,"DEU"
"53","4515",1,"DEU"
"61","4515",1,"DEU"
"11","4516",1,"DEU"
"32","4516",1,"DEU"
"39","4516",1,"DEU"
"807","4516",1,"DEU"
"1","4517",1,"DEU"
"2","4517",1,"DEU"
"1115","4517",1,"DEU"
"2314","4517",1,"DEU"
"11","4518",1,"DEU"
"35","4518",1,"DEU"
"1658","4518",1,"DEU"
"4342","4518",1,"DEU"
"22","4519",1,"DEU"
"64","4519",1,"DEU"
"3828","4519",1,"DEU"
"4251","4519",1,"DEU"
"1","4520",1,"DEU"
"4","4520",1,"DEU"
"569","4520",1,"DEU"
"3662","4520",1,"DEU"
"26","4521",2,"DEU"
"73","4521",1,"DEU"
"3724","4521",1,"DEU"
"28","4522",1,"DEU"
"221","4522",1,"DEU"
"31","4523",1,"DEU"
"105","4523",1,"DEU"
"1554","4523",1,"DEU"
"2060","4523",1,"DEU"
"2","4524",1,"DEU"
"3","4524",1,"DEU"
"97","4524",1,"DEU"
"2164","4524",1,"DEU"
"1","4525",1,"DEU"
"3","4525",1,"DEU"
"12","4525",1,"DEU"
"1308","4525",1,"DEU"
"1","4526",1,"DEU"
"22","4526",1,"DEU"
"1071","4526",1,"DEU"
"3098","4526",1,"DEU"
"1","4527",1,"DEU"
"2","4527",1,"DEU"
"24","4527",1,"DEU"
"3928","4527",1,"DEU"
"5","4528",1,"DEU"
"95","4528",1,"DEU"
"2605","4528",1,"DEU"
"17","4529",2,"DEU"
"74","4529",1,"DEU"
"1124","4529",1,"DEU"
"16","4530",2,"DEU"
"31","4530",1,"DEU"
"2993","4530",1,"DEU"
"18","4531",1,"DEU"
"25","4531",1,"DEU"
"40","4531",1,"DEU"
"3","4532",1,"DEU"
"19","4532",1,"DEU"
"155","4532",1,"DEU"
"2","4533",1,"DEU"
"3","4533",2,"DEU"
"66","4533",1,"DEU"
"35","4534",1,"DEU"
"36","4534",1,"DEU"
"805","4534",1,"DEU"
"1239","4534",1,"DEU"
"85","4535",1,"DEU"
"359","4535",1,"DEU"
"3344","4535",1,"DEU"
"187","4536",1,"DEU"
"189","4536",1,"DEU"
"819","4536",1,"DEU"
"1838","4536",1,"DEU"
"7","4537",1,"DEU"
"70","4537",1,"DEU"
"1441","4537",1,"DEU"
"1","4538",1,"DEU"
"11","4538",1,"DEU"
"25","4538",1,"DEU"
"4","4539",1,"DEU"
"36","4539",1,"DEU"
"281","4539",1,"DEU"
"656","4539",1,"DEU"
"4","4540",1,"DEU"
"38","4540",1,"DEU"
"187","4540",1,"DEU"
"4013","4540",1,"DEU"
"124","4541",1,"DEU"
"1096","4541",1,"DEU"
"2384","4541",1,"DEU"
"3483","4541",1,"DEU"
"3","4542",1,"DEU"
"10","4542",1,"DEU"
"15","4542",1,"DEU"
"3","4543",1,"DEU"
"12","4543",1,"DEU"
"57","4543",1,"DEU"
"1086","4543",1,"DEU"
"6","4544",1,"DEU"
"10","4544",1,"DEU"
"1717","4544",1,"DEU"
"3272","4544",1,"DEU"
"3","4545",1,"DEU"
"49","4545",1,"DEU"
"269","4545",1,"DEU"
"2","4546",1,"DEU"
"7","4546",1,"DEU"
"114","4546",1,"DEU"
"616","4546",1,"DEU"
"18","4547",1,"DEU"
"100","4547",1,"DEU"
"601","4547",1,"DEU"
"1039","4547",1,"DEU"
"1","4548",1,"DEU"
"2","4548",3,"DEU"
"3","4549",1,"DEU"
"7","4549",1,"DEU"
"22","4549",1,"DEU"
"2","4550",1,"DEU"
"26","4550",1,"DEU"
"78","4550",1,"DEU"
"759","4550",1,"DEU"
"3","4551",1,"DEU"
"13","4551",1,"DEU"
"18","4551",1,"DEU"
"36","4551",1,"DEU"
"10","4552",1,"DEU"
"24","4553",1,"DEU"
"50","4553",1,"DEU"
"1446","4553",1,"DEU"
"3","4554",1,"DEU"
"28","4554",1,"DEU"
"4128","4554",1,"DEU"
"7","4555",1,"DEU"
"15","4555",1,"DEU"
"64","4555",1,"DEU"
"4","4556",1,"DEU"
"34","4556",1,"DEU"
"1250","4556",1,"DEU"
"15","4557",1,"DEU"
"24","4557",1,"DEU"
"3407","4557",1,"DEU"
"4233","4557",1,"DEU"
"10","4558",1,"DEU"
"46","4558",1,"DEU"
"72","4558",1,"DEU"
"3895","4558",1,"DEU"
"4","4559",1,"DEU"
"10","4559",1,"DEU"
"98","4559",1,"DEU"
"476","4559",1,"DEU"
"5","4560",1,"DEU"
"10","4560",1,"DEU"
"19","4560",1,"DEU"
"2321","4560",1,"DEU"
"58","4561",1,"DEU"
"3563","4561",1,"DEU"
"22","4562",1,"DEU"
"29","4562",1,"DEU"
"1633","4562",1,"DEU"
"1","4563",1,"DEU"
"56","4563",1,"DEU"
"504","4563",1,"DEU"
"3351","4563",1,"DEU"
"5","4564",1,"DEU"
"48","4564",1,"DEU"
"287","4564",1,"DEU"
"1830","4564",1,"DEU"
"42","4565",1,"DEU"
"264","4565",1,"DEU"
"774","4565",1,"DEU"
"1784","4565",1,"DEU"
"4","4566",1,"DEU"
"1126","4566",1,"DEU"
"1315","4566",1,"DEU"
"2","4567",1,"DEU"
"4","4567",1,"DEU"
"343","4567",1,"DEU"
"124","4568",1,"DEU"
"3254","4568",1,"DEU"
"2","4569",1,"DEU"
"26","4569",1,"DEU"
"80","4569",1,"DEU"
"2425","4569",1,"DEU"
"8","4570",1,"DEU"
"22","4570",1,"DEU"
"202","4570",1,"DEU"
"2892","4570",1,"DEU"
"2","4571",1,"DEU"
"12","4571",1,"DEU"
"27","4571",1,"DEU"
"677","4571",1,"DEU"
"11","4572",1,"DEU"
"20","4572",1,"DEU"
"24","4572",1,"DEU"
"2628","4572",1,"DEU"
"4","4573",1,"DEU"
"56","4573",1,"DEU"
"867","4573",1,"DEU"
"1633","4573",1,"DEU"
"1","4574",1,"DEU"
"12","4574",1,"DEU"
"62","4574",1,"DEU"
"212","4574",1,"DEU"
"62","4575",2,"DEU"
"73","4575",1,"DEU"
"415","4575",1,"DEU"
"14","4576",1,"DEU"
"357","4576",1,"DEU"
"844","4576",1,"DEU"
"2450","4576",1,"DEU"
"1","4577",1,"DEU"
"2","4577",1,"DEU"
"15","4577",1,"DEU"
"26","4577",1,"DEU"
"2","4578",1,"DEU"
"4","4578",1,"DEU"
"39","4578",1,"DEU"
"398","4578",1,"DEU"
"8","4579",1,"DEU"
"14","4579",1,"DEU"
"92","4579",1,"DEU"
"410","4579",1,"DEU"
"4431","4580",1,"DEU"
"3","4581",1,"DEU"
"11","4581",1,"DEU"
"2","4582",1,"DEU"
"17","4582",1,"DEU"
"105","4582",1,"DEU"
"63","4583",2,"DEU"
"70","4583",2,"DEU"
"1","4584",1,"DEU"
"2","4584",2,"DEU"
"2727","4584",1,"DEU"
"2","4585",1,"DEU"
"3","4585",1,"DEU"
"1534","4585",1,"DEU"
"2163","4585",1,"DEU"
"8","4586",1,"DEU"
"13","4586",1,"DEU"
"33","4586",1,"DEU"
"572","4586",1,"DEU"
"2","4587",1,"DEU"
"13","4587",1,"DEU"
"171","4587",1,"DEU"
"388","4587",1,"DEU"
"3","4588",2,"DEU"
"13","4588",1,"DEU"
"3423","4588",1,"DEU"
"1","4589",1,"DEU"
"2","4589",1,"DEU"
"23","4589",1,"DEU"
"884","4589",1,"DEU"
"14","4590",1,"DEU"
"31","4590",1,"DEU"
"46","4590",1,"DEU"
"1232","4590",1,"DEU"
"3","4591",1,"DEU"
"13","4591",1,"DEU"
"36","4591",1,"DEU"
"2179","4591",1,"DEU"
"21","4592",1,"DEU"
"32","4592",1,"DEU"
"126","4592",1,"DEU"
"30","4593",1,"DEU"
"138","4593",1,"DEU"
"147","4593",1,"DEU"
"2180","4593",1,"DEU"
"7","4594",1,"DEU"
"86","4594",1,"DEU"
"321","4594",1,"DEU"
"433","4594",1,"DEU"
"1","4595",1,"DEU"
"17","4595",1,"DEU"
"44","4595",1,"DEU"
"1384","4595",1,"DEU"
"6","4596",1,"DEU"
"7","4596",1,"DEU"
"26","4596",1,"DEU"
"35","4596",1,"DEU"
"2","4597",1,"DEU"
"14","4597",1,"DEU"
"683","4597",1,"DEU"
"1391","4597",1,"DEU"
"4","4598",1,"DEU"
"9","4598",1,"DEU"
"46","4598",1,"DEU"
"911","4598",1,"DEU"
"3","4599",2,"DEU"
"1820","4599",1,"DEU"
"3","4600",1,"DEU"
"13","4600",1,"DEU"
"26","4600",1,"DEU"
"1255","4600",1,"DEU"
"2","4601",1,"DEU"
"36","4601",1,"DEU"
"73","4601",1,"DEU"
"858","4601",1,"DEU"
"29","4602",1,"DEU"
"4253","4602",1,"DEU"
"4","4603",2,"DEU"
"11","4603",1,"DEU"
"1","4604",2,"DEU"
"8","4604",1,"DEU"
"11","4604",1,"DEU"
"2","4605",1,"DEU"
"1178","4605",1,"DEU"
"1373","4605",1,"DEU"
"1","4606",2,"DEU"
"2","4606",1,"DEU"
"58","4606",1,"DEU"
"3","4607",1,"DEU"
"736","4607",1,"DEU"
"3157","4607",1,"DEU"
"3173","4607",1,"DEU"
"36","4608",1,"DEU"
"90","4608",1,"DEU"
"1718","4608",1,"DEU"
"2","4609",1,"DEU"
"44","4609",2,"DEU"
"93","4609",1,"DEU"
"2","4610",1,"DEU"
"68","4610",1,"DEU"
"2727","4610",1,"DEU"
"3862","4610",1,"DEU"
"4","4611",1,"DEU"
"212","4611",1,"DEU"
"309","4611",1,"DEU"
"13","4612",1,"DEU"
"52","4612",1,"DEU"
"732","4612",1,"DEU"
"2123","4612",1,"DEU"
"1","4613",1,"DEU"
"81","4613",1,"DEU"
"567","4613",1,"DEU"
"1268","4613",1,"DEU"
"3","4614",1,"DEU"
"4","4614",1,"DEU"
"290","4614",1,"DEU"
"498","4614",1,"DEU"
"4","4615",1,"DEU"
"10","4615",1,"DEU"
"3369","4615",1,"DEU"
"3928","4615",1,"DEU"
"17","4616",1,"DEU"
"31","4616",1,"DEU"
"33","4616",1,"DEU"
"3","4617",1,"DEU"
"35","4617",1,"DEU"
"2519","4617",1,"DEU"
"5","4618",1,"DEU"
"13","4618",1,"DEU"
"34","4618",1,"DEU"
"26","4619",1,"DEU"
"159","4619",1,"DEU"
"418","4619",1,"DEU"
"4180","4619",1,"DEU"
"12","4620",1,"DEU"
"14","4620",1,"DEU"
"28","4620",1,"DEU"
"34","4620",1,"DEU"
"1","4621",1,"DEU"
"61","4621",1,"DEU"
"80","4621",1,"DEU"
"473","4621",1,"DEU"
"4","4622",2,"DEU"
"27","4622",1,"DEU"
"1744","4622",1,"DEU"
"2","4623",1,"DEU"
"8","4623",1,"DEU"
"543","4623",1,"DEU"
"556","4623",1,"DEU"
"1","4624",1,"DEU"
"25","4624",1,"DEU"
"2879","4624",1,"DEU"
"4429","4624",1,"DEU"
"3","4625",1,"DEU"
"5","4625",1,"DEU"
"3350","4625",1,"DEU"
"1","4626",1,"DEU"
"7","4626",1,"DEU"
"26","4626",1,"DEU"
"2","4627",1,"DEU"
"9","4627",1,"DEU"
"921","4627",1,"DEU"
"22","4628",1,"DEU"
"284","4628",1,"DEU"
"1332","4628",1,"DEU"
"4038","4628",1,"DEU"
"3","4629",1,"DEU"
"13","4629",1,"DEU"
"26","4629",1,"DEU"
"40","4629",1,"DEU"
"2","4630",1,"DEU"
"4","4630",1,"DEU"
"6","4630",1,"DEU"
"482","4630",1,"DEU"
"4","4631",1,"DEU"
"68","4631",1,"DEU"
"187","4631",1,"DEU"
"4352","4631",1,"DEU"
"20","4632",1,"DEU"
"3055","4632",1,"DEU"
"4515","4632",1,"DEU"
"15","4633",1,"DEU"
"26","4633",1,"DEU"
"3055","4633",1,"DEU"
"80","4634",1,"DEU"
"85","4634",1,"DEU"
"284","4634",1,"DEU"
"3","4635",1,"DEU"
"7","4635",1,"DEU"
"408","4635",1,"DEU"
"27","4636",1,"DEU"
"442","4636",1,"DEU"
"451","4636",1,"DEU"
"21","4637",1,"DEU"
"375","4637",1,"DEU"
"1408","4637",1,"DEU"
"12","4638",1,"DEU"
"39","4638",1,"DEU"
"57","4638",1,"DEU"
"4159","4638",1,"DEU"
"25","4639",1,"DEU"
"138","4639",1,"DEU"
"196","4639",1,"DEU"
"10","4640",1,"DEU"
"12","4640",1,"DEU"
"39","4640",1,"DEU"
"3183","4640",1,"DEU"
"3","4641",1,"DEU"
"1702","4641",1,"DEU"
"1","4642",1,"DEU"
"9","4642",1,"DEU"
"63","4642",1,"DEU"
"4","4643",1,"DEU"
"19","4643",1,"DEU"
"22","4643",1,"DEU"
"2662","4643",1,"DEU"
"2","4644",1,"DEU"
"14","4644",1,"DEU"
"102","4644",1,"DEU"
"2640","4644",1,"DEU"
"113","4645",1,"DEU"
"279","4645",1,"DEU"
"3090","4645",1,"DEU"
"3","4646",1,"DEU"
"12","4646",1,"DEU"
"13","4646",1,"DEU"
"18","4646",1,"DEU"
"1","4647",1,"DEU"
"3","4647",2,"DEU"
"29","4647",1,"DEU"
"1","4648",1,"DEU"
"67","4648",1,"DEU"
"557","4648",1,"DEU"
"606","4648",1,"DEU"
"1","4649",1,"DEU"
"22","4649",1,"DEU"
"258","4649",1,"DEU"
"1178","4649",1,"DEU"
"22","4650",1,"DEU"
"1174","4650",2,"DEU"
"12","4651",1,"DEU"
"20","4651",1,"DEU"
"24","4651",1,"DEU"
"44","4651",1,"DEU"
"13","4652",1,"DEU"
"32","4652",1,"DEU"
"80","4652",1,"DEU"
"141","4652",1,"DEU"
"17","4653",1,"DEU"
"27","4653",1,"DEU"
"39","4653",1,"DEU"
"217","4653",1,"DEU"
"16","4654",1,"DEU"
"33","4654",1,"DEU"
"1222","4654",1,"DEU"
"18","4655",1,"DEU"
"23","4655",1,"DEU"
"228","4655",1,"DEU"
"440","4655",1,"DEU"
"2","4656",1,"DEU"
"36","4656",1,"DEU"
"88","4656",1,"DEU"
"2345","4656",1,"DEU"
"53","4657",1,"DEU"
"65","4657",1,"DEU"
"156","4657",1,"DEU"
"1","4658",2,"DEU"
"6","4658",1,"DEU"
"24","4658",1,"DEU"
"27","4659",2,"DEU"
"43","4659",1,"DEU"
"2156","4659",1,"DEU"
"351","4660",1,"DEU"
"500","4660",1,"DEU"
"1865","4660",1,"DEU"
"2","4661",1,"DEU"
"13","4661",1,"DEU"
"2074","4661",1,"DEU"
"2366","4661",1,"DEU"
"2","4662",1,"DEU"
"12","4662",1,"DEU"
"124","4662",1,"DEU"
"1","4663",1,"DEU"
"3","4663",1,"DEU"
"4","4663",1,"DEU"
"2093","4663",1,"DEU"
"3","4664",1,"DEU"
"24","4664",1,"DEU"
"37","4664",1,"DEU"
"1021","4664",1,"DEU"
"1","4665",1,"DEU"
"36","4665",1,"DEU"
"325","4665",1,"DEU"
"503","4665",1,"DEU"
"1","4666",1,"DEU"
"147","4666",1,"DEU"
"290","4666",1,"DEU"
"2972","4666",1,"DEU"
"12","4667",1,"DEU"
"62","4667",2,"DEU"
"1620","4667",1,"DEU"
"3","4668",1,"DEU"
"15","4668",1,"DEU"
"30","4668",1,"DEU"
"8","4669",1,"DEU"
"24","4669",1,"DEU"
"384","4669",1,"DEU"
"7","4670",1,"DEU"
"22","4670",1,"DEU"
"44","4670",1,"DEU"
"22","4671",1,"DEU"
"35","4671",1,"DEU"
"42","4671",1,"DEU"
"79","4671",1,"DEU"
"4","4672",1,"DEU"
"9","4672",1,"DEU"
"153","4672",1,"DEU"
"3205","4672",1,"DEU"
"3","4673",3,"DEU"
"313","4673",1,"DEU"
"3","4674",1,"DEU"
"18","4674",1,"DEU"
"22","4674",1,"DEU"
"44","4674",1,"DEU"
"1","4675",1,"DEU"
"183","4675",1,"DEU"
"354","4675",1,"DEU"
"525","4675",1,"DEU"
"2","4676",1,"DEU"
"252","4676",1,"DEU"
"3902","4676",1,"DEU"
"4294","4676",1,"DEU"
"3","4677",1,"DEU"
"6","4677",1,"DEU"
"8","4677",1,"DEU"
"30","4677",1,"DEU"
"7","4678",1,"DEU"
"98","4678",1,"DEU"
"228","4678",1,"DEU"
"3019","4678",1,"DEU"
"5","4679",1,"DEU"
"8","4679",1,"DEU"
"15","4679",1,"DEU"
"1","4680",1,"DEU"
"22","4680",1,"DEU"
"1699","4680",2,"DEU"
"3","4681",1,"DEU"
"1784","4681",1,"DEU"
"4605","4681",1,"DEU"
"2","4682",1,"DEU"
"10","4682",1,"DEU"
"22","4682",1,"DEU"
"3335","4682",1,"DEU"
"3","4683",1,"DEU"
"75","4683",1,"DEU"
"39","4684",1,"DEU"
"176","4684",1,"DEU"
"922","4684",1,"DEU"
"2","4685",1,"DEU"
"22","4685",1,"DEU"
"29","4685",1,"DEU"
"759","4685",1,"DEU"
"22","4686",1,"DEU"
"34","4686",1,"DEU"
"41","4686",1,"DEU"
"184","4686",1,"DEU"
"1","4687",2,"DEU"
"13","4687",1,"DEU"
"338","4687",1,"DEU"
"7","4688",1,"DEU"
"9","4688",1,"DEU"
"154","4688",1,"DEU"
"1","4689",1,"DEU"
"834","4689",1,"DEU"
"2994","4689",1,"DEU"
"5","4690",1,"DEU"
"161","4690",1,"DEU"
"3322","4690",2,"DEU"
"1","4691",1,"DEU"
"2","4691",1,"DEU"
"13","4691",1,"DEU"
"2","4692",1,"DEU"
"4","4692",1,"DEU"
"63","4692",1,"DEU"
"3458","4692",1,"DEU"
"2","4693",1,"DEU"
"21","4693",1,"DEU"
"22","4693",1,"DEU"
"33","4693",1,"DEU"
"53","4694",1,"DEU"
"934","4694",1,"DEU"
"2025","4694",1,"DEU"
"2","4695",1,"DEU"
"192","4695",1,"DEU"
"3156","4695",1,"DEU"
"2","4696",1,"DEU"
"39","4696",1,"DEU"
"265","4696",1,"DEU"
"652","4696",1,"DEU"
"1","4697",1,"DEU"
"26","4697",1,"DEU"
"728","4697",1,"DEU"
"927","4697",1,"DEU"
"3","4698",2,"DEU"
"25","4698",1,"DEU"
"67","4698",1,"DEU"
"1","4699",1,"DEU"
"36","4699",1,"DEU"
"43","4699",1,"DEU"
"222","4699",1,"DEU"
"1","4700",2,"DEU"
"22","4700",1,"DEU"
"1796","4700",1,"DEU"
"26","4701",2,"DEU"
"37","4701",1,"DEU"
"53","4701",1,"DEU"
"11","4702",1,"DEU"
"54","4702",1,"DEU"
"175","4702",1,"DEU"
"671","4702",1,"DEU"
"3","4703",1,"DEU"
"6","4703",1,"DEU"
"1067","4703",1,"DEU"
"1317","4703",1,"DEU"
"21","4704",2,"DEU"
"29","4704",1,"DEU"
"35","4704",1,"DEU"
"3","4705",1,"DEU"
"22","4705",1,"DEU"
"1633","4705",1,"DEU"
"3","4706",1,"DEU"
"7","4706",2,"DEU"
"12","4706",1,"DEU"
"1","4707",1,"DEU"
"861","4707",1,"DEU"
"883","4707",1,"DEU"
"25","4708",1,"DEU"
"29","4708",1,"DEU"
"61","4708",1,"DEU"
"533","4708",1,"DEU"
"8","4709",2,"DEU"
"12","4709",2,"DEU"
"36","4710",1,"DEU"
"139","4710",1,"DEU"
"1312","4710",1,"DEU"
"11","4711",1,"DEU"
"136","4711",1,"DEU"
"30","4712",1,"DEU"
"233","4712",1,"DEU"
"1505","4712",1,"DEU"
"2034","4712",1,"DEU"
"3","4713",1,"DEU"
"25","4713",1,"DEU"
"3","4714",1,"DEU"
"7","4714",1,"DEU"
"12","4714",1,"DEU"
"37","4714",1,"DEU"
"12","4715",1,"DEU"
"17","4715",1,"DEU"
"54","4715",1,"DEU"
"2005","4715",1,"DEU"
"164","4716",1,"DEU"
"446","4716",1,"DEU"
"1606","4716",1,"DEU"
"1910","4716",1,"DEU"
"10","4717",1,"DEU"
"44","4717",1,"DEU"
"949","4717",1,"DEU"
"2749","4717",1,"DEU"
"12","4718",1,"DEU"
"26","4718",1,"DEU"
"38","4718",1,"DEU"
"978","4718",1,"DEU"
"10","4719",1,"DEU"
"39","4719",1,"DEU"
"2570","4719",1,"DEU"
"1","4720",2,"DEU"
"9","4720",1,"DEU"
"72","4720",1,"DEU"
"2","4721",1,"DEU"
"40","4721",1,"DEU"
"56","4721",1,"DEU"
"944","4721",1,"DEU"
"7","4722",1,"DEU"
"10","4722",1,"DEU"
"11","4722",1,"DEU"
"7","4723",1,"DEU"
"18","4723",1,"DEU"
"44","4723",1,"DEU"
"116","4723",1,"DEU"
"3","4724",1,"DEU"
"4","4724",1,"DEU"
"15","4724",1,"DEU"
"3777","4724",1,"DEU"
"1","4725",1,"DEU"
"82","4725",1,"DEU"
"942","4725",1,"DEU"
"2105","4725",1,"DEU"
"1","4726",1,"DEU"
"2","4726",1,"DEU"
"9","4726",1,"DEU"
"21","4726",1,"DEU"
"2","4727",1,"DEU"
"5","4727",1,"DEU"
"22","4727",1,"DEU"
"262","4727",1,"DEU"
"53","4728",1,"DEU"
"277","4728",1,"DEU"
"4297","4728",1,"DEU"
"2","4729",1,"DEU"
"4","4729",1,"DEU"
"14","4729",1,"DEU"
"39","4729",1,"DEU"
"45","4730",2,"DEU"
"51","4730",1,"DEU"
"245","4730",1,"DEU"
"12","4731",1,"DEU"
"116","4731",1,"DEU"
"126","4731",1,"DEU"
"7","4732",1,"DEU"
"11","4732",1,"DEU"
"15","4732",1,"DEU"
"2681","4732",1,"DEU"
"2","4733",1,"DEU"
"20","4733",1,"DEU"
"25","4733",1,"DEU"
"4141","4733",1,"DEU"
"18","4734",1,"DEU"
"117","4734",1,"DEU"
"943","4734",1,"DEU"
"735","4735",1,"DEU"
"3204","4735",1,"DEU"
"3448","4735",1,"DEU"
"4400","4735",1,"DEU"
"10","4736",1,"DEU"
"22","4736",1,"DEU"
"85","4736",1,"DEU"
"1730","4736",1,"DEU"
"13","4737",1,"DEU"
"19","4737",1,"DEU"
"85","4737",1,"DEU"
"1460","4737",1,"DEU"
"17","4738",1,"DEU"
"470","4738",1,"DEU"
"1234","4738",1,"DEU"
"3","4739",1,"DEU"
"11","4739",1,"DEU"
"3","4740",1,"DEU"
"25","4740",1,"DEU"
"596","4740",1,"DEU"
"942","4740",1,"DEU"
"2","4741",2,"DEU"
"3","4741",1,"DEU"
"1","4742",1,"DEU"
"124","4742",1,"DEU"
"2435","4742",1,"DEU"
"6","4743",1,"DEU"
"7","4743",1,"DEU"
"3578","4743",1,"DEU"
"1","4744",1,"DEU"
"22","4744",1,"DEU"
"42","4744",1,"DEU"
"4538","4744",1,"DEU"
"4","4745",1,"DEU"
"123","4745",2,"DEU"
"1958","4745",1,"DEU"
"2","4746",1,"DEU"
"4","4746",1,"DEU"
"471","4746",1,"DEU"
"3152","4746",1,"DEU"
"15","4747",2,"DEU"
"26","4747",1,"DEU"
"30","4747",1,"DEU"
"186","4748",1,"DEU"
"847","4748",1,"DEU"
"1","4749",1,"DEU"
"7","4749",1,"DEU"
"104","4749",1,"DEU"
"44","4750",1,"DEU"
"1076","4750",1,"DEU"
"1206","4750",1,"DEU"
"2785","4750",1,"DEU"
"12","4751",1,"DEU"
"17","4751",1,"DEU"
"2715","4751",1,"DEU"
"3600","4751",1,"DEU"
"10","4752",1,"DEU"
"400","4752",1,"DEU"
"1311","4752",1,"DEU"
"1569","4752",1,"DEU"
"2","4753",1,"DEU"
"24","4753",1,"DEU"
"41","4753",1,"DEU"
"3857","4753",1,"DEU"
"14","4754",1,"DEU"
"22","4754",1,"DEU"
"343","4754",1,"DEU"
"4567","4754",1,"DEU"
"828","4755",1,"DEU"
"2482","4755",1,"DEU"
"4126","4755",1,"DEU"
"38","4756",1,"DEU"
"1338","4756",1,"DEU"
"1984","4756",1,"DEU"
"3494","4756",1,"DEU"
"15","4757",1,"DEU"
"69","4757",1,"DEU"
"290","4757",1,"DEU"
"2390","4757",1,"DEU"
"2","4758",1,"DEU"
"15","4758",2,"DEU"
"63","4758",1,"DEU"
"1004","4759",1,"DEU"
"2828","4759",1,"DEU"
"3870","4759",1,"DEU"
"12","4760",1,"DEU"
"33","4760",1,"DEU"
"39","4760",1,"DEU"
"4660","4760",1,"DEU"
"14","4761",1,"DEU"
"40","4761",1,"DEU"
"1010","4761",1,"DEU"
"1072","4761",1,"DEU"
"1","4762",1,"DEU"
"2","4762",1,"DEU"
"62","4762",1,"DEU"
"1087","4762",1,"DEU"
"3","4763",1,"DEU"
"6","4763",1,"DEU"
"39","4763",1,"DEU"
"2652","4763",1,"DEU"
"10","4764",1,"DEU"
"272","4764",1,"DEU"
"367","4764",1,"DEU"
"1624","4764",1,"DEU"
"3","4765",1,"DEU"
"7","4765",1,"DEU"
"12","4765",1,"DEU"
"366","4765",1,"DEU"
"12","4766",2,"DEU"
"781","4766",1,"DEU"
"85","4767",1,"DEU"
"378","4767",1,"DEU"
"1413","4767",1,"DEU"
"3041","4767",1,"DEU"
"15","4768",1,"DEU"
"115","4768",1,"DEU"
"242","4768",1,"DEU"
"1120","4768",1,"DEU"
"3","4769",1,"DEU"
"124","4769",1,"DEU"
"449","4769",1,"DEU"
"2008","4769",1,"DEU"
"2","4770",1,"DEU"
"12","4770",1,"DEU"
"26","4770",1,"DEU"
"44","4770",1,"DEU"
"1","4771",1,"DEU"
"101","4771",1,"DEU"
"177","4771",1,"DEU"
"2100","4771",1,"DEU"
"16","4772",1,"DEU"
"4332","4772",1,"DEU"
"3","4773",1,"DEU"
"11","4773",1,"DEU"
"57","4773",1,"DEU"
"117","4773",1,"DEU"
"1210","4774",1,"DEU"
"2955","4774",1,"DEU"
"89","4775",1,"DEU"
"1620","4775",1,"DEU"
"2393","4775",1,"DEU"
"4","4776",1,"DEU"
"761","4776",1,"DEU"
"3078","4776",1,"DEU"
"27","4777",1,"DEU"
"120","4777",2,"DEU"
"1673","4777",1,"DEU"
"10","4778",1,"DEU"
"29","4778",1,"DEU"
"2172","4778",1,"DEU"
"3250","4778",1,"DEU"
"99","4779",1,"DEU"
"668","4779",1,"DEU"
"1475","4779",1,"DEU"
"1","4780",1,"DEU"
"140","4780",1,"DEU"
"421","4780",1,"DEU"
"22","4781",1,"DEU"
"1364","4781",1,"DEU"
"3100","4781",1,"DEU"
"3506","4781",1,"DEU"
"22","4782",1,"DEU"
"514","4782",1,"DEU"
"629","4782",1,"DEU"
"3449","4782",1,"DEU"
"3","4783",2,"DEU"
"269","4783",1,"DEU"
"490","4783",1,"DEU"
"22","4784",1,"DEU"
"369","4784",1,"DEU"
"875","4784",1,"DEU"
"3","4785",2,"DEU"
"4","4785",1,"DEU"
"19","4785",1,"DEU"
"28","4786",1,"DEU"
"225","4786",1,"DEU"
"308","4786",1,"DEU"
"458","4786",1,"DEU"
"1","4787",1,"DEU"
"2","4787",1,"DEU"
"3","4787",1,"DEU"
"618","4787",1,"DEU"
"17","4788",1,"DEU"
"23","4788",1,"DEU"
"45","4788",1,"DEU"
"1121","4788",1,"DEU"
"1","4789",2,"DEU"
"2","4789",1,"DEU"
"12","4789",1,"DEU"
"15","4790",1,"DEU"
"21","4790",2,"DEU"
"3","4791",1,"DEU"
"26","4791",1,"DEU"
"3368","4791",1,"DEU"
"4542","4791",1,"DEU"
"185","4792",1,"DEU"
"406","4792",1,"DEU"
"1186","4792",1,"DEU"
"4490","4792",1,"DEU"
"26","4793",1,"DEU"
"28","4793",1,"DEU"
"984","4793",1,"DEU"
"2441","4793",1,"DEU"
"1","4794",1,"DEU"
"12","4794",1,"DEU"
"29","4794",1,"DEU"
"743","4794",1,"DEU"
"3","4795",1,"DEU"
"164","4795",1,"DEU"
"4522","4795",1,"DEU"
"1","4796",1,"DEU"
"3","4796",1,"DEU"
"263","4796",1,"DEU"
"6","4797",1,"DEU"
"36","4797",1,"DEU"
"2483","4797",1,"DEU"
"1","4798",1,"DEU"
"245","4798",1,"DEU"
"644","4798",1,"DEU"
"1426","4798",1,"DEU"
"29","4799",1,"DEU"
"41","4799",1,"DEU"
"62","4799",1,"DEU"
"171","4799",1,"DEU"
"33","4800",1,"DEU"
"55","4800",1,"DEU"
"136","4800",1,"DEU"
"802","4800",1,"DEU"
"30","4801",1,"DEU"
"452","4801",1,"DEU"
"502","4801",1,"DEU"
"224","4802",1,"DEU"
"299","4802",1,"DEU"
"952","4802",1,"DEU"
"2913","4802",1,"DEU"
"4","4803",1,"DEU"
"14","4803",1,"DEU"
"120","4803",1,"DEU"
"169","4803",1,"DEU"
"16","4804",1,"DEU"
"53","4804",1,"DEU"
"59","4804",1,"DEU"
"1","4805",1,"DEU"
"2","4805",1,"DEU"
"12","4805",1,"DEU"
"15","4805",1,"DEU"
"220","4806",2,"DEU"
"1103","4806",2,"DEU"
"3","4807",1,"DEU"
"62","4807",1,"DEU"
"248","4807",1,"DEU"
"431","4807",1,"DEU"
"17","4808",1,"DEU"
"74","4808",1,"DEU"
"353","4808",1,"DEU"
"535","4808",1,"DEU"
"7","4809",1,"DEU"
"140","4809",1,"DEU"
"1692","4809",1,"DEU"
"9","4810",1,"DEU"
"37","4810",1,"DEU"
"132","4810",1,"DEU"
"272","4810",1,"DEU"
"7","4811",1,"DEU"
"12","4811",1,"DEU"
"1479","4811",1,"DEU"
"1739","4811",1,"DEU"
"3","4812",1,"DEU"
"15","4812",1,"DEU"
"40","4812",1,"DEU"
"52","4812",1,"DEU"
"1","4813",1,"DEU"
"2","4813",1,"DEU"
"4","4813",1,"DEU"
"7","4813",1,"DEU"
"4","4814",2,"DEU"
"18","4814",2,"DEU"
"4","4815",1,"DEU"
"10","4815",1,"DEU"
"1259","4815",2,"DEU"
"21","4816",1,"DEU"
"964","4816",1,"DEU"
"4","4817",1,"DEU"
"12","4817",1,"DEU"
"69","4817",1,"DEU"
"3383","4817",1,"DEU"
"604","4818",1,"DEU"
"2617","4818",1,"DEU"
"3170","4818",1,"DEU"
"1","4819",1,"DEU"
"3","4819",1,"DEU"
"88","4819",1,"DEU"
"1502","4819",1,"DEU"
"24","4820",1,"DEU"
"41","4820",1,"DEU"
"279","4820",1,"DEU"
"4633","4820",1,"DEU"
"3","4821",1,"DEU"
"368","4821",1,"DEU"
"4","4822",1,"DEU"
"8","4822",1,"DEU"
"1535","4822",1,"DEU"
"4710","4822",1,"DEU"
"25","4823",1,"DEU"
"29","4823",1,"DEU"
"86","4823",1,"DEU"
"1187","4823",1,"DEU"
"15","4824",1,"DEU"
"18","4824",1,"DEU"
"2006","4824",1,"DEU"
"2514","4824",1,"DEU"
"1","4825",1,"DEU"
"4","4825",1,"DEU"
"335","4825",1,"DEU"
"344","4825",1,"DEU"
"1","4826",1,"DEU"
"11","4826",1,"DEU"
"824","4826",1,"DEU"
"2","4827",1,"DEU"
"14","4827",1,"DEU"
"22","4827",1,"DEU"
"39","4827",1,"DEU"
"28","4828",2,"DEU"
"716","4828",2,"DEU"
"22","4829",1,"DEU"
"60","4829",1,"DEU"
"1071","4829",1,"DEU"
"3","4830",1,"DEU"
"15","4830",1,"DEU"
"432","4830",1,"DEU"
"2417","4830",1,"DEU"
"13","4831",1,"DEU"
"32","4831",1,"DEU"
"312","4831",1,"DEU"
"41","4832",1,"DEU"
"47","4832",1,"DEU"
"4332","4832",1,"DEU"
"1","4833",1,"DEU"
"6","4833",1,"DEU"
"65","4833",1,"DEU"
"2775","4833",1,"DEU"
"3","4834",1,"DEU"
"11","4834",1,"DEU"
"20","4834",1,"DEU"
"19","4835",1,"DEU"
"728","4835",1,"DEU"
"3","4836",1,"DEU"
"30","4836",1,"DEU"
"216","4836",1,"DEU"
"486","4836",1,"DEU"
"6","4837",1,"DEU"
"34","4837",1,"DEU"
"72","4837",1,"DEU"
"251","4837",1,"DEU"
"35","4838",1,"DEU"
"157","4838",1,"DEU"
"368","4838",1,"DEU"
"1","4839",2,"DEU"
"18","4839",1,"DEU"
"540","4839",1,"DEU"
"15","4840",1,"DEU"
"17","4840",1,"DEU"
"19","4840",1,"DEU"
"101","4840",1,"DEU"
"3","4841",1,"DEU"
"4","4841",1,"DEU"
"4118","4841",2,"DEU"
"454","4842",1,"DEU"
"460","4842",1,"DEU"
"3526","4842",1,"DEU"
"19","4843",1,"DEU"
"114","4843",1,"DEU"
"336","4843",1,"DEU"
"844","4843",1,"DEU"
"15","4844",2,"DEU"
"3804","4844",1,"DEU"
"126","4845",1,"DEU"
"1501","4845",1,"DEU"
"3511","4845",1,"DEU"
"3","4846",1,"DEU"
"472","4846",1,"DEU"
"1123","4846",1,"DEU"
"2213","4846",1,"DEU"
"16","4847",1,"DEU"
"46","4847",1,"DEU"
"2715","4847",2,"DEU"
"18","4848",1,"DEU"
"137","4848",1,"DEU"
"1461","4848",2,"DEU"
"12","4849",1,"DEU"
"127","4849",1,"DEU"
"19","4850",1,"DEU"
"30","4850",1,"DEU"
"45","4850",1,"DEU"
"1198","4850",1,"DEU"
"6","4851",1,"DEU"
"231","4851",1,"DEU"
"617","4851",1,"DEU"
"2043","4851",1,"DEU"
"16","4852",1,"DEU"
"24","4852",1,"DEU"
"156","4852",1,"DEU"
"26","4853",1,"DEU"
"29","4853",1,"DEU"
"453","4853",1,"DEU"
"4155","4853",1,"DEU"
"2","4854",1,"DEU"
"32","4854",1,"DEU"
"868","4854",1,"DEU"
"910","4854",1,"DEU"
"2","4855",1,"DEU"
"12","4855",1,"DEU"
"4032","4855",1,"DEU"
"2","4856",1,"DEU"
"5","4856",1,"DEU"
"2554","4856",1,"DEU"
"2","4857",2,"DEU"
"8","4857",1,"DEU"
"9","4858",1,"DEU"
"13","4858",1,"DEU"
"91","4858",1,"DEU"
"320","4858",1,"DEU"
"3","4859",1,"DEU"
"37","4859",1,"DEU"
"154","4859",1,"DEU"
"3623","4859",1,"DEU"
"3","4860",2,"DEU"
"38","4860",1,"DEU"
"42","4860",1,"DEU"
"4","4861",1,"DEU"
"10","4861",1,"DEU"
"29","4861",1,"DEU"
"664","4861",1,"DEU"
"3","4862",1,"DEU"
"42","4862",1,"DEU"
"2170","4862",1,"DEU"
"4","4863",1,"DEU"
"7","4863",1,"DEU"
"30","4863",1,"DEU"
"4139","4863",1,"DEU"
"63","4864",1,"DEU"
"103","4864",1,"DEU"
"150","4864",1,"DEU"
"3688","4864",1,"DEU"
"1","4865",1,"DEU"
"29","4865",1,"DEU"
"166","4865",1,"DEU"
"757","4865",1,"DEU"
"126","4866",1,"DEU"
"1086","4866",1,"DEU"
"2473","4866",1,"DEU"
"12","4867",1,"DEU"
"393","4867",1,"DEU"
"4353","4867",1,"DEU"
"63","4868",1,"DEU"
"441","4868",1,"DEU"
"1","4869",1,"DEU"
"7","4869",1,"DEU"
"323","4869",1,"DEU"
"1999","4869",1,"DEU"
"1","4870",1,"DEU"
"45","4870",1,"DEU"
"267","4870",1,"DEU"
"1192","4870",1,"DEU"
"4","4871",2,"DEU"
"1734","4871",1,"DEU"
"1","4872",1,"DEU"
"203","4872",1,"DEU"
"1236","4872",1,"DEU"
"4","4873",1,"DEU"
"7","4873",1,"DEU"
"217","4873",1,"DEU"
"3365","4873",1,"DEU"
"1","4874",1,"DEU"
"9","4874",1,"DEU"
"254","4874",1,"DEU"
"1","4875",2,"DEU"
"2","4875",1,"DEU"
"25","4876",1,"DEU"
"404","4876",1,"DEU"
"473","4876",1,"DEU"
"3098","4876",1,"DEU"
"20","4877",1,"DEU"
"4528","4877",1,"DEU"
"29","4878",1,"DEU"
"37","4878",1,"DEU"
"2876","4878",1,"DEU"
"15","4879",1,"DEU"
"101","4879",1,"DEU"
"332","4879",1,"DEU"
"2010","4879",1,"DEU"
"1","4880",1,"DEU"
"13","4880",1,"DEU"
"2900","4880",1,"DEU"
"3663","4880",1,"DEU"
"4","4881",1,"DEU"
"97","4881",1,"DEU"
"192","4881",1,"DEU"
"1740","4881",1,"DEU"
"3","4882",1,"DEU"
"32","4882",2,"DEU"
"2173","4882",1,"DEU"
"7","4883",1,"DEU"
"11","4883",1,"DEU"
"12","4883",1,"DEU"
"38","4883",1,"DEU"
"3","4884",2,"DEU"
"334","4884",1,"DEU"
"8","4885",1,"DEU"
"11","4885",1,"DEU"
"18","4885",1,"DEU"
"4400","4885",1,"DEU"
"2","4886",1,"DEU"
"3","4886",1,"DEU"
"41","4886",1,"DEU"
"1692","4886",1,"DEU"
"12","4887",1,"DEU"
"36","4887",1,"DEU"
"92","4887",1,"DEU"
"443","4887",1,"DEU"
"35","4888",1,"DEU"
"987","4888",1,"DEU"
"15","4889",1,"DEU"
"420","4889",1,"DEU"
"2","4890",2,"DEU"
"2194","4890",1,"DEU"
"3940","4890",1,"DEU"
"3","4891",1,"DEU"
"9","4891",1,"DEU"
"152","4891",1,"DEU"
"161","4891",1,"DEU"
"1","4892",1,"DEU"
"7","4892",1,"DEU"
"41","4892",1,"DEU"
"161","4892",1,"DEU"
"11","4893",2,"DEU"
"16","4893",1,"DEU"
"410","4893",1,"DEU"
"2","4894",1,"DEU"
"7","4894",2,"DEU"
"155","4894",1,"DEU"
"2","4895",1,"DEU"
"29","4895",1,"DEU"
"1125","4895",1,"DEU"
"1695","4895",1,"DEU"
"6","4896",2,"DEU"
"378","4896",1,"DEU"
"1835","4896",1,"DEU"
"9","4897",1,"DEU"
"51","4897",1,"DEU"
"62","4897",1,"DEU"
"205","4897",1,"DEU"
"30","4898",1,"DEU"
"257","4898",1,"DEU"
"295","4898",1,"DEU"
"3743","4898",1,"DEU"
"48","4899",1,"DEU"
"133","4899",1,"DEU"
"2388","4899",1,"DEU"
"3","4900",1,"DEU"
"284","4900",1,"DEU"
"387","4900",1,"DEU"
"3","4901",1,"DEU"
"13","4901",1,"DEU"
"385","4901",1,"DEU"
"1817","4901",1,"DEU"
"3","4902",1,"DEU"
"8","4902",1,"DEU"
"13","4902",2,"DEU"
"7","4903",1,"DEU"
"46","4903",1,"DEU"
"196","4903",1,"DEU"
"2083","4903",1,"DEU"
"8","4904",1,"DEU"
"21","4904",1,"DEU"
"47","4904",1,"DEU"
"555","4904",1,"DEU"
"18","4905",2,"DEU"
"1813","4905",1,"DEU"
"3611","4905",1,"DEU"
"82","4906",1,"DEU"
"1872","4906",1,"DEU"
"4739","4906",1,"DEU"
"2","4907",1,"DEU"
"7","4907",1,"DEU"
"598","4907",1,"DEU"
"1033","4907",1,"DEU"
"2","4908",1,"DEU"
"3","4908",1,"DEU"
"9","4908",1,"DEU"
"21","4908",1,"DEU"
"9","4909",2,"DEU"
"62","4909",1,"DEU"
"175","4909",1,"DEU"
"1","4910",1,"DEU"
"26","4910",1,"DEU"
"1635","4910",1,"DEU"
"9","4911",1,"DEU"
"97","4911",1,"DEU"
"1336","4911",1,"DEU"
"1","4912",2,"DEU"
"2","4912",1,"DEU"
"81","4912",1,"DEU"
"1","4913",1,"DEU"
"14","4913",1,"DEU"
"16","4913",1,"DEU"
"26","4913",1,"DEU"
"2","4914",1,"DEU"
"64","4914",1,"DEU"
"517","4914",1,"DEU"
"3392","4914",1,"DEU"
"20","4915",2,"DEU"
"53","4915",1,"DEU"
"78","4916",1,"DEU"
"857","4916",1,"DEU"
"1054","4916",1,"DEU"
"2","4917",1,"DEU"
"90","4917",1,"DEU"
"97","4917",1,"DEU"
"1245","4917",1,"DEU"
"20","4918",1,"DEU"
"70","4918",1,"DEU"
"621","4918",1,"DEU"
"3948","4918",1,"DEU"
"20","4919",1,"DEU"
"513","4919",1,"DEU"
"3934","4919",1,"DEU"
"4889","4919",1,"DEU"
"3","4920",2,"DEU"
"13","4920",1,"DEU"
"174","4920",1,"DEU"
"345","4921",1,"DEU"
"1196","4921",1,"DEU"
"4117","4921",2,"DEU"
"6","4922",1,"DEU"
"7","4922",1,"DEU"
"992","4922",1,"DEU"
"3963","4922",1,"DEU"
"52","4923",1,"DEU"
"61","4923",1,"DEU"
"342","4923",1,"DEU"
"446","4923",1,"DEU"
"3","4924",1,"DEU"
"11","4924",1,"DEU"
"781","4924",1,"DEU"
"4139","4924",1,"DEU"
"3985","4925",2,"DEU"
"60","4926",1,"DEU"
"253","4926",1,"DEU"
"1","4927",1,"DEU"
"12","4927",1,"DEU"
"80","4927",1,"DEU"
"725","4927",1,"DEU"
"36","4928",1,"DEU"
"150","4928",1,"DEU"
"373","4928",1,"DEU"
"413","4928",1,"DEU"
"65","4929",1,"DEU"
"323","4929",1,"DEU"
"1655","4929",1,"DEU"
"2","4930",1,"DEU"
"18","4930",1,"DEU"
"128","4930",1,"DEU"
"4022","4930",1,"DEU"
"10","4931",1,"DEU"
"1151","4931",1,"DEU"
"1","4932",1,"DEU"
"2","4932",1,"DEU"
"1222","4932",1,"DEU"
"2","4933",2,"DEU"
"35","4933",1,"DEU"
"60","4933",1,"DEU"
"21","4934",2,"DEU"
"349","4934",1,"DEU"
"928","4934",1,"DEU"
"1","4935",1,"DEU"
"8","4935",1,"DEU"
"465","4935",1,"DEU"
"1","4936",1,"DEU"
"24","4936",1,"DEU"
"132","4936",1,"DEU"
"1344","4936",1,"DEU"
"3","4937",1,"DEU"
"57","4937",1,"DEU"
"58","4937",1,"DEU"
"3208","4937",1,"DEU"
"16","4938",1,"DEU"
"1058","4938",1,"DEU"
"1231","4938",1,"DEU"
"3427","4938",1,"DEU"
"13","4939",1,"DEU"
"26","4939",1,"DEU"
"996","4939",1,"DEU"
"2273","4939",1,"DEU"
"679","4940",1,"DEU"
"920","4940",1,"DEU"
"1188","4940",2,"DEU"
"21","4941",1,"DEU"
"554","4941",1,"DEU"
"2010","4941",1,"DEU"
"3059","4941",1,"DEU"
"1","4942",1,"DEU"
"2","4942",1,"DEU"
"740","4942",2,"DEU"
"1","4943",1,"DEU"
"2","4943",1,"DEU"
"751","4943",1,"DEU"
"2292","4943",1,"DEU"
"1086","4944",1,"DEU"
"1328","4944",1,"DEU"
"4856","4944",1,"DEU"
"1","4945",1,"DEU"
"70","4945",1,"DEU"
"1805","4945",1,"DEU"
"2828","4945",1,"DEU"
"3","4946",1,"DEU"
"10","4946",1,"DEU"
"39","4946",1,"DEU"
"953","4946",1,"DEU"
"57","4947",1,"DEU"
"830","4947",1,"DEU"
"3540","4947",2,"DEU"
"10","4948",2,"DEU"
"20","4948",1,"DEU"
"132","4948",1,"DEU"
"3","4949",1,"DEU"
"8","4949",1,"DEU"
"1158","4949",1,"DEU"
"4084","4949",1,"DEU"
"1","4950",1,"DEU"
"112","4950",1,"DEU"
"855","4950",1,"DEU"
"1069","4950",1,"DEU"
"2","4951",1,"DEU"
"26","4951",1,"DEU"
"1","4952",1,"DEU"
"3","4952",1,"DEU"
"7","4952",1,"DEU"
"3720","4952",1,"DEU"
"2","4953",2,"DEU"
"7","4953",1,"DEU"
"99","4953",1,"DEU"
"8","4954",1,"DEU"
"58","4954",1,"DEU"
"874","4954",1,"DEU"
"4119","4954",1,"DEU"
"5","4955",2,"DEU"
"2473","4955",1,"DEU"
"3100","4955",1,"DEU"
"1","4956",2,"DEU"
"2","4956",2,"DEU"
"295","4957",1,"DEU"
"2950","4957",1,"DEU"
"4602","4957",2,"DEU"
"2","4958",1,"DEU"
"4","4958",1,"DEU"
"6","4958",1,"DEU"
"3674","4958",1,"DEU"
"25","4959",1,"DEU"
"1436","4959",2,"DEU"
"3419","4959",1,"DEU"
"2","4960",1,"DEU"
"26","4960",1,"DEU"
"129","4960",1,"DEU"
"4566","4960",1,"DEU"
"14","4961",3,"DEU"
"856","4961",1,"DEU"
"1","4962",1,"DEU"
"33","4962",1,"DEU"
"1883","4962",1,"DEU"
"1895","4962",1,"DEU"
"30","4963",1,"DEU"
"279","4963",1,"DEU"
"403","4963",1,"DEU"
"416","4963",1,"DEU"
"9","4964",2,"DEU"
"46","4964",1,"DEU"
"2287","4964",1,"DEU"
"4","4965",2,"DEU"
"5","4965",1,"DEU"
"1200","4966",1,"DEU"
"1533","4966",1,"DEU"
"3","4967",1,"DEU"
"4","4967",1,"DEU"
"67","4967",1,"DEU"
"1","4968",1,"DEU"
"616","4968",1,"DEU"
"1978","4968",1,"DEU"
"2277","4968",1,"DEU"
"3","4969",1,"DEU"
"4","4969",1,"DEU"
"245","4969",1,"DEU"
"911","4969",1,"DEU"
"3","4970",2,"DEU"
"4469","4970",2,"DEU"
"4","4971",1,"DEU"
"9","4971",1,"DEU"
"113","4971",1,"DEU"
"432","4971",1,"DEU"
"6","4972",1,"DEU"
"20","4972",1,"DEU"
"248","4972",1,"DEU"
"2839","4972",1,"DEU"
"3","4973",1,"DEU"
"9","4973",2,"DEU"
"2076","4973",1,"DEU"
"2","4974",2,"DEU"
"10","4974",1,"DEU"
"4755","4974",1,"DEU"
"1","4975",1,"DEU"
"2","4975",2,"DEU"
"12","4975",1,"DEU"
"11","4976",1,"DEU"
"61","4976",1,"DEU"
"289","4976",1,"DEU"
"1620","4976",1,"DEU"
"29","4977",1,"DEU"
"142","4977",1,"DEU"
"160","4977",1,"DEU"
"2431","4977",1,"DEU"
"18","4978",1,"DEU"
"66","4978",1,"DEU"
"337","4978",1,"DEU"
"1157","4978",1,"DEU"
"8","4979",1,"DEU"
"18","4979",1,"DEU"
"2694","4979",1,"DEU"
"4009","4979",1,"DEU"
"3","4980",1,"DEU"
"117","4980",1,"DEU"
"2127","4980",1,"DEU"
"2509","4980",1,"DEU"
"105","4981",2,"DEU"
"4625","4981",1,"DEU"
"4645","4981",1,"DEU"
"13","4982",1,"DEU"
"160","4982",1,"DEU"
"7","4983",1,"DEU"
"64","4983",1,"DEU"
"198","4983",1,"DEU"
"389","4983",1,"DEU"
"4","4984",1,"DEU"
"1308","4984",1,"DEU"
"1975","4984",2,"DEU"
"22","4985",1,"DEU"
"861","4985",1,"DEU"
"2405","4985",1,"DEU"
"4","4986",1,"DEU"
"7","4986",1,"DEU"
"15","4986",1,"DEU"
"1878","4986",1,"DEU"
"82","4987",2,"DEU"
"212","4987",1,"DEU"
"380","4987",1,"DEU"
"3","4988",1,"DEU"
"8","4988",1,"DEU"
"1001","4988",1,"DEU"
"1","4989",2,"DEU"
"5","4989",1,"DEU"
"13","4989",1,"DEU"
"70","4990",1,"DEU"
"448","4990",1,"DEU"
"732","4990",1,"DEU"
"3857","4990",1,"DEU"
"2","4991",1,"DEU"
"83","4991",1,"DEU"
"724","4991",1,"DEU"
"8","4992",1,"DEU"
"35","4992",1,"DEU"
"137","4992",1,"DEU"
"1805","4992",1,"DEU"
"124","4993",1,"DEU"
"1345","4993",1,"DEU"
"12","4994",1,"DEU"
"37","4994",1,"DEU"
"89","4994",1,"DEU"
"2592","4994",1,"DEU"
"1","4995",1,"DEU"
"13","4995",1,"DEU"
"14","4995",1,"DEU"
"2076","4995",1,"DEU"
"57","4996",1,"DEU"
"501","4996",1,"DEU"
"1828","4996",1,"DEU"
"2790","4996",1,"DEU"
"1","4997",1,"DEU"
"2","4997",1,"DEU"
"58","4997",1,"DEU"
"256","4997",1,"DEU"
"9","4998",1,"DEU"
"44","4998",1,"DEU"
"995","4998",2,"DEU"
"3","4999",1,"DEU"
"25","4999",1,"DEU"
"459","4999",1,"DEU"
"28","5000",1,"DEU"
"1057","5000",1,"DEU"
"3358","5000",1,"DEU"
"3673","5000",1,"DEU"
"2","5001",1,"DEU"
"8","5001",1,"DEU"
"169","5001",1,"DEU"
"2253","5001",1,"DEU"
"3","5002",1,"DEU"
"1652","5002",2,"DEU"
"3971","5002",1,"DEU"
"1","5003",1,"DEU"
"3","5003",1,"DEU"
"89","5003",1,"DEU"
"142","5003",1,"DEU"
"47","5004",1,"DEU"
"86","5004",1,"DEU"
"820","5004",1,"DEU"
"1403","5004",1,"DEU"
"127","5005",1,"DEU"
"393","5005",1,"DEU"
"537","5005",1,"DEU"
"1","5006",2,"DEU"
"53","5006",1,"DEU"
"4","5007",1,"DEU"
"53","5007",1,"DEU"
"251","5007",1,"DEU"
"2201","5007",1,"DEU"
"43","5008",1,"DEU"
"679","5008",1,"DEU"
"7","5009",1,"DEU"
"61","5009",1,"DEU"
"97","5009",1,"DEU"
"574","5009",1,"DEU"
"2","5010",1,"DEU"
"20","5010",1,"DEU"
"22","5010",1,"DEU"
"3775","5010",1,"DEU"
"1","5011",1,"DEU"
"12","5011",1,"DEU"
"36","5011",1,"DEU"
"704","5011",1,"DEU"
"1","5012",1,"DEU"
"12","5012",1,"DEU"
"79","5012",1,"DEU"
"194","5013",1,"DEU"
"799","5013",1,"DEU"
"868","5013",1,"DEU"
"1497","5013",1,"DEU"
"14","5014",1,"DEU"
"197","5014",1,"DEU"
"35","5015",1,"DEU"
"44","5015",1,"DEU"
"221","5015",1,"DEU"
"3","5016",1,"DEU"
"357","5016",1,"DEU"
"4055","5016",1,"DEU"
"3","5017",1,"DEU"
"26","5017",1,"DEU"
"134","5017",1,"DEU"
"68","5018",1,"DEU"
"487","5018",1,"DEU"
"1404","5018",1,"DEU"
"4","5019",1,"DEU"
"17","5019",1,"DEU"
"25","5019",1,"DEU"
"1831","5019",1,"DEU"
"20","5020",1,"DEU"
"128","5020",1,"DEU"
"262","5020",1,"DEU"
"997","5020",1,"DEU"
"1768","5021",1,"DEU"
"1834","5021",1,"DEU"
"7","5022",1,"DEU"
"14","5022",1,"DEU"
"136","5022",1,"DEU"
"4900","5022",1,"DEU"
"1","5023",2,"DEU"
"2","5023",1,"DEU"
"562","5023",1,"DEU"
"189","5024",1,"DEU"
"3999","5024",1,"DEU"
"2","5025",1,"DEU"
"4","5025",1,"DEU"
"38","5025",2,"DEU"
"12","5026",1,"DEU"
"264","5026",2,"DEU"
"1060","5026",1,"DEU"
"26","5027",1,"DEU"
"51","5027",1,"DEU"
"116","5027",1,"DEU"
"750","5027",1,"DEU"
"3","5028",1,"DEU"
"12","5028",1,"DEU"
"18","5028",1,"DEU"
"440","5028",1,"DEU"
"1","5029",1,"DEU"
"6","5029",1,"DEU"
"335","5029",1,"DEU"
"1864","5029",1,"DEU"
"46","5030",1,"DEU"
"237","5030",1,"DEU"
"908","5030",1,"DEU"
"3992","5030",1,"DEU"
"3","5031",1,"DEU"
"4","5031",1,"DEU"
"4286","5031",1,"DEU"
"4","5032",1,"DEU"
"118","5032",1,"DEU"
"2552","5032",1,"DEU"
"14","5033",1,"DEU"
"25","5033",1,"DEU"
"2165","5033",1,"DEU"
"557","5034",2,"DEU"
"1282","5034",1,"DEU"
"21","5035",1,"DEU"
"256","5035",1,"DEU"
"2394","5035",1,"DEU"
"1","5036",2,"DEU"
"6","5036",1,"DEU"
"1","5037",1,"DEU"
"2","5037",2,"DEU"
"43","5037",1,"DEU"
"2","5038",1,"DEU"
"2128","5038",1,"DEU"
"3533","5038",1,"DEU"
"4130","5038",1,"DEU"
"1","5039",2,"DEU"
"1520","5039",1,"DEU"
"4078","5039",1,"DEU"
"29","5040",1,"DEU"
"39","5040",1,"DEU"
"892","5040",1,"DEU"
"3788","5040",1,"DEU"
"26","5041",1,"DEU"
"34","5041",1,"DEU"
"157","5041",1,"DEU"
"742","5041",1,"DEU"
"1","5042",1,"DEU"
"46","5042",1,"DEU"
"2019","5042",1,"DEU"
"3940","5042",1,"DEU"
"4","5043",1,"DEU"
"5018","5043",1,"DEU"
"1","5044",1,"DEU"
"3","5044",1,"DEU"
"195","5044",1,"DEU"
"823","5044",1,"DEU"
"1","5045",1,"DEU"
"7","5045",1,"DEU"
"107","5045",1,"DEU"
"226","5045",1,"DEU"
"7","5046",1,"DEU"
"537","5046",1,"DEU"
"1171","5046",1,"DEU"
"2","5047",1,"DEU"
"150","5047",1,"DEU"
"1752","5047",1,"DEU"
"1","5048",1,"DEU"
"2","5048",1,"DEU"
"39","5048",1,"DEU"
"2815","5048",1,"DEU"
"4","5049",1,"DEU"
"97","5049",1,"DEU"
"2738","5049",1,"DEU"
"2955","5049",1,"DEU"
"7","5050",2,"DEU"
"2007","5050",1,"DEU"
"3578","5050",1,"DEU"
"1","5051",1,"DEU"
"2","5051",1,"DEU"
"37","5051",1,"DEU"
"3037","5051",1,"DEU"
"7","5052",1,"DEU"
"626","5052",1,"DEU"
"2697","5052",1,"DEU"
"4911","5052",1,"DEU"
"1","5053",1,"DEU"
"63","5053",1,"DEU"
"1021","5053",1,"DEU"
"15","5054",1,"DEU"
"1492","5054",1,"DEU"
"3463","5054",1,"DEU"
"8","5055",2,"DEU"
"10","5055",1,"DEU"
"18","5055",1,"DEU"
"2","5056",1,"DEU"
"25","5056",1,"DEU"
"370","5056",1,"DEU"
"921","5056",1,"DEU"
"2","5057",1,"DEU"
"7","5057",1,"DEU"
"12","5057",1,"DEU"
"62","5057",1,"DEU"
"9","5058",1,"DEU"
"13","5058",1,"DEU"
"2394","5058",1,"DEU"
"2619","5058",1,"DEU"
"1","5059",1,"DEU"
"13","5059",1,"DEU"
"206","5059",2,"DEU"
"8","5060",2,"DEU"
"15","5060",1,"DEU"
"463","5060",1,"DEU"
"2","5061",1,"DEU"
"6","5061",1,"DEU"
"15","5061",1,"DEU"
"26","5061",1,"DEU"
"10","5062",1,"DEU"
"18","5062",1,"DEU"
"1050","5062",1,"DEU"
"18","5063",2,"DEU"
"1359","5063",1,"DEU"
"9","5064",1,"DEU"
"10","5064",1,"DEU"
"93","5064",1,"DEU"
"971","5064",1,"DEU"
"2","5065",1,"DEU"
"9","5065",1,"DEU"
"18","5065",1,"DEU"
"31","5065",1,"DEU"
"61","5066",1,"DEU"
"116","5066",1,"DEU"
"879","5066",1,"DEU"
"3","5067",1,"DEU"
"12","5067",1,"DEU"
"389","5067",1,"DEU"
"811","5067",1,"DEU"
"18","5068",1,"DEU"
"517","5068",1,"DEU"
"720","5068",1,"DEU"
"3762","5068",1,"DEU"
"21","5069",2,"DEU"
"282","5069",1,"DEU"
"21","5070",1,"DEU"
"59","5070",1,"DEU"
"1899","5070",1,"DEU"
"13","5071",1,"DEU"
"19","5071",1,"DEU"
"1523","5071",1,"DEU"
"1701","5071",1,"DEU"
"3","5072",1,"DEU"
"137","5072",1,"DEU"
"222","5072",1,"DEU"
"288","5072",1,"DEU"
"14","5073",1,"DEU"
"64","5073",1,"DEU"
"2303","5073",1,"DEU"
"4212","5073",1,"DEU"
"8","5074",1,"DEU"
"27","5074",1,"DEU"
"892","5074",1,"DEU"
"4707","5074",1,"DEU"
"4","5075",1,"DEU"
"605","5075",1,"DEU"
"1","5076",2,"DEU"
"4","5076",1,"DEU"
"160","5076",1,"DEU"
"3","5077",1,"DEU"
"38","5077",1,"DEU"
"719","5077",1,"DEU"
"4","5078",1,"DEU"
"26","5078",1,"DEU"
"2137","5078",1,"DEU"
"5","5079",1,"DEU"
"26","5079",1,"DEU"
"31","5079",1,"DEU"
"1425","5079",1,"DEU"
"3","5080",1,"DEU"
"24","5080",1,"DEU"
"73","5080",1,"DEU"
"2049","5080",1,"DEU"
"36","5081",1,"DEU"
"224","5081",1,"DEU"
"807","5081",1,"DEU"
"1129","5081",1,"DEU"
"61","5082",1,"DEU"
"85","5082",1,"DEU"
"127","5082",1,"DEU"
"750","5082",1,"DEU"
"5","5083",1,"DEU"
"42","5083",1,"DEU"
"2","5084",1,"DEU"
"121","5084",1,"DEU"
"2891","5084",1,"DEU"
"10","5085",1,"DEU"
"142","5085",1,"DEU"
"1481","5085",1,"DEU"
"1342","5086",1,"DEU"
"1647","5086",1,"DEU"
"2824","5086",1,"DEU"
"21","5087",1,"DEU"
"29","5087",1,"DEU"
"1948","5087",1,"DEU"
"2033","5087",1,"DEU"
"4","5088",1,"DEU"
"127","5088",1,"DEU"
"285","5088",1,"DEU"
"1064","5088",1,"DEU"
"19","5089",1,"DEU"
"339","5089",1,"DEU"
"494","5089",1,"DEU"
"865","5089",1,"DEU"
"13","5090",1,"DEU"
"18","5090",1,"DEU"
"1808","5090",1,"DEU"
"2","5091",1,"DEU"
"38","5091",1,"DEU"
"218","5091",1,"DEU"
"26","5092",2,"DEU"
"333","5092",1,"DEU"
"5","5093",1,"DEU"
"736","5093",1,"DEU"
"817","5093",1,"DEU"
"1956","5093",1,"DEU"
"15","5094",1,"DEU"
"21","5094",1,"DEU"
"25","5094",1,"DEU"
"826","5094",1,"DEU"
"12","5095",1,"DEU"
"33","5095",1,"DEU"
"1397","5095",1,"DEU"
"1968","5095",1,"DEU"
"1","5096",1,"DEU"
"41","5096",1,"DEU"
"56","5096",1,"DEU"
"474","5096",1,"DEU"
"94","5097",1,"DEU"
"108","5097",1,"DEU"
"1636","5097",1,"DEU"
"147","5098",1,"DEU"
"198","5098",1,"DEU"
"307","5098",1,"DEU"
"360","5098",1,"DEU"
"27","5099",1,"DEU"
"1040","5099",1,"DEU"
"1686","5099",1,"DEU"
"3446","5099",1,"DEU"
"2","5100",1,"DEU"
"30","5100",1,"DEU"
"39","5100",1,"DEU"
"40","5101",1,"DEU"
"46","5101",1,"DEU"
"464","5101",1,"DEU"
"1033","5101",1,"DEU"
"3","5102",1,"DEU"
"41","5102",1,"DEU"
"213","5102",1,"DEU"
"1017","5102",1,"DEU"
"38","5103",1,"DEU"
"63","5103",1,"DEU"
"410","5103",1,"DEU"
"762","5103",1,"DEU"
"159","5104",1,"DEU"
"216","5104",1,"DEU"
"393","5104",1,"DEU"
"402","5104",1,"DEU"
"18","5105",1,"DEU"
"687","5105",1,"DEU"
"859","5105",1,"DEU"
"1867","5105",1,"DEU"
"124","5106",1,"DEU"
"267","5106",1,"DEU"
"1307","5106",1,"DEU"
"2401","5106",1,"DEU"
"4","5107",1,"DEU"
"29","5107",1,"DEU"
"90","5107",1,"DEU"
"827","5107",1,"DEU"
"423","5108",1,"DEU"
"597","5108",1,"DEU"
"704","5108",1,"DEU"
"1605","5108",1,"DEU"
"10","5109",1,"DEU"
"19","5109",1,"DEU"
"23","5109",1,"DEU"
"59","5109",1,"DEU"
"1","5110",1,"DEU"
"38","5110",1,"DEU"
"190","5110",1,"DEU"
"1158","5110",1,"DEU"
"162","5111",1,"DEU"
"1388","5111",1,"DEU"
"3381","5111",1,"DEU"
"10","5112",1,"DEU"
"20","5112",1,"DEU"
"1861","5112",1,"DEU"
"3403","5112",1,"DEU"
"3","5113",1,"DEU"
"100","5113",1,"DEU"
"234","5113",1,"DEU"
"791","5113",1,"DEU"
"20","5114",1,"DEU"
"78","5114",1,"DEU"
"933","5114",1,"DEU"
"164","5115",1,"DEU"
"4128","5115",1,"DEU"
"40","5116",1,"DEU"
"409","5116",1,"DEU"
"814","5116",1,"DEU"
"4741","5116",1,"DEU"
"5","5117",1,"DEU"
"42","5117",1,"DEU"
"147","5117",1,"DEU"
"719","5117",1,"DEU"
"1","5118",1,"DEU"
"2","5118",1,"DEU"
"23","5118",1,"DEU"
"1153","5118",1,"DEU"
"15","5119",1,"DEU"
"97","5119",1,"DEU"
"267","5119",1,"DEU"
"2421","5119",1,"DEU"
"3","5120",1,"DEU"
"15","5120",1,"DEU"
"1352","5120",2,"DEU"
"36","5121",1,"DEU"
"48","5121",1,"DEU"
"59","5121",1,"DEU"
"196","5121",1,"DEU"
"3","5122",1,"DEU"
"11","5122",1,"DEU"
"2171","5122",1,"DEU"
"2","5123",1,"DEU"
"7","5123",1,"DEU"
"20","5123",1,"DEU"
"29","5123",1,"DEU"
"37","5124",1,"DEU"
"45","5124",1,"DEU"
"1235","5124",1,"DEU"
"2476","5124",1,"DEU"
"1","5125",1,"DEU"
"11","5125",1,"DEU"
"714","5125",1,"DEU"
"3","5126",1,"DEU"
"4","5126",1,"DEU"
"44","5126",1,"DEU"
"99","5126",1,"DEU"
"1","5127",1,"DEU"
"22","5127",1,"DEU"
"4080","5127",1,"DEU"
"4403","5127",1,"DEU"
"12","5128",1,"DEU"
"34","5128",1,"DEU"
"46","5128",1,"DEU"
"4290","5128",1,"DEU"
"4","5129",1,"DEU"
"18","5129",1,"DEU"
"674","5129",1,"DEU"
"2319","5129",1,"DEU"
"2","5130",1,"DEU"
"4","5130",1,"DEU"
"24","5130",1,"DEU"
"102","5130",1,"DEU"
"7","5131",1,"DEU"
"20","5131",1,"DEU"
"25","5131",1,"DEU"
"1520","5131",1,"DEU"
"4","5132",1,"DEU"
"141","5132",1,"DEU"
"1257","5132",1,"DEU"
"4140","5132",1,"DEU"
"4","5133",1,"DEU"
"12","5133",1,"DEU"
"408","5133",1,"DEU"
"2101","5133",1,"DEU"
"8","5134",1,"DEU"
"27","5134",1,"DEU"
"48","5134",1,"DEU"
"120","5134",1,"DEU"
"2","5135",1,"DEU"
"3","5135",2,"DEU"
"3277","5135",1,"DEU"
"539","5136",1,"DEU"
"1552","5136",1,"DEU"
"2277","5136",1,"DEU"
"2409","5136",1,"DEU"
"9","5137",1,"DEU"
"70","5137",1,"DEU"
"252","5137",1,"DEU"
"298","5137",1,"DEU"
"1","5138",1,"DEU"
"2","5138",1,"DEU"
"44","5138",1,"DEU"
"547","5138",1,"DEU"
"38","5139",1,"DEU"
"81","5139",1,"DEU"
"3258","5139",1,"DEU"
"3648","5139",1,"DEU"
"2","5140",1,"DEU"
"7","5140",1,"DEU"
"1469","5140",1,"DEU"
"2","5141",2,"DEU"
"14","5141",1,"DEU"
"3403","5141",1,"DEU"
"3","5142",1,"DEU"
"13","5142",1,"DEU"
"21","5142",1,"DEU"
"1313","5142",1,"DEU"
"21","5143",1,"DEU"
"70","5143",1,"DEU"
"1108","5143",1,"DEU"
"2765","5143",1,"DEU"
"1","5144",1,"DEU"
"2","5144",1,"DEU"
"34","5144",1,"DEU"
"2176","5144",1,"DEU"
"1","5145",1,"DEU"
"8","5145",1,"DEU"
"79","5145",1,"DEU"
"3081","5145",1,"DEU"
"1","5146",1,"DEU"
"2","5146",1,"DEU"
"90","5146",1,"DEU"
"238","5146",1,"DEU"
"80","5147",1,"DEU"
"179","5147",1,"DEU"
"2234","5147",1,"DEU"
"4695","5147",1,"DEU"
"1","5148",1,"DEU"
"3","5148",1,"DEU"
"10","5148",1,"DEU"
"1514","5148",1,"DEU"
"1","5149",1,"DEU"
"161","5149",1,"DEU"
"167","5149",1,"DEU"
"436","5149",1,"DEU"
"14","5150",1,"DEU"
"40","5150",1,"DEU"
"269","5150",1,"DEU"
"873","5150",1,"DEU"
"1","5151",1,"DEU"
"13","5151",2,"DEU"
"22","5151",1,"DEU"
"1","5152",1,"DEU"
"3","5152",1,"DEU"
"1199","5152",1,"DEU"
"2590","5152",1,"DEU"
"2","5153",1,"DEU"
"34","5153",1,"DEU"
"44","5153",1,"DEU"
"1136","5153",1,"DEU"
"14","5154",1,"DEU"
"18","5154",1,"DEU"
"32","5154",1,"DEU"
"38","5154",1,"DEU"
"4","5155",1,"DEU"
"9","5155",1,"DEU"
"22","5155",1,"DEU"
"368","5155",1,"DEU"
"10","5156",1,"DEU"
"26","5156",1,"DEU"
"36","5156",1,"DEU"
"1182","5156",1,"DEU"
"2464","5157",2,"DEU"
"5021","5157",2,"DEU"
"24","5158",1,"DEU"
"1593","5158",1,"DEU"
"2342","5158",1,"DEU"
"2650","5158",1,"DEU"
"2","5159",1,"DEU"
"441","5159",1,"DEU"
"4041","5159",1,"DEU"
"4","5160",1,"DEU"
"97","5160",1,"DEU"
"4985","5160",1,"DEU"
"1","5161",1,"DEU"
"93","5161",1,"DEU"
"279","5161",1,"DEU"
"15","5162",2,"DEU"
"21","5163",1,"DEU"
"60","5163",1,"DEU"
"3154","5163",1,"DEU"
"2","5164",1,"DEU"
"10","5164",1,"DEU"
"12","5164",1,"DEU"
"93","5164",1,"DEU"
"4","5165",1,"DEU"
"7","5165",1,"DEU"
"9","5165",1,"DEU"
"138","5165",1,"DEU"
"11","5166",1,"DEU"
"15","5166",1,"DEU"
"55","5166",1,"DEU"
"728","5166",1,"DEU"
"6","5167",1,"DEU"
"3593","5167",1,"DEU"
"1","5168",1,"DEU"
"45","5168",1,"DEU"
"330","5168",1,"DEU"
"1922","5168",1,"DEU"
"13","5169",1,"DEU"
"182","5169",1,"DEU"
"194","5169",1,"DEU"
"1144","5169",1,"DEU"
"29","5170",1,"DEU"
"62","5170",1,"DEU"
"638","5170",1,"DEU"
"1909","5170",1,"DEU"
"147","5171",1,"DEU"
"1876","5171",1,"DEU"
"3297","5171",1,"DEU"
"5070","5171",1,"DEU"
"3","5172",1,"DEU"
"89","5172",1,"DEU"
"1187","5172",1,"DEU"
"3203","5172",1,"DEU"
"2","5173",1,"DEU"
"5","5173",1,"DEU"
"29","5173",1,"DEU"
"192","5173",1,"DEU"
"8","5174",1,"DEU"
"26","5174",1,"DEU"
"3426","5174",1,"DEU"
"2","5175",1,"DEU"
"6","5175",1,"DEU"
"104","5175",1,"DEU"
"949","5175",1,"DEU"
"10","5176",1,"DEU"
"39","5176",1,"DEU"
"40","5176",1,"DEU"
"1094","5176",1,"DEU"
"42","5177",1,"DEU"
"59","5177",1,"DEU"
"228","5177",1,"DEU"
"4","5178",1,"DEU"
"10","5178",1,"DEU"
"18","5178",1,"DEU"
"677","5178",1,"DEU"
"6","5179",1,"DEU"
"13","5179",1,"DEU"
"1136","5179",1,"DEU"
"1","5180",1,"DEU"
"3","5180",1,"DEU"
"535","5180",1,"DEU"
"1182","5180",1,"DEU"
"2","5181",1,"DEU"
"7","5181",1,"DEU"
"458","5181",1,"DEU"
"155","5182",1,"DEU"
"389","5182",1,"DEU"
"1018","5182",1,"DEU"
"2824","5182",1,"DEU"
"2","5183",3,"DEU"
"4","5184",1,"DEU"
"8","5184",2,"DEU"
"62","5184",1,"DEU"
"8","5185",1,"DEU"
"28","5185",1,"DEU"
"400","5185",1,"DEU"
"421","5185",1,"DEU"
"4","5186",1,"DEU"
"67","5186",1,"DEU"
"294","5186",1,"DEU"
"1073","5186",1,"DEU"
"8","5187",1,"DEU"
"20","5187",1,"DEU"
"67","5187",1,"DEU"
"2199","5187",1,"DEU"
"3","5188",1,"DEU"
"11","5188",1,"DEU"
"2744","5188",1,"DEU"
"3020","5188",1,"DEU"
"2","5189",1,"DEU"
"825","5189",1,"DEU"
"1561","5189",1,"DEU"
"2027","5189",1,"DEU"
"38","5190",1,"DEU"
"73","5190",1,"DEU"
"427","5190",1,"DEU"
"1827","5190",1,"DEU"
"1","5191",1,"DEU"
"7","5191",1,"DEU"
"10","5191",1,"DEU"
"1595","5191",1,"DEU"
"2","5192",1,"DEU"
"21","5192",1,"DEU"
"497","5192",1,"DEU"
"1656","5192",1,"DEU"
"2","5193",1,"DEU"
"7","5193",1,"DEU"
"262","5193",1,"DEU"
"3848","5193",1,"DEU"
"3","5194",1,"DEU"
"12","5194",1,"DEU"
"14","5194",1,"DEU"
"935","5194",1,"DEU"
"12","5195",1,"DEU"
"18","5195",1,"DEU"
"578","5195",1,"DEU"
"1","5196",1,"DEU"
"51","5196",1,"DEU"
"252","5196",1,"DEU"
"3627","5196",1,"DEU"
"1","5197",1,"DEU"
"3","5197",1,"DEU"
"28","5197",1,"DEU"
"2021","5197",1,"DEU"
"4","5198",1,"DEU"
"14","5198",1,"DEU"
"264","5198",1,"DEU"
"9","5199",1,"DEU"
"43","5199",1,"DEU"
"44","5199",1,"DEU"
"92","5199",1,"DEU"
"13","5200",1,"DEU"
"122","5200",1,"DEU"
"3","5201",1,"DEU"
"3645","5201",2,"DEU"
"4292","5201",1,"DEU"
"64","5202",1,"DEU"
"128","5202",1,"DEU"
"344","5202",1,"DEU"
"3","5203",1,"DEU"
"12","5203",1,"DEU"
"43","5203",1,"DEU"
"68","5203",1,"DEU"
"76","5204",1,"DEU"
"785","5204",1,"DEU"
"798","5204",1,"DEU"
"2225","5204",1,"DEU"
"3","5205",1,"DEU"
"805","5205",1,"DEU"
"4618","5205",1,"DEU"
"1","5206",1,"DEU"
"3","5206",1,"DEU"
"15","5206",1,"DEU"
"167","5206",1,"DEU"
"1","5207",1,"DEU"
"17","5207",1,"DEU"
"419","5207",1,"DEU"
"4311","5207",1,"DEU"
"5","5208",1,"DEU"
"87","5208",1,"DEU"
"808","5208",1,"DEU"
"4641","5208",1,"DEU"
"1","5209",2,"DEU"
"4","5209",1,"DEU"
"12","5209",1,"DEU"
"51","5210",1,"DEU"
"504","5210",1,"DEU"
"770","5210",1,"DEU"
"1004","5210",1,"DEU"
"14","5211",1,"DEU"
"1311","5211",1,"DEU"
"1835","5211",1,"DEU"
"1973","5211",1,"DEU"
"6","5212",2,"DEU"
"94","5212",2,"DEU"
"7","5213",1,"DEU"
"14","5213",1,"DEU"
"365","5213",1,"DEU"
"1554","5213",1,"DEU"
"1","5214",1,"DEU"
"2","5214",1,"DEU"
"2527","5214",1,"DEU"
"4152","5214",1,"DEU"
"7","5215",1,"DEU"
"26","5215",1,"DEU"
"2069","5215",1,"DEU"
"16","5216",1,"DEU"
"31","5216",1,"DEU"
"100","5216",1,"DEU"
"12","5217",1,"DEU"
"78","5217",1,"DEU"
"923","5217",1,"DEU"
"2288","5217",1,"DEU"
"1","5218",1,"DEU"
"7","5218",1,"DEU"
"12","5218",1,"DEU"
"240","5218",1,"DEU"
"907","5219",1,"DEU"
"1797","5219",1,"DEU"
"2291","5219",1,"DEU"
"16","5220",2,"DEU"
"161","5220",1,"DEU"
"2708","5220",1,"DEU"
"1","5221",1,"DEU"
"10","5221",1,"DEU"
"62","5221",1,"DEU"
"563","5221",1,"DEU"
"223","5222",1,"DEU"
"467","5222",1,"DEU"
"625","5222",1,"DEU"
"2711","5222",1,"DEU"
"14","5223",1,"DEU"
"35","5223",1,"DEU"
"249","5223",1,"DEU"
"4832","5223",1,"DEU"
"8","5224",1,"DEU"
"22","5224",1,"DEU"
"756","5224",1,"DEU"
"4504","5224",1,"DEU"
"8","5225",1,"DEU"
"47","5225",1,"DEU"
"66","5225",1,"DEU"
"116","5225",1,"DEU"
"2","5226",1,"DEU"
"23","5226",1,"DEU"
"25","5226",1,"DEU"
"378","5226",1,"DEU"
"28","5227",1,"DEU"
"56","5227",1,"DEU"
"130","5227",1,"DEU"
"160","5227",1,"DEU"
"26","5228",2,"DEU"
"52","5228",1,"DEU"
"227","5228",1,"DEU"
"1","5229",1,"DEU"
"47","5229",1,"DEU"
"211","5229",1,"DEU"
"753","5229",1,"DEU"
"20","5230",1,"DEU"
"269","5230",1,"DEU"
"3","5231",1,"DEU"
"8","5231",1,"DEU"
"40","5231",1,"DEU"
"810","5231",1,"DEU"
"1","5232",1,"DEU"
"2","5232",1,"DEU"
"29","5232",1,"DEU"
"3750","5232",1,"DEU"
"11","5233",1,"DEU"
"290","5233",1,"DEU"
"4639","5233",1,"DEU"
"12","5234",1,"DEU"
"22","5234",1,"DEU"
"10","5235",1,"DEU"
"25","5235",1,"DEU"
"226","5235",1,"DEU"
"4835","5235",1,"DEU"
"21","5236",1,"DEU"
"196","5236",1,"DEU"
"1630","5236",2,"DEU"
"2","5237",1,"DEU"
"3","5237",1,"DEU"
"9","5237",1,"DEU"
"73","5237",1,"DEU"
"1","5238",1,"DEU"
"89","5238",1,"DEU"
"1116","5238",1,"DEU"
"1449","5238",1,"DEU"
"17","5239",1,"DEU"
"35","5239",1,"DEU"
"52","5239",1,"DEU"
"80","5239",1,"DEU"
"3","5240",1,"DEU"
"33","5240",1,"DEU"
"53","5240",1,"DEU"
"117","5240",1,"DEU"
"8","5241",1,"DEU"
"96","5241",1,"DEU"
"166","5241",1,"DEU"
"820","5241",1,"DEU"
"1","5242",1,"DEU"
"9","5242",1,"DEU"
"424","5242",1,"DEU"
"1796","5242",1,"DEU"
"3","5243",1,"DEU"
"50","5243",1,"DEU"
"3893","5243",1,"DEU"
"25","5244",1,"DEU"
"27","5244",1,"DEU"
"29","5244",1,"DEU"
"498","5244",1,"DEU"
"3","5245",1,"DEU"
"38","5245",1,"DEU"
"137","5245",1,"DEU"
"456","5245",1,"DEU"
"2","5246",1,"DEU"
"44","5246",1,"DEU"
"116","5246",1,"DEU"
"2887","5246",1,"DEU"
"3","5247",2,"DEU"
"27","5247",1,"DEU"
"44","5247",1,"DEU"
"2","5248",2,"DEU"
"23","5248",1,"DEU"
"2648","5248",1,"DEU"
"10","5249",1,"DEU"
"259","5249",1,"DEU"
"273","5249",1,"DEU"
"24","5250",1,"DEU"
"80","5250",1,"DEU"
"343","5250",1,"DEU"
"1698","5250",1,"DEU"
"3","5251",2,"DEU"
"809","5251",1,"DEU"
"1082","5251",1,"DEU"
"7","5252",1,"DEU"
"25","5252",1,"DEU"
"97","5252",1,"DEU"
"637","5252",1,"DEU"
"38","5253",1,"DEU"
"315","5253",1,"DEU"
"80","5254",1,"DEU"
"432","5254",1,"DEU"
"489","5254",1,"DEU"
"4","5255",1,"DEU"
"10","5255",1,"DEU"
"519","5255",1,"DEU"
"744","5255",1,"DEU"
"1","5256",1,"DEU"
"2","5256",1,"DEU"
"63","5256",2,"DEU"
"3","5257",1,"DEU"
"21","5257",1,"DEU"
"656","5257",1,"DEU"
"1006","5257",1,"DEU"
"2","5258",1,"DEU"
"18","5258",1,"DEU"
"23","5258",1,"DEU"
"849","5258",1,"DEU"
"42","5259",2,"DEU"
"258","5259",1,"DEU"
"472","5259",1,"DEU"
"21","5260",1,"DEU"
"28","5260",1,"DEU"
"1196","5260",1,"DEU"
"4227","5260",1,"DEU"
"1","5261",1,"DEU"
"27","5261",1,"DEU"
"108","5261",1,"DEU"
"3092","5261",1,"DEU"
"1","5262",1,"DEU"
"238","5262",1,"DEU"
"2138","5262",1,"DEU"
"13","5263",1,"DEU"
"30","5263",1,"DEU"
"189","5263",1,"DEU"
"5234","5263",1,"DEU"
"3","5264",1,"DEU"
"60","5264",1,"DEU"
"4","5265",1,"DEU"
"32","5265",1,"DEU"
"4951","5265",2,"DEU"
"10","5266",1,"DEU"
"193","5266",1,"DEU"
"310","5266",1,"DEU"
"3696","5266",1,"DEU"
"11","5267",1,"DEU"
"25","5267",1,"DEU"
"3356","5267",1,"DEU"
"4552","5267",1,"DEU"
"12","5268",1,"DEU"
"393","5268",1,"DEU"
"1319","5268",1,"DEU"
"34","5269",1,"DEU"
"60","5269",1,"DEU"
"210","5269",1,"DEU"
"4683","5269",1,"DEU"
"1","5270",1,"DEU"
"1491","5270",1,"DEU"
"1608","5270",1,"DEU"
"4816","5270",1,"DEU"
"679","5271",1,"DEU"
"2128","5271",1,"DEU"
"4012","5271",1,"DEU"
"1","5272",1,"DEU"
"34","5272",1,"DEU"
"2570","5272",1,"DEU"
"54","5273",1,"DEU"
"1423","5273",1,"DEU"
"1791","5273",1,"DEU"
"229","5274",1,"DEU"
"1407","5274",1,"DEU"
"1947","5274",1,"DEU"
"3978","5274",1,"DEU"
"3","5275",1,"DEU"
"2874","5275",2,"DEU"
"5012","5275",1,"DEU"
"2","5276",1,"DEU"
"3","5276",1,"DEU"
"11","5276",1,"DEU"
"4568","5276",1,"DEU"
"3","5277",1,"DEU"
"4","5277",2,"DEU"
"1651","5277",1,"DEU"
"10","5278",1,"DEU"
"42","5278",1,"DEU"
"3183","5278",2,"DEU"
"3","5279",1,"DEU"
"59","5279",1,"DEU"
"1619","5279",1,"DEU"
"38","5280",1,"DEU"
"56","5280",1,"DEU"
"2805","5280",1,"DEU"
"3","5281",1,"DEU"
"44","5281",1,"DEU"
"164","5281",1,"DEU"
"456","5281",1,"DEU"
"31","5282",1,"DEU"
"45","5282",1,"DEU"
"413","5282",1,"DEU"
"837","5282",1,"DEU"
"1","5283",1,"DEU"
"118","5283",1,"DEU"
"1151","5283",1,"DEU"
"1519","5283",1,"DEU"
"2","5284",1,"DEU"
"16","5284",1,"DEU"
"347","5284",1,"DEU"
"458","5284",1,"DEU"
"2","5285",1,"DEU"
"26","5285",1,"DEU"
"578","5285",1,"DEU"
"2","5286",1,"DEU"
"4","5286",1,"DEU"
"22","5286",1,"DEU"
"36","5286",1,"DEU"
"12","5287",1,"DEU"
"19","5287",1,"DEU"
"97","5287",1,"DEU"
"1030","5287",1,"DEU"
"13","5288",1,"DEU"
"27","5288",1,"DEU"
"100","5288",1,"DEU"
"5069","5288",1,"DEU"
"29","5289",1,"DEU"
"313","5289",1,"DEU"
"1270","5289",1,"DEU"
"4910","5289",1,"DEU"
"11","5290",1,"DEU"
"840","5290",1,"DEU"
"3","5291",1,"DEU"
"12","5291",1,"DEU"
"124","5291",1,"DEU"
"280","5292",1,"DEU"
"528","5292",1,"DEU"
"728","5292",1,"DEU"
"6","5293",1,"DEU"
"12","5293",1,"DEU"
"208","5293",1,"DEU"
"2638","5293",1,"DEU"
"12","5294",1,"DEU"
"39","5294",1,"DEU"
"876","5294",1,"DEU"
"3519","5294",1,"DEU"
"8","5295",1,"DEU"
"44","5295",1,"DEU"
"17","5296",1,"DEU"
"254","5296",1,"DEU"
"9","5297",1,"DEU"
"12","5297",1,"DEU"
"397","5297",1,"DEU"
"611","5297",1,"DEU"
"16","5298",1,"DEU"
"29","5298",1,"DEU"
"1210","5298",1,"DEU"
"4386","5298",1,"DEU"
"6","5299",2,"DEU"
"33","5300",1,"DEU"
"113","5300",1,"DEU"
"417","5300",1,"DEU"
"991","5300",1,"DEU"
"1","5301",1,"DEU"
"94","5301",1,"DEU"
"116","5301",1,"DEU"
"482","5301",1,"DEU"
"11","5302",1,"DEU"
"12","5302",1,"DEU"
"954","5302",1,"DEU"
"4779","5302",1,"DEU"
"1","5303",1,"DEU"
"2","5303",1,"DEU"
"51","5303",1,"DEU"
"3863","5303",1,"DEU"
"3","5304",1,"DEU"
"14","5304",1,"DEU"
"17","5304",1,"DEU"
"57","5304",1,"DEU"
"2","5305",2,"DEU"
"3403","5305",1,"DEU"
"1","5306",1,"DEU"
"3231","5306",2,"DEU"
"2","5307",1,"DEU"
"11","5307",1,"DEU"
"13","5307",1,"DEU"
"1481","5307",1,"DEU"
"3","5308",2,"DEU"
"2001","5308",1,"DEU"
"3507","5308",1,"DEU"
"1","5309",1,"DEU"
"2","5309",1,"DEU"
"63","5309",1,"DEU"
"176","5309",1,"DEU"
"139","5310",1,"DEU"
"618","5310",1,"DEU"
"1263","5310",1,"DEU"
"4611","5310",1,"DEU"
"1","5311",1,"DEU"
"6","5311",1,"DEU"
"7","5311",1,"DEU"
"972","5311",1,"DEU"
"10","5312",1,"DEU"
"15","5312",1,"DEU"
"26","5312",1,"DEU"
"83","5312",1,"DEU"
"11","5313",1,"DEU"
"78","5313",1,"DEU"
"1315","5313",1,"DEU"
"3130","5313",1,"DEU"
"11","5314",1,"DEU"
"19","5314",1,"DEU"
"44","5314",1,"DEU"
"454","5314",1,"DEU"
"2","5315",1,"DEU"
"7","5315",1,"DEU"
"26","5315",1,"DEU"
"1446","5315",1,"DEU"
"1","5316",1,"DEU"
"7","5316",1,"DEU"
"38","5316",1,"DEU"
"317","5316",1,"DEU"
"7","5317",1,"DEU"
"37","5317",1,"DEU"
"1961","5317",1,"DEU"
"3300","5317",1,"DEU"
"3","5318",1,"DEU"
"10","5318",1,"DEU"
"22","5318",1,"DEU"
"39","5318",1,"DEU"
"1","5319",1,"DEU"
"12","5319",1,"DEU"
"22","5319",1,"DEU"
"1952","5319",1,"DEU"
"10","5320",1,"DEU"
"41","5320",1,"DEU"
"99","5320",1,"DEU"
"354","5320",1,"DEU"
"2","5321",1,"DEU"
"4","5321",1,"DEU"
"24","5321",1,"DEU"
"2118","5321",1,"DEU"
"1","5322",1,"DEU"
"137","5322",1,"DEU"
"307","5322",1,"DEU"
"1253","5322",1,"DEU"
"2","5323",1,"DEU"
"18","5323",1,"DEU"
"97","5323",1,"DEU"
"13","5324",1,"DEU"
"22","5324",1,"DEU"
"26","5324",1,"DEU"
"212","5324",1,"DEU"
"3","5325",1,"DEU"
"11","5325",1,"DEU"
"32","5325",1,"DEU"
"60","5325",1,"DEU"
"1","5326",1,"DEU"
"124","5326",1,"DEU"
"186","5326",1,"DEU"
"1","5327",1,"DEU"
"2","5327",1,"DEU"
"13","5327",1,"DEU"
"21","5327",1,"DEU"
"3","5328",1,"DEU"
"21","5328",1,"DEU"
"128","5328",1,"DEU"
"506","5328",1,"DEU"
"3","5329",1,"DEU"
"133","5329",1,"DEU"
"884","5329",1,"DEU"
"3172","5329",1,"DEU"
"2","5330",1,"DEU"
"3","5330",1,"DEU"
"100","5330",1,"DEU"
"36","5331",1,"DEU"
"39","5331",1,"DEU"
"124","5331",1,"DEU"
"9","5332",2,"DEU"
"19","5332",1,"DEU"
"1","5333",1,"DEU"
"13","5333",1,"DEU"
"19","5333",1,"DEU"
"2439","5333",1,"DEU"
"18","5334",1,"DEU"
"293","5334",1,"DEU"
"1623","5334",1,"DEU"
"3053","5334",1,"DEU"
"3","5335",1,"DEU"
"317","5335",1,"DEU"
"640","5335",1,"DEU"
"1","5336",2,"DEU"
"4","5336",1,"DEU"
"172","5336",1,"DEU"
"24","5337",1,"DEU"
"234","5337",1,"DEU"
"617","5337",1,"DEU"
"3466","5338",2,"DEU"
"4925","5338",2,"DEU"
"1","5339",1,"DEU"
"4","5339",1,"DEU"
"6","5339",1,"DEU"
"289","5339",1,"DEU"
"13","5340",1,"DEU"
"18","5340",1,"DEU"
"90","5340",1,"DEU"
"1","5341",2,"DEU"
"2","5341",1,"DEU"
"15","5342",2,"DEU"
"532","5342",1,"DEU"
"2","5343",2,"DEU"
"956","5343",1,"DEU"
"2441","5343",1,"DEU"
"3","5344",1,"DEU"
"12","5344",1,"DEU"
"445","5344",1,"DEU"
"4278","5344",1,"DEU"
"1","5345",1,"DEU"
"202","5345",1,"DEU"
"1396","5345",1,"DEU"
"5008","5345",1,"DEU"
"4","5346",1,"DEU"
"110","5346",1,"DEU"
"534","5346",1,"DEU"
"1050","5346",1,"DEU"
"1","5347",1,"DEU"
"8","5347",1,"DEU"
"123","5347",1,"DEU"
"531","5347",1,"DEU"
"2","5348",1,"DEU"
"4","5348",1,"DEU"
"14","5348",1,"DEU"
"26","5348",1,"DEU"
"371","5349",1,"DEU"
"1352","5349",1,"DEU"
"3456","5349",1,"DEU"
"332","5350",1,"DEU"
"704","5350",1,"DEU"
"2919","5350",1,"DEU"
"1","5351",1,"DEU"
"10","5351",1,"DEU"
"26","5351",1,"DEU"
"926","5351",1,"DEU"
"35","5352",1,"DEU"
"250","5352",1,"DEU"
"1548","5352",1,"DEU"
"4875","5352",1,"DEU"
"10","5353",1,"DEU"
"11","5353",1,"DEU"
"12","5353",1,"DEU"
"14","5353",1,"DEU"
"22","5354",1,"DEU"
"138","5354",1,"DEU"
"1658","5354",1,"DEU"
"2011","5354",1,"DEU"
"815","5355",2,"DEU"
"8","5356",1,"DEU"
"104","5356",1,"DEU"
"909","5356",1,"DEU"
"11","5357",1,"DEU"
"15","5357",1,"DEU"
"140","5357",1,"DEU"
"1821","5357",1,"DEU"
"2","5358",1,"DEU"
"48","5358",1,"DEU"
"77","5358",1,"DEU"
"340","5358",1,"DEU"
"21","5359",1,"DEU"
"190","5359",1,"DEU"
"1295","5359",1,"DEU"
"3","5360",2,"DEU"
"8","5360",1,"DEU"
"1136","5360",1,"DEU"
"2","5361",1,"DEU"
"15","5361",2,"DEU"
"1","5362",1,"DEU"
"2","5362",1,"DEU"
"340","5362",1,"DEU"
"3246","5362",1,"DEU"
"18","5363",1,"DEU"
"97","5363",1,"DEU"
"2912","5363",1,"DEU"
"15","5364",1,"DEU"
"55","5364",1,"DEU"
"3964","5364",1,"DEU"
"5215","5364",1,"DEU"
"18","5365",1,"DEU"
"40","5365",1,"DEU"
"61","5365",1,"DEU"
"437","5365",1,"DEU"
"60","5366",1,"DEU"
"531","5366",1,"DEU"
"1133","5366",1,"DEU"
"3866","5366",1,"DEU"
"210","5367",1,"DEU"
"279","5367",1,"DEU"
"297","5367",1,"DEU"
"1654","5367",1,"DEU"
"1","5368",1,"DEU"
"9","5368",2,"DEU"
"836","5368",1,"DEU"
"2","5369",1,"DEU"
"10","5369",1,"DEU"
"1863","5369",1,"DEU"
"2120","5369",1,"DEU"
"1","5370",2,"DEU"
"3","5370",1,"DEU"
"3952","5370",1,"DEU"
"1","5371",1,"DEU"
"9","5371",1,"DEU"
"898","5371",1,"DEU"
"4486","5371",1,"DEU"
"1","5372",1,"DEU"
"18","5372",1,"DEU"
"44","5372",1,"DEU"
"339","5372",1,"DEU"
"4","5373",1,"DEU"
"614","5373",1,"DEU"
"3020","5373",1,"DEU"
"4","5374",1,"DEU"
"167","5374",1,"DEU"
"533","5374",1,"DEU"
"1528","5375",1,"DEU"
"5174","5375",1,"DEU"
"11","5376",2,"DEU"
"1","5377",1,"DEU"
"14","5377",1,"DEU"
"22","5377",1,"DEU"
"26","5377",1,"DEU"
"1","5378",1,"DEU"
"24","5378",1,"DEU"
"39","5378",1,"DEU"
"28","5379",1,"DEU"
"492","5379",1,"DEU"
"2276","5379",1,"DEU"
"8","5380",1,"DEU"
"11","5380",1,"DEU"
"82","5380",2,"DEU"
"1","5381",1,"DEU"
"15","5381",1,"DEU"
"30","5381",1,"DEU"
"32","5381",1,"DEU"
"6","5382",1,"DEU"
"44","5382",1,"DEU"
"986","5382",1,"DEU"
"2030","5382",1,"DEU"
"1","5383",1,"DEU"
"13","5383",2,"DEU"
"32","5383",1,"DEU"
"7","5384",1,"DEU"
"9","5384",1,"DEU"
"12","5384",1,"DEU"
"245","5384",1,"DEU"
"3","5385",1,"DEU"
"15","5385",1,"DEU"
"26","5385",1,"DEU"
"5075","5385",1,"DEU"
"1","5386",1,"DEU"
"124","5386",1,"DEU"
"985","5386",1,"DEU"
"3","5387",1,"DEU"
"13","5387",1,"DEU"
"15","5387",1,"DEU"
"175","5387",1,"DEU"
"49","5388",1,"DEU"
"109","5388",1,"DEU"
"393","5388",1,"DEU"
"2293","5388",1,"DEU"
"88","5389",1,"DEU"
"3966","5389",1,"DEU"
"3986","5389",1,"DEU"
"3","5390",1,"DEU"
"54","5390",1,"DEU"
"164","5390",1,"DEU"
"415","5390",1,"DEU"
"22","5391",1,"DEU"
"73","5391",1,"DEU"
"553","5391",1,"DEU"
"3685","5391",1,"DEU"
"142","5392",1,"DEU"
"168","5392",1,"DEU"
"418","5392",1,"DEU"
"1674","5392",1,"DEU"
"12","5393",1,"DEU"
"360","5393",1,"DEU"
"2300","5393",1,"DEU"
"4831","5393",1,"DEU"
"11","5394",1,"DEU"
"27","5394",2,"DEU"
"148","5394",1,"DEU"
"15","5395",2,"DEU"
"81","5395",1,"DEU"
"1700","5395",1,"DEU"
"12","5396",1,"DEU"
"37","5396",1,"DEU"
"342","5396",1,"DEU"
"5159","5396",1,"DEU"
"6","5397",1,"DEU"
"113","5397",1,"DEU"
"216","5397",1,"DEU"
"944","5397",1,"DEU"
"50","5398",1,"DEU"
"226","5398",1,"DEU"
"846","5398",1,"DEU"
"2292","5398",1,"DEU"
"3","5399",1,"DEU"
"51","5399",1,"DEU"
"83","5399",1,"DEU"
"2008","5399",1,"DEU"
"2","5400",1,"DEU"
"14","5400",1,"DEU"
"15","5400",1,"DEU"
"1","5401",1,"DEU"
"18","5401",1,"DEU"
"242","5401",1,"DEU"
"3486","5401",1,"DEU"
"4","5402",1,"DEU"
"8","5402",2,"DEU"
"167","5402",1,"DEU"
"3207","5403",1,"DEU"
"5006","5403",1,"DEU"
"2","5404",1,"DEU"
"25","5404",1,"DEU"
"632","5404",1,"DEU"
"1423","5404",1,"DEU"
"2","5405",1,"DEU"
"3","5405",1,"DEU"
"480","5405",1,"DEU"
"785","5405",1,"DEU"
"2","5406",2,"DEU"
"11","5406",1,"DEU"
"1238","5406",1,"DEU"
"1","5407",1,"DEU"
"994","5407",1,"DEU"
"1719","5407",1,"DEU"
"3365","5407",1,"DEU"
"3","5408",1,"DEU"
"8","5408",1,"DEU"
"136","5408",1,"DEU"
"267","5408",1,"DEU"
"6","5409",1,"DEU"
"126","5409",1,"DEU"
"392","5409",1,"DEU"
"70","5410",1,"DEU"
"443","5410",1,"DEU"
"782","5410",1,"DEU"
"8","5411",1,"DEU"
"13","5411",1,"DEU"
"116","5411",1,"DEU"
"533","5411",1,"DEU"
"4","5412",1,"DEU"
"12","5412",1,"DEU"
"22","5412",1,"DEU"
"39","5412",1,"DEU"
"46","5413",1,"DEU"
"93","5413",2,"DEU"
"1","5414",1,"DEU"
"46","5414",1,"DEU"
"202","5414",1,"DEU"
"777","5414",1,"DEU"
"71","5415",1,"DEU"
"696","5415",1,"DEU"
"832","5415",1,"DEU"
"1615","5415",1,"DEU"
"18","5416",2,"DEU"
"29","5416",1,"DEU"
"59","5416",1,"DEU"
"93","5417",1,"DEU"
"142","5417",1,"DEU"
"639","5417",1,"DEU"
"1017","5417",1,"DEU"
"2","5418",2,"DEU"
"730","5418",1,"DEU"
"1116","5418",1,"DEU"
"8","5419",1,"DEU"
"9","5419",1,"DEU"
"125","5419",1,"DEU"
"2168","5419",1,"DEU"
"7","5420",2,"DEU"
"2065","5420",1,"DEU"
"3257","5420",1,"DEU"
"1","5421",3,"DEU"
"3","5421",1,"DEU"
"8","5422",1,"DEU"
"1717","5422",1,"DEU"
"7","5423",2,"DEU"
"34","5423",1,"DEU"
"234","5423",1,"DEU"
"2","5424",1,"DEU"
"3","5424",1,"DEU"
"75","5424",1,"DEU"
"792","5424",1,"DEU"
"11","5425",2,"DEU"
"32","5425",1,"DEU"
"3","5426",2,"DEU"
"31","5426",1,"DEU"
"70","5426",1,"DEU"
"2","5427",1,"DEU"
"7","5427",1,"DEU"
"9","5427",1,"DEU"
"11","5427",1,"DEU"
"3","5428",1,"DEU"
"6","5428",1,"DEU"
"80","5428",1,"DEU"
"229","5428",1,"DEU"
"4","5429",1,"DEU"
"7","5429",1,"DEU"
"24","5429",1,"DEU"
"1","5430",2,"DEU"
"10","5430",1,"DEU"
"24","5431",1,"DEU"
"32","5431",1,"DEU"
"34","5431",1,"DEU"
"44","5431",1,"DEU"
"31","5432",1,"DEU"
"1377","5432",1,"DEU"
"3976","5432",1,"DEU"
"4203","5432",1,"DEU"
"3","5433",1,"DEU"
"39","5433",1,"DEU"
"139","5433",1,"DEU"
"3","5434",1,"DEU"
"99","5434",1,"DEU"
"334","5434",1,"DEU"
"449","5434",1,"DEU"
"1","5435",1,"DEU"
"3","5435",1,"DEU"
"151","5435",1,"DEU"
"367","5435",1,"DEU"
"59","5436",1,"DEU"
"564","5436",1,"DEU"
"3837","5436",1,"DEU"
"4581","5436",1,"DEU"
"2","5437",1,"DEU"
"7","5437",1,"DEU"
"34","5437",1,"DEU"
"5279","5437",1,"DEU"
"482","5438",1,"DEU"
"758","5438",1,"DEU"
"1440","5438",1,"DEU"
"3262","5438",1,"DEU"
"262","5439",1,"DEU"
"1231","5439",1,"DEU"
"2744","5439",1,"DEU"
"3","5440",1,"DEU"
"15","5440",2,"DEU"
"602","5440",1,"DEU"
"7","5441",1,"DEU"
"2340","5441",1,"DEU"
"22","5442",1,"DEU"
"32","5442",1,"DEU"
"534","5442",1,"DEU"
"8","5443",1,"DEU"
"30","5443",1,"DEU"
"554","5443",1,"DEU"
"1202","5444",1,"DEU"
"1238","5444",1,"DEU"
"1","5445",1,"DEU"
"441","5445",1,"DEU"
"3403","5445",1,"DEU"
"1404","5446",1,"DEU"
"2028","5446",1,"DEU"
"3524","5446",1,"DEU"
"1","5447",1,"DEU"
"2","5447",1,"DEU"
"89","5447",1,"DEU"
"649","5447",1,"DEU"
"22","5448",1,"DEU"
"39","5448",1,"DEU"
"1787","5448",1,"DEU"
"3794","5448",1,"DEU"
"44","5449",1,"DEU"
"129","5449",1,"DEU"
"1459","5449",1,"DEU"
"1","5450",1,"DEU"
"13","5450",1,"DEU"
"82","5450",1,"DEU"
"483","5450",1,"DEU"
"1","5451",1,"DEU"
"8","5451",1,"DEU"
"97","5451",1,"DEU"
"506","5451",1,"DEU"
"3","5452",1,"DEU"
"4","5452",1,"DEU"
"96","5452",1,"DEU"
"277","5452",1,"DEU"
"8","5453",1,"DEU"
"15","5453",1,"DEU"
"3092","5453",1,"DEU"
"3332","5453",1,"DEU"
"2","5454",2,"DEU"
"158","5454",1,"DEU"
"4443","5454",1,"DEU"
"14","5455",1,"DEU"
"16","5455",1,"DEU"
"121","5455",1,"DEU"
"2804","5455",1,"DEU"
"13","5456",2,"DEU"
"33","5456",1,"DEU"
"252","5456",1,"DEU"
"1","5457",1,"DEU"
"7","5457",1,"DEU"
"21","5457",1,"DEU"
"1786","5457",1,"DEU"
"7","5458",1,"DEU"
"9","5458",1,"DEU"
"1760","5458",1,"DEU"
"1","5459",1,"DEU"
"2","5459",1,"DEU"
"26","5459",1,"DEU"
"124","5459",1,"DEU"
"2","5460",1,"DEU"
"176","5460",1,"DEU"
"474","5460",1,"DEU"
"4821","5460",1,"DEU"
"4","5461",1,"DEU"
"195","5461",2,"DEU"
"477","5461",1,"DEU"
"194","5462",2,"DEU"
"2979","5462",1,"DEU"
"4","5463",1,"DEU"
"13","5463",1,"DEU"
"4899","5463",1,"DEU"
"2","5464",1,"DEU"
"3","5464",1,"DEU"
"321","5464",1,"DEU"
"2359","5464",1,"DEU"
"8","5465",1,"DEU"
"32","5465",1,"DEU"
"214","5465",1,"DEU"
"1003","5465",1,"DEU"
"10","5466",1,"DEU"
"59","5466",1,"DEU"
"868","5466",1,"DEU"
"2586","5466",1,"DEU"
"3","5467",1,"DEU"
"64","5467",1,"DEU"
"1129","5467",1,"DEU"
"2001","5467",1,"DEU"
"343","5468",1,"DEU"
"726","5468",1,"DEU"
"2221","5468",1,"DEU"
"5083","5468",1,"DEU"
"2","5469",1,"DEU"
"3","5469",2,"DEU"
"4580","5469",1,"DEU"
"4","5470",1,"DEU"
"21","5470",1,"DEU"
"41","5470",1,"DEU"
"20","5471",1,"DEU"
"26","5471",1,"DEU"
"1772","5471",1,"DEU"
"3123","5471",1,"DEU"
"21","5472",1,"DEU"
"27","5472",1,"DEU"
"949","5472",1,"DEU"
"8","5473",1,"DEU"
"46","5473",1,"DEU"
"117","5473",2,"DEU"
"11","5474",2,"DEU"
"114","5474",1,"DEU"
"720","5474",1,"DEU"
"27","5475",1,"DEU"
"53","5475",1,"DEU"
"382","5475",1,"DEU"
"1170","5475",1,"DEU"
"3","5476",1,"DEU"
"10","5476",1,"DEU"
"12","5476",1,"DEU"
"2103","5476",1,"DEU"
"4","5477",1,"DEU"
"29","5477",1,"DEU"
"116","5477",1,"DEU"
"3631","5477",1,"DEU"
"3","5478",1,"DEU"
"7","5478",1,"DEU"
"12","5478",1,"DEU"
"158","5478",1,"DEU"
"12","5479",1,"DEU"
"26","5479",1,"DEU"
"1483","5479",1,"DEU"
"2","5480",1,"DEU"
"9","5480",1,"DEU"
"378","5480",1,"DEU"
"2782","5480",1,"DEU"
"2","5481",1,"DEU"
"15","5481",1,"DEU"
"112","5481",1,"DEU"
"3","5482",1,"DEU"
"58","5482",1,"DEU"
"2167","5482",1,"DEU"
"11","5483",2,"DEU"
"408","5483",1,"DEU"
"1134","5483",1,"DEU"
"12","5484",1,"DEU"
"58","5484",1,"DEU"
"997","5484",1,"DEU"
"5161","5484",1,"DEU"
"4","5485",1,"DEU"
"14","5485",1,"DEU"
"64","5485",1,"DEU"
"1422","5485",1,"DEU"
"1","5486",2,"DEU"
"32","5486",1,"DEU"
"3","5487",1,"DEU"
"8","5487",1,"DEU"
"12","5487",1,"DEU"
"1880","5487",1,"DEU"
"1","5488",1,"DEU"
"640","5488",1,"DEU"
"2008","5488",1,"DEU"
"5349","5488",1,"DEU"
"2","5489",2,"DEU"
"62","5489",1,"DEU"
"128","5489",1,"DEU"
"2","5490",1,"DEU"
"297","5490",1,"DEU"
"386","5490",1,"DEU"
"2052","5490",1,"DEU"
"2","5491",1,"DEU"
"39","5491",1,"DEU"
"62","5491",1,"DEU"
"230","5491",1,"DEU"
"8","5492",1,"DEU"
"63","5492",1,"DEU"
"597","5492",1,"DEU"
"476","5493",1,"DEU"
"766","5493",1,"DEU"
"845","5493",2,"DEU"
"15","5494",1,"DEU"
"28","5494",1,"DEU"
"2509","5494",1,"DEU"
"3416","5494",1,"DEU"
"3","5495",1,"DEU"
"18","5495",1,"DEU"
"2457","5495",1,"DEU"
"5162","5495",1,"DEU"
"20","5496",1,"DEU"
"913","5496",1,"DEU"
"1201","5496",1,"DEU"
"5249","5496",1,"DEU"
"1","5497",1,"DEU"
"3","5497",1,"DEU"
"11","5497",1,"DEU"
"4322","5497",1,"DEU"
"2","5498",1,"DEU"
"59","5498",1,"DEU"
"250","5498",1,"DEU"
"1114","5498",1,"DEU"
"17","5499",1,"DEU"
"42","5499",1,"DEU"
"625","5499",1,"DEU"
"6","5500",2,"DEU"
"9","5500",1,"DEU"
"18","5500",1,"DEU"
"1","5501",1,"DEU"
"595","5501",1,"DEU"
"2409","5501",1,"DEU"
"10","5502",1,"DEU"
"14","5502",1,"DEU"
"312","5502",1,"DEU"
"2179","5502",1,"DEU"
"2","5503",1,"DEU"
"3","5503",1,"DEU"
"44","5503",1,"DEU"
"968","5503",1,"DEU"
"3","5504",1,"DEU"
"1090","5504",1,"DEU"
"3021","5504",1,"DEU"
"27","5505",1,"DEU"
"46","5505",1,"DEU"
"264","5505",1,"DEU"
"767","5505",1,"DEU"
"1","5506",1,"DEU"
"2","5506",1,"DEU"
"26","5506",1,"DEU"
"665","5506",1,"DEU"
"1","5507",1,"DEU"
"12","5507",1,"DEU"
"521","5507",1,"DEU"
"5326","5507",1,"DEU"
"2","5508",2,"DEU"
"124","5508",1,"DEU"
"4401","5508",1,"DEU"
"27","5509",2,"DEU"
"54","5509",1,"DEU"
"413","5509",1,"DEU"
"11","5510",1,"DEU"
"123","5510",1,"DEU"
"3","5511",1,"DEU"
"53","5511",1,"DEU"
"319","5511",1,"DEU"
"1","5512",2,"DEU"
"12","5512",1,"DEU"
"25","5512",1,"DEU"
"11","5513",1,"DEU"
"4221","5513",1,"DEU"
"4399","5513",1,"DEU"
"2","5514",1,"DEU"
"44","5514",1,"DEU"
"746","5514",1,"DEU"
"1885","5514",1,"DEU"
"1","5515",1,"DEU"
"2","5515",1,"DEU"
"3","5515",1,"DEU"
"9","5516",1,"DEU"
"67","5516",1,"DEU"
"879","5516",1,"DEU"
"1687","5516",1,"DEU"
"174","5517",1,"DEU"
"1743","5517",1,"DEU"
"2730","5517",1,"DEU"
"35","5518",1,"DEU"
"897","5518",1,"DEU"
"899","5518",1,"DEU"
"24","5519",1,"DEU"
"30","5519",1,"DEU"
"59","5519",1,"DEU"
"488","5519",1,"DEU"
"2","5520",1,"DEU"
"116","5520",1,"DEU"
"1317","5520",1,"DEU"
"3","5521",2,"DEU"
"5","5521",1,"DEU"
"63","5521",1,"DEU"
"8","5522",1,"DEU"
"17","5522",1,"DEU"
"19","5522",1,"DEU"
"20","5522",1,"DEU"
"1","5523",1,"DEU"
"2","5523",1,"DEU"
"26","5523",1,"DEU"
"90","5523",1,"DEU"
"10","5524",1,"DEU"
"30","5524",1,"DEU"
"34","5524",1,"DEU"
"814","5524",1,"DEU"
"21","5525",1,"DEU"
"26","5525",1,"DEU"
"62","5525",1,"DEU"
"1772","5525",1,"DEU"
"21","5526",1,"DEU"
"22","5526",1,"DEU"
"669","5526",1,"DEU"
"2418","5526",1,"DEU"
"11","5527",1,"DEU"
"39","5527",1,"DEU"
"172","5527",1,"DEU"
"5043","5527",1,"DEU"
"2","5528",2,"DEU"
"32","5528",1,"DEU"
"3357","5528",1,"DEU"
"2","5529",1,"DEU"
"20","5529",1,"DEU"
"394","5529",1,"DEU"
"3325","5529",1,"DEU"
"19","5530",1,"DEU"
"33","5530",1,"DEU"
"1576","5530",1,"DEU"
"2672","5530",1,"DEU"
"41","5531",1,"DEU"
"175","5531",1,"DEU"
"220","5531",1,"DEU"
"2766","5531",1,"DEU"
"2","5532",1,"DEU"
"803","5532",1,"DEU"
"1127","5532",1,"DEU"
"1459","5532",1,"DEU"
"3","5533",1,"DEU"
"296","5533",1,"DEU"
"461","5533",1,"DEU"
"2108","5533",1,"DEU"
"2","5534",2,"DEU"
"52","5534",1,"DEU"
"3","5535",1,"DEU"
"7","5535",1,"DEU"
"15","5535",1,"DEU"
"69","5535",1,"DEU"
"26","5536",2,"DEU"
"842","5536",1,"DEU"
"1","5537",1,"DEU"
"34","5537",1,"DEU"
"3695","5537",1,"DEU"
"4555","5537",1,"DEU"
"15","5538",1,"DEU"
"25","5538",1,"DEU"
"72","5538",1,"DEU"
"2025","5538",1,"DEU"
"1","5539",1,"DEU"
"13","5539",1,"DEU"
"7","5540",2,"DEU"
"31","5540",1,"DEU"
"2","5541",1,"DEU"
"4","5541",1,"DEU"
"7","5541",1,"DEU"
"443","5541",1,"DEU"
"1258","5542",1,"DEU"
"1826","5542",1,"DEU"
"11","5543",1,"DEU"
"107","5543",1,"DEU"
"124","5543",1,"DEU"
"4780","5543",1,"DEU"
"13","5544",1,"DEU"
"24","5544",1,"DEU"
"141","5544",1,"DEU"
"1218","5544",1,"DEU"
"1","5545",1,"DEU"
"12","5545",1,"DEU"
"15","5545",1,"DEU"
"85","5545",1,"DEU"
"162","5546",1,"DEU"
"320","5546",1,"DEU"
"3937","5546",1,"DEU"
"1","5547",1,"DEU"
"6","5547",1,"DEU"
"29","5547",1,"DEU"
"7","5548",1,"DEU"
"36","5548",1,"DEU"
"48","5548",1,"DEU"
"1643","5548",1,"DEU"
"1","5549",1,"DEU"
"12","5549",2,"DEU"
"375","5549",1,"DEU"
"34","5550",1,"DEU"
"115","5550",1,"DEU"
"273","5550",1,"DEU"
"22","5551",1,"DEU"
"25","5551",1,"DEU"
"39","5551",1,"DEU"
"10","5552",1,"DEU"
"93","5552",1,"DEU"
"182","5552",1,"DEU"
"3826","5552",1,"DEU"
"29","5553",1,"DEU"
"72","5553",1,"DEU"
"836","5553",1,"DEU"
"1059","5553",1,"DEU"
"2","5554",1,"DEU"
"1012","5554",1,"DEU"
"1514","5554",1,"DEU"
"3","5555",1,"DEU"
"1129","5555",1,"DEU"
"5554","5555",1,"DEU"
"15","5556",1,"DEU"
"617","5556",1,"DEU"
"650","5556",1,"DEU"
"4580","5556",1,"DEU"
"3","5557",1,"DEU"
"7","5557",1,"DEU"
"26","5557",1,"DEU"
"196","5557",1,"DEU"
"24","5558",1,"DEU"
"48","5558",1,"DEU"
"5291","5558",1,"DEU"
"26","5559",2,"DEU"
"1244","5559",1,"DEU"
"4801","5559",1,"DEU"
"3","5560",1,"DEU"
"339","5560",1,"DEU"
"1554","5560",1,"DEU"
"4430","5560",1,"DEU"
"234","5561",1,"DEU"
"866","5561",1,"DEU"
"1143","5561",1,"DEU"
"2690","5561",1,"DEU"
"52","5562",2,"DEU"
"321","5562",1,"DEU"
"3306","5562",1,"DEU"
"2","5563",1,"DEU"
"20","5563",1,"DEU"
"87","5563",1,"DEU"
"2870","5563",1,"DEU"
"6","5564",1,"DEU"
"14","5564",1,"DEU"
"26","5564",1,"DEU"
"59","5564",1,"DEU"
"18","5565",1,"DEU"
"99","5565",1,"DEU"
"2359","5565",1,"DEU"
"3018","5565",1,"DEU"
"3","5566",1,"DEU"
"4","5566",1,"DEU"
"815","5566",1,"DEU"
"73","5567",1,"DEU"
"321","5567",1,"DEU"
"454","5567",1,"DEU"
"18","5568",1,"DEU"
"26","5568",1,"DEU"
"81","5568",1,"DEU"
"2622","5568",1,"DEU"
"1","5569",1,"DEU"
"22","5569",1,"DEU"
"1381","5569",1,"DEU"
"3889","5569",1,"DEU"
"15","5570",1,"DEU"
"25","5570",1,"DEU"
"1382","5570",1,"DEU"
"1810","5570",1,"DEU"
"1714","5571",1,"DEU"
"2293","5571",1,"DEU"
"26","5572",1,"DEU"
"63","5572",1,"DEU"
"116","5572",1,"DEU"
"3546","5572",1,"DEU"
"1","5573",1,"DEU"
"2","5573",2,"DEU"
"12","5573",1,"DEU"
"40","5574",1,"DEU"
"226","5574",1,"DEU"
"1781","5574",1,"DEU"
"4","5575",1,"DEU"
"123","5575",1,"DEU"
"377","5575",1,"DEU"
"30","5576",1,"DEU"
"99","5576",1,"DEU"
"548","5576",1,"DEU"
"3099","5576",1,"DEU"
"2","5577",1,"DEU"
"26","5577",1,"DEU"
"39","5577",1,"DEU"
"75","5577",1,"DEU"
"2","5578",1,"DEU"
"4","5578",1,"DEU"
"8","5578",1,"DEU"
"11","5578",1,"DEU"
"30","5579",1,"DEU"
"58","5579",1,"DEU"
"684","5579",1,"DEU"
"5","5580",1,"DEU"
"11","5580",1,"DEU"
"31","5580",1,"DEU"
"122","5581",1,"DEU"
"349","5581",1,"DEU"
"356","5581",1,"DEU"
"3662","5581",1,"DEU"
"4","5582",1,"DEU"
"39","5582",2,"DEU"
"1","5583",1,"DEU"
"59","5583",1,"DEU"
"73","5583",1,"DEU"
"81","5583",1,"DEU"
"40","5584",1,"DEU"
"97","5584",1,"DEU"
"1187","5584",1,"DEU"
"2614","5584",1,"DEU"
"11","5585",2,"DEU"
"53","5585",1,"DEU"
"13","5586",1,"DEU"
"14","5586",1,"DEU"
"22","5586",1,"DEU"
"155","5586",1,"DEU"
"11","5587",1,"DEU"
"434","5587",1,"DEU"
"1261","5587",1,"DEU"
"122","5588",1,"DEU"
"4926","5588",2,"DEU"
"35","5589",1,"DEU"
"78","5589",1,"DEU"
"84","5589",1,"DEU"
"458","5589",1,"DEU"
"4","5590",1,"DEU"
"124","5590",1,"DEU"
"2203","5590",1,"DEU"
"2","5591",1,"DEU"
"23","5591",1,"DEU"
"165","5591",1,"DEU"
"1313","5591",1,"DEU"
"1","5592",1,"DEU"
"2","5592",1,"DEU"
"61","5592",1,"DEU"
"833","5592",1,"DEU"
"11","5593",1,"DEU"
"15","5593",1,"DEU"
"2","5594",1,"DEU"
"11","5594",1,"DEU"
"13","5594",1,"DEU"
"40","5594",1,"DEU"
"5","5595",1,"DEU"
"30","5595",2,"DEU"
"161","5595",1,"DEU"
"40","5596",1,"DEU"
"50","5596",1,"DEU"
"75","5596",1,"DEU"
"707","5596",1,"DEU"
"20","5597",2,"DEU"
"36","5597",2,"DEU"
"28","5598",1,"DEU"
"603","5598",1,"DEU"
"644","5598",1,"DEU"
"2494","5598",1,"DEU"
"63","5599",1,"DEU"
"2098","5599",1,"DEU"
"2756","5599",1,"DEU"
"3041","5599",1,"DEU"
"1","5600",1,"DEU"
"17","5600",2,"DEU"
"91","5600",1,"DEU"
"14","5601",1,"DEU"
"17","5601",2,"DEU"
"1106","5601",1,"DEU"
"2","5602",1,"DEU"
"1445","5602",1,"DEU"
"1828","5602",1,"DEU"
"4772","5602",1,"DEU"
"17","5603",1,"DEU"
"35","5603",1,"DEU"
"270","5603",1,"DEU"
"747","5603",1,"DEU"
"4","5604",2,"DEU"
"11","5604",1,"DEU"
"1895","5604",1,"DEU"
"1","5605",1,"DEU"
"19","5605",1,"DEU"
"55","5605",1,"DEU"
"819","5605",1,"DEU"
"192","5606",1,"DEU"
"1671","5606",1,"DEU"
"1888","5606",1,"DEU"
"2787","5606",1,"DEU"
"30","5607",1,"DEU"
"605","5607",1,"DEU"
"2036","5607",1,"DEU"
"2113","5608",1,"DEU"
"2608","5608",1,"DEU"
"4713","5608",1,"DEU"
"4743","5608",1,"DEU"
"1","5609",2,"DEU"
"172","5609",1,"DEU"
"183","5609",1,"DEU"
"18","5610",1,"DEU"
"20","5610",1,"DEU"
"26","5610",1,"DEU"
"165","5610",1,"DEU"
"4","5611",1,"DEU"
"46","5611",1,"DEU"
"3","5612",1,"DEU"
"8","5612",1,"DEU"
"130","5612",1,"DEU"
"27","5613",1,"DEU"
"90","5613",1,"DEU"
"95","5613",1,"DEU"
"13","5614",1,"DEU"
"336","5614",1,"DEU"
"1480","5614",1,"DEU"
"6","5615",1,"DEU"
"23","5615",1,"DEU"
"36","5615",1,"DEU"
"11","5616",1,"DEU"
"14","5616",1,"DEU"
"219","5616",1,"DEU"
"24","5617",1,"DEU"
"28","5617",1,"DEU"
"164","5617",1,"DEU"
"362","5617",1,"DEU"
"5","5618",1,"DEU"
"83","5618",1,"DEU"
"3782","5618",1,"DEU"
"1","5619",1,"DEU"
"2","5619",1,"DEU"
"3681","5619",1,"DEU"
"11","5620",1,"DEU"
"593","5620",1,"DEU"
"14","5621",2,"DEU"
"62","5621",2,"DEU"
"3","5622",1,"DEU"
"2318","5622",1,"DEU"
"3946","5622",1,"DEU"
"5292","5622",1,"DEU"
"2","5623",2,"DEU"
"26","5623",1,"DEU"
"40","5623",1,"DEU"
"91","5624",1,"DEU"
"654","5624",1,"DEU"
"1209","5624",1,"DEU"
"3613","5624",1,"DEU"
"2","5625",2,"DEU"
"22","5625",1,"DEU"
"4389","5625",1,"DEU"
"3","5626",1,"DEU"
"18","5626",1,"DEU"
"21","5626",1,"DEU"
"2859","5626",1,"DEU"
"2","5627",1,"DEU"
"1177","5627",1,"DEU"
"5518","5627",1,"DEU"
"48","5628",1,"DEU"
"849","5628",1,"DEU"
"4684","5628",1,"DEU"
"8","5629",1,"DEU"
"92","5629",1,"DEU"
"158","5629",1,"DEU"
"369","5629",1,"DEU"
"8","5630",1,"DEU"
"20","5630",1,"DEU"
"1679","5630",1,"DEU"
"15","5631",1,"DEU"
"29","5631",1,"DEU"
"113","5631",1,"DEU"
"2390","5631",1,"DEU"
"3","5632",1,"DEU"
"5253","5632",1,"DEU"
"4","5633",1,"DEU"
"13","5633",1,"DEU"
"795","5633",1,"DEU"
"1481","5633",1,"DEU"
"1748","5634",1,"DEU"
"4080","5634",1,"DEU"
"1","5635",1,"DEU"
"100","5635",1,"DEU"
"367","5635",1,"DEU"
"429","5635",1,"DEU"
"23","5636",1,"DEU"
"33","5636",1,"DEU"
"1521","5636",1,"DEU"
"4608","5636",1,"DEU"
"4","5637",1,"DEU"
"542","5637",1,"DEU"
"1790","5637",1,"DEU"
"3736","5637",1,"DEU"
"21","5638",1,"DEU"
"48","5638",1,"DEU"
"2304","5638",1,"DEU"
"12","5639",1,"DEU"
"21","5639",1,"DEU"
"95","5639",1,"DEU"
"2363","5639",1,"DEU"
"1","5640",1,"DEU"
"58","5640",1,"DEU"
"84","5640",1,"DEU"
"22","5641",1,"DEU"
"103","5641",1,"DEU"
"653","5641",1,"DEU"
"2283","5641",1,"DEU"
"21","5642",1,"DEU"
"5200","5642",1,"DEU"
"5470","5642",1,"DEU"
"345","5643",1,"DEU"
"1433","5643",1,"DEU"
"2978","5643",1,"DEU"
"3970","5643",1,"DEU"
"61","5644",1,"DEU"
"758","5644",1,"DEU"
"842","5644",1,"DEU"
"2378","5644",1,"DEU"
"18","5645",1,"DEU"
"27","5645",1,"DEU"
"427","5645",1,"DEU"
"1467","5645",1,"DEU"
"1","5646",1,"DEU"
"24","5646",1,"DEU"
"364","5646",1,"DEU"
"1921","5646",1,"DEU"
"3","5647",1,"DEU"
"11","5647",1,"DEU"
"3254","5647",1,"DEU"
"4420","5647",1,"DEU"
"7","5648",1,"DEU"
"13","5648",1,"DEU"
"70","5648",1,"DEU"
"83","5648",1,"DEU"
"18","5649",1,"DEU"
"21","5649",1,"DEU"
"391","5649",1,"DEU"
"1401","5649",1,"DEU"
"1","5650",2,"DEU"
"39","5650",1,"DEU"
"53","5650",1,"DEU"
"11","5651",1,"DEU"
"62","5651",1,"DEU"
"63","5651",1,"DEU"
"809","5651",1,"DEU"
"20","5652",1,"DEU"
"61","5652",1,"DEU"
"3254","5652",1,"DEU"
"2","5653",1,"DEU"
"19","5653",1,"DEU"
"95","5653",1,"DEU"
"793","5653",1,"DEU"
"8","5654",1,"DEU"
"18","5654",1,"DEU"
"61","5654",1,"DEU"
"3419","5654",1,"DEU"
"8","5655",1,"DEU"
"14","5655",1,"DEU"
"65","5655",1,"DEU"
"1992","5655",1,"DEU"
"20","5656",1,"DEU"
"31","5656",1,"DEU"
"57","5656",1,"DEU"
"257","5656",1,"DEU"
"1","5657",2,"DEU"
"2","5657",1,"DEU"
"21","5657",1,"DEU"
"6","5658",1,"DEU"
"1123","5658",1,"DEU"
"2967","5658",1,"DEU"
"4073","5658",1,"DEU"
"4","5659",1,"DEU"
"23","5659",1,"DEU"
"101","5659",1,"DEU"
"3","5660",1,"DEU"
"520","5660",1,"DEU"
"699","5660",1,"DEU"
"1281","5660",1,"DEU"
"142","5661",1,"DEU"
"2553","5661",1,"DEU"
"19","5662",1,"DEU"
"37","5662",1,"DEU"
"712","5662",1,"DEU"
"42","5663",1,"DEU"
"475","5663",1,"DEU"
"1535","5663",1,"DEU"
"46","5664",1,"DEU"
"227","5664",1,"DEU"
"573","5664",1,"DEU"
"2083","5664",1,"DEU"
"24","5665",1,"DEU"
"42","5665",1,"DEU"
"82","5665",1,"DEU"
"12","5666",2,"DEU"
"113","5666",1,"DEU"
"2","5667",2,"DEU"
"79","5667",1,"DEU"
"614","5667",1,"DEU"
"18","5668",1,"DEU"
"32","5668",1,"DEU"
"75","5668",1,"DEU"
"517","5668",1,"DEU"
"2","5669",2,"DEU"
"75","5669",1,"DEU"
"7","5670",1,"DEU"
"13","5670",1,"DEU"
"26","5670",1,"DEU"
"3487","5670",1,"DEU"
"2","5671",1,"DEU"
"8","5671",1,"DEU"
"13","5671",1,"DEU"
"18","5671",1,"DEU"
"17","5672",1,"DEU"
"175","5672",1,"DEU"
"3171","5672",1,"DEU"
"4982","5672",1,"DEU"
"40","5673",1,"DEU"
"107","5673",1,"DEU"
"4097","5673",1,"DEU"
"101","5674",1,"DEU"
"179","5674",1,"DEU"
"1081","5674",1,"DEU"
"1691","5674",1,"DEU"
"11","5675",1,"DEU"
"24","5675",1,"DEU"
"3288","5675",1,"DEU"
"1","5676",1,"DEU"
"3","5676",1,"DEU"
"28","5676",1,"DEU"
"1730","5676",1,"DEU"
"2","5677",1,"DEU"
"9","5677",1,"DEU"
"498","5677",1,"DEU"
"5389","5677",1,"DEU"
"1","5678",1,"DEU"
"6","5678",1,"DEU"
"26","5678",1,"DEU"
"2388","5678",1,"DEU"
"6","5679",1,"DEU"
"7","5679",2,"DEU"
"29","5679",1,"DEU"
"3","5680",2,"DEU"
"528","5680",1,"DEU"
"1740","5680",1,"DEU"
"3","5681",1,"DEU"
"27","5681",1,"DEU"
"32","5681",1,"DEU"
"132","5681",1,"DEU"
"18","5682",1,"DEU"
"42","5682",1,"DEU"
"467","5682",1,"DEU"
"5014","5682",1,"DEU"
"91","5683",1,"DEU"
"188","5683",1,"DEU"
"491","5683",1,"DEU"
"3120","5683",1,"DEU"
"3","5684",1,"DEU"
"59","5684",1,"DEU"
"254","5684",1,"DEU"
"4033","5684",1,"DEU"
"2","5685",1,"DEU"
"1311","5685",1,"DEU"
"2425","5685",1,"DEU"
"45","5686",1,"DEU"
"120","5686",1,"DEU"
"180","5686",1,"DEU"
"3281","5686",1,"DEU"
"36","5687",1,"DEU"
"1154","5687",2,"DEU"
"4944","5687",1,"DEU"
"10","5688",1,"DEU"
"12","5688",1,"DEU"
"174","5688",1,"DEU"
"3","5689",1,"DEU"
"27","5689",1,"DEU"
"436","5689",1,"DEU"
"813","5689",1,"DEU"
"10","5690",1,"DEU"
"26","5690",1,"DEU"
"128","5690",1,"DEU"
"224","5690",1,"DEU"
"24","5691",1,"DEU"
"60","5691",1,"DEU"
"17","5692",1,"DEU"
"413","5692",1,"DEU"
"421","5692",1,"DEU"
"1218","5692",1,"DEU"
"1","5693",2,"DEU"
"830","5693",1,"DEU"
"5356","5693",1,"DEU"
"4","5694",1,"DEU"
"670","5694",1,"DEU"
"1297","5694",1,"DEU"
"2894","5694",1,"DEU"
"2","5695",1,"DEU"
"108","5695",1,"DEU"
"251","5695",1,"DEU"
"4991","5695",1,"DEU"
"60","5696",1,"DEU"
"191","5696",1,"DEU"
"550","5696",1,"DEU"
"1648","5696",1,"DEU"
"161","5697",1,"DEU"
"176","5697",1,"DEU"
"2006","5697",1,"DEU"
"2385","5697",1,"DEU"
"3","5698",1,"DEU"
"22","5698",1,"DEU"
"44","5698",1,"DEU"
"419","5698",1,"DEU"
"28","5699",1,"DEU"
"60","5699",1,"DEU"
"1","5700",1,"DEU"
"36","5700",1,"DEU"
"681","5700",1,"DEU"
"81","5701",1,"DEU"
"2539","5701",1,"DEU"
"2906","5701",1,"DEU"
"4179","5701",1,"DEU"
"4","5702",1,"DEU"
"23","5702",1,"DEU"
"465","5702",1,"DEU"
"2882","5702",1,"DEU"
"4","5703",1,"DEU"
"56","5703",1,"DEU"
"66","5703",1,"DEU"
"271","5703",1,"DEU"
"1","5704",1,"DEU"
"2","5704",2,"DEU"
"669","5704",1,"DEU"
"97","5705",1,"DEU"
"100","5705",1,"DEU"
"1527","5705",1,"DEU"
"4888","5705",1,"DEU"
"71","5706",1,"DEU"
"307","5706",2,"DEU"
"1","5707",1,"DEU"
"22","5707",1,"DEU"
"129","5707",1,"DEU"
"3326","5707",1,"DEU"
"2","5708",1,"DEU"
"10","5708",1,"DEU"
"26","5708",1,"DEU"
"1236","5708",1,"DEU"
"2","5709",1,"DEU"
"20","5709",1,"DEU"
"40","5709",1,"DEU"
"506","5709",1,"DEU"
"28","5710",1,"DEU"
"251","5710",1,"DEU"
"1663","5710",1,"DEU"
"1","5711",1,"DEU"
"4","5711",1,"DEU"
"1477","5711",1,"DEU"
"3","5712",2,"DEU"
"139","5712",1,"DEU"
"8","5713",2,"DEU"
"15","5713",1,"DEU"
"4884","5713",1,"DEU"
"1","5714",1,"DEU"
"3","5714",1,"DEU"
"542","5714",1,"DEU"
"2062","5714",1,"DEU"
"1","5715",1,"DEU"
"2","5715",1,"DEU"
"3","5715",1,"DEU"
"5374","5715",1,"DEU"
"187","5716",1,"DEU"
"215","5716",1,"DEU"
"256","5716",1,"DEU"
"349","5716",1,"DEU"
"8","5717",1,"DEU"
"30","5717",1,"DEU"
"2586","5717",1,"DEU"
"12","5718",1,"DEU"
"62","5718",1,"DEU"
"2914","5718",2,"DEU"
"179","5719",1,"DEU"
"1405","5719",2,"DEU"
"1741","5719",1,"DEU"
"2","5720",1,"DEU"
"7","5720",1,"DEU"
"19","5720",1,"DEU"
"484","5720",1,"DEU"
"2","5721",2,"DEU"
"15","5721",1,"DEU"
"97","5721",1,"DEU"
"4","5722",1,"DEU"
"215","5722",1,"DEU"
"329","5722",1,"DEU"
"2450","5722",1,"DEU"
"2","5723",1,"DEU"
"11","5723",1,"DEU"
"137","5723",1,"DEU"
"1480","5724",1,"DEU"
"3279","5724",1,"DEU"
"4284","5724",1,"DEU"
"3","5725",1,"DEU"
"18","5725",1,"DEU"
"21","5725",1,"DEU"
"317","5725",1,"DEU"
"2","5726",1,"DEU"
"8","5726",1,"DEU"
"31","5726",1,"DEU"
"785","5726",1,"DEU"
"2","5727",1,"DEU"
"6","5727",1,"DEU"
"41","5727",1,"DEU"
"415","5727",1,"DEU"
"17","5728",1,"DEU"
"42","5728",1,"DEU"
"1115","5728",1,"DEU"
"2840","5728",1,"DEU"
"2","5729",1,"DEU"
"245","5729",1,"DEU"
"3588","5729",1,"DEU"
"18","5730",1,"DEU"
"467","5730",2,"DEU"
"1066","5730",1,"DEU"
"2","5731",1,"DEU"
"12","5731",1,"DEU"
"20","5731",2,"DEU"
"3","5732",1,"DEU"
"12","5732",1,"DEU"
"540","5732",1,"DEU"
"2","5733",2,"DEU"
"33","5733",1,"DEU"
"117","5733",1,"DEU"
"4","5734",2,"DEU"
"6","5734",1,"DEU"
"18","5734",1,"DEU"
"27","5735",2,"DEU"
"51","5735",1,"DEU"
"3848","5735",1,"DEU"
"1","5736",2,"DEU"
"26","5736",1,"DEU"
"103","5736",1,"DEU"
"13","5737",1,"DEU"
"79","5737",1,"DEU"
"1748","5737",1,"DEU"
"2170","5737",1,"DEU"
"1","5738",1,"DEU"
"3","5738",1,"DEU"
"28","5738",1,"DEU"
"278","5738",1,"DEU"
"3","5739",1,"DEU"
"73","5739",1,"DEU"
"156","5739",1,"DEU"
"17","5740",1,"DEU"
"31","5740",1,"DEU"
"48","5740",1,"DEU"
"65","5740",1,"DEU"
"2","5741",1,"DEU"
"4","5741",1,"DEU"
"549","5741",1,"DEU"
"3543","5741",1,"DEU"
"5","5742",1,"DEU"
"10","5742",1,"DEU"
"17","5742",1,"DEU"
"35","5742",1,"DEU"
"14","5743",1,"DEU"
"23","5743",1,"DEU"
"87","5743",1,"DEU"
"191","5743",1,"DEU"
"3","5744",1,"DEU"
"58","5744",1,"DEU"
"140","5744",1,"DEU"
"360","5744",1,"DEU"
"7","5745",1,"DEU"
"64","5745",1,"DEU"
"437","5745",1,"DEU"
"25","5746",1,"DEU"
"30","5746",1,"DEU"
"133","5746",1,"DEU"
"4877","5746",1,"DEU"
"1","5747",1,"DEU"
"2","5747",1,"DEU"
"15","5747",1,"DEU"
"37","5747",1,"DEU"
"2","5748",1,"DEU"
"4","5748",1,"DEU"
"38","5748",1,"DEU"
"5230","5748",1,"DEU"
"3","5749",1,"DEU"
"43","5749",1,"DEU"
"125","5749",1,"DEU"
"2404","5749",1,"DEU"
"3","5750",1,"DEU"
"12","5750",1,"DEU"
"25","5750",1,"DEU"
"36","5750",1,"DEU"
"4","5751",1,"DEU"
"13","5751",1,"DEU"
"5305","5751",1,"DEU"
"5445","5751",1,"DEU"
"1453","5752",1,"DEU"
"1470","5752",2,"DEU"
"2052","5752",1,"DEU"
"31","5753",2,"DEU"
"76","5753",1,"DEU"
"130","5753",1,"DEU"
"3","5754",1,"DEU"
"68","5754",1,"DEU"
"2279","5754",1,"DEU"
"2","5755",1,"DEU"
"34","5755",1,"DEU"
"537","5755",1,"DEU"
"1335","5755",1,"DEU"
"4","5756",1,"DEU"
"19","5756",1,"DEU"
"38","5756",1,"DEU"
"1223","5756",1,"DEU"
"22","5757",1,"DEU"
"393","5757",1,"DEU"
"3231","5757",1,"DEU"
"4253","5757",1,"DEU"
"911","5758",2,"DEU"
"3236","5758",1,"DEU"
"2","5759",1,"DEU"
"844","5759",1,"DEU"
"1560","5759",1,"DEU"
"1565","5759",1,"DEU"
"23","5760",1,"DEU"
"58","5760",1,"DEU"
"229","5760",1,"DEU"
"3","5761",1,"DEU"
"14","5761",1,"DEU"
"4481","5761",1,"DEU"
"6","5762",1,"DEU"
"774","5762",2,"DEU"
"792","5762",1,"DEU"
"3","5763",1,"DEU"
"1116","5763",1,"DEU"
"3195","5763",1,"DEU"
"5163","5763",1,"DEU"
"332","5764",1,"DEU"
"2371","5764",1,"DEU"
"40","5765",1,"DEU"
"432","5765",1,"DEU"
"2218","5765",1,"DEU"
"2565","5765",1,"DEU"
"1974","5766",2,"DEU"
"4868","5766",2,"DEU"
"26","5767",2,"DEU"
"44","5767",1,"DEU"
"97","5767",1,"DEU"
"43","5768",1,"DEU"
"46","5768",1,"DEU"
"1144","5768",1,"DEU"
"2822","5768",1,"DEU"
"1497","5769",2,"DEU"
"3279","5769",1,"DEU"
"5724","5769",1,"DEU"
"12","5770",1,"DEU"
"93","5770",1,"DEU"
"249","5770",1,"DEU"
"313","5770",1,"DEU"
"7","5771",1,"DEU"
"1151","5771",1,"DEU"
"2855","5771",1,"DEU"
"2","5772",2,"DEU"
"1844","5772",1,"DEU"
"4556","5772",1,"DEU"
"1","5773",1,"DEU"
"8","5773",1,"DEU"
"903","5773",1,"DEU"
"3071","5773",1,"DEU"
"3","5774",1,"DEU"
"42","5774",1,"DEU"
"128","5774",1,"DEU"
"400","5774",1,"DEU"
"2","5775",1,"DEU"
"15","5775",2,"DEU"
"39","5775",1,"DEU"
"450","5776",1,"DEU"
"905","5776",1,"DEU"
"3","5777",1,"DEU"
"8","5777",1,"DEU"
"196","5777",1,"DEU"
"257","5777",1,"DEU"
"6","5778",1,"DEU"
"40","5778",2,"DEU"
"171","5778",1,"DEU"
"3","5779",2,"DEU"
"11","5779",1,"DEU"
"27","5779",1,"DEU"
"1","5780",2,"DEU"
"64","5780",1,"DEU"
"1621","5780",1,"DEU"
"21","5781",1,"DEU"
"96","5781",1,"DEU"
"1280","5781",1,"DEU"
"1365","5781",1,"DEU"
"12","5782",1,"DEU"
"13","5782",1,"DEU"
"37","5782",1,"DEU"
"11","5783",1,"DEU"
"22","5783",1,"DEU"
"33","5783",1,"DEU"
"36","5783",1,"DEU"
"7","5784",1,"DEU"
"13","5784",1,"DEU"
"558","5784",1,"DEU"
"2452","5784",1,"DEU"
"2","5785",2,"DEU"
"15","5785",2,"DEU"
"3","5786",2,"DEU"
"325","5786",1,"DEU"
"367","5786",1,"DEU"
"14","5787",1,"DEU"
"34","5787",1,"DEU"
"48","5787",1,"DEU"
"474","5787",1,"DEU"
"32","5788",1,"DEU"
"599","5788",1,"DEU"
"1360","5788",1,"DEU"
"3","5789",1,"DEU"
"599","5789",1,"DEU"
"785","5789",1,"DEU"
"2","5790",1,"DEU"
"12","5790",1,"DEU"
"1658","5790",1,"DEU"
"5264","5790",1,"DEU"
"227","5791",1,"DEU"
"2485","5791",1,"DEU"
"2924","5791",1,"DEU"
"53","5792",1,"DEU"
"67","5792",1,"DEU"
"833","5792",1,"DEU"
"34","5793",1,"DEU"
"37","5793",1,"DEU"
"1000","5793",1,"DEU"
"2","5794",1,"DEU"
"16","5794",1,"DEU"
"31","5794",1,"DEU"
"16","5795",1,"DEU"
"28","5795",1,"DEU"
"1288","5795",1,"DEU"
"4775","5795",1,"DEU"
"2","5796",1,"DEU"
"22","5796",1,"DEU"
"1564","5796",1,"DEU"
"46","5797",1,"DEU"
"95","5797",1,"DEU"
"1844","5797",1,"DEU"
"3","5798",1,"DEU"
"30","5798",1,"DEU"
"33","5798",1,"DEU"
"103","5798",1,"DEU"
"1","5799",1,"DEU"
"16","5799",1,"DEU"
"74","5799",1,"DEU"
"90","5799",1,"DEU"
"15","5800",1,"DEU"
"139","5800",1,"DEU"
"381","5800",1,"DEU"
"509","5800",1,"DEU"
"1","5801",1,"DEU"
"11","5801",1,"DEU"
"662","5801",1,"DEU"
"838","5801",1,"DEU"
"7","5802",1,"DEU"
"1951","5802",1,"DEU"
"5","5803",1,"DEU"
"13","5803",1,"DEU"
"467","5803",1,"DEU"
"1953","5803",1,"DEU"
"1","5804",1,"DEU"
"29","5804",1,"DEU"
"30","5804",1,"DEU"
"1458","5804",1,"DEU"
"24","5805",1,"DEU"
"3180","5805",1,"DEU"
"14","5806",1,"DEU"
"15","5806",1,"DEU"
"32","5806",1,"DEU"
"176","5806",1,"DEU"
"1","5807",1,"DEU"
"2","5807",1,"DEU"
"9","5807",1,"DEU"
"1702","5807",1,"DEU"
"2","5808",1,"DEU"
"20","5808",1,"DEU"
"64","5808",1,"DEU"
"174","5808",1,"DEU"
"3","5809",1,"DEU"
"280","5809",1,"DEU"
"29","5810",1,"DEU"
"148","5810",1,"DEU"
"232","5810",1,"DEU"
"254","5810",1,"DEU"
"31","5811",1,"DEU"
"187","5811",1,"DEU"
"1204","5811",1,"DEU"
"19","5812",1,"DEU"
"605","5812",2,"DEU"
"3112","5812",1,"DEU"
"4","5813",1,"DEU"
"38","5813",1,"DEU"
"64","5813",1,"DEU"
"653","5813",1,"DEU"
"5","5814",1,"DEU"
"15","5814",2,"DEU"
"22","5814",1,"DEU"
"10","5815",1,"DEU"
"38","5815",1,"DEU"
"40","5815",1,"DEU"
"176","5815",1,"DEU"
"15","5816",1,"DEU"
"40","5816",1,"DEU"
"419","5816",1,"DEU"
"647","5816",1,"DEU"
"18","5817",1,"DEU"
"61","5817",1,"DEU"
"115","5817",1,"DEU"
"1530","5817",1,"DEU"
"18","5818",1,"DEU"
"20","5818",1,"DEU"
