"from","to","weight","language"
"1","1",4,"TUR"
"1","2",20,"TUR"
"2","2",5,"TUR"
"1","3",24,"TUR"
"2","3",19,"TUR"
"3","3",1,"TUR"
"1","4",15,"TUR"
"2","4",17,"TUR"
"3","4",36,"TUR"
"4","4",6,"TUR"
"1","5",9,"TUR"
"2","5",28,"TUR"
"3","5",20,"TUR"
"4","5",6,"TUR"
"5","5",4,"TUR"
"1","6",12,"TUR"
"2","6",16,"TUR"
"3","6",10,"TUR"
"4","6",1,"TUR"
"5","6",14,"TUR"
"6","6",3,"TUR"
"1","7",14,"TUR"
"2","7",8,"TUR"
"3","7",6,"TUR"
"4","7",3,"TUR"
"5","7",9,"TUR"
"1","8",8,"TUR"
"2","8",13,"TUR"
"3","8",4,"TUR"
"4","8",11,"TUR"
"5","8",5,"TUR"
"6","8",5,"TUR"
"7","8",2,"TUR"
"1","9",16,"TUR"
"2","9",6,"TUR"
"3","9",5,"TUR"
"4","9",18,"TUR"
"5","9",5,"TUR"
"6","9",2,"TUR"
"7","9",5,"TUR"
"8","9",27,"TUR"
"9","9",1,"TUR"
"1","10",4,"TUR"
"2","10",9,"TUR"
"3","10",4,"TUR"
"4","10",16,"TUR"
"5","10",3,"TUR"
"8","10",1,"TUR"
"9","10",1,"TUR"
"1","11",6,"TUR"
"2","11",1,"TUR"
"3","11",5,"TUR"
"5","11",3,"TUR"
"7","11",2,"TUR"
"9","11",1,"TUR"
"1","12",16,"TUR"
"2","12",10,"TUR"
"3","12",4,"TUR"
"4","12",3,"TUR"
"5","12",1,"TUR"
"6","12",1,"TUR"
"7","12",5,"TUR"
"11","12",1,"TUR"
"1","13",5,"TUR"
"2","13",4,"TUR"
"3","13",1,"TUR"
"4","13",2,"TUR"
"5","13",3,"TUR"
"6","13",4,"TUR"
"7","13",1,"TUR"
"8","13",16,"TUR"
"10","13",3,"TUR"
"11","13",1,"TUR"
"12","13",4,"TUR"
"1","14",4,"TUR"
"2","14",3,"TUR"
"3","14",5,"TUR"
"4","14",5,"TUR"
"5","14",1,"TUR"
"6","14",1,"TUR"
"7","14",2,"TUR"
"8","14",1,"TUR"
"9","14",1,"TUR"
"12","14",1,"TUR"
"13","14",1,"TUR"
"1","15",1,"TUR"
"3","15",3,"TUR"
"4","15",1,"TUR"
"5","15",2,"TUR"
"9","15",4,"TUR"
"13","15",2,"TUR"
"14","15",1,"TUR"
"15","15",1,"TUR"
"1","16",6,"TUR"
"2","16",5,"TUR"
"3","16",2,"TUR"
"4","16",2,"TUR"
"5","16",2,"TUR"
"6","16",12,"TUR"
"7","16",1,"TUR"
"9","16",2,"TUR"
"10","16",1,"TUR"
"11","16",2,"TUR"
"15","16",1,"TUR"
"16","16",1,"TUR"
"1","17",9,"TUR"
"2","17",9,"TUR"
"3","17",4,"TUR"
"4","17",2,"TUR"
"5","17",28,"TUR"
"6","17",2,"TUR"
"7","17",6,"TUR"
"10","17",2,"TUR"
"11","17",37,"TUR"
"12","17",2,"TUR"
"14","17",1,"TUR"
"15","17",2,"TUR"
"1","18",1,"TUR"
"2","18",10,"TUR"
"3","18",6,"TUR"
"4","18",2,"TUR"
"5","18",2,"TUR"
"6","18",3,"TUR"
"7","18",3,"TUR"
"9","18",2,"TUR"
"12","18",1,"TUR"
"13","18",1,"TUR"
"14","18",1,"TUR"
"15","18",2,"TUR"
"17","18",1,"TUR"
"1","19",1,"TUR"
"2","19",1,"TUR"
"3","19",3,"TUR"
"4","19",4,"TUR"
"7","19",1,"TUR"
"8","19",2,"TUR"
"12","19",1,"TUR"
"13","19",2,"TUR"
"15","19",1,"TUR"
"16","19",2,"TUR"
"1","20",3,"TUR"
"2","20",4,"TUR"
"3","20",8,"TUR"
"5","20",7,"TUR"
"7","20",1,"TUR"
"9","20",1,"TUR"
"12","20",1,"TUR"
"15","20",3,"TUR"
"16","20",1,"TUR"
"17","20",1,"TUR"
"1","21",2,"TUR"
"2","21",4,"TUR"
"3","21",19,"TUR"
"4","21",3,"TUR"
"5","21",1,"TUR"
"6","21",1,"TUR"
"8","21",3,"TUR"
"10","21",1,"TUR"
"12","21",2,"TUR"
"16","21",1,"TUR"
"17","21",1,"TUR"
"19","21",1,"TUR"
"1","22",4,"TUR"
"3","22",3,"TUR"
"4","22",2,"TUR"
"5","22",7,"TUR"
"6","22",10,"TUR"
"7","22",1,"TUR"
"8","22",2,"TUR"
"9","22",2,"TUR"
"10","22",3,"TUR"
"11","22",2,"TUR"
"14","22",2,"TUR"
"15","22",2,"TUR"
"16","22",4,"TUR"
"20","22",1,"TUR"
"21","22",24,"TUR"
"22","22",6,"TUR"
"1","23",1,"TUR"
"3","23",1,"TUR"
"4","23",2,"TUR"
"5","23",2,"TUR"
"7","23",1,"TUR"
"14","23",2,"TUR"
"17","23",2,"TUR"
"19","23",2,"TUR"
"20","23",1,"TUR"
"1","24",2,"TUR"
"2","24",2,"TUR"
"3","24",2,"TUR"
"4","24",14,"TUR"
"5","24",2,"TUR"
"8","24",1,"TUR"
"9","24",40,"TUR"
"17","24",1,"TUR"
"18","24",1,"TUR"
"1","25",11,"TUR"
"2","25",14,"TUR"
"3","25",3,"TUR"
"4","25",4,"TUR"
"5","25",3,"TUR"
"10","25",2,"TUR"
"13","25",3,"TUR"
"16","25",3,"TUR"
"18","25",1,"TUR"
"22","25",3,"TUR"
"1","26",4,"TUR"
"2","26",3,"TUR"
"3","26",3,"TUR"
"4","26",3,"TUR"
"7","26",2,"TUR"
"9","26",2,"TUR"
"10","26",1,"TUR"
"14","26",28,"TUR"
"15","26",1,"TUR"
"16","26",1,"TUR"
"17","26",5,"TUR"
"23","26",1,"TUR"
"25","26",1,"TUR"
"1","27",2,"TUR"
"2","27",7,"TUR"
"3","27",1,"TUR"
"4","27",1,"TUR"
"5","27",2,"TUR"
"6","27",2,"TUR"
"10","27",7,"TUR"
"11","27",3,"TUR"
"15","27",1,"TUR"
"16","27",1,"TUR"
"17","27",1,"TUR"
"18","27",1,"TUR"
"19","27",2,"TUR"
"20","27",2,"TUR"
"21","27",1,"TUR"
"24","27",2,"TUR"
"1","28",3,"TUR"
"2","28",7,"TUR"
"3","28",1,"TUR"
"4","28",3,"TUR"
"5","28",6,"TUR"
"6","28",3,"TUR"
"7","28",1,"TUR"
"8","28",2,"TUR"
"9","28",1,"TUR"
"12","28",3,"TUR"
"17","28",2,"TUR"
"25","28",2,"TUR"
"1","29",2,"TUR"
"2","29",3,"TUR"
"3","29",1,"TUR"
"4","29",2,"TUR"
"5","29",2,"TUR"
"6","29",1,"TUR"
"8","29",1,"TUR"
"10","29",1,"TUR"
"14","29",1,"TUR"
"28","29",3,"TUR"
"1","30",4,"TUR"
"3","30",1,"TUR"
"4","30",5,"TUR"
"7","30",3,"TUR"
"8","30",1,"TUR"
"11","30",1,"TUR"
"12","30",1,"TUR"
"15","30",1,"TUR"
"18","30",1,"TUR"
"20","30",1,"TUR"
"30","30",1,"TUR"
"1","31",7,"TUR"
"2","31",24,"TUR"
"4","31",4,"TUR"
"5","31",3,"TUR"
"6","31",3,"TUR"
"7","31",1,"TUR"
"8","31",5,"TUR"
"9","31",3,"TUR"
"10","31",2,"TUR"
"12","31",2,"TUR"
"13","31",22,"TUR"
"17","31",4,"TUR"
"21","31",2,"TUR"
"22","31",1,"TUR"
"28","31",1,"TUR"
"29","31",1,"TUR"
"1","32",1,"TUR"
"3","32",1,"TUR"
"4","32",3,"TUR"
"5","32",4,"TUR"
"6","32",1,"TUR"
"7","32",3,"TUR"
"9","32",2,"TUR"
"10","32",3,"TUR"
"21","32",3,"TUR"
"24","32",1,"TUR"
"1","33",10,"TUR"
"4","33",4,"TUR"
"5","33",3,"TUR"
"6","33",1,"TUR"
"7","33",3,"TUR"
"10","33",1,"TUR"
"15","33",1,"TUR"
"16","33",1,"TUR"
"17","33",1,"TUR"
"18","33",2,"TUR"
"20","33",3,"TUR"
"30","33",3,"TUR"
"33","33",5,"TUR"
"1","34",8,"TUR"
"2","34",23,"TUR"
"3","34",3,"TUR"
"4","34",7,"TUR"
"5","34",3,"TUR"
"6","34",6,"TUR"
"7","34",2,"TUR"
"9","34",1,"TUR"
"11","34",3,"TUR"
"12","34",2,"TUR"
"13","34",1,"TUR"
"14","34",2,"TUR"
"15","34",1,"TUR"
"19","34",2,"TUR"
"20","34",1,"TUR"
"21","34",1,"TUR"
"24","34",1,"TUR"
"1","35",3,"TUR"
"3","35",1,"TUR"
"4","35",3,"TUR"
"5","35",2,"TUR"
"6","35",2,"TUR"
"7","35",2,"TUR"
"11","35",3,"TUR"
"15","35",8,"TUR"
"18","35",7,"TUR"
"24","35",1,"TUR"
"30","35",2,"TUR"
"33","35",3,"TUR"
"1","36",3,"TUR"
"2","36",1,"TUR"
"3","36",1,"TUR"
"4","36",42,"TUR"
"5","36",1,"TUR"
"6","36",2,"TUR"
"12","36",1,"TUR"
"14","36",1,"TUR"
"15","36",1,"TUR"
"17","36",2,"TUR"
"21","36",1,"TUR"
"24","36",1,"TUR"
"34","36",1,"TUR"
"36","36",1,"TUR"
"1","37",7,"TUR"
"2","37",5,"TUR"
"3","37",3,"TUR"
"10","37",1,"TUR"
"16","37",1,"TUR"
"22","37",3,"TUR"
"1","38",1,"TUR"
"7","38",1,"TUR"
"9","38",1,"TUR"
"10","38",2,"TUR"
"30","38",16,"TUR"
"34","38",2,"TUR"
"1","39",2,"TUR"
"7","39",1,"TUR"
"10","39",3,"TUR"
"11","39",2,"TUR"
"12","39",1,"TUR"
"18","39",1,"TUR"
"23","39",44,"TUR"
"1","40",4,"TUR"
"2","40",1,"TUR"
"4","40",4,"TUR"
"5","40",2,"TUR"
"7","40",4,"TUR"
"11","40",1,"TUR"
"12","40",1,"TUR"
"15","40",1,"TUR"
"18","40",3,"TUR"
"19","40",1,"TUR"
"21","40",1,"TUR"
"24","40",1,"TUR"
"27","40",2,"TUR"
"30","40",1,"TUR"
"31","40",1,"TUR"
"33","40",2,"TUR"
"34","40",1,"TUR"
"35","40",2,"TUR"
"38","40",2,"TUR"
"40","40",2,"TUR"
"1","41",1,"TUR"
"2","41",2,"TUR"
"3","41",2,"TUR"
"4","41",1,"TUR"
"5","41",47,"TUR"
"6","41",1,"TUR"
"8","41",2,"TUR"
"10","41",1,"TUR"
"12","41",1,"TUR"
"15","41",1,"TUR"
"17","41",1,"TUR"
"37","41",1,"TUR"
"39","41",1,"TUR"
"41","41",8,"TUR"
"1","42",7,"TUR"
"2","42",2,"TUR"
"3","42",1,"TUR"
"4","42",2,"TUR"
"5","42",4,"TUR"
"6","42",10,"TUR"
"7","42",1,"TUR"
"8","42",1,"TUR"
"9","42",1,"TUR"
"16","42",1,"TUR"
"19","42",1,"TUR"
"21","42",2,"TUR"
"22","42",1,"TUR"
"25","42",11,"TUR"
"34","42",1,"TUR"
"36","42",1,"TUR"
"39","42",1,"TUR"
"1","43",4,"TUR"
"2","43",30,"TUR"
"4","43",1,"TUR"
"5","43",3,"TUR"
"6","43",3,"TUR"
"7","43",1,"TUR"
"8","43",18,"TUR"
"12","43",3,"TUR"
"13","43",21,"TUR"
"17","43",1,"TUR"
"20","43",1,"TUR"
"21","43",4,"TUR"
"25","43",1,"TUR"
"29","43",1,"TUR"
"36","43",1,"TUR"
"37","43",6,"TUR"
"1","44",3,"TUR"
"2","44",1,"TUR"
"3","44",2,"TUR"
"4","44",3,"TUR"
"5","44",2,"TUR"
"17","44",2,"TUR"
"26","44",5,"TUR"
"31","44",1,"TUR"
"44","44",1,"TUR"
"1","45",4,"TUR"
"2","45",8,"TUR"
"3","45",5,"TUR"
"4","45",1,"TUR"
"5","45",2,"TUR"
"7","45",28,"TUR"
"8","45",1,"TUR"
"10","45",9,"TUR"
"12","45",1,"TUR"
"29","45",1,"TUR"
"34","45",1,"TUR"
"37","45",1,"TUR"
"43","45",4,"TUR"
"1","46",1,"TUR"
"5","46",1,"TUR"
"6","46",1,"TUR"
"8","46",1,"TUR"
"21","46",1,"TUR"
"22","46",2,"TUR"
"23","46",1,"TUR"
"24","46",1,"TUR"
"28","46",1,"TUR"
"30","46",1,"TUR"
"34","46",1,"TUR"
"43","46",1,"TUR"
"46","46",1,"TUR"
"1","47",1,"TUR"
"2","47",6,"TUR"
"3","47",25,"TUR"
"4","47",1,"TUR"
"6","47",1,"TUR"
"10","47",1,"TUR"
"16","47",7,"TUR"
"18","47",1,"TUR"
"19","47",1,"TUR"
"24","47",5,"TUR"
"30","47",5,"TUR"
"32","47",1,"TUR"
"33","47",3,"TUR"
"34","47",1,"TUR"
"40","47",5,"TUR"
"42","47",1,"TUR"
"1","48",4,"TUR"
"2","48",2,"TUR"
"3","48",2,"TUR"
"4","48",8,"TUR"
"5","48",6,"TUR"
"6","48",1,"TUR"
"10","48",1,"TUR"
"11","48",1,"TUR"
"14","48",2,"TUR"
"18","48",2,"TUR"
"19","48",1,"TUR"
"20","48",1,"TUR"
"28","48",1,"TUR"
"43","48",1,"TUR"
"48","48",4,"TUR"
"1","49",1,"TUR"
"2","49",3,"TUR"
"3","49",2,"TUR"
"4","49",1,"TUR"
"5","49",1,"TUR"
"8","49",6,"TUR"
"9","49",1,"TUR"
"10","49",1,"TUR"
"13","49",1,"TUR"
"16","49",2,"TUR"
"17","49",1,"TUR"
"22","49",1,"TUR"
"28","49",2,"TUR"
"29","49",1,"TUR"
"30","49",1,"TUR"
"34","49",1,"TUR"
"46","49",1,"TUR"
"1","50",3,"TUR"
"2","50",2,"TUR"
"3","50",4,"TUR"
"4","50",4,"TUR"
"5","50",5,"TUR"
"6","50",1,"TUR"
"7","50",4,"TUR"
"10","50",7,"TUR"
"11","50",1,"TUR"
"13","50",3,"TUR"
"14","50",1,"TUR"
"15","50",1,"TUR"
"20","50",2,"TUR"
"21","50",2,"TUR"
"23","50",1,"TUR"
"25","50",1,"TUR"
"26","50",2,"TUR"
"30","50",1,"TUR"
"31","50",2,"TUR"
"33","50",1,"TUR"
"40","50",1,"TUR"
"44","50",1,"TUR"
"49","50",1,"TUR"
"2","51",4,"TUR"
"3","51",9,"TUR"
"6","51",1,"TUR"
"8","51",2,"TUR"
"10","51",1,"TUR"
"11","51",2,"TUR"
"13","51",1,"TUR"
"16","51",1,"TUR"
"27","51",1,"TUR"
"28","51",1,"TUR"
"34","51",3,"TUR"
"37","51",2,"TUR"
"50","51",1,"TUR"
"1","52",6,"TUR"
"2","52",12,"TUR"
"3","52",1,"TUR"
"4","52",2,"TUR"
"5","52",2,"TUR"
"6","52",1,"TUR"
"7","52",2,"TUR"
"8","52",19,"TUR"
"9","52",11,"TUR"
"12","52",1,"TUR"
"13","52",15,"TUR"
"21","52",1,"TUR"
"22","52",1,"TUR"
"25","52",1,"TUR"
"41","52",1,"TUR"
"42","52",2,"TUR"
"43","52",1,"TUR"
"44","52",1,"TUR"
"51","52",2,"TUR"
"1","53",5,"TUR"
"4","53",5,"TUR"
"7","53",1,"TUR"
"8","53",1,"TUR"
"15","53",1,"TUR"
"17","53",1,"TUR"
"19","53",3,"TUR"
"20","53",1,"TUR"
"21","53",3,"TUR"
"26","53",1,"TUR"
"34","53",1,"TUR"
"1","54",1,"TUR"
"3","54",1,"TUR"
"5","54",1,"TUR"
"8","54",1,"TUR"
"29","54",1,"TUR"
"32","54",7,"TUR"
"1","55",1,"TUR"
"2","55",2,"TUR"
"3","55",10,"TUR"
"4","55",2,"TUR"
"5","55",16,"TUR"
"8","55",3,"TUR"
"10","55",1,"TUR"
"17","55",1,"TUR"
"18","55",1,"TUR"
"22","55",1,"TUR"
"28","55",1,"TUR"
"40","55",1,"TUR"
"49","55",1,"TUR"
"54","55",1,"TUR"
"1","56",2,"TUR"
"4","56",4,"TUR"
"6","56",1,"TUR"
"7","56",1,"TUR"
"10","56",1,"TUR"
"11","56",1,"TUR"
"12","56",2,"TUR"
"16","56",10,"TUR"
"18","56",1,"TUR"
"19","56",1,"TUR"
"27","56",1,"TUR"
"39","56",1,"TUR"
"42","56",2,"TUR"
"45","56",1,"TUR"
"49","56",1,"TUR"
"50","56",2,"TUR"
"1","57",2,"TUR"
"2","57",2,"TUR"
"3","57",3,"TUR"
"4","57",2,"TUR"
"7","57",1,"TUR"
"11","57",1,"TUR"
"14","57",1,"TUR"
"18","57",1,"TUR"
"19","57",1,"TUR"
"30","57",1,"TUR"
"35","57",1,"TUR"
"1","58",1,"TUR"
"2","58",5,"TUR"
"5","58",2,"TUR"
"6","58",1,"TUR"
"15","58",2,"TUR"
"27","58",2,"TUR"
"32","58",1,"TUR"
"36","58",2,"TUR"
"44","58",1,"TUR"
"45","58",1,"TUR"
"49","58",1,"TUR"
"50","58",2,"TUR"
"52","58",1,"TUR"
"53","58",1,"TUR"
"57","58",1,"TUR"
"30","59",1,"TUR"
"33","59",10,"TUR"
"38","59",18,"TUR"
"40","59",2,"TUR"
"1","60",2,"TUR"
"2","60",34,"TUR"
"3","60",16,"TUR"
"6","60",2,"TUR"
"7","60",1,"TUR"
"9","60",1,"TUR"
"11","60",1,"TUR"
"22","60",2,"TUR"
"32","60",4,"TUR"
"34","60",1,"TUR"
"41","60",1,"TUR"
"42","60",1,"TUR"
"52","60",1,"TUR"
"1","61",5,"TUR"
"2","61",2,"TUR"
"3","61",4,"TUR"
"5","61",1,"TUR"
"6","61",1,"TUR"
"7","61",2,"TUR"
"10","61",1,"TUR"
"12","61",1,"TUR"
"13","61",1,"TUR"
"22","61",2,"TUR"
"33","61",1,"TUR"
"48","61",7,"TUR"
"50","61",1,"TUR"
"58","61",1,"TUR"
"59","61",1,"TUR"
"1","62",2,"TUR"
"4","62",3,"TUR"
"5","62",4,"TUR"
"7","62",1,"TUR"
"9","62",1,"TUR"
"10","62",1,"TUR"
"20","62",1,"TUR"
"37","62",1,"TUR"
"47","62",2,"TUR"
"49","62",3,"TUR"
"57","62",1,"TUR"
"60","62",1,"TUR"
"1","63",1,"TUR"
"2","63",2,"TUR"
"4","63",2,"TUR"
"5","63",1,"TUR"
"8","63",2,"TUR"
"9","63",1,"TUR"
"10","63",1,"TUR"
"17","63",2,"TUR"
"25","63",1,"TUR"
"26","63",1,"TUR"
"28","63",1,"TUR"
"34","63",1,"TUR"
"39","63",1,"TUR"
"42","63",1,"TUR"
"43","63",1,"TUR"
"59","63",1,"TUR"
"60","63",1,"TUR"
"1","64",4,"TUR"
"2","64",4,"TUR"
"3","64",1,"TUR"
"4","64",1,"TUR"
"5","64",1,"TUR"
"7","64",19,"TUR"
"8","64",1,"TUR"
"12","64",1,"TUR"
"18","64",1,"TUR"
"19","64",1,"TUR"
"34","64",1,"TUR"
"37","64",1,"TUR"
"45","64",1,"TUR"
"48","64",1,"TUR"
"58","64",1,"TUR"
"64","64",1,"TUR"
"2","65",1,"TUR"
"4","65",1,"TUR"
"5","65",7,"TUR"
"6","65",3,"TUR"
"12","65",1,"TUR"
"15","65",2,"TUR"
"17","65",3,"TUR"
"18","65",1,"TUR"
"19","65",1,"TUR"
"24","65",1,"TUR"
"30","65",1,"TUR"
"34","65",1,"TUR"
"45","65",1,"TUR"
"49","65",1,"TUR"
"51","65",1,"TUR"
"55","65",1,"TUR"
"58","65",2,"TUR"
"1","66",5,"TUR"
"2","66",2,"TUR"
"3","66",1,"TUR"
"5","66",2,"TUR"
"7","66",2,"TUR"
"9","66",1,"TUR"
"10","66",2,"TUR"
"15","66",2,"TUR"
"26","66",27,"TUR"
"46","66",1,"TUR"
"2","67",1,"TUR"
"6","67",1,"TUR"
"7","67",1,"TUR"
"8","67",1,"TUR"
"15","67",1,"TUR"
"16","67",1,"TUR"
"17","67",16,"TUR"
"21","67",1,"TUR"
"30","67",1,"TUR"
"33","67",1,"TUR"
"39","67",1,"TUR"
"41","67",1,"TUR"
"57","67",1,"TUR"
"2","68",2,"TUR"
"3","68",1,"TUR"
"5","68",3,"TUR"
"9","68",27,"TUR"
"10","68",1,"TUR"
"13","68",1,"TUR"
"14","68",1,"TUR"
"17","68",1,"TUR"
"21","68",1,"TUR"
"27","68",3,"TUR"
"38","68",1,"TUR"
"47","68",11,"TUR"
"51","68",1,"TUR"
"52","68",1,"TUR"
"58","68",1,"TUR"
"62","68",1,"TUR"
"67","68",1,"TUR"
"1","69",4,"TUR"
"2","69",2,"TUR"
"5","69",9,"TUR"
"7","69",3,"TUR"
"10","69",1,"TUR"
"11","69",10,"TUR"
"15","69",1,"TUR"
"18","69",2,"TUR"
"20","69",1,"TUR"
"21","69",1,"TUR"
"23","69",7,"TUR"
"25","69",1,"TUR"
"38","69",1,"TUR"
"51","69",1,"TUR"
"62","69",1,"TUR"
"65","69",3,"TUR"
"67","69",3,"TUR"
"68","69",1,"TUR"
"1","70",3,"TUR"
"2","70",2,"TUR"
"3","70",1,"TUR"
"4","70",2,"TUR"
"5","70",1,"TUR"
"6","70",1,"TUR"
"11","70",1,"TUR"
"12","70",1,"TUR"
"15","70",1,"TUR"
"17","70",1,"TUR"
"18","70",1,"TUR"
"21","70",9,"TUR"
"40","70",1,"TUR"
"62","70",1,"TUR"
"63","70",1,"TUR"
"1","71",4,"TUR"
"2","71",2,"TUR"
"3","71",4,"TUR"
"4","71",3,"TUR"
"6","71",3,"TUR"
"7","71",1,"TUR"
"10","71",1,"TUR"
"11","71",1,"TUR"
"17","71",2,"TUR"
"19","71",1,"TUR"
"21","71",1,"TUR"
"25","71",1,"TUR"
"32","71",1,"TUR"
"35","71",1,"TUR"
"42","71",1,"TUR"
"45","71",1,"TUR"
"47","71",1,"TUR"
"55","71",1,"TUR"
"58","71",4,"TUR"
"64","71",1,"TUR"
"65","71",2,"TUR"
"68","71",1,"TUR"
"2","72",5,"TUR"
"3","72",2,"TUR"
"6","72",1,"TUR"
"8","72",2,"TUR"
"14","72",1,"TUR"
"16","72",1,"TUR"
"23","72",1,"TUR"
"33","72",1,"TUR"
"34","72",1,"TUR"
"44","72",1,"TUR"
"53","72",1,"TUR"
"56","72",1,"TUR"
"1","73",1,"TUR"
"2","73",1,"TUR"
"4","73",2,"TUR"
"5","73",1,"TUR"
"6","73",3,"TUR"
"9","73",1,"TUR"
"10","73",1,"TUR"
"16","73",1,"TUR"
"17","73",2,"TUR"
"20","73",1,"TUR"
"25","73",1,"TUR"
"31","73",1,"TUR"
"44","73",1,"TUR"
"49","73",2,"TUR"
"51","73",1,"TUR"
"55","73",1,"TUR"
"56","73",1,"TUR"
"62","73",4,"TUR"
"71","73",1,"TUR"
"1","74",5,"TUR"
"2","74",2,"TUR"
"4","74",2,"TUR"
"5","74",1,"TUR"
"6","74",10,"TUR"
"8","74",1,"TUR"
"10","74",1,"TUR"
"13","74",4,"TUR"
"16","74",1,"TUR"
"25","74",2,"TUR"
"28","74",1,"TUR"
"31","74",1,"TUR"
"32","74",1,"TUR"
"33","74",1,"TUR"
"37","74",1,"TUR"
"51","74",1,"TUR"
"59","74",1,"TUR"
"62","74",1,"TUR"
"73","74",1,"TUR"
"1","75",5,"TUR"
"4","75",24,"TUR"
"5","75",1,"TUR"
"10","75",1,"TUR"
"11","75",1,"TUR"
"12","75",3,"TUR"
"13","75",1,"TUR"
"15","75",1,"TUR"
"18","75",1,"TUR"
"19","75",1,"TUR"
"22","75",1,"TUR"
"24","75",1,"TUR"
"26","75",2,"TUR"
"39","75",1,"TUR"
"45","75",1,"TUR"
"53","75",2,"TUR"
"57","75",1,"TUR"
"61","75",1,"TUR"
"65","75",2,"TUR"
"1","76",2,"TUR"
"2","76",6,"TUR"
"5","76",1,"TUR"
"13","76",1,"TUR"
"28","76",1,"TUR"
"30","76",1,"TUR"
"32","76",13,"TUR"
"37","76",1,"TUR"
"64","76",1,"TUR"
"21","77",1,"TUR"
"49","77",1,"TUR"
"55","77",1,"TUR"
"64","77",1,"TUR"
"67","77",1,"TUR"
"70","77",1,"TUR"
"1","78",6,"TUR"
"5","78",3,"TUR"
"6","78",1,"TUR"
"10","78",2,"TUR"
"11","78",4,"TUR"
"17","78",1,"TUR"
"19","78",1,"TUR"
"31","78",1,"TUR"
"35","78",1,"TUR"
"39","78",10,"TUR"
"51","78",1,"TUR"
"52","78",17,"TUR"
"61","78",1,"TUR"
"67","78",3,"TUR"
"73","78",1,"TUR"
"1","79",8,"TUR"
"4","79",13,"TUR"
"7","79",2,"TUR"
"15","79",1,"TUR"
"19","79",5,"TUR"
"36","79",3,"TUR"
"1","80",3,"TUR"
"5","80",2,"TUR"
"7","80",1,"TUR"
"11","80",9,"TUR"
"12","80",1,"TUR"
"13","80",1,"TUR"
"15","80",1,"TUR"
"26","80",2,"TUR"
"39","80",23,"TUR"
"49","80",1,"TUR"
"52","80",2,"TUR"
"61","80",1,"TUR"
"67","80",1,"TUR"
"68","80",1,"TUR"
"72","80",1,"TUR"
"75","80",1,"TUR"
"1","81",3,"TUR"
"2","81",1,"TUR"
"4","81",1,"TUR"
"6","81",1,"TUR"
"7","81",1,"TUR"
"15","81",1,"TUR"
"16","81",1,"TUR"
"18","81",1,"TUR"
"27","81",1,"TUR"
"30","81",3,"TUR"
"33","81",3,"TUR"
"35","81",2,"TUR"
"38","81",4,"TUR"
"40","81",1,"TUR"
"47","81",2,"TUR"
"59","81",8,"TUR"
"62","81",1,"TUR"
"70","81",1,"TUR"
"72","81",1,"TUR"
"2","82",1,"TUR"
"4","82",2,"TUR"
"5","82",2,"TUR"
"14","82",1,"TUR"
"16","82",2,"TUR"
"20","82",2,"TUR"
"24","82",1,"TUR"
"25","82",1,"TUR"
"27","82",1,"TUR"
"45","82",1,"TUR"
"50","82",2,"TUR"
"57","82",3,"TUR"
"58","82",1,"TUR"
"65","82",1,"TUR"
"67","82",1,"TUR"
"68","82",1,"TUR"
"71","82",1,"TUR"
"1","83",2,"TUR"
"2","83",1,"TUR"
"4","83",2,"TUR"
"6","83",1,"TUR"
"11","83",2,"TUR"
"14","83",1,"TUR"
"16","83",1,"TUR"
"26","83",6,"TUR"
"39","83",9,"TUR"
"42","83",1,"TUR"
"44","83",1,"TUR"
"53","83",1,"TUR"
"69","83",1,"TUR"
"76","83",2,"TUR"
"2","84",18,"TUR"
"6","84",4,"TUR"
"8","84",1,"TUR"
"9","84",1,"TUR"
"16","84",11,"TUR"
"18","84",1,"TUR"
"30","84",1,"TUR"
"36","84",1,"TUR"
"40","84",3,"TUR"
"56","84",1,"TUR"
"64","84",2,"TUR"
"68","84",3,"TUR"
"1","85",1,"TUR"
"2","85",1,"TUR"
"6","85",2,"TUR"
"7","85",1,"TUR"
"10","85",1,"TUR"
"13","85",1,"TUR"
"16","85",2,"TUR"
"22","85",1,"TUR"
"36","85",3,"TUR"
"38","85",1,"TUR"
"50","85",1,"TUR"
"51","85",1,"TUR"
"67","85",2,"TUR"
"70","85",1,"TUR"
"80","85",1,"TUR"
"81","85",1,"TUR"
"83","85",1,"TUR"
"1","86",3,"TUR"
"2","86",1,"TUR"
"3","86",1,"TUR"
"4","86",1,"TUR"
"5","86",1,"TUR"
"7","86",1,"TUR"
"8","86",1,"TUR"
"11","86",1,"TUR"
"12","86",1,"TUR"
"14","86",1,"TUR"
"15","86",1,"TUR"
"18","86",1,"TUR"
"27","86",2,"TUR"
"30","86",1,"TUR"
"31","86",1,"TUR"
"33","86",3,"TUR"
"35","86",2,"TUR"
"38","86",6,"TUR"
"40","86",3,"TUR"
"47","86",1,"TUR"
"59","86",1,"TUR"
"62","86",1,"TUR"
"70","86",1,"TUR"
"72","86",1,"TUR"
"81","86",3,"TUR"
"84","86",1,"TUR"
"85","86",1,"TUR"
"2","87",3,"TUR"
"5","87",1,"TUR"
"10","87",1,"TUR"
"13","87",1,"TUR"
"26","87",1,"TUR"
"27","87",1,"TUR"
"34","87",1,"TUR"
"48","87",2,"TUR"
"50","87",1,"TUR"
"58","87",2,"TUR"
"65","87",1,"TUR"
"1","88",3,"TUR"
"4","88",1,"TUR"
"8","88",8,"TUR"
"9","88",25,"TUR"
"12","88",2,"TUR"
"13","88",6,"TUR"
"18","88",1,"TUR"
"25","88",2,"TUR"
"33","88",1,"TUR"
"40","88",1,"TUR"
"42","88",2,"TUR"
"48","88",1,"TUR"
"56","88",1,"TUR"
"73","88",1,"TUR"
"1","89",3,"TUR"
"2","89",1,"TUR"
"3","89",3,"TUR"
"5","89",8,"TUR"
"10","89",1,"TUR"
"11","89",1,"TUR"
"17","89",1,"TUR"
"22","89",1,"TUR"
"29","89",1,"TUR"
"40","89",1,"TUR"
"41","89",1,"TUR"
"42","89",1,"TUR"
"49","89",3,"TUR"
"51","89",1,"TUR"
"73","89",1,"TUR"
"76","89",1,"TUR"
"77","89",1,"TUR"
"1","90",10,"TUR"
"2","90",5,"TUR"
"4","90",1,"TUR"
"5","90",2,"TUR"
"7","90",2,"TUR"
"21","90",1,"TUR"
"71","90",1,"TUR"
"83","90",1,"TUR"
"1","91",7,"TUR"
"2","91",7,"TUR"
"3","91",1,"TUR"
"4","91",1,"TUR"
"5","91",2,"TUR"
"7","91",1,"TUR"
"8","91",1,"TUR"
"9","91",1,"TUR"
"16","91",1,"TUR"
"17","91",2,"TUR"
"18","91",1,"TUR"
"20","91",1,"TUR"
"23","91",1,"TUR"
"34","91",1,"TUR"
"38","91",1,"TUR"
"39","91",1,"TUR"
"51","91",1,"TUR"
"52","91",2,"TUR"
"64","91",1,"TUR"
"72","91",1,"TUR"
"73","91",2,"TUR"
"88","91",1,"TUR"
"3","92",1,"TUR"
"8","92",2,"TUR"
"9","92",1,"TUR"
"10","92",1,"TUR"
"12","92",1,"TUR"
"31","92",1,"TUR"
"34","92",1,"TUR"
"40","92",1,"TUR"
"50","92",1,"TUR"
"53","92",1,"TUR"
"56","92",1,"TUR"
"71","92",1,"TUR"
"75","92",1,"TUR"
"81","92",1,"TUR"
"1","93",3,"TUR"
"2","93",1,"TUR"
"3","93",1,"TUR"
"4","93",1,"TUR"
"6","93",1,"TUR"
"7","93",3,"TUR"
"12","93",1,"TUR"
"14","93",1,"TUR"
"17","93",1,"TUR"
"36","93",2,"TUR"
"49","93",1,"TUR"
"53","93",3,"TUR"
"57","93",1,"TUR"
"58","93",1,"TUR"
"59","93",1,"TUR"
"60","93",1,"TUR"
"67","93",1,"TUR"
"70","93",2,"TUR"
"71","93",1,"TUR"
"90","93",1,"TUR"
"1","94",17,"TUR"
"2","94",1,"TUR"
"4","94",2,"TUR"
"6","94",1,"TUR"
"11","94",1,"TUR"
"12","94",1,"TUR"
"18","94",1,"TUR"
"20","94",1,"TUR"
"24","94",1,"TUR"
"31","94",1,"TUR"
"38","94",1,"TUR"
"39","94",1,"TUR"
"90","94",1,"TUR"
"92","94",1,"TUR"
"2","95",2,"TUR"
"3","95",3,"TUR"
"4","95",1,"TUR"
"9","95",1,"TUR"
"11","95",2,"TUR"
"13","95",1,"TUR"
"18","95",1,"TUR"
"20","95",1,"TUR"
"68","95",1,"TUR"
"74","95",8,"TUR"
"88","95",1,"TUR"
"95","95",1,"TUR"
"2","96",2,"TUR"
"3","96",2,"TUR"
"4","96",2,"TUR"
"7","96",1,"TUR"
"12","96",1,"TUR"
"16","96",1,"TUR"
"17","96",1,"TUR"
"23","96",1,"TUR"
"30","96",1,"TUR"
"35","96",1,"TUR"
"45","96",1,"TUR"
"76","96",1,"TUR"
"83","96",1,"TUR"
"1","97",2,"TUR"
"5","97",1,"TUR"
"6","97",6,"TUR"
"8","97",1,"TUR"
"25","97",1,"TUR"
"38","97",2,"TUR"
"71","97",1,"TUR"
"75","97",1,"TUR"
"92","97",40,"TUR"
"2","98",5,"TUR"
"3","98",2,"TUR"
"5","98",2,"TUR"
"8","98",1,"TUR"
"16","98",13,"TUR"
"21","98",3,"TUR"
"22","98",10,"TUR"
"24","98",1,"TUR"
"26","98",1,"TUR"
"35","98",1,"TUR"
"42","98",1,"TUR"
"51","98",2,"TUR"
"63","98",1,"TUR"
"89","98",1,"TUR"
"98","98",5,"TUR"
"1","99",2,"TUR"
"2","99",3,"TUR"
"3","99",2,"TUR"
"4","99",1,"TUR"
"6","99",1,"TUR"
"18","99",2,"TUR"
"40","99",1,"TUR"
"43","99",1,"TUR"
"48","99",26,"TUR"
"64","99",1,"TUR"
"65","99",1,"TUR"
"1","100",2,"TUR"
"2","100",6,"TUR"
"4","100",6,"TUR"
"8","100",1,"TUR"
"12","100",1,"TUR"
"13","100",1,"TUR"
"14","100",1,"TUR"
"16","100",1,"TUR"
"19","100",1,"TUR"
"24","100",1,"TUR"
"26","100",2,"TUR"
"41","100",2,"TUR"
"43","100",2,"TUR"
"45","100",1,"TUR"
"49","100",2,"TUR"
"56","100",1,"TUR"
"58","100",2,"TUR"
"65","100",2,"TUR"
"71","100",1,"TUR"
"72","100",1,"TUR"
"82","100",1,"TUR"
"1","101",2,"TUR"
"2","101",1,"TUR"
"3","101",1,"TUR"
"4","101",3,"TUR"
"20","101",1,"TUR"
"24","101",2,"TUR"
"26","101",2,"TUR"
"27","101",1,"TUR"
"36","101",1,"TUR"
"47","101",1,"TUR"
"53","101",2,"TUR"
"58","101",1,"TUR"
"76","101",1,"TUR"
"79","101",1,"TUR"
"82","101",1,"TUR"
"85","101",2,"TUR"
"88","101",2,"TUR"
"92","101",1,"TUR"
"2","102",3,"TUR"
"3","102",2,"TUR"
"8","102",1,"TUR"
"10","102",1,"TUR"
"16","102",1,"TUR"
"17","102",1,"TUR"
"18","102",1,"TUR"
"20","102",2,"TUR"
"34","102",1,"TUR"
"48","102",1,"TUR"
"58","102",13,"TUR"
"72","102",3,"TUR"
"75","102",1,"TUR"
"82","102",20,"TUR"
"83","102",1,"TUR"
"89","102",1,"TUR"
"1","103",3,"TUR"
"2","103",3,"TUR"
"3","103",7,"TUR"
"5","103",2,"TUR"
"13","103",1,"TUR"
"17","103",1,"TUR"
"26","103",1,"TUR"
"28","103",1,"TUR"
"29","103",1,"TUR"
"52","103",1,"TUR"
"55","103",2,"TUR"
"65","103",1,"TUR"
"69","103",1,"TUR"
"80","103",1,"TUR"
"98","103",1,"TUR"
"3","104",1,"TUR"
"11","104",1,"TUR"
"69","104",1,"TUR"
"74","104",1,"TUR"
"89","104",1,"TUR"
"104","104",1,"TUR"
"1","105",2,"TUR"
"3","105",1,"TUR"
"4","105",3,"TUR"
"5","105",2,"TUR"
"6","105",1,"TUR"
"8","105",1,"TUR"
"10","105",1,"TUR"
"18","105",2,"TUR"
"21","105",4,"TUR"
"22","105",2,"TUR"
"28","105",1,"TUR"
"49","105",1,"TUR"
"51","105",4,"TUR"
"55","105",1,"TUR"
"56","105",1,"TUR"
"57","105",1,"TUR"
"71","105",1,"TUR"
"84","105",1,"TUR"
"94","105",1,"TUR"
"96","105",1,"TUR"
"98","105",2,"TUR"
"103","105",3,"TUR"
"104","105",1,"TUR"
"1","106",2,"TUR"
"2","106",4,"TUR"
"4","106",3,"TUR"
"6","106",1,"TUR"
"7","106",1,"TUR"
"8","106",1,"TUR"
"21","106",1,"TUR"
"25","106",1,"TUR"
"30","106",3,"TUR"
"31","106",1,"TUR"
"56","106",1,"TUR"
"61","106",2,"TUR"
"69","106",1,"TUR"
"83","106",1,"TUR"
"87","106",3,"TUR"
"91","106",1,"TUR"
"102","106",1,"TUR"
"1","107",1,"TUR"
"4","107",1,"TUR"
"29","107",1,"TUR"
"32","107",24,"TUR"
"1","108",1,"TUR"
"2","108",3,"TUR"
"3","108",1,"TUR"
"4","108",2,"TUR"
"5","108",1,"TUR"
"12","108",1,"TUR"
"21","108",1,"TUR"
"25","108",2,"TUR"
"29","108",3,"TUR"
"46","108",1,"TUR"
"48","108",1,"TUR"
"49","108",1,"TUR"
"63","108",1,"TUR"
"103","108",1,"TUR"
"108","108",1,"TUR"
"3","109",1,"TUR"
"5","109",6,"TUR"
"7","109",1,"TUR"
"11","109",4,"TUR"
"14","109",1,"TUR"
"19","109",2,"TUR"
"20","109",1,"TUR"
"61","109",1,"TUR"
"95","109",1,"TUR"
"1","110",2,"TUR"
"2","110",3,"TUR"
"3","110",4,"TUR"
"4","110",4,"TUR"
"5","110",3,"TUR"
"6","110",6,"TUR"
"9","110",2,"TUR"
"10","110",1,"TUR"
"13","110",1,"TUR"
"18","110",1,"TUR"
"19","110",1,"TUR"
"21","110",1,"TUR"
"25","110",1,"TUR"
"36","110",1,"TUR"
"41","110",2,"TUR"
"49","110",2,"TUR"
"55","110",1,"TUR"
"60","110",1,"TUR"
"65","110",1,"TUR"
"73","110",4,"TUR"
"91","110",1,"TUR"
"100","110",1,"TUR"
"1","111",7,"TUR"
"3","111",1,"TUR"
"6","111",1,"TUR"
"7","111",1,"TUR"
"15","111",2,"TUR"
"17","111",1,"TUR"
"19","111",2,"TUR"
"34","111",1,"TUR"
"36","111",2,"TUR"
"41","111",2,"TUR"
"44","111",1,"TUR"
"71","111",1,"TUR"
"72","111",1,"TUR"
"79","111",1,"TUR"
"105","111",1,"TUR"
"109","111",3,"TUR"
"2","112",2,"TUR"
"3","112",1,"TUR"
"4","112",1,"TUR"
"5","112",2,"TUR"
"13","112",1,"TUR"
"16","112",6,"TUR"
"19","112",2,"TUR"
"44","112",1,"TUR"
"47","112",7,"TUR"
"53","112",1,"TUR"
"61","112",1,"TUR"
"84","112",6,"TUR"
"2","113",2,"TUR"
"4","113",1,"TUR"
"5","113",1,"TUR"
"9","113",2,"TUR"
"17","113",1,"TUR"
"47","113",3,"TUR"
"48","113",1,"TUR"
"78","113",1,"TUR"
"84","113",3,"TUR"
"97","113",2,"TUR"
"98","113",1,"TUR"
"103","113",1,"TUR"
"106","113",1,"TUR"
"1","114",2,"TUR"
"2","114",2,"TUR"
"3","114",1,"TUR"
"4","114",1,"TUR"
"5","114",1,"TUR"
"6","114",1,"TUR"
"8","114",1,"TUR"
"9","114",5,"TUR"
"13","114",16,"TUR"
"26","114",2,"TUR"
"37","114",2,"TUR"
"41","114",1,"TUR"
"45","114",1,"TUR"
"47","114",1,"TUR"
"49","114",1,"TUR"
"58","114",1,"TUR"
"63","114",1,"TUR"
"64","114",1,"TUR"
"86","114",1,"TUR"
"93","114",1,"TUR"
"110","114",1,"TUR"
"1","115",2,"TUR"
"2","115",1,"TUR"
"4","115",3,"TUR"
"5","115",2,"TUR"
"6","115",2,"TUR"
"7","115",2,"TUR"
"11","115",1,"TUR"
"18","115",1,"TUR"
"27","115",2,"TUR"
"35","115",6,"TUR"
"38","115",5,"TUR"
"40","115",1,"TUR"
"46","115",1,"TUR"
"47","115",4,"TUR"
"48","115",1,"TUR"
"53","115",1,"TUR"
"59","115",5,"TUR"
"73","115",1,"TUR"
"107","115",1,"TUR"
"109","115",1,"TUR"
"1","116",1,"TUR"
"2","116",4,"TUR"
"4","116",1,"TUR"
"5","116",3,"TUR"
"6","116",2,"TUR"
"7","116",3,"TUR"
"8","116",3,"TUR"
"11","116",1,"TUR"
"12","116",2,"TUR"
"16","116",1,"TUR"
"28","116",3,"TUR"
"30","116",6,"TUR"
"33","116",3,"TUR"
"36","116",1,"TUR"
"38","116",2,"TUR"
"44","116",1,"TUR"
"46","116",2,"TUR"
"55","116",1,"TUR"
"56","116",2,"TUR"
"81","116",1,"TUR"
"86","116",2,"TUR"
"87","116",1,"TUR"
"18","117",1,"TUR"
"21","117",1,"TUR"
"30","117",5,"TUR"
"33","117",6,"TUR"
"40","117",7,"TUR"
"59","117",8,"TUR"
"69","117",2,"TUR"
"81","117",1,"TUR"
"86","117",2,"TUR"
"2","118",2,"TUR"
"4","118",2,"TUR"
"5","118",1,"TUR"
"6","118",1,"TUR"
"37","118",11,"TUR"
"93","118",1,"TUR"
"1","119",1,"TUR"
"2","119",2,"TUR"
"3","119",1,"TUR"
"8","119",1,"TUR"
"10","119",1,"TUR"
"13","119",1,"TUR"
"15","119",1,"TUR"
"18","119",1,"TUR"
"22","119",1,"TUR"
"27","119",1,"TUR"
"31","119",1,"TUR"
"34","119",2,"TUR"
"36","119",1,"TUR"
"44","119",1,"TUR"
"53","119",2,"TUR"
"67","119",3,"TUR"
"108","119",1,"TUR"
"1","120",3,"TUR"
"4","120",2,"TUR"
"5","120",1,"TUR"
"9","120",1,"TUR"
"15","120",1,"TUR"
"19","120",1,"TUR"
"21","120",3,"TUR"
"25","120",2,"TUR"
"31","120",1,"TUR"
"44","120",1,"TUR"
"61","120",1,"TUR"
"76","120",1,"TUR"
"78","120",1,"TUR"
"79","120",1,"TUR"
"92","120",2,"TUR"
"116","120",2,"TUR"
"2","121",1,"TUR"
"5","121",1,"TUR"
"7","121",4,"TUR"
"10","121",3,"TUR"
"12","121",2,"TUR"
"31","121",1,"TUR"
"33","121",3,"TUR"
"38","121",11,"TUR"
"40","121",1,"TUR"
"42","121",1,"TUR"
"46","121",2,"TUR"
"59","121",4,"TUR"
"61","121",3,"TUR"
"81","121",3,"TUR"
"90","121",1,"TUR"
"117","121",8,"TUR"
"1","122",1,"TUR"
"4","122",4,"TUR"
"6","122",1,"TUR"
"10","122",1,"TUR"
"15","122",22,"TUR"
"22","122",1,"TUR"
"49","122",1,"TUR"
"55","122",3,"TUR"
"89","122",1,"TUR"
"93","122",1,"TUR"
"1","123",1,"TUR"
"4","123",1,"TUR"
"45","123",2,"TUR"
"63","123",39,"TUR"
"87","123",1,"TUR"
"1","124",1,"TUR"
"2","124",3,"TUR"
"4","124",1,"TUR"
"5","124",2,"TUR"
"6","124",3,"TUR"
"10","124",1,"TUR"
"24","124",1,"TUR"
"25","124",1,"TUR"
"34","124",1,"TUR"
"42","124",2,"TUR"
"84","124",1,"TUR"
"10","125",1,"TUR"
"21","125",1,"TUR"
"53","125",1,"TUR"
"67","125",1,"TUR"
"95","125",1,"TUR"
"105","125",1,"TUR"
"124","125",16,"TUR"
"1","126",1,"TUR"
"2","126",1,"TUR"
"3","126",1,"TUR"
"4","126",1,"TUR"
"5","126",3,"TUR"
"19","126",1,"TUR"
"27","126",1,"TUR"
"30","126",1,"TUR"
"33","126",2,"TUR"
"35","126",2,"TUR"
"36","126",1,"TUR"
"38","126",2,"TUR"
"40","126",1,"TUR"
"47","126",2,"TUR"
"50","126",1,"TUR"
"59","126",5,"TUR"
"81","126",1,"TUR"
"85","126",2,"TUR"
"86","126",1,"TUR"
"87","126",1,"TUR"
"92","126",1,"TUR"
"95","126",1,"TUR"
"101","126",1,"TUR"
"115","126",1,"TUR"
"116","126",1,"TUR"
"117","126",2,"TUR"
"126","126",1,"TUR"
"2","127",16,"TUR"
"3","127",4,"TUR"
"4","127",1,"TUR"
"5","127",1,"TUR"
"9","127",13,"TUR"
"27","127",18,"TUR"
"33","127",1,"TUR"
"35","127",1,"TUR"
"40","127",2,"TUR"
"50","127",1,"TUR"
"56","127",5,"TUR"
"65","127",1,"TUR"
"82","127",1,"TUR"
"120","127",1,"TUR"
"123","127",1,"TUR"
"10","128",1,"TUR"
"11","128",2,"TUR"
"12","128",2,"TUR"
"25","128",1,"TUR"
"30","128",1,"TUR"
"38","128",9,"TUR"
"46","128",2,"TUR"
"59","128",5,"TUR"
"61","128",2,"TUR"
"67","128",8,"TUR"
"73","128",1,"TUR"
"81","128",3,"TUR"
"115","128",1,"TUR"
"117","128",7,"TUR"
"1","129",6,"TUR"
"2","129",2,"TUR"
"3","129",1,"TUR"
"5","129",3,"TUR"
"6","129",1,"TUR"
"7","129",1,"TUR"
"8","129",1,"TUR"
"10","129",4,"TUR"
"12","129",1,"TUR"
"15","129",1,"TUR"
"16","129",1,"TUR"
"24","129",1,"TUR"
"26","129",1,"TUR"
"27","129",1,"TUR"
"36","129",1,"TUR"
"49","129",1,"TUR"
"53","129",1,"TUR"
"61","129",1,"TUR"
"85","129",1,"TUR"
"91","129",1,"TUR"
"92","129",1,"TUR"
"100","129",1,"TUR"
"128","129",1,"TUR"
"1","130",4,"TUR"
"3","130",1,"TUR"
"4","130",2,"TUR"
"6","130",1,"TUR"
"10","130",1,"TUR"
"12","130",2,"TUR"
"14","130",1,"TUR"
"15","130",1,"TUR"
"35","130",1,"TUR"
"38","130",1,"TUR"
"40","130",1,"TUR"
"47","130",3,"TUR"
"55","130",1,"TUR"
"59","130",3,"TUR"
"75","130",1,"TUR"
"81","130",1,"TUR"
"89","130",1,"TUR"
"97","130",1,"TUR"
"115","130",1,"TUR"
"116","130",2,"TUR"
"117","130",2,"TUR"
"126","130",1,"TUR"
"1","131",3,"TUR"
"2","131",3,"TUR"
"3","131",1,"TUR"
"5","131",1,"TUR"
"6","131",1,"TUR"
"7","131",2,"TUR"
"10","131",4,"TUR"
"12","131",1,"TUR"
"18","131",1,"TUR"
"23","131",10,"TUR"
"24","131",1,"TUR"
"43","131",1,"TUR"
"44","131",1,"TUR"
"57","131",1,"TUR"
"58","131",1,"TUR"
"70","131",3,"TUR"
"90","131",1,"TUR"
"118","131",1,"TUR"
"1","132",1,"TUR"
"2","132",1,"TUR"
"4","132",2,"TUR"
"5","132",1,"TUR"
"12","132",1,"TUR"
"19","132",1,"TUR"
"22","132",1,"TUR"
"24","132",1,"TUR"
"26","132",1,"TUR"
"40","132",1,"TUR"
"48","132",1,"TUR"
"50","132",1,"TUR"
"54","132",1,"TUR"
"64","132",1,"TUR"
"68","132",1,"TUR"
"75","132",7,"TUR"
"81","132",1,"TUR"
"92","132",1,"TUR"
"2","133",2,"TUR"
"3","133",4,"TUR"
"5","133",1,"TUR"
"8","133",1,"TUR"
"9","133",1,"TUR"
"17","133",1,"TUR"
"34","133",1,"TUR"
"41","133",1,"TUR"
"55","133",3,"TUR"
"65","133",1,"TUR"
"105","133",2,"TUR"
"107","133",1,"TUR"
"126","133",1,"TUR"
"5","134",1,"TUR"
"6","134",1,"TUR"
"10","134",1,"TUR"
"12","134",1,"TUR"
"14","134",1,"TUR"
"17","134",1,"TUR"
"33","134",1,"TUR"
"35","134",2,"TUR"
"39","134",1,"TUR"
"50","134",1,"TUR"
"58","134",2,"TUR"
"77","134",2,"TUR"
"80","134",1,"TUR"
"82","134",2,"TUR"
"87","134",1,"TUR"
"1","135",3,"TUR"
"3","135",1,"TUR"
"4","135",1,"TUR"
"5","135",1,"TUR"
"7","135",1,"TUR"
"8","135",1,"TUR"
"9","135",1,"TUR"
"10","135",1,"TUR"
"25","135",1,"TUR"
"37","135",6,"TUR"
"42","135",1,"TUR"
"54","135",16,"TUR"
"76","135",7,"TUR"
"1","136",1,"TUR"
"2","136",1,"TUR"
"3","136",1,"TUR"
"4","136",2,"TUR"
"5","136",1,"TUR"
"13","136",1,"TUR"
"22","136",2,"TUR"
"32","136",1,"TUR"
"37","136",1,"TUR"
"42","136",1,"TUR"
"50","136",1,"TUR"
"58","136",1,"TUR"
"81","136",1,"TUR"
"82","136",2,"TUR"
"123","136",1,"TUR"
"2","137",3,"TUR"
"3","137",2,"TUR"
"6","137",1,"TUR"
"9","137",1,"TUR"
"21","137",2,"TUR"
"22","137",4,"TUR"
"29","137",2,"TUR"
"41","137",1,"TUR"
"52","137",1,"TUR"
"60","137",1,"TUR"
"63","137",1,"TUR"
"84","137",1,"TUR"
"91","137",1,"TUR"
"1","138",3,"TUR"
"4","138",2,"TUR"
"5","138",1,"TUR"
"7","138",3,"TUR"
"11","138",1,"TUR"
"12","138",1,"TUR"
"15","138",1,"TUR"
"19","138",14,"TUR"
"21","138",2,"TUR"
"26","138",2,"TUR"
"36","138",1,"TUR"
"45","138",1,"TUR"
"47","138",1,"TUR"
"61","138",2,"TUR"
"65","138",1,"TUR"
"69","138",1,"TUR"
"70","138",1,"TUR"
"79","138",1,"TUR"
"101","138",5,"TUR"
"102","138",4,"TUR"
"131","138",3,"TUR"
"133","138",1,"TUR"
"1","139",5,"TUR"
"4","139",5,"TUR"
"5","139",2,"TUR"
"7","139",1,"TUR"
"14","139",1,"TUR"
"15","139",1,"TUR"
"19","139",11,"TUR"
"20","139",1,"TUR"
"27","139",1,"TUR"
"35","139",1,"TUR"
"36","139",5,"TUR"
"51","139",1,"TUR"
"69","139",1,"TUR"
"92","139",1,"TUR"
"101","139",3,"TUR"
"102","139",1,"TUR"
"103","139",1,"TUR"
"131","139",2,"TUR"
"138","139",6,"TUR"
"1","140",1,"TUR"
"2","141",1,"TUR"
"3","141",1,"TUR"
"5","141",1,"TUR"
"8","141",1,"TUR"
"16","141",1,"TUR"
"25","141",1,"TUR"
"27","141",1,"TUR"
"30","141",1,"TUR"
"36","141",1,"TUR"
"37","141",1,"TUR"
"40","141",1,"TUR"
"42","141",1,"TUR"
"45","141",1,"TUR"
"79","141",1,"TUR"
"86","141",1,"TUR"
"90","141",1,"TUR"
"1","142",1,"TUR"
"2","142",1,"TUR"
"4","142",1,"TUR"
"9","142",2,"TUR"
"128","142",1,"TUR"
"3","143",1,"TUR"
"5","143",1,"TUR"
"6","143",1,"TUR"
"7","143",1,"TUR"
"9","143",1,"TUR"
"10","143",1,"TUR"
"11","143",1,"TUR"
"36","143",1,"TUR"
"42","143",2,"TUR"
"44","143",1,"TUR"
"49","143",1,"TUR"
"51","143",3,"TUR"
"52","143",1,"TUR"
"58","143",1,"TUR"
"65","143",1,"TUR"
"94","143",1,"TUR"
"96","143",1,"TUR"
"102","143",1,"TUR"
"124","143",1,"TUR"
"132","143",1,"TUR"
"141","143",1,"TUR"
"1","144",1,"TUR"
"3","144",3,"TUR"
"5","144",1,"TUR"
"8","144",1,"TUR"
"17","144",2,"TUR"
"25","144",1,"TUR"
"27","144",2,"TUR"
"30","144",1,"TUR"
"35","144",1,"TUR"
"40","144",1,"TUR"
"52","144",2,"TUR"
"58","144",3,"TUR"
"69","144",1,"TUR"
"70","144",1,"TUR"
"80","144",1,"TUR"
"85","144",1,"TUR"
"88","144",4,"TUR"
"120","144",1,"TUR"
"126","144",1,"TUR"
"128","144",6,"TUR"
"130","144",1,"TUR"
"1","145",4,"TUR"
"2","145",6,"TUR"
"3","145",1,"TUR"
"4","145",3,"TUR"
"6","145",2,"TUR"
"8","145",1,"TUR"
"9","145",2,"TUR"
"10","145",3,"TUR"
"18","145",1,"TUR"
"25","145",2,"TUR"
"37","145",1,"TUR"
"56","145",7,"TUR"
"65","145",1,"TUR"
"68","145",1,"TUR"
"73","145",1,"TUR"
"91","145",1,"TUR"
"115","145",1,"TUR"
"119","145",1,"TUR"
"120","145",1,"TUR"
"141","145",1,"TUR"
"143","145",1,"TUR"
"145","145",1,"TUR"
"1","146",1,"TUR"
"3","146",1,"TUR"
"4","146",1,"TUR"
"5","146",2,"TUR"
"18","146",1,"TUR"
"22","146",2,"TUR"
"36","146",1,"TUR"
"58","146",1,"TUR"
"75","146",1,"TUR"
"82","146",1,"TUR"
"109","146",1,"TUR"
"115","146",1,"TUR"
"142","146",1,"TUR"
"2","147",5,"TUR"
"3","147",8,"TUR"
"5","147",1,"TUR"
"9","147",1,"TUR"
"14","147",1,"TUR"
"17","147",1,"TUR"
"19","147",1,"TUR"
"20","147",1,"TUR"
"24","147",1,"TUR"
"25","147",1,"TUR"
"30","147",1,"TUR"
"35","147",2,"TUR"
"49","147",1,"TUR"
"55","147",2,"TUR"
"56","147",1,"TUR"
"61","147",1,"TUR"
"68","147",1,"TUR"
"73","147",2,"TUR"
"89","147",2,"TUR"
"94","147",2,"TUR"
"108","147",1,"TUR"
"110","147",1,"TUR"
"122","147",1,"TUR"
"142","147",1,"TUR"
"1","148",3,"TUR"
"2","148",2,"TUR"
"3","148",1,"TUR"
"4","148",6,"TUR"
"5","148",1,"TUR"
"6","148",1,"TUR"
"8","148",1,"TUR"
"10","148",1,"TUR"
"24","148",1,"TUR"
"44","148",1,"TUR"
"55","148",2,"TUR"
"66","148",1,"TUR"
"103","148",1,"TUR"
"108","148",1,"TUR"
"116","148",1,"TUR"
"135","148",1,"TUR"
"108","149",1,"TUR"
"135","149",5,"TUR"
"1","150",2,"TUR"
"2","150",6,"TUR"
"3","150",4,"TUR"
"5","150",2,"TUR"
"6","150",2,"TUR"
"7","150",1,"TUR"
"12","150",1,"TUR"
"17","150",1,"TUR"
"18","150",1,"TUR"
"23","150",1,"TUR"
"36","150",1,"TUR"
"40","150",1,"TUR"
"56","150",4,"TUR"
"61","150",3,"TUR"
"103","150",1,"TUR"
"106","150",1,"TUR"
"120","150",2,"TUR"
"138","150",1,"TUR"
"147","150",1,"TUR"
"150","150",1,"TUR"
"1","151",2,"TUR"
"3","151",1,"TUR"
"5","151",2,"TUR"
"6","151",1,"TUR"
"7","151",2,"TUR"
"10","151",1,"TUR"
"15","151",1,"TUR"
"21","151",1,"TUR"
"27","151",1,"TUR"
"34","151",1,"TUR"
"35","151",5,"TUR"
"47","151",4,"TUR"
"50","151",1,"TUR"
"59","151",1,"TUR"
"67","151",1,"TUR"
"68","151",1,"TUR"
"84","151",1,"TUR"
"89","151",1,"TUR"
"115","151",2,"TUR"
"121","151",1,"TUR"
"128","151",1,"TUR"
"151","151",1,"TUR"
"5","152",1,"TUR"
"18","152",1,"TUR"
"20","152",1,"TUR"
"30","152",1,"TUR"
"48","152",9,"TUR"
"66","152",1,"TUR"
"67","152",1,"TUR"
"78","152",1,"TUR"
"3","153",2,"TUR"
"4","153",2,"TUR"
"5","153",1,"TUR"
"10","153",1,"TUR"
"15","153",1,"TUR"
"23","153",25,"TUR"
"24","153",1,"TUR"
"48","153",1,"TUR"
"1","154",2,"TUR"
"2","154",3,"TUR"
"3","154",2,"TUR"
"5","154",1,"TUR"
"6","154",1,"TUR"
"7","154",1,"TUR"
"8","154",1,"TUR"
"10","154",1,"TUR"
"21","154",2,"TUR"
"25","154",1,"TUR"
"35","154",1,"TUR"
"52","154",2,"TUR"
"88","154",1,"TUR"
"90","154",1,"TUR"
"95","154",1,"TUR"
"108","154",1,"TUR"
"121","154",2,"TUR"
"141","154",1,"TUR"
"150","154",1,"TUR"
"1","155",1,"TUR"
"2","155",4,"TUR"
"3","155",5,"TUR"
"4","155",2,"TUR"
"5","155",3,"TUR"
"6","155",11,"TUR"
"8","155",1,"TUR"
"13","155",1,"TUR"
"19","155",1,"TUR"
"49","155",1,"TUR"
"91","155",1,"TUR"
"97","155",1,"TUR"
"100","155",1,"TUR"
"122","155",1,"TUR"
"130","155",1,"TUR"
"137","155",1,"TUR"
"4","156",1,"TUR"
"6","156",1,"TUR"
"9","156",1,"TUR"
"11","156",1,"TUR"
"15","156",3,"TUR"
"17","156",1,"TUR"
"27","156",1,"TUR"
"56","156",1,"TUR"
"58","156",1,"TUR"
"75","156",1,"TUR"
"94","156",1,"TUR"
"111","156",1,"TUR"
"119","156",1,"TUR"
"146","156",2,"TUR"
"1","157",4,"TUR"
"2","157",2,"TUR"
"3","157",1,"TUR"
"4","157",3,"TUR"
"12","157",9,"TUR"
"19","157",1,"TUR"
"25","157",1,"TUR"
"34","157",1,"TUR"
"37","157",2,"TUR"
"42","157",1,"TUR"
"46","157",6,"TUR"
"74","157",1,"TUR"
"86","157",1,"TUR"
"89","157",1,"TUR"
"108","157",1,"TUR"
"148","157",1,"TUR"
"2","158",2,"TUR"
"4","158",4,"TUR"
"13","158",1,"TUR"
"17","158",1,"TUR"
"35","158",1,"TUR"
"57","158",1,"TUR"
"69","158",1,"TUR"
"86","158",2,"TUR"
"97","158",1,"TUR"
"115","158",2,"TUR"
"139","158",2,"TUR"
"153","158",1,"TUR"
"1","159",2,"TUR"
"2","159",2,"TUR"
"8","159",5,"TUR"
"9","159",4,"TUR"
"12","159",1,"TUR"
"13","159",14,"TUR"
"30","159",1,"TUR"
"35","159",1,"TUR"
"42","159",4,"TUR"
"56","159",2,"TUR"
"68","159",3,"TUR"
"86","159",1,"TUR"
"115","159",1,"TUR"
"154","159",2,"TUR"
"1","160",1,"TUR"
"8","160",2,"TUR"
"9","160",1,"TUR"
"11","160",2,"TUR"
"13","160",1,"TUR"
"14","160",5,"TUR"
"15","160",1,"TUR"
"17","160",1,"TUR"
"23","160",3,"TUR"
"39","160",1,"TUR"
"50","160",1,"TUR"
"53","160",1,"TUR"
"69","160",2,"TUR"
"72","160",1,"TUR"
"80","160",1,"TUR"
"83","160",1,"TUR"
"90","160",1,"TUR"
"99","160",1,"TUR"
"106","160",1,"TUR"
"132","160",1,"TUR"
"148","160",1,"TUR"
"153","160",1,"TUR"
"1","161",3,"TUR"
"2","161",1,"TUR"
"3","161",2,"TUR"
"4","161",1,"TUR"
"37","161",1,"TUR"
"42","161",1,"TUR"
"47","161",2,"TUR"
"48","161",3,"TUR"
"51","161",1,"TUR"
"74","161",1,"TUR"
"79","161",1,"TUR"
"81","161",1,"TUR"
"84","161",3,"TUR"
"98","161",1,"TUR"
"103","161",1,"TUR"
"106","161",1,"TUR"
"125","161",1,"TUR"
"1","162",2,"TUR"
"2","162",1,"TUR"
"5","162",3,"TUR"
"6","162",1,"TUR"
"7","162",2,"TUR"
"8","162",1,"TUR"
"11","162",1,"TUR"
"16","162",1,"TUR"
"18","162",1,"TUR"
"25","162",1,"TUR"
"36","162",1,"TUR"
"63","162",1,"TUR"
"72","162",2,"TUR"
"74","162",1,"TUR"
"95","162",1,"TUR"
"100","162",2,"TUR"
"103","162",1,"TUR"
"113","162",2,"TUR"
"122","162",1,"TUR"
"141","162",1,"TUR"
"1","163",3,"TUR"
"2","163",2,"TUR"
"4","163",1,"TUR"
"6","163",1,"TUR"
"8","163",1,"TUR"
"9","163",1,"TUR"
"25","163",1,"TUR"
"31","163",1,"TUR"
"49","163",1,"TUR"
"50","163",1,"TUR"
"52","163",1,"TUR"
"53","163",1,"TUR"
"63","163",1,"TUR"
"105","163",1,"TUR"
"108","163",1,"TUR"
"114","163",1,"TUR"
"121","163",1,"TUR"
"155","163",1,"TUR"
"26","164",44,"TUR"
"66","164",3,"TUR"
"1","165",2,"TUR"
"9","165",1,"TUR"
"24","165",1,"TUR"
"27","165",1,"TUR"
"48","165",5,"TUR"
"53","165",1,"TUR"
"67","165",1,"TUR"
"3","166",1,"TUR"
"5","166",1,"TUR"
"6","166",1,"TUR"
"10","166",1,"TUR"
"12","166",1,"TUR"
"14","166",1,"TUR"
"23","166",1,"TUR"
"47","166",6,"TUR"
"50","166",1,"TUR"
"72","166",1,"TUR"
"84","166",3,"TUR"
"101","166",1,"TUR"
"1","167",4,"TUR"
"2","167",12,"TUR"
"4","167",3,"TUR"
"6","167",2,"TUR"
"7","167",1,"TUR"
"8","167",2,"TUR"
"9","167",1,"TUR"
"10","167",1,"TUR"
"36","167",1,"TUR"
"57","167",2,"TUR"
"65","167",1,"TUR"
"106","167",1,"TUR"
"141","167",1,"TUR"
"143","167",1,"TUR"
"146","167",1,"TUR"
"158","167",1,"TUR"
"23","168",3,"TUR"
"66","168",27,"TUR"
"83","168",8,"TUR"
"84","168",1,"TUR"
"164","168",41,"TUR"
"1","169",2,"TUR"
"2","169",7,"TUR"
"10","169",1,"TUR"
"14","169",1,"TUR"
"21","169",4,"TUR"
"38","169",1,"TUR"
"56","169",1,"TUR"
"73","169",1,"TUR"
"78","169",1,"TUR"
"116","169",1,"TUR"
"148","169",1,"TUR"
"169","169",4,"TUR"
"4","170",1,"TUR"
"5","170",3,"TUR"
"7","170",2,"TUR"
"12","170",1,"TUR"
"14","170",2,"TUR"
"18","170",2,"TUR"
"29","170",1,"TUR"
"30","170",1,"TUR"
"35","170",2,"TUR"
"38","170",2,"TUR"
"46","170",1,"TUR"
"47","170",2,"TUR"
"50","170",1,"TUR"
"59","170",1,"TUR"
"72","170",1,"TUR"
"81","170",2,"TUR"
"89","170",1,"TUR"
"91","170",1,"TUR"
"95","170",1,"TUR"
"96","170",1,"TUR"
"115","170",1,"TUR"
"117","170",4,"TUR"
"127","170",1,"TUR"
"136","170",1,"TUR"
"144","170",1,"TUR"
"170","170",1,"TUR"
"1","171",3,"TUR"
"4","171",1,"TUR"
"11","171",1,"TUR"
"15","171",2,"TUR"
"26","171",1,"TUR"
"60","171",1,"TUR"
"78","171",39,"TUR"
"102","171",1,"TUR"
"146","171",1,"TUR"
"1","172",4,"TUR"
"4","172",9,"TUR"
"11","172",1,"TUR"
"19","172",3,"TUR"
"20","172",1,"TUR"
"24","172",1,"TUR"
"36","172",2,"TUR"
"65","172",3,"TUR"
"75","172",2,"TUR"
"84","172",1,"TUR"
"92","172",1,"TUR"
"101","172",2,"TUR"
"113","172",1,"TUR"
"128","172",1,"TUR"
"131","172",1,"TUR"
"1","173",5,"TUR"
"2","173",8,"TUR"
"3","173",1,"TUR"
"4","173",3,"TUR"
"5","173",1,"TUR"
"6","173",1,"TUR"
"9","173",1,"TUR"
"13","173",1,"TUR"
"17","173",1,"TUR"
"18","173",1,"TUR"
"24","173",1,"TUR"
"31","173",1,"TUR"
"44","173",1,"TUR"
"59","173",1,"TUR"
"63","173",1,"TUR"
"73","173",2,"TUR"
"74","173",1,"TUR"
"98","173",1,"TUR"
"148","173",1,"TUR"
"1","174",2,"TUR"
"2","174",1,"TUR"
"5","174",1,"TUR"
"7","174",2,"TUR"
"19","174",1,"TUR"
"30","174",1,"TUR"
"33","174",1,"TUR"
"50","174",1,"TUR"
"51","174",1,"TUR"
"55","174",1,"TUR"
"81","174",2,"TUR"
"114","174",1,"TUR"
"128","174",1,"TUR"
"149","174",1,"TUR"
"1","175",3,"TUR"
"2","175",2,"TUR"
"3","175",2,"TUR"
"5","175",1,"TUR"
"6","175",1,"TUR"
"8","175",1,"TUR"
"9","175",1,"TUR"
"17","175",1,"TUR"
"19","175",1,"TUR"
"20","175",1,"TUR"
"22","175",1,"TUR"
"29","175",1,"TUR"
"55","175",1,"TUR"
"93","175",1,"TUR"
"111","175",1,"TUR"
"113","175",1,"TUR"
"133","175",1,"TUR"
"158","175",1,"TUR"
"173","175",1,"TUR"
"2","176",26,"TUR"
"3","176",1,"TUR"
"4","176",3,"TUR"
"5","176",1,"TUR"
"6","176",1,"TUR"
"26","176",1,"TUR"
"49","176",1,"TUR"
"87","176",1,"TUR"
"98","176",1,"TUR"
"175","176",1,"TUR"
"1","177",2,"TUR"
"2","177",1,"TUR"
"4","177",1,"TUR"
"5","177",1,"TUR"
"6","177",1,"TUR"
"7","177",2,"TUR"
"10","177",2,"TUR"
"33","177",1,"TUR"
"38","177",3,"TUR"
"59","177",7,"TUR"
"65","177",1,"TUR"
"69","177",1,"TUR"
"91","177",1,"TUR"
"103","177",1,"TUR"
"117","177",10,"TUR"
"128","177",1,"TUR"
"1","178",1,"TUR"
"2","178",1,"TUR"
"5","178",2,"TUR"
"10","178",1,"TUR"
"28","178",1,"TUR"
"29","178",1,"TUR"
"49","178",1,"TUR"
"51","178",1,"TUR"
"110","178",1,"TUR"
"140","178",38,"TUR"
"149","178",1,"TUR"
"3","179",2,"TUR"
"7","179",1,"TUR"
"34","179",1,"TUR"
"64","179",1,"TUR"
"66","179",1,"TUR"
"94","179",1,"TUR"
"120","179",1,"TUR"
"143","179",1,"TUR"
"163","179",2,"TUR"
"170","179",1,"TUR"
"1","180",9,"TUR"
"14","180",1,"TUR"
"18","180",1,"TUR"
"39","180",1,"TUR"
"57","180",1,"TUR"
"71","180",1,"TUR"
"85","180",3,"TUR"
"104","180",1,"TUR"
"111","180",1,"TUR"
"132","180",1,"TUR"
"2","181",27,"TUR"
"3","181",1,"TUR"
"5","181",2,"TUR"
"8","181",1,"TUR"
"9","181",1,"TUR"
"16","181",7,"TUR"
"28","181",1,"TUR"
"29","181",1,"TUR"
"34","181",1,"TUR"
"43","181",1,"TUR"
"52","181",1,"TUR"
"62","181",1,"TUR"
"73","181",1,"TUR"
"108","181",3,"TUR"
"124","181",1,"TUR"
"135","181",1,"TUR"
"4","182",1,"TUR"
"9","182",1,"TUR"
"51","182",1,"TUR"
"93","182",1,"TUR"
"102","182",3,"TUR"
"1","183",1,"TUR"
"2","183",2,"TUR"
"3","183",3,"TUR"
"4","183",1,"TUR"
"6","183",1,"TUR"
"26","183",1,"TUR"
"45","183",1,"TUR"
"58","183",1,"TUR"
"63","183",3,"TUR"
"89","183",1,"TUR"
"90","183",1,"TUR"
"92","183",1,"TUR"
"93","183",1,"TUR"
"108","183",1,"TUR"
"110","183",1,"TUR"
"111","183",3,"TUR"
"113","183",1,"TUR"
"150","183",1,"TUR"
"180","183",1,"TUR"
"1","184",1,"TUR"
"2","184",2,"TUR"
"3","184",2,"TUR"
"4","184",2,"TUR"
"17","184",1,"TUR"
"22","184",1,"TUR"
"34","184",1,"TUR"
"62","184",31,"TUR"
"79","184",1,"TUR"
"100","184",1,"TUR"
"111","184",1,"TUR"
"112","184",1,"TUR"
"124","184",1,"TUR"
"148","184",1,"TUR"
"4","185",2,"TUR"
"11","185",1,"TUR"
"18","185",2,"TUR"
"21","185",1,"TUR"
"27","185",1,"TUR"
"35","185",3,"TUR"
"38","185",2,"TUR"
"44","185",1,"TUR"
"53","185",1,"TUR"
"59","185",1,"TUR"
"84","185",2,"TUR"
"86","185",1,"TUR"
"87","185",1,"TUR"
"92","185",2,"TUR"
"116","185",1,"TUR"
"117","185",1,"TUR"
"126","185",1,"TUR"
"128","185",2,"TUR"
"143","185",1,"TUR"
"147","185",1,"TUR"
"151","185",2,"TUR"
"1","186",1,"TUR"
"2","186",28,"TUR"
"5","186",2,"TUR"
"9","186",1,"TUR"
"22","186",1,"TUR"
"31","186",1,"TUR"
"48","186",1,"TUR"
"51","186",1,"TUR"
"58","186",1,"TUR"
"65","186",1,"TUR"
"68","186",1,"TUR"
"161","186",1,"TUR"
"1","187",3,"TUR"
"2","187",1,"TUR"
"3","187",1,"TUR"
"10","187",1,"TUR"
"30","187",1,"TUR"
"32","187",2,"TUR"
"91","187",1,"TUR"
"92","187",1,"TUR"
"98","187",2,"TUR"
"124","187",1,"TUR"
"171","187",1,"TUR"
"175","187",1,"TUR"
"2","188",3,"TUR"
"3","188",8,"TUR"
"4","188",1,"TUR"
"9","188",2,"TUR"
"13","188",1,"TUR"
"16","188",1,"TUR"
"18","188",1,"TUR"
"24","188",2,"TUR"
"30","188",1,"TUR"
"33","188",1,"TUR"
"34","188",1,"TUR"
"40","188",1,"TUR"
"52","188",1,"TUR"
"56","188",2,"TUR"
"68","188",3,"TUR"
"82","188",1,"TUR"
"86","188",1,"TUR"
"112","188",6,"TUR"
"115","188",1,"TUR"
"160","188",1,"TUR"
"166","188",5,"TUR"
"1","189",2,"TUR"
"4","189",4,"TUR"
"8","189",1,"TUR"
"9","189",1,"TUR"
"16","189",2,"TUR"
"58","189",1,"TUR"
"61","189",1,"TUR"
"90","189",1,"TUR"
"102","189",1,"TUR"
"116","189",2,"TUR"
"2","190",8,"TUR"
"3","190",2,"TUR"
"4","190",3,"TUR"
"5","190",3,"TUR"
"21","190",3,"TUR"
"25","190",1,"TUR"
"49","190",2,"TUR"
"73","190",1,"TUR"
"91","190",1,"TUR"
"148","190",1,"TUR"
"176","190",1,"TUR"
"4","191",1,"TUR"
"72","191",1,"TUR"
"75","191",1,"TUR"
"85","191",1,"TUR"
"95","191",1,"TUR"
"1","192",8,"TUR"
"3","192",1,"TUR"
"4","192",1,"TUR"
"33","192",1,"TUR"
"91","192",1,"TUR"
"99","192",2,"TUR"
"119","192",1,"TUR"
"141","192",1,"TUR"
"184","192",1,"TUR"
"1","193",3,"TUR"
"2","193",8,"TUR"
"3","193",2,"TUR"
"5","193",1,"TUR"
"6","193",1,"TUR"
"7","193",1,"TUR"
"18","193",1,"TUR"
"21","193",1,"TUR"
"24","193",1,"TUR"
"41","193",1,"TUR"
"58","193",1,"TUR"
"72","193",1,"TUR"
"79","193",1,"TUR"
"125","193",1,"TUR"
"146","193",1,"TUR"
"151","193",1,"TUR"
"152","193",1,"TUR"
"165","193",4,"TUR"
"1","194",3,"TUR"
"2","194",1,"TUR"
"3","194",1,"TUR"
"11","194",7,"TUR"
"19","194",1,"TUR"
"39","194",2,"TUR"
"67","194",3,"TUR"
"74","194",1,"TUR"
"98","194",1,"TUR"
"108","194",1,"TUR"
"123","194",1,"TUR"
"144","194",2,"TUR"
"160","194",1,"TUR"
"188","194",1,"TUR"
"1","195",4,"TUR"
"2","195",1,"TUR"
"5","195",1,"TUR"
"6","195",1,"TUR"
"7","195",1,"TUR"
"15","195",1,"TUR"
"19","195",1,"TUR"
"41","195",1,"TUR"
"51","195",1,"TUR"
"104","195",2,"TUR"
"158","195",1,"TUR"
"1","196",8,"TUR"
"2","196",4,"TUR"
"3","196",2,"TUR"
"4","196",1,"TUR"
"5","196",1,"TUR"
"6","196",1,"TUR"
"13","196",1,"TUR"
"20","196",1,"TUR"
"27","196",3,"TUR"
"40","196",1,"TUR"
"52","196",2,"TUR"
"56","196",1,"TUR"
"62","196",1,"TUR"
"94","196",1,"TUR"
"154","196",1,"TUR"
"180","196",1,"TUR"
"1","197",1,"TUR"
"3","197",1,"TUR"
"5","197",1,"TUR"
"7","197",1,"TUR"
"22","197",2,"TUR"
"39","197",9,"TUR"
"44","197",3,"TUR"
"87","197",1,"TUR"
"113","197",1,"TUR"
"166","197",1,"TUR"
"192","197",2,"TUR"
"2","198",1,"TUR"
"13","198",1,"TUR"
"30","198",1,"TUR"
"31","198",1,"TUR"
"33","198",1,"TUR"
"39","198",1,"TUR"
"40","198",1,"TUR"
"41","198",1,"TUR"
"46","198",1,"TUR"
"48","198",3,"TUR"
"76","198",1,"TUR"
"106","198",2,"TUR"
"129","198",1,"TUR"
"146","198",1,"TUR"
"1","199",2,"TUR"
"2","199",2,"TUR"
"3","199",1,"TUR"
"4","199",4,"TUR"
"6","199",1,"TUR"
"7","199",1,"TUR"
"14","199",1,"TUR"
"25","199",1,"TUR"
"30","199",1,"TUR"
"47","199",1,"TUR"
"56","199",1,"TUR"
"90","199",1,"TUR"
"153","199",1,"TUR"
"162","199",1,"TUR"
"167","199",1,"TUR"
"169","199",1,"TUR"
"170","199",1,"TUR"
"1","200",1,"TUR"
"8","200",2,"TUR"
"10","200",1,"TUR"
"11","200",1,"TUR"
"16","200",1,"TUR"
"18","200",1,"TUR"
"28","200",2,"TUR"
"62","200",1,"TUR"
"85","200",5,"TUR"
"87","200",1,"TUR"
"96","200",1,"TUR"
"180","200",2,"TUR"
"3","201",1,"TUR"
"7","201",1,"TUR"
"10","201",1,"TUR"
"17","201",1,"TUR"
"18","201",3,"TUR"
"20","201",1,"TUR"
"24","201",1,"TUR"
"35","201",1,"TUR"
"67","201",1,"TUR"
"86","201",1,"TUR"
"109","201",3,"TUR"
"156","201",1,"TUR"
"1","202",5,"TUR"
"2","202",6,"TUR"
"3","202",1,"TUR"
"6","202",2,"TUR"
"15","202",1,"TUR"
"33","202",1,"TUR"
"41","202",1,"TUR"
"46","202",1,"TUR"
"71","202",1,"TUR"
"73","202",1,"TUR"
"95","202",3,"TUR"
"104","202",1,"TUR"
"118","202",1,"TUR"
"141","202",1,"TUR"
"142","202",1,"TUR"
"2","203",18,"TUR"
"3","203",1,"TUR"
"5","203",1,"TUR"
"9","203",2,"TUR"
"24","203",5,"TUR"
"68","203",4,"TUR"
"99","203",1,"TUR"
"105","203",1,"TUR"
"112","203",1,"TUR"
"113","203",2,"TUR"
"159","203",1,"TUR"
"161","203",1,"TUR"
"203","203",1,"TUR"
"1","204",4,"TUR"
"3","204",1,"TUR"
"4","204",1,"TUR"
"5","204",1,"TUR"
"7","204",1,"TUR"
"10","204",1,"TUR"
"15","204",1,"TUR"
"35","204",4,"TUR"
"40","204",1,"TUR"
"57","204",1,"TUR"
"59","204",2,"TUR"
"84","204",1,"TUR"
"115","204",1,"TUR"
"116","204",1,"TUR"
"130","204",2,"TUR"
"151","204",1,"TUR"
"167","204",1,"TUR"
"170","204",1,"TUR"
"174","204",2,"TUR"
"201","204",1,"TUR"
"202","204",1,"TUR"
"1","205",1,"TUR"
"2","205",2,"TUR"
"3","205",1,"TUR"
"6","205",1,"TUR"
"18","205",1,"TUR"
"26","205",1,"TUR"
"47","205",1,"TUR"
"64","205",1,"TUR"
"71","205",1,"TUR"
"101","205",1,"TUR"
"110","205",1,"TUR"
"173","205",1,"TUR"
"202","205",1,"TUR"
"1","206",2,"TUR"
"7","206",2,"TUR"
"10","206",1,"TUR"
"11","206",3,"TUR"
"22","206",1,"TUR"
"23","206",1,"TUR"
"24","206",1,"TUR"
"44","206",3,"TUR"
"87","206",1,"TUR"
"160","206",1,"TUR"
"192","206",1,"TUR"
"197","206",1,"TUR"
"1","207",5,"TUR"
"2","207",2,"TUR"
"3","207",2,"TUR"
"7","207",2,"TUR"
"16","207",1,"TUR"
"30","207",1,"TUR"
"33","207",1,"TUR"
"40","207",1,"TUR"
"49","207",1,"TUR"
"52","207",1,"TUR"
"53","207",1,"TUR"
"56","207",1,"TUR"
"61","207",1,"TUR"
"68","207",1,"TUR"
"81","207",2,"TUR"
"86","207",1,"TUR"
"101","207",1,"TUR"
"130","207",1,"TUR"
"170","207",1,"TUR"
"196","207",1,"TUR"
"197","207",1,"TUR"
"1","208",1,"TUR"
"2","208",7,"TUR"
"3","208",16,"TUR"
"4","208",2,"TUR"
"5","208",1,"TUR"
"6","208",1,"TUR"
"9","208",1,"TUR"
"22","208",1,"TUR"
"29","208",1,"TUR"
"50","208",2,"TUR"
"51","208",1,"TUR"
"73","208",1,"TUR"
"145","208",1,"TUR"
"190","208",1,"TUR"
"1","209",1,"TUR"
"4","209",4,"TUR"
"7","209",1,"TUR"
"8","209",1,"TUR"
"14","209",5,"TUR"
"27","209",1,"TUR"
"46","209",1,"TUR"
"50","209",1,"TUR"
"53","209",6,"TUR"
"55","209",1,"TUR"
"61","209",1,"TUR"
"87","209",1,"TUR"
"112","209",1,"TUR"
"134","209",1,"TUR"
"2","210",2,"TUR"
"3","210",33,"TUR"
"5","210",1,"TUR"
"13","210",1,"TUR"
"16","210",2,"TUR"
"28","210",1,"TUR"
"56","210",1,"TUR"
"71","210",1,"TUR"
"81","210",1,"TUR"
"138","210",1,"TUR"
"180","210",1,"TUR"
"1","211",1,"TUR"
"2","211",2,"TUR"
"3","211",1,"TUR"
"4","211",1,"TUR"
"6","211",1,"TUR"
"8","211",1,"TUR"
"31","211",1,"TUR"
"44","211",1,"TUR"
"47","211",1,"TUR"
"50","211",1,"TUR"
"51","211",1,"TUR"
"53","211",1,"TUR"
"62","211",1,"TUR"
"89","211",1,"TUR"
"103","211",1,"TUR"
"105","211",2,"TUR"
"138","211",1,"TUR"
"143","211",1,"TUR"
"147","211",1,"TUR"
"159","211",1,"TUR"
"180","211",1,"TUR"
"184","211",1,"TUR"
"193","211",1,"TUR"
"1","212",2,"TUR"
"3","212",2,"TUR"
"4","212",1,"TUR"
"6","212",1,"TUR"
"10","212",1,"TUR"
"48","212",1,"TUR"
"58","212",1,"TUR"
"60","212",1,"TUR"
"68","212",1,"TUR"
"70","212",1,"TUR"
"98","212",2,"TUR"
"103","212",1,"TUR"
"148","212",1,"TUR"
"175","212",1,"TUR"
"181","212",2,"TUR"
"196","212",1,"TUR"
"6","213",1,"TUR"
"9","213",1,"TUR"
"22","213",1,"TUR"
"23","213",1,"TUR"
"24","213",1,"TUR"
"28","213",8,"TUR"
"50","213",1,"TUR"
"63","213",2,"TUR"
"66","213",1,"TUR"
"137","213",1,"TUR"
"150","213",1,"TUR"
"190","213",1,"TUR"
"3","214",1,"TUR"
"10","214",1,"TUR"
"26","214",1,"TUR"
"37","214",1,"TUR"
"65","214",1,"TUR"
"71","214",1,"TUR"
"191","214",1,"TUR"
"3","215",1,"TUR"
"4","215",1,"TUR"
"5","215",3,"TUR"
"9","215",1,"TUR"
"10","215",1,"TUR"
"12","215",7,"TUR"
"13","215",1,"TUR"
"16","215",1,"TUR"
"21","215",1,"TUR"
"31","215",1,"TUR"
"36","215",1,"TUR"
"37","215",1,"TUR"
"43","215",1,"TUR"
"45","215",1,"TUR"
"46","215",1,"TUR"
"52","215",1,"TUR"
"64","215",1,"TUR"
"90","215",1,"TUR"
"95","215",1,"TUR"
"97","215",1,"TUR"
"103","215",1,"TUR"
"132","215",1,"TUR"
"147","215",1,"TUR"
"176","215",1,"TUR"
"185","215",1,"TUR"
"1","216",2,"TUR"
"2","216",6,"TUR"
"3","216",2,"TUR"
"5","216",1,"TUR"
"8","216",9,"TUR"
"9","216",2,"TUR"
"13","216",3,"TUR"
"21","216",1,"TUR"
"29","216",2,"TUR"
"37","216",1,"TUR"
"46","216",1,"TUR"
"49","216",1,"TUR"
"52","216",1,"TUR"
"88","216",1,"TUR"
"98","216",1,"TUR"
"105","216",2,"TUR"
"154","216",1,"TUR"
"199","216",1,"TUR"
"1","217",2,"TUR"
"4","217",1,"TUR"
"7","217",2,"TUR"
"9","217",1,"TUR"
"11","217",1,"TUR"
"12","217",1,"TUR"
"22","217",1,"TUR"
"34","217",1,"TUR"
"99","217",2,"TUR"
"152","217",3,"TUR"
"1","218",1,"TUR"
"2","218",1,"TUR"
"5","218",1,"TUR"
"10","218",1,"TUR"
"23","218",2,"TUR"
"39","218",6,"TUR"
"74","218",1,"TUR"
"96","218",2,"TUR"
"109","218",1,"TUR"
"136","218",3,"TUR"
"156","218",1,"TUR"
"199","218",1,"TUR"
"208","218",1,"TUR"
"217","218",1,"TUR"
"1","219",1,"TUR"
"5","219",1,"TUR"
"6","219",2,"TUR"
"7","219",1,"TUR"
"35","219",1,"TUR"
"36","219",1,"TUR"
"53","219",2,"TUR"
"65","219",1,"TUR"
"101","219",1,"TUR"
"115","219",1,"TUR"
"117","219",1,"TUR"
"130","219",1,"TUR"
"132","219",1,"TUR"
"161","219",1,"TUR"
"219","219",1,"TUR"
"2","220",1,"TUR"
"3","220",1,"TUR"
"19","220",2,"TUR"
"25","220",1,"TUR"
"27","220",1,"TUR"
"42","220",1,"TUR"
"48","220",10,"TUR"
"68","220",1,"TUR"
"90","220",1,"TUR"
"144","220",1,"TUR"
"148","220",1,"TUR"
"217","220",1,"TUR"
"1","221",1,"TUR"
"3","221",1,"TUR"
"4","221",5,"TUR"
"19","221",7,"TUR"
"27","221",1,"TUR"
"67","221",1,"TUR"
"94","221",1,"TUR"
"97","221",1,"TUR"
"101","221",1,"TUR"
"152","221",1,"TUR"
"1","222",2,"TUR"
"4","222",2,"TUR"
"5","222",1,"TUR"
"6","222",1,"TUR"
"8","222",1,"TUR"
"13","222",1,"TUR"
"100","222",1,"TUR"
"146","222",1,"TUR"
"149","222",1,"TUR"
"163","222",1,"TUR"
"1","223",2,"TUR"
"2","223",1,"TUR"
"4","223",2,"TUR"
"5","223",1,"TUR"
"6","223",1,"TUR"
"7","223",1,"TUR"
"11","223",2,"TUR"
"13","223",2,"TUR"
"15","223",3,"TUR"
"21","223",1,"TUR"
"37","223",1,"TUR"
"67","223",1,"TUR"
"85","223",1,"TUR"
"114","223",1,"TUR"
"128","223",1,"TUR"
"146","223",1,"TUR"
"147","223",1,"TUR"
"158","223",3,"TUR"
"169","223",1,"TUR"
"179","223",1,"TUR"
"1","224",1,"TUR"
"2","224",2,"TUR"
"3","224",1,"TUR"
"15","224",6,"TUR"
"46","224",1,"TUR"
"57","224",2,"TUR"
"61","224",1,"TUR"
"91","224",1,"TUR"
"95","224",8,"TUR"
"134","224",1,"TUR"
"200","224",13,"TUR"
"1","225",1,"TUR"
"3","225",1,"TUR"
"8","225",1,"TUR"
"34","225",1,"TUR"
"35","225",1,"TUR"
"52","225",1,"TUR"
"55","225",1,"TUR"
"58","225",1,"TUR"
"62","225",1,"TUR"
"112","225",1,"TUR"
"122","225",5,"TUR"
"143","225",1,"TUR"
"159","225",1,"TUR"
"172","225",1,"TUR"
"183","225",1,"TUR"
"205","225",1,"TUR"
"4","226",3,"TUR"
"6","226",1,"TUR"
"7","226",1,"TUR"
"18","226",1,"TUR"
"21","226",1,"TUR"
"30","226",3,"TUR"
"33","226",1,"TUR"
"35","226",3,"TUR"
"76","226",1,"TUR"
"86","226",1,"TUR"
"92","226",3,"TUR"
"105","226",1,"TUR"
"109","226",1,"TUR"
"115","226",1,"TUR"
"126","226",1,"TUR"
"141","226",1,"TUR"
"145","226",1,"TUR"
"151","226",1,"TUR"
"225","226",1,"TUR"
"1","227",2,"TUR"
"5","227",1,"TUR"
"6","227",1,"TUR"
"7","227",1,"TUR"
"10","227",1,"TUR"
"12","227",1,"TUR"
"14","227",1,"TUR"
"15","227",1,"TUR"
"17","227",1,"TUR"
"18","227",1,"TUR"
"19","227",1,"TUR"
"30","227",3,"TUR"
"33","227",3,"TUR"
"35","227",4,"TUR"
"38","227",1,"TUR"
"40","227",1,"TUR"
"41","227",1,"TUR"
"81","227",1,"TUR"
"86","227",2,"TUR"
"111","227",1,"TUR"
"121","227",1,"TUR"
"151","227",1,"TUR"
"170","227",1,"TUR"
"179","227",1,"TUR"
"185","227",1,"TUR"
"3","228",1,"TUR"
"5","228",1,"TUR"
"18","228",1,"TUR"
"19","228",1,"TUR"
"32","228",1,"TUR"
"35","228",1,"TUR"
"42","228",1,"TUR"
"70","228",1,"TUR"
"74","228",1,"TUR"
"82","228",1,"TUR"
"91","228",1,"TUR"
"106","228",1,"TUR"
"125","228",1,"TUR"
"143","228",1,"TUR"
"150","228",1,"TUR"
"185","228",1,"TUR"
"213","228",1,"TUR"
"2","229",1,"TUR"
"7","229",2,"TUR"
"87","229",1,"TUR"
"175","229",1,"TUR"
"2","230",1,"TUR"
"6","230",1,"TUR"
"10","230",1,"TUR"
"70","230",1,"TUR"
"110","230",1,"TUR"
"121","230",1,"TUR"
"172","230",1,"TUR"
"174","230",1,"TUR"
"187","230",1,"TUR"
"198","230",1,"TUR"
"2","231",1,"TUR"
"4","231",1,"TUR"
"6","231",1,"TUR"
"9","231",1,"TUR"
"38","231",1,"TUR"
"53","231",1,"TUR"
"56","231",2,"TUR"
"71","231",1,"TUR"
"75","231",1,"TUR"
"79","231",3,"TUR"
"111","231",2,"TUR"
"115","231",1,"TUR"
"139","231",4,"TUR"
"145","231",1,"TUR"
"169","231",1,"TUR"
"172","231",1,"TUR"
"221","231",2,"TUR"
"1","232",1,"TUR"
"2","232",2,"TUR"
"13","232",1,"TUR"
"17","232",8,"TUR"
"27","232",2,"TUR"
"50","232",1,"TUR"
"57","232",1,"TUR"
"133","232",1,"TUR"
"153","232",1,"TUR"
"167","232",1,"TUR"
"174","232",1,"TUR"
"1","233",2,"TUR"
"2","233",2,"TUR"
"6","233",1,"TUR"
"17","233",1,"TUR"
"40","233",1,"TUR"
"50","233",1,"TUR"
"61","233",1,"TUR"
"80","233",1,"TUR"
"108","233",1,"TUR"
"135","233",2,"TUR"
"139","233",1,"TUR"
"141","233",1,"TUR"
"203","233",1,"TUR"
"1","234",3,"TUR"
"2","234",2,"TUR"
"4","234",1,"TUR"
"7","234",1,"TUR"
"36","234",1,"TUR"
"41","234",1,"TUR"
"43","234",1,"TUR"
"63","234",1,"TUR"
"97","234",1,"TUR"
"101","234",1,"TUR"
"113","234",1,"TUR"
"141","234",1,"TUR"
"151","234",1,"TUR"
"208","234",1,"TUR"
"1","235",5,"TUR"
"2","235",3,"TUR"
"5","235",1,"TUR"
"12","235",2,"TUR"
"13","235",1,"TUR"
"23","235",1,"TUR"
"27","235",1,"TUR"
"59","235",1,"TUR"
"109","235",1,"TUR"
"122","235",1,"TUR"
"137","235",1,"TUR"
"196","235",4,"TUR"
"216","235",1,"TUR"
"235","235",1,"TUR"
"1","236",1,"TUR"
"2","236",1,"TUR"
"4","236",2,"TUR"
"26","236",4,"TUR"
"33","236",1,"TUR"
"45","236",1,"TUR"
"76","236",1,"TUR"
"86","236",1,"TUR"
"103","236",1,"TUR"
"209","236",1,"TUR"
"7","237",1,"TUR"
"20","237",2,"TUR"
"23","237",16,"TUR"
"25","237",1,"TUR"
"36","237",1,"TUR"
"95","237",1,"TUR"
"1","238",3,"TUR"
"3","238",1,"TUR"
"7","238",1,"TUR"
"17","238",1,"TUR"
"20","238",1,"TUR"
"23","238",3,"TUR"
"30","238",1,"TUR"
"55","238",1,"TUR"
"75","238",1,"TUR"
"80","238",1,"TUR"
"96","238",6,"TUR"
"144","238",1,"TUR"
"156","238",4,"TUR"
"166","238",1,"TUR"
"172","238",1,"TUR"
"237","238",20,"TUR"
"2","239",1,"TUR"
"4","239",1,"TUR"
"13","239",1,"TUR"
"17","239",1,"TUR"
"18","239",1,"TUR"
"91","239",1,"TUR"
"110","239",1,"TUR"
"145","239",1,"TUR"
"190","239",1,"TUR"
"231","239",1,"TUR"
"1","240",1,"TUR"
"3","240",1,"TUR"
"4","240",3,"TUR"
"5","240",6,"TUR"
"8","240",1,"TUR"
"20","240",1,"TUR"
"28","240",2,"TUR"
"49","240",1,"TUR"
"50","240",1,"TUR"
"51","240",1,"TUR"
"60","240",1,"TUR"
"89","240",1,"TUR"
"94","240",1,"TUR"
"114","240",1,"TUR"
"132","240",1,"TUR"
"195","240",1,"TUR"
"210","240",2,"TUR"
"1","241",2,"TUR"
"2","241",4,"TUR"
"3","241",1,"TUR"
"8","241",1,"TUR"
"12","241",1,"TUR"
"18","241",1,"TUR"
"37","241",2,"TUR"
"42","241",2,"TUR"
"59","241",1,"TUR"
"73","241",2,"TUR"
"90","241",1,"TUR"
"97","241",1,"TUR"
"125","241",1,"TUR"
"162","241",1,"TUR"
"196","241",1,"TUR"
"1","242",3,"TUR"
"4","242",3,"TUR"
"8","242",1,"TUR"
"12","242",1,"TUR"
"19","242",1,"TUR"
"21","242",1,"TUR"
"22","242",1,"TUR"
"45","242",1,"TUR"
"49","242",2,"TUR"
"63","242",1,"TUR"
"64","242",2,"TUR"
"69","242",1,"TUR"
"84","242",1,"TUR"
"103","242",1,"TUR"
"108","242",1,"TUR"
"133","242",1,"TUR"
"154","242",1,"TUR"
"182","242",1,"TUR"
"196","242",1,"TUR"
"1","243",2,"TUR"
"5","243",1,"TUR"
"32","243",1,"TUR"
"41","243",1,"TUR"
"44","243",1,"TUR"
"54","243",4,"TUR"
"60","243",1,"TUR"
"76","243",2,"TUR"
"96","243",1,"TUR"
"107","243",1,"TUR"
"187","243",1,"TUR"
"1","244",2,"TUR"
"2","244",2,"TUR"
"3","244",1,"TUR"
"6","244",1,"TUR"
"7","244",1,"TUR"
"12","244",1,"TUR"
"23","244",1,"TUR"
"24","244",2,"TUR"
"28","244",1,"TUR"
"37","244",1,"TUR"
"50","244",1,"TUR"
"54","244",1,"TUR"
"105","244",1,"TUR"
"109","244",3,"TUR"
"111","244",1,"TUR"
"120","244",1,"TUR"
"134","244",1,"TUR"
"141","244",1,"TUR"
"150","244",1,"TUR"
"165","244",1,"TUR"
"1","245",2,"TUR"
"2","245",1,"TUR"
"10","245",1,"TUR"
"67","245",1,"TUR"
"90","245",1,"TUR"
"119","245",1,"TUR"
"189","245",1,"TUR"
"196","245",1,"TUR"
"233","245",1,"TUR"
"1","246",1,"TUR"
"4","246",4,"TUR"
"5","246",6,"TUR"
"6","246",1,"TUR"
"8","246",1,"TUR"
"18","246",1,"TUR"
"43","246",1,"TUR"
"49","246",1,"TUR"
"51","246",2,"TUR"
"57","246",1,"TUR"
"62","246",2,"TUR"
"68","246",1,"TUR"
"90","246",1,"TUR"
"96","246",1,"TUR"
"98","246",1,"TUR"
"138","246",1,"TUR"
"142","246",1,"TUR"
"150","246",1,"TUR"
"157","246",1,"TUR"
"225","246",1,"TUR"
"5","247",1,"TUR"
"6","247",1,"TUR"
"21","247",1,"TUR"
"27","247",1,"TUR"
"57","247",1,"TUR"
"151","247",1,"TUR"
"152","247",1,"TUR"
"211","247",1,"TUR"
"1","248",4,"TUR"
"2","248",1,"TUR"
"3","248",1,"TUR"
"7","248",1,"TUR"
"8","248",1,"TUR"
"10","248",1,"TUR"
"11","248",3,"TUR"
"22","248",2,"TUR"
"23","248",1,"TUR"
"44","248",1,"TUR"
"69","248",1,"TUR"
"79","248",11,"TUR"
"83","248",1,"TUR"
"91","248",7,"TUR"
"102","248",1,"TUR"
"138","248",1,"TUR"
"201","248",1,"TUR"
"1","249",1,"TUR"
"5","249",6,"TUR"
"6","249",1,"TUR"
"7","249",2,"TUR"
"10","249",1,"TUR"
"11","249",1,"TUR"
"12","249",1,"TUR"
"30","249",1,"TUR"
"67","249",1,"TUR"
"79","249",1,"TUR"
"112","249",1,"TUR"
"144","249",1,"TUR"
"160","249",1,"TUR"
"175","249",1,"TUR"
"209","249",1,"TUR"
"232","249",1,"TUR"
"1","250",2,"TUR"
"2","250",4,"TUR"
"3","250",6,"TUR"
"4","250",1,"TUR"
"5","250",3,"TUR"
"8","250",1,"TUR"
"16","250",1,"TUR"
"18","250",1,"TUR"
"21","250",1,"TUR"
"24","250",1,"TUR"
"40","250",2,"TUR"
"56","250",1,"TUR"
"79","250",1,"TUR"
"166","250",1,"TUR"
"232","250",1,"TUR"
"1","251",2,"TUR"
"3","251",1,"TUR"
"4","251",2,"TUR"
"5","251",2,"TUR"
"6","251",1,"TUR"
"17","251",1,"TUR"
"18","251",1,"TUR"
"35","251",1,"TUR"
"38","251",1,"TUR"
"59","251",1,"TUR"
"70","251",2,"TUR"
"117","251",3,"TUR"
"144","251",1,"TUR"
"146","251",1,"TUR"
"154","251",1,"TUR"
"174","251",1,"TUR"
"185","251",1,"TUR"
"4","252",1,"TUR"
"5","252",2,"TUR"
"15","252",2,"TUR"
"34","252",1,"TUR"
"38","252",2,"TUR"
"55","252",1,"TUR"
"58","252",1,"TUR"
"60","252",1,"TUR"
"66","252",1,"TUR"
"75","252",2,"TUR"
"82","252",1,"TUR"
"87","252",1,"TUR"
"94","252",1,"TUR"
"102","252",1,"TUR"
"105","252",1,"TUR"
"146","252",1,"TUR"
"224","252",1,"TUR"
"231","252",1,"TUR"
"238","252",1,"TUR"
"250","252",1,"TUR"
"1","253",1,"TUR"
"44","253",3,"TUR"
"85","253",1,"TUR"
"132","253",1,"TUR"
"180","253",3,"TUR"
"197","253",3,"TUR"
"245","253",1,"TUR"
"1","254",1,"TUR"
"14","254",3,"TUR"
"81","254",1,"TUR"
"116","254",3,"TUR"
"125","254",1,"TUR"
"146","254",1,"TUR"
"196","254",1,"TUR"
"201","254",1,"TUR"
"225","254",1,"TUR"
"2","255",1,"TUR"
"4","255",1,"TUR"
"22","255",1,"TUR"
"31","255",1,"TUR"
"46","255",1,"TUR"
"73","255",3,"TUR"
"78","255",1,"TUR"
"109","255",1,"TUR"
"179","255",1,"TUR"
"7","256",1,"TUR"
"15","256",1,"TUR"
"29","256",1,"TUR"
"49","256",1,"TUR"
"60","256",1,"TUR"
"63","256",1,"TUR"
"67","256",1,"TUR"
"74","256",1,"TUR"
"97","256",1,"TUR"
"148","256",1,"TUR"
"163","256",1,"TUR"
"178","256",1,"TUR"
"193","256",1,"TUR"
"247","256",1,"TUR"
"2","257",1,"TUR"
"3","257",1,"TUR"
"5","257",1,"TUR"
"32","257",1,"TUR"
"34","257",1,"TUR"
"56","257",1,"TUR"
"58","257",1,"TUR"
"71","257",1,"TUR"
"82","257",1,"TUR"
"94","257",1,"TUR"
"100","257",1,"TUR"
"119","257",1,"TUR"
"157","257",1,"TUR"
"178","257",1,"TUR"
"217","257",1,"TUR"
"1","258",1,"TUR"
"4","258",1,"TUR"
"18","258",1,"TUR"
"33","258",1,"TUR"
"35","258",1,"TUR"
"106","258",2,"TUR"
"114","258",1,"TUR"
"244","258",1,"TUR"
"1","259",1,"TUR"
"2","259",2,"TUR"
"4","259",1,"TUR"
"10","259",1,"TUR"
"12","259",1,"TUR"
"17","259",1,"TUR"
"31","259",2,"TUR"
"53","259",1,"TUR"
"67","259",1,"TUR"
"77","259",1,"TUR"
"96","259",1,"TUR"
"127","259",1,"TUR"
"156","259",1,"TUR"
"192","259",1,"TUR"
"1","260",2,"TUR"
"4","260",1,"TUR"
"15","260",2,"TUR"
"24","260",1,"TUR"
"30","260",1,"TUR"
"35","260",3,"TUR"
"38","260",1,"TUR"
"44","260",1,"TUR"
"47","260",2,"TUR"
"59","260",1,"TUR"
"81","260",1,"TUR"
"145","260",1,"TUR"
"170","260",3,"TUR"
"4","261",4,"TUR"
"19","261",1,"TUR"
"31","261",1,"TUR"
"35","261",4,"TUR"
"38","261",2,"TUR"
"47","261",1,"TUR"
"78","261",1,"TUR"
"84","261",1,"TUR"
"88","261",1,"TUR"
"92","261",1,"TUR"
"101","261",1,"TUR"
"115","261",1,"TUR"
"116","261",1,"TUR"
"121","261",1,"TUR"
"130","261",1,"TUR"
"147","261",1,"TUR"
"151","261",1,"TUR"
"158","261",1,"TUR"
"184","261",1,"TUR"
"187","261",1,"TUR"
"219","261",1,"TUR"
"227","261",1,"TUR"
"251","261",1,"TUR"
"1","262",1,"TUR"
"7","262",2,"TUR"
"10","262",1,"TUR"
"18","262",1,"TUR"
"19","262",3,"TUR"
"44","262",4,"TUR"
"156","262",3,"TUR"
"180","262",1,"TUR"
"1","263",1,"TUR"
"3","263",1,"TUR"
"220","263",2,"TUR"
"4","264",2,"TUR"
"20","264",1,"TUR"
"75","264",1,"TUR"
"101","264",2,"TUR"
"116","264",1,"TUR"
"153","264",2,"TUR"
"171","264",2,"TUR"
"206","264",1,"TUR"
"231","264",1,"TUR"
"264","264",1,"TUR"
"1","265",1,"TUR"
"20","265",1,"TUR"
"70","265",1,"TUR"
"75","265",3,"TUR"
"93","265",1,"TUR"
"130","265",1,"TUR"
"153","265",9,"TUR"
"172","265",2,"TUR"
"206","265",15,"TUR"
"1","266",1,"TUR"
"2","266",1,"TUR"
"3","266",1,"TUR"
"5","266",1,"TUR"
"13","266",1,"TUR"
"15","266",1,"TUR"
"18","266",1,"TUR"
"20","266",1,"TUR"
"40","266",1,"TUR"
"41","266",1,"TUR"
"70","266",1,"TUR"
"93","266",1,"TUR"
"124","266",2,"TUR"
"144","266",1,"TUR"
"217","266",1,"TUR"
"1","267",4,"TUR"
"2","267",2,"TUR"
"3","267",2,"TUR"
"4","267",1,"TUR"
"6","267",2,"TUR"
"12","267",3,"TUR"
"20","267",1,"TUR"
"21","267",1,"TUR"
"33","267",1,"TUR"
"34","267",1,"TUR"
"53","267",1,"TUR"
"55","267",1,"TUR"
"77","267",1,"TUR"
"97","267",1,"TUR"
"109","267",1,"TUR"
"144","267",1,"TUR"
"167","267",1,"TUR"
"196","267",1,"TUR"
"2","268",1,"TUR"
"3","268",5,"TUR"
"8","268",1,"TUR"
"11","268",1,"TUR"
"13","268",1,"TUR"
"16","268",1,"TUR"
"17","268",2,"TUR"
"54","268",1,"TUR"
"75","268",1,"TUR"
"105","268",1,"TUR"
"126","268",1,"TUR"
"163","268",1,"TUR"
"187","268",1,"TUR"
"207","268",1,"TUR"
"2","269",1,"TUR"
"4","269",1,"TUR"
"5","269",1,"TUR"
"7","269",1,"TUR"
"11","269",1,"TUR"
"13","269",10,"TUR"
"16","269",3,"TUR"
"82","269",1,"TUR"
"96","269",1,"TUR"
"138","269",1,"TUR"
"139","269",1,"TUR"
"145","269",1,"TUR"
"175","269",1,"TUR"
"183","269",1,"TUR"
"212","269",1,"TUR"
"2","270",3,"TUR"
"3","270",5,"TUR"
"4","270",3,"TUR"
"16","270",1,"TUR"
"22","270",1,"TUR"
"36","270",1,"TUR"
"41","270",1,"TUR"
"67","270",1,"TUR"
"88","270",1,"TUR"
"139","270",1,"TUR"
"150","270",1,"TUR"
"162","270",1,"TUR"
"189","270",1,"TUR"
"204","270",1,"TUR"
"220","270",1,"TUR"
"1","271",6,"TUR"
"3","271",1,"TUR"
"4","271",1,"TUR"
"5","271",2,"TUR"
"10","271",2,"TUR"
"12","271",1,"TUR"
"41","271",2,"TUR"
"111","271",2,"TUR"
"146","271",1,"TUR"
"147","271",1,"TUR"
"211","271",1,"TUR"
"240","271",1,"TUR"
"11","272",1,"TUR"
"14","272",4,"TUR"
"15","272",28,"TUR"
"19","272",19,"TUR"
"20","272",1,"TUR"
"1","273",1,"TUR"
"104","273",16,"TUR"
"169","273",1,"TUR"
"189","273",1,"TUR"
"191","273",1,"TUR"
"262","273",8,"TUR"
"1","274",1,"TUR"
"2","274",1,"TUR"
"4","274",3,"TUR"
"5","274",2,"TUR"
"6","274",1,"TUR"
"57","274",1,"TUR"
"77","274",14,"TUR"
"85","274",10,"TUR"
"87","274",1,"TUR"
"136","274",1,"TUR"
"1","275",2,"TUR"
"3","275",1,"TUR"
"29","275",3,"TUR"
"49","275",1,"TUR"
"155","275",1,"TUR"
"178","275",1,"TUR"
"190","275",1,"TUR"
"269","275",1,"TUR"
"9","276",1,"TUR"
"11","276",1,"TUR"
"30","276",1,"TUR"
"39","276",11,"TUR"
"80","276",2,"TUR"
"87","276",3,"TUR"
"1","277",5,"TUR"
"2","277",1,"TUR"
"3","277",1,"TUR"
"5","277",2,"TUR"
"6","277",1,"TUR"
"18","277",1,"TUR"
"41","277",2,"TUR"
"78","277",2,"TUR"
"119","277",1,"TUR"
"138","277",1,"TUR"
"169","277",1,"TUR"
"186","277",2,"TUR"
"1","278",2,"TUR"
"2","278",3,"TUR"
"4","278",1,"TUR"
"5","278",1,"TUR"
"7","278",1,"TUR"
"8","278",2,"TUR"
"13","278",3,"TUR"
"20","278",1,"TUR"
"42","278",1,"TUR"
"53","278",1,"TUR"
"56","278",2,"TUR"
"67","278",1,"TUR"
"132","278",1,"TUR"
"184","278",4,"TUR"
"243","278",1,"TUR"
"1","279",1,"TUR"
"2","279",5,"TUR"
"17","279",1,"TUR"
"49","279",1,"TUR"
"55","279",1,"TUR"
"58","279",1,"TUR"
"66","279",1,"TUR"
"67","279",1,"TUR"
"68","279",1,"TUR"
"74","279",1,"TUR"
"132","279",1,"TUR"
"143","279",1,"TUR"
"145","279",1,"TUR"
"148","279",1,"TUR"
"212","279",1,"TUR"
"1","280",4,"TUR"
"2","280",1,"TUR"
"6","280",1,"TUR"
"9","280",1,"TUR"
"10","280",3,"TUR"
"12","280",1,"TUR"
"36","280",1,"TUR"
"51","280",1,"TUR"
"101","280",1,"TUR"
"145","280",1,"TUR"
"161","280",1,"TUR"
"200","280",1,"TUR"
"3","281",4,"TUR"
"26","281",1,"TUR"
"30","281",1,"TUR"
"40","281",1,"TUR"
"53","281",1,"TUR"
"103","281",1,"TUR"
"114","281",1,"TUR"
"116","281",1,"TUR"
"148","281",1,"TUR"
"159","281",1,"TUR"
"215","281",1,"TUR"
"1","282",2,"TUR"
"3","282",1,"TUR"
"4","282",1,"TUR"
"5","282",2,"TUR"
"40","282",1,"TUR"
"60","282",2,"TUR"
"63","282",1,"TUR"
"139","282",1,"TUR"
"148","282",1,"TUR"
"152","282",2,"TUR"
"154","282",1,"TUR"
"220","282",1,"TUR"
"1","283",3,"TUR"
"4","283",2,"TUR"
"5","283",2,"TUR"
"6","283",2,"TUR"
"18","283",1,"TUR"
"25","283",1,"TUR"
"27","283",1,"TUR"
"44","283",1,"TUR"
"125","283",1,"TUR"
"130","283",1,"TUR"
"174","283",1,"TUR"
"1","284",2,"TUR"
"5","284",5,"TUR"
"15","284",1,"TUR"
"19","284",1,"TUR"
"47","284",1,"TUR"
"53","284",1,"TUR"
"70","284",1,"TUR"
"109","284",1,"TUR"
"112","284",1,"TUR"
"126","284",1,"TUR"
"134","284",1,"TUR"
"144","284",1,"TUR"
"158","284",7,"TUR"
"219","284",1,"TUR"
"251","284",1,"TUR"
"260","284",4,"TUR"
"262","284",1,"TUR"
"1","285",1,"TUR"
"10","285",1,"TUR"
"30","285",2,"TUR"
"40","285",1,"TUR"
"53","285",1,"TUR"
"81","285",1,"TUR"
"109","285",3,"TUR"
"115","285",2,"TUR"
"130","285",1,"TUR"
"133","285",1,"TUR"
"158","285",6,"TUR"
"166","285",2,"TUR"
"198","285",1,"TUR"
"219","285",2,"TUR"
"251","285",2,"TUR"
"258","285",5,"TUR"
"262","285",1,"TUR"
"1","286",5,"TUR"
"9","286",1,"TUR"
"10","286",1,"TUR"
"53","286",2,"TUR"
"55","286",1,"TUR"
"71","286",1,"TUR"
"192","286",4,"TUR"
"271","286",1,"TUR"
"1","287",1,"TUR"
"2","287",2,"TUR"
"3","287",1,"TUR"
"51","287",1,"TUR"
"55","287",1,"TUR"
"65","287",1,"TUR"
"100","287",1,"TUR"
"103","287",1,"TUR"
"121","287",1,"TUR"
"150","287",1,"TUR"
"162","287",1,"TUR"
"197","287",1,"TUR"
"229","287",2,"TUR"
"239","287",1,"TUR"
"252","287",1,"TUR"
"258","287",1,"TUR"
"1","288",2,"TUR"
"2","288",1,"TUR"
"3","288",1,"TUR"
"6","288",1,"TUR"
"7","288",2,"TUR"
"30","288",1,"TUR"
"57","288",1,"TUR"
"62","288",1,"TUR"
"71","288",1,"TUR"
"127","288",1,"TUR"
"131","288",1,"TUR"
"159","288",1,"TUR"
"190","288",1,"TUR"
"199","288",1,"TUR"
"228","288",1,"TUR"
"240","288",1,"TUR"
"247","288",1,"TUR"
"283","288",1,"TUR"
"1","289",1,"TUR"
"2","289",1,"TUR"
"4","289",1,"TUR"
"5","289",1,"TUR"
"7","289",1,"TUR"
"11","289",1,"TUR"
"34","289",1,"TUR"
"37","289",1,"TUR"
"55","289",1,"TUR"
"58","289",1,"TUR"
"64","289",1,"TUR"
"79","289",1,"TUR"
"106","289",1,"TUR"
"111","289",1,"TUR"
"163","289",1,"TUR"
"210","289",1,"TUR"
"2","290",1,"TUR"
"3","290",1,"TUR"
"4","290",2,"TUR"
"5","290",1,"TUR"
"6","290",1,"TUR"
"7","290",2,"TUR"
"12","290",1,"TUR"
"24","290",1,"TUR"
"27","290",1,"TUR"
"32","290",1,"TUR"
"37","290",1,"TUR"
"39","290",1,"TUR"
"81","290",1,"TUR"
"90","290",1,"TUR"
"91","290",1,"TUR"
"158","290",3,"TUR"
"171","290",1,"TUR"
"192","290",1,"TUR"
"1","291",2,"TUR"
"4","291",1,"TUR"
"5","291",1,"TUR"
"6","291",1,"TUR"
"44","291",2,"TUR"
"65","291",1,"TUR"
"255","291",1,"TUR"
"1","292",3,"TUR"
"2","292",4,"TUR"
"6","292",1,"TUR"
"8","292",1,"TUR"
"11","292",1,"TUR"
"21","292",1,"TUR"
"37","292",2,"TUR"
"93","292",1,"TUR"
"158","292",1,"TUR"
"165","292",1,"TUR"
"213","292",1,"TUR"
"264","292",1,"TUR"
"275","292",1,"TUR"
"1","293",3,"TUR"
"9","293",1,"TUR"
"11","293",1,"TUR"
"15","293",1,"TUR"
"16","293",1,"TUR"
"58","293",1,"TUR"
"112","293",1,"TUR"
"123","293",1,"TUR"
"133","293",2,"TUR"
"145","293",1,"TUR"
"246","293",1,"TUR"
"1","294",6,"TUR"
"4","294",4,"TUR"
"5","294",1,"TUR"
"6","294",1,"TUR"
"8","294",1,"TUR"
"11","294",1,"TUR"
"25","294",2,"TUR"
"61","294",1,"TUR"
"85","294",1,"TUR"
"89","294",1,"TUR"
"92","294",1,"TUR"
"124","294",1,"TUR"
"150","294",1,"TUR"
"189","294",1,"TUR"
"206","294",1,"TUR"
"269","294",1,"TUR"
"294","294",1,"TUR"
"2","295",11,"TUR"
"4","295",3,"TUR"
"5","295",1,"TUR"
"8","295",4,"TUR"
"19","295",1,"TUR"
"21","295",1,"TUR"
"28","295",1,"TUR"
"55","295",1,"TUR"
"60","295",2,"TUR"
"100","295",1,"TUR"
"113","295",1,"TUR"
"141","295",1,"TUR"
"180","295",1,"TUR"
"239","295",1,"TUR"
"289","295",1,"TUR"
"1","296",2,"TUR"
"2","296",1,"TUR"
"3","296",1,"TUR"
"4","296",1,"TUR"
"6","296",2,"TUR"
"12","296",1,"TUR"
"17","296",1,"TUR"
"21","296",1,"TUR"
"25","296",1,"TUR"
"38","296",1,"TUR"
"47","296",3,"TUR"
"91","296",1,"TUR"
"103","296",1,"TUR"
"137","296",1,"TUR"
"276","296",3,"TUR"
"295","296",1,"TUR"
"1","297",2,"TUR"
"3","297",2,"TUR"
"4","297",2,"TUR"
"6","297",2,"TUR"
"7","297",1,"TUR"
"21","297",1,"TUR"
"31","297",1,"TUR"
"52","297",1,"TUR"
"76","297",2,"TUR"
"91","297",1,"TUR"
"99","297",1,"TUR"
"225","297",1,"TUR"
"287","297",1,"TUR"
"1","298",1,"TUR"
"2","298",1,"TUR"
"4","298",1,"TUR"
"6","298",1,"TUR"
"20","298",2,"TUR"
"70","298",1,"TUR"
"127","298",2,"TUR"
"130","298",1,"TUR"
"134","298",1,"TUR"
"138","298",1,"TUR"
"201","298",1,"TUR"
"236","298",1,"TUR"
"238","298",1,"TUR"
"7","299",1,"TUR"
"11","299",1,"TUR"
"76","299",1,"TUR"
"83","299",1,"TUR"
"93","299",1,"TUR"
"96","299",3,"TUR"
"142","299",1,"TUR"
"147","299",1,"TUR"
"156","299",3,"TUR"
"174","299",1,"TUR"
"245","299",1,"TUR"
"12","300",1,"TUR"
"48","300",1,"TUR"
"65","300",1,"TUR"
"69","300",1,"TUR"
"75","300",1,"TUR"
"116","300",1,"TUR"
"119","300",1,"TUR"
"189","300",1,"TUR"
"226","300",1,"TUR"
"6","301",2,"TUR"
"11","301",2,"TUR"
"14","301",1,"TUR"
"15","301",1,"TUR"
"16","301",1,"TUR"
"19","301",1,"TUR"
"56","301",1,"TUR"
"87","301",11,"TUR"
"160","301",1,"TUR"
"1","302",5,"TUR"
"12","302",1,"TUR"
"19","302",1,"TUR"
"44","302",1,"TUR"
"69","302",1,"TUR"
"75","302",1,"TUR"
"76","302",1,"TUR"
"85","302",2,"TUR"
"93","302",1,"TUR"
"95","302",1,"TUR"
"99","302",2,"TUR"
"119","302",1,"TUR"
"179","302",1,"TUR"
"199","302",1,"TUR"
"200","302",1,"TUR"
"202","302",1,"TUR"
"253","302",7,"TUR"
"3","303",1,"TUR"
"7","303",1,"TUR"
"15","303",1,"TUR"
"20","303",1,"TUR"
"24","303",1,"TUR"
"56","303",1,"TUR"
"59","303",1,"TUR"
"113","303",2,"TUR"
"115","303",3,"TUR"
"134","303",6,"TUR"
"136","303",1,"TUR"
"151","303",2,"TUR"
"244","303",2,"TUR"
"251","303",1,"TUR"
"252","303",1,"TUR"
"260","303",1,"TUR"
"1","304",1,"TUR"
"4","304",3,"TUR"
"7","304",1,"TUR"
"17","304",1,"TUR"
"19","304",1,"TUR"
"21","304",1,"TUR"
"33","304",2,"TUR"
"40","304",1,"TUR"
"43","304",1,"TUR"
"52","304",1,"TUR"
"75","304",1,"TUR"
"115","304",3,"TUR"
"162","304",1,"TUR"
"170","304",1,"TUR"
"219","304",1,"TUR"
"261","304",1,"TUR"
"266","304",1,"TUR"
"1","305",1,"TUR"
"12","305",2,"TUR"
"31","305",1,"TUR"
"34","305",1,"TUR"
"46","305",1,"TUR"
"68","305",1,"TUR"
"74","305",1,"TUR"
"78","305",1,"TUR"
"137","305",1,"TUR"
"138","305",1,"TUR"
"218","305",5,"TUR"
"248","305",1,"TUR"
"1","306",1,"TUR"
"2","306",2,"TUR"
"3","306",1,"TUR"
"6","306",1,"TUR"
"8","306",2,"TUR"
"12","306",1,"TUR"
"49","306",1,"TUR"
"56","306",1,"TUR"
"86","306",1,"TUR"
"114","306",1,"TUR"
"174","306",1,"TUR"
"260","306",1,"TUR"
"271","306",1,"TUR"
"1","307",3,"TUR"
"2","307",1,"TUR"
"20","307",1,"TUR"
"23","307",3,"TUR"
"43","307",1,"TUR"
"83","307",1,"TUR"
"96","307",1,"TUR"
"106","307",2,"TUR"
"130","307",1,"TUR"
"156","307",1,"TUR"
"2","308",23,"TUR"
"57","308",1,"TUR"
"77","308",6,"TUR"
"85","308",4,"TUR"
"250","308",1,"TUR"
"296","308",1,"TUR"
"2","309",2,"TUR"
"3","309",4,"TUR"
"4","309",1,"TUR"
"9","309",1,"TUR"
"13","309",1,"TUR"
"16","309",1,"TUR"
"21","309",1,"TUR"
"24","309",2,"TUR"
"30","309",2,"TUR"
"33","309",2,"TUR"
"35","309",1,"TUR"
"40","309",2,"TUR"
"56","309",1,"TUR"
"68","309",4,"TUR"
"81","309",1,"TUR"
"86","309",1,"TUR"
"112","309",2,"TUR"
"161","309",2,"TUR"
"170","309",1,"TUR"
"176","309",1,"TUR"
"185","309",1,"TUR"
"204","309",1,"TUR"
"229","309",1,"TUR"
"257","309",1,"TUR"
"1","310",1,"TUR"
"2","310",2,"TUR"
"10","310",2,"TUR"
"12","310",2,"TUR"
"15","310",1,"TUR"
"22","310",2,"TUR"
"37","310",1,"TUR"
"68","310",1,"TUR"
"69","310",1,"TUR"
"70","310",1,"TUR"
"73","310",1,"TUR"
"77","310",1,"TUR"
"122","310",1,"TUR"
"141","310",1,"TUR"
"156","310",2,"TUR"
"268","310",1,"TUR"
"297","310",1,"TUR"
"298","310",1,"TUR"
"301","310",4,"TUR"
"1","311",1,"TUR"
"4","311",1,"TUR"
"5","311",1,"TUR"
"6","311",1,"TUR"
"11","311",1,"TUR"
"13","311",1,"TUR"
"19","311",1,"TUR"
"30","311",1,"TUR"
"76","311",1,"TUR"
"132","311",1,"TUR"
"180","311",1,"TUR"
"228","311",1,"TUR"
"229","311",1,"TUR"
"263","311",1,"TUR"
"277","311",1,"TUR"
"310","311",2,"TUR"
"1","312",1,"TUR"
"2","312",1,"TUR"
"8","312",1,"TUR"
"9","312",1,"TUR"
"24","312",9,"TUR"
"40","312",1,"TUR"
"41","312",1,"TUR"
"176","312",1,"TUR"
"204","312",1,"TUR"
"218","312",1,"TUR"
"1","313",3,"TUR"
"3","313",1,"TUR"
"4","313",5,"TUR"
"5","313",1,"TUR"
"7","313",1,"TUR"
"28","313",1,"TUR"
"47","313",1,"TUR"
"71","313",2,"TUR"
"73","313",2,"TUR"
"94","313",1,"TUR"
"162","313",1,"TUR"
"213","313",1,"TUR"
"216","313",1,"TUR"
"227","313",1,"TUR"
"1","314",2,"TUR"
"6","314",4,"TUR"
"25","314",1,"TUR"
"29","314",1,"TUR"
"32","314",5,"TUR"
"50","314",1,"TUR"
"108","314",1,"TUR"
"110","314",1,"TUR"
"114","314",1,"TUR"
"135","314",1,"TUR"
"200","314",1,"TUR"
"4","315",7,"TUR"
"19","315",2,"TUR"
"33","315",1,"TUR"
"37","315",1,"TUR"
"49","315",1,"TUR"
"52","315",1,"TUR"
"59","315",1,"TUR"
"66","315",3,"TUR"
"155","315",1,"TUR"
"176","315",1,"TUR"
"221","315",2,"TUR"
"231","315",1,"TUR"
"249","315",1,"TUR"
"4","316",1,"TUR"
"29","316",1,"TUR"
"63","316",1,"TUR"
"161","316",1,"TUR"
"163","316",2,"TUR"
"178","316",1,"TUR"
"1","317",4,"TUR"
"5","317",1,"TUR"
"12","317",1,"TUR"
"60","317",1,"TUR"
"90","317",1,"TUR"
"94","317",5,"TUR"
"99","317",1,"TUR"
"104","317",5,"TUR"
"116","317",1,"TUR"
"204","317",1,"TUR"
"253","317",1,"TUR"
"2","318",1,"TUR"
"3","318",1,"TUR"
"77","318",2,"TUR"
"85","318",1,"TUR"
"91","318",1,"TUR"
"149","318",1,"TUR"
"175","318",1,"TUR"
"181","318",1,"TUR"
"277","318",1,"TUR"
"1","319",1,"TUR"
"2","319",3,"TUR"
"5","319",4,"TUR"
"6","319",1,"TUR"
"12","319",1,"TUR"
"30","319",1,"TUR"
"56","319",1,"TUR"
"120","319",2,"TUR"
"126","319",1,"TUR"
"130","319",1,"TUR"
"160","319",1,"TUR"
"184","319",2,"TUR"
"251","319",1,"TUR"
"254","319",1,"TUR"
"311","319",1,"TUR"
"1","320",2,"TUR"
"7","320",1,"TUR"
"11","320",1,"TUR"
"22","320",1,"TUR"
"23","320",1,"TUR"
"41","320",1,"TUR"
"44","320",1,"TUR"
"52","320",1,"TUR"
"69","320",1,"TUR"
"87","320",4,"TUR"
"136","320",1,"TUR"
"160","320",1,"TUR"
"1","321",1,"TUR"
"8","321",1,"TUR"
"45","321",1,"TUR"
"63","321",1,"TUR"
"67","321",1,"TUR"
"101","321",1,"TUR"
"157","321",3,"TUR"
"1","322",1,"TUR"
"4","322",1,"TUR"
"5","322",1,"TUR"
"8","322",1,"TUR"
"22","322",1,"TUR"
"49","322",1,"TUR"
"52","322",1,"TUR"
"85","322",1,"TUR"
"88","322",1,"TUR"
"98","322",1,"TUR"
"108","322",1,"TUR"
"145","322",1,"TUR"
"157","322",3,"TUR"
"190","322",1,"TUR"
"287","322",1,"TUR"
"1","323",1,"TUR"
"2","323",1,"TUR"
"4","323",1,"TUR"
"5","323",1,"TUR"
"9","323",1,"TUR"
"10","323",1,"TUR"
"25","323",1,"TUR"
"37","323",1,"TUR"
"52","323",1,"TUR"
"76","323",1,"TUR"
"99","323",1,"TUR"
"105","323",1,"TUR"
"196","323",3,"TUR"
"235","323",1,"TUR"
"22","324",2,"TUR"
"57","324",1,"TUR"
"149","324",15,"TUR"
"233","324",4,"TUR"
"253","324",8,"TUR"
"2","325",1,"TUR"
"4","325",1,"TUR"
"5","325",1,"TUR"
"15","325",1,"TUR"
"25","325",1,"TUR"
"64","325",2,"TUR"
"88","325",1,"TUR"
"99","325",1,"TUR"
"102","325",1,"TUR"
"208","325",1,"TUR"
"238","325",1,"TUR"
"255","325",18,"TUR"
"1","326",3,"TUR"
"4","326",1,"TUR"
"6","326",3,"TUR"
"8","326",2,"TUR"
"9","326",1,"TUR"
"18","326",1,"TUR"
"54","326",2,"TUR"
"70","326",1,"TUR"
"71","326",1,"TUR"
"90","326",1,"TUR"
"101","326",1,"TUR"
"113","326",1,"TUR"
"149","326",1,"TUR"
"314","326",1,"TUR"
"2","327",4,"TUR"
"5","327",1,"TUR"
"17","327",1,"TUR"
"60","327",1,"TUR"
"71","327",1,"TUR"
"81","327",1,"TUR"
"82","327",1,"TUR"
"131","327",1,"TUR"
"139","327",1,"TUR"
"204","327",1,"TUR"
"227","327",1,"TUR"
"294","327",1,"TUR"
"1","328",3,"TUR"
"2","328",2,"TUR"
"3","328",2,"TUR"
"5","328",1,"TUR"
"13","328",1,"TUR"
"14","328",1,"TUR"
"40","328",1,"TUR"
"53","328",1,"TUR"
"65","328",1,"TUR"
"74","328",4,"TUR"
"82","328",1,"TUR"
"92","328",1,"TUR"
"106","328",1,"TUR"
"114","328",1,"TUR"
"139","328",1,"TUR"
"234","328",1,"TUR"
"241","328",1,"TUR"
"319","328",1,"TUR"
"5","329",1,"TUR"
"17","329",9,"TUR"
"30","329",1,"TUR"
"35","329",1,"TUR"
"41","329",1,"TUR"
"69","329",1,"TUR"
"78","329",1,"TUR"
"80","329",1,"TUR"
"128","329",2,"TUR"
"151","329",1,"TUR"
"176","329",1,"TUR"
"194","329",2,"TUR"
"242","329",1,"TUR"
"1","330",2,"TUR"
"2","330",1,"TUR"
"4","330",1,"TUR"
"5","330",1,"TUR"
"7","330",1,"TUR"
"8","330",2,"TUR"
"9","330",1,"TUR"
"13","330",5,"TUR"
"14","330",1,"TUR"
"42","330",1,"TUR"
"60","330",3,"TUR"
"64","330",1,"TUR"
"88","330",1,"TUR"
"130","330",1,"TUR"
"157","330",1,"TUR"
"179","330",1,"TUR"
"195","330",1,"TUR"
"264","330",1,"TUR"
"312","330",1,"TUR"
"317","330",1,"TUR"
"2","331",1,"TUR"
"6","331",1,"TUR"
"7","331",2,"TUR"
"33","331",1,"TUR"
"35","331",4,"TUR"
"38","331",1,"TUR"
"50","331",1,"TUR"
"59","331",1,"TUR"
"62","331",1,"TUR"
"117","331",1,"TUR"
"121","331",2,"TUR"
"133","331",1,"TUR"
"151","331",1,"TUR"
"174","331",1,"TUR"
"175","331",1,"TUR"
"207","331",1,"TUR"
"227","331",1,"TUR"
"261","331",1,"TUR"
"319","331",1,"TUR"
"1","332",4,"TUR"
"2","332",1,"TUR"
"6","332",1,"TUR"
"7","332",1,"TUR"
"11","332",3,"TUR"
"15","332",2,"TUR"
"17","332",1,"TUR"
"67","332",1,"TUR"
"101","332",1,"TUR"
"109","332",1,"TUR"
"119","332",1,"TUR"
"143","332",1,"TUR"
"245","332",1,"TUR"
"248","332",2,"TUR"
"252","332",1,"TUR"
"305","332",2,"TUR"
"1","333",2,"TUR"
"3","333",1,"TUR"
"40","333",1,"TUR"
"58","333",1,"TUR"
"93","333",2,"TUR"
"247","333",1,"TUR"
"327","333",1,"TUR"
"2","334",1,"TUR"
"6","334",7,"TUR"
"21","334",1,"TUR"
"25","334",1,"TUR"
"41","334",1,"TUR"
"60","334",1,"TUR"
"74","334",1,"TUR"
"173","334",1,"TUR"
"200","334",1,"TUR"
"234","334",2,"TUR"
"256","334",1,"TUR"
"282","334",2,"TUR"
"316","334",1,"TUR"
"1","335",1,"TUR"
"4","335",1,"TUR"
"7","335",2,"TUR"
"19","335",4,"TUR"
"24","335",1,"TUR"
"44","335",1,"TUR"
"79","335",2,"TUR"
"84","335",1,"TUR"
"85","335",1,"TUR"
"101","335",1,"TUR"
"112","335",1,"TUR"
"221","335",1,"TUR"
"240","335",1,"TUR"
"1","336",1,"TUR"
"4","336",1,"TUR"
"5","336",1,"TUR"
"8","336",1,"TUR"
"37","336",3,"TUR"
"114","336",1,"TUR"
"138","336",1,"TUR"
"2","337",1,"TUR"
"3","337",2,"TUR"
"4","337",1,"TUR"
"29","337",4,"TUR"
"32","337",5,"TUR"
"41","337",1,"TUR"
"63","337",3,"TUR"
"213","337",1,"TUR"
"243","337",3,"TUR"
"326","337",3,"TUR"
"3","338",1,"TUR"
"7","338",2,"TUR"
"18","338",1,"TUR"
"30","338",2,"TUR"
"33","338",1,"TUR"
"141","338",1,"TUR"
"151","338",1,"TUR"
"163","338",1,"TUR"
"214","338",1,"TUR"
"282","338",3,"TUR"
"293","338",1,"TUR"
"1","339",3,"TUR"
"3","339",1,"TUR"
"12","339",1,"TUR"
"18","339",1,"TUR"
"24","339",1,"TUR"
"30","339",1,"TUR"
"37","339",1,"TUR"
"70","339",1,"TUR"
"97","339",1,"TUR"
"184","339",1,"TUR"
"223","339",2,"TUR"
"322","339",1,"TUR"
"1","340",3,"TUR"
"2","340",1,"TUR"
"3","340",1,"TUR"
"7","340",1,"TUR"
"12","340",1,"TUR"
"14","340",4,"TUR"
"15","340",1,"TUR"
"20","340",1,"TUR"
"76","340",1,"TUR"
"160","340",3,"TUR"
"299","340",1,"TUR"
"2","341",1,"TUR"
"5","341",1,"TUR"
"6","341",1,"TUR"
"8","341",1,"TUR"
"21","341",1,"TUR"
"64","341",1,"TUR"
"91","341",1,"TUR"
"97","341",1,"TUR"
"143","341",1,"TUR"
"203","341",1,"TUR"
"289","341",1,"TUR"
"1","342",1,"TUR"
"2","342",6,"TUR"
"7","342",2,"TUR"
"11","342",1,"TUR"
"61","342",1,"TUR"
"78","342",4,"TUR"
"80","342",1,"TUR"
"83","342",1,"TUR"
"158","342",1,"TUR"
"169","342",1,"TUR"
"194","342",1,"TUR"
"232","342",1,"TUR"
"249","342",1,"TUR"
"1","343",1,"TUR"
"2","343",4,"TUR"
"15","343",1,"TUR"
"52","343",1,"TUR"
"53","343",1,"TUR"
"60","343",1,"TUR"
"70","343",1,"TUR"
"77","343",4,"TUR"
"96","343",1,"TUR"
"144","343",1,"TUR"
"303","343",1,"TUR"
"320","343",1,"TUR"
"1","344",1,"TUR"
"23","344",3,"TUR"
"39","344",1,"TUR"
"47","344",1,"TUR"
"75","344",1,"TUR"
"78","344",3,"TUR"
"105","344",1,"TUR"
"180","344",1,"TUR"
"222","344",1,"TUR"
"259","344",1,"TUR"
"264","344",2,"TUR"
"276","344",1,"TUR"
"344","344",1,"TUR"
"33","345",1,"TUR"
"66","345",5,"TUR"
"69","345",6,"TUR"
"78","345",1,"TUR"
"80","345",9,"TUR"
"120","345",1,"TUR"
"153","345",1,"TUR"
"172","345",1,"TUR"
"194","345",6,"TUR"
"265","345",1,"TUR"
"323","345",1,"TUR"
"32","346",1,"TUR"
"94","346",22,"TUR"
"112","346",1,"TUR"
"231","346",1,"TUR"
"301","346",1,"TUR"
"327","346",2,"TUR"
"1","347",3,"TUR"
"75","347",2,"TUR"
"78","347",1,"TUR"
"139","347",1,"TUR"
"172","347",1,"TUR"
"194","347",2,"TUR"
"305","347",1,"TUR"
"307","347",2,"TUR"
"1","348",1,"TUR"
"2","348",1,"TUR"
"3","348",2,"TUR"
"4","348",1,"TUR"
"6","348",2,"TUR"
"21","348",1,"TUR"
"30","348",1,"TUR"
"88","348",1,"TUR"
"116","348",1,"TUR"
"174","348",1,"TUR"
"205","348",17,"TUR"
"242","348",1,"TUR"
"339","348",2,"TUR"
"1","349",2,"TUR"
"4","349",1,"TUR"
"8","349",1,"TUR"
"49","349",1,"TUR"
"82","349",1,"TUR"
"85","349",1,"TUR"
"138","349",1,"TUR"
"199","349",1,"TUR"
"294","349",1,"TUR"
"341","349",1,"TUR"
"1","350",3,"TUR"
"2","350",1,"TUR"
"4","350",1,"TUR"
"10","350",1,"TUR"
"11","350",1,"TUR"
"15","350",1,"TUR"
"19","350",1,"TUR"
"24","350",1,"TUR"
"27","350",1,"TUR"
"36","350",1,"TUR"
"70","350",1,"TUR"
"131","350",1,"TUR"
"133","350",1,"TUR"
"2","351",1,"TUR"
"3","351",1,"TUR"
"6","351",1,"TUR"
"8","351",7,"TUR"
"12","351",1,"TUR"
"73","351",1,"TUR"
"236","351",1,"TUR"
"270","351",4,"TUR"
"279","351",1,"TUR"
"314","351",2,"TUR"
"318","351",1,"TUR"
"1","352",1,"TUR"
"10","352",1,"TUR"
"18","352",1,"TUR"
"24","352",2,"TUR"
"25","352",1,"TUR"
"35","352",2,"TUR"
"36","352",1,"TUR"
"49","352",1,"TUR"
"50","352",2,"TUR"
"57","352",1,"TUR"
"59","352",3,"TUR"
"114","352",1,"TUR"
"142","352",1,"TUR"
"151","352",1,"TUR"
"159","352",1,"TUR"
"284","352",2,"TUR"
"303","352",2,"TUR"
"307","352",1,"TUR"
"2","353",7,"TUR"
"7","353",2,"TUR"
"27","353",1,"TUR"
"28","353",1,"TUR"
"45","353",2,"TUR"
"57","353",1,"TUR"
"58","353",1,"TUR"
"77","353",2,"TUR"
"84","353",1,"TUR"
"108","353",1,"TUR"
"142","353",2,"TUR"
"144","353",1,"TUR"
"146","353",1,"TUR"
"199","353",3,"TUR"
"290","353",1,"TUR"
"1","354",1,"TUR"
"3","354",1,"TUR"
"58","354",1,"TUR"
"64","354",1,"TUR"
"104","354",9,"TUR"
"207","354",1,"TUR"
"262","354",6,"TUR"
"320","354",1,"TUR"
"1","355",4,"TUR"
"2","355",2,"TUR"
"4","355",2,"TUR"
"5","355",1,"TUR"
"7","355",2,"TUR"
"30","355",1,"TUR"
"33","355",1,"TUR"
"34","355",1,"TUR"
"44","355",2,"TUR"
"55","355",1,"TUR"
"82","355",1,"TUR"
"95","355",1,"TUR"
"108","355",2,"TUR"
"165","355",1,"TUR"
"232","355",1,"TUR"
"234","355",1,"TUR"
"267","355",2,"TUR"
"278","355",1,"TUR"
"1","356",1,"TUR"
"3","356",1,"TUR"
"10","356",1,"TUR"
"12","356",1,"TUR"
"14","356",7,"TUR"
"15","356",1,"TUR"
"53","356",2,"TUR"
"97","356",1,"TUR"
"334","356",1,"TUR"
"2","357",1,"TUR"
"3","357",3,"TUR"
"14","357",1,"TUR"
"51","357",1,"TUR"
"57","357",1,"TUR"
"64","357",1,"TUR"
"81","357",1,"TUR"
"90","357",1,"TUR"
"349","357",1,"TUR"
"1","358",4,"TUR"
"4","358",7,"TUR"
"6","358",1,"TUR"
"7","358",1,"TUR"
"15","358",2,"TUR"
"19","358",2,"TUR"
"36","358",1,"TUR"
"101","358",1,"TUR"
"127","358",1,"TUR"
"231","358",3,"TUR"
"258","358",1,"TUR"
"1","359",1,"TUR"
"4","359",1,"TUR"
"37","359",5,"TUR"
"15","360",23,"TUR"
"85","360",1,"TUR"
"99","360",1,"TUR"
"333","360",3,"TUR"
"1","361",1,"TUR"
"2","361",3,"TUR"
"5","361",1,"TUR"
"6","361",1,"TUR"
"7","361",2,"TUR"
"10","361",1,"TUR"
"14","361",1,"TUR"
"18","361",1,"TUR"
"30","361",1,"TUR"
"60","361",1,"TUR"
"62","361",1,"TUR"
"115","361",1,"TUR"
"141","361",1,"TUR"
"167","361",1,"TUR"
"180","361",1,"TUR"
"181","361",1,"TUR"
"195","361",1,"TUR"
"317","361",1,"TUR"
"1","362",4,"TUR"
"3","362",1,"TUR"
"4","362",1,"TUR"
"7","362",1,"TUR"
"8","362",1,"TUR"
"18","362",1,"TUR"
"23","362",1,"TUR"
"60","362",1,"TUR"
"87","362",1,"TUR"
"94","362",1,"TUR"
"119","362",1,"TUR"
"129","362",1,"TUR"
"174","362",1,"TUR"
"240","362",1,"TUR"
"274","362",1,"TUR"
"288","362",1,"TUR"
"347","362",1,"TUR"
"2","363",2,"TUR"
"6","363",1,"TUR"
"35","363",1,"TUR"
"37","363",1,"TUR"
"163","363",1,"TUR"
"2","364",1,"TUR"
"3","364",6,"TUR"
"5","364",2,"TUR"
"38","364",1,"TUR"
"42","364",1,"TUR"
"50","364",9,"TUR"
"62","364",4,"TUR"
"71","364",1,"TUR"
"80","364",1,"TUR"
"119","364",1,"TUR"
"205","364",1,"TUR"
"240","364",1,"TUR"
"363","364",1,"TUR"
"1","365",2,"TUR"
"5","365",7,"TUR"
"15","365",1,"TUR"
"30","365",1,"TUR"
"33","365",1,"TUR"
"45","365",1,"TUR"
"47","365",1,"TUR"
"70","365",1,"TUR"
"81","365",1,"TUR"
"104","365",1,"TUR"
"109","365",2,"TUR"
"126","365",1,"TUR"
"132","365",1,"TUR"
"158","365",5,"TUR"
"166","365",1,"TUR"
"184","365",1,"TUR"
"185","365",1,"TUR"
"219","365",1,"TUR"
"251","365",1,"TUR"
"260","365",1,"TUR"
"1","366",1,"TUR"
"2","366",1,"TUR"
"3","366",2,"TUR"
"9","366",2,"TUR"
"53","366",1,"TUR"
"62","366",2,"TUR"
"89","366",1,"TUR"
"137","366",1,"TUR"
"208","366",1,"TUR"
"213","366",1,"TUR"
"281","366",2,"TUR"
"322","366",1,"TUR"
"359","366",1,"TUR"
"2","367",1,"TUR"
"4","367",1,"TUR"
"5","367",2,"TUR"
"6","367",1,"TUR"
"10","367",4,"TUR"
"13","367",1,"TUR"
"47","367",1,"TUR"
"99","367",1,"TUR"
"100","367",1,"TUR"
"142","367",2,"TUR"
"152","367",1,"TUR"
"155","367",1,"TUR"
"199","367",9,"TUR"
"328","367",1,"TUR"
"4","368",2,"TUR"
"6","368",1,"TUR"
"24","368",1,"TUR"
"44","368",1,"TUR"
"78","368",1,"TUR"
"84","368",1,"TUR"
"92","368",1,"TUR"
"116","368",1,"TUR"
"152","368",3,"TUR"
"333","368",6,"TUR"
"350","368",1,"TUR"
"1","369",3,"TUR"
"2","369",9,"TUR"
"8","369",2,"TUR"
"9","369",3,"TUR"
"13","369",1,"TUR"
"29","369",1,"TUR"
"60","369",2,"TUR"
"93","369",1,"TUR"
"119","369",1,"TUR"
"235","369",1,"TUR"
"3","370",1,"TUR"
"4","370",1,"TUR"
"10","370",1,"TUR"
"25","370",1,"TUR"
"85","370",2,"TUR"
"136","370",1,"TUR"
"146","370",4,"TUR"
"225","370",1,"TUR"
"279","370",1,"TUR"
"350","370",2,"TUR"
"2","371",1,"TUR"
"6","371",2,"TUR"
"21","371",1,"TUR"
"24","371",1,"TUR"
"39","371",1,"TUR"
"58","371",1,"TUR"
"61","371",4,"TUR"
"167","371",2,"TUR"
"183","371",1,"TUR"
"230","371",4,"TUR"
"276","371",4,"TUR"
"1","372",1,"TUR"
"2","372",1,"TUR"
"8","372",2,"TUR"
"12","372",2,"TUR"
"25","372",2,"TUR"
"29","372",1,"TUR"
"60","372",1,"TUR"
"105","372",1,"TUR"
"147","372",1,"TUR"
"148","372",1,"TUR"
"162","372",2,"TUR"
"2","373",4,"TUR"
"5","373",1,"TUR"
"8","373",1,"TUR"
"16","373",2,"TUR"
"28","373",1,"TUR"
"43","373",1,"TUR"
"79","373",2,"TUR"
"117","373",1,"TUR"
"145","373",1,"TUR"
"157","373",1,"TUR"
"207","373",1,"TUR"
"240","373",1,"TUR"
"293","373",1,"TUR"
"2","374",1,"TUR"
"3","374",1,"TUR"
"10","374",1,"TUR"
"18","374",1,"TUR"
"51","374",2,"TUR"
"54","374",3,"TUR"
"68","374",1,"TUR"
"107","374",1,"TUR"
"118","374",1,"TUR"
"136","374",1,"TUR"
"148","374",1,"TUR"
"149","374",3,"TUR"
"187","374",1,"TUR"
"198","374",1,"TUR"
"233","374",1,"TUR"
"348","374",1,"TUR"
"1","375",1,"TUR"
"113","375",1,"TUR"
"228","375",3,"TUR"
"2","376",2,"TUR"
"3","376",20,"TUR"
"9","376",1,"TUR"
"12","376",1,"TUR"
"16","376",1,"TUR"
"28","376",1,"TUR"
"32","376",1,"TUR"
"41","376",1,"TUR"
"46","376",1,"TUR"
"147","376",2,"TUR"
"166","376",1,"TUR"
"167","376",1,"TUR"
"3","377",1,"TUR"
"6","377",1,"TUR"
"7","377",1,"TUR"
"10","377",1,"TUR"
"11","377",1,"TUR"
"52","377",1,"TUR"
"54","377",1,"TUR"
"76","377",1,"TUR"
"78","377",1,"TUR"
"93","377",1,"TUR"
"107","377",1,"TUR"
"189","377",1,"TUR"
"286","377",2,"TUR"
"287","377",1,"TUR"
"314","377",2,"TUR"
"337","377",1,"TUR"
"1","378",1,"TUR"
"5","378",1,"TUR"
"9","378",1,"TUR"
"17","378",1,"TUR"
"18","378",1,"TUR"
"94","378",1,"TUR"
"166","378",1,"TUR"
"221","378",1,"TUR"
"271","378",1,"TUR"
"277","378",1,"TUR"
"363","378",2,"TUR"
"378","378",1,"TUR"
"1","379",1,"TUR"
"2","379",2,"TUR"
"3","379",7,"TUR"
"4","379",1,"TUR"
"40","379",1,"TUR"
"48","379",1,"TUR"
"61","379",1,"TUR"
"82","379",1,"TUR"
"93","379",1,"TUR"
"105","379",1,"TUR"
"186","379",1,"TUR"
"187","379",1,"TUR"
"220","379",1,"TUR"
"311","379",1,"TUR"
"2","380",1,"TUR"
"4","380",1,"TUR"
"8","380",2,"TUR"
"12","380",1,"TUR"
"13","380",1,"TUR"
"15","380",2,"TUR"
"20","380",1,"TUR"
"69","380",1,"TUR"
"99","380",1,"TUR"
"323","380",2,"TUR"
"349","380",1,"TUR"
"366","380",1,"TUR"
"378","380",1,"TUR"
"1","381",2,"TUR"
"2","381",2,"TUR"
"4","381",1,"TUR"
"6","381",1,"TUR"
"7","381",1,"TUR"
"8","381",1,"TUR"
"9","381",2,"TUR"
"10","381",1,"TUR"
"12","381",1,"TUR"
"13","381",3,"TUR"
"60","381",2,"TUR"
"91","381",1,"TUR"
"148","381",1,"TUR"
"318","381",1,"TUR"
"369","381",1,"TUR"
"2","382",3,"TUR"
"4","382",1,"TUR"
"5","382",1,"TUR"
"7","382",1,"TUR"
"30","382",1,"TUR"
"33","382",1,"TUR"
"38","382",2,"TUR"
"45","382",1,"TUR"
"57","382",1,"TUR"
"71","382",1,"TUR"
"81","382",2,"TUR"
"86","382",1,"TUR"
"115","382",1,"TUR"
"148","382",1,"TUR"
"204","382",1,"TUR"
"223","382",1,"TUR"
"226","382",1,"TUR"
"244","382",1,"TUR"
"1","383",2,"TUR"
"7","383",1,"TUR"
"30","383",3,"TUR"
"33","383",5,"TUR"
"35","383",7,"TUR"
"40","383",2,"TUR"
"86","383",3,"TUR"
"115","383",1,"TUR"
"142","383",1,"TUR"
"151","383",1,"TUR"
"251","383",1,"TUR"
"383","383",2,"TUR"
"1","384",1,"TUR"
"2","384",1,"TUR"
"15","384",1,"TUR"
"23","384",1,"TUR"
"30","384",1,"TUR"
"64","384",1,"TUR"
"70","384",1,"TUR"
"72","384",1,"TUR"
"109","384",1,"TUR"
"198","384",4,"TUR"
"201","384",3,"TUR"
"205","384",1,"TUR"
"300","384",1,"TUR"
"366","384",1,"TUR"
"369","384",1,"TUR"
"1","385",3,"TUR"
"4","385",1,"TUR"
"7","385",1,"TUR"
"18","385",1,"TUR"
"22","385",1,"TUR"
"33","385",1,"TUR"
"38","385",1,"TUR"
"129","385",2,"TUR"
"369","385",1,"TUR"
"2","386",4,"TUR"
"3","386",2,"TUR"
"4","386",1,"TUR"
"15","386",1,"TUR"
"22","386",1,"TUR"
"35","386",1,"TUR"
"37","386",1,"TUR"
"52","386",1,"TUR"
"114","386",1,"TUR"
"146","386",1,"TUR"
"202","386",1,"TUR"
"213","386",1,"TUR"
"226","386",1,"TUR"
"244","386",1,"TUR"
"260","386",1,"TUR"
"278","386",1,"TUR"
"1","387",1,"TUR"
"2","387",6,"TUR"
"4","387",2,"TUR"
"5","387",2,"TUR"
"8","387",1,"TUR"
"13","387",2,"TUR"
"49","387",1,"TUR"
"60","387",1,"TUR"
"91","387",1,"TUR"
"93","387",1,"TUR"
"97","387",1,"TUR"
"266","387",1,"TUR"
"299","387",1,"TUR"
"3","388",3,"TUR"
"7","388",4,"TUR"
"12","388",1,"TUR"
"25","388",1,"TUR"
"34","388",1,"TUR"
"64","388",1,"TUR"
"87","388",1,"TUR"
"151","388",1,"TUR"
"211","388",1,"TUR"
"235","388",1,"TUR"
"245","388",1,"TUR"
"266","388",1,"TUR"
"1","389",1,"TUR"
"32","389",1,"TUR"
"47","389",4,"TUR"
"84","389",3,"TUR"
"98","389",1,"TUR"
"188","389",2,"TUR"
"192","389",1,"TUR"
"203","389",2,"TUR"
"286","389",1,"TUR"
"303","389",1,"TUR"
"334","389",1,"TUR"
"335","389",1,"TUR"
"1","390",2,"TUR"
"2","390",1,"TUR"
"3","390",2,"TUR"
"4","390",3,"TUR"
"6","390",1,"TUR"
"9","390",2,"TUR"
"52","390",1,"TUR"
"61","390",1,"TUR"
"65","390",1,"TUR"
"71","390",1,"TUR"
"89","390",1,"TUR"
"124","390",1,"TUR"
"143","390",1,"TUR"
"207","390",1,"TUR"
"245","390",1,"TUR"
"327","390",1,"TUR"
"1","391",2,"TUR"
"4","391",1,"TUR"
"5","391",2,"TUR"
"8","391",1,"TUR"
"9","391",1,"TUR"
"13","391",1,"TUR"
"16","391",2,"TUR"
"31","391",1,"TUR"
"73","391",1,"TUR"
"86","391",1,"TUR"
"113","391",1,"TUR"
"127","391",1,"TUR"
"131","391",1,"TUR"
"150","391",2,"TUR"
"2","392",1,"TUR"
"4","392",2,"TUR"
"8","392",3,"TUR"
"40","392",1,"TUR"
"49","392",1,"TUR"
"51","392",1,"TUR"
"70","392",1,"TUR"
"72","392",1,"TUR"
"91","392",1,"TUR"
"116","392",1,"TUR"
"173","392",1,"TUR"
"175","392",1,"TUR"
"219","392",1,"TUR"
"312","392",1,"TUR"
"314","392",1,"TUR"
"326","392",2,"TUR"
"8","393",2,"TUR"
"9","393",1,"TUR"
"13","393",8,"TUR"
"14","393",1,"TUR"
"37","393",1,"TUR"
"42","393",1,"TUR"
"113","393",1,"TUR"
"240","393",1,"TUR"
"339","393",2,"TUR"
"29","394",5,"TUR"
"63","394",1,"TUR"
"326","394",14,"TUR"
"377","394",1,"TUR"
"1","395",1,"TUR"
"2","395",1,"TUR"
"3","395",3,"TUR"
"5","395",3,"TUR"
"6","395",1,"TUR"
"8","395",3,"TUR"
"51","395",1,"TUR"
"128","395",1,"TUR"
"155","395",1,"TUR"
"281","395",2,"TUR"
"351","395",1,"TUR"
"1","396",1,"TUR"
"2","396",2,"TUR"
"6","396",3,"TUR"
"13","396",2,"TUR"
"45","396",2,"TUR"
"103","396",1,"TUR"
"156","396",1,"TUR"
"163","396",2,"TUR"
"181","396",1,"TUR"
"182","396",1,"TUR"
"222","396",1,"TUR"
"224","396",1,"TUR"
"1","397",1,"TUR"
"20","397",1,"TUR"
"21","397",1,"TUR"
"64","397",1,"TUR"
"118","397",1,"TUR"
"135","397",3,"TUR"
"154","397",1,"TUR"
"163","397",2,"TUR"
"336","397",2,"TUR"
"359","397",2,"TUR"
"1","398",1,"TUR"
"10","398",1,"TUR"
"12","398",1,"TUR"
"259","398",13,"TUR"
"1","399",4,"TUR"
"13","399",1,"TUR"
"25","399",1,"TUR"
"45","399",1,"TUR"
"64","399",1,"TUR"
"85","399",1,"TUR"
"86","399",1,"TUR"
"174","399",1,"TUR"
"195","399",2,"TUR"
"240","399",1,"TUR"
"289","399",1,"TUR"
"1","400",3,"TUR"
"4","400",1,"TUR"
"5","400",1,"TUR"
"7","400",1,"TUR"
"93","400",1,"TUR"
"121","400",1,"TUR"
"129","400",1,"TUR"
"139","400",1,"TUR"
"159","400",1,"TUR"
"202","400",1,"TUR"
"228","400",1,"TUR"
"233","400",1,"TUR"
"289","400",1,"TUR"
"351","400",1,"TUR"
"400","400",1,"TUR"
"1","401",1,"TUR"
"4","401",1,"TUR"
"5","401",1,"TUR"
"6","401",1,"TUR"
"9","401",1,"TUR"
"10","401",2,"TUR"
"27","401",1,"TUR"
"49","401",2,"TUR"
"62","401",1,"TUR"
"64","401",9,"TUR"
"119","401",1,"TUR"
"122","401",1,"TUR"
"292","401",1,"TUR"
"388","401",2,"TUR"
"1","402",2,"TUR"
"2","402",1,"TUR"
"23","402",2,"TUR"
"24","402",1,"TUR"
"27","402",1,"TUR"
"44","402",1,"TUR"
"58","402",1,"TUR"
"68","402",1,"TUR"
"116","402",1,"TUR"
"141","402",1,"TUR"
"192","402",1,"TUR"
"197","402",1,"TUR"
"286","402",3,"TUR"
"344","402",1,"TUR"
"402","402",1,"TUR"
"10","403",1,"TUR"
"18","403",2,"TUR"
"25","403",1,"TUR"
"30","403",1,"TUR"
"35","403",1,"TUR"
"36","403",1,"TUR"
"61","403",1,"TUR"
"86","403",1,"TUR"
"90","403",1,"TUR"
"113","403",1,"TUR"
"169","403",1,"TUR"
"170","403",1,"TUR"
"171","403",1,"TUR"
"270","403",2,"TUR"
"341","403",3,"TUR"
"1","404",1,"TUR"
"3","404",2,"TUR"
"4","404",1,"TUR"
"16","404",1,"TUR"
"22","404",1,"TUR"
"31","404",2,"TUR"
"42","404",1,"TUR"
"50","404",1,"TUR"
"74","404",1,"TUR"
"85","404",1,"TUR"
"139","404",1,"TUR"
"208","404",2,"TUR"
"223","404",1,"TUR"
"302","404",1,"TUR"
"315","404",1,"TUR"
"1","405",1,"TUR"
"3","405",1,"TUR"
"9","405",2,"TUR"
"17","405",1,"TUR"
"25","405",1,"TUR"
"36","405",1,"TUR"
"51","405",1,"TUR"
"63","405",1,"TUR"
"157","405",2,"TUR"
"178","405",1,"TUR"
"369","405",1,"TUR"
"2","406",1,"TUR"
"3","406",1,"TUR"
"6","406",2,"TUR"
"7","406",1,"TUR"
"43","406",2,"TUR"
"65","406",1,"TUR"
"113","406",1,"TUR"
"129","406",1,"TUR"
"190","406",1,"TUR"
"294","406",1,"TUR"
"338","406",1,"TUR"
"351","406",1,"TUR"
"388","406",2,"TUR"
"393","406",1,"TUR"
"1","407",2,"TUR"
"2","407",1,"TUR"
"5","407",1,"TUR"
"9","407",2,"TUR"
"10","407",2,"TUR"
"30","407",1,"TUR"
"36","407",1,"TUR"
"37","407",1,"TUR"
"125","407",1,"TUR"
"188","407",1,"TUR"
"266","407",1,"TUR"
"4","408",1,"TUR"
"14","408",1,"TUR"
"19","408",1,"TUR"
"34","408",1,"TUR"
"74","408",1,"TUR"
"77","408",1,"TUR"
"112","408",1,"TUR"
"120","408",1,"TUR"
"131","408",1,"TUR"
"234","408",1,"TUR"
"4","409",2,"TUR"
"6","409",1,"TUR"
"10","409",1,"TUR"
"11","409",1,"TUR"
"15","409",1,"TUR"
"24","409",1,"TUR"
"27","409",2,"TUR"
"40","409",1,"TUR"
"45","409",1,"TUR"
"56","409",1,"TUR"
"61","409",1,"TUR"
"81","409",1,"TUR"
"136","409",1,"TUR"
"170","409",1,"TUR"
"193","409",1,"TUR"
"223","409",1,"TUR"
"231","409",1,"TUR"
"353","409",1,"TUR"
"1","410",1,"TUR"
"3","410",1,"TUR"
"54","410",1,"TUR"
"82","410",2,"TUR"
"149","410",2,"TUR"
"189","410",1,"TUR"
"233","410",4,"TUR"
"319","410",1,"TUR"
"410","410",1,"TUR"
"1","411",6,"TUR"
"5","411",1,"TUR"
"6","411",1,"TUR"
"7","411",1,"TUR"
"11","411",1,"TUR"
"55","411",1,"TUR"
"68","411",1,"TUR"
"69","411",3,"TUR"
"70","411",2,"TUR"
"73","411",1,"TUR"
"75","411",1,"TUR"
"93","411",1,"TUR"
"150","411",1,"TUR"
"172","411",1,"TUR"
"214","411",1,"TUR"
"262","411",2,"TUR"
"1","412",2,"TUR"
"2","412",2,"TUR"
"3","412",1,"TUR"
"4","412",1,"TUR"
"11","412",2,"TUR"
"31","412",1,"TUR"
"57","412",1,"TUR"
"71","412",1,"TUR"
"81","412",1,"TUR"
"88","412",1,"TUR"
"90","412",1,"TUR"
"102","412",1,"TUR"
"154","412",1,"TUR"
"196","412",1,"TUR"
"202","412",1,"TUR"
"320","412",1,"TUR"
"373","412",1,"TUR"
"399","412",1,"TUR"
"400","412",1,"TUR"
"1","413",1,"TUR"
"2","413",1,"TUR"
"5","413",1,"TUR"
"69","413",1,"TUR"
"71","413",1,"TUR"
"118","413",1,"TUR"
"192","413",1,"TUR"
"195","413",1,"TUR"
"267","413",1,"TUR"
"297","413",2,"TUR"
"319","413",1,"TUR"
"323","413",1,"TUR"
"326","413",1,"TUR"
"328","413",1,"TUR"
"344","413",1,"TUR"
"349","413",1,"TUR"
"1","414",2,"TUR"
"2","414",2,"TUR"
"3","414",1,"TUR"
"4","414",2,"TUR"
"5","414",2,"TUR"
"7","414",1,"TUR"
"19","414",1,"TUR"
"61","414",1,"TUR"
"64","414",1,"TUR"
"81","414",1,"TUR"
"93","414",1,"TUR"
"126","414",1,"TUR"
"136","414",1,"TUR"
"143","414",1,"TUR"
"195","414",1,"TUR"
"271","414",1,"TUR"
"279","414",1,"TUR"
"301","414",1,"TUR"
"313","414",3,"TUR"
"366","414",1,"TUR"
"392","414",1,"TUR"
"1","415",1,"TUR"
"2","415",1,"TUR"
"4","415",1,"TUR"
"5","415",1,"TUR"
"12","415",1,"TUR"
"54","415",8,"TUR"
"76","415",2,"TUR"
"82","415",1,"TUR"
"102","415",1,"TUR"
"174","415",3,"TUR"
"236","415",1,"TUR"
"257","415",1,"TUR"
"294","415",1,"TUR"
"300","415",1,"TUR"
"409","415",1,"TUR"
"1","416",1,"TUR"
"4","416",11,"TUR"
"5","416",1,"TUR"
"15","416",1,"TUR"
"19","416",3,"TUR"
"20","416",1,"TUR"
"26","416",1,"TUR"
"57","416",1,"TUR"
"80","416",1,"TUR"
"86","416",1,"TUR"
"161","416",1,"TUR"
"230","416",1,"TUR"
"344","416",1,"TUR"
"347","416",1,"TUR"
"1","417",2,"TUR"
"14","417",1,"TUR"
"23","417",2,"TUR"
"44","417",1,"TUR"
"67","417",1,"TUR"
"76","417",1,"TUR"
"78","417",1,"TUR"
"129","417",1,"TUR"
"186","417",1,"TUR"
"307","417",1,"TUR"
"1","418",2,"TUR"
"4","418",4,"TUR"
"19","418",4,"TUR"
"22","418",1,"TUR"
"23","418",1,"TUR"
"36","418",2,"TUR"
"53","418",1,"TUR"
"153","418",1,"TUR"
"300","418",1,"TUR"
"358","418",1,"TUR"
"2","419",9,"TUR"
"18","419",1,"TUR"
"31","419",1,"TUR"
"40","419",1,"TUR"
"42","419",1,"TUR"
"62","419",2,"TUR"
"71","419",1,"TUR"
"143","419",1,"TUR"
"242","419",9,"TUR"
"396","419",1,"TUR"
"7","420",1,"TUR"
"8","420",1,"TUR"
"11","420",5,"TUR"
"39","420",1,"TUR"
"65","420",1,"TUR"
"67","420",3,"TUR"
"76","420",1,"TUR"
"80","420",1,"TUR"
"94","420",1,"TUR"
"97","420",1,"TUR"
"126","420",1,"TUR"
"131","420",5,"TUR"
"144","420",1,"TUR"
"216","420",1,"TUR"
"273","420",1,"TUR"
"2","421",1,"TUR"
"26","421",1,"TUR"
"37","421",6,"TUR"
"41","421",1,"TUR"
"49","421",1,"TUR"
"191","421",1,"TUR"
"195","421",1,"TUR"
"380","421",1,"TUR"
"2","422",4,"TUR"
"12","422",1,"TUR"
"20","422",1,"TUR"
"46","422",8,"TUR"
"73","422",1,"TUR"
"91","422",1,"TUR"
"96","422",1,"TUR"
"103","422",2,"TUR"
"143","422",1,"TUR"
"208","422",1,"TUR"
"3","423",1,"TUR"
"9","423",1,"TUR"
"14","423",1,"TUR"
"33","423",1,"TUR"
"41","423",1,"TUR"
"138","423",1,"TUR"
"169","423",1,"TUR"
"234","423",1,"TUR"
"3","424",3,"TUR"
"4","424",1,"TUR"
"11","424",1,"TUR"
"12","424",1,"TUR"
"18","424",1,"TUR"
"50","424",1,"TUR"
"74","424",3,"TUR"
"75","424",1,"TUR"
"79","424",2,"TUR"
"150","424",1,"TUR"
"172","424",1,"TUR"
"186","424",1,"TUR"
"375","424",1,"TUR"
"403","424",1,"TUR"
"2","425",9,"TUR"
"3","425",3,"TUR"
"4","425",1,"TUR"
"6","425",1,"TUR"
"9","425",1,"TUR"
"13","425",1,"TUR"
"16","425",1,"TUR"
"34","425",1,"TUR"
"45","425",1,"TUR"
"105","425",2,"TUR"
"161","425",2,"TUR"
"229","425",1,"TUR"
"275","425",1,"TUR"
"425","425",1,"TUR"
"27","426",1,"TUR"
"360","426",16,"TUR"
"2","427",1,"TUR"
"39","427",3,"TUR"
"75","427",2,"TUR"
"95","427",1,"TUR"
"197","427",13,"TUR"
"344","427",4,"TUR"
"402","427",4,"TUR"
"1","428",3,"TUR"
"7","428",1,"TUR"
"17","428",1,"TUR"
"32","428",4,"TUR"
"95","428",1,"TUR"
"141","428",1,"TUR"
"179","428",1,"TUR"
"222","428",2,"TUR"
"246","428",1,"TUR"
"316","428",4,"TUR"
"397","428",1,"TUR"
"410","428",2,"TUR"
"1","429",2,"TUR"
"2","429",1,"TUR"
"6","429",1,"TUR"
"13","429",1,"TUR"
"18","429",3,"TUR"
"25","429",1,"TUR"
"35","429",1,"TUR"
"81","429",1,"TUR"
"86","429",1,"TUR"
"111","429",1,"TUR"
"114","429",1,"TUR"
"134","429",3,"TUR"
"160","429",1,"TUR"
"227","429",1,"TUR"
"385","429",1,"TUR"
"1","430",4,"TUR"
"2","430",2,"TUR"
"4","430",1,"TUR"
"7","430",1,"TUR"
"30","430",1,"TUR"
"32","430",1,"TUR"
"44","430",1,"TUR"
"110","430",1,"TUR"
"111","430",3,"TUR"
"134","430",1,"TUR"
"159","430",1,"TUR"
"197","430",1,"TUR"
"240","430",1,"TUR"
"309","430",1,"TUR"
"1","431",2,"TUR"
"2","431",1,"TUR"
"7","431",2,"TUR"
"8","431",1,"TUR"
"15","431",2,"TUR"
"25","431",1,"TUR"
"54","431",1,"TUR"
"64","431",2,"TUR"
"76","431",2,"TUR"
"107","431",2,"TUR"
"113","431",1,"TUR"
"176","431",1,"TUR"
"297","431",1,"TUR"
"314","431",1,"TUR"
"337","431",1,"TUR"
"1","432",2,"TUR"
"6","432",1,"TUR"
"16","432",3,"TUR"
"18","432",1,"TUR"
"24","432",1,"TUR"
"57","432",1,"TUR"
"95","432",1,"TUR"
"176","432",1,"TUR"
"211","432",1,"TUR"
"350","432",1,"TUR"
"432","432",4,"TUR"
"2","433",2,"TUR"
"3","433",1,"TUR"
"11","433",1,"TUR"
"14","433",4,"TUR"
"19","433",3,"TUR"
"120","433",1,"TUR"
"126","433",1,"TUR"
"166","433",1,"TUR"
"274","433",2,"TUR"
"303","433",1,"TUR"
"385","433",1,"TUR"
"2","434",1,"TUR"
"3","434",1,"TUR"
"10","434",1,"TUR"
"12","434",2,"TUR"
"29","434",1,"TUR"
"37","434",1,"TUR"
"73","434",5,"TUR"
"163","434",1,"TUR"
"181","434",1,"TUR"
"194","434",1,"TUR"
"318","434",1,"TUR"
"322","434",1,"TUR"
"329","434",1,"TUR"
"1","435",1,"TUR"
"2","435",3,"TUR"
"4","435",2,"TUR"
"27","435",1,"TUR"
"119","435",1,"TUR"
"135","435",2,"TUR"
"173","435",1,"TUR"
"398","435",1,"TUR"
"410","435",1,"TUR"
"422","435",1,"TUR"
"1","436",1,"TUR"
"8","436",18,"TUR"
"65","436",1,"TUR"
"116","436",1,"TUR"
"118","436",1,"TUR"
"145","436",1,"TUR"
"150","436",1,"TUR"
"159","436",1,"TUR"
"180","436",1,"TUR"
"311","436",1,"TUR"
"319","436",2,"TUR"
"1","437",1,"TUR"
"2","437",1,"TUR"
"4","437",1,"TUR"
"58","437",1,"TUR"
"126","437",1,"TUR"
"132","437",1,"TUR"
"183","437",1,"TUR"
"415","437",1,"TUR"
"419","437",1,"TUR"
"1","438",2,"TUR"
"2","438",2,"TUR"
"3","438",1,"TUR"
"6","438",1,"TUR"
"54","438",3,"TUR"
"69","438",1,"TUR"
"76","438",1,"TUR"
"77","438",1,"TUR"
"107","438",1,"TUR"
"147","438",1,"TUR"
"185","438",1,"TUR"
"187","438",1,"TUR"
"233","438",1,"TUR"
"314","438",1,"TUR"
"348","438",1,"TUR"
"428","438",1,"TUR"
"1","439",1,"TUR"
"2","439",4,"TUR"
"3","439",7,"TUR"
"5","439",1,"TUR"
"18","439",1,"TUR"
"56","439",3,"TUR"
"65","439",1,"TUR"
"66","439",1,"TUR"
"120","439",1,"TUR"
"131","439",1,"TUR"
"157","439",1,"TUR"
"212","439",1,"TUR"
"1","440",3,"TUR"
"5","440",1,"TUR"
"11","440",1,"TUR"
"129","440",1,"TUR"
"172","440",1,"TUR"
"207","440",1,"TUR"
"259","440",1,"TUR"
"2","441",1,"TUR"
"4","441",1,"TUR"
"5","441",1,"TUR"
"8","441",1,"TUR"
"9","441",2,"TUR"
"10","441",1,"TUR"
"18","441",1,"TUR"
"31","441",1,"TUR"
"68","441",1,"TUR"
"87","441",1,"TUR"
"98","441",2,"TUR"
"179","441",1,"TUR"
"203","441",2,"TUR"
"439","441",1,"TUR"
"1","442",1,"TUR"
"2","442",2,"TUR"
"3","442",1,"TUR"
"6","442",1,"TUR"
"13","442",1,"TUR"
"31","442",1,"TUR"
"46","442",1,"TUR"
"47","442",1,"TUR"
"53","442",1,"TUR"
"88","442",1,"TUR"
"122","442",1,"TUR"
"147","442",1,"TUR"
"289","442",1,"TUR"
"335","442",1,"TUR"
"4","443",1,"TUR"
"6","443",1,"TUR"
"7","443",1,"TUR"
"38","443",2,"TUR"
"40","443",1,"TUR"
"75","443",1,"TUR"
"92","443",2,"TUR"
"102","443",1,"TUR"
"194","443",1,"TUR"
"220","443",1,"TUR"
"226","443",1,"TUR"
"291","443",1,"TUR"
"303","443",1,"TUR"
"306","443",1,"TUR"
"5","444",1,"TUR"
"6","444",1,"TUR"
"11","444",1,"TUR"
"34","444",1,"TUR"
"53","444",1,"TUR"
"59","444",1,"TUR"
"73","444",1,"TUR"
"91","444",1,"TUR"
"115","444",1,"TUR"
"130","444",2,"TUR"
"170","444",1,"TUR"
"238","444",1,"TUR"
"250","444",1,"TUR"
"255","444",1,"TUR"
"285","444",1,"TUR"
"419","444",1,"TUR"
"43","445",2,"TUR"
"45","445",3,"TUR"
"79","445",1,"TUR"
"82","445",1,"TUR"
"100","445",1,"TUR"
"106","445",5,"TUR"
"136","445",2,"TUR"
"146","445",3,"TUR"
"182","445",8,"TUR"
"1","446",5,"TUR"
"2","446",1,"TUR"
"4","446",1,"TUR"
"6","446",2,"TUR"
"14","446",1,"TUR"
"128","446",1,"TUR"
"208","446",5,"TUR"
"316","446",1,"TUR"
"1","447",1,"TUR"
"2","447",1,"TUR"
"12","447",2,"TUR"
"30","447",1,"TUR"
"36","447",2,"TUR"
"42","447",1,"TUR"
"67","447",1,"TUR"
"74","447",1,"TUR"
"96","447",1,"TUR"
"115","447",1,"TUR"
"156","447",1,"TUR"
"167","447",1,"TUR"
"1","448",4,"TUR"
"2","448",1,"TUR"
"7","448",2,"TUR"
"25","448",1,"TUR"
"41","448",2,"TUR"
"71","448",1,"TUR"
"105","448",1,"TUR"
"106","448",1,"TUR"
"158","448",1,"TUR"
"169","448",1,"TUR"
"212","448",1,"TUR"
"366","448",1,"TUR"
"1","449",3,"TUR"
"4","449",1,"TUR"
"26","449",1,"TUR"
"101","449",1,"TUR"
"106","449",1,"TUR"
"237","449",3,"TUR"
"300","449",1,"TUR"
"440","449",1,"TUR"
"1","450",2,"TUR"
"4","450",1,"TUR"
"13","450",1,"TUR"
"69","450",1,"TUR"
"75","450",1,"TUR"
"97","450",9,"TUR"
"106","450",1,"TUR"
"153","450",1,"TUR"
"221","450",1,"TUR"
"248","450",1,"TUR"
"265","450",1,"TUR"
"388","450",1,"TUR"
"440","450",1,"TUR"
"2","451",1,"TUR"
"6","451",1,"TUR"
"11","451",1,"TUR"
"17","451",1,"TUR"
"32","451",1,"TUR"
"37","451",3,"TUR"
"66","451",2,"TUR"
"67","451",1,"TUR"
"89","451",1,"TUR"
"138","451",1,"TUR"
"180","451",1,"TUR"
"201","451",1,"TUR"
"224","451",1,"TUR"
"256","451",1,"TUR"
"392","451",1,"TUR"
"397","451",1,"TUR"
"415","451",1,"TUR"
"2","452",1,"TUR"
"4","452",2,"TUR"
"5","452",1,"TUR"
"6","452",1,"TUR"
"9","452",7,"TUR"
"49","452",2,"TUR"
"73","452",1,"TUR"
"84","452",2,"TUR"
"132","452",1,"TUR"
"142","452",1,"TUR"
"228","452",1,"TUR"
"4","453",1,"TUR"
"12","453",1,"TUR"
"14","453",2,"TUR"
"110","453",1,"TUR"
"244","453",2,"TUR"
"267","453",1,"TUR"
"313","453",1,"TUR"
"377","453",1,"TUR"
"1","454",1,"TUR"
"2","454",1,"TUR"
"5","454",2,"TUR"
"15","454",1,"TUR"
"22","454",1,"TUR"
"38","454",1,"TUR"
"138","454",1,"TUR"
"292","454",1,"TUR"
"310","454",1,"TUR"
"411","454",2,"TUR"
"2","455",1,"TUR"
"4","455",3,"TUR"
"5","455",3,"TUR"
"6","455",1,"TUR"
"27","455",1,"TUR"
"44","455",3,"TUR"
"81","455",1,"TUR"
"87","455",1,"TUR"
"99","455",1,"TUR"
"109","455",2,"TUR"
"134","455",1,"TUR"
"136","455",1,"TUR"
"158","455",1,"TUR"
"197","455",1,"TUR"
"258","455",1,"TUR"
"298","455",1,"TUR"
"355","455",1,"TUR"
"5","456",1,"TUR"
"20","456",2,"TUR"
"21","456",1,"TUR"
"57","456",1,"TUR"
"82","456",1,"TUR"
"114","456",1,"TUR"
"158","456",1,"TUR"
"217","456",4,"TUR"
"246","456",1,"TUR"
"363","456",1,"TUR"
"383","456",1,"TUR"
"393","456",1,"TUR"
"413","456",1,"TUR"
"1","457",1,"TUR"
"3","457",2,"TUR"
"5","457",1,"TUR"
"6","457",1,"TUR"
"33","457",1,"TUR"
"34","457",1,"TUR"
"239","457",1,"TUR"
"381","457",1,"TUR"
"1","458",1,"TUR"
"29","458",1,"TUR"
"49","458",1,"TUR"
"101","458",1,"TUR"
"138","458",1,"TUR"
"221","458",1,"TUR"
"246","458",1,"TUR"
"318","458",3,"TUR"
"370","458",1,"TUR"
"1","459",1,"TUR"
"2","459",1,"TUR"
"6","459",1,"TUR"
"7","459",4,"TUR"
"11","459",3,"TUR"
"35","459",1,"TUR"
"67","459",2,"TUR"
"75","459",1,"TUR"
"80","459",1,"TUR"
"129","459",1,"TUR"
"144","459",1,"TUR"
"160","459",1,"TUR"
"194","459",1,"TUR"
"342","459",1,"TUR"
"345","459",1,"TUR"
"347","459",1,"TUR"
"2","460",1,"TUR"
"5","460",1,"TUR"
"6","460",1,"TUR"
"27","460",1,"TUR"
"33","460",1,"TUR"
"49","460",2,"TUR"
"51","460",1,"TUR"
"55","460",1,"TUR"
"134","460",1,"TUR"
"208","460",1,"TUR"
"255","460",1,"TUR"
"261","460",1,"TUR"
"279","460",1,"TUR"
"282","460",1,"TUR"
"353","460",1,"TUR"
"366","460",1,"TUR"
"1","461",1,"TUR"
"2","461",20,"TUR"
"5","461",1,"TUR"
"6","461",1,"TUR"
"12","461",1,"TUR"
"18","461",1,"TUR"
"57","461",1,"TUR"
"60","461",1,"TUR"
"113","461",1,"TUR"
"225","461",1,"TUR"
"279","461",1,"TUR"
"2","462",2,"TUR"
"3","462",1,"TUR"
"24","462",1,"TUR"
"82","462",4,"TUR"
"129","462",1,"TUR"
"132","462",1,"TUR"
"346","462",12,"TUR"
"1","463",1,"TUR"
"2","463",6,"TUR"
"4","463",1,"TUR"
"6","463",1,"TUR"
"9","463",3,"TUR"
"12","463",1,"TUR"
"14","463",2,"TUR"
"51","463",1,"TUR"
"68","463",1,"TUR"
"91","463",1,"TUR"
"266","463",1,"TUR"
"296","463",1,"TUR"
"318","463",1,"TUR"
"366","463",1,"TUR"
"10","464",1,"TUR"
"15","464",1,"TUR"
"57","464",1,"TUR"
"69","464",2,"TUR"
"79","464",4,"TUR"
"172","464",1,"TUR"
"179","464",1,"TUR"
"224","464",1,"TUR"
"1","465",1,"TUR"
"4","465",1,"TUR"
"20","465",1,"TUR"
"23","465",4,"TUR"
"40","465",1,"TUR"
"44","465",1,"TUR"
"53","465",1,"TUR"
"96","465",1,"TUR"
"99","465",1,"TUR"
"144","465",1,"TUR"
"189","465",1,"TUR"
"237","465",6,"TUR"
"340","465",1,"TUR"
"347","465",1,"TUR"
"368","465",1,"TUR"
"12","466",1,"TUR"
"15","466",1,"TUR"
"30","466",2,"TUR"
"33","466",3,"TUR"
"109","466",7,"TUR"
"151","466",1,"TUR"
"158","466",1,"TUR"
"204","466",1,"TUR"
"251","466",1,"TUR"
"258","466",3,"TUR"
"260","466",1,"TUR"
"384","466",3,"TUR"
"443","466",1,"TUR"
"1","467",5,"TUR"
"3","467",1,"TUR"
"7","467",1,"TUR"
"72","467",1,"TUR"
"83","467",1,"TUR"
"104","467",1,"TUR"
"197","467",1,"TUR"
"209","467",1,"TUR"
"233","467",1,"TUR"
"262","467",1,"TUR"
"402","467",1,"TUR"
"1","468",1,"TUR"
"8","468",1,"TUR"
"44","468",1,"TUR"
"54","468",1,"TUR"
"67","468",1,"TUR"
"149","468",3,"TUR"
"263","468",1,"TUR"
"293","468",1,"TUR"
"333","468",1,"TUR"
"428","468",1,"TUR"
"1","469",1,"TUR"
"2","469",1,"TUR"
"4","469",1,"TUR"
"5","469",1,"TUR"
"8","469",2,"TUR"
"9","469",1,"TUR"
"57","469",1,"TUR"
"64","469",1,"TUR"
"100","469",1,"TUR"
"119","469",1,"TUR"
"141","469",1,"TUR"
"256","469",1,"TUR"
"305","469",1,"TUR"
"316","469",1,"TUR"
"353","469",1,"TUR"
"396","469",1,"TUR"
"397","469",2,"TUR"
"409","469",1,"TUR"
"2","470",1,"TUR"
"5","470",1,"TUR"
"6","470",6,"TUR"
"20","470",1,"TUR"
"94","470",1,"TUR"
"99","470",1,"TUR"
"107","470",1,"TUR"
"140","470",1,"TUR"
"187","470",3,"TUR"
"206","470",1,"TUR"
"212","470",1,"TUR"
"337","470",1,"TUR"
"403","470",1,"TUR"
"446","470",1,"TUR"
"453","470",1,"TUR"
"1","471",1,"TUR"
"4","471",1,"TUR"
"5","471",1,"TUR"
"10","471",1,"TUR"
"12","471",1,"TUR"
"31","471",1,"TUR"
"97","471",1,"TUR"
"98","471",1,"TUR"
"137","471",1,"TUR"
"174","471",1,"TUR"
"235","471",1,"TUR"
"321","471",6,"TUR"
"322","471",1,"TUR"
"388","471",1,"TUR"
"1","472",1,"TUR"
"2","472",1,"TUR"
"3","472",1,"TUR"
"6","472",1,"TUR"
"16","472",1,"TUR"
"23","472",1,"TUR"
"34","472",1,"TUR"
"51","472",1,"TUR"
"74","472",1,"TUR"
"76","472",1,"TUR"
"218","472",12,"TUR"
"286","472",1,"TUR"
"342","472",1,"TUR"
"6","473",1,"TUR"
"7","473",1,"TUR"
"41","473",1,"TUR"
"65","473",1,"TUR"
"102","473",1,"TUR"
"113","473",4,"TUR"
"333","473",1,"TUR"
"363","473",4,"TUR"
"424","473",3,"TUR"
"460","473",1,"TUR"
"1","474",1,"TUR"
"2","474",1,"TUR"
"3","474",1,"TUR"
"4","474",1,"TUR"
"5","474",2,"TUR"
"9","474",1,"TUR"
"10","474",2,"TUR"
"16","474",1,"TUR"
"27","474",1,"TUR"
"28","474",1,"TUR"
"32","474",2,"TUR"
"55","474",1,"TUR"
"58","474",2,"TUR"
"68","474",1,"TUR"
"77","474",2,"TUR"
"121","474",1,"TUR"
"179","474",1,"TUR"
"289","474",1,"TUR"
"290","474",1,"TUR"
"1","475",2,"TUR"
"2","475",1,"TUR"
"4","475",1,"TUR"
"5","475",1,"TUR"
"21","475",1,"TUR"
"27","475",3,"TUR"
"30","475",1,"TUR"
"35","475",1,"TUR"
"38","475",1,"TUR"
"59","475",1,"TUR"
"81","475",1,"TUR"
"87","475",1,"TUR"
"97","475",1,"TUR"
"109","475",1,"TUR"
"115","475",1,"TUR"
"116","475",1,"TUR"
"185","475",1,"TUR"
"333","475",1,"TUR"
"403","475",2,"TUR"
"3","476",1,"TUR"
"18","476",2,"TUR"
"20","476",1,"TUR"
"35","476",1,"TUR"
"39","476",1,"TUR"
"47","476",1,"TUR"
"57","476",1,"TUR"
"68","476",1,"TUR"
"100","476",1,"TUR"
"117","476",2,"TUR"
"219","476",1,"TUR"
"285","476",1,"TUR"
"352","476",1,"TUR"
"365","476",1,"TUR"
"425","476",1,"TUR"
"466","476",1,"TUR"
"2","477",3,"TUR"
"3","477",6,"TUR"
"4","477",1,"TUR"
"16","477",3,"TUR"
"34","477",1,"TUR"
"50","477",1,"TUR"
"105","477",1,"TUR"
"106","477",1,"TUR"
"120","477",2,"TUR"
"211","477",1,"TUR"
"246","477",1,"TUR"
"256","477",1,"TUR"
"271","477",1,"TUR"
"290","477",1,"TUR"
"292","477",1,"TUR"
"408","477",1,"TUR"
"412","477",1,"TUR"
"1","478",3,"TUR"
"2","478",1,"TUR"
"7","478",1,"TUR"
"24","478",1,"TUR"
"77","478",1,"TUR"
"90","478",1,"TUR"
"120","478",1,"TUR"
"167","478",1,"TUR"
"220","478",1,"TUR"
"243","478",1,"TUR"
"257","478",1,"TUR"
"328","478",1,"TUR"
"333","478",1,"TUR"
"436","478",1,"TUR"
"1","479",1,"TUR"
"2","479",1,"TUR"
"7","479",2,"TUR"
"56","479",1,"TUR"
"84","479",1,"TUR"
"139","479",3,"TUR"
"150","479",1,"TUR"
"374","479",1,"TUR"
"411","479",1,"TUR"
"439","479",1,"TUR"
"457","479",1,"TUR"
"1","480",1,"TUR"
"2","480",1,"TUR"
"65","480",1,"TUR"
"222","480",10,"TUR"
"259","480",1,"TUR"
"299","480",1,"TUR"
"304","480",1,"TUR"
"471","480",1,"TUR"
"4","481",4,"TUR"
"5","481",3,"TUR"
"10","481",1,"TUR"
"46","481",2,"TUR"
"71","481",1,"TUR"
"97","481",9,"TUR"
"163","481",1,"TUR"
"167","481",1,"TUR"
"207","481",1,"TUR"
"372","481",1,"TUR"
"464","481",1,"TUR"
"1","482",1,"TUR"
"69","482",1,"TUR"
"104","482",12,"TUR"
"191","482",2,"TUR"
"199","482",1,"TUR"
"221","482",1,"TUR"
"262","482",3,"TUR"
"315","482",1,"TUR"
"1","483",3,"TUR"
"7","483",1,"TUR"
"12","483",2,"TUR"
"33","483",1,"TUR"
"44","483",1,"TUR"
"75","483",1,"TUR"
"95","483",1,"TUR"
"100","483",1,"TUR"
"129","483",1,"TUR"
"139","483",1,"TUR"
"180","483",1,"TUR"
"221","483",1,"TUR"
"302","483",1,"TUR"
"324","483",4,"TUR"
"427","483",1,"TUR"
"1","484",4,"TUR"
"3","484",1,"TUR"
"12","484",1,"TUR"
"17","484",1,"TUR"
"19","484",1,"TUR"
"34","484",1,"TUR"
"103","484",1,"TUR"
"133","484",1,"TUR"
"195","484",1,"TUR"
"276","484",1,"TUR"
"286","484",1,"TUR"
"315","484",1,"TUR"
"366","484",1,"TUR"
"1","485",5,"TUR"
"18","485",1,"TUR"
"29","485",1,"TUR"
"52","485",1,"TUR"
"268","485",1,"TUR"
"274","485",1,"TUR"
"318","485",1,"TUR"
"370","485",1,"TUR"
"396","485",1,"TUR"
"1","486",1,"TUR"
"2","486",5,"TUR"
"4","486",1,"TUR"
"5","486",1,"TUR"
"17","486",1,"TUR"
"44","486",1,"TUR"
"51","486",1,"TUR"
"124","486",1,"TUR"
"223","486",1,"TUR"
"242","486",1,"TUR"
"363","486",1,"TUR"
"435","486",1,"TUR"
"439","486",1,"TUR"
"468","486",1,"TUR"
"1","487",1,"TUR"
"2","487",2,"TUR"
"4","487",1,"TUR"
"8","487",1,"TUR"
"27","487",1,"TUR"
"30","487",1,"TUR"
"33","487",3,"TUR"
"40","487",2,"TUR"
"73","487",1,"TUR"
"81","487",1,"TUR"
"103","487",1,"TUR"
"126","487",2,"TUR"
"136","487",1,"TUR"
"170","487",1,"TUR"
"251","487",1,"TUR"
"257","487",1,"TUR"
"475","487",1,"TUR"
"1","488",1,"TUR"
"2","488",1,"TUR"
"5","488",1,"TUR"
"6","488",1,"TUR"
"9","488",1,"TUR"
"63","488",1,"TUR"
"65","488",1,"TUR"
"165","488",1,"TUR"
"211","488",1,"TUR"
"302","488",1,"TUR"
"363","488",1,"TUR"
"1","489",2,"TUR"
"4","489",1,"TUR"
"25","489",1,"TUR"
"27","489",1,"TUR"
"28","489",1,"TUR"
"40","489",1,"TUR"
"48","489",1,"TUR"
"76","489",3,"TUR"
"108","489",1,"TUR"
"129","489",1,"TUR"
"247","489",3,"TUR"
"257","489",1,"TUR"
"314","489",1,"TUR"
"407","489",1,"TUR"
"1","490",2,"TUR"
"2","490",3,"TUR"
"5","490",1,"TUR"
"11","490",1,"TUR"
"15","490",1,"TUR"
"76","490",1,"TUR"
"96","490",1,"TUR"
"220","490",1,"TUR"
"225","490",1,"TUR"
"231","490",1,"TUR"
"323","490",1,"TUR"
"382","490",1,"TUR"
"1","491",1,"TUR"
"18","491",1,"TUR"
"20","491",1,"TUR"
"40","491",1,"TUR"
"109","491",2,"TUR"
"113","491",1,"TUR"
"115","491",1,"TUR"
"143","491",1,"TUR"
"158","491",2,"TUR"
"166","491",1,"TUR"
"204","491",1,"TUR"
"219","491",3,"TUR"
"258","491",2,"TUR"
"260","491",1,"TUR"
"352","491",1,"TUR"
"440","491",1,"TUR"
"444","491",2,"TUR"
"449","491",1,"TUR"
"1","492",1,"TUR"
"4","492",2,"TUR"
"5","492",1,"TUR"
"8","492",1,"TUR"
"13","492",1,"TUR"
"17","492",1,"TUR"
"37","492",2,"TUR"
"45","492",1,"TUR"
"76","492",1,"TUR"
"107","492",2,"TUR"
"149","492",2,"TUR"
"161","492",1,"TUR"
"190","492",1,"TUR"
"233","492",1,"TUR"
"255","492",2,"TUR"
"337","492",1,"TUR"
"373","492",1,"TUR"
"1","493",2,"TUR"
"2","493",1,"TUR"
"19","493",2,"TUR"
"26","493",1,"TUR"
"36","493",4,"TUR"
"39","493",3,"TUR"
"44","493",1,"TUR"
"65","493",1,"TUR"
"92","493",1,"TUR"
"96","493",1,"TUR"
"98","493",1,"TUR"
"100","493",1,"TUR"
"101","493",1,"TUR"
"103","493",1,"TUR"
"113","493",1,"TUR"
"184","493",1,"TUR"
"231","493",3,"TUR"
"290","493",1,"TUR"
"305","493",2,"TUR"
"439","493",1,"TUR"
"1","494",2,"TUR"
"2","494",2,"TUR"
"4","494",1,"TUR"
"6","494",1,"TUR"
"13","494",1,"TUR"
"22","494",1,"TUR"
"27","494",1,"TUR"
"55","494",1,"TUR"
"98","494",1,"TUR"
"157","494",1,"TUR"
"277","494",1,"TUR"
"281","494",1,"TUR"
"398","494",1,"TUR"
"1","495",6,"TUR"
"3","495",1,"TUR"
"4","495",1,"TUR"
"25","495",1,"TUR"
"28","495",1,"TUR"
"59","495",1,"TUR"
"85","495",1,"TUR"
"90","495",1,"TUR"
"101","495",1,"TUR"
"429","495",1,"TUR"
"1","496",1,"TUR"
"3","496",1,"TUR"
"4","496",1,"TUR"
"8","496",1,"TUR"
"9","496",1,"TUR"
"15","496",1,"TUR"
"41","496",2,"TUR"
"42","496",1,"TUR"
"90","496",1,"TUR"
"93","496",1,"TUR"
"97","496",1,"TUR"
"102","496",1,"TUR"
"119","496",1,"TUR"
"220","496",1,"TUR"
"450","496",1,"TUR"
"461","496",1,"TUR"
"495","496",1,"TUR"
"1","497",1,"TUR"
"2","497",1,"TUR"
"3","497",1,"TUR"
"4","497",2,"TUR"
"39","497",1,"TUR"
"50","497",1,"TUR"
"56","497",1,"TUR"
"73","497",1,"TUR"
"244","497",1,"TUR"
"287","497",1,"TUR"
"347","497",1,"TUR"
"1","498",1,"TUR"
"30","498",1,"TUR"
"33","498",1,"TUR"
"37","498",1,"TUR"
"40","498",1,"TUR"
"130","498",1,"TUR"
"204","498",1,"TUR"
"218","498",1,"TUR"
"254","498",1,"TUR"
"298","498",1,"TUR"
"428","498",1,"TUR"
"1","499",3,"TUR"
"5","499",1,"TUR"
"10","499",1,"TUR"
"11","499",1,"TUR"
"20","499",1,"TUR"
"50","499",1,"TUR"
"151","499",1,"TUR"
"249","499",1,"TUR"
"1","500",1,"TUR"
"5","500",1,"TUR"
"6","500",1,"TUR"
"10","500",2,"TUR"
"15","500",1,"TUR"
"18","500",1,"TUR"
"20","500",1,"TUR"
"31","500",1,"TUR"
"50","500",1,"TUR"
"83","500",1,"TUR"
"88","500",1,"TUR"
"90","500",1,"TUR"
"116","500",1,"TUR"
"423","500",1,"TUR"
"425","500",1,"TUR"
"2","501",1,"TUR"
"10","501",1,"TUR"
"13","501",1,"TUR"
"95","501",1,"TUR"
"115","501",1,"TUR"
"129","501",1,"TUR"
"272","501",2,"TUR"
"278","501",1,"TUR"
"289","501",2,"TUR"
"384","501",1,"TUR"
"395","501",1,"TUR"
"449","501",4,"TUR"
"463","501",1,"TUR"
"1","502",2,"TUR"
"2","502",2,"TUR"
"10","502",1,"TUR"
"13","502",3,"TUR"
"18","502",1,"TUR"
"22","502",1,"TUR"
"30","502",1,"TUR"
"51","502",1,"TUR"
"53","502",1,"TUR"
"143","502",1,"TUR"
"220","502",1,"TUR"
"250","502",1,"TUR"
"251","502",1,"TUR"
"367","502",1,"TUR"
"48","503",5,"TUR"
"53","503",2,"TUR"
"61","503",1,"TUR"
"193","503",2,"TUR"
"217","503",2,"TUR"
"3","504",17,"TUR"
"13","504",3,"TUR"
"35","504",2,"TUR"
"39","504",1,"TUR"
"41","504",1,"TUR"
"43","504",1,"TUR"
"120","504",1,"TUR"
"139","504",2,"TUR"
"490","504",1,"TUR"
"13","505",1,"TUR"
"16","505",1,"TUR"
"24","505",1,"TUR"
"65","505",1,"TUR"
"90","505",1,"TUR"
"93","505",1,"TUR"
"105","505",1,"TUR"
"111","505",1,"TUR"
"166","505",1,"TUR"
"177","505",1,"TUR"
"204","505",1,"TUR"
"292","505",1,"TUR"
"304","505",1,"TUR"
"354","505",1,"TUR"
"373","505",1,"TUR"
"388","505",1,"TUR"
"405","505",1,"TUR"
"2","506",1,"TUR"
"11","506",1,"TUR"
"14","506",1,"TUR"
"46","506",1,"TUR"
"81","506",1,"TUR"
"126","506",1,"TUR"
"199","506",1,"TUR"
"227","506",1,"TUR"
"251","506",1,"TUR"
"352","506",1,"TUR"
"444","506",1,"TUR"
"6","507",2,"TUR"
"9","507",1,"TUR"
"33","507",1,"TUR"
"81","507",1,"TUR"
"92","507",1,"TUR"
"109","507",5,"TUR"
"113","507",1,"TUR"
"161","507",3,"TUR"
"384","507",3,"TUR"
"424","507",1,"TUR"
"454","507",1,"TUR"
"3","508",1,"TUR"
"13","508",2,"TUR"
"27","508",4,"TUR"
"31","508",1,"TUR"
"40","508",1,"TUR"
"50","508",1,"TUR"
"56","508",1,"TUR"
"62","508",4,"TUR"
"86","508",1,"TUR"
"112","508",1,"TUR"
"129","508",1,"TUR"
"151","508",1,"TUR"
"166","508",2,"TUR"
"177","508",1,"TUR"
"298","508",1,"TUR"
"399","508",1,"TUR"
"443","508",1,"TUR"
"507","508",1,"TUR"
"2","509",1,"TUR"
"4","509",1,"TUR"
"5","509",9,"TUR"
"11","509",1,"TUR"
"20","509",2,"TUR"
"109","509",1,"TUR"
"118","509",1,"TUR"
"121","509",1,"TUR"
"133","509",1,"TUR"
"201","509",2,"TUR"
"232","509",1,"TUR"
"284","509",1,"TUR"
"365","509",1,"TUR"
"423","509",1,"TUR"
"507","509",2,"TUR"
"1","510",1,"TUR"
"3","510",1,"TUR"
"5","510",1,"TUR"
"35","510",2,"TUR"
"38","510",1,"TUR"
"59","510",1,"TUR"
"70","510",1,"TUR"
"74","510",1,"TUR"
"106","510",1,"TUR"
"117","510",1,"TUR"
"121","510",2,"TUR"
"132","510",1,"TUR"
"289","510",1,"TUR"
"383","510",1,"TUR"
"493","510",1,"TUR"
"1","511",4,"TUR"
"2","511",2,"TUR"
"3","511",1,"TUR"
"4","511",1,"TUR"
"22","511",1,"TUR"
"45","511",1,"TUR"
"142","511",2,"TUR"
"304","511",1,"TUR"
"320","511",1,"TUR"
"365","511",1,"TUR"
"440","511",1,"TUR"
"477","511",1,"TUR"
"483","511",1,"TUR"
"490","511",1,"TUR"
"3","512",1,"TUR"
"4","512",1,"TUR"
"12","512",1,"TUR"
"14","512",3,"TUR"
"47","512",1,"TUR"
"57","512",1,"TUR"
"148","512",1,"TUR"
"213","512",1,"TUR"
"219","512",1,"TUR"
"249","512",1,"TUR"
"258","512",1,"TUR"
"1","513",3,"TUR"
"2","513",3,"TUR"
"45","513",1,"TUR"
"92","513",1,"TUR"
"99","513",1,"TUR"
"108","513",1,"TUR"
"146","513",2,"TUR"
"165","513",1,"TUR"
"189","513",1,"TUR"
"359","513",1,"TUR"
"361","513",1,"TUR"
"413","513",1,"TUR"
"503","513",1,"TUR"
"1","514",1,"TUR"
"2","514",1,"TUR"
"28","514",1,"TUR"
"88","514",1,"TUR"
"306","514",5,"TUR"
"392","514",1,"TUR"
"29","515",1,"TUR"
"32","515",7,"TUR"
"49","515",1,"TUR"
"63","515",1,"TUR"
"468","515",1,"TUR"
"494","515",1,"TUR"
"1","516",1,"TUR"
"4","516",1,"TUR"
"54","516",1,"TUR"
"59","516",1,"TUR"
"76","516",1,"TUR"
"93","516",1,"TUR"
"149","516",1,"TUR"
"187","516",6,"TUR"
"195","516",1,"TUR"
"233","516",3,"TUR"
"236","516",1,"TUR"
"1","517",1,"TUR"
"2","517",1,"TUR"
"6","517",1,"TUR"
"7","517",2,"TUR"
"33","517",1,"TUR"
"35","517",1,"TUR"
"46","517",1,"TUR"
"86","517",1,"TUR"
"152","517",1,"TUR"
"195","517",2,"TUR"
"257","517",1,"TUR"
"331","517",1,"TUR"
"381","517",1,"TUR"
"385","517",5,"TUR"
"430","517",1,"TUR"
"443","517",1,"TUR"
"2","518",1,"TUR"
"4","518",1,"TUR"
"5","518",1,"TUR"
"9","518",1,"TUR"
"50","518",1,"TUR"
"62","518",1,"TUR"
"82","518",1,"TUR"
"105","518",1,"TUR"
"108","518",1,"TUR"
"112","518",1,"TUR"
"166","518",10,"TUR"
"242","518",2,"TUR"
"291","518",1,"TUR"
"1","519",1,"TUR"
"2","519",2,"TUR"
"4","519",1,"TUR"
"5","519",1,"TUR"
"10","519",1,"TUR"
"18","519",1,"TUR"
"33","519",1,"TUR"
"40","519",1,"TUR"
"184","519",1,"TUR"
"275","519",1,"TUR"
"363","519",1,"TUR"
"364","519",1,"TUR"
"517","519",1,"TUR"
"1","520",1,"TUR"
"3","520",1,"TUR"
"5","520",1,"TUR"
"11","520",4,"TUR"
"19","520",1,"TUR"
"23","520",3,"TUR"
"67","520",1,"TUR"
"89","520",1,"TUR"
"110","520",1,"TUR"
"133","520",1,"TUR"
"206","520",1,"TUR"
"345","520",1,"TUR"
"1","521",1,"TUR"
"2","521",1,"TUR"
"7","521",2,"TUR"
"11","521",1,"TUR"
"18","521",1,"TUR"
"20","521",1,"TUR"
"41","521",1,"TUR"
"63","521",1,"TUR"
"75","521",1,"TUR"
"173","521",1,"TUR"
"505","521",1,"TUR"
"2","522",1,"TUR"
"3","522",1,"TUR"
"16","522",1,"TUR"
"28","522",1,"TUR"
"36","522",1,"TUR"
"37","522",3,"TUR"
"42","522",3,"TUR"
"54","522",2,"TUR"
"76","522",3,"TUR"
"107","522",2,"TUR"
"124","522",1,"TUR"
"149","522",1,"TUR"
"187","522",1,"TUR"
"233","522",3,"TUR"
"1","523",1,"TUR"
"3","523",1,"TUR"
"4","523",1,"TUR"
"5","523",1,"TUR"
"14","523",1,"TUR"
"17","523",1,"TUR"
"44","523",1,"TUR"
"45","523",1,"TUR"
"58","523",1,"TUR"
"93","523",1,"TUR"
"120","523",1,"TUR"
"203","523",1,"TUR"
"361","523",1,"TUR"
"366","523",1,"TUR"
"2","524",1,"TUR"
"5","524",1,"TUR"
"8","524",2,"TUR"
"16","524",1,"TUR"
"17","524",1,"TUR"
"20","524",1,"TUR"
"21","524",1,"TUR"
"37","524",3,"TUR"
"76","524",1,"TUR"
"93","524",1,"TUR"
"141","524",1,"TUR"
"270","524",1,"TUR"
"343","524",2,"TUR"
"472","524",1,"TUR"
"1","525",3,"TUR"
"2","525",2,"TUR"
"8","525",6,"TUR"
"64","525",1,"TUR"
"107","525",2,"TUR"
"163","525",1,"TUR"
"312","525",1,"TUR"
"314","525",1,"TUR"
"321","525",2,"TUR"
"395","525",1,"TUR"
"1","526",1,"TUR"
"2","526",2,"TUR"
"5","526",1,"TUR"
"33","526",1,"TUR"
"52","526",1,"TUR"
"98","526",1,"TUR"
"193","526",1,"TUR"
"277","526",1,"TUR"
"339","526",1,"TUR"
"410","526",1,"TUR"
"432","526",2,"TUR"
"507","526",1,"TUR"
"2","527",1,"TUR"
"4","527",1,"TUR"
"5","527",1,"TUR"
"11","527",1,"TUR"
"15","527",1,"TUR"
"43","527",1,"TUR"
"239","527",1,"TUR"
"320","527",1,"TUR"
"330","527",1,"TUR"
"2","528",2,"TUR"
"3","528",9,"TUR"
"4","528",3,"TUR"
"9","528",1,"TUR"
"19","528",1,"TUR"
"22","528",1,"TUR"
"27","528",1,"TUR"
"30","528",1,"TUR"
"40","528",2,"TUR"
"112","528",4,"TUR"
"137","528",1,"TUR"
"162","528",1,"TUR"
"166","528",1,"TUR"
"4","529",3,"TUR"
"36","529",1,"TUR"
"40","529",2,"TUR"
"47","529",1,"TUR"
"72","529",1,"TUR"
"109","529",1,"TUR"
"158","529",6,"TUR"
"185","529",4,"TUR"
"204","529",1,"TUR"
"225","529",1,"TUR"
"279","529",1,"TUR"
"305","529",1,"TUR"
"3","530",1,"TUR"
"11","530",1,"TUR"
"14","530",2,"TUR"
"74","530",2,"TUR"
"268","530",1,"TUR"
"378","530",17,"TUR"
"431","530",1,"TUR"
"1","531",5,"TUR"
"5","531",1,"TUR"
"11","531",1,"TUR"
"66","531",2,"TUR"
"70","531",1,"TUR"
"83","531",10,"TUR"
"189","531",1,"TUR"
"191","531",3,"TUR"
"352","531",1,"TUR"
"417","531",1,"TUR"
"1","532",3,"TUR"
"2","532",2,"TUR"
"4","532",1,"TUR"
"12","532",2,"TUR"
"14","532",2,"TUR"
"34","532",1,"TUR"
"43","532",1,"TUR"
"62","532",1,"TUR"
"177","532",1,"TUR"
"215","532",1,"TUR"
"349","532",1,"TUR"
"1","533",1,"TUR"
"2","533",1,"TUR"
"3","533",4,"TUR"
"15","533",1,"TUR"
"81","533",1,"TUR"
"108","533",1,"TUR"
"190","533",1,"TUR"
"212","533",1,"TUR"
"289","533",1,"TUR"
"400","533",1,"TUR"
"217","534",1,"TUR"
"247","534",3,"TUR"
"282","534",1,"TUR"
"368","534",8,"TUR"
"1","535",2,"TUR"
"19","535",1,"TUR"
"36","535",1,"TUR"
"94","535",1,"TUR"
"114","535",2,"TUR"
"129","535",1,"TUR"
"139","535",1,"TUR"
"141","535",1,"TUR"
"192","535",1,"TUR"
"257","535",1,"TUR"
"277","535",1,"TUR"
"470","535",1,"TUR"
"499","535",1,"TUR"
"530","535",1,"TUR"
"2","536",1,"TUR"
"3","536",6,"TUR"
"4","536",2,"TUR"
"8","536",2,"TUR"
"13","536",1,"TUR"
"20","536",1,"TUR"
"328","536",1,"TUR"
"388","536",1,"TUR"
"391","536",1,"TUR"
"399","536",1,"TUR"
"484","536",1,"TUR"
"525","536",1,"TUR"
"4","537",1,"TUR"
"25","537",1,"TUR"
"69","537",1,"TUR"
"113","537",1,"TUR"
"161","537",2,"TUR"
"204","537",1,"TUR"
"223","537",1,"TUR"
"284","537",2,"TUR"
"285","537",1,"TUR"
"365","537",1,"TUR"
"452","537",1,"TUR"
"466","537",1,"TUR"
"491","537",1,"TUR"
"529","537",1,"TUR"
"1","538",3,"TUR"
"19","538",2,"TUR"
"91","538",1,"TUR"
"111","538",1,"TUR"
"156","538",2,"TUR"
"371","538",1,"TUR"
"464","538",12,"TUR"
"472","538",1,"TUR"
"513","538",1,"TUR"
"3","539",1,"TUR"
"45","539",1,"TUR"
"57","539",1,"TUR"
"72","539",1,"TUR"
"76","539",1,"TUR"
"92","539",1,"TUR"
"289","539",1,"TUR"
"317","539",1,"TUR"
"2","540",1,"TUR"
"4","540",1,"TUR"
"13","540",1,"TUR"
"28","540",1,"TUR"
"43","540",1,"TUR"
"74","540",1,"TUR"
"97","540",1,"TUR"
"154","540",1,"TUR"
"188","540",1,"TUR"
"209","540",1,"TUR"
"222","540",1,"TUR"
"469","540",1,"TUR"
"507","540",1,"TUR"
"537","540",1,"TUR"
"7","541",1,"TUR"
"53","541",1,"TUR"
"193","541",1,"TUR"
"288","541",1,"TUR"
"435","541",1,"TUR"
"1","542",2,"TUR"
"4","542",1,"TUR"
"11","542",1,"TUR"
"12","542",1,"TUR"
"14","542",1,"TUR"
"18","542",1,"TUR"
"47","542",1,"TUR"
"84","542",3,"TUR"
"88","542",1,"TUR"
"113","542",1,"TUR"
"116","542",1,"TUR"
"159","542",1,"TUR"
"188","542",1,"TUR"
"215","542",1,"TUR"
"303","542",1,"TUR"
"309","542",1,"TUR"
"1","543",1,"TUR"
"2","543",1,"TUR"
"8","543",1,"TUR"
"10","543",1,"TUR"
"57","543",1,"TUR"
"88","543",1,"TUR"
"362","543",1,"TUR"
"1","544",1,"TUR"
"9","544",1,"TUR"
"12","544",1,"TUR"
"18","544",1,"TUR"
"19","544",1,"TUR"
"156","544",1,"TUR"
"198","544",1,"TUR"
"222","545",5,"TUR"
"259","545",3,"TUR"
"407","545",1,"TUR"
"411","545",1,"TUR"
"1","546",1,"TUR"
"5","546",3,"TUR"
"7","546",1,"TUR"
"9","546",1,"TUR"
"11","546",1,"TUR"
"12","546",1,"TUR"
"20","546",3,"TUR"
"70","546",2,"TUR"
"95","546",1,"TUR"
"101","546",1,"TUR"
"102","546",1,"TUR"
"144","546",1,"TUR"
"210","546",1,"TUR"
"232","546",1,"TUR"
"371","546",1,"TUR"
"482","546",1,"TUR"
"1","547",2,"TUR"
"2","547",1,"TUR"
"3","547",1,"TUR"
"16","547",1,"TUR"
"17","547",1,"TUR"
"75","547",1,"TUR"
"83","547",1,"TUR"
"135","547",6,"TUR"
"149","547",1,"TUR"
"377","547",2,"TUR"
"415","547",2,"TUR"
"431","547",1,"TUR"
"499","547",1,"TUR"
"500","547",1,"TUR"
"4","548",1,"TUR"
"47","548",1,"TUR"
"84","548",1,"TUR"
"167","548",1,"TUR"
"207","548",1,"TUR"
"452","548",1,"TUR"
"531","548",1,"TUR"
"4","549",1,"TUR"
"21","549",1,"TUR"
"22","549",1,"TUR"
"24","549",1,"TUR"
"27","549",1,"TUR"
"36","549",1,"TUR"
"53","549",1,"TUR"
"63","549",1,"TUR"
"120","549",1,"TUR"
"442","549",1,"TUR"
"1","550",3,"TUR"
"2","550",2,"TUR"
"3","550",3,"TUR"
"5","550",1,"TUR"
"9","550",1,"TUR"
"98","550",1,"TUR"
"174","550",1,"TUR"
"298","550",1,"TUR"
"1","551",1,"TUR"
"4","551",3,"TUR"
"5","551",1,"TUR"
"7","551",1,"TUR"
"8","551",1,"TUR"
"20","551",1,"TUR"
"81","551",1,"TUR"
"86","551",1,"TUR"
"109","551",2,"TUR"
"130","551",2,"TUR"
"158","551",4,"TUR"
"352","551",1,"TUR"
"366","551",1,"TUR"
"444","551",1,"TUR"
"475","551",1,"TUR"
"501","551",1,"TUR"
"509","551",1,"TUR"
"537","551",1,"TUR"
"2","552",1,"TUR"
"3","552",1,"TUR"
"5","552",1,"TUR"
"7","552",1,"TUR"
"9","552",1,"TUR"
"10","552",1,"TUR"
"37","552",1,"TUR"
"64","552",1,"TUR"
"152","552",2,"TUR"
"157","552",1,"TUR"
"186","552",1,"TUR"
"233","552",1,"TUR"
"236","552",1,"TUR"
"257","552",1,"TUR"
"2","553",2,"TUR"
"3","553",1,"TUR"
"12","553",1,"TUR"
"13","553",1,"TUR"
"63","553",1,"TUR"
"108","553",1,"TUR"
"112","553",1,"TUR"
"133","553",1,"TUR"
"179","553",1,"TUR"
"350","553",1,"TUR"
"410","553",1,"TUR"
"439","553",1,"TUR"
"1","554",7,"TUR"
"3","554",2,"TUR"
"45","554",1,"TUR"
"161","554",1,"TUR"
"202","554",1,"TUR"
"5","555",1,"TUR"
"18","555",1,"TUR"
"37","555",2,"TUR"
"265","555",1,"TUR"
"435","555",1,"TUR"
"1","556",1,"TUR"
"2","556",1,"TUR"
"4","556",1,"TUR"
"7","556",1,"TUR"
"9","556",1,"TUR"
"13","556",3,"TUR"
"14","556",1,"TUR"
"24","556",1,"TUR"
"184","556",1,"TUR"
"198","556",1,"TUR"
"203","556",4,"TUR"
"235","556",1,"TUR"
"323","556",1,"TUR"
"1","557",1,"TUR"
"6","557",1,"TUR"
"7","557",1,"TUR"
"10","557",2,"TUR"
"12","557",1,"TUR"
"30","557",1,"TUR"
"127","557",1,"TUR"
"143","557",1,"TUR"
"213","557",1,"TUR"
"243","557",1,"TUR"
"22","558",1,"TUR"
"111","558",2,"TUR"
"176","558",1,"TUR"
"180","558",1,"TUR"
"202","558",1,"TUR"
"245","558",12,"TUR"
"402","558",1,"TUR"
"472","558",1,"TUR"
"1","559",2,"TUR"
"2","559",1,"TUR"
"5","559",1,"TUR"
"10","559",1,"TUR"
"14","559",1,"TUR"
"28","559",1,"TUR"
"51","559",1,"TUR"
"56","559",1,"TUR"
"64","559",1,"TUR"
"91","559",1,"TUR"
"183","559",1,"TUR"
"243","559",1,"TUR"
"294","559",1,"TUR"
"418","559",1,"TUR"
"447","559",1,"TUR"
"504","559",1,"TUR"
"535","559",1,"TUR"
"3","560",1,"TUR"
"7","560",5,"TUR"
"9","560",1,"TUR"
"20","560",4,"TUR"
"23","560",2,"TUR"
"70","560",2,"TUR"
"72","560",1,"TUR"
"122","560",1,"TUR"
"133","560",1,"TUR"
"147","560",1,"TUR"
"18","561",1,"TUR"
"21","561",1,"TUR"
"23","561",2,"TUR"
"26","561",2,"TUR"
"39","561",1,"TUR"
"49","561",1,"TUR"
"70","561",1,"TUR"
"96","561",1,"TUR"
"168","561",2,"TUR"
"169","561",1,"TUR"
"238","561",1,"TUR"
"347","561",1,"TUR"
"420","561",1,"TUR"
"450","561",1,"TUR"
"465","561",1,"TUR"
"560","561",1,"TUR"
"1","562",1,"TUR"
"12","562",1,"TUR"
"18","562",1,"TUR"
"38","562",1,"TUR"
"50","562",1,"TUR"
"75","562",1,"TUR"
"86","562",1,"TUR"
"112","562",1,"TUR"
"130","562",1,"TUR"
"227","562",1,"TUR"
"251","562",1,"TUR"
"254","562",1,"TUR"
"361","562",1,"TUR"
"1","563",2,"TUR"
"4","563",1,"TUR"
"8","563",3,"TUR"
"9","563",3,"TUR"
"10","563",1,"TUR"
"58","563",1,"TUR"
"119","563",2,"TUR"
"123","563",1,"TUR"
"156","563",1,"TUR"
"257","563",1,"TUR"
"259","563",1,"TUR"
"403","563",1,"TUR"
"524","563",1,"TUR"
"1","564",1,"TUR"
"4","564",1,"TUR"
"18","564",2,"TUR"
"41","564",1,"TUR"
"66","564",1,"TUR"
"82","564",1,"TUR"
"145","564",1,"TUR"
"195","564",1,"TUR"
"223","564",1,"TUR"
"284","564",1,"TUR"
"1","565",1,"TUR"
"23","565",1,"TUR"
"67","565",1,"TUR"
"99","565",1,"TUR"
"104","565",11,"TUR"
"204","565",1,"TUR"
"2","566",1,"TUR"
"3","566",1,"TUR"
"4","566",3,"TUR"
"5","566",3,"TUR"
"10","566",4,"TUR"
"20","566",1,"TUR"
"21","566",1,"TUR"
"22","566",1,"TUR"
"101","566",1,"TUR"
"141","566",1,"TUR"
"176","566",1,"TUR"
"311","566",1,"TUR"
"392","566",1,"TUR"
"492","566",1,"TUR"
"1","567",7,"TUR"
"6","567",1,"TUR"
"7","567",1,"TUR"
"26","567",1,"TUR"
"88","567",1,"TUR"
"106","567",1,"TUR"
"145","567",1,"TUR"
"239","567",1,"TUR"
"344","567",2,"TUR"
"400","567",1,"TUR"
"402","567",1,"TUR"
"477","567",1,"TUR"
"482","567",1,"TUR"
"558","567",1,"TUR"
"1","568",3,"TUR"
"3","568",1,"TUR"
"44","568",1,"TUR"
"51","568",1,"TUR"
"141","568",1,"TUR"
"228","568",1,"TUR"
"247","568",4,"TUR"
"364","568",1,"TUR"
"381","568",1,"TUR"
"1","569",1,"TUR"
"2","569",1,"TUR"
"20","569",1,"TUR"
"111","569",1,"TUR"
"1","570",2,"TUR"
"2","570",3,"TUR"
"3","570",1,"TUR"
"22","570",3,"TUR"
"105","570",1,"TUR"
"141","570",1,"TUR"
"202","570",1,"TUR"
"215","570",1,"TUR"
"218","570",1,"TUR"
"281","570",1,"TUR"
"390","570",1,"TUR"
"527","570",1,"TUR"
"1","571",2,"TUR"
"4","571",3,"TUR"
"6","571",1,"TUR"
"18","571",1,"TUR"
"27","571",1,"TUR"
"65","571",1,"TUR"
"76","571",1,"TUR"
"85","571",1,"TUR"
"91","571",1,"TUR"
"109","571",1,"TUR"
"114","571",1,"TUR"
"143","571",1,"TUR"
"299","571",1,"TUR"
"339","571",1,"TUR"
"361","571",1,"TUR"
"403","571",1,"TUR"
"1","572",3,"TUR"
"6","572",2,"TUR"
"10","572",1,"TUR"
"13","572",1,"TUR"
"25","572",1,"TUR"
"70","572",1,"TUR"
"76","572",1,"TUR"
"230","572",1,"TUR"
"297","572",1,"TUR"
"370","572",1,"TUR"
"453","572",1,"TUR"
"1","573",1,"TUR"
"2","573",11,"TUR"
"4","573",3,"TUR"
"34","573",1,"TUR"
"58","573",1,"TUR"
"90","573",6,"TUR"
"412","573",1,"TUR"
"1","574",3,"TUR"
"3","574",2,"TUR"
"5","574",1,"TUR"
"14","574",1,"TUR"
"18","574",1,"TUR"
"36","574",1,"TUR"
"65","574",2,"TUR"
"89","574",1,"TUR"
"92","574",2,"TUR"
"154","574",1,"TUR"
"180","574",1,"TUR"
"3","575",1,"TUR"
"4","575",1,"TUR"
"5","575",1,"TUR"
"6","575",1,"TUR"
"79","575",1,"TUR"
"87","575",2,"TUR"
"120","575",1,"TUR"
"198","575",1,"TUR"
"258","575",1,"TUR"
"372","575",1,"TUR"
"433","575",2,"TUR"
"1","576",2,"TUR"
"3","576",1,"TUR"
"4","576",2,"TUR"
"6","576",2,"TUR"
"38","576",3,"TUR"
"47","576",1,"TUR"
"59","576",2,"TUR"
"121","576",2,"TUR"
"147","576",1,"TUR"
"187","576",1,"TUR"
"258","576",1,"TUR"
"1","577",1,"TUR"
"3","577",1,"TUR"
"7","577",2,"TUR"
"50","577",1,"TUR"
"59","577",1,"TUR"
"69","577",1,"TUR"
"72","577",1,"TUR"
"81","577",1,"TUR"
"103","577",1,"TUR"
"116","577",1,"TUR"
"117","577",1,"TUR"
"380","577",1,"TUR"
"393","577",1,"TUR"
"460","577",1,"TUR"
"476","577",1,"TUR"
"496","577",1,"TUR"
"526","577",1,"TUR"
"1","578",1,"TUR"
"30","578",2,"TUR"
"33","578",1,"TUR"
"38","578",1,"TUR"
"40","578",2,"TUR"
"56","578",1,"TUR"
"81","578",1,"TUR"
"204","578",1,"TUR"
"260","578",1,"TUR"
"282","578",2,"TUR"
"410","578",1,"TUR"
"476","578",1,"TUR"
"543","578",1,"TUR"
"1","579",2,"TUR"
"81","579",1,"TUR"
"109","579",1,"TUR"
"115","579",1,"TUR"
"130","579",1,"TUR"
"134","579",1,"TUR"
"151","579",1,"TUR"
"170","579",2,"TUR"
"258","579",2,"TUR"
"443","579",1,"TUR"
"444","579",1,"TUR"
"476","579",1,"TUR"
"509","579",1,"TUR"
"529","579",1,"TUR"
"537","579",2,"TUR"
"577","579",1,"TUR"
"1","580",1,"TUR"
"2","580",1,"TUR"
"3","580",1,"TUR"
"4","580",2,"TUR"
"13","580",1,"TUR"
"16","580",1,"TUR"
"27","580",1,"TUR"
"94","580",1,"TUR"
"269","580",1,"TUR"
"344","580",1,"TUR"
"484","580",1,"TUR"
"1","581",2,"TUR"
"2","581",1,"TUR"
"3","581",1,"TUR"
"4","581",1,"TUR"
"6","581",1,"TUR"
"10","581",1,"TUR"
"34","581",1,"TUR"
"215","581",1,"TUR"
"260","581",1,"TUR"
"279","581",1,"TUR"
"7","582",1,"TUR"
"20","582",1,"TUR"
"33","582",1,"TUR"
"109","582",2,"TUR"
"126","582",1,"TUR"
"158","582",3,"TUR"
"201","582",1,"TUR"
"258","582",3,"TUR"
"260","582",1,"TUR"
"299","582",1,"TUR"
"331","582",1,"TUR"
"352","582",1,"TUR"
"508","582",1,"TUR"
"509","582",1,"TUR"
"537","582",2,"TUR"
"1","583",1,"TUR"
"7","583",1,"TUR"
"11","583",1,"TUR"
"41","583",1,"TUR"
"84","583",1,"TUR"
"91","583",1,"TUR"
"93","583",1,"TUR"
"161","583",1,"TUR"
"195","583",3,"TUR"
"223","583",1,"TUR"
"267","583",1,"TUR"
"288","583",1,"TUR"
"364","583",1,"TUR"
"526","583",1,"TUR"
"1","584",1,"TUR"
"4","584",1,"TUR"
"10","584",1,"TUR"
"44","584",1,"TUR"
"45","584",1,"TUR"
"71","584",1,"TUR"
"95","584",1,"TUR"
"106","584",1,"TUR"
"110","584",1,"TUR"
"183","584",1,"TUR"
"299","584",1,"TUR"
"571","584",1,"TUR"
"584","584",1,"TUR"
"1","585",2,"TUR"
"19","585",4,"TUR"
"20","585",1,"TUR"
"44","585",1,"TUR"
"131","585",1,"TUR"
"141","585",1,"TUR"
"153","585",2,"TUR"
"156","585",1,"TUR"
"344","585",1,"TUR"
"3","586",1,"TUR"
"163","586",1,"TUR"
"247","586",1,"TUR"
"469","586",1,"TUR"
"1","587",3,"TUR"
"2","587",1,"TUR"
"3","587",1,"TUR"
"6","587",1,"TUR"
"8","587",1,"TUR"
"16","587",1,"TUR"
"24","587",1,"TUR"
"50","587",1,"TUR"
"51","587",1,"TUR"
"99","587",1,"TUR"
"401","587",1,"TUR"
"481","587",1,"TUR"
"1","588",1,"TUR"
"2","588",7,"TUR"
"4","588",2,"TUR"
"60","588",1,"TUR"
"71","588",1,"TUR"
"122","588",2,"TUR"
"208","588",1,"TUR"
"224","588",1,"TUR"
"437","588",1,"TUR"
"446","588",1,"TUR"
"1","589",1,"TUR"
"3","589",1,"TUR"
"7","589",3,"TUR"
"14","589",3,"TUR"
"23","589",3,"TUR"
"65","589",1,"TUR"
"83","589",1,"TUR"
"112","589",1,"TUR"
"313","589",1,"TUR"
"340","589",1,"TUR"
"421","589",1,"TUR"
"560","589",2,"TUR"
"1","590",1,"TUR"
"4","590",1,"TUR"
"8","590",1,"TUR"
"31","590",1,"TUR"
"218","590",1,"TUR"
"320","590",1,"TUR"
"358","590",1,"TUR"
"24","591",1,"TUR"
"47","591",1,"TUR"
"55","591",1,"TUR"
"110","591",1,"TUR"
"116","591",3,"TUR"
"361","591",1,"TUR"
"438","591",1,"TUR"
"1","592",2,"TUR"
"6","592",1,"TUR"
"7","592",2,"TUR"
"15","592",1,"TUR"
"26","592",1,"TUR"
"45","592",1,"TUR"
"65","592",1,"TUR"
"67","592",1,"TUR"
"189","592",1,"TUR"
"233","592",1,"TUR"
"500","592",1,"TUR"
"3","593",1,"TUR"
"29","593",1,"TUR"
"37","593",4,"TUR"
"63","593",3,"TUR"
"178","593",1,"TUR"
"350","593",1,"TUR"
"435","593",2,"TUR"
"437","593",1,"TUR"
"494","593",1,"TUR"
"1","594",1,"TUR"
"10","594",1,"TUR"
"37","594",3,"TUR"
"283","594",1,"TUR"
"23","595",4,"TUR"
"70","595",1,"TUR"
"257","595",1,"TUR"
"299","595",13,"TUR"
"420","595",1,"TUR"
"1","596",1,"TUR"
"2","596",1,"TUR"
"5","596",1,"TUR"
"6","596",2,"TUR"
"8","596",1,"TUR"
"28","596",1,"TUR"
"49","596",1,"TUR"
"60","596",1,"TUR"
"136","596",1,"TUR"
"451","596",1,"TUR"
"523","596",1,"TUR"
"1","597",1,"TUR"
"7","597",1,"TUR"
"10","597",1,"TUR"
"28","597",1,"TUR"
"37","597",2,"TUR"
"43","597",1,"TUR"
"54","597",3,"TUR"
"76","597",1,"TUR"
"195","597",1,"TUR"
"275","597",1,"TUR"
"278","597",1,"TUR"
"4","598",1,"TUR"
"5","598",1,"TUR"
"7","598",1,"TUR"
"14","598",1,"TUR"
"28","598",1,"TUR"
"92","598",1,"TUR"
"104","598",2,"TUR"
"131","598",1,"TUR"
"198","598",1,"TUR"
"458","598",1,"TUR"
"1","599",1,"TUR"
"5","599",1,"TUR"
"6","599",1,"TUR"
"35","599",1,"TUR"
"134","599",1,"TUR"
"189","599",1,"TUR"
"280","599",8,"TUR"
"283","599",2,"TUR"
"315","599",1,"TUR"
"18","600",1,"TUR"
"20","600",4,"TUR"
"70","600",1,"TUR"
"72","600",1,"TUR"
"75","600",1,"TUR"
"134","600",1,"TUR"
"198","600",6,"TUR"
"203","600",1,"TUR"
"265","600",1,"TUR"
"440","600",1,"TUR"
"60","601",2,"TUR"
"159","601",1,"TUR"
"442","601",1,"TUR"
"469","601",2,"TUR"
"481","601",1,"TUR"
"2","602",2,"TUR"
"3","602",1,"TUR"
"4","602",1,"TUR"
"12","602",2,"TUR"
"106","602",2,"TUR"
"163","602",1,"TUR"
"350","602",1,"TUR"
"361","602",1,"TUR"
"428","602",2,"TUR"
"575","602",1,"TUR"
"1","603",1,"TUR"
"46","603",1,"TUR"
"84","603",1,"TUR"
"96","603",1,"TUR"
"98","603",1,"TUR"
"186","603",1,"TUR"
"1","604",1,"TUR"
"4","604",1,"TUR"
"10","604",1,"TUR"
"12","604",1,"TUR"
"54","604",2,"TUR"
"68","604",1,"TUR"
"99","604",1,"TUR"
"107","604",1,"TUR"
"110","604",1,"TUR"
"116","604",1,"TUR"
"127","604",1,"TUR"
"149","604",1,"TUR"
"156","604",1,"TUR"
"187","604",2,"TUR"
"314","604",1,"TUR"
"337","604",1,"TUR"
"2","605",2,"TUR"
"56","605",1,"TUR"
"97","605",1,"TUR"
"314","605",1,"TUR"
"334","605",2,"TUR"
"591","605",1,"TUR"
"1","606",3,"TUR"
"15","606",1,"TUR"
"72","606",1,"TUR"
"102","606",1,"TUR"
"116","606",1,"TUR"
"253","606",3,"TUR"
"302","606",1,"TUR"
"333","606",1,"TUR"
"344","606",1,"TUR"
"367","606",1,"TUR"
"402","606",1,"TUR"
"427","606",1,"TUR"
"2","607",1,"TUR"
"3","607",16,"TUR"
"14","607",1,"TUR"
"27","607",1,"TUR"
"40","607",1,"TUR"
"120","607",1,"TUR"
"226","607",1,"TUR"
"252","607",1,"TUR"
"584","607",1,"TUR"
"6","608",1,"TUR"
"11","608",2,"TUR"
"15","608",2,"TUR"
"78","608",1,"TUR"
"118","608",1,"TUR"
"131","608",1,"TUR"
"144","608",1,"TUR"
"156","608",1,"TUR"
"172","608",1,"TUR"
"184","608",1,"TUR"
"232","608",1,"TUR"
"265","608",2,"TUR"
"276","608",1,"TUR"
"312","608",1,"TUR"
"347","608",1,"TUR"
"389","608",1,"TUR"
"415","608",1,"TUR"
"440","608",1,"TUR"
"1","609",4,"TUR"
"2","609",1,"TUR"
"3","609",1,"TUR"
"4","609",1,"TUR"
"5","609",1,"TUR"
"8","609",1,"TUR"
"9","609",8,"TUR"
"42","609",1,"TUR"
"46","609",1,"TUR"
"73","609",1,"TUR"
"138","609",1,"TUR"
"163","609",1,"TUR"
"173","609",1,"TUR"
"318","609",1,"TUR"
"2","610",1,"TUR"
"3","610",1,"TUR"
"6","610",1,"TUR"
"34","610",1,"TUR"
"73","610",1,"TUR"
"103","610",1,"TUR"
"149","610",1,"TUR"
"212","610",1,"TUR"
"314","610",1,"TUR"
"325","610",1,"TUR"
"348","610",1,"TUR"
"353","610",1,"TUR"
"395","610",1,"TUR"
"438","610",1,"TUR"
"492","610",1,"TUR"
"546","610",1,"TUR"
"2","611",10,"TUR"
"9","611",1,"TUR"
"15","611",2,"TUR"
"47","611",2,"TUR"
"84","611",1,"TUR"
"386","611",1,"TUR"
"508","611",5,"TUR"
"1","612",1,"TUR"
"4","612",2,"TUR"
"6","612",1,"TUR"
"41","612",1,"TUR"
"59","612",1,"TUR"
"101","612",1,"TUR"
"152","612",1,"TUR"
"220","612",1,"TUR"
"290","612",1,"TUR"
"334","612",4,"TUR"
"342","612",1,"TUR"
"430","612",1,"TUR"
"432","612",1,"TUR"
"578","612",1,"TUR"
"1","613",2,"TUR"
"3","613",3,"TUR"
"8","613",1,"TUR"
"50","613",1,"TUR"
"79","613",1,"TUR"
"192","613",1,"TUR"
"385","613",1,"TUR"
"1","614",1,"TUR"
"14","614",1,"TUR"
"36","614",1,"TUR"
"44","614",1,"TUR"
"69","614",1,"TUR"
"78","614",3,"TUR"
"79","614",1,"TUR"
"80","614",2,"TUR"
"82","614",1,"TUR"
"482","614",1,"TUR"
"520","614",1,"TUR"
"584","614",2,"TUR"
"592","614",1,"TUR"
"3","615",6,"TUR"
"6","615",1,"TUR"
"17","615",1,"TUR"
"19","615",1,"TUR"
"42","615",1,"TUR"
"58","615",1,"TUR"
"112","615",1,"TUR"
"145","615",1,"TUR"
"166","615",1,"TUR"
"271","615",1,"TUR"
"352","615",1,"TUR"
"414","615",1,"TUR"
"429","615",1,"TUR"
"2","616",2,"TUR"
"17","616",1,"TUR"
"27","616",1,"TUR"
"58","616",1,"TUR"
"109","616",3,"TUR"
"111","616",1,"TUR"
"129","616",1,"TUR"
"159","616",1,"TUR"
"230","616",1,"TUR"
"285","616",1,"TUR"
"466","616",1,"TUR"
"491","616",1,"TUR"
"520","616",1,"TUR"
"541","616",1,"TUR"
"604","616",1,"TUR"
"1","617",4,"TUR"
"6","617",1,"TUR"
"11","617",1,"TUR"
"24","617",1,"TUR"
"70","617",1,"TUR"
"124","617",1,"TUR"
"134","617",1,"TUR"
"138","617",1,"TUR"
"362","617",1,"TUR"
"489","617",1,"TUR"
"617","617",1,"TUR"
"1","618",1,"TUR"
"2","618",1,"TUR"
"4","618",1,"TUR"
"5","618",9,"TUR"
"34","618",1,"TUR"
"167","618",1,"TUR"
"298","618",1,"TUR"
"1","619",3,"TUR"
"4","619",1,"TUR"
"8","619",1,"TUR"
"11","619",1,"TUR"
"62","619",1,"TUR"
"96","619",1,"TUR"
"141","619",1,"TUR"
"232","619",1,"TUR"
"408","619",1,"TUR"
"1","620",1,"TUR"
"2","620",1,"TUR"
"10","620",1,"TUR"
"24","620",1,"TUR"
"33","620",1,"TUR"
"65","620",1,"TUR"
"100","620",1,"TUR"
"127","620",1,"TUR"
"144","620",1,"TUR"
"192","620",1,"TUR"
"193","620",1,"TUR"
"217","620",2,"TUR"
"226","620",1,"TUR"
"261","620",1,"TUR"
"360","620",1,"TUR"
"422","620",1,"TUR"
"453","620",1,"TUR"
"490","620",1,"TUR"
"1","621",2,"TUR"
"2","621",1,"TUR"
"4","621",1,"TUR"
"10","621",2,"TUR"
"17","621",1,"TUR"
"21","621",1,"TUR"
"245","621",1,"TUR"
"252","621",1,"TUR"
"342","621",1,"TUR"
"506","621",1,"TUR"
"4","622",1,"TUR"
"6","622",3,"TUR"
"31","622",1,"TUR"
"47","622",1,"TUR"
"110","622",1,"TUR"
"325","622",1,"TUR"
"349","622",1,"TUR"
"494","622",1,"TUR"
"605","622",1,"TUR"
"1","623",2,"TUR"
"13","623",1,"TUR"
"16","623",3,"TUR"
"91","623",3,"TUR"
"120","623",1,"TUR"
"212","623",1,"TUR"
"224","623",1,"TUR"
"338","623",1,"TUR"
"361","623",1,"TUR"
"435","623",1,"TUR"
"472","623",1,"TUR"
"543","623",1,"TUR"
"2","624",1,"TUR"
"3","624",1,"TUR"
"11","624",1,"TUR"
"22","624",1,"TUR"
"25","624",1,"TUR"
"27","624",1,"TUR"
"56","624",1,"TUR"
"62","624",1,"TUR"
"81","624",2,"TUR"
"115","624",1,"TUR"
"151","624",2,"TUR"
"170","624",1,"TUR"
"185","624",1,"TUR"
"227","624",1,"TUR"
"233","624",1,"TUR"
"260","624",1,"TUR"
"358","624",1,"TUR"
"377","624",1,"TUR"
"439","624",1,"TUR"
"443","624",1,"TUR"
"1","625",1,"TUR"
"3","625",14,"TUR"
"5","625",1,"TUR"
"8","625",1,"TUR"
"88","625",1,"TUR"
"105","625",2,"TUR"
"146","625",1,"TUR"
"153","625",1,"TUR"
"154","625",1,"TUR"
"373","625",1,"TUR"
"377","625",1,"TUR"
"9","626",1,"TUR"
"12","626",1,"TUR"
"73","626",2,"TUR"
"137","626",1,"TUR"
"175","626",1,"TUR"
"179","626",1,"TUR"
"195","626",1,"TUR"
"203","626",1,"TUR"
"314","626",3,"TUR"
"372","626",1,"TUR"
"375","626",3,"TUR"
"403","626",2,"TUR"
"1","627",1,"TUR"
"18","627",1,"TUR"
"38","627",2,"TUR"
"47","627",2,"TUR"
"95","627",1,"TUR"
"115","627",1,"TUR"
"128","627",1,"TUR"
"144","627",1,"TUR"
"177","627",1,"TUR"
"205","627",1,"TUR"
"245","627",1,"TUR"
"260","627",1,"TUR"
"285","627",2,"TUR"
"300","627",1,"TUR"
"303","627",1,"TUR"
"474","627",1,"TUR"
"1","628",1,"TUR"
"18","628",1,"TUR"
"25","628",1,"TUR"
"189","628",1,"TUR"
"267","628",1,"TUR"
"300","628",1,"TUR"
"324","628",1,"TUR"
"358","628",1,"TUR"
"451","628",1,"TUR"
"468","628",1,"TUR"
"489","628",1,"TUR"
"1","629",1,"TUR"
"2","629",6,"TUR"
"6","629",1,"TUR"
"13","629",1,"TUR"
"68","629",1,"TUR"
"162","629",1,"TUR"
"212","629",1,"TUR"
"242","629",7,"TUR"
"286","629",1,"TUR"
"486","629",1,"TUR"
"587","629",1,"TUR"
"1","630",1,"TUR"
"2","630",1,"TUR"
"6","630",1,"TUR"
"17","630",1,"TUR"
"89","630",2,"TUR"
"143","630",1,"TUR"
"157","630",1,"TUR"
"312","630",1,"TUR"
"325","630",1,"TUR"
"397","630",1,"TUR"
"2","631",1,"TUR"
"6","631",1,"TUR"
"9","631",1,"TUR"
"15","631",1,"TUR"
"18","631",1,"TUR"
"30","631",2,"TUR"
"33","631",1,"TUR"
"35","631",1,"TUR"
"36","631",1,"TUR"
"41","631",2,"TUR"
"56","631",1,"TUR"
"73","631",1,"TUR"
"81","631",1,"TUR"
"115","631",1,"TUR"
"130","631",1,"TUR"
"203","631",1,"TUR"
"223","631",1,"TUR"
"288","631",1,"TUR"
"495","631",1,"TUR"
"500","631",1,"TUR"
"1","632",3,"TUR"
"5","632",1,"TUR"
"7","632",2,"TUR"
"24","632",1,"TUR"
"33","632",1,"TUR"
"40","632",1,"TUR"
"68","632",1,"TUR"
"70","632",1,"TUR"
"177","632",1,"TUR"
"457","632",1,"TUR"
"500","632",1,"TUR"
"1","633",2,"TUR"
"3","633",1,"TUR"
"4","633",1,"TUR"
"6","633",1,"TUR"
"8","633",1,"TUR"
"28","633",1,"TUR"
"34","633",1,"TUR"
"153","633",1,"TUR"
"211","633",1,"TUR"
"292","633",1,"TUR"
"350","633",1,"TUR"
"351","633",1,"TUR"
"390","633",1,"TUR"
"473","633",1,"TUR"
"597","633",1,"TUR"
"1","634",1,"TUR"
"4","634",1,"TUR"
"5","634",5,"TUR"
"6","634",1,"TUR"
"10","634",1,"TUR"
"49","634",1,"TUR"
"278","634",1,"TUR"
"307","634",1,"TUR"
"505","634",1,"TUR"
"597","634",1,"TUR"
"1","635",2,"TUR"
"11","635",3,"TUR"
"15","635",1,"TUR"
"20","635",1,"TUR"
"28","635",1,"TUR"
"39","635",1,"TUR"
"67","635",1,"TUR"
"305","635",1,"TUR"
"317","635",1,"TUR"
"369","635",1,"TUR"
"373","635",1,"TUR"
"455","635",1,"TUR"
"635","635",1,"TUR"
"4","636",1,"TUR"
"5","636",1,"TUR"
"23","636",2,"TUR"
"46","636",1,"TUR"
"53","636",1,"TUR"
"101","636",1,"TUR"
"198","636",1,"TUR"
"288","636",1,"TUR"
"347","636",1,"TUR"
"421","636",1,"TUR"
"6","637",2,"TUR"
"8","637",1,"TUR"
"10","637",1,"TUR"
"43","637",1,"TUR"
"129","637",1,"TUR"
"189","637",1,"TUR"
"290","637",2,"TUR"
"300","637",1,"TUR"
"387","637",1,"TUR"
"442","637",1,"TUR"
"477","637",1,"TUR"
"557","637",1,"TUR"
"580","637",1,"TUR"
"613","637",1,"TUR"
"3","638",1,"TUR"
"6","638",1,"TUR"
"32","638",1,"TUR"
"34","638",1,"TUR"
"119","638",1,"TUR"
"130","638",2,"TUR"
"135","638",1,"TUR"
"279","638",1,"TUR"
"300","638",1,"TUR"
"327","638",1,"TUR"
"369","638",1,"TUR"
"1","639",1,"TUR"
"2","639",1,"TUR"
"5","639",1,"TUR"
"20","639",2,"TUR"
"25","639",1,"TUR"
"33","639",1,"TUR"
"40","639",1,"TUR"
"342","639",1,"TUR"
"379","639",1,"TUR"
"416","639",1,"TUR"
"424","639",1,"TUR"
"533","639",1,"TUR"
"542","639",1,"TUR"
"1","640",2,"TUR"
"3","640",1,"TUR"
"36","640",1,"TUR"
"89","640",1,"TUR"
"103","640",1,"TUR"
"156","640",1,"TUR"
"275","640",1,"TUR"
"321","640",1,"TUR"
"4","641",1,"TUR"
"12","641",1,"TUR"
"27","641",1,"TUR"
"32","641",3,"TUR"
"35","641",1,"TUR"
"60","641",1,"TUR"
"78","641",1,"TUR"
"135","641",1,"TUR"
"141","641",1,"TUR"
"415","641",1,"TUR"
"516","641",1,"TUR"
"1","642",2,"TUR"
"12","642",1,"TUR"
"63","642",1,"TUR"
"88","642",1,"TUR"
"380","642",1,"TUR"
"18","643",1,"TUR"
"78","643",1,"TUR"
"83","643",1,"TUR"
"111","643",1,"TUR"
"238","643",1,"TUR"
"336","643",11,"TUR"
"370","643",2,"TUR"
"5","644",1,"TUR"
"54","644",1,"TUR"
"95","644",12,"TUR"
"212","644",1,"TUR"
"224","644",1,"TUR"
"1","645",2,"TUR"
"3","645",1,"TUR"
"4","645",1,"TUR"
"21","645",1,"TUR"
"42","645",1,"TUR"
"111","645",1,"TUR"
"113","645",1,"TUR"
"145","645",1,"TUR"
"222","645",1,"TUR"
"223","645",1,"TUR"
"395","645",1,"TUR"
"553","645",1,"TUR"
"602","645",1,"TUR"
"625","645",1,"TUR"
"1","646",2,"TUR"
"2","646",1,"TUR"
"6","646",1,"TUR"
"12","646",1,"TUR"
"36","646",1,"TUR"
"145","646",1,"TUR"
"176","646",1,"TUR"
"186","646",1,"TUR"
"220","646",1,"TUR"
"246","646",1,"TUR"
"369","646",1,"TUR"
"370","646",1,"TUR"
"380","646",2,"TUR"
"405","646",1,"TUR"
"603","646",1,"TUR"
"4","647",1,"TUR"
"27","647",1,"TUR"
"50","647",2,"TUR"
"58","647",1,"TUR"
"70","647",1,"TUR"
"144","647",1,"TUR"
"404","647",1,"TUR"
"422","647",1,"TUR"
"622","647",2,"TUR"
"628","647",1,"TUR"
"1","648",2,"TUR"
"2","648",2,"TUR"
"4","648",1,"TUR"
"12","648",1,"TUR"
"21","648",1,"TUR"
"47","648",1,"TUR"
"84","648",1,"TUR"
"128","648",1,"TUR"
"154","648",2,"TUR"
"2","649",1,"TUR"
"5","649",1,"TUR"
"11","649",2,"TUR"
"18","649",1,"TUR"
"22","649",1,"TUR"
"34","649",1,"TUR"
"39","649",1,"TUR"
"44","649",1,"TUR"
"87","649",2,"TUR"
"514","649",4,"TUR"
"581","649",6,"TUR"
"1","650",1,"TUR"
"9","650",1,"TUR"
"10","650",1,"TUR"
"23","650",1,"TUR"
"39","650",2,"TUR"
"43","650",1,"TUR"
"68","650",1,"TUR"
"70","650",1,"TUR"
"71","650",1,"TUR"
"78","650",1,"TUR"
"153","650",1,"TUR"
"160","650",1,"TUR"
"198","650",1,"TUR"
"206","650",2,"TUR"
"305","650",2,"TUR"
"2","651",1,"TUR"
"58","651",3,"TUR"
"66","651",1,"TUR"
"217","651",1,"TUR"
"253","651",1,"TUR"
"262","651",4,"TUR"
"299","651",1,"TUR"
"358","651",1,"TUR"
"380","651",1,"TUR"
"420","651",1,"TUR"
"538","651",1,"TUR"
"32","652",1,"TUR"
"42","652",4,"TUR"
"187","652",1,"TUR"
"647","652",1,"TUR"
"2","653",1,"TUR"
"3","653",1,"TUR"
"8","653",2,"TUR"
"9","653",1,"TUR"
"20","653",1,"TUR"
"28","653",1,"TUR"
"41","653",2,"TUR"
"57","653",1,"TUR"
"113","653",1,"TUR"
"143","653",1,"TUR"
"146","653",1,"TUR"
"147","653",1,"TUR"
"263","653",1,"TUR"
"341","653",1,"TUR"
"343","653",1,"TUR"
"479","653",1,"TUR"
"548","653",1,"TUR"
"1","654",1,"TUR"
"2","654",1,"TUR"
"4","654",2,"TUR"
"7","654",1,"TUR"
"34","654",1,"TUR"
"79","654",1,"TUR"
"105","654",1,"TUR"
"106","654",1,"TUR"
"248","654",1,"TUR"
"250","654",1,"TUR"
"266","654",1,"TUR"
"517","654",1,"TUR"
"527","654",2,"TUR"
"1","655",1,"TUR"
"11","655",2,"TUR"
"14","655",1,"TUR"
"19","655",1,"TUR"
"36","655",1,"TUR"
"67","655",1,"TUR"
"85","655",1,"TUR"
"93","655",1,"TUR"
"99","655",1,"TUR"
"101","655",1,"TUR"
"216","655",1,"TUR"
"233","655",1,"TUR"
"245","655",1,"TUR"
"327","655",1,"TUR"
"459","655",1,"TUR"
"558","655",2,"TUR"
"7","656",1,"TUR"
"17","656",1,"TUR"
"18","656",2,"TUR"
"40","656",1,"TUR"
"153","656",1,"TUR"
"172","656",1,"TUR"
"202","656",1,"TUR"
"250","656",1,"TUR"
"274","656",1,"TUR"
"292","656",1,"TUR"
"467","656",1,"TUR"
"17","657",1,"TUR"
"58","657",1,"TUR"
"80","657",1,"TUR"
"96","657",2,"TUR"
"100","657",1,"TUR"
"104","657",2,"TUR"
"174","657",1,"TUR"
"191","657",1,"TUR"
"252","657",1,"TUR"
"441","657",1,"TUR"
"565","657",11,"TUR"
"5","658",1,"TUR"
"33","658",1,"TUR"
"40","658",1,"TUR"
"53","658",1,"TUR"
"86","658",2,"TUR"
"87","658",1,"TUR"
"109","658",2,"TUR"
"151","658",1,"TUR"
"158","658",3,"TUR"
"194","658",1,"TUR"
"234","658",1,"TUR"
"258","658",2,"TUR"
"444","658",3,"TUR"
"476","658",1,"TUR"
"1","659",3,"TUR"
"2","659",1,"TUR"
"6","659",1,"TUR"
"10","659",1,"TUR"
"24","659",1,"TUR"
"25","659",1,"TUR"
"60","659",1,"TUR"
"62","659",1,"TUR"
"131","659",1,"TUR"
"137","659",1,"TUR"
"141","659",1,"TUR"
"192","659",1,"TUR"
"318","659",1,"TUR"
"328","659",1,"TUR"
"340","659",1,"TUR"
"390","659",1,"TUR"
"580","659",1,"TUR"
"1","660",2,"TUR"
"50","660",1,"TUR"
"113","660",1,"TUR"
"149","660",1,"TUR"
"174","660",1,"TUR"
"208","660",1,"TUR"
"234","660",1,"TUR"
"244","660",1,"TUR"
"258","660",1,"TUR"
"293","660",1,"TUR"
"454","660",1,"TUR"
"517","660",1,"TUR"
"558","660",1,"TUR"
"2","661",2,"TUR"
"3","661",1,"TUR"
"14","661",1,"TUR"
"50","661",1,"TUR"
"56","661",1,"TUR"
"61","661",1,"TUR"
"94","661",1,"TUR"
"125","661",7,"TUR"
"179","661",1,"TUR"
"210","661",2,"TUR"
"229","661",1,"TUR"
"255","661",1,"TUR"
"357","661",1,"TUR"
"392","661",2,"TUR"
"1","662",3,"TUR"
"4","662",1,"TUR"
"5","662",1,"TUR"
"10","662",1,"TUR"
"14","662",1,"TUR"
"90","662",1,"TUR"
"320","662",1,"TUR"
"440","662",1,"TUR"
"628","662",6,"TUR"
"638","662",1,"TUR"
"2","663",1,"TUR"
"4","663",1,"TUR"
"16","663",13,"TUR"
"79","663",1,"TUR"
"93","663",1,"TUR"
"181","663",1,"TUR"
"270","663",1,"TUR"
"1","664",1,"TUR"
"2","664",2,"TUR"
"3","664",7,"TUR"
"13","664",1,"TUR"
"105","664",1,"TUR"
"120","664",1,"TUR"
"212","664",1,"TUR"
"219","664",1,"TUR"
"245","664",1,"TUR"
"504","664",1,"TUR"
"511","664",1,"TUR"
"567","664",1,"TUR"
"570","664",1,"TUR"
"591","664",1,"TUR"
"2","665",2,"TUR"
"6","665",1,"TUR"
"77","665",2,"TUR"
"85","665",1,"TUR"
"116","665",1,"TUR"
"165","665",1,"TUR"
"169","665",1,"TUR"
"319","665",1,"TUR"
"413","665",1,"TUR"
"535","665",1,"TUR"
"563","665",2,"TUR"
"1","666",1,"TUR"
"5","666",2,"TUR"
"6","666",1,"TUR"
"15","666",1,"TUR"
"18","666",1,"TUR"
"44","666",2,"TUR"
"62","666",1,"TUR"
"75","666",1,"TUR"
"81","666",1,"TUR"
"129","666",1,"TUR"
"155","666",1,"TUR"
"201","666",1,"TUR"
"544","666",1,"TUR"
"1","667",2,"TUR"
"5","667",4,"TUR"
"67","667",1,"TUR"
"82","667",1,"TUR"
"144","667",2,"TUR"
"201","667",3,"TUR"
"232","667",1,"TUR"
"285","667",1,"TUR"
"466","667",1,"TUR"
"507","667",1,"TUR"
"572","667",1,"TUR"
"579","667",1,"TUR"
"582","667",1,"TUR"
"616","667",2,"TUR"
"2","668",1,"TUR"
"30","668",1,"TUR"
"38","668",8,"TUR"
"70","668",1,"TUR"
"116","668",1,"TUR"
"121","668",3,"TUR"
"130","668",1,"TUR"
"204","668",1,"TUR"
"227","668",1,"TUR"
"313","668",1,"TUR"
"498","668",1,"TUR"
"621","668",1,"TUR"
"2","669",3,"TUR"
"12","669",1,"TUR"
"37","669",1,"TUR"
"61","669",1,"TUR"
"64","669",1,"TUR"
"68","669",1,"TUR"
"73","669",1,"TUR"
"163","669",1,"TUR"
"179","669",1,"TUR"
"347","669",1,"TUR"
"359","669",1,"TUR"
"617","669",1,"TUR"
"663","669",1,"TUR"
"3","670",3,"TUR"
"18","670",1,"TUR"
"134","670",1,"TUR"
"224","670",1,"TUR"
"252","670",5,"TUR"
"617","670",1,"TUR"
"656","670",4,"TUR"
"48","671",11,"TUR"
"1","672",1,"TUR"
"2","672",1,"TUR"
"4","672",2,"TUR"
"45","672",1,"TUR"
"68","672",1,"TUR"
"96","672",4,"TUR"
"230","672",1,"TUR"
"231","672",1,"TUR"
"246","672",1,"TUR"
"258","672",1,"TUR"
"289","672",1,"TUR"
"423","672",1,"TUR"
"440","672",1,"TUR"
"499","672",1,"TUR"
"521","672",1,"TUR"
"2","673",2,"TUR"
"3","673",9,"TUR"
"32","673",1,"TUR"
"43","673",1,"TUR"
"62","673",1,"TUR"
"75","673",1,"TUR"
"271","673",1,"TUR"
"295","673",1,"TUR"
"486","673",1,"TUR"
"524","673",1,"TUR"
"556","673",1,"TUR"
"1","674",1,"TUR"
"2","674",3,"TUR"
"3","674",11,"TUR"
"4","674",1,"TUR"
"20","674",1,"TUR"
"211","674",1,"TUR"
"2","675",1,"TUR"
"6","675",3,"TUR"
"136","675",1,"TUR"
"161","675",1,"TUR"
"179","675",1,"TUR"
"182","675",1,"TUR"
"230","675",3,"TUR"
"424","675",1,"TUR"
"467","675",1,"TUR"
"480","675",1,"TUR"
"526","675",1,"TUR"
"2","676",1,"TUR"
"5","676",6,"TUR"
"10","676",1,"TUR"
"11","676",1,"TUR"
"13","676",1,"TUR"
"33","676",1,"TUR"
"141","676",1,"TUR"
"4","677",1,"TUR"
"34","677",1,"TUR"
"43","677",1,"TUR"
"45","677",1,"TUR"
"56","677",1,"TUR"
"124","677",1,"TUR"
"146","677",1,"TUR"
"165","677",3,"TUR"
"189","677",3,"TUR"
"279","677",1,"TUR"
"413","677",2,"TUR"
"572","677",1,"TUR"
"4","678",1,"TUR"
"15","678",1,"TUR"
"21","678",1,"TUR"
"26","678",1,"TUR"
"32","678",1,"TUR"
"34","678",1,"TUR"
"47","678",1,"TUR"
"55","678",1,"TUR"
"68","678",1,"TUR"
"311","678",1,"TUR"
"317","678",1,"TUR"
"463","678",1,"TUR"
"575","678",2,"TUR"
"632","678",1,"TUR"
"1","679",2,"TUR"
"4","679",1,"TUR"
"56","679",1,"TUR"
"305","679",1,"TUR"
"445","679",1,"TUR"
"646","679",1,"TUR"
"1","680",3,"TUR"
"4","680",1,"TUR"
"29","680",1,"TUR"
"32","680",1,"TUR"
"64","680",1,"TUR"
"89","680",1,"TUR"
"190","680",1,"TUR"
"251","680",1,"TUR"
"282","680",1,"TUR"
"1","681",1,"TUR"
"25","681",3,"TUR"
"64","681",1,"TUR"
"88","681",1,"TUR"
"573","681",1,"TUR"
"3","682",1,"TUR"
"60","682",1,"TUR"
"63","682",1,"TUR"
"77","682",1,"TUR"
"165","682",2,"TUR"
"176","682",1,"TUR"
"287","682",1,"TUR"
"603","682",1,"TUR"
"647","682",1,"TUR"
"4","683",1,"TUR"
"25","683",1,"TUR"
"34","683",1,"TUR"
"47","683",1,"TUR"
"133","683",1,"TUR"
"203","683",1,"TUR"
"211","683",1,"TUR"
"219","683",9,"TUR"
"232","683",1,"TUR"
"300","683",1,"TUR"
"16","684",1,"TUR"
"26","684",1,"TUR"
"101","684",1,"TUR"
"109","684",1,"TUR"
"134","684",7,"TUR"
"188","684",1,"TUR"
"4","685",1,"TUR"
"29","685",1,"TUR"
"131","685",1,"TUR"
"173","685",1,"TUR"
"190","685",1,"TUR"
"208","685",1,"TUR"
"211","685",1,"TUR"
"381","685",1,"TUR"
"431","685",1,"TUR"
"434","685",1,"TUR"
"1","686",1,"TUR"
"2","686",1,"TUR"
"3","686",1,"TUR"
"5","686",2,"TUR"
"18","686",1,"TUR"
"22","686",1,"TUR"
"26","686",1,"TUR"
"82","686",1,"TUR"
"90","686",2,"TUR"
"93","686",1,"TUR"
"103","686",1,"TUR"
"184","686",1,"TUR"
"212","686",1,"TUR"
"247","686",1,"TUR"
"248","686",1,"TUR"
"283","686",1,"TUR"
"425","686",1,"TUR"
"3","687",1,"TUR"
"10","687",1,"TUR"
"16","687",1,"TUR"
"56","687",1,"TUR"
"73","687",1,"TUR"
"103","687",1,"TUR"
"232","687",1,"TUR"
"259","687",1,"TUR"
"682","687",1,"TUR"
"1","688",2,"TUR"
"3","688",2,"TUR"
"22","688",1,"TUR"
"52","688",1,"TUR"
"180","688",1,"TUR"
"242","688",1,"TUR"
"271","688",1,"TUR"
"306","688",1,"TUR"
"370","688",1,"TUR"
"432","688",1,"TUR"
"571","688",1,"TUR"
"597","688",1,"TUR"
"634","688",1,"TUR"
"644","688",1,"TUR"
"1","689",1,"TUR"
"2","689",1,"TUR"
"4","689",1,"TUR"
"14","689",1,"TUR"
"24","689",1,"TUR"
"49","689",1,"TUR"
"52","689",1,"TUR"
"75","689",1,"TUR"
"77","689",1,"TUR"
"180","689",1,"TUR"
"209","689",1,"TUR"
"323","689",1,"TUR"
"395","689",1,"TUR"
"627","689",1,"TUR"
"1","690",2,"TUR"
"2","690",1,"TUR"
"5","690",1,"TUR"
"9","690",1,"TUR"
"37","690",1,"TUR"
"364","690",1,"TUR"
"408","690",1,"TUR"
"497","690",5,"TUR"
"32","691",6,"TUR"
"118","691",2,"TUR"
"214","691",1,"TUR"
"222","691",1,"TUR"
"336","691",1,"TUR"
"359","691",1,"TUR"
"374","691",1,"TUR"
"377","691",1,"TUR"
"421","691",1,"TUR"
"431","691",1,"TUR"
"451","691",1,"TUR"
"541","691",1,"TUR"
"594","691",1,"TUR"
"597","691",1,"TUR"
"1","692",1,"TUR"
"6","692",5,"TUR"
"12","692",2,"TUR"
"24","692",1,"TUR"
"42","692",1,"TUR"
"45","692",1,"TUR"
"71","692",1,"TUR"
"193","692",1,"TUR"
"262","692",1,"TUR"
"300","692",1,"TUR"
"376","692",1,"TUR"
"557","692",1,"TUR"
"665","692",1,"TUR"
"1","693",1,"TUR"
"5","693",1,"TUR"
"9","693",1,"TUR"
"10","693",1,"TUR"
"15","693",1,"TUR"
"70","693",1,"TUR"
"89","693",1,"TUR"
"130","693",1,"TUR"
"191","693",1,"TUR"
"393","693",1,"TUR"
"485","693",1,"TUR"
"2","694",1,"TUR"
"58","694",4,"TUR"
"132","694",1,"TUR"
"167","694",1,"TUR"
"295","694",1,"TUR"
"443","694",1,"TUR"
"460","694",1,"TUR"
"568","694",3,"TUR"
"10","695",1,"TUR"
"18","695",1,"TUR"
"25","695",1,"TUR"
"34","695",1,"TUR"
"46","695",1,"TUR"
"75","695",5,"TUR"
"113","695",1,"TUR"
"136","695",2,"TUR"
"156","695",2,"TUR"
"290","695",1,"TUR"
"358","695",1,"TUR"
"442","695",1,"TUR"
"449","695",3,"TUR"
"454","695",1,"TUR"
"1","696",1,"TUR"
"2","696",1,"TUR"
"5","696",1,"TUR"
"8","696",2,"TUR"
"9","696",3,"TUR"
"60","696",1,"TUR"
"193","696",1,"TUR"
"229","696",1,"TUR"
"441","696",1,"TUR"
"454","696",1,"TUR"
"646","696",1,"TUR"
"647","696",1,"TUR"
"665","696",1,"TUR"
"696","696",1,"TUR"
"1","697",1,"TUR"
"3","697",1,"TUR"
"8","697",1,"TUR"
"25","697",1,"TUR"
"50","697",1,"TUR"
"56","697",1,"TUR"
"71","697",1,"TUR"
"74","697",1,"TUR"
"92","697",1,"TUR"
"119","697",1,"TUR"
"120","697",1,"TUR"
"171","697",1,"TUR"
"585","697",1,"TUR"
"1","698",1,"TUR"
"2","698",1,"TUR"
"3","698",1,"TUR"
"4","698",2,"TUR"
"12","698",1,"TUR"
"18","698",1,"TUR"
"51","698",1,"TUR"
"91","698",1,"TUR"
"133","698",1,"TUR"
"157","698",1,"TUR"
"183","698",1,"TUR"
"185","698",1,"TUR"
"219","698",1,"TUR"
"590","698",6,"TUR"
"1","699",1,"TUR"
"4","699",1,"TUR"
"6","699",2,"TUR"
"17","699",1,"TUR"
"149","699",1,"TUR"
"602","699",1,"TUR"
"609","699",1,"TUR"
"610","699",1,"TUR"
"641","699",1,"TUR"
"691","699",1,"TUR"
"4","700",2,"TUR"
"11","700",1,"TUR"
"54","700",2,"TUR"
"71","700",1,"TUR"
"76","700",3,"TUR"
"107","700",2,"TUR"
"120","700",1,"TUR"
"187","700",1,"TUR"
"442","700",1,"TUR"
"547","700",2,"TUR"
"2","701",1,"TUR"
"55","701",1,"TUR"
"63","701",1,"TUR"
"103","701",1,"TUR"
"275","701",1,"TUR"
"590","701",1,"TUR"
"1","702",6,"TUR"
"5","702",5,"TUR"
"6","702",1,"TUR"
"20","702",1,"TUR"
"31","702",1,"TUR"
"70","702",1,"TUR"
"75","702",1,"TUR"
"80","702",1,"TUR"
"128","702",1,"TUR"
"172","702",1,"TUR"
"188","702",1,"TUR"
"265","702",2,"TUR"
"347","702",1,"TUR"
"358","702",1,"TUR"
"634","702",1,"TUR"
"1","703",1,"TUR"
"4","703",2,"TUR"
"22","703",1,"TUR"
"67","703",2,"TUR"
"156","703",1,"TUR"
"7","704",1,"TUR"
"10","704",2,"TUR"
"42","704",3,"TUR"
"82","704",1,"TUR"
"87","704",1,"TUR"
"2","705",1,"TUR"
"5","705",1,"TUR"
"6","705",1,"TUR"
"17","705",2,"TUR"
"28","705",1,"TUR"
"103","705",1,"TUR"
"175","705",1,"TUR"
"190","705",2,"TUR"
"325","705",1,"TUR"
"424","705",1,"TUR"
"453","705",1,"TUR"
"657","705",1,"TUR"
"1","706",1,"TUR"
"3","706",5,"TUR"
"7","706",1,"TUR"
"8","706",1,"TUR"
"17","706",1,"TUR"
"37","706",1,"TUR"
"43","706",1,"TUR"
"95","706",1,"TUR"
"96","706",1,"TUR"
"99","706",1,"TUR"
"105","706",1,"TUR"
"149","706",1,"TUR"
"189","706",1,"TUR"
"253","706",1,"TUR"
"295","706",1,"TUR"
"7","707",1,"TUR"
"8","707",1,"TUR"
"24","707",1,"TUR"
"25","707",1,"TUR"
"36","707",1,"TUR"
"37","707",1,"TUR"
"45","707",1,"TUR"
"67","707",1,"TUR"
"70","707",1,"TUR"
"100","707",1,"TUR"
"108","707",1,"TUR"
"139","707",1,"TUR"
"171","707",1,"TUR"
"473","707",1,"TUR"
"502","707",1,"TUR"
"1","708",3,"TUR"
"4","708",1,"TUR"
"6","708",3,"TUR"
"10","708",1,"TUR"
"567","708",1,"TUR"
"5","709",5,"TUR"
"20","709",2,"TUR"
"30","709",1,"TUR"
"33","709",2,"TUR"
"40","709",1,"TUR"
"53","709",1,"TUR"
"70","709",3,"TUR"
"127","709",1,"TUR"
"14","710",1,"TUR"
"96","710",1,"TUR"
"104","710",3,"TUR"
"191","710",1,"TUR"
"565","710",1,"TUR"
"614","710",1,"TUR"
"642","710",2,"TUR"
"1","711",1,"TUR"
"2","711",3,"TUR"
"3","711",11,"TUR"
"45","711",1,"TUR"
"73","711",1,"TUR"
"120","711",1,"TUR"
"144","711",1,"TUR"
"406","711",1,"TUR"
"453","711",1,"TUR"
"653","711",1,"TUR"
"679","711",1,"TUR"
"2","712",2,"TUR"
"43","712",1,"TUR"
"60","712",1,"TUR"
"68","712",1,"TUR"
"118","712",1,"TUR"
"124","712",1,"TUR"
"135","712",1,"TUR"
"159","712",1,"TUR"
"228","712",1,"TUR"
"524","712",1,"TUR"
"593","712",1,"TUR"
"594","712",1,"TUR"
"599","712",1,"TUR"
"2","713",1,"TUR"
"4","713",1,"TUR"
"29","713",1,"TUR"
"88","713",2,"TUR"
"121","713",1,"TUR"
"246","713",1,"TUR"
"292","713",1,"TUR"
"447","713",1,"TUR"
"471","713",1,"TUR"
"3","714",1,"TUR"
"4","714",7,"TUR"
"5","714",2,"TUR"
"9","714",1,"TUR"
"22","714",1,"TUR"
"28","714",1,"TUR"
"103","714",1,"TUR"
"105","714",1,"TUR"
"153","714",1,"TUR"
"155","714",1,"TUR"
"159","714",1,"TUR"
"183","714",1,"TUR"
"393","714",2,"TUR"
"1","715",1,"TUR"
"3","715",1,"TUR"
"7","715",1,"TUR"
"22","715",1,"TUR"
"30","715",1,"TUR"
"241","715",1,"TUR"
"430","715",1,"TUR"
"446","715",1,"TUR"
"571","715",1,"TUR"
"1","716",2,"TUR"
"3","716",2,"TUR"
"4","716",2,"TUR"
"33","716",1,"TUR"
"47","716",1,"TUR"
"111","716",1,"TUR"
"127","716",1,"TUR"
"188","716",1,"TUR"
"210","716",1,"TUR"
"364","716",1,"TUR"
"518","716",2,"TUR"
"542","716",1,"TUR"
"615","716",3,"TUR"
"5","717",3,"TUR"
"8","717",10,"TUR"
"12","717",1,"TUR"
"21","717",1,"TUR"
"157","717",1,"TUR"
"199","717",1,"TUR"
"225","717",1,"TUR"
"269","717",1,"TUR"
"300","717",1,"TUR"
"642","717",1,"TUR"
"1","718",1,"TUR"
"5","718",1,"TUR"
"16","718",1,"TUR"
"44","718",1,"TUR"
"81","718",1,"TUR"
"97","718",1,"TUR"
"189","718",1,"TUR"
"234","718",3,"TUR"
"325","718",1,"TUR"
"478","718",1,"TUR"
"486","718",1,"TUR"
"513","718",2,"TUR"
"1","719",1,"TUR"
"3","719",1,"TUR"
"4","719",1,"TUR"
"14","719",1,"TUR"
"15","719",1,"TUR"
"23","719",1,"TUR"
"25","719",1,"TUR"
"93","719",1,"TUR"
"106","719",1,"TUR"
"147","719",1,"TUR"
"152","719",1,"TUR"
"179","719",1,"TUR"
"231","719",1,"TUR"
"305","719",1,"TUR"
"441","719",1,"TUR"
"521","719",1,"TUR"
"578","719",1,"TUR"
"638","719",1,"TUR"
"2","720",3,"TUR"
"16","720",10,"TUR"
"62","720",1,"TUR"
"108","720",1,"TUR"
"115","720",1,"TUR"
"292","720",1,"TUR"
"293","720",1,"TUR"
"434","720",1,"TUR"
"452","720",1,"TUR"
"492","720",2,"TUR"
"622","720",1,"TUR"
"2","721",2,"TUR"
"4","721",1,"TUR"
"20","721",1,"TUR"
"129","721",3,"TUR"
"138","721",1,"TUR"
"179","721",1,"TUR"
"245","721",1,"TUR"
"266","721",1,"TUR"
"623","721",1,"TUR"
"2","722",1,"TUR"
"7","722",1,"TUR"
"9","722",1,"TUR"
"15","722",1,"TUR"
"64","722",1,"TUR"
"74","722",1,"TUR"
"83","722",1,"TUR"
"91","722",1,"TUR"
"143","722",1,"TUR"
"169","722",1,"TUR"
"211","722",1,"TUR"
"494","722",1,"TUR"
"645","722",1,"TUR"
"653","722",1,"TUR"
"690","722",1,"TUR"
"715","722",1,"TUR"
"2","723",3,"TUR"
"4","723",1,"TUR"
"9","723",1,"TUR"
"13","723",1,"TUR"
"34","723",1,"TUR"
"40","723",1,"TUR"
"303","723",1,"TUR"
"312","723",2,"TUR"
"364","723",1,"TUR"
"442","723",1,"TUR"
"615","723",2,"TUR"
"643","723",1,"TUR"
"5","724",2,"TUR"
"18","724",1,"TUR"
"23","724",1,"TUR"
"39","724",2,"TUR"
"51","724",1,"TUR"
"67","724",3,"TUR"
"179","724",1,"TUR"
"217","724",1,"TUR"
"232","724",2,"TUR"
"347","724",1,"TUR"
"657","724",1,"TUR"
"1","725",2,"TUR"
"4","725",1,"TUR"
"13","725",4,"TUR"
"15","725",1,"TUR"
"23","725",1,"TUR"
"27","725",1,"TUR"
"96","725",1,"TUR"
"110","725",1,"TUR"
"241","725",1,"TUR"
"542","725",1,"TUR"
"553","725",1,"TUR"
"723","725",1,"TUR"
"1","726",1,"TUR"
"8","726",1,"TUR"
"61","726",1,"TUR"
"107","726",2,"TUR"
"187","726",1,"TUR"
"215","726",1,"TUR"
"233","726",1,"TUR"
"304","726",1,"TUR"
"394","726",1,"TUR"
"533","726",1,"TUR"
"22","727",1,"TUR"
"39","727",1,"TUR"
"60","727",1,"TUR"
"63","727",1,"TUR"
"122","727",1,"TUR"
"136","727",1,"TUR"
"367","727",1,"TUR"
"388","727",1,"TUR"
"5","728",1,"TUR"
"11","728",1,"TUR"
"19","728",1,"TUR"
"24","728",1,"TUR"
"30","728",1,"TUR"
"100","728",1,"TUR"
"116","728",1,"TUR"
"319","728",2,"TUR"
"605","728",1,"TUR"
"694","728",1,"TUR"
"9","729",1,"TUR"
"27","729",1,"TUR"
"63","729",1,"TUR"
"224","729",1,"TUR"
"386","729",1,"TUR"
"2","730",6,"TUR"
"16","730",1,"TUR"
"21","730",1,"TUR"
"40","730",1,"TUR"
"43","730",1,"TUR"
"63","730",1,"TUR"
"116","730",1,"TUR"
"212","730",1,"TUR"
"241","730",3,"TUR"
"319","730",1,"TUR"
"641","730",1,"TUR"
"1","731",1,"TUR"
"5","731",6,"TUR"
"11","731",2,"TUR"
"78","731",1,"TUR"
"144","731",1,"TUR"
"201","731",3,"TUR"
"206","731",1,"TUR"
"239","731",1,"TUR"
"529","731",1,"TUR"
"1","732",1,"TUR"
"4","732",6,"TUR"
"49","732",1,"TUR"
"101","732",1,"TUR"
"201","732",5,"TUR"
"248","732",1,"TUR"
"258","732",1,"TUR"
"285","732",1,"TUR"
"466","732",1,"TUR"
"505","732",1,"TUR"
"529","732",1,"TUR"
"30","733",1,"TUR"
"35","733",1,"TUR"
"38","733",1,"TUR"
"59","733",1,"TUR"
"96","733",1,"TUR"
"103","733",1,"TUR"
"112","733",1,"TUR"
"128","733",1,"TUR"
"144","733",1,"TUR"
"201","733",1,"TUR"
"209","733",1,"TUR"
"251","733",1,"TUR"
"284","733",1,"TUR"
"306","733",1,"TUR"
"365","733",1,"TUR"
"466","733",1,"TUR"
"491","733",1,"TUR"
"658","733",1,"TUR"
"1","734",1,"TUR"
"7","734",1,"TUR"
"10","734",1,"TUR"
"35","734",4,"TUR"
"53","734",1,"TUR"
"67","734",1,"TUR"
"311","734",1,"TUR"
"474","734",1,"TUR"
"507","734",1,"TUR"
"624","734",2,"TUR"
"13","735",1,"TUR"
"17","735",1,"TUR"
"26","735",1,"TUR"
"50","735",1,"TUR"
"71","735",1,"TUR"
"82","735",2,"TUR"
"109","735",1,"TUR"
"182","735",3,"TUR"
"264","735",1,"TUR"
"284","735",1,"TUR"
"297","735",1,"TUR"
"331","735",1,"TUR"
"488","735",1,"TUR"
"539","735",1,"TUR"
"592","735",1,"TUR"
"2","736",1,"TUR"
"3","736",2,"TUR"
"10","736",1,"TUR"
"16","736",1,"TUR"
"22","736",1,"TUR"
"79","736",1,"TUR"
"103","736",2,"TUR"
"147","736",1,"TUR"
"189","736",1,"TUR"
"499","736",4,"TUR"
"514","736",1,"TUR"
"532","736",1,"TUR"
"549","736",1,"TUR"
"575","736",1,"TUR"
"735","736",1,"TUR"
"2","737",1,"TUR"
"4","737",1,"TUR"
"14","737",1,"TUR"
"19","737",1,"TUR"
"68","737",1,"TUR"
"79","737",1,"TUR"
"145","737",1,"TUR"
"210","737",1,"TUR"
"215","737",1,"TUR"
"254","737",1,"TUR"
"267","737",1,"TUR"
"296","737",1,"TUR"
"354","737",1,"TUR"
"1","738",1,"TUR"
"75","738",1,"TUR"
"81","738",1,"TUR"
"131","738",1,"TUR"
"165","738",1,"TUR"
"371","738",1,"TUR"
"408","738",1,"TUR"
"513","738",1,"TUR"
"1","739",1,"TUR"
"4","739",5,"TUR"
"19","739",1,"TUR"
"36","739",1,"TUR"
"72","739",1,"TUR"
"141","739",1,"TUR"
"221","739",1,"TUR"
"231","739",1,"TUR"
"737","739",1,"TUR"
"4","740",1,"TUR"
"5","740",1,"TUR"
"24","740",1,"TUR"
"105","740",1,"TUR"
"261","740",1,"TUR"
"292","740",1,"TUR"
"378","740",1,"TUR"
"386","740",1,"TUR"
"497","740",1,"TUR"
"620","740",1,"TUR"
"638","740",1,"TUR"
"696","740",1,"TUR"
"740","740",1,"TUR"
"1","741",1,"TUR"
"14","741",3,"TUR"
"48","741",1,"TUR"
"168","741",1,"TUR"
"264","741",1,"TUR"
"265","741",1,"TUR"
"384","741",1,"TUR"
"400","741",1,"TUR"
"424","741",1,"TUR"
"542","741",1,"TUR"
"707","741",1,"TUR"
"710","741",1,"TUR"
"1","742",1,"TUR"
"11","742",4,"TUR"
"53","742",1,"TUR"
"70","742",1,"TUR"
"114","742",1,"TUR"
"233","742",2,"TUR"
"310","742",1,"TUR"
"362","742",1,"TUR"
"487","742",1,"TUR"
"2","743",1,"TUR"
"4","743",2,"TUR"
"5","743",1,"TUR"
"6","743",1,"TUR"
"16","743",1,"TUR"
"160","743",1,"TUR"
"166","743",1,"TUR"
"257","743",1,"TUR"
"339","743",1,"TUR"
"519","743",1,"TUR"
"587","743",1,"TUR"
"1","744",1,"TUR"
"17","744",1,"TUR"
"18","744",1,"TUR"
"20","744",1,"TUR"
"23","744",1,"TUR"
"93","744",1,"TUR"
"144","744",1,"TUR"
"166","744",1,"TUR"
"191","744",3,"TUR"
"205","744",2,"TUR"
"523","744",1,"TUR"
"1","745",3,"TUR"
"4","745",4,"TUR"
"19","745",1,"TUR"
"36","745",2,"TUR"
"78","745",1,"TUR"
"85","745",1,"TUR"
"144","745",1,"TUR"
"347","745",1,"TUR"
"11","746",1,"TUR"
"14","746",2,"TUR"
"18","746",3,"TUR"
"20","746",1,"TUR"
"96","746",1,"TUR"
"132","746",1,"TUR"
"151","746",1,"TUR"
"352","746",1,"TUR"
"501","746",1,"TUR"
"628","746",2,"TUR"
"3","747",1,"TUR"
"124","747",3,"TUR"
"241","747",2,"TUR"
"407","747",3,"TUR"
"738","747",1,"TUR"
"1","748",1,"TUR"
"11","748",1,"TUR"
"18","748",1,"TUR"
"30","748",1,"TUR"
"48","748",1,"TUR"
"61","748",2,"TUR"
"99","748",1,"TUR"
"113","748",1,"TUR"
"196","748",1,"TUR"
"462","748",1,"TUR"
"693","748",1,"TUR"
"1","749",1,"TUR"
"2","749",4,"TUR"
"25","749",1,"TUR"
"30","749",1,"TUR"
"32","749",1,"TUR"
"185","749",1,"TUR"
"278","749",1,"TUR"
"281","749",1,"TUR"
"453","749",1,"TUR"
"454","749",1,"TUR"
"510","749",1,"TUR"
"1","750",1,"TUR"
"2","750",1,"TUR"
"12","750",1,"TUR"
"17","750",1,"TUR"
"27","750",1,"TUR"
"75","750",1,"TUR"
"146","750",1,"TUR"
"196","750",1,"TUR"
"257","750",1,"TUR"
"274","750",3,"TUR"
"421","750",1,"TUR"
"511","750",1,"TUR"
"547","750",1,"TUR"
"564","750",1,"TUR"
"704","750",1,"TUR"
"2","751",3,"TUR"
"188","751",1,"TUR"
"191","751",1,"TUR"
"316","751",1,"TUR"
"515","751",1,"TUR"
"570","751",1,"TUR"
"601","751",1,"TUR"
"1","752",2,"TUR"
"2","752",4,"TUR"
"275","752",1,"TUR"
"752","752",1,"TUR"
"5","753",2,"TUR"
"48","753",1,"TUR"
"58","753",1,"TUR"
"78","753",1,"TUR"
"79","753",1,"TUR"
"143","753",1,"TUR"
"194","753",1,"TUR"
"212","753",1,"TUR"
"227","753",1,"TUR"
"249","753",1,"TUR"
"351","753",1,"TUR"
"509","753",1,"TUR"
"743","753",1,"TUR"
"2","754",1,"TUR"
"9","754",1,"TUR"
"10","754",1,"TUR"
"12","754",1,"TUR"
"71","754",2,"TUR"
"77","754",2,"TUR"
"201","754",1,"TUR"
"454","754",2,"TUR"
"604","754",1,"TUR"
"10","755",1,"TUR"
"135","755",2,"TUR"
"243","755",1,"TUR"
"468","755",1,"TUR"
"492","755",2,"TUR"
"4","756",1,"TUR"
"10","756",3,"TUR"
"11","756",1,"TUR"
"122","756",2,"TUR"
"201","756",1,"TUR"
"228","756",1,"TUR"
"282","756",1,"TUR"
"396","756",1,"TUR"
"423","756",1,"TUR"
"424","756",1,"TUR"
"474","756",1,"TUR"
"650","756",1,"TUR"
"708","756",1,"TUR"
"3","757",1,"TUR"
"18","757",1,"TUR"
"44","757",1,"TUR"
"72","757",1,"TUR"
"85","757",1,"TUR"
"90","757",1,"TUR"
"112","757",1,"TUR"
"251","757",1,"TUR"
"310","757",1,"TUR"
"357","757",1,"TUR"
"457","757",1,"TUR"
"684","757",1,"TUR"
"710","757",1,"TUR"
"1","758",1,"TUR"
"5","758",1,"TUR"
"333","758",1,"TUR"
"363","758",1,"TUR"
"410","758",1,"TUR"
"516","758",1,"TUR"
"604","758",2,"TUR"
"735","758",1,"TUR"
"751","758",1,"TUR"
"2","759",1,"TUR"
"4","759",1,"TUR"
"5","759",1,"TUR"
"6","759",1,"TUR"
"17","759",1,"TUR"
"27","759",1,"TUR"
"52","759",2,"TUR"
"92","759",1,"TUR"
"274","759",1,"TUR"
"277","759",1,"TUR"
"308","759",2,"TUR"
"318","759",1,"TUR"
"370","759",1,"TUR"
"379","759",1,"TUR"
"419","759",1,"TUR"
"17","760",1,"TUR"
"308","760",2,"TUR"
"336","760",7,"TUR"
"2","761",1,"TUR"
"3","761",1,"TUR"
"12","761",1,"TUR"
"13","761",2,"TUR"
"16","761",1,"TUR"
"136","761",1,"TUR"
"210","761",1,"TUR"
"540","761",1,"TUR"
"2","762",1,"TUR"
"14","762",1,"TUR"
"26","762",1,"TUR"
"46","762",1,"TUR"
"47","762",1,"TUR"
"190","762",1,"TUR"
"281","762",1,"TUR"
"327","762",1,"TUR"
"417","762",1,"TUR"
"450","762",1,"TUR"
"761","762",1,"TUR"
"12","763",1,"TUR"
"17","763",1,"TUR"
"22","763",5,"TUR"
"87","763",2,"TUR"
"131","763",3,"TUR"
"207","763",1,"TUR"
"330","763",2,"TUR"
"511","763",3,"TUR"
"1","764",2,"TUR"
"5","764",1,"TUR"
"37","764",2,"TUR"
"163","764",1,"TUR"
"182","764",1,"TUR"
"208","764",1,"TUR"
"275","764",1,"TUR"
"318","764",1,"TUR"
"401","764",1,"TUR"
"550","764",1,"TUR"
"4","765",1,"TUR"
"31","765",1,"TUR"
"57","765",1,"TUR"
"62","765",1,"TUR"
"313","765",1,"TUR"
"410","765",1,"TUR"
"562","765",1,"TUR"
"583","765",1,"TUR"
"2","766",1,"TUR"
"4","766",2,"TUR"
"99","766",2,"TUR"
"232","766",1,"TUR"
"766","766",1,"TUR"
"1","767",1,"TUR"
"3","767",2,"TUR"
"4","767",1,"TUR"
"6","767",2,"TUR"
"9","767",2,"TUR"
"11","767",1,"TUR"
"124","767",1,"TUR"
"175","767",1,"TUR"
"718","767",1,"TUR"
"1","768",2,"TUR"
"19","768",1,"TUR"
"143","768",1,"TUR"
"293","768",1,"TUR"
"327","768",2,"TUR"
"409","768",2,"TUR"
"564","768",1,"TUR"
"12","769",1,"TUR"
"18","769",1,"TUR"
"20","769",1,"TUR"
"44","769",2,"TUR"
"73","769",1,"TUR"
"301","769",1,"TUR"
"302","769",1,"TUR"
"666","769",1,"TUR"
"698","769",1,"TUR"
"1","770",1,"TUR"
"5","770",1,"TUR"
"23","770",1,"TUR"
"114","770",1,"TUR"
"340","770",1,"TUR"
"437","770",1,"TUR"
"450","770",1,"TUR"
"614","770",1,"TUR"
"642","770",1,"TUR"
"1","771",5,"TUR"
"7","771",1,"TUR"
"85","771",1,"TUR"
"95","771",1,"TUR"
"180","771",2,"TUR"
"197","771",1,"TUR"
"200","771",2,"TUR"
"253","771",6,"TUR"
"483","771",1,"TUR"
"606","771",1,"TUR"
"2","772",1,"TUR"
"4","772",1,"TUR"
"5","772",2,"TUR"
"6","772",1,"TUR"
"10","772",1,"TUR"
"13","772",1,"TUR"
"19","772",1,"TUR"
"24","772",1,"TUR"
"51","772",1,"TUR"
"57","772",1,"TUR"
"68","772",1,"TUR"
"132","772",1,"TUR"
"135","772",1,"TUR"
"404","772",1,"TUR"
"660","772",1,"TUR"
"765","772",1,"TUR"
"1","773",1,"TUR"
"3","773",5,"TUR"
"4","773",1,"TUR"
"5","773",1,"TUR"
"44","773",4,"TUR"
"61","773",1,"TUR"
"71","773",1,"TUR"
"159","773",1,"TUR"
"575","773",1,"TUR"
"743","773",1,"TUR"
"17","774",1,"TUR"
"19","774",1,"TUR"
"61","774",1,"TUR"
"111","774",9,"TUR"
"136","774",5,"TUR"
"422","774",1,"TUR"
"574","774",1,"TUR"
"30","775",1,"TUR"
"50","775",1,"TUR"
"79","775",5,"TUR"
"87","775",4,"TUR"
"499","775",1,"TUR"
"557","775",2,"TUR"
"2","776",1,"TUR"
"38","776",1,"TUR"
"71","776",1,"TUR"
"77","776",1,"TUR"
"115","776",1,"TUR"
"117","776",4,"TUR"
"266","776",1,"TUR"
"668","776",2,"TUR"
"1","777",1,"TUR"
"3","777",1,"TUR"
"6","777",1,"TUR"
"7","777",1,"TUR"
"26","777",1,"TUR"
"49","777",1,"TUR"
"70","777",1,"TUR"
"104","777",1,"TUR"
"235","777",1,"TUR"
"266","777",1,"TUR"
"307","777",2,"TUR"
"1","778",2,"TUR"
"2","778",1,"TUR"
"3","778",4,"TUR"
"81","778",1,"TUR"
"154","778",1,"TUR"
"169","778",1,"TUR"
"258","778",1,"TUR"
"329","778",1,"TUR"
"348","778",1,"TUR"
"646","778",1,"TUR"
"5","779",1,"TUR"
"24","779",2,"TUR"
"58","779",3,"TUR"
"75","779",1,"TUR"
"111","779",1,"TUR"
"125","779",1,"TUR"
"197","779",2,"TUR"
"592","779",1,"TUR"
"7","780",1,"TUR"
"15","780",1,"TUR"
"44","780",1,"TUR"
"65","780",1,"TUR"
"134","780",1,"TUR"
"224","780",1,"TUR"
"656","780",3,"TUR"
"746","780",3,"TUR"
"1","781",3,"TUR"
"21","781",1,"TUR"
"38","781",2,"TUR"
"45","781",1,"TUR"
"47","781",1,"TUR"
"86","781",1,"TUR"
"95","781",1,"TUR"
"124","781",1,"TUR"
"250","781",1,"TUR"
"348","781",1,"TUR"
"414","781",1,"TUR"
"591","781",1,"TUR"
"1","782",1,"TUR"
"4","782",1,"TUR"
"88","782",1,"TUR"
"146","782",1,"TUR"
"153","782",1,"TUR"
"222","782",2,"TUR"
"277","782",1,"TUR"
"279","782",2,"TUR"
"310","782",1,"TUR"
"700","782",1,"TUR"
"762","782",1,"TUR"
"1","783",2,"TUR"
"4","783",2,"TUR"
"6","783",3,"TUR"
"17","783",1,"TUR"
"34","783",1,"TUR"
"124","783",1,"TUR"
"133","783",1,"TUR"
"157","783",1,"TUR"
"221","783",1,"TUR"
"319","783",1,"TUR"
"463","783",1,"TUR"
"591","783",1,"TUR"
"643","783",1,"TUR"
"691","783",1,"TUR"
"2","784",1,"TUR"
"5","784",1,"TUR"
"6","784",1,"TUR"
"18","784",1,"TUR"
"33","784",1,"TUR"
"38","784",1,"TUR"
"40","784",1,"TUR"
"81","784",1,"TUR"
"151","784",1,"TUR"
"201","784",1,"TUR"
"382","784",1,"TUR"
"429","784",2,"TUR"
"519","784",1,"TUR"
"734","784",1,"TUR"
"2","785",1,"TUR"
"5","785",1,"TUR"
"7","785",1,"TUR"
"19","785",1,"TUR"
"94","785",1,"TUR"
"462","785",1,"TUR"
"677","785",1,"TUR"
"2","786",1,"TUR"
"3","786",1,"TUR"
"5","786",1,"TUR"
"14","786",1,"TUR"
"65","786",1,"TUR"
"75","786",1,"TUR"
"82","786",1,"TUR"
"87","786",1,"TUR"
"268","786",1,"TUR"
"574","786",1,"TUR"
"656","786",6,"TUR"
"2","787",1,"TUR"
"123","787",5,"TUR"
"259","787",1,"TUR"
"394","787",1,"TUR"
"593","787",1,"TUR"
"682","787",1,"TUR"
"2","788",1,"TUR"
"3","788",4,"TUR"
"5","788",1,"TUR"
"16","788",3,"TUR"
"24","788",1,"TUR"
"68","788",1,"TUR"
"112","788",1,"TUR"
"130","788",1,"TUR"
"174","788",1,"TUR"
"204","788",1,"TUR"
"212","788",1,"TUR"
"284","788",1,"TUR"
"296","788",1,"TUR"
"328","788",1,"TUR"
"519","788",1,"TUR"
"2","789",5,"TUR"
"5","789",1,"TUR"
"7","789",1,"TUR"
"30","789",1,"TUR"
"34","789",1,"TUR"
"56","789",1,"TUR"
"443","789",1,"TUR"
"627","789",1,"TUR"
"689","789",1,"TUR"
"2","790",1,"TUR"
"4","790",1,"TUR"
"27","790",1,"TUR"
"40","790",3,"TUR"
"61","790",1,"TUR"
"86","790",3,"TUR"
"384","790",1,"TUR"
"449","790",3,"TUR"
"548","790",1,"TUR"
"595","790",1,"TUR"
"1","791",2,"TUR"
"3","791",1,"TUR"
"5","791",1,"TUR"
"15","791",2,"TUR"
"22","791",1,"TUR"
"312","791",1,"TUR"
"363","791",1,"TUR"
"573","791",1,"TUR"
"1","792",1,"TUR"
"3","792",1,"TUR"
"5","792",1,"TUR"
"10","792",2,"TUR"
"28","792",2,"TUR"
"42","792",1,"TUR"
"57","792",1,"TUR"
"60","792",1,"TUR"
"106","792",1,"TUR"
"306","792",5,"TUR"
"435","792",1,"TUR"
"436","792",1,"TUR"
"443","792",1,"TUR"
"568","792",1,"TUR"
"1","793",2,"TUR"
"5","793",2,"TUR"
"10","793",2,"TUR"
"22","793",1,"TUR"
"45","793",1,"TUR"
"97","793",1,"TUR"
"146","793",1,"TUR"
"219","793",1,"TUR"
"232","793",1,"TUR"
"389","793",1,"TUR"
"673","793",1,"TUR"
"211","794",1,"TUR"
"524","794",1,"TUR"
"630","794",1,"TUR"
"2","795",1,"TUR"
"7","795",1,"TUR"
"23","795",1,"TUR"
"44","795",1,"TUR"
"96","795",1,"TUR"
"99","795",1,"TUR"
"103","795",1,"TUR"
"208","795",4,"TUR"
"239","795",1,"TUR"
"344","795",1,"TUR"
"484","795",1,"TUR"
"520","795",1,"TUR"
"585","795",1,"TUR"
"591","795",1,"TUR"
"651","795",1,"TUR"
"21","796",1,"TUR"
"35","796",2,"TUR"
"38","796",1,"TUR"
"59","796",1,"TUR"
"117","796",2,"TUR"
"130","796",1,"TUR"
"207","796",1,"TUR"
"227","796",1,"TUR"
"271","796",1,"TUR"
"501","796",1,"TUR"
"576","796",1,"TUR"
"776","796",1,"TUR"
"1","797",1,"TUR"
"5","797",1,"TUR"
"15","797",1,"TUR"
"33","797",1,"TUR"
"117","797",1,"TUR"
"121","797",1,"TUR"
"158","797",1,"TUR"
"204","797",1,"TUR"
"207","797",1,"TUR"
"365","797",2,"TUR"
"506","797",1,"TUR"
"3","798",1,"TUR"
"10","798",2,"TUR"
"217","798",1,"TUR"
"1","799",1,"TUR"
"2","799",2,"TUR"
"12","799",1,"TUR"
"27","799",1,"TUR"
"30","799",1,"TUR"
"56","799",1,"TUR"
"233","799",1,"TUR"
"425","799",1,"TUR"
"460","799",1,"TUR"
"618","799",1,"TUR"
"719","799",1,"TUR"
"4","800",3,"TUR"
"7","800",1,"TUR"
"42","800",1,"TUR"
"64","800",1,"TUR"
"102","800",1,"TUR"
"154","800",1,"TUR"
"162","800",1,"TUR"
"179","800",1,"TUR"
"196","800",2,"TUR"
"311","800",2,"TUR"
"496","800",1,"TUR"
"2","801",1,"TUR"
"3","801",1,"TUR"
"12","801",1,"TUR"
"13","801",1,"TUR"
"135","801",1,"TUR"
"142","801",1,"TUR"
"200","801",1,"TUR"
"236","801",1,"TUR"
"495","801",1,"TUR"
"638","801",3,"TUR"
"1","802",1,"TUR"
"2","802",2,"TUR"
"6","802",1,"TUR"
"9","802",1,"TUR"
"13","802",1,"TUR"
"15","802",1,"TUR"
"96","802",1,"TUR"
"141","802",1,"TUR"
"146","802",1,"TUR"
"155","802",1,"TUR"
"202","802",1,"TUR"
"240","802",1,"TUR"
"257","802",1,"TUR"
"327","802",1,"TUR"
"363","802",1,"TUR"
"413","802",1,"TUR"
"422","802",1,"TUR"
"522","802",1,"TUR"
"570","802",1,"TUR"
"6","803",2,"TUR"
"7","803",1,"TUR"
"21","803",1,"TUR"
"38","803",1,"TUR"
"61","803",1,"TUR"
"82","803",1,"TUR"
"291","803",1,"TUR"
"1","804",1,"TUR"
"3","804",1,"TUR"
"20","804",4,"TUR"
"70","804",1,"TUR"
"112","804",1,"TUR"
"131","804",1,"TUR"
"174","804",2,"TUR"
"194","804",1,"TUR"
"237","804",1,"TUR"
"417","804",1,"TUR"
"467","804",1,"TUR"
"565","804",1,"TUR"
"595","804",1,"TUR"
"636","804",1,"TUR"
"1","805",1,"TUR"
"2","805",1,"TUR"
"7","805",1,"TUR"
"10","805",1,"TUR"
"34","805",1,"TUR"
"618","805",1,"TUR"
"11","806",1,"TUR"
"26","806",1,"TUR"
"102","806",1,"TUR"
"496","806",1,"TUR"
"3","807",1,"TUR"
"4","807",1,"TUR"
"5","807",1,"TUR"
"61","807",1,"TUR"
"80","807",1,"TUR"
"102","807",1,"TUR"
"132","807",1,"TUR"
"611","807",1,"TUR"
"20","808",1,"TUR"
"45","808",3,"TUR"
"64","808",7,"TUR"
"587","808",1,"TUR"
"12","809",1,"TUR"
"20","809",1,"TUR"
"80","809",1,"TUR"
"91","809",1,"TUR"
"99","809",1,"TUR"
"131","809",1,"TUR"
"183","809",1,"TUR"
"292","809",1,"TUR"
"349","809",1,"TUR"
"421","809",1,"TUR"
"639","809",2,"TUR"
"1","810",1,"TUR"
"18","810",1,"TUR"
"26","810",1,"TUR"
"94","810",1,"TUR"
"186","810",1,"TUR"
"376","810",1,"TUR"
"392","810",1,"TUR"
"533","810",1,"TUR"
"1","811",1,"TUR"
"2","811",2,"TUR"
"3","811",2,"TUR"
"5","811",1,"TUR"
"22","811",1,"TUR"
"58","811",1,"TUR"
"93","811",1,"TUR"
"290","811",1,"TUR"
"300","811",1,"TUR"
"469","811",1,"TUR"
"641","811",1,"TUR"
"810","811",1,"TUR"
"1","812",2,"TUR"
"2","812",1,"TUR"
"3","812",1,"TUR"
"10","812",1,"TUR"
"25","812",1,"TUR"
"98","812",1,"TUR"
"124","812",1,"TUR"
"324","812",2,"TUR"
"410","812",1,"TUR"
"468","812",1,"TUR"
"522","812",1,"TUR"
"1","813",1,"TUR"
"5","813",3,"TUR"
"10","813",1,"TUR"
"15","813",1,"TUR"
"20","813",1,"TUR"
"144","813",1,"TUR"
"230","813",1,"TUR"
"745","813",1,"TUR"
"1","814",1,"TUR"
"5","814",1,"TUR"
"8","814",1,"TUR"
"9","814",1,"TUR"
"12","814",1,"TUR"
"13","814",1,"TUR"
"21","814",1,"TUR"
"42","814",3,"TUR"
"46","814",1,"TUR"
"93","814",1,"TUR"
"203","814",1,"TUR"
"218","814",1,"TUR"
"298","814",1,"TUR"
"782","814",1,"TUR"
"6","815",1,"TUR"
"13","815",1,"TUR"
"36","815",1,"TUR"
"59","815",3,"TUR"
"96","815",1,"TUR"
"121","815",1,"TUR"
"177","815",2,"TUR"
"378","815",1,"TUR"
"423","815",1,"TUR"
"1","816",1,"TUR"
"12","816",1,"TUR"
"20","816",8,"TUR"
"23","816",1,"TUR"
"456","816",3,"TUR"
"538","816",2,"TUR"
"564","816",1,"TUR"
"1","817",1,"TUR"
"2","817",6,"TUR"
"5","817",1,"TUR"
"21","817",1,"TUR"
"42","817",1,"TUR"
"44","817",1,"TUR"
"45","817",1,"TUR"
"119","817",1,"TUR"
"217","817",1,"TUR"
"457","817",1,"TUR"
"706","817",1,"TUR"
"2","818",1,"TUR"
"29","818",1,"TUR"
"116","818",1,"TUR"
"203","818",1,"TUR"
"650","818",1,"TUR"
"766","818",1,"TUR"
"2","819",1,"TUR"
"4","819",1,"TUR"
"6","819",1,"TUR"
"10","819",2,"TUR"
"37","819",1,"TUR"
"116","819",1,"TUR"
"192","819",1,"TUR"
"196","819",1,"TUR"
"251","819",1,"TUR"
"267","819",1,"TUR"
"375","819",1,"TUR"
"571","819",1,"TUR"
"647","819",1,"TUR"
"4","820",2,"TUR"
"12","820",1,"TUR"
"43","820",1,"TUR"
"46","820",2,"TUR"
"57","820",1,"TUR"
"139","820",1,"TUR"
"163","820",1,"TUR"
"220","820",1,"TUR"
"313","820",1,"TUR"
"357","820",1,"TUR"
"1","821",2,"TUR"
"3","821",1,"TUR"
"19","821",1,"TUR"
"53","821",1,"TUR"
"64","821",1,"TUR"
"71","821",1,"TUR"
"187","821",3,"TUR"
"236","821",1,"TUR"
"725","821",1,"TUR"
"801","821",1,"TUR"
"5","822",1,"TUR"
"7","822",1,"TUR"
"20","822",1,"TUR"
"106","822",1,"TUR"
"108","822",1,"TUR"
"148","822",1,"TUR"
"410","822",1,"TUR"
"570","822",1,"TUR"
"686","822",1,"TUR"
"718","822",1,"TUR"
"770","822",1,"TUR"
"77","823",2,"TUR"
"85","823",1,"TUR"
"150","823",1,"TUR"
"162","823",1,"TUR"
"215","823",2,"TUR"
"357","823",1,"TUR"
"553","823",1,"TUR"
"759","823",1,"TUR"
"2","824",2,"TUR"
"7","824",1,"TUR"
"11","824",1,"TUR"
"29","824",1,"TUR"
"198","824",1,"TUR"
"267","824",1,"TUR"
"279","824",1,"TUR"
"335","824",1,"TUR"
"486","824",1,"TUR"
"613","824",1,"TUR"
"680","824",1,"TUR"
"721","824",1,"TUR"
"2","825",1,"TUR"
"3","825",2,"TUR"
"12","825",1,"TUR"
"21","825",1,"TUR"
"22","825",2,"TUR"
"28","825",2,"TUR"
"37","825",1,"TUR"
"63","825",1,"TUR"
"65","825",1,"TUR"
"74","825",1,"TUR"
"78","825",1,"TUR"
"105","825",1,"TUR"
"212","825",2,"TUR"
"243","825",1,"TUR"
"1","826",1,"TUR"
"14","826",1,"TUR"
"19","826",1,"TUR"
"156","826",1,"TUR"
"162","826",1,"TUR"
"399","826",1,"TUR"
"1","827",2,"TUR"
"7","827",1,"TUR"
"19","827",1,"TUR"
"20","827",1,"TUR"
"36","827",1,"TUR"
"113","827",1,"TUR"
"748","827",1,"TUR"
"769","827",1,"TUR"
"1","828",2,"TUR"
"7","828",2,"TUR"
"18","828",1,"TUR"
"20","828",1,"TUR"
"24","828",1,"TUR"
"257","828",1,"TUR"
"1","829",3,"TUR"
"4","829",1,"TUR"
"33","829",1,"TUR"
"35","829",1,"TUR"
"57","829",1,"TUR"
"330","829",2,"TUR"
"678","829",1,"TUR"
"4","830",3,"TUR"
"11","830",1,"TUR"
"33","830",2,"TUR"
"40","830",1,"TUR"
"47","830",1,"TUR"
"158","830",1,"TUR"
"170","830",1,"TUR"
"219","830",1,"TUR"
"331","830",2,"TUR"
"444","830",1,"TUR"
"476","830",1,"TUR"
"667","830",1,"TUR"
"797","830",1,"TUR"
"8","831",1,"TUR"
"16","831",1,"TUR"
"23","831",1,"TUR"
"27","831",1,"TUR"
"28","831",1,"TUR"
"66","831",1,"TUR"
"97","831",1,"TUR"
"241","831",2,"TUR"
"603","831",1,"TUR"
"1","832",4,"TUR"
"5","832",2,"TUR"
"24","832",1,"TUR"
"47","832",1,"TUR"
"87","832",1,"TUR"
"152","832",1,"TUR"
"206","832",1,"TUR"
"289","832",1,"TUR"
"320","832",3,"TUR"
"449","832",2,"TUR"
"651","832",1,"TUR"
"23","833",3,"TUR"
"39","833",1,"TUR"
"91","833",1,"TUR"
"96","833",2,"TUR"
"156","833",3,"TUR"
"185","833",1,"TUR"
"317","833",1,"TUR"
"523","833",3,"TUR"
"662","833",3,"TUR"
"14","834",1,"TUR"
"18","834",1,"TUR"
"27","834",3,"TUR"
"30","834",1,"TUR"
"50","834",1,"TUR"
"81","834",1,"TUR"
"86","834",1,"TUR"
"139","834",1,"TUR"
"219","834",1,"TUR"
"307","834",1,"TUR"
"409","834",1,"TUR"
"418","834",1,"TUR"
"560","834",1,"TUR"
"3","835",1,"TUR"
"6","835",1,"TUR"
"8","835",1,"TUR"
"65","835",1,"TUR"
"129","835",1,"TUR"
"137","835",1,"TUR"
"255","835",1,"TUR"
"270","835",1,"TUR"
"677","835",1,"TUR"
"20","836",2,"TUR"
"39","836",1,"TUR"
"114","836",1,"TUR"
"412","836",1,"TUR"
"430","836",1,"TUR"
"635","836",2,"TUR"
"775","836",1,"TUR"
"806","836",11,"TUR"
"3","837",1,"TUR"
"4","837",1,"TUR"
"18","837",1,"TUR"
"33","837",1,"TUR"
"109","837",2,"TUR"
"126","837",1,"TUR"
"151","837",1,"TUR"
"158","837",1,"TUR"
"185","837",1,"TUR"
"251","837",1,"TUR"
"304","837",1,"TUR"
"331","837",1,"TUR"
"444","837",1,"TUR"
"476","837",1,"TUR"
"509","837",1,"TUR"
"537","837",1,"TUR"
"1","838",1,"TUR"
"2","838",1,"TUR"
"3","838",1,"TUR"
"4","838",2,"TUR"
"18","838",1,"TUR"
"137","838",1,"TUR"
"157","838",1,"TUR"
"173","838",1,"TUR"
"255","838",1,"TUR"
"719","838",1,"TUR"
"825","838",1,"TUR"
"4","839",3,"TUR"
"15","839",1,"TUR"
"18","839",2,"TUR"
"35","839",2,"TUR"
"50","839",1,"TUR"
"109","839",1,"TUR"
"169","839",1,"TUR"
"223","839",2,"TUR"
"473","839",1,"TUR"
"1","840",2,"TUR"
"4","840",1,"TUR"
"24","840",1,"TUR"
"25","840",1,"TUR"
"27","840",1,"TUR"
"51","840",1,"TUR"
"54","840",1,"TUR"
"102","840",1,"TUR"
"141","840",1,"TUR"
"240","840",1,"TUR"
"304","840",1,"TUR"
"323","840",1,"TUR"
"378","840",1,"TUR"
"485","840",1,"TUR"
"586","840",1,"TUR"
"632","840",1,"TUR"
"1","841",2,"TUR"
"2","841",1,"TUR"
"26","841",1,"TUR"
"44","841",1,"TUR"
"50","841",1,"TUR"
"63","841",1,"TUR"
"67","841",2,"TUR"
"78","841",1,"TUR"
"127","841",1,"TUR"
"165","841",1,"TUR"
"205","841",1,"TUR"
"248","841",1,"TUR"
"839","841",1,"TUR"
"2","842",4,"TUR"
"5","842",1,"TUR"
"14","842",1,"TUR"
"160","842",1,"TUR"
"208","842",1,"TUR"
"209","842",1,"TUR"
"220","842",1,"TUR"
"281","842",1,"TUR"
"372","842",1,"TUR"
"842","842",1,"TUR"
"1","843",1,"TUR"
"2","843",1,"TUR"
"6","843",1,"TUR"
"8","843",2,"TUR"
"9","843",1,"TUR"
"17","843",1,"TUR"
"25","843",1,"TUR"
"147","843",1,"TUR"
"175","843",1,"TUR"
"288","843",1,"TUR"
"323","843",1,"TUR"
"437","843",1,"TUR"
"569","843",1,"TUR"
"580","843",1,"TUR"
"109","844",1,"TUR"
"267","844",1,"TUR"
"300","844",1,"TUR"
"803","844",1,"TUR"
"831","844",1,"TUR"
"1","845",1,"TUR"
"30","845",2,"TUR"
"81","845",1,"TUR"
"86","845",1,"TUR"
"99","845",1,"TUR"
"130","845",1,"TUR"
"228","845",1,"TUR"
"386","845",1,"TUR"
"443","845",1,"TUR"
"509","845",1,"TUR"
"1","846",1,"TUR"
"3","846",4,"TUR"
"15","846",1,"TUR"
"17","846",1,"TUR"
"55","846",1,"TUR"
"61","846",1,"TUR"
"174","846",1,"TUR"
"181","846",1,"TUR"
"231","846",2,"TUR"
"258","846",1,"TUR"
"479","846",1,"TUR"
"716","846",1,"TUR"
"6","847",1,"TUR"
"7","847",2,"TUR"
"20","847",1,"TUR"
"27","847",1,"TUR"
"28","847",1,"TUR"
"30","847",6,"TUR"
"36","847",1,"TUR"
"79","847",1,"TUR"
"130","847",2,"TUR"
"207","847",2,"TUR"
"476","847",1,"TUR"
"715","847",1,"TUR"
"2","848",1,"TUR"
"3","848",1,"TUR"
"6","848",2,"TUR"
"11","848",1,"TUR"
"22","848",2,"TUR"
"28","848",1,"TUR"
"105","848",1,"TUR"
"110","848",1,"TUR"
"148","848",1,"TUR"
"155","848",1,"TUR"
"204","848",1,"TUR"
"302","848",1,"TUR"
"366","848",1,"TUR"
"409","848",1,"TUR"
"458","848",1,"TUR"
"478","848",1,"TUR"
"726","848",1,"TUR"
"8","849",1,"TUR"
"16","849",2,"TUR"
"27","849",1,"TUR"
"105","849",1,"TUR"
"189","849",1,"TUR"
"265","849",1,"TUR"
"525","849",1,"TUR"
"849","849",1,"TUR"
"2","850",1,"TUR"
"3","850",1,"TUR"
"8","850",1,"TUR"
"10","850",1,"TUR"
"12","850",1,"TUR"
"215","850",1,"TUR"
"640","850",1,"TUR"
"850","850",1,"TUR"
"2","851",1,"TUR"
"3","851",1,"TUR"
"7","851",1,"TUR"
"34","851",1,"TUR"
"51","851",1,"TUR"
"53","851",1,"TUR"
"147","851",1,"TUR"
"255","851",1,"TUR"
"276","851",1,"TUR"
"300","851",1,"TUR"
"382","851",3,"TUR"
"5","852",1,"TUR"
"40","852",2,"TUR"
"86","852",1,"TUR"
"106","852",1,"TUR"
"115","852",1,"TUR"
"126","852",1,"TUR"
"180","852",1,"TUR"
"202","852",1,"TUR"
"302","852",1,"TUR"
"333","852",1,"TUR"
"368","852",2,"TUR"
"572","852",1,"TUR"
"1","853",1,"TUR"
"2","853",5,"TUR"
"4","853",2,"TUR"
"6","853",1,"TUR"
"10","853",1,"TUR"
"49","853",1,"TUR"
"62","853",1,"TUR"
"182","853",1,"TUR"
"264","853",1,"TUR"
"286","853",1,"TUR"
"463","853",1,"TUR"
"2","854",4,"TUR"
"3","854",1,"TUR"
"4","854",1,"TUR"
"13","854",1,"TUR"
"90","854",9,"TUR"
"194","854",1,"TUR"
"567","854",1,"TUR"
"590","854",1,"TUR"
"1","855",1,"TUR"
"2","855",1,"TUR"
"71","855",1,"TUR"
"483","855",1,"TUR"
"505","855",1,"TUR"
"512","855",1,"TUR"
"567","855",1,"TUR"
"768","855",1,"TUR"
"3","856",1,"TUR"
"6","856",1,"TUR"
"24","856",1,"TUR"
"34","856",1,"TUR"
"86","856",1,"TUR"
"151","856",1,"TUR"
"230","856",1,"TUR"
"548","856",1,"TUR"
"650","856",3,"TUR"
"4","857",1,"TUR"
"19","857",1,"TUR"
"30","857",1,"TUR"
"32","857",1,"TUR"
"33","857",1,"TUR"
"136","857",4,"TUR"
"156","857",1,"TUR"
"342","857",3,"TUR"
"539","857",1,"TUR"
"684","857",1,"TUR"
"3","858",2,"TUR"
"5","858",1,"TUR"
"22","858",1,"TUR"
"56","858",2,"TUR"
"101","858",1,"TUR"
"109","858",1,"TUR"
"143","858",1,"TUR"
"226","858",1,"TUR"
"450","858",1,"TUR"
"9","859",1,"TUR"
"15","859",1,"TUR"
"40","859",1,"TUR"
"106","859",1,"TUR"
"125","859",3,"TUR"
"179","859",2,"TUR"
"210","859",2,"TUR"
"233","859",1,"TUR"
"266","859",1,"TUR"
"303","859",1,"TUR"
"437","859",1,"TUR"
"632","859",1,"TUR"
"678","859",1,"TUR"
"817","859",1,"TUR"
"2","860",1,"TUR"
"12","860",3,"TUR"
"18","860",1,"TUR"
"98","860",1,"TUR"
"148","860",1,"TUR"
"213","860",1,"TUR"
"299","860",1,"TUR"
"349","860",1,"TUR"
"638","860",1,"TUR"
"803","860",1,"TUR"
"3","861",1,"TUR"
"15","861",1,"TUR"
"79","861",1,"TUR"
"166","861",1,"TUR"
"175","861",1,"TUR"
"372","861",1,"TUR"
"424","861",1,"TUR"
"537","861",1,"TUR"
"540","861",1,"TUR"
"774","861",1,"TUR"
"4","862",1,"TUR"
"20","862",1,"TUR"
"33","862",1,"TUR"
"49","862",1,"TUR"
"109","862",1,"TUR"
"138","862",3,"TUR"
"139","862",1,"TUR"
"221","862",1,"TUR"
"341","862",1,"TUR"
"483","862",1,"TUR"
"560","862",1,"TUR"
"655","862",1,"TUR"
"739","862",1,"TUR"
"2","863",1,"TUR"
"4","863",1,"TUR"
"7","863",2,"TUR"
"14","863",2,"TUR"
"24","863",1,"TUR"
"169","863",1,"TUR"
"307","863",1,"TUR"
"543","863",1,"TUR"
"674","863",1,"TUR"
"2","864",1,"TUR"
"5","864",1,"TUR"
"43","864",1,"TUR"
"46","864",2,"TUR"
"151","864",1,"TUR"
"193","864",1,"TUR"
"386","864",1,"TUR"
"522","864",1,"TUR"
"677","864",1,"TUR"
"692","864",1,"TUR"
"4","865",1,"TUR"
"7","865",1,"TUR"
"75","865",1,"TUR"
"84","865",1,"TUR"
"112","865",1,"TUR"
"198","865",1,"TUR"
"306","865",1,"TUR"
"309","865",1,"TUR"
"323","865",1,"TUR"
"506","865",2,"TUR"
"792","865",1,"TUR"
"809","865",1,"TUR"
"6","866",1,"TUR"
"35","866",1,"TUR"
"70","866",1,"TUR"
"81","866",1,"TUR"
"127","866",1,"TUR"
"128","866",1,"TUR"
"251","866",1,"TUR"
"466","866",1,"TUR"
"506","866",1,"TUR"
"551","866",1,"TUR"
"575","866",1,"TUR"
"658","866",2,"TUR"
"1","867",1,"TUR"
"18","867",1,"TUR"
"57","867",2,"TUR"
"229","867",1,"TUR"
"401","867",1,"TUR"
"409","867",1,"TUR"
"455","867",1,"TUR"
"793","867",1,"TUR"
"2","868",3,"TUR"
"7","868",1,"TUR"
"12","868",1,"TUR"
"18","868",1,"TUR"
"113","868",1,"TUR"
"580","868",1,"TUR"
"588","868",1,"TUR"
"700","868",1,"TUR"
"7","869",1,"TUR"
"20","869",3,"TUR"
"32","869",1,"TUR"
"70","869",1,"TUR"
"106","869",1,"TUR"
"174","869",1,"TUR"
"12","870",2,"TUR"
"48","870",1,"TUR"
"61","870",1,"TUR"
"247","870",1,"TUR"
"468","870",1,"TUR"
"3","871",1,"TUR"
"20","871",1,"TUR"
"28","871",1,"TUR"
"66","871",1,"TUR"
"102","871",1,"TUR"
"499","871",1,"TUR"
"17","872",2,"TUR"
"34","872",1,"TUR"
"172","872",1,"TUR"
"299","872",1,"TUR"
"584","872",1,"TUR"
"4","873",2,"TUR"
"5","873",1,"TUR"
"8","873",1,"TUR"
"29","873",1,"TUR"
"35","873",1,"TUR"
"70","873",1,"TUR"
"121","873",1,"TUR"
"279","873",1,"TUR"
"438","873",1,"TUR"
"1","874",3,"TUR"
"4","874",1,"TUR"
"10","874",1,"TUR"
"51","874",1,"TUR"
"71","874",1,"TUR"
"84","874",1,"TUR"
"253","874",1,"TUR"
"457","874",1,"TUR"
"761","874",1,"TUR"
"854","874",1,"TUR"
"2","875",2,"TUR"
"4","875",1,"TUR"
"6","875",1,"TUR"
"16","875",2,"TUR"
"26","875",1,"TUR"
"56","875",1,"TUR"
"86","875",1,"TUR"
"115","875",1,"TUR"
"364","875",1,"TUR"
"374","875",1,"TUR"
"738","875",1,"TUR"
"875","875",2,"TUR"
"10","876",2,"TUR"
"82","876",1,"TUR"
"127","876",1,"TUR"
"220","876",1,"TUR"
"317","876",1,"TUR"
"1","877",1,"TUR"
"2","877",1,"TUR"
"3","877",1,"TUR"
"7","877",1,"TUR"
"10","877",2,"TUR"
"25","877",1,"TUR"
"27","877",1,"TUR"
"44","877",1,"TUR"
"53","877",1,"TUR"
"642","877",1,"TUR"
"11","878",2,"TUR"
"60","878",1,"TUR"
"238","878",1,"TUR"
"276","878",1,"TUR"
"298","878",1,"TUR"
"379","878",1,"TUR"
"693","878",1,"TUR"
"738","878",1,"TUR"
"756","878",1,"TUR"
"10","879",1,"TUR"
"33","879",1,"TUR"
"47","879",1,"TUR"
"69","879",1,"TUR"
"183","879",1,"TUR"
"197","879",1,"TUR"
"606","879",1,"TUR"
"649","879",1,"TUR"
"654","879",1,"TUR"
"846","879",1,"TUR"
"1","880",1,"TUR"
"2","880",1,"TUR"
"6","880",1,"TUR"
"8","880",1,"TUR"
"58","880",1,"TUR"
"95","880",1,"TUR"
"226","880",1,"TUR"
"253","880",1,"TUR"
"311","880",1,"TUR"
"324","880",1,"TUR"
"378","880",1,"TUR"
"1","881",1,"TUR"
"7","881",1,"TUR"
"14","881",1,"TUR"
"101","881",1,"TUR"
"189","881",1,"TUR"
"191","881",1,"TUR"
"207","881",1,"TUR"
"221","881",1,"TUR"
"581","881",1,"TUR"
"1","882",1,"TUR"
"19","882",1,"TUR"
"21","882",9,"TUR"
"291","882",1,"TUR"
"6","883",1,"TUR"
"21","883",1,"TUR"
"60","883",1,"TUR"
"131","883",1,"TUR"
"157","883",1,"TUR"
"277","883",1,"TUR"
"296","883",1,"TUR"
"596","883",1,"TUR"
"788","883",1,"TUR"
"791","883",1,"TUR"
"42","884",1,"TUR"
"61","884",1,"TUR"
"70","884",1,"TUR"
"356","884",1,"TUR"
"742","884",2,"TUR"
"799","884",1,"TUR"
"884","884",1,"TUR"
"1","885",2,"TUR"
"6","885",1,"TUR"
"17","885",8,"TUR"
"129","885",1,"TUR"
"287","885",1,"TUR"
"15","886",1,"TUR"
"21","886",2,"TUR"
"30","886",1,"TUR"
"50","886",2,"TUR"
"86","886",1,"TUR"
"115","886",2,"TUR"
"203","886",2,"TUR"
"272","886",1,"TUR"
"331","886",1,"TUR"
"389","886",1,"TUR"
"577","886",1,"TUR"
"1","887",1,"TUR"
"2","887",1,"TUR"
"36","887",1,"TUR"
"40","887",1,"TUR"
"104","887",4,"TUR"
"262","887",2,"TUR"
"554","887",8,"TUR"
"581","887",2,"TUR"
"3","888",1,"TUR"
"6","888",1,"TUR"
"8","888",1,"TUR"
"22","888",2,"TUR"
"29","888",1,"TUR"
"37","888",1,"TUR"
"103","888",3,"TUR"
"174","888",1,"TUR"
"322","888",1,"TUR"
"619","888",1,"TUR"
"1","889",1,"TUR"
"6","889",1,"TUR"
"37","889",1,"TUR"
"43","889",2,"TUR"
"50","889",8,"TUR"
"114","889",1,"TUR"
"124","889",1,"TUR"
"280","889",1,"TUR"
"295","889",1,"TUR"
"298","889",1,"TUR"
"387","889",1,"TUR"
"42","890",1,"TUR"
"48","890",1,"TUR"
"60","890",1,"TUR"
"447","890",1,"TUR"
"480","890",4,"TUR"
"545","890",3,"TUR"
"778","890",1,"TUR"
"782","890",2,"TUR"
"8","891",1,"TUR"
"32","891",5,"TUR"
"62","891",1,"TUR"
"135","891",1,"TUR"
"385","891",1,"TUR"
"604","891",1,"TUR"
"1","892",1,"TUR"
"9","892",1,"TUR"
"118","892",3,"TUR"
"214","892",1,"TUR"
"324","892",1,"TUR"
"336","892",1,"TUR"
"410","892",1,"TUR"
"468","892",1,"TUR"
"594","892",2,"TUR"
"604","892",2,"TUR"
"699","892",1,"TUR"
"722","892",1,"TUR"
"21","893",1,"TUR"
"29","893",1,"TUR"
"60","893",1,"TUR"
"217","893",1,"TUR"
"222","893",1,"TUR"
"316","893",2,"TUR"
"363","893",1,"TUR"
"374","893",1,"TUR"
"586","893",1,"TUR"
"699","893",1,"TUR"
"1","894",1,"TUR"
"32","894",2,"TUR"
"42","894",1,"TUR"
"93","894",1,"TUR"
"108","894",1,"TUR"
"135","894",1,"TUR"
"217","894",2,"TUR"
"234","894",1,"TUR"
"259","894",1,"TUR"
"350","894",1,"TUR"
"431","894",1,"TUR"
"822","894",1,"TUR"
"12","895",1,"TUR"
"18","895",1,"TUR"
"22","895",1,"TUR"
"26","895",1,"TUR"
"119","895",1,"TUR"
"180","895",1,"TUR"
"185","895",1,"TUR"
"239","895",1,"TUR"
"535","895",1,"TUR"
"658","895",1,"TUR"
"4","896",1,"TUR"
"5","896",1,"TUR"
"6","896",1,"TUR"
"12","896",1,"TUR"
"17","896",2,"TUR"
"33","896",1,"TUR"
"286","896",1,"TUR"
"389","896",1,"TUR"
"483","896",1,"TUR"
"775","896",1,"TUR"
"183","897",1,"TUR"
"244","897",1,"TUR"
"270","897",1,"TUR"
"275","897",4,"TUR"
"4","898",1,"TUR"
"10","898",1,"TUR"
"18","898",1,"TUR"
"21","898",1,"TUR"
"55","898",1,"TUR"
"68","898",1,"TUR"
"100","898",1,"TUR"
"540","898",1,"TUR"
"705","898",1,"TUR"
"883","898",1,"TUR"
"16","899",2,"TUR"
"17","899",2,"TUR"
"75","899",1,"TUR"
"111","899",3,"TUR"
"150","899",2,"TUR"
"170","899",1,"TUR"
"253","899",1,"TUR"
"288","899",1,"TUR"
"325","899",1,"TUR"
"559","899",1,"TUR"
"5","900",1,"TUR"
"7","900",1,"TUR"
"29","900",1,"TUR"
"51","900",1,"TUR"
"108","900",1,"TUR"
"111","900",1,"TUR"
"150","900",1,"TUR"
"246","900",1,"TUR"
"561","900",1,"TUR"
"794","900",1,"TUR"
"900","900",1,"TUR"
"1","901",1,"TUR"
"37","901",1,"TUR"
"48","901",1,"TUR"
"160","901",1,"TUR"
"259","901",2,"TUR"
"413","901",1,"TUR"
"688","901",1,"TUR"
"1","902",4,"TUR"
"12","902",1,"TUR"
"16","902",1,"TUR"
"36","902",1,"TUR"
"122","902",1,"TUR"
"321","902",1,"TUR"
"642","902",1,"TUR"
"754","902",1,"TUR"
"881","902",1,"TUR"
"6","903",1,"TUR"
"10","903",1,"TUR"
"24","903",1,"TUR"
"44","903",1,"TUR"
"57","903",1,"TUR"
"72","903",1,"TUR"
"84","903",1,"TUR"
"324","903",1,"TUR"
"792","903",1,"TUR"
"848","903",1,"TUR"
"2","904",1,"TUR"
"3","904",1,"TUR"
"4","904",1,"TUR"
"27","904",1,"TUR"
"29","904",1,"TUR"
"155","904",1,"TUR"
"160","904",1,"TUR"
"183","904",1,"TUR"
"453","904",1,"TUR"
"835","904",1,"TUR"
"872","904",1,"TUR"
"876","904",1,"TUR"
"1","905",3,"TUR"
"3","905",1,"TUR"
"109","905",1,"TUR"
"259","905",1,"TUR"
"412","905",1,"TUR"
"440","905",1,"TUR"
"543","905",1,"TUR"
"821","905",1,"TUR"
"2","906",1,"TUR"
"3","906",1,"TUR"
"11","906",1,"TUR"
"557","906",1,"TUR"
"586","906",1,"TUR"
"33","907",2,"TUR"
"49","907",1,"TUR"
"81","907",2,"TUR"
"106","907",1,"TUR"
"130","907",1,"TUR"
"174","907",1,"TUR"
"185","907",1,"TUR"
"251","907",2,"TUR"
"695","907",1,"TUR"
"709","907",1,"TUR"
"64","908",1,"TUR"
"76","908",1,"TUR"
"95","908",1,"TUR"
"99","908",1,"TUR"
"162","908",1,"TUR"
"233","908",1,"TUR"
"317","908",1,"TUR"
"350","908",1,"TUR"
"484","908",1,"TUR"
"515","908",3,"TUR"
"638","908",1,"TUR"
"691","908",1,"TUR"
"3","909",1,"TUR"
"36","909",1,"TUR"
"51","909",1,"TUR"
"446","909",1,"TUR"
"622","909",1,"TUR"
"7","910",1,"TUR"
"38","910",1,"TUR"
"250","910",1,"TUR"
"335","910",1,"TUR"
"656","910",1,"TUR"
"780","910",1,"TUR"
"856","910",1,"TUR"
"1","911",1,"TUR"
"18","911",1,"TUR"
"22","911",1,"TUR"
"23","911",1,"TUR"
"35","911",1,"TUR"
"66","911",1,"TUR"
"90","911",1,"TUR"
"129","911",2,"TUR"
"156","911",2,"TUR"
"595","911",1,"TUR"
"254","912",11,"TUR"
"5","913",1,"TUR"
"6","913",2,"TUR"
"10","913",1,"TUR"
"11","913",1,"TUR"
"44","913",1,"TUR"
"45","913",1,"TUR"
"146","913",1,"TUR"
"184","913",1,"TUR"
"326","913",1,"TUR"
"748","913",1,"TUR"
"1","914",1,"TUR"
"3","914",1,"TUR"
"5","914",2,"TUR"
"7","914",1,"TUR"
"119","914",1,"TUR"
"235","914",2,"TUR"
"329","914",1,"TUR"
"500","914",1,"TUR"
"506","914",1,"TUR"
"527","914",1,"TUR"
"781","914",1,"TUR"
"3","915",1,"TUR"
"23","915",2,"TUR"
"79","915",3,"TUR"
"96","915",3,"TUR"
"139","915",1,"TUR"
"166","915",1,"TUR"
"305","915",1,"TUR"
"332","915",4,"TUR"
"454","915",1,"TUR"
"1","916",1,"TUR"
"2","916",1,"TUR"
"7","916",1,"TUR"
"11","916",1,"TUR"
"28","916",1,"TUR"
"80","916",3,"TUR"
"100","916",1,"TUR"
"237","916",2,"TUR"
"276","916",2,"TUR"
"286","916",1,"TUR"
"307","916",1,"TUR"
"465","916",1,"TUR"
"546","916",1,"TUR"
"770","916",1,"TUR"
"1","917",1,"TUR"
"2","917",3,"TUR"
"3","917",2,"TUR"
"4","917",1,"TUR"
"112","917",1,"TUR"
"137","917",1,"TUR"
"159","917",1,"TUR"
"216","917",1,"TUR"
"303","917",1,"TUR"
"18","918",1,"TUR"
"56","918",1,"TUR"
"94","918",10,"TUR"
"224","918",1,"TUR"
"370","918",1,"TUR"
"820","918",4,"TUR"
"1","919",1,"TUR"
"2","919",2,"TUR"
"3","919",2,"TUR"
"31","919",2,"TUR"
"76","919",1,"TUR"
"290","919",1,"TUR"
"826","919",4,"TUR"
"891","919",1,"TUR"
"1","920",1,"TUR"
"2","920",1,"TUR"
"6","920",1,"TUR"
"64","920",1,"TUR"
"90","920",1,"TUR"
"309","920",1,"TUR"
"313","920",1,"TUR"
"729","920",1,"TUR"
"750","920",1,"TUR"
"767","920",1,"TUR"
"920","920",1,"TUR"
"2","921",6,"TUR"
"5","921",1,"TUR"
"9","921",1,"TUR"
"18","921",1,"TUR"
"45","921",1,"TUR"
"68","921",1,"TUR"
"73","921",1,"TUR"
"89","921",1,"TUR"
"143","921",1,"TUR"
"177","921",1,"TUR"
"246","921",1,"TUR"
"292","921",1,"TUR"
"460","921",1,"TUR"
"648","921",1,"TUR"
"8","922",1,"TUR"
"25","922",1,"TUR"
"65","922",1,"TUR"
"246","922",1,"TUR"
"282","922",1,"TUR"
"320","922",2,"TUR"
"380","922",1,"TUR"
"410","922",1,"TUR"
"415","922",1,"TUR"
"433","922",1,"TUR"
"592","922",1,"TUR"
"795","922",1,"TUR"
"885","922",2,"TUR"
"1","923",1,"TUR"
"119","923",1,"TUR"
"132","923",1,"TUR"
"159","923",1,"TUR"
"222","923",1,"TUR"
"225","923",6,"TUR"
"241","923",1,"TUR"
"447","923",1,"TUR"
"471","923",1,"TUR"
"488","923",2,"TUR"
"537","923",1,"TUR"
"752","923",1,"TUR"
"1","924",1,"TUR"
"5","924",1,"TUR"
"45","924",1,"TUR"
"49","924",1,"TUR"
"60","924",1,"TUR"
"71","924",1,"TUR"
"103","924",1,"TUR"
"271","924",2,"TUR"
"295","924",1,"TUR"
"490","924",1,"TUR"
"1","925",2,"TUR"
"4","925",1,"TUR"
"10","925",1,"TUR"
"24","925",2,"TUR"
"89","925",1,"TUR"
"106","925",1,"TUR"
"212","925",1,"TUR"
"377","925",1,"TUR"
"379","925",1,"TUR"
"659","925",1,"TUR"
"1","926",1,"TUR"
"179","926",1,"TUR"
"660","926",1,"TUR"
"850","926",1,"TUR"
"1","927",2,"TUR"
"2","927",1,"TUR"
"53","927",1,"TUR"
"61","927",1,"TUR"
"187","927",1,"TUR"
"200","927",2,"TUR"
"258","927",1,"TUR"
"314","927",1,"TUR"
"408","927",2,"TUR"
"523","927",1,"TUR"
"1","928",1,"TUR"
"2","928",1,"TUR"
"9","928",1,"TUR"
"13","928",1,"TUR"
"93","928",1,"TUR"
"114","928",1,"TUR"
"146","928",1,"TUR"
"154","928",1,"TUR"
"228","928",2,"TUR"
"247","928",1,"TUR"
"855","928",1,"TUR"
"1","929",1,"TUR"
"11","929",1,"TUR"
"12","929",1,"TUR"
"17","929",1,"TUR"
"27","929",1,"TUR"
"53","929",2,"TUR"
"70","929",2,"TUR"
"217","929",1,"TUR"
"433","929",1,"TUR"
"580","929",1,"TUR"
"769","929",1,"TUR"
"827","929",1,"TUR"
"1","930",3,"TUR"
"4","930",1,"TUR"
"6","930",1,"TUR"
"69","930",1,"TUR"
"87","930",1,"TUR"
"104","930",2,"TUR"
"580","930",1,"TUR"
"879","930",1,"TUR"
"1","931",2,"TUR"
"18","931",1,"TUR"
"27","931",1,"TUR"
"52","931",1,"TUR"
"60","931",1,"TUR"
"61","931",1,"TUR"
"94","931",1,"TUR"
"417","931",1,"TUR"
"757","931",1,"TUR"
"851","931",1,"TUR"
"2","932",3,"TUR"
"3","932",8,"TUR"
"5","932",1,"TUR"
"17","932",1,"TUR"
"71","932",1,"TUR"
"150","932",1,"TUR"
"340","932",1,"TUR"
"661","932",1,"TUR"
"3","933",7,"TUR"
"5","933",1,"TUR"
"14","933",1,"TUR"
"89","933",1,"TUR"
"147","933",1,"TUR"
"162","933",1,"TUR"
"199","933",1,"TUR"
"452","933",1,"TUR"
"1","934",2,"TUR"
"2","934",1,"TUR"
"11","934",1,"TUR"
"21","934",1,"TUR"
"57","934",1,"TUR"
"60","934",1,"TUR"
"144","934",1,"TUR"
"198","934",1,"TUR"
"363","934",4,"TUR"
"496","934",1,"TUR"
"18","935",1,"TUR"
"67","935",1,"TUR"
"82","935",2,"TUR"
"93","935",1,"TUR"
"203","935",1,"TUR"
"223","935",1,"TUR"
"372","935",1,"TUR"
"425","935",1,"TUR"
"537","935",1,"TUR"
"917","935",1,"TUR"
"3","936",1,"TUR"
"7","936",1,"TUR"
"14","936",1,"TUR"
"39","936",1,"TUR"
"83","936",1,"TUR"
"137","936",1,"TUR"
"195","936",1,"TUR"
"312","936",1,"TUR"
"472","936",1,"TUR"
"550","936",1,"TUR"
"793","936",1,"TUR"
"904","936",1,"TUR"
"905","936",1,"TUR"
"2","937",6,"TUR"
"7","937",1,"TUR"
"8","937",1,"TUR"
"12","937",1,"TUR"
"27","937",1,"TUR"
"29","937",1,"TUR"
"31","937",1,"TUR"
"34","937",1,"TUR"
"73","937",1,"TUR"
"100","937",1,"TUR"
"108","937",1,"TUR"
"460","937",1,"TUR"
"838","937",1,"TUR"
"1","938",2,"TUR"
"4","938",1,"TUR"
"32","938",1,"TUR"
"45","938",1,"TUR"
"189","938",1,"TUR"
"300","938",3,"TUR"
"628","938",2,"TUR"
"900","938",1,"TUR"
"1","939",1,"TUR"
"17","939",1,"TUR"
"37","939",3,"TUR"
"80","939",1,"TUR"
"712","939",1,"TUR"
"6","940",1,"TUR"
"107","940",3,"TUR"
"190","940",1,"TUR"
"233","940",2,"TUR"
"386","940",1,"TUR"
"572","940",1,"TUR"
"712","940",1,"TUR"
"755","940",4,"TUR"
"773","940",1,"TUR"
"50","941",1,"TUR"
"144","941",1,"TUR"
"409","941",1,"TUR"
"515","941",2,"TUR"
"875","941",1,"TUR"
"893","941",1,"TUR"
"931","941",1,"TUR"
"4","942",1,"TUR"
"54","942",2,"TUR"
"149","942",1,"TUR"
"161","942",1,"TUR"
"213","942",1,"TUR"
"314","942",2,"TUR"
"488","942",1,"TUR"
"765","942",1,"TUR"
"892","942",1,"TUR"
"12","943",1,"TUR"
"40","943",1,"TUR"
"42","943",1,"TUR"
"47","943",1,"TUR"
"71","943",1,"TUR"
"99","943",1,"TUR"
"215","943",1,"TUR"
"367","943",1,"TUR"
"581","943",1,"TUR"
"680","943",1,"TUR"
"920","943",1,"TUR"
"1","944",1,"TUR"
"2","944",1,"TUR"
"3","944",1,"TUR"
"7","944",1,"TUR"
"12","944",1,"TUR"
"26","944",1,"TUR"
"45","944",1,"TUR"
"66","944",1,"TUR"
"106","944",1,"TUR"
"120","944",1,"TUR"
"217","944",1,"TUR"
"307","944",1,"TUR"
"941","944",1,"TUR"
"1","945",1,"TUR"
"2","945",2,"TUR"
"3","945",1,"TUR"
"7","945",1,"TUR"
"137","945",1,"TUR"
"280","945",1,"TUR"
"312","945",1,"TUR"
"664","945",1,"TUR"
"1","946",1,"TUR"
"2","946",1,"TUR"
"4","946",1,"TUR"
"57","946",1,"TUR"
"58","946",4,"TUR"
"102","946",3,"TUR"
"257","946",1,"TUR"
"262","946",1,"TUR"
"353","946",1,"TUR"
"539","946",1,"TUR"
"809","946",1,"TUR"
"11","947",1,"TUR"
"40","947",1,"TUR"
"57","947",1,"TUR"
"75","947",1,"TUR"
"121","947",2,"TUR"
"184","947",1,"TUR"
"284","947",1,"TUR"
"340","947",1,"TUR"
"382","947",1,"TUR"
"444","947",1,"TUR"
"466","947",1,"TUR"
"491","947",1,"TUR"
"506","947",2,"TUR"
"1","948",2,"TUR"
"20","948",1,"TUR"
"35","948",2,"TUR"
"59","948",1,"TUR"
"92","948",1,"TUR"
"174","948",1,"TUR"
"201","948",1,"TUR"
"340","948",1,"TUR"
"343","948",1,"TUR"
"506","948",2,"TUR"
"1","949",1,"TUR"
"2","949",1,"TUR"
"14","949",1,"TUR"
"74","949",1,"TUR"
"112","949",1,"TUR"
"228","949",2,"TUR"
"248","949",1,"TUR"
"486","949",1,"TUR"
"613","949",1,"TUR"
"620","949",1,"TUR"
"831","949",1,"TUR"
"863","949",1,"TUR"
"1","950",2,"TUR"
"14","950",1,"TUR"
"41","950",2,"TUR"
"197","950",1,"TUR"
"208","950",1,"TUR"
"333","950",1,"TUR"
"446","950",1,"TUR"
"585","950",1,"TUR"
"651","950",1,"TUR"
"5","951",5,"TUR"
"7","951",1,"TUR"
"20","951",1,"TUR"
"283","951",1,"TUR"
"335","951",3,"TUR"
"440","951",1,"TUR"
"702","951",1,"TUR"
"282","952",1,"TUR"
"368","952",2,"TUR"
"662","952",1,"TUR"
"706","952",1,"TUR"
"779","952",2,"TUR"
"780","952",1,"TUR"
"786","952",1,"TUR"
"5","953",1,"TUR"
"6","953",1,"TUR"
"27","953",1,"TUR"
"42","953",1,"TUR"
"47","953",1,"TUR"
"78","953",1,"TUR"
"84","953",1,"TUR"
"118","953",1,"TUR"
"158","953",1,"TUR"
"288","953",1,"TUR"
"302","953",1,"TUR"
"309","953",1,"TUR"
"349","953",1,"TUR"
"646","953",1,"TUR"
"2","954",1,"TUR"
"72","954",1,"TUR"
"332","954",1,"TUR"
"500","954",1,"TUR"
"622","954",1,"TUR"
"796","954",1,"TUR"
"1","955",1,"TUR"
"3","955",1,"TUR"
"74","955",2,"TUR"
"277","955",1,"TUR"
"286","955",1,"TUR"
"310","955",1,"TUR"
"380","955",1,"TUR"
"442","955",1,"TUR"
"124","956",1,"TUR"
"247","956",1,"TUR"
"251","956",1,"TUR"
"299","956",1,"TUR"
"487","956",2,"TUR"
"595","956",1,"TUR"
"863","956",1,"TUR"
"869","956",1,"TUR"
"1","957",1,"TUR"
"3","957",1,"TUR"
"4","957",1,"TUR"
"5","957",1,"TUR"
"7","957",1,"TUR"
"10","957",1,"TUR"
"18","957",1,"TUR"
"20","957",2,"TUR"
"207","957",1,"TUR"
"443","957",1,"TUR"
"731","957",1,"TUR"
"207","958",1,"TUR"
"330","958",2,"TUR"
"446","958",1,"TUR"
"481","958",1,"TUR"
"568","958",2,"TUR"
"623","958",1,"TUR"
"663","958",1,"TUR"
"844","958",1,"TUR"
"8","959",1,"TUR"
"11","959",1,"TUR"
"14","959",1,"TUR"
"22","959",1,"TUR"
"85","959",1,"TUR"
"116","959",2,"TUR"
"169","959",2,"TUR"
"196","959",1,"TUR"
"303","959",1,"TUR"
"548","959",1,"TUR"
"815","959",1,"TUR"
"2","960",1,"TUR"
"14","960",1,"TUR"
"26","960",2,"TUR"
"153","960",1,"TUR"
"290","960",1,"TUR"
"367","960",1,"TUR"
"402","960",2,"TUR"
"795","960",1,"TUR"
"881","960",1,"TUR"
"950","960",1,"TUR"
"3","961",1,"TUR"
"8","961",1,"TUR"
"22","961",1,"TUR"
"143","961",1,"TUR"
"240","961",1,"TUR"
"596","961",1,"TUR"
"104","962",8,"TUR"
"347","962",2,"TUR"
"881","962",9,"TUR"
"22","963",1,"TUR"
"447","963",1,"TUR"
"952","963",1,"TUR"
"76","964",1,"TUR"
"495","964",3,"TUR"
"504","964",1,"TUR"
"1","965",1,"TUR"
"7","965",1,"TUR"
"15","965",1,"TUR"
"18","965",1,"TUR"
"22","965",1,"TUR"
"87","965",4,"TUR"
"106","965",1,"TUR"
"172","965",1,"TUR"
"219","965",1,"TUR"
"289","965",2,"TUR"
"301","965",1,"TUR"
"491","965",1,"TUR"
"512","965",1,"TUR"
"5","966",1,"TUR"
"40","966",1,"TUR"
"100","966",1,"TUR"
"130","966",1,"TUR"
"243","966",1,"TUR"
"387","966",1,"TUR"
"410","966",1,"TUR"
"544","966",1,"TUR"
"623","966",1,"TUR"
"899","966",1,"TUR"
"908","966",1,"TUR"
"4","967",2,"TUR"
"8","967",1,"TUR"
"22","967",1,"TUR"
"44","967",1,"TUR"
"48","967",1,"TUR"
"71","967",1,"TUR"
"279","967",1,"TUR"
"333","967",1,"TUR"
"450","967",1,"TUR"
"2","968",3,"TUR"
"3","968",1,"TUR"
"4","968",1,"TUR"
"15","968",1,"TUR"
"108","968",1,"TUR"
"189","968",1,"TUR"
"212","968",1,"TUR"
"257","968",1,"TUR"
"622","968",1,"TUR"
"1","969",1,"TUR"
"58","969",1,"TUR"
"184","969",1,"TUR"
"250","969",1,"TUR"
"763","969",1,"TUR"
"969","969",1,"TUR"
"1","970",1,"TUR"
"5","970",1,"TUR"
"11","970",1,"TUR"
"34","970",1,"TUR"
"79","970",1,"TUR"
"101","970",1,"TUR"
"113","970",1,"TUR"
"429","970",1,"TUR"
"517","970",1,"TUR"
"939","970",1,"TUR"
"1","971",3,"TUR"
"11","971",1,"TUR"
"19","971",1,"TUR"
"79","971",1,"TUR"
"80","971",1,"TUR"
"101","971",1,"TUR"
"335","971",1,"TUR"
"672","971",2,"TUR"
"789","971",1,"TUR"
"951","971",1,"TUR"
"4","972",1,"TUR"
"10","972",1,"TUR"
"12","972",1,"TUR"
"44","972",1,"TUR"
"141","972",1,"TUR"
"393","972",1,"TUR"
"473","972",1,"TUR"
"688","972",1,"TUR"
"694","972",2,"TUR"
"762","972",1,"TUR"
"21","973",3,"TUR"
"59","973",4,"TUR"
"68","973",1,"TUR"
"117","973",2,"TUR"
"185","973",1,"TUR"
"270","973",1,"TUR"
"291","973",1,"TUR"
"5","974",1,"TUR"
"7","974",1,"TUR"
"44","974",1,"TUR"
"120","974",1,"TUR"
"191","974",1,"TUR"
"280","974",1,"TUR"
"421","974",3,"TUR"
"583","974",1,"TUR"
"598","974",2,"TUR"
"707","974",1,"TUR"
"12","975",1,"TUR"
"23","975",2,"TUR"
"305","975",2,"TUR"
"1","976",1,"TUR"
"5","976",1,"TUR"
"7","976",1,"TUR"
"11","976",1,"TUR"
"120","976",1,"TUR"
"198","976",1,"TUR"
"655","976",1,"TUR"
"764","976",1,"TUR"
"4","977",1,"TUR"
"16","977",2,"TUR"
"43","977",1,"TUR"
"51","977",1,"TUR"
"62","977",1,"TUR"
"100","977",1,"TUR"
"343","977",1,"TUR"
"486","977",1,"TUR"
"722","977",1,"TUR"
"1","978",2,"TUR"
"3","978",1,"TUR"
"53","978",1,"TUR"
"71","978",1,"TUR"
"213","978",1,"TUR"
"402","978",1,"TUR"
"533","978",1,"TUR"
"777","978",1,"TUR"
"977","978",1,"TUR"
"35","979",4,"TUR"
"134","979",1,"TUR"
"261","979",1,"TUR"
"285","979",1,"TUR"
"502","979",1,"TUR"
"517","979",1,"TUR"
"529","979",1,"TUR"
"576","979",2,"TUR"
"611","979",1,"TUR"
"1","980",3,"TUR"
"2","980",1,"TUR"
"94","980",1,"TUR"
"523","980",2,"TUR"
"620","980",1,"TUR"
"927","980",1,"TUR"
"980","980",1,"TUR"
"1","981",1,"TUR"
"2","981",2,"TUR"
"4","981",1,"TUR"
"20","981",1,"TUR"
"28","981",2,"TUR"
"247","981",3,"TUR"
"288","981",1,"TUR"
"322","981",1,"TUR"
"329","981",1,"TUR"
"3","982",1,"TUR"
"11","982",1,"TUR"
"14","982",1,"TUR"
"58","982",1,"TUR"
"77","982",1,"TUR"
"549","982",1,"TUR"
"656","982",1,"TUR"
"7","983",1,"TUR"
"27","983",1,"TUR"
"31","983",1,"TUR"
"99","983",1,"TUR"
"147","983",1,"TUR"
"198","983",1,"TUR"
"465","983",5,"TUR"
"565","983",1,"TUR"
"932","983",1,"TUR"
"4","984",1,"TUR"
"5","984",1,"TUR"
"10","984",1,"TUR"
"35","984",1,"TUR"
"68","984",1,"TUR"
"86","984",1,"TUR"
"111","984",1,"TUR"
"500","984",1,"TUR"
"504","984",1,"TUR"
"717","984",1,"TUR"
"800","984",1,"TUR"
"314","985",1,"TUR"
"893","985",1,"TUR"
"7","986",1,"TUR"
"53","986",1,"TUR"
"266","986",1,"TUR"
"761","986",1,"TUR"
"1","987",1,"TUR"
"5","987",1,"TUR"
"9","987",1,"TUR"
"37","987",1,"TUR"
"103","987",3,"TUR"
"124","987",1,"TUR"
"5","988",1,"TUR"
"37","988",1,"TUR"
"103","988",1,"TUR"
"148","988",1,"TUR"
"693","988",1,"TUR"
"3","989",1,"TUR"
"5","989",2,"TUR"
"7","989",1,"TUR"
"12","989",1,"TUR"
"42","989",1,"TUR"
"122","989",1,"TUR"
"132","989",1,"TUR"
"183","989",1,"TUR"
"327","989",1,"TUR"
"408","989",2,"TUR"
"521","989",1,"TUR"
"527","989",2,"TUR"
"2","990",2,"TUR"
"30","990",2,"TUR"
"40","990",2,"TUR"
"105","990",1,"TUR"
"185","990",1,"TUR"
"261","990",1,"TUR"
"558","990",1,"TUR"
"664","990",1,"TUR"
"784","990",2,"TUR"
"796","990",1,"TUR"
"14","991",1,"TUR"
"53","991",2,"TUR"
"61","991",1,"TUR"
"151","991",1,"TUR"
"748","991",2,"TUR"
"827","991",1,"TUR"
"884","991",1,"TUR"
"2","992",1,"TUR"
"4","992",1,"TUR"
"9","992",1,"TUR"
"740","992",1,"TUR"
"886","992",1,"TUR"
"928","992",1,"TUR"
"1","993",1,"TUR"
"4","993",1,"TUR"
"31","993",1,"TUR"
"95","993",1,"TUR"
"129","993",1,"TUR"
"214","993",1,"TUR"
"379","993",1,"TUR"
"879","993",1,"TUR"
"8","994",1,"TUR"
"16","994",1,"TUR"
"188","994",3,"TUR"
"297","994",1,"TUR"
"400","994",1,"TUR"
"612","994",1,"TUR"
"911","994",1,"TUR"
"933","994",1,"TUR"
"1","995",2,"TUR"
"3","995",1,"TUR"
"17","995",1,"TUR"
"25","995",1,"TUR"
"37","995",1,"TUR"
"69","995",1,"TUR"
"240","995",1,"TUR"
"334","995",1,"TUR"
"437","995",1,"TUR"
"972","995",1,"TUR"
"2","996",1,"TUR"
"3","996",1,"TUR"
"5","996",1,"TUR"
"128","996",1,"TUR"
"147","996",1,"TUR"
"291","996",1,"TUR"
"469","996",1,"TUR"
"822","996",1,"TUR"
"1","997",1,"TUR"
"2","997",1,"TUR"
"6","997",1,"TUR"
"10","997",1,"TUR"
"38","997",1,"TUR"
"45","997",1,"TUR"
"115","997",1,"TUR"
"204","997",1,"TUR"
"252","997",1,"TUR"
"728","997",1,"TUR"
"870","997",1,"TUR"
"1","998",1,"TUR"
"5","998",2,"TUR"
"6","998",1,"TUR"
"25","998",1,"TUR"
"105","998",1,"TUR"
"263","998",1,"TUR"
"314","998",1,"TUR"
"334","998",1,"TUR"
"379","998",1,"TUR"
"457","998",1,"TUR"
"622","998",1,"TUR"
"864","998",1,"TUR"
"34","999",1,"TUR"
"40","999",2,"TUR"
"65","999",2,"TUR"
"109","999",1,"TUR"
"195","999",1,"TUR"
"244","999",1,"TUR"
"246","999",1,"TUR"
"285","999",1,"TUR"
"537","999",1,"TUR"
"574","999",1,"TUR"
"629","999",1,"TUR"
"1","1000",2,"TUR"
"7","1000",1,"TUR"
"15","1000",1,"TUR"
"129","1000",1,"TUR"
"146","1000",1,"TUR"
"154","1000",2,"TUR"
"216","1000",1,"TUR"
"240","1000",1,"TUR"
"368","1000",1,"TUR"
"400","1000",1,"TUR"
"868","1000",1,"TUR"
"1","1001",1,"TUR"
"6","1001",1,"TUR"
"14","1001",1,"TUR"
"15","1001",1,"TUR"
"41","1001",2,"TUR"
"72","1001",1,"TUR"
"86","1001",1,"TUR"
"366","1001",1,"TUR"
"616","1001",1,"TUR"
"1","1002",2,"TUR"
"14","1002",1,"TUR"
"21","1002",1,"TUR"
"41","1002",2,"TUR"
"60","1002",1,"TUR"
"68","1002",1,"TUR"
"403","1002",1,"TUR"
"673","1002",1,"TUR"
"791","1002",1,"TUR"
"2","1003",5,"TUR"
"3","1003",1,"TUR"
"6","1003",2,"TUR"
"14","1003",1,"TUR"
"18","1003",1,"TUR"
"31","1003",1,"TUR"
"32","1003",1,"TUR"
"147","1003",1,"TUR"
"156","1003",1,"TUR"
"292","1003",2,"TUR"
"468","1003",1,"TUR"
"1","1004",4,"TUR"
"52","1004",1,"TUR"
"88","1004",1,"TUR"
"96","1004",1,"TUR"
"199","1004",1,"TUR"
"247","1004",1,"TUR"
"280","1004",1,"TUR"
"469","1004",1,"TUR"
"902","1004",1,"TUR"
"2","1005",1,"TUR"
"3","1005",1,"TUR"
"10","1005",2,"TUR"
"25","1005",1,"TUR"
"28","1005",1,"TUR"
"136","1005",1,"TUR"
"306","1005",1,"TUR"
"559","1005",1,"TUR"
"562","1005",1,"TUR"
"835","1005",1,"TUR"
"38","1006",1,"TUR"
"40","1006",2,"TUR"
"81","1006",1,"TUR"
"86","1006",1,"TUR"
"117","1006",1,"TUR"
"126","1006",1,"TUR"
"229","1006",1,"TUR"
"261","1006",1,"TUR"
"475","1006",1,"TUR"
"632","1006",2,"TUR"
"1","1007",1,"TUR"
"4","1007",2,"TUR"
"6","1007",1,"TUR"
"19","1007",1,"TUR"
"30","1007",1,"TUR"
"33","1007",1,"TUR"
"40","1007",1,"TUR"
"209","1007",1,"TUR"
"249","1007",1,"TUR"
"2","1008",1,"TUR"
"4","1008",1,"TUR"
"30","1008",1,"TUR"
"33","1008",2,"TUR"
"40","1008",3,"TUR"
"56","1008",1,"TUR"
"130","1008",1,"TUR"
"147","1008",1,"TUR"
"260","1008",1,"TUR"
"855","1008",1,"TUR"
"1","1009",1,"TUR"
"10","1009",1,"TUR"
"13","1009",1,"TUR"
"57","1009",1,"TUR"
"68","1009",1,"TUR"
"76","1009",1,"TUR"
"90","1009",1,"TUR"
"105","1009",1,"TUR"
"196","1009",1,"TUR"
"246","1009",1,"TUR"
"270","1009",1,"TUR"
"317","1009",1,"TUR"
"993","1009",1,"TUR"
"2","1010",1,"TUR"
"5","1010",1,"TUR"
"44","1010",2,"TUR"
"95","1010",1,"TUR"
"130","1010",1,"TUR"
"220","1010",1,"TUR"
"520","1010",1,"TUR"
"628","1010",1,"TUR"
"793","1010",1,"TUR"
"4","1011",1,"TUR"
"40","1011",1,"TUR"
"43","1011",1,"TUR"
"69","1011",1,"TUR"
"79","1011",1,"TUR"
"130","1011",1,"TUR"
"185","1011",1,"TUR"
"198","1011",1,"TUR"
"264","1011",1,"TUR"
"292","1011",1,"TUR"
"416","1011",1,"TUR"
"745","1011",1,"TUR"
"750","1011",1,"TUR"
"780","1011",1,"TUR"
"1","1012",1,"TUR"
"4","1012",1,"TUR"
"39","1012",2,"TUR"
"180","1012",1,"TUR"
"427","1012",1,"TUR"
"473","1012",1,"TUR"
"628","1012",1,"TUR"
"879","1012",1,"TUR"
"6","1013",1,"TUR"
"7","1013",1,"TUR"
"287","1013",1,"TUR"
"437","1013",1,"TUR"
"648","1013",1,"TUR"
"670","1013",1,"TUR"
"684","1013",3,"TUR"
"743","1013",1,"TUR"
"786","1013",1,"TUR"
"2","1014",4,"TUR"
"5","1014",2,"TUR"
"7","1014",1,"TUR"
"10","1014",1,"TUR"
"31","1014",1,"TUR"
"74","1014",1,"TUR"
"268","1014",1,"TUR"
"299","1014",1,"TUR"
"536","1014",1,"TUR"
"654","1014",1,"TUR"
"726","1014",1,"TUR"
"2","1015",1,"TUR"
"34","1015",1,"TUR"
"66","1015",1,"TUR"
"120","1015",1,"TUR"
"163","1015",1,"TUR"
"278","1015",1,"TUR"
"292","1015",1,"TUR"
"489","1015",1,"TUR"
"678","1015",1,"TUR"
"5","1016",1,"TUR"
"19","1016",2,"TUR"
"41","1016",1,"TUR"
"195","1016",1,"TUR"
"269","1016",1,"TUR"
"764","1016",1,"TUR"
"987","1016",1,"TUR"
"1","1017",2,"TUR"
"3","1017",1,"TUR"
"12","1017",1,"TUR"
"44","1017",1,"TUR"
"183","1017",1,"TUR"
"355","1017",1,"TUR"
"550","1017",1,"TUR"
"605","1017",1,"TUR"
"703","1017",1,"TUR"
"1","1018",1,"TUR"
"21","1018",1,"TUR"
"124","1018",1,"TUR"
"173","1018",1,"TUR"
"190","1018",1,"TUR"
"605","1018",1,"TUR"
"715","1018",1,"TUR"
"822","1018",1,"TUR"
"864","1018",1,"TUR"
"1001","1018",1,"TUR"
"1","1019",1,"TUR"
"4","1019",1,"TUR"
"8","1019",1,"TUR"
"28","1019",1,"TUR"
"32","1019",3,"TUR"
"64","1019",1,"TUR"
"305","1019",1,"TUR"
"328","1019",1,"TUR"
"339","1019",1,"TUR"
"361","1019",1,"TUR"
"471","1019",1,"TUR"
"878","1019",1,"TUR"
"35","1020",1,"TUR"
"47","1020",1,"TUR"
"84","1020",1,"TUR"
"251","1020",1,"TUR"
"277","1020",1,"TUR"
"377","1020",1,"TUR"
"791","1020",1,"TUR"
"917","1020",1,"TUR"
"1007","1020",1,"TUR"
"2","1021",1,"TUR"
"6","1021",1,"TUR"
"11","1021",1,"TUR"
"37","1021",1,"TUR"
"57","1021",1,"TUR"
"95","1021",1,"TUR"
"984","1021",1,"TUR"
"1","1022",1,"TUR"
"6","1022",1,"TUR"
"7","1022",1,"TUR"
"33","1022",1,"TUR"
"131","1022",1,"TUR"
"226","1022",1,"TUR"
"397","1022",1,"TUR"
"466","1022",1,"TUR"
"471","1022",1,"TUR"
"499","1022",1,"TUR"
"504","1022",1,"TUR"
"870","1022",1,"TUR"
"2","1023",1,"TUR"
"9","1023",1,"TUR"
"50","1023",1,"TUR"
"215","1023",1,"TUR"
"236","1023",2,"TUR"
"423","1023",1,"TUR"
"494","1023",1,"TUR"
"506","1023",1,"TUR"
"509","1023",1,"TUR"
"675","1023",2,"TUR"
"790","1023",1,"TUR"
"2","1024",2,"TUR"
"3","1024",1,"TUR"
"27","1024",1,"TUR"
"101","1024",1,"TUR"
"108","1024",2,"TUR"
"161","1024",1,"TUR"
"315","1024",1,"TUR"
"347","1024",1,"TUR"
"798","1024",1,"TUR"
"823","1024",1,"TUR"
"833","1024",1,"TUR"
"864","1024",1,"TUR"
"1","1025",1,"TUR"
"4","1025",1,"TUR"
"7","1025",1,"TUR"
"37","1025",1,"TUR"
"96","1025",1,"TUR"
"136","1025",1,"TUR"
"156","1025",1,"TUR"
"208","1025",1,"TUR"
"789","1025",1,"TUR"
"798","1025",1,"TUR"
"1","1026",3,"TUR"
"3","1026",1,"TUR"
"192","1026",1,"TUR"
"320","1026",1,"TUR"
"580","1026",1,"TUR"
"590","1026",1,"TUR"
"832","1026",1,"TUR"
"919","1026",1,"TUR"
"1002","1026",1,"TUR"
"1","1027",2,"TUR"
"2","1027",1,"TUR"
"6","1027",1,"TUR"
"10","1027",1,"TUR"
"12","1027",1,"TUR"
"26","1027",1,"TUR"
"44","1027",1,"TUR"
"87","1027",1,"TUR"
"105","1027",1,"TUR"
"225","1027",1,"TUR"
"233","1027",1,"TUR"
"433","1027",1,"TUR"
"565","1027",1,"TUR"
"7","1028",2,"TUR"
"9","1028",1,"TUR"
"157","1028",1,"TUR"
"497","1028",1,"TUR"
"761","1028",2,"TUR"
"826","1028",1,"TUR"
"1028","1028",3,"TUR"
"5","1029",1,"TUR"
"10","1029",1,"TUR"
"32","1029",1,"TUR"
"134","1029",1,"TUR"
"388","1029",1,"TUR"
"498","1029",1,"TUR"
"580","1029",1,"TUR"
"946","1029",1,"TUR"
"986","1029",1,"TUR"
"57","1030",1,"TUR"
"136","1030",1,"TUR"
"332","1030",1,"TUR"
"405","1030",1,"TUR"
"425","1030",1,"TUR"
"460","1030",1,"TUR"
"525","1030",1,"TUR"
"857","1030",1,"TUR"
"999","1030",2,"TUR"
"2","1031",1,"TUR"
"173","1031",1,"TUR"
"189","1031",1,"TUR"
"293","1031",1,"TUR"
"396","1031",1,"TUR"
"404","1031",1,"TUR"
"572","1031",1,"TUR"
"724","1031",1,"TUR"
"15","1032",1,"TUR"
"20","1032",1,"TUR"
"27","1032",1,"TUR"
"41","1032",1,"TUR"
"71","1032",1,"TUR"
"188","1032",1,"TUR"
"443","1032",1,"TUR"
"950","1032",1,"TUR"
"1","1033",2,"TUR"
"100","1033",1,"TUR"
"105","1033",1,"TUR"
"161","1033",1,"TUR"
"220","1033",1,"TUR"
"362","1033",1,"TUR"
"530","1033",1,"TUR"
"591","1033",1,"TUR"
"1","1034",3,"TUR"
"7","1034",2,"TUR"
"13","1034",2,"TUR"
"286","1034",1,"TUR"
"580","1034",1,"TUR"
"613","1034",1,"TUR"
"1","1035",1,"TUR"
"2","1035",1,"TUR"
"7","1035",1,"TUR"
"127","1035",1,"TUR"
"252","1035",1,"TUR"
"350","1035",1,"TUR"
"357","1035",1,"TUR"
"479","1035",1,"TUR"
"578","1035",1,"TUR"
"624","1035",1,"TUR"
"3","1036",3,"TUR"
"4","1036",2,"TUR"
"12","1036",1,"TUR"
"32","1036",1,"TUR"
"43","1036",1,"TUR"
"82","1036",1,"TUR"
"85","1036",1,"TUR"
"255","1036",1,"TUR"
"290","1036",1,"TUR"
"456","1036",1,"TUR"
"542","1036",1,"TUR"
"759","1036",1,"TUR"
"807","1036",1,"TUR"
"2","1037",1,"TUR"
"11","1037",1,"TUR"
"34","1037",1,"TUR"
"139","1037",1,"TUR"
"218","1037",2,"TUR"
"259","1037",1,"TUR"
"332","1037",1,"TUR"
"459","1037",1,"TUR"
"539","1037",1,"TUR"
"608","1037",1,"TUR"
"707","1037",1,"TUR"
"744","1037",1,"TUR"
"915","1037",1,"TUR"
"1000","1037",1,"TUR"
"14","1038",2,"TUR"
"18","1038",1,"TUR"
"24","1038",1,"TUR"
"26","1038",1,"TUR"
"101","1038",1,"TUR"
"146","1038",1,"TUR"
"162","1038",1,"TUR"
"236","1038",1,"TUR"
"327","1038",1,"TUR"
"462","1038",4,"TUR"
"23","1039",1,"TUR"
"28","1039",1,"TUR"
"68","1039",1,"TUR"
"94","1039",1,"TUR"
"106","1039",1,"TUR"
"165","1039",1,"TUR"
"224","1039",1,"TUR"
"378","1039",1,"TUR"
"417","1039",1,"TUR"
"527","1039",1,"TUR"
"804","1039",1,"TUR"
"827","1039",1,"TUR"
"916","1039",1,"TUR"
"1","1040",2,"TUR"
"3","1040",2,"TUR"
"57","1040",1,"TUR"
"99","1040",1,"TUR"
"199","1040",1,"TUR"
"240","1040",1,"TUR"
"308","1040",1,"TUR"
"519","1040",1,"TUR"
"627","1040",1,"TUR"
"860","1040",1,"TUR"
"980","1040",1,"TUR"
"2","1041",1,"TUR"
"43","1041",1,"TUR"
"70","1041",1,"TUR"
"74","1041",1,"TUR"
"114","1041",1,"TUR"
"155","1041",1,"TUR"
"182","1041",1,"TUR"
"193","1041",1,"TUR"
"267","1041",1,"TUR"
"487","1041",1,"TUR"
"494","1041",1,"TUR"
"514","1041",1,"TUR"
"588","1041",1,"TUR"
"665","1041",1,"TUR"
"682","1041",1,"TUR"
"732","1041",1,"TUR"
"1024","1041",1,"TUR"
"1","1042",1,"TUR"
"6","1042",4,"TUR"
"25","1042",1,"TUR"
"34","1042",1,"TUR"
"267","1042",1,"TUR"
"605","1042",1,"TUR"
"665","1042",1,"TUR"
"701","1042",1,"TUR"
"904","1042",1,"TUR"
"5","1043",1,"TUR"
"397","1043",2,"TUR"
"435","1043",1,"TUR"
"442","1043",1,"TUR"
"712","1043",1,"TUR"
"1","1044",1,"TUR"
"36","1044",1,"TUR"
"71","1044",1,"TUR"
"110","1044",1,"TUR"
"353","1044",1,"TUR"
"370","1044",1,"TUR"
"639","1044",1,"TUR"
"976","1044",1,"TUR"
"1","1045",2,"TUR"
"3","1045",1,"TUR"
"16","1045",1,"TUR"
"32","1045",1,"TUR"
"193","1045",1,"TUR"
"246","1045",1,"TUR"
"248","1045",1,"TUR"
"558","1045",1,"TUR"
"570","1045",1,"TUR"
"681","1045",1,"TUR"
"720","1045",1,"TUR"
"788","1045",1,"TUR"
"900","1045",1,"TUR"
"941","1045",1,"TUR"
"3","1046",1,"TUR"
"17","1046",1,"TUR"
"82","1046",1,"TUR"
"243","1046",1,"TUR"
"544","1046",10,"TUR"
"12","1047",1,"TUR"
"18","1047",1,"TUR"
"20","1047",1,"TUR"
"40","1047",1,"TUR"
"50","1047",1,"TUR"
"65","1047",1,"TUR"
"79","1047",1,"TUR"
"99","1047",2,"TUR"
"225","1047",1,"TUR"
"266","1047",1,"TUR"
"959","1047",1,"TUR"
"2","1048",1,"TUR"
"33","1048",3,"TUR"
"56","1048",1,"TUR"
"86","1048",1,"TUR"
"103","1048",1,"TUR"
"115","1048",2,"TUR"
"147","1048",1,"TUR"
"192","1048",1,"TUR"
"246","1048",1,"TUR"
"352","1048",1,"TUR"
"444","1048",1,"TUR"
"500","1048",1,"TUR"
"733","1048",1,"TUR"
"984","1048",1,"TUR"
"1","1049",2,"TUR"
"3","1049",1,"TUR"
"5","1049",1,"TUR"
"36","1049",1,"TUR"
"38","1049",1,"TUR"
"162","1049",1,"TUR"
"184","1049",1,"TUR"
"413","1049",1,"TUR"
"515","1049",1,"TUR"
"572","1049",1,"TUR"
"676","1049",1,"TUR"
"758","1049",1,"TUR"
"1042","1049",2,"TUR"
"4","1050",4,"TUR"
"5","1050",1,"TUR"
"70","1050",1,"TUR"
"115","1050",2,"TUR"
"251","1050",1,"TUR"
"260","1050",1,"TUR"
"352","1050",1,"TUR"
"443","1050",1,"TUR"
"444","1050",1,"TUR"
"627","1050",1,"TUR"
"856","1050",1,"TUR"
"4","1051",1,"TUR"
"6","1051",1,"TUR"
"20","1051",1,"TUR"
"142","1051",1,"TUR"
"207","1051",1,"TUR"
"291","1051",1,"TUR"
"539","1051",4,"TUR"
"564","1051",1,"TUR"
"688","1051",1,"TUR"
"1044","1051",1,"TUR"
"1","1052",1,"TUR"
"2","1052",4,"TUR"
"9","1052",1,"TUR"
"29","1052",1,"TUR"
"31","1052",1,"TUR"
"60","1052",1,"TUR"
"119","1052",1,"TUR"
"341","1052",2,"TUR"
"1","1053",1,"TUR"
"212","1053",1,"TUR"
"6","1054",4,"TUR"
"14","1054",1,"TUR"
"48","1054",3,"TUR"
"95","1054",1,"TUR"
"367","1054",1,"TUR"
"397","1054",1,"TUR"
"404","1054",1,"TUR"
"434","1054",1,"TUR"
"586","1054",1,"TUR"
"1","1055",2,"TUR"
"2","1055",1,"TUR"
"3","1055",1,"TUR"
"5","1055",1,"TUR"
"36","1055",1,"TUR"
"192","1055",1,"TUR"
"479","1055",1,"TUR"
"535","1055",1,"TUR"
"937","1055",1,"TUR"
"1042","1055",1,"TUR"
"2","1056",3,"TUR"
"3","1056",1,"TUR"
"7","1056",2,"TUR"
"46","1056",1,"TUR"
"51","1056",1,"TUR"
"73","1056",1,"TUR"
"188","1056",1,"TUR"
"382","1056",1,"TUR"
"533","1056",1,"TUR"
"16","1057",1,"TUR"
"82","1057",1,"TUR"
"224","1057",1,"TUR"
"257","1057",1,"TUR"
"1","1058",1,"TUR"
"14","1058",1,"TUR"
"19","1058",1,"TUR"
"73","1058",1,"TUR"
"400","1058",1,"TUR"
"626","1058",1,"TUR"
"1000","1058",1,"TUR"
"3","1059",1,"TUR"
"47","1059",1,"TUR"
"172","1059",1,"TUR"
"503","1059",1,"TUR"
"648","1059",3,"TUR"
"780","1059",1,"TUR"
"813","1059",1,"TUR"
"896","1059",2,"TUR"
"40","1060",1,"TUR"
"307","1060",1,"TUR"
"750","1060",1,"TUR"
"1033","1060",1,"TUR"
"1060","1060",1,"TUR"
"2","1061",2,"TUR"
"12","1061",1,"TUR"
"26","1061",1,"TUR"
"42","1061",1,"TUR"
"96","1061",1,"TUR"
"234","1061",1,"TUR"
"278","1061",1,"TUR"
"327","1061",1,"TUR"
"570","1061",1,"TUR"
"689","1061",1,"TUR"
"872","1061",1,"TUR"
"914","1061",1,"TUR"
"1039","1061",1,"TUR"
"4","1062",1,"TUR"
"107","1062",1,"TUR"
"119","1062",1,"TUR"
"195","1062",1,"TUR"
"430","1062",1,"TUR"
"490","1062",1,"TUR"
"506","1062",1,"TUR"
"622","1062",1,"TUR"
"2","1063",4,"TUR"
"24","1063",1,"TUR"
"27","1063",1,"TUR"
"28","1063",1,"TUR"
"41","1063",1,"TUR"
"101","1063",1,"TUR"
"646","1063",1,"TUR"
"752","1063",1,"TUR"
"944","1063",1,"TUR"
"1","1064",3,"TUR"
"4","1064",2,"TUR"
"5","1064",1,"TUR"
"14","1064",2,"TUR"
"47","1064",1,"TUR"
"53","1064",1,"TUR"
"66","1064",1,"TUR"
"106","1064",1,"TUR"
"174","1064",1,"TUR"
"236","1064",1,"TUR"
"482","1064",1,"TUR"
"1","1065",3,"TUR"
"14","1065",1,"TUR"
"19","1065",1,"TUR"
"20","1065",1,"TUR"
"21","1065",1,"TUR"
"96","1065",1,"TUR"
"490","1065",1,"TUR"
"804","1065",1,"TUR"
"7","1066",1,"TUR"
"8","1066",1,"TUR"
"34","1066",1,"TUR"
"53","1066",1,"TUR"
"60","1066",1,"TUR"
"148","1066",1,"TUR"
"321","1066",1,"TUR"
"363","1066",1,"TUR"
"490","1066",1,"TUR"
"839","1066",2,"TUR"
"1","1067",2,"TUR"
"198","1067",1,"TUR"
"207","1067",2,"TUR"
"300","1067",1,"TUR"
"364","1067",1,"TUR"
"2","1068",1,"TUR"
"3","1068",1,"TUR"
"6","1068",1,"TUR"
"10","1068",1,"TUR"
"15","1068",1,"TUR"
"34","1068",1,"TUR"
"40","1068",1,"TUR"
"44","1068",1,"TUR"
"82","1068",1,"TUR"
"121","1068",1,"TUR"
"127","1068",1,"TUR"
"205","1068",1,"TUR"
"615","1068",1,"TUR"
"757","1068",1,"TUR"
"821","1068",1,"TUR"
"880","1068",1,"TUR"
"1021","1068",1,"TUR"
"2","1069",2,"TUR"
"6","1069",1,"TUR"
"25","1069",2,"TUR"
"28","1069",1,"TUR"
"104","1069",1,"TUR"
"119","1069",1,"TUR"
"371","1069",1,"TUR"
"599","1069",1,"TUR"
"1005","1069",1,"TUR"
"15","1070",9,"TUR"
"27","1070",1,"TUR"
"99","1070",3,"TUR"
"426","1070",4,"TUR"
"1","1071",1,"TUR"
"4","1071",1,"TUR"
"31","1071",4,"TUR"
"70","1071",1,"TUR"
"276","1071",4,"TUR"
"286","1071",1,"TUR"
"305","1071",1,"TUR"
"993","1071",1,"TUR"
"2","1072",2,"TUR"
"49","1072",1,"TUR"
"63","1072",1,"TUR"
"69","1072",1,"TUR"
"71","1072",1,"TUR"
"147","1072",1,"TUR"
"296","1072",1,"TUR"
"898","1072",1,"TUR"
"914","1072",1,"TUR"
"3","1073",2,"TUR"
"96","1073",1,"TUR"
"191","1073",3,"TUR"
"358","1073",1,"TUR"
"493","1073",1,"TUR"
"4","1074",1,"TUR"
"24","1074",1,"TUR"
"44","1074",1,"TUR"
"87","1074",1,"TUR"
"455","1074",1,"TUR"
"1013","1074",2,"TUR"
"1","1075",1,"TUR"
"29","1075",1,"TUR"
"77","1075",1,"TUR"
"154","1075",5,"TUR"
"165","1075",1,"TUR"
"263","1075",1,"TUR"
"382","1075",1,"TUR"
"738","1075",1,"TUR"
"791","1075",1,"TUR"
"204","1076",1,"TUR"
"233","1076",1,"TUR"
"303","1076",1,"TUR"
"380","1076",1,"TUR"
"1067","1076",1,"TUR"
"29","1077",1,"TUR"
"60","1077",1,"TUR"
"124","1077",2,"TUR"
"141","1077",1,"TUR"
"276","1077",1,"TUR"
"378","1077",1,"TUR"
"407","1077",1,"TUR"
"456","1077",1,"TUR"
"651","1077",1,"TUR"
"1017","1077",1,"TUR"
"1","1078",2,"TUR"
"107","1079",1,"TUR"
"207","1079",1,"TUR"
"316","1079",1,"TUR"
"366","1079",1,"TUR"
"5","1080",1,"TUR"
"6","1080",1,"TUR"
"7","1080",1,"TUR"
"39","1080",1,"TUR"
"121","1080",1,"TUR"
"450","1080",1,"TUR"
"620","1080",1,"TUR"
"1","1081",2,"TUR"
"10","1081",1,"TUR"
"25","1081",1,"TUR"
"58","1081",1,"TUR"
"215","1081",1,"TUR"
"387","1081",1,"TUR"
"436","1081",1,"TUR"
"754","1081",1,"TUR"
"1034","1081",1,"TUR"
"2","1082",1,"TUR"
"179","1082",1,"TUR"
"473","1082",4,"TUR"
"20","1083",1,"TUR"
"210","1083",1,"TUR"
"300","1083",1,"TUR"
"550","1083",1,"TUR"
"4","1084",1,"TUR"
"11","1084",1,"TUR"
"34","1084",1,"TUR"
"61","1084",1,"TUR"
"71","1084",1,"TUR"
"172","1084",1,"TUR"
"236","1084",1,"TUR"
"532","1084",1,"TUR"
"874","1084",1,"TUR"
"2","1085",1,"TUR"
"58","1085",1,"TUR"
"64","1085",1,"TUR"
"341","1085",2,"TUR"
"638","1085",1,"TUR"
"2","1086",4,"TUR"
"11","1086",1,"TUR"
"47","1086",1,"TUR"
"96","1086",1,"TUR"
"269","1086",1,"TUR"
"293","1086",1,"TUR"
"389","1086",1,"TUR"
"558","1086",1,"TUR"
"709","1086",1,"TUR"
"789","1086",1,"TUR"
"1","1087",1,"TUR"
"4","1087",1,"TUR"
"5","1087",2,"TUR"
"27","1087",1,"TUR"
"63","1087",1,"TUR"
"128","1087",1,"TUR"
"385","1087",1,"TUR"
"456","1087",1,"TUR"
"538","1087",1,"TUR"
"615","1087",1,"TUR"
"844","1088",1,"TUR"
"954","1088",1,"TUR"
"1021","1088",2,"TUR"
"1025","1088",1,"TUR"
"1","1089",1,"TUR"
"7","1089",2,"TUR"
"14","1089",1,"TUR"
"15","1089",1,"TUR"
"341","1089",1,"TUR"
"598","1089",1,"TUR"
"805","1089",1,"TUR"
"121","1090",1,"TUR"
"243","1090",1,"TUR"
"489","1090",1,"TUR"
"492","1090",1,"TUR"
"597","1090",1,"TUR"
"687","1090",1,"TUR"
"942","1090",1,"TUR"
"1062","1090",1,"TUR"
"3","1091",2,"TUR"
"12","1091",1,"TUR"
"14","1091",1,"TUR"
"16","1091",1,"TUR"
"44","1091",1,"TUR"
"68","1091",1,"TUR"
"105","1091",1,"TUR"
"106","1091",2,"TUR"
"435","1091",1,"TUR"
"891","1091",1,"TUR"
"5","1092",1,"TUR"
"10","1092",1,"TUR"
"146","1092",1,"TUR"
"205","1092",1,"TUR"
"239","1092",1,"TUR"
"345","1092",1,"TUR"
"697","1092",1,"TUR"
"886","1092",1,"TUR"
"1009","1092",1,"TUR"
"23","1093",1,"TUR"
"79","1093",1,"TUR"
"83","1093",1,"TUR"
"132","1093",1,"TUR"
"338","1093",1,"TUR"
"633","1093",1,"TUR"
"1","1094",1,"TUR"
"4","1094",1,"TUR"
"6","1094",1,"TUR"
"129","1094",1,"TUR"
"160","1094",1,"TUR"
"235","1094",1,"TUR"
"693","1094",1,"TUR"
"5","1095",1,"TUR"
"7","1095",2,"TUR"
"11","1095",1,"TUR"
"132","1095",1,"TUR"
"151","1095",1,"TUR"
"304","1095",1,"TUR"
"769","1095",1,"TUR"
"1095","1095",1,"TUR"
"1","1096",1,"TUR"
"2","1096",1,"TUR"
"6","1096",1,"TUR"
"33","1096",1,"TUR"
"40","1096",1,"TUR"
"43","1096",1,"TUR"
"56","1096",1,"TUR"
"86","1096",1,"TUR"
"175","1096",1,"TUR"
"189","1096",1,"TUR"
"333","1096",1,"TUR"
"1","1097",1,"TUR"
"6","1097",1,"TUR"
"22","1097",1,"TUR"
"36","1097",1,"TUR"
"118","1097",1,"TUR"
"133","1097",1,"TUR"
"359","1097",1,"TUR"
"391","1097",1,"TUR"
"555","1097",1,"TUR"
"630","1097",1,"TUR"
"1","1098",5,"TUR"
"2","1098",1,"TUR"
"17","1098",1,"TUR"
"26","1098",1,"TUR"
"51","1098",1,"TUR"
"491","1098",1,"TUR"
"799","1098",1,"TUR"
"1","1099",2,"TUR"
"20","1099",1,"TUR"
"280","1099",1,"TUR"
"890","1099",1,"TUR"
"951","1099",1,"TUR"
"5","1100",1,"TUR"
"7","1100",1,"TUR"
"27","1100",1,"TUR"
"138","1100",1,"TUR"
"202","1100",1,"TUR"
"3","1101",1,"TUR"
"5","1101",1,"TUR"
"30","1101",1,"TUR"
"58","1101",1,"TUR"
"277","1101",1,"TUR"
"469","1101",1,"TUR"
"1","1102",1,"TUR"
"47","1102",1,"TUR"
"57","1102",1,"TUR"
"113","1102",1,"TUR"
"173","1102",2,"TUR"
"190","1102",1,"TUR"
"403","1102",3,"TUR"
"630","1102",1,"TUR"
"1","1103",1,"TUR"
"3","1103",1,"TUR"
"6","1103",1,"TUR"
"36","1103",2,"TUR"
"70","1103",1,"TUR"
"90","1103",1,"TUR"
"283","1103",1,"TUR"
"442","1103",1,"TUR"
"615","1103",1,"TUR"
"693","1103",1,"TUR"
"1","1104",1,"TUR"
"33","1104",1,"TUR"
"53","1104",1,"TUR"
"56","1104",1,"TUR"
"186","1104",1,"TUR"
"253","1104",1,"TUR"
"478","1104",1,"TUR"
"770","1104",1,"TUR"
"1060","1104",1,"TUR"
"1","1105",1,"TUR"
"3","1105",1,"TUR"
"37","1105",1,"TUR"
"386","1105",1,"TUR"
"435","1105",2,"TUR"
"15","1106",9,"TUR"
"99","1106",7,"TUR"
"250","1106",1,"TUR"
"22","1107",1,"TUR"
"28","1107",1,"TUR"
"37","1107",1,"TUR"
"42","1107",2,"TUR"
"110","1107",1,"TUR"
"200","1107",1,"TUR"
"329","1107",1,"TUR"
"809","1107",1,"TUR"
"1018","1107",1,"TUR"
"1","1108",1,"TUR"
"2","1108",1,"TUR"
"26","1108",1,"TUR"
"61","1108",1,"TUR"
"271","1108",1,"TUR"
"413","1108",1,"TUR"
"505","1108",1,"TUR"
"2","1109",1,"TUR"
"3","1109",1,"TUR"
"7","1109",1,"TUR"
"16","1109",1,"TUR"
"28","1109",1,"TUR"
"73","1109",1,"TUR"
"167","1109",1,"TUR"
"522","1109",1,"TUR"
"924","1109",1,"TUR"
"5","1110",1,"TUR"
"13","1110",1,"TUR"
"91","1110",1,"TUR"
"94","1110",2,"TUR"
"113","1110",1,"TUR"
"431","1110",1,"TUR"
"519","1110",1,"TUR"
"536","1110",1,"TUR"
"1082","1110",1,"TUR"
"1","1111",2,"TUR"
"2","1111",2,"TUR"
"7","1111",1,"TUR"
"8","1111",1,"TUR"
"24","1111",1,"TUR"
"62","1111",1,"TUR"
"90","1111",1,"TUR"
"133","1111",1,"TUR"
"162","1111",1,"TUR"
"384","1111",1,"TUR"
"458","1111",1,"TUR"
"860","1111",1,"TUR"
"2","1112",1,"TUR"
"12","1112",1,"TUR"
"112","1112",1,"TUR"
"169","1112",1,"TUR"
"297","1112",1,"TUR"
"326","1112",1,"TUR"
"396","1112",1,"TUR"
"471","1112",1,"TUR"
"911","1112",1,"TUR"
"49","1113",1,"TUR"
"108","1113",1,"TUR"
"212","1113",1,"TUR"
"413","1113",1,"TUR"
"523","1113",1,"TUR"
"620","1113",1,"TUR"
"958","1113",1,"TUR"
"1","1114",1,"TUR"
"4","1114",2,"TUR"
"5","1114",1,"TUR"
"17","1114",1,"TUR"
"33","1114",1,"TUR"
"138","1114",1,"TUR"
"243","1114",1,"TUR"
"522","1114",1,"TUR"
"739","1114",1,"TUR"
"1","1115",2,"TUR"
"2","1115",1,"TUR"
"7","1115",1,"TUR"
"11","1115",1,"TUR"
"14","1115",1,"TUR"
"20","1115",1,"TUR"
"23","1115",2,"TUR"
"66","1115",1,"TUR"
"822","1115",1,"TUR"
"863","1115",1,"TUR"
"946","1115",1,"TUR"
"1012","1115",1,"TUR"
"1","1116",2,"TUR"
"4","1116",1,"TUR"
"6","1116",1,"TUR"
"8","1116",1,"TUR"
"9","1116",1,"TUR"
"27","1116",2,"TUR"
"35","1116",1,"TUR"
"43","1116",1,"TUR"
"349","1116",2,"TUR"
"1","1117",1,"TUR"
"3","1117",2,"TUR"
"5","1117",1,"TUR"
"12","1117",1,"TUR"
"44","1117",1,"TUR"
"46","1117",1,"TUR"
"62","1117",1,"TUR"
"105","1117",1,"TUR"
"186","1117",1,"TUR"
"289","1117",1,"TUR"
"364","1117",1,"TUR"
"497","1117",1,"TUR"
"630","1117",1,"TUR"
"11","1118",1,"TUR"
"12","1118",1,"TUR"
"14","1118",1,"TUR"
"20","1118",1,"TUR"
"87","1118",3,"TUR"
"132","1118",1,"TUR"
"301","1118",2,"TUR"
"464","1118",1,"TUR"
"498","1118",1,"TUR"
"1","1119",1,"TUR"
"11","1119",1,"TUR"
"25","1119",1,"TUR"
"144","1119",1,"TUR"
"205","1119",1,"TUR"
"294","1119",1,"TUR"
"305","1119",1,"TUR"
"376","1119",1,"TUR"
"595","1119",1,"TUR"
"1","1120",3,"TUR"
"6","1120",1,"TUR"
"58","1120",1,"TUR"
"255","1120",1,"TUR"
"498","1120",1,"TUR"
"557","1120",1,"TUR"
"1","1121",4,"TUR"
"5","1121",1,"TUR"
"11","1121",2,"TUR"
"14","1121",1,"TUR"
"138","1121",1,"TUR"
"144","1121",1,"TUR"
"187","1121",1,"TUR"
"221","1121",1,"TUR"
"298","1121",1,"TUR"
"315","1121",1,"TUR"
"1114","1121",1,"TUR"
"1","1122",1,"TUR"
"17","1122",1,"TUR"
"36","1122",1,"TUR"
"66","1122",1,"TUR"
"95","1122",1,"TUR"
"221","1122",1,"TUR"
"236","1122",1,"TUR"
"729","1122",1,"TUR"
"23","1123",3,"TUR"
"197","1123",1,"TUR"
"288","1123",1,"TUR"
"585","1123",3,"TUR"
"904","1123",1,"TUR"
"1012","1123",1,"TUR"
"1083","1123",6,"TUR"
"8","1124",1,"TUR"
"29","1124",1,"TUR"
"334","1124",1,"TUR"
"722","1124",1,"TUR"
"754","1124",1,"TUR"
"1","1125",1,"TUR"
"2","1125",1,"TUR"
"49","1125",1,"TUR"
"65","1125",1,"TUR"
"183","1125",1,"TUR"
"185","1125",1,"TUR"
"354","1125",1,"TUR"
"491","1125",2,"TUR"
"551","1125",1,"TUR"
"688","1125",1,"TUR"
"3","1126",1,"TUR"
"10","1126",1,"TUR"
"110","1126",1,"TUR"
"122","1126",3,"TUR"
"132","1126",1,"TUR"
"138","1126",1,"TUR"
"165","1126",1,"TUR"
"275","1126",1,"TUR"
"330","1126",1,"TUR"
"2","1127",3,"TUR"
"4","1127",1,"TUR"
"5","1127",1,"TUR"
"167","1127",1,"TUR"
"323","1127",1,"TUR"
"342","1127",1,"TUR"
"436","1127",1,"TUR"
"501","1127",1,"TUR"
"544","1127",2,"TUR"
"2","1128",1,"TUR"
"12","1128",1,"TUR"
"31","1128",1,"TUR"
"267","1128",1,"TUR"
"19","1129",1,"TUR"
"20","1129",1,"TUR"
"25","1129",1,"TUR"
"95","1129",1,"TUR"
"142","1129",2,"TUR"
"200","1129",2,"TUR"
"714","1129",1,"TUR"
"961","1129",1,"TUR"
"1094","1129",1,"TUR"
"1","1130",1,"TUR"
"7","1130",1,"TUR"
"30","1130",2,"TUR"
"185","1130",1,"TUR"
"510","1130",1,"TUR"
"576","1130",3,"TUR"
"765","1130",1,"TUR"
"11","1131",3,"TUR"
"23","1131",3,"TUR"
"79","1131",1,"TUR"
"248","1131",1,"TUR"
"317","1131",1,"TUR"
"332","1131",2,"TUR"
"374","1131",1,"TUR"
"387","1131",1,"TUR"
"1","1132",2,"TUR"
"42","1132",2,"TUR"
"46","1132",1,"TUR"
"53","1132",2,"TUR"
"54","1132",2,"TUR"
"137","1132",1,"TUR"
"174","1132",1,"TUR"
"304","1132",1,"TUR"
"322","1132",1,"TUR"
"1","1133",1,"TUR"
"3","1133",1,"TUR"
"6","1133",3,"TUR"
"16","1133",1,"TUR"
"21","1133",1,"TUR"
"69","1133",1,"TUR"
"96","1133",1,"TUR"
"256","1133",1,"TUR"
"560","1133",1,"TUR"
"605","1133",1,"TUR"
"713","1133",1,"TUR"
"1","1134",1,"TUR"
"4","1134",1,"TUR"
"10","1134",1,"TUR"
"11","1134",1,"TUR"
"19","1134",1,"TUR"
"56","1134",1,"TUR"
"135","1134",1,"TUR"
"167","1134",1,"TUR"
"629","1134",1,"TUR"
"725","1134",1,"TUR"
"740","1134",1,"TUR"
"1","1135",3,"TUR"
"253","1135",1,"TUR"
"436","1135",1,"TUR"
"801","1135",2,"TUR"
"1109","1135",1,"TUR"
"1","1136",2,"TUR"
"2","1136",1,"TUR"
"46","1136",1,"TUR"
"331","1136",1,"TUR"
"474","1136",2,"TUR"
"797","1136",1,"TUR"
"947","1136",1,"TUR"
"1","1137",4,"TUR"
"7","1137",1,"TUR"
"11","1137",1,"TUR"
"12","1137",1,"TUR"
"39","1137",1,"TUR"
"44","1137",1,"TUR"
"57","1137",1,"TUR"
"199","1137",1,"TUR"
"243","1137",1,"TUR"
"398","1137",1,"TUR"
"563","1137",1,"TUR"
"650","1137",1,"TUR"
"916","1137",1,"TUR"
"1","1138",2,"TUR"
"2","1138",1,"TUR"
"76","1138",1,"TUR"
"83","1138",1,"TUR"
"233","1138",1,"TUR"
"266","1138",1,"TUR"
"314","1138",1,"TUR"
"428","1138",1,"TUR"
"437","1138",1,"TUR"
"1","1139",1,"TUR"
"7","1139",1,"TUR"
"26","1139",1,"TUR"
"67","1139",1,"TUR"
"80","1139",1,"TUR"
"89","1139",1,"TUR"
"191","1139",4,"TUR"
"473","1139",1,"TUR"
"1031","1139",1,"TUR"
"1038","1139",1,"TUR"
"15","1140",1,"TUR"
"440","1140",1,"TUR"
"511","1140",1,"TUR"
"558","1140",1,"TUR"
"790","1140",1,"TUR"
"895","1140",2,"TUR"
"905","1140",1,"TUR"
"3","1141",1,"TUR"
"6","1141",3,"TUR"
"28","1141",1,"TUR"
"189","1141",1,"TUR"
"190","1141",1,"TUR"
"241","1141",1,"TUR"
"242","1141",1,"TUR"
"339","1141",2,"TUR"
"419","1141",1,"TUR"
"564","1141",1,"TUR"
"1009","1141",1,"TUR"
"3","1142",1,"TUR"
"8","1142",1,"TUR"
"16","1142",1,"TUR"
"42","1142",1,"TUR"
"57","1142",1,"TUR"
"145","1142",1,"TUR"
"203","1142",1,"TUR"
"419","1142",1,"TUR"
"812","1142",1,"TUR"
"1024","1142",1,"TUR"
"2","1143",1,"TUR"
"49","1143",1,"TUR"
"93","1143",1,"TUR"
"116","1143",1,"TUR"
"143","1143",1,"TUR"
"241","1143",1,"TUR"
"381","1143",2,"TUR"
"385","1143",2,"TUR"
"850","1143",1,"TUR"
"6","1144",1,"TUR"
"47","1144",1,"TUR"
"61","1144",1,"TUR"
"179","1144",1,"TUR"
"645","1144",1,"TUR"
"865","1144",1,"TUR"
"871","1144",1,"TUR"
"18","1145",1,"TUR"
"31","1145",1,"TUR"
"114","1145",1,"TUR"
"145","1145",1,"TUR"
"441","1145",1,"TUR"
"572","1145",1,"TUR"
"607","1145",1,"TUR"
"676","1145",1,"TUR"
"1037","1145",1,"TUR"
"3","1146",1,"TUR"
"31","1146",3,"TUR"
"43","1146",1,"TUR"
"88","1146",1,"TUR"
"114","1146",2,"TUR"
"386","1146",1,"TUR"
"749","1146",1,"TUR"
"1","1147",1,"TUR"
"3","1147",2,"TUR"
"7","1147",1,"TUR"
"20","1147",1,"TUR"
"58","1147",1,"TUR"
"77","1147",1,"TUR"
"142","1147",2,"TUR"
"224","1147",1,"TUR"
"242","1147",1,"TUR"
"544","1147",1,"TUR"
"675","1147",1,"TUR"
"741","1147",1,"TUR"
"2","1148",1,"TUR"
"4","1148",2,"TUR"
"104","1148",1,"TUR"
"109","1148",1,"TUR"
"134","1148",6,"TUR"
"551","1148",1,"TUR"
"658","1148",1,"TUR"
"670","1148",1,"TUR"
"1","1149",1,"TUR"
"7","1149",1,"TUR"
"172","1149",1,"TUR"
"300","1149",1,"TUR"
"301","1149",1,"TUR"
"349","1149",1,"TUR"
"448","1149",1,"TUR"
"464","1149",1,"TUR"
"532","1149",1,"TUR"
"590","1149",1,"TUR"
"731","1149",1,"TUR"
"782","1149",1,"TUR"
"2","1150",4,"TUR"
"5","1150",1,"TUR"
"6","1150",1,"TUR"
"7","1150",1,"TUR"
"8","1150",1,"TUR"
"271","1150",1,"TUR"
"633","1150",1,"TUR"
"1","1151",5,"TUR"
"7","1151",1,"TUR"
"94","1151",1,"TUR"
"161","1151",1,"TUR"
"223","1151",1,"TUR"
"276","1151",1,"TUR"
"296","1151",1,"TUR"
"350","1151",1,"TUR"
"821","1151",1,"TUR"
"2","1152",1,"TUR"
"5","1152",1,"TUR"
"43","1152",1,"TUR"
"99","1152",2,"TUR"
"120","1152",1,"TUR"
"152","1152",1,"TUR"
"220","1152",1,"TUR"
"294","1152",1,"TUR"
"421","1152",1,"TUR"
"425","1152",1,"TUR"
"2","1153",1,"TUR"
"6","1153",1,"TUR"
"18","1153",1,"TUR"
"20","1153",1,"TUR"
"58","1153",1,"TUR"
"190","1153",1,"TUR"
"361","1153",1,"TUR"
"555","1153",1,"TUR"
"721","1153",2,"TUR"
"2","1154",1,"TUR"
"4","1154",1,"TUR"
"7","1154",3,"TUR"
"10","1154",1,"TUR"
"34","1154",1,"TUR"
"104","1154",1,"TUR"
"173","1154",1,"TUR"
"201","1154",1,"TUR"
"349","1154",1,"TUR"
"493","1154",1,"TUR"
"930","1154",1,"TUR"
"28","1155",1,"TUR"
"32","1155",1,"TUR"
"36","1155",1,"TUR"
"62","1155",1,"TUR"
"70","1155",1,"TUR"
"85","1155",1,"TUR"
"172","1155",1,"TUR"
"177","1155",1,"TUR"
"244","1155",1,"TUR"
"525","1155",1,"TUR"
"634","1155",1,"TUR"
"763","1155",1,"TUR"
"994","1155",1,"TUR"
"1","1156",7,"TUR"
"31","1156",1,"TUR"
"520","1156",1,"TUR"
"810","1156",7,"TUR"
"1","1157",2,"TUR"
"10","1157",1,"TUR"
"24","1157",1,"TUR"
"25","1157",1,"TUR"
"70","1157",1,"TUR"
"72","1157",1,"TUR"
"336","1157",1,"TUR"
"1016","1157",1,"TUR"
"1","1158",1,"TUR"
"5","1158",3,"TUR"
"21","1158",2,"TUR"
"63","1158",1,"TUR"
"176","1158",1,"TUR"
"222","1158",1,"TUR"
"281","1158",1,"TUR"
"321","1158",1,"TUR"
"740","1158",1,"TUR"
"1107","1158",1,"TUR"
"1","1159",1,"TUR"
"5","1159",1,"TUR"
"25","1159",1,"TUR"
"89","1159",1,"TUR"
"105","1159",1,"TUR"
"155","1159",1,"TUR"
"227","1159",1,"TUR"
"293","1159",1,"TUR"
"395","1159",1,"TUR"
"883","1159",1,"TUR"
"1","1160",1,"TUR"
"61","1160",1,"TUR"
"151","1160",1,"TUR"
"161","1160",1,"TUR"
"258","1160",1,"TUR"
"301","1160",1,"TUR"
"1032","1160",1,"TUR"
"1155","1160",1,"TUR"
"2","1161",1,"TUR"
"3","1161",5,"TUR"
"15","1161",1,"TUR"
"18","1161",1,"TUR"
"43","1161",1,"TUR"
"72","1161",1,"TUR"
"120","1161",1,"TUR"
"239","1161",1,"TUR"
"663","1161",1,"TUR"
"1065","1161",1,"TUR"
"43","1162",1,"TUR"
"94","1162",1,"TUR"
"176","1162",1,"TUR"
"178","1162",1,"TUR"
"237","1162",1,"TUR"
"486","1162",1,"TUR"
"556","1162",9,"TUR"
"903","1162",1,"TUR"
"1","1163",1,"TUR"
"2","1163",2,"TUR"
"4","1163",1,"TUR"
"7","1163",1,"TUR"
"10","1163",1,"TUR"
"17","1163",1,"TUR"
"19","1163",1,"TUR"
"20","1163",1,"TUR"
"31","1163",1,"TUR"
"286","1163",4,"TUR"
"405","1163",1,"TUR"
"689","1163",1,"TUR"
"853","1163",1,"TUR"
"12","1164",1,"TUR"
"43","1164",1,"TUR"
"145","1164",1,"TUR"
"208","1164",1,"TUR"
"244","1164",1,"TUR"
"257","1164",1,"TUR"
"323","1164",1,"TUR"
"399","1164",1,"TUR"
"540","1164",1,"TUR"
"718","1164",1,"TUR"
"959","1164",1,"TUR"
"1096","1164",1,"TUR"
"5","1165",1,"TUR"
"12","1165",1,"TUR"
"17","1165",1,"TUR"
"18","1165",1,"TUR"
"19","1165",1,"TUR"
"51","1165",1,"TUR"
"95","1165",1,"TUR"
"353","1165",1,"TUR"
"3","1166",1,"TUR"
"8","1166",1,"TUR"
"14","1166",1,"TUR"
"88","1166",2,"TUR"
"285","1166",1,"TUR"
"311","1166",1,"TUR"
"356","1166",2,"TUR"
"524","1166",1,"TUR"
"658","1166",1,"TUR"
"662","1166",1,"TUR"
"734","1166",1,"TUR"
"882","1166",1,"TUR"
"1","1167",1,"TUR"
"5","1167",1,"TUR"
"64","1167",1,"TUR"
"120","1167",1,"TUR"
"412","1167",1,"TUR"
"414","1167",3,"TUR"
"1138","1167",1,"TUR"
"1","1168",1,"TUR"
"3","1168",1,"TUR"
"4","1168",1,"TUR"
"6","1168",1,"TUR"
"51","1168",1,"TUR"
"54","1168",1,"TUR"
"73","1168",1,"TUR"
"76","1168",2,"TUR"
"107","1168",2,"TUR"
"255","1168",1,"TUR"
"428","1168",1,"TUR"
"462","1168",1,"TUR"
"659","1168",1,"TUR"
"1109","1168",1,"TUR"
"2","1169",1,"TUR"
"4","1169",1,"TUR"
"5","1169",1,"TUR"
"39","1169",1,"TUR"
"76","1169",1,"TUR"
"119","1169",1,"TUR"
"128","1169",1,"TUR"
"152","1169",1,"TUR"
"328","1169",1,"TUR"
"1","1170",2,"TUR"
"4","1170",1,"TUR"
"25","1170",1,"TUR"
"143","1170",1,"TUR"
"210","1170",1,"TUR"
"262","1170",1,"TUR"
"586","1170",1,"TUR"
"624","1170",1,"TUR"
"715","1170",1,"TUR"
"851","1170",1,"TUR"
"867","1170",1,"TUR"
"21","1171",1,"TUR"
"158","1171",1,"TUR"
"776","1171",1,"TUR"
"3","1172",1,"TUR"
"4","1172",1,"TUR"
"5","1172",1,"TUR"
"16","1172",2,"TUR"
"92","1172",1,"TUR"
"299","1172",1,"TUR"
"490","1172",2,"TUR"
"573","1172",1,"TUR"
"854","1172",1,"TUR"
"999","1172",1,"TUR"
"1086","1172",1,"TUR"
"1","1173",3,"TUR"
"6","1173",1,"TUR"
"11","1173",1,"TUR"
"16","1173",1,"TUR"
"195","1173",2,"TUR"
"220","1173",1,"TUR"
"288","1173",1,"TUR"
"567","1173",1,"TUR"
"789","1173",1,"TUR"
"1","1174",1,"TUR"
"8","1174",1,"TUR"
"10","1174",1,"TUR"
"15","1174",1,"TUR"
"41","1174",1,"TUR"
"44","1174",1,"TUR"
"102","1174",1,"TUR"
"120","1174",1,"TUR"
"174","1174",1,"TUR"
"199","1174",1,"TUR"
"239","1174",2,"TUR"
"490","1174",1,"TUR"
"926","1174",1,"TUR"
"972","1174",1,"TUR"
"5","1175",3,"TUR"
"105","1175",1,"TUR"
"2","1176",1,"TUR"
"4","1176",1,"TUR"
"6","1176",1,"TUR"
"8","1176",2,"TUR"
"436","1176",2,"TUR"
"450","1176",1,"TUR"
"603","1176",1,"TUR"
"3","1177",2,"TUR"
"7","1177",1,"TUR"
"13","1177",1,"TUR"
"30","1177",1,"TUR"
"55","1177",1,"TUR"
"67","1177",1,"TUR"
"68","1177",1,"TUR"
"71","1177",1,"TUR"
"135","1177",1,"TUR"
"212","1177",1,"TUR"
"1003","1177",1,"TUR"
"1","1178",1,"TUR"
"2","1178",1,"TUR"
"22","1178",1,"TUR"
"305","1178",1,"TUR"
"386","1178",1,"TUR"
"31","1179",1,"TUR"
"45","1179",1,"TUR"
"387","1179",1,"TUR"
"390","1179",1,"TUR"
"619","1179",1,"TUR"
"661","1179",1,"TUR"
"874","1179",1,"TUR"
"942","1179",1,"TUR"
"1","1180",1,"TUR"
"2","1180",1,"TUR"
"6","1180",1,"TUR"
"7","1180",1,"TUR"
"16","1180",1,"TUR"
"43","1180",1,"TUR"
"91","1180",1,"TUR"
"106","1180",1,"TUR"
"154","1180",1,"TUR"
"190","1180",1,"TUR"
"224","1180",1,"TUR"
"823","1180",1,"TUR"
"927","1180",1,"TUR"
"1120","1180",1,"TUR"
"5","1181",2,"TUR"
"6","1181",1,"TUR"
"26","1181",1,"TUR"
"73","1181",2,"TUR"
"137","1181",1,"TUR"
"241","1181",2,"TUR"
"713","1181",2,"TUR"
"886","1181",1,"TUR"
"6","1182",1,"TUR"
"7","1182",1,"TUR"
"9","1182",1,"TUR"
"49","1182",1,"TUR"
"62","1182",1,"TUR"
"68","1182",1,"TUR"
"79","1182",1,"TUR"
"380","1182",2,"TUR"
"669","1182",1,"TUR"
"905","1182",1,"TUR"
"1094","1182",1,"TUR"
"14","1183",1,"TUR"
"50","1183",1,"TUR"
"68","1183",1,"TUR"
"199","1183",1,"TUR"
"351","1183",1,"TUR"
"389","1183",3,"TUR"
"441","1183",3,"TUR"
"449","1183",1,"TUR"
"1","1184",1,"TUR"
"3","1184",1,"TUR"
"6","1184",2,"TUR"
"32","1184",1,"TUR"
"64","1184",1,"TUR"
"100","1184",1,"TUR"
"133","1184",1,"TUR"
"443","1184",1,"TUR"
"478","1184",1,"TUR"
"630","1184",1,"TUR"
"777","1184",1,"TUR"
"3","1185",1,"TUR"
"5","1185",1,"TUR"
"7","1185",2,"TUR"
"12","1185",1,"TUR"
"14","1185",1,"TUR"
"17","1185",2,"TUR"
"49","1185",1,"TUR"
"53","1185",1,"TUR"
"61","1185",1,"TUR"
"79","1185",1,"TUR"
"129","1185",1,"TUR"
"239","1185",1,"TUR"
"253","1185",1,"TUR"
"1","1186",1,"TUR"
"2","1186",1,"TUR"
"5","1186",1,"TUR"
"16","1186",1,"TUR"
"29","1186",1,"TUR"
"42","1186",1,"TUR"
"89","1186",1,"TUR"
"103","1186",1,"TUR"
"189","1186",1,"TUR"
"193","1186",1,"TUR"
"372","1186",1,"TUR"
"459","1186",1,"TUR"
"461","1186",1,"TUR"
"502","1186",1,"TUR"
"1","1187",1,"TUR"
"5","1187",1,"TUR"
"6","1187",1,"TUR"
"30","1187",1,"TUR"
"38","1187",1,"TUR"
"64","1187",1,"TUR"
"121","1187",1,"TUR"
"284","1187",1,"TUR"
"285","1187",1,"TUR"
"303","1187",1,"TUR"
"444","1187",1,"TUR"
"6","1188",1,"TUR"
"33","1188",1,"TUR"
"38","1188",3,"TUR"
"59","1188",3,"TUR"
"117","1188",1,"TUR"
"121","1188",1,"TUR"
"128","1188",2,"TUR"
"796","1188",1,"TUR"
"1","1189",1,"TUR"
"47","1189",1,"TUR"
"59","1189",1,"TUR"
"87","1189",1,"TUR"
"89","1189",1,"TUR"
"151","1189",1,"TUR"
"177","1189",1,"TUR"
"198","1189",1,"TUR"
"311","1189",1,"TUR"
"519","1189",1,"TUR"
"845","1189",1,"TUR"
"6","1190",1,"TUR"
"10","1190",1,"TUR"
"35","1190",1,"TUR"
"38","1190",1,"TUR"
"53","1190",1,"TUR"
"101","1190",1,"TUR"
"117","1190",1,"TUR"
"227","1190",1,"TUR"
"236","1190",1,"TUR"
"311","1190",1,"TUR"
"319","1190",1,"TUR"
"510","1190",1,"TUR"
"12","1191",1,"TUR"
"35","1191",1,"TUR"
"38","1191",1,"TUR"
"84","1191",1,"TUR"
"121","1191",1,"TUR"
"128","1191",1,"TUR"
"169","1191",1,"TUR"
"219","1191",1,"TUR"
"227","1191",1,"TUR"
"744","1191",1,"TUR"
"886","1191",1,"TUR"
"1","1192",1,"TUR"
"41","1192",1,"TUR"
"103","1192",1,"TUR"
"442","1192",3,"TUR"
"983","1192",1,"TUR"
"3","1193",3,"TUR"
"16","1193",1,"TUR"
"177","1193",1,"TUR"
"216","1193",1,"TUR"
"271","1193",1,"TUR"
"283","1193",1,"TUR"
"351","1193",1,"TUR"
"499","1193",2,"TUR"
"1","1194",1,"TUR"
"6","1194",1,"TUR"
"28","1194",1,"TUR"
"43","1194",1,"TUR"
"50","1194",1,"TUR"
"71","1194",1,"TUR"
"145","1194",1,"TUR"
"396","1194",1,"TUR"
"1","1195",3,"TUR"
"2","1195",1,"TUR"
"24","1195",1,"TUR"
"153","1195",1,"TUR"
"206","1195",1,"TUR"
"280","1195",1,"TUR"
"408","1195",1,"TUR"
"1","1196",1,"TUR"
"48","1196",3,"TUR"
"359","1196",1,"TUR"
"451","1196",1,"TUR"
"541","1196",1,"TUR"
"552","1196",1,"TUR"
"594","1196",1,"TUR"
"939","1196",1,"TUR"
"941","1196",1,"TUR"
"987","1196",1,"TUR"
"97","1197",1,"TUR"
"234","1197",1,"TUR"
"251","1197",1,"TUR"
"331","1197",1,"TUR"
"612","1197",3,"TUR"
"6","1198",1,"TUR"
"36","1198",1,"TUR"
"85","1198",1,"TUR"
"188","1198",1,"TUR"
"192","1198",1,"TUR"
"193","1198",1,"TUR"
"229","1198",1,"TUR"
"557","1198",1,"TUR"
"781","1198",1,"TUR"
"821","1198",1,"TUR"
"1130","1198",1,"TUR"
"1","1199",1,"TUR"
"8","1199",1,"TUR"
"10","1199",1,"TUR"
"18","1199",1,"TUR"
"31","1199",1,"TUR"
"53","1199",1,"TUR"
"67","1199",1,"TUR"
"357","1199",1,"TUR"
"561","1199",1,"TUR"
"1163","1199",1,"TUR"
"4","1200",2,"TUR"
"223","1200",1,"TUR"
"230","1200",1,"TUR"
"297","1200",1,"TUR"
"881","1200",1,"TUR"
"1","1201",1,"TUR"
"12","1201",2,"TUR"
"18","1201",1,"TUR"
"20","1201",1,"TUR"
"132","1201",1,"TUR"
"207","1201",3,"TUR"
"331","1201",1,"TUR"
"957","1201",1,"TUR"
"1084","1201",1,"TUR"
"1","1202",2,"TUR"
"2","1202",1,"TUR"
"5","1202",1,"TUR"
"38","1202",1,"TUR"
"42","1202",1,"TUR"
"108","1202",2,"TUR"
"133","1202",1,"TUR"
"844","1202",1,"TUR"
"202","1203",3,"TUR"
"719","1203",1,"TUR"
"938","1203",2,"TUR"
"1120","1203",1,"TUR"
"1","1204",1,"TUR"
"2","1204",1,"TUR"
"75","1204",1,"TUR"
"90","1204",1,"TUR"
"209","1204",1,"TUR"
"466","1204",1,"TUR"
"564","1204",1,"TUR"
"3","1205",1,"TUR"
"8","1205",1,"TUR"
"9","1205",2,"TUR"
"256","1205",1,"TUR"
"281","1205",1,"TUR"
"381","1205",1,"TUR"
"751","1205",1,"TUR"
"783","1205",1,"TUR"
"44","1206",1,"TUR"
"70","1206",1,"TUR"
"92","1206",1,"TUR"
"424","1206",1,"TUR"
"430","1206",1,"TUR"
"498","1206",1,"TUR"
"606","1206",1,"TUR"
"745","1206",1,"TUR"
"878","1206",1,"TUR"
"4","1207",1,"TUR"
"37","1207",2,"TUR"
"169","1207",1,"TUR"
"176","1207",1,"TUR"
"337","1207",1,"TUR"
"435","1207",1,"TUR"
"663","1207",1,"TUR"
"1","1208",1,"TUR"
"78","1208",1,"TUR"
"113","1208",1,"TUR"
"278","1208",1,"TUR"
"310","1208",1,"TUR"
"580","1208",1,"TUR"
"818","1208",2,"TUR"
"1104","1208",1,"TUR"
"1","1209",1,"TUR"
"81","1209",1,"TUR"
"87","1209",5,"TUR"
"439","1209",1,"TUR"
"672","1209",1,"TUR"
"815","1209",2,"TUR"
"930","1209",1,"TUR"
"11","1210",1,"TUR"
"48","1210",1,"TUR"
"335","1210",1,"TUR"
"444","1210",1,"TUR"
"445","1210",1,"TUR"
"934","1210",1,"TUR"
"2","1211",1,"TUR"
"3","1211",1,"TUR"
"5","1211",1,"TUR"
"64","1211",1,"TUR"
"163","1211",1,"TUR"
"349","1211",1,"TUR"
"378","1211",1,"TUR"
"445","1211",3,"TUR"
"477","1211",1,"TUR"
"2","1212",3,"TUR"
"24","1212",1,"TUR"
"30","1212",1,"TUR"
"38","1212",1,"TUR"
"183","1212",1,"TUR"
"3","1213",1,"TUR"
"4","1213",1,"TUR"
"30","1213",1,"TUR"
"110","1213",1,"TUR"
"441","1213",1,"TUR"
"767","1213",1,"TUR"
"846","1213",1,"TUR"
"32","1214",2,"TUR"
"42","1214",1,"TUR"
"57","1214",2,"TUR"
"153","1214",1,"TUR"
"801","1214",1,"TUR"
"5","1215",1,"TUR"
"87","1215",3,"TUR"
"174","1215",1,"TUR"
"464","1215",1,"TUR"
"465","1215",1,"TUR"
"779","1215",2,"TUR"
"1047","1215",1,"TUR"
"1","1216",1,"TUR"
"4","1216",1,"TUR"
"5","1216",1,"TUR"
"137","1216",1,"TUR"
"172","1216",1,"TUR"
"206","1216",1,"TUR"
"345","1216",1,"TUR"
"1","1217",1,"TUR"
"3","1217",1,"TUR"
"6","1217",3,"TUR"
"9","1217",1,"TUR"
"17","1217",1,"TUR"
"216","1217",1,"TUR"
"222","1217",3,"TUR"
"339","1217",1,"TUR"
"626","1217",1,"TUR"
"909","1217",1,"TUR"
"1124","1217",1,"TUR"
"1","1218",1,"TUR"
"7","1218",1,"TUR"
"14","1218",1,"TUR"
"116","1218",1,"TUR"
"676","1218",1,"TUR"
"4","1219",1,"TUR"
"6","1219",1,"TUR"
"41","1219",1,"TUR"
"55","1219",1,"TUR"
"73","1219",1,"TUR"
"162","1219",1,"TUR"
"192","1219",1,"TUR"
"1","1220",1,"TUR"
"3","1220",1,"TUR"
"4","1220",2,"TUR"
"90","1220",1,"TUR"
"97","1220",1,"TUR"
"102","1220",1,"TUR"
"175","1220",1,"TUR"
"207","1220",1,"TUR"
"312","1220",1,"TUR"
"11","1221",1,"TUR"
"91","1221",1,"TUR"
"127","1221",1,"TUR"
"128","1221",1,"TUR"
"300","1221",1,"TUR"
"437","1221",1,"TUR"
"501","1221",1,"TUR"
"1","1222",1,"TUR"
"18","1222",1,"TUR"
"33","1222",1,"TUR"
"108","1222",1,"TUR"
"187","1222",1,"TUR"
"226","1222",1,"TUR"
"244","1222",1,"TUR"
"572","1222",1,"TUR"
"1042","1222",1,"TUR"
"1","1223",5,"TUR"
"113","1223",1,"TUR"
"381","1223",1,"TUR"
"396","1223",1,"TUR"
"435","1223",1,"TUR"
"529","1223",1,"TUR"
"821","1223",1,"TUR"
"905","1223",1,"TUR"
"11","1224",2,"TUR"
"80","1224",1,"TUR"
"144","1224",1,"TUR"
"230","1224",1,"TUR"
"344","1224",1,"TUR"
"465","1224",1,"TUR"
"2","1225",2,"TUR"
"62","1225",1,"TUR"
"84","1225",1,"TUR"
"215","1225",1,"TUR"
"277","1225",1,"TUR"
"671","1225",1,"TUR"
"721","1225",1,"TUR"
"1064","1225",1,"TUR"
"1","1226",1,"TUR"
"2","1226",4,"TUR"
"13","1226",1,"TUR"
"2","1227",1,"TUR"
"20","1227",1,"TUR"
"134","1227",3,"TUR"
"489","1227",1,"TUR"
"526","1227",1,"TUR"
"2","1228",1,"TUR"
"5","1228",1,"TUR"
"29","1228",2,"TUR"
"122","1228",1,"TUR"
"178","1228",1,"TUR"
"218","1228",1,"TUR"
"299","1228",1,"TUR"
"754","1228",1,"TUR"
"804","1228",1,"TUR"
"888","1228",1,"TUR"
"925","1228",1,"TUR"
"955","1228",1,"TUR"
"25","1229",1,"TUR"
"87","1229",1,"TUR"
"95","1229",1,"TUR"
"404","1229",1,"TUR"
"766","1229",1,"TUR"
"1027","1229",1,"TUR"
"4","1230",2,"TUR"
"6","1230",1,"TUR"
"7","1230",1,"TUR"
"12","1230",2,"TUR"
"81","1230",1,"TUR"
"111","1230",1,"TUR"
"134","1230",2,"TUR"
"258","1230",1,"TUR"
"32","1231",1,"TUR"
"161","1231",1,"TUR"
"508","1231",1,"TUR"
"700","1231",1,"TUR"
"908","1231",2,"TUR"
"4","1232",4,"TUR"
"14","1232",1,"TUR"
"136","1232",1,"TUR"
"402","1232",2,"TUR"
"460","1232",1,"TUR"
"844","1232",1,"TUR"
"4","1233",2,"TUR"
"18","1233",1,"TUR"
"199","1233",1,"TUR"
"583","1233",1,"TUR"
"1012","1233",1,"TUR"
"1182","1233",1,"TUR"
"1206","1233",1,"TUR"
"1","1234",3,"TUR"
"3","1234",1,"TUR"
"63","1234",1,"TUR"
"431","1234",1,"TUR"
"613","1234",1,"TUR"
"645","1234",1,"TUR"
"648","1234",1,"TUR"
"708","1234",1,"TUR"
"1130","1234",1,"TUR"
"7","1235",1,"TUR"
"77","1235",1,"TUR"
"85","1235",1,"TUR"
"169","1235",1,"TUR"
"190","1235",1,"TUR"
"253","1235",1,"TUR"
"343","1235",1,"TUR"
"617","1235",1,"TUR"
"1103","1235",1,"TUR"
"1","1236",1,"TUR"
"127","1236",2,"TUR"
"141","1236",1,"TUR"
"154","1236",1,"TUR"
"189","1236",1,"TUR"
"217","1236",1,"TUR"
"392","1236",1,"TUR"
"506","1236",1,"TUR"
"913","1236",1,"TUR"
"943","1236",1,"TUR"
"984","1236",1,"TUR"
"1","1237",1,"TUR"
"34","1237",1,"TUR"
"119","1237",1,"TUR"
"350","1237",1,"TUR"
"392","1237",1,"TUR"
"470","1237",1,"TUR"
"1","1238",3,"TUR"
"5","1238",1,"TUR"
"14","1238",1,"TUR"
"19","1238",1,"TUR"
"101","1238",1,"TUR"
"482","1238",1,"TUR"
"735","1238",1,"TUR"
"1159","1238",1,"TUR"
"282","1239",7,"TUR"
"824","1239",1,"TUR"
"4","1240",1,"TUR"
"5","1240",2,"TUR"
"7","1240",1,"TUR"
"10","1240",1,"TUR"
"703","1240",1,"TUR"
"844","1240",1,"TUR"
"950","1240",2,"TUR"
"116","1241",1,"TUR"
"156","1241",1,"TUR"
"187","1241",1,"TUR"
"195","1241",1,"TUR"
"368","1241",1,"TUR"
"518","1241",1,"TUR"
"1018","1241",2,"TUR"
"1179","1241",1,"TUR"
"6","1242",1,"TUR"
"8","1242",1,"TUR"
"27","1242",1,"TUR"
"29","1242",2,"TUR"
"200","1242",2,"TUR"
"318","1242",2,"TUR"
"457","1242",1,"TUR"
"701","1242",1,"TUR"
"737","1242",1,"TUR"
"823","1242",1,"TUR"
"1","1243",1,"TUR"
"2","1243",1,"TUR"
"9","1243",1,"TUR"
"106","1243",1,"TUR"
"193","1243",1,"TUR"
"330","1243",1,"TUR"
"583","1243",1,"TUR"
"880","1243",1,"TUR"
"1056","1243",1,"TUR"
"1120","1243",1,"TUR"
"4","1244",1,"TUR"
"6","1244",3,"TUR"
"37","1244",1,"TUR"
"49","1244",1,"TUR"
"85","1244",1,"TUR"
"106","1244",1,"TUR"
"424","1244",1,"TUR"
"472","1244",1,"TUR"
"626","1244",1,"TUR"
"18","1245",1,"TUR"
"42","1245",1,"TUR"
"114","1245",1,"TUR"
"311","1245",1,"TUR"
"609","1245",1,"TUR"
"726","1245",1,"TUR"
"3","1246",1,"TUR"
"9","1246",1,"TUR"
"17","1246",1,"TUR"
"34","1246",1,"TUR"
"57","1246",1,"TUR"
"179","1246",1,"TUR"
"408","1246",4,"TUR"
"16","1247",1,"TUR"
"85","1247",1,"TUR"
"98","1247",1,"TUR"
"1032","1247",1,"TUR"
"1070","1247",1,"TUR"
"27","1248",1,"TUR"
"46","1248",1,"TUR"
"112","1248",1,"TUR"
"136","1248",1,"TUR"
"184","1248",1,"TUR"
"589","1248",1,"TUR"
"7","1249",1,"TUR"
"27","1249",1,"TUR"
"145","1249",1,"TUR"
"169","1249",1,"TUR"
"298","1249",1,"TUR"
"647","1249",2,"TUR"
"1071","1249",1,"TUR"
"1227","1249",1,"TUR"
"1","1250",3,"TUR"
"119","1250",1,"TUR"
"132","1250",1,"TUR"
"161","1250",1,"TUR"
"408","1250",1,"TUR"
"525","1250",1,"TUR"
"979","1250",2,"TUR"
"1","1251",1,"TUR"
"6","1251",2,"TUR"
"7","1251",1,"TUR"
"91","1251",1,"TUR"
"162","1251",1,"TUR"
"239","1251",1,"TUR"
"286","1251",1,"TUR"
"430","1251",1,"TUR"
"850","1251",1,"TUR"
"1168","1251",1,"TUR"
"1172","1251",1,"TUR"
"2","1252",1,"TUR"
"15","1252",1,"TUR"
"30","1252",1,"TUR"
"36","1252",1,"TUR"
"114","1252",1,"TUR"
"677","1252",1,"TUR"
"687","1252",1,"TUR"
"733","1252",1,"TUR"
"944","1252",1,"TUR"
"5","1253",1,"TUR"
"27","1253",2,"TUR"
"31","1253",1,"TUR"
"33","1253",1,"TUR"
"50","1253",2,"TUR"
"112","1253",1,"TUR"
"716","1253",1,"TUR"
"935","1253",1,"TUR"
"1059","1253",1,"TUR"
"1","1254",1,"TUR"
"14","1254",1,"TUR"
"417","1254",3,"TUR"
"598","1254",1,"TUR"
"674","1254",1,"TUR"
"727","1254",1,"TUR"
"742","1254",1,"TUR"
"18","1255",1,"TUR"
"20","1255",1,"TUR"
"24","1255",1,"TUR"
"185","1255",1,"TUR"
"391","1255",1,"TUR"
"399","1255",1,"TUR"
"1062","1255",4,"TUR"
"6","1256",2,"TUR"
"112","1256",2,"TUR"
"118","1256",1,"TUR"
"279","1256",1,"TUR"
"548","1256",2,"TUR"
"133","1257",1,"TUR"
"141","1257",1,"TUR"
"274","1257",1,"TUR"
"410","1257",1,"TUR"
"478","1257",1,"TUR"
"1042","1257",1,"TUR"
"1105","1257",1,"TUR"
"2","1258",2,"TUR"
"9","1258",1,"TUR"
"25","1258",1,"TUR"
"37","1258",1,"TUR"
"388","1258",1,"TUR"
"452","1258",1,"TUR"
"639","1258",1,"TUR"
"753","1258",1,"TUR"
"961","1258",1,"TUR"
"992","1258",1,"TUR"
"1","1259",1,"TUR"
"2","1259",1,"TUR"
"3","1259",1,"TUR"
"6","1259",1,"TUR"
"41","1259",1,"TUR"
"63","1259",1,"TUR"
"71","1259",1,"TUR"
"282","1259",1,"TUR"
"373","1259",1,"TUR"
"505","1259",1,"TUR"
"1045","1259",1,"TUR"
"1055","1259",1,"TUR"
"31","1260",1,"TUR"
"73","1260",1,"TUR"
"140","1260",8,"TUR"
"208","1260",1,"TUR"
"515","1260",1,"TUR"
"19","1261",7,"TUR"
"2","1262",1,"TUR"
"30","1262",1,"TUR"
"40","1262",1,"TUR"
"130","1262",1,"TUR"
"185","1262",1,"TUR"
"606","1262",1,"TUR"
"797","1262",1,"TUR"
"9","1263",2,"TUR"
"23","1263",1,"TUR"
"37","1263",1,"TUR"
"60","1263",1,"TUR"
"193","1263",1,"TUR"
"1","1264",1,"TUR"
"4","1264",2,"TUR"
"6","1264",1,"TUR"
"462","1264",4,"TUR"
"849","1264",1,"TUR"
"935","1264",1,"TUR"
"1020","1264",1,"TUR"
"7","1265",1,"TUR"
"22","1265",2,"TUR"
"34","1265",1,"TUR"
"316","1265",1,"TUR"
"407","1265",1,"TUR"
"623","1265",1,"TUR"
"632","1265",1,"TUR"
"1053","1265",3,"TUR"
"2","1266",1,"TUR"
"3","1266",1,"TUR"
"6","1266",1,"TUR"
"23","1266",1,"TUR"
"52","1266",1,"TUR"
"63","1266",1,"TUR"
"848","1266",1,"TUR"
"1078","1266",1,"TUR"
"1083","1266",1,"TUR"
"1","1267",1,"TUR"
"2","1267",1,"TUR"
"15","1267",1,"TUR"
"70","1267",1,"TUR"
"174","1267",1,"TUR"
"184","1267",1,"TUR"
"211","1267",1,"TUR"
"232","1267",1,"TUR"
"1107","1267",1,"TUR"
"2","1268",1,"TUR"
"3","1268",2,"TUR"
"5","1268",1,"TUR"
"28","1268",1,"TUR"
"34","1268",1,"TUR"
"176","1268",1,"TUR"
"275","1268",1,"TUR"
"293","1268",1,"TUR"
"553","1268",1,"TUR"
"1","1269",1,"TUR"
"63","1269",1,"TUR"
"93","1269",1,"TUR"
"163","1269",1,"TUR"
"334","1269",1,"TUR"
"622","1269",1,"TUR"
"1079","1269",1,"TUR"
"1","1270",1,"TUR"
"2","1270",1,"TUR"
"5","1270",1,"TUR"
"7","1270",1,"TUR"
"11","1270",1,"TUR"
"25","1270",1,"TUR"
"42","1270",1,"TUR"
"113","1270",1,"TUR"
"281","1270",1,"TUR"
"287","1270",2,"TUR"
"459","1270",1,"TUR"
"1","1271",1,"TUR"
"3","1271",1,"TUR"
"15","1271",1,"TUR"
"18","1271",2,"TUR"
"167","1271",1,"TUR"
"453","1271",1,"TUR"
"578","1271",1,"TUR"
"847","1271",1,"TUR"
"5","1272",1,"TUR"
"22","1272",2,"TUR"
"156","1272",1,"TUR"
"833","1272",1,"TUR"
"903","1272",2,"TUR"
"1","1273",1,"TUR"
"2","1273",1,"TUR"
"9","1273",2,"TUR"
"43","1273",1,"TUR"
"76","1273",1,"TUR"
"86","1273",1,"TUR"
"602","1273",1,"TUR"
"758","1273",1,"TUR"
"791","1273",1,"TUR"
"866","1273",1,"TUR"
"1","1274",1,"TUR"
"6","1274",1,"TUR"
"26","1274",1,"TUR"
"101","1274",2,"TUR"
"105","1274",1,"TUR"
"231","1274",1,"TUR"
"286","1274",1,"TUR"
"378","1274",1,"TUR"
"1","1275",1,"TUR"
"4","1275",1,"TUR"
"27","1275",1,"TUR"
"40","1275",1,"TUR"
"126","1275",1,"TUR"
"383","1275",1,"TUR"
"6","1276",2,"TUR"
"57","1276",1,"TUR"
"68","1276",1,"TUR"
"423","1276",1,"TUR"
"1094","1276",1,"TUR"
"6","1277",1,"TUR"
"25","1277",1,"TUR"
"44","1277",1,"TUR"
"53","1277",1,"TUR"
"73","1277",1,"TUR"
"211","1277",1,"TUR"
"258","1277",1,"TUR"
"372","1277",1,"TUR"
"943","1277",1,"TUR"
"1218","1277",1,"TUR"
"1","1278",1,"TUR"
"10","1278",1,"TUR"
"56","1278",1,"TUR"
"64","1278",1,"TUR"
"70","1278",1,"TUR"
"102","1278",1,"TUR"
"134","1278",1,"TUR"
"228","1278",1,"TUR"
"526","1278",1,"TUR"
"793","1278",1,"TUR"
"899","1278",2,"TUR"
"1131","1278",1,"TUR"
"1","1279",1,"TUR"
"6","1279",1,"TUR"
"15","1279",1,"TUR"
"70","1279",1,"TUR"
"331","1279",1,"TUR"
"845","1279",1,"TUR"
"2","1280",1,"TUR"
"5","1280",1,"TUR"
"7","1280",1,"TUR"
"20","1280",1,"TUR"
"72","1280",1,"TUR"
"110","1280",1,"TUR"
"169","1280",1,"TUR"
"943","1280",1,"TUR"
"1025","1280",1,"TUR"
"1110","1280",1,"TUR"
"1","1281",1,"TUR"
"7","1281",1,"TUR"
"10","1281",1,"TUR"
"51","1281",1,"TUR"
"73","1281",1,"TUR"
"94","1281",2,"TUR"
"288","1281",1,"TUR"
"583","1281",1,"TUR"
"718","1281",1,"TUR"
"1170","1281",1,"TUR"
"1194","1281",1,"TUR"
"3","1282",4,"TUR"
"20","1282",1,"TUR"
"45","1282",7,"TUR"
"158","1282",1,"TUR"
"1","1283",1,"TUR"
"5","1283",1,"TUR"
"179","1283",1,"TUR"
"195","1283",1,"TUR"
"271","1283",1,"TUR"
"554","1283",1,"TUR"
"569","1283",1,"TUR"
"828","1283",2,"TUR"
"891","1283",1,"TUR"
"5","1284",1,"TUR"
"45","1284",1,"TUR"
"91","1284",1,"TUR"
"157","1284",1,"TUR"
"209","1284",1,"TUR"
"388","1284",1,"TUR"
"654","1284",1,"TUR"
"947","1284",1,"TUR"
"1","1285",1,"TUR"
"3","1285",1,"TUR"
"6","1285",1,"TUR"
"56","1285",2,"TUR"
"61","1285",1,"TUR"
"75","1285",1,"TUR"
"126","1285",1,"TUR"
"221","1285",1,"TUR"
"225","1285",1,"TUR"
"580","1285",1,"TUR"
"1008","1285",1,"TUR"
"2","1286",1,"TUR"
"30","1286",1,"TUR"
"33","1286",1,"TUR"
"128","1286",5,"TUR"
"185","1286",1,"TUR"
"385","1286",1,"TUR"
"485","1286",1,"TUR"
"532","1286",1,"TUR"
"647","1286",1,"TUR"
"1007","1286",1,"TUR"
"1","1287",2,"TUR"
"2","1287",1,"TUR"
"3","1287",1,"TUR"
"42","1287",1,"TUR"
"81","1287",1,"TUR"
"143","1287",1,"TUR"
"605","1287",1,"TUR"
"621","1287",1,"TUR"
"1","1288",7,"TUR"
"104","1288",4,"TUR"
"262","1288",1,"TUR"
"9","1289",1,"TUR"
"72","1289",1,"TUR"
"83","1289",1,"TUR"
"85","1289",1,"TUR"
"95","1289",1,"TUR"
"304","1289",1,"TUR"
"321","1289",1,"TUR"
"1094","1289",1,"TUR"
"2","1290",2,"TUR"
"81","1290",1,"TUR"
"197","1290",1,"TUR"
"301","1290",2,"TUR"
"403","1290",1,"TUR"
"440","1290",1,"TUR"
"649","1290",1,"TUR"
"775","1290",1,"TUR"
"10","1291",3,"TUR"
"19","1291",1,"TUR"
"422","1291",1,"TUR"
"782","1291",1,"TUR"
"1023","1291",1,"TUR"
"14","1292",1,"TUR"
"22","1292",1,"TUR"
"70","1292",1,"TUR"
"100","1292",1,"TUR"
"112","1292",1,"TUR"
"473","1292",1,"TUR"
"984","1292",1,"TUR"
"1012","1292",1,"TUR"
"1220","1292",1,"TUR"
"29","1293",2,"TUR"
"55","1293",1,"TUR"
"727","1293",1,"TUR"
"853","1293",1,"TUR"
"1132","1293",1,"TUR"
"2","1294",1,"TUR"
"6","1294",1,"TUR"
"11","1294",1,"TUR"
"17","1294",1,"TUR"
"56","1294",1,"TUR"
"93","1294",1,"TUR"
"158","1294",1,"TUR"
"302","1294",1,"TUR"
"496","1294",1,"TUR"
"982","1294",1,"TUR"
"10","1295",1,"TUR"
"52","1295",1,"TUR"
"60","1295",1,"TUR"
"387","1295",1,"TUR"
"406","1295",1,"TUR"
"471","1295",1,"TUR"
"525","1295",1,"TUR"
"882","1295",1,"TUR"
"1","1296",1,"TUR"
"93","1296",1,"TUR"
"113","1296",1,"TUR"
"118","1296",1,"TUR"
"336","1296",1,"TUR"
"359","1296",1,"TUR"
"451","1296",3,"TUR"
"673","1296",1,"TUR"
"939","1296",1,"TUR"
"978","1296",1,"TUR"
"2","1297",2,"TUR"
"22","1297",1,"TUR"
"108","1297",1,"TUR"
"328","1297",1,"TUR"
"405","1297",1,"TUR"
"452","1297",1,"TUR"
"468","1297",1,"TUR"
"664","1297",1,"TUR"
"714","1297",1,"TUR"
"981","1297",1,"TUR"
"1","1298",1,"TUR"
"2","1298",1,"TUR"
"5","1298",1,"TUR"
"16","1298",1,"TUR"
"50","1298",1,"TUR"
"56","1298",1,"TUR"
"500","1298",1,"TUR"
"1183","1298",1,"TUR"
"1249","1298",1,"TUR"
"1","1299",1,"TUR"
"4","1299",1,"TUR"
"5","1299",2,"TUR"
"15","1299",1,"TUR"
"55","1299",1,"TUR"
"89","1299",1,"TUR"
"93","1299",1,"TUR"
"96","1299",1,"TUR"
"162","1299",1,"TUR"
"363","1299",1,"TUR"
"373","1299",1,"TUR"
"2","1300",1,"TUR"
"3","1300",1,"TUR"
"6","1300",1,"TUR"
"8","1300",1,"TUR"
"11","1300",1,"TUR"
"19","1300",1,"TUR"
"50","1300",1,"TUR"
"124","1300",1,"TUR"
"183","1300",1,"TUR"
"282","1300",1,"TUR"
"529","1300",1,"TUR"
"583","1300",1,"TUR"
"2","1301",2,"TUR"
"49","1301",1,"TUR"
"133","1301",1,"TUR"
"188","1301",1,"TUR"
"353","1301",1,"TUR"
"460","1301",1,"TUR"
"512","1301",1,"TUR"
"10","1302",1,"TUR"
"11","1302",1,"TUR"
"19","1302",1,"TUR"
"435","1302",1,"TUR"
"703","1302",1,"TUR"
"957","1302",1,"TUR"
"1","1303",1,"TUR"
"2","1303",1,"TUR"
"3","1303",1,"TUR"
"7","1303",1,"TUR"
"19","1303",1,"TUR"
"68","1303",1,"TUR"
"108","1303",1,"TUR"
"116","1303",1,"TUR"
"242","1303",1,"TUR"
"613","1303",1,"TUR"
"1175","1303",1,"TUR"
"2","1304",2,"TUR"
"76","1304",1,"TUR"
"137","1304",2,"TUR"
"206","1304",1,"TUR"
"300","1304",1,"TUR"
"462","1304",1,"TUR"
"1085","1304",1,"TUR"
"1156","1304",1,"TUR"
"1214","1304",1,"TUR"
"2","1305",1,"TUR"
"3","1305",3,"TUR"
"7","1305",1,"TUR"
"33","1305",1,"TUR"
"35","1305",1,"TUR"
"45","1305",1,"TUR"
"177","1305",1,"TUR"
"226","1305",1,"TUR"
"516","1305",1,"TUR"
"576","1305",1,"TUR"
"1041","1305",1,"TUR"
"5","1306",1,"TUR"
"10","1306",1,"TUR"
"14","1306",1,"TUR"
"46","1306",1,"TUR"
"195","1306",1,"TUR"
"604","1306",2,"TUR"
"798","1306",1,"TUR"
"1030","1306",1,"TUR"
"1153","1306",1,"TUR"
"1","1307",1,"TUR"
"34","1307",1,"TUR"
"96","1307",1,"TUR"
"199","1307",1,"TUR"
"224","1307",1,"TUR"
"368","1307",1,"TUR"
"417","1307",1,"TUR"
"1179","1307",1,"TUR"
"2","1308",2,"TUR"
"7","1308",1,"TUR"
"43","1308",1,"TUR"
"83","1308",1,"TUR"
"101","1308",1,"TUR"
"138","1308",1,"TUR"
"749","1308",1,"TUR"
"1128","1308",1,"TUR"
"1","1309",1,"TUR"
"2","1309",2,"TUR"
"4","1309",1,"TUR"
"5","1309",1,"TUR"
"121","1309",1,"TUR"
"142","1309",1,"TUR"
"154","1309",1,"TUR"
"211","1309",1,"TUR"
"737","1309",1,"TUR"
"1033","1309",1,"TUR"
"3","1310",1,"TUR"
"4","1310",1,"TUR"
"136","1310",1,"TUR"
"138","1310",1,"TUR"
"139","1310",2,"TUR"
"179","1310",2,"TUR"
"266","1310",1,"TUR"
"4","1311",1,"TUR"
"10","1311",1,"TUR"
"31","1311",1,"TUR"
"322","1311",2,"TUR"
"602","1311",1,"TUR"
"712","1311",1,"TUR"
"5","1312",1,"TUR"
"17","1312",2,"TUR"
"20","1312",1,"TUR"
"56","1312",1,"TUR"
"88","1312",1,"TUR"
"89","1312",1,"TUR"
"232","1312",1,"TUR"
"305","1312",1,"TUR"
"625","1312",1,"TUR"
"5","1313",1,"TUR"
"27","1313",1,"TUR"
"38","1313",1,"TUR"
"84","1313",1,"TUR"
"108","1313",1,"TUR"
"193","1313",1,"TUR"
"202","1313",1,"TUR"
"353","1313",1,"TUR"
"838","1313",1,"TUR"
"1","1314",1,"TUR"
"5","1314",1,"TUR"
"8","1314",1,"TUR"
"25","1314",1,"TUR"
"55","1314",1,"TUR"
"71","1314",1,"TUR"
"155","1314",1,"TUR"
"228","1314",1,"TUR"
"309","1314",1,"TUR"
"356","1314",1,"TUR"
"406","1314",1,"TUR"
"2","1315",3,"TUR"
"3","1315",1,"TUR"
"4","1315",1,"TUR"
"13","1315",1,"TUR"
"21","1315",1,"TUR"
"37","1315",1,"TUR"
"44","1315",1,"TUR"
"134","1315",1,"TUR"
"269","1315",1,"TUR"
"573","1315",1,"TUR"
"861","1315",1,"TUR"
"1","1316",1,"TUR"
"2","1316",1,"TUR"
"3","1316",1,"TUR"
"4","1316",1,"TUR"
"21","1316",1,"TUR"
"28","1316",2,"TUR"
"43","1316",1,"TUR"
"6","1317",1,"TUR"
"36","1317",1,"TUR"
"117","1317",1,"TUR"
"226","1317",1,"TUR"
"231","1317",1,"TUR"
"260","1317",1,"TUR"
"326","1317",1,"TUR"
"591","1317",2,"TUR"
"605","1317",1,"TUR"
"871","1317",1,"TUR"
"1112","1317",1,"TUR"
"2","1318",1,"TUR"
"10","1318",1,"TUR"
"12","1318",1,"TUR"
"742","1318",1,"TUR"
"748","1318",1,"TUR"
"1029","1318",1,"TUR"
"1095","1318",1,"TUR"
"1291","1318",1,"TUR"
"12","1319",1,"TUR"
"108","1319",1,"TUR"
"121","1319",1,"TUR"
"130","1319",1,"TUR"
"344","1319",1,"TUR"
"533","1319",1,"TUR"
"1187","1319",1,"TUR"
"1","1320",1,"TUR"
"5","1320",1,"TUR"
"42","1320",1,"TUR"
"87","1320",1,"TUR"
"180","1320",1,"TUR"
"195","1320",1,"TUR"
"300","1320",1,"TUR"
"310","1320",1,"TUR"
"472","1320",1,"TUR"
"603","1320",1,"TUR"
"697","1320",1,"TUR"
"779","1320",1,"TUR"
"1","1321",2,"TUR"
"3","1321",1,"TUR"
"6","1321",1,"TUR"
"22","1321",3,"TUR"
"27","1321",1,"TUR"
"492","1321",1,"TUR"
"803","1321",1,"TUR"
"1237","1321",1,"TUR"
"3","1322",1,"TUR"
"74","1322",1,"TUR"
"148","1322",1,"TUR"
"254","1322",1,"TUR"
"356","1322",1,"TUR"
"401","1322",1,"TUR"
"637","1322",1,"TUR"
"807","1322",1,"TUR"
"852","1322",1,"TUR"
"1021","1322",1,"TUR"
"1033","1322",1,"TUR"
"1153","1322",1,"TUR"
"11","1323",1,"TUR"
"21","1323",7,"TUR"
"173","1323",1,"TUR"
"376","1323",1,"TUR"
"528","1323",1,"TUR"
"579","1323",1,"TUR"
"837","1323",1,"TUR"
"197","1324",5,"TUR"
"200","1324",1,"TUR"
"207","1324",1,"TUR"
"226","1324",1,"TUR"
"377","1324",2,"TUR"
"562","1324",1,"TUR"
"1","1325",1,"TUR"
"6","1325",1,"TUR"
"86","1325",1,"TUR"
"120","1325",1,"TUR"
"189","1325",1,"TUR"
"680","1325",1,"TUR"
"954","1325",1,"TUR"
"963","1325",1,"TUR"
"1179","1325",1,"TUR"
"2","1326",1,"TUR"
"3","1326",6,"TUR"
"32","1326",1,"TUR"
"37","1326",1,"TUR"
"41","1326",1,"TUR"
"92","1326",1,"TUR"
"113","1326",1,"TUR"
"287","1326",1,"TUR"
"650","1326",1,"TUR"
"729","1326",1,"TUR"
"795","1326",1,"TUR"
"3","1327",1,"TUR"
"7","1327",1,"TUR"
"8","1327",1,"TUR"
"12","1327",1,"TUR"
"28","1327",1,"TUR"
"49","1327",1,"TUR"
"213","1327",1,"TUR"
"229","1327",1,"TUR"
"243","1327",1,"TUR"
"325","1327",1,"TUR"
"568","1327",1,"TUR"
"1010","1327",1,"TUR"
"1085","1327",1,"TUR"
"1237","1327",1,"TUR"
"1","1328",1,"TUR"
"5","1328",2,"TUR"
"7","1328",1,"TUR"
"11","1328",1,"TUR"
"18","1328",1,"TUR"
"26","1328",1,"TUR"
"67","1328",3,"TUR"
"1","1329",2,"TUR"
"3","1329",1,"TUR"
"12","1329",1,"TUR"
"22","1329",1,"TUR"
"385","1329",1,"TUR"
"545","1329",1,"TUR"
"693","1329",1,"TUR"
"833","1329",1,"TUR"
"1219","1329",1,"TUR"
"1234","1329",1,"TUR"
"3","1330",1,"TUR"
"44","1330",1,"TUR"
"97","1330",1,"TUR"
"215","1330",1,"TUR"
"275","1330",1,"TUR"
"484","1330",1,"TUR"
"704","1330",1,"TUR"
"1092","1330",1,"TUR"
"1","1331",2,"TUR"
"3","1331",1,"TUR"
"103","1331",2,"TUR"
"204","1331",1,"TUR"
"221","1331",1,"TUR"
"554","1331",1,"TUR"
"977","1331",1,"TUR"
"1215","1331",1,"TUR"
"2","1332",7,"TUR"
"5","1332",2,"TUR"
"12","1332",1,"TUR"
"38","1332",1,"TUR"
"6","1333",1,"TUR"
"21","1333",1,"TUR"
"38","1333",1,"TUR"
"114","1333",1,"TUR"
"127","1333",1,"TUR"
"187","1333",1,"TUR"
"263","1333",1,"TUR"
"469","1333",1,"TUR"
"541","1333",1,"TUR"
"617","1333",1,"TUR"
"812","1333",1,"TUR"
"1","1334",1,"TUR"
"72","1334",1,"TUR"
"133","1334",1,"TUR"
"430","1334",1,"TUR"
"478","1334",2,"TUR"
"992","1334",2,"TUR"
"1","1335",2,"TUR"
"28","1335",1,"TUR"
"38","1335",2,"TUR"
"59","1335",1,"TUR"
"170","1335",1,"TUR"
"227","1335",1,"TUR"
"754","1335",1,"TUR"
"2","1336",1,"TUR"
"7","1336",1,"TUR"
"87","1336",1,"TUR"
"257","1336",1,"TUR"
"290","1336",1,"TUR"
"291","1336",1,"TUR"
"526","1336",2,"TUR"
"935","1336",1,"TUR"
"1240","1336",1,"TUR"
"22","1337",1,"TUR"
"25","1337",1,"TUR"
"87","1337",1,"TUR"
"298","1337",1,"TUR"
"526","1337",1,"TUR"
"683","1337",1,"TUR"
"867","1337",3,"TUR"
"1074","1337",2,"TUR"
"1088","1337",2,"TUR"
"2","1338",1,"TUR"
"3","1338",7,"TUR"
"524","1338",1,"TUR"
"791","1338",1,"TUR"
"1081","1338",1,"TUR"
"6","1339",1,"TUR"
"10","1339",1,"TUR"
"27","1339",1,"TUR"
"61","1339",1,"TUR"
"62","1339",1,"TUR"
"92","1339",1,"TUR"
"298","1339",1,"TUR"
"379","1339",1,"TUR"
"1121","1339",1,"TUR"
"1135","1339",1,"TUR"
"1","1340",4,"TUR"
"3","1340",1,"TUR"
"5","1340",1,"TUR"
"7","1340",1,"TUR"
"175","1340",1,"TUR"
"275","1340",1,"TUR"
"295","1340",1,"TUR"
"409","1340",1,"TUR"
"898","1340",1,"TUR"
"1","1341",1,"TUR"
"4","1341",1,"TUR"
"5","1341",1,"TUR"
"7","1341",1,"TUR"
"15","1341",1,"TUR"
"69","1341",1,"TUR"
"180","1341",1,"TUR"
"439","1341",1,"TUR"
"999","1341",1,"TUR"
"1001","1341",1,"TUR"
"1135","1341",1,"TUR"
"46","1342",1,"TUR"
"120","1342",1,"TUR"
"141","1342",1,"TUR"
"294","1342",1,"TUR"
"564","1342",1,"TUR"
"1005","1342",1,"TUR"
"1334","1342",1,"TUR"
"1","1343",3,"TUR"
"3","1343",1,"TUR"
"6","1343",1,"TUR"
"99","1343",1,"TUR"
"189","1343",2,"TUR"
"228","1343",1,"TUR"
"260","1343",1,"TUR"
"479","1343",1,"TUR"
"10","1344",1,"TUR"
"317","1344",1,"TUR"
"975","1344",2,"TUR"
"75","1345",1,"TUR"
"82","1345",1,"TUR"
"236","1345",1,"TUR"
"264","1345",1,"TUR"
"307","1345",1,"TUR"
"745","1345",1,"TUR"
"907","1345",1,"TUR"
"1206","1345",1,"TUR"
"1","1346",1,"TUR"
"60","1346",1,"TUR"
"297","1346",1,"TUR"
"461","1346",1,"TUR"
"692","1346",1,"TUR"
"870","1346",2,"TUR"
"1343","1346",1,"TUR"
"1","1347",1,"TUR"
"2","1347",1,"TUR"
"16","1347",1,"TUR"
"45","1347",1,"TUR"
"48","1347",1,"TUR"
"65","1347",1,"TUR"
"80","1347",1,"TUR"
"82","1347",1,"TUR"
"89","1347",1,"TUR"
"225","1347",1,"TUR"
"609","1347",1,"TUR"
"4","1348",1,"TUR"
"5","1348",1,"TUR"
"8","1348",2,"TUR"
"10","1348",1,"TUR"
"44","1348",1,"TUR"
"243","1348",5,"TUR"
"561","1348",1,"TUR"
"716","1348",1,"TUR"
"29","1349",2,"TUR"
"63","1349",1,"TUR"
"134","1349",1,"TUR"
"161","1349",1,"TUR"
"248","1349",1,"TUR"
"1281","1349",1,"TUR"
"1","1350",1,"TUR"
"55","1350",1,"TUR"
"80","1350",1,"TUR"
"148","1350",2,"TUR"
"418","1350",1,"TUR"
"526","1350",1,"TUR"
"529","1350",1,"TUR"
"532","1350",1,"TUR"
"680","1350",1,"TUR"
"729","1350",1,"TUR"
"1281","1350",1,"TUR"
"5","1351",3,"TUR"
"116","1351",3,"TUR"
"498","1351",1,"TUR"
"992","1351",1,"TUR"
"2","1352",1,"TUR"
"5","1352",1,"TUR"
"6","1352",1,"TUR"
"9","1352",1,"TUR"
"33","1352",1,"TUR"
"79","1352",1,"TUR"
"151","1352",1,"TUR"
"352","1352",1,"TUR"
"406","1352",1,"TUR"
"660","1352",1,"TUR"
"1227","1352",1,"TUR"
"1319","1352",2,"TUR"
"1","1353",1,"TUR"
"2","1353",1,"TUR"
"5","1353",2,"TUR"
"6","1353",1,"TUR"
"60","1353",1,"TUR"
"225","1353",1,"TUR"
"522","1353",1,"TUR"
"783","1353",1,"TUR"
"1040","1353",1,"TUR"
"1063","1353",1,"TUR"
"2","1354",1,"TUR"
"12","1354",1,"TUR"
"86","1354",1,"TUR"
"151","1354",1,"TUR"
"204","1354",1,"TUR"
"254","1354",1,"TUR"
"339","1354",1,"TUR"
"569","1354",1,"TUR"
"648","1354",2,"TUR"
"728","1354",1,"TUR"
"1201","1354",1,"TUR"
"4","1355",1,"TUR"
"9","1355",1,"TUR"
"713","1355",1,"TUR"
"932","1355",1,"TUR"
"1355","1355",2,"TUR"
"1","1356",1,"TUR"
"9","1356",1,"TUR"
"14","1356",3,"TUR"
"244","1356",1,"TUR"
"421","1356",1,"TUR"
"464","1356",1,"TUR"
"1118","1356",1,"TUR"
"1192","1356",1,"TUR"
"1","1357",1,"TUR"
"3","1357",3,"TUR"
"37","1357",1,"TUR"
"253","1357",1,"TUR"
"266","1357",1,"TUR"
"564","1357",1,"TUR"
"829","1357",1,"TUR"
"1103","1357",1,"TUR"
"1","1358",1,"TUR"
"2","1358",1,"TUR"
"5","1358",1,"TUR"
"35","1358",1,"TUR"
"64","1358",1,"TUR"
"179","1358",1,"TUR"
"526","1358",1,"TUR"
"7","1359",1,"TUR"
"84","1359",1,"TUR"
"86","1359",1,"TUR"
"121","1359",1,"TUR"
"128","1359",1,"TUR"
"144","1359",1,"TUR"
"170","1359",1,"TUR"
"174","1359",1,"TUR"
"204","1359",1,"TUR"
"251","1359",1,"TUR"
"261","1359",1,"TUR"
"444","1359",1,"TUR"
"734","1359",1,"TUR"
"1335","1359",1,"TUR"
"7","1360",1,"TUR"
"35","1360",1,"TUR"
"38","1360",1,"TUR"
"117","1360",1,"TUR"
"631","1360",2,"TUR"
"35","1361",1,"TUR"
"38","1361",1,"TUR"
"159","1361",1,"TUR"
"239","1361",1,"TUR"
"285","1361",1,"TUR"
"491","1361",1,"TUR"
"562","1361",1,"TUR"
"579","1361",1,"TUR"
"582","1361",1,"TUR"
"773","1361",1,"TUR"
"11","1362",1,"TUR"
"35","1362",2,"TUR"
"70","1362",1,"TUR"
"121","1362",1,"TUR"
"151","1362",1,"TUR"
"172","1362",1,"TUR"
"260","1362",1,"TUR"
"306","1362",1,"TUR"
"18","1363",1,"TUR"
"33","1363",1,"TUR"
"38","1363",1,"TUR"
"59","1363",1,"TUR"
"128","1363",1,"TUR"
"175","1363",1,"TUR"
"234","1363",1,"TUR"
"266","1363",1,"TUR"
"501","1363",1,"TUR"
"784","1363",1,"TUR"
"972","1363",1,"TUR"
"4","1364",1,"TUR"
"20","1364",1,"TUR"
"35","1364",2,"TUR"
"44","1364",1,"TUR"
"47","1364",1,"TUR"
"506","1364",1,"TUR"
"575","1364",1,"TUR"
"578","1364",1,"TUR"
"624","1364",1,"TUR"
"4","1365",1,"TUR"
"7","1365",1,"TUR"
"27","1365",1,"TUR"
"43","1365",1,"TUR"
"58","1365",2,"TUR"
"77","1365",1,"TUR"
"85","1365",1,"TUR"
"291","1365",1,"TUR"
"563","1365",2,"TUR"
"727","1365",1,"TUR"
"15","1366",7,"TUR"
"58","1366",5,"TUR"
"82","1366",1,"TUR"
"946","1366",1,"TUR"
"27","1367",1,"TUR"
"44","1367",1,"TUR"
"116","1367",1,"TUR"
"132","1367",1,"TUR"
"156","1367",1,"TUR"
"244","1367",1,"TUR"
"350","1367",1,"TUR"
"754","1367",1,"TUR"
"766","1367",1,"TUR"
"6","1368",1,"TUR"
"10","1368",1,"TUR"
"64","1368",1,"TUR"
"66","1368",3,"TUR"
"83","1368",1,"TUR"
"137","1368",1,"TUR"
"214","1368",1,"TUR"
"265","1368",1,"TUR"
"1137","1368",1,"TUR"
"1","1369",1,"TUR"
"2","1369",2,"TUR"
"404","1369",1,"TUR"
"477","1369",1,"TUR"
"634","1369",1,"TUR"
"2","1370",1,"TUR"
"4","1370",5,"TUR"
"12","1370",1,"TUR"
"36","1370",1,"TUR"
"774","1370",1,"TUR"
"840","1370",1,"TUR"
"1248","1370",2,"TUR"
"1364","1370",1,"TUR"
"1","1371",1,"TUR"
"67","1371",1,"TUR"
"435","1371",1,"TUR"
"1046","1371",1,"TUR"
"7","1372",1,"TUR"
"91","1372",1,"TUR"
"335","1372",1,"TUR"
"447","1372",1,"TUR"
"535","1372",1,"TUR"
"1025","1372",1,"TUR"
"1","1373",1,"TUR"
"4","1373",1,"TUR"
"6","1373",1,"TUR"
"10","1373",1,"TUR"
"247","1373",2,"TUR"
"368","1373",1,"TUR"
"397","1373",2,"TUR"
"2","1374",1,"TUR"
"4","1374",1,"TUR"
"16","1374",1,"TUR"
"92","1374",1,"TUR"
"105","1374",1,"TUR"
"181","1374",1,"TUR"
"612","1374",1,"TUR"
"1072","1374",1,"TUR"
"6","1375",1,"TUR"
"65","1375",1,"TUR"
"69","1375",2,"TUR"
"421","1375",1,"TUR"
"499","1375",1,"TUR"
"574","1375",1,"TUR"
"603","1375",1,"TUR"
"83","1376",1,"TUR"
"101","1376",1,"TUR"
"374","1376",1,"TUR"
"584","1376",1,"TUR"
"682","1376",1,"TUR"
"771","1376",1,"TUR"
"1126","1376",1,"TUR"
"42","1377",3,"TUR"
"163","1377",1,"TUR"
"386","1377",1,"TUR"
"458","1377",3,"TUR"
"485","1377",2,"TUR"
"1097","1377",1,"TUR"
"5","1378",1,"TUR"
"48","1378",1,"TUR"
"187","1378",1,"TUR"
"351","1378",1,"TUR"
"729","1378",2,"TUR"
"752","1378",2,"TUR"
"1346","1378",1,"TUR"
"1","1379",1,"TUR"
"13","1379",1,"TUR"
"71","1379",1,"TUR"
"209","1379",1,"TUR"
"487","1379",4,"TUR"
"777","1379",1,"TUR"
"906","1379",2,"TUR"
"1","1380",2,"TUR"
"2","1380",1,"TUR"
"30","1380",1,"TUR"
"54","1380",1,"TUR"
"187","1380",1,"TUR"
"330","1380",1,"TUR"
"1203","1380",1,"TUR"
"1","1381",1,"TUR"
"2","1381",1,"TUR"
"222","1381",1,"TUR"
"1058","1381",1,"TUR"
"1","1382",1,"TUR"
"7","1382",1,"TUR"
"12","1382",1,"TUR"
"25","1382",1,"TUR"
"72","1382",1,"TUR"
"246","1382",1,"TUR"
"565","1382",1,"TUR"
"957","1382",1,"TUR"
"1307","1382",1,"TUR"
"15","1383",5,"TUR"
"62","1383",3,"TUR"
"126","1383",1,"TUR"
"146","1383",1,"TUR"
"284","1383",1,"TUR"
"285","1383",1,"TUR"
"447","1383",1,"TUR"
"582","1383",1,"TUR"
"2","1384",1,"TUR"
"11","1384",1,"TUR"
"14","1384",1,"TUR"
"72","1384",1,"TUR"
"218","1384",3,"TUR"
"11","1385",1,"TUR"
"14","1385",1,"TUR"
"20","1385",1,"TUR"
"54","1385",1,"TUR"
"158","1385",1,"TUR"
"163","1385",1,"TUR"
"213","1385",2,"TUR"
"4","1386",2,"TUR"
"5","1386",2,"TUR"
"198","1386",1,"TUR"
"384","1386",1,"TUR"
"1198","1386",1,"TUR"
"4","1387",1,"TUR"
"10","1387",1,"TUR"
"30","1387",1,"TUR"
"94","1387",1,"TUR"
"1261","1387",1,"TUR"
"1","1388",1,"TUR"
"2","1388",1,"TUR"
"32","1388",1,"TUR"
"173","1388",1,"TUR"
"1331","1388",1,"TUR"
"1374","1388",1,"TUR"
"1","1389",1,"TUR"
"5","1389",1,"TUR"
"12","1389",1,"TUR"
"30","1389",1,"TUR"
"33","1389",1,"TUR"
"36","1389",1,"TUR"
"51","1389",1,"TUR"
"57","1389",1,"TUR"
"86","1389",1,"TUR"
"130","1389",1,"TUR"
"516","1389",1,"TUR"
"1071","1389",1,"TUR"
"27","1390",1,"TUR"
"47","1390",2,"TUR"
"84","1390",1,"TUR"
"159","1390",2,"TUR"
"379","1390",1,"TUR"
"577","1390",1,"TUR"
"1048","1390",1,"TUR"
"1146","1390",1,"TUR"
"2","1391",1,"TUR"
"12","1391",1,"TUR"
"24","1391",1,"TUR"
"42","1391",1,"TUR"
"95","1391",3,"TUR"
"503","1391",1,"TUR"
"686","1391",1,"TUR"
"2","1392",5,"TUR"
"61","1392",3,"TUR"
"210","1392",2,"TUR"
"460","1392",3,"TUR"
"800","1392",1,"TUR"
"2","1393",1,"TUR"
"27","1393",1,"TUR"
"79","1393",1,"TUR"
"34","1394",2,"TUR"
"56","1394",1,"TUR"
"61","1394",1,"TUR"
"141","1394",2,"TUR"
"410","1394",1,"TUR"
"505","1394",1,"TUR"
"1257","1394",1,"TUR"
"1372","1394",1,"TUR"
"18","1395",1,"TUR"
"21","1395",1,"TUR"
"88","1395",4,"TUR"
"457","1395",1,"TUR"
"539","1395",1,"TUR"
"550","1395",1,"TUR"
"588","1395",1,"TUR"
"1287","1395",1,"TUR"
"3","1396",2,"TUR"
"13","1396",1,"TUR"
"56","1396",1,"TUR"
"113","1396",1,"TUR"
"138","1396",1,"TUR"
"629","1396",1,"TUR"
"1251","1396",2,"TUR"
"2","1397",3,"TUR"
"3","1397",1,"TUR"
"86","1397",1,"TUR"
"642","1397",1,"TUR"
"1","1398",1,"TUR"
"7","1398",1,"TUR"
"94","1398",1,"TUR"
"144","1398",1,"TUR"
"219","1398",1,"TUR"
"776","1398",1,"TUR"
"1","1399",2,"TUR"
"7","1399",1,"TUR"
"34","1399",1,"TUR"
"47","1399",1,"TUR"
"84","1399",3,"TUR"
"288","1399",1,"TUR"
"1","1400",1,"TUR"
"3","1400",1,"TUR"
"4","1400",2,"TUR"
"36","1400",1,"TUR"
"47","1400",1,"TUR"
"73","1400",1,"TUR"
"286","1400",1,"TUR"
"739","1400",1,"TUR"
"862","1400",1,"TUR"
"99","1401",1,"TUR"
"106","1401",1,"TUR"
"132","1401",1,"TUR"
"197","1401",2,"TUR"
"367","1401",1,"TUR"
"441","1401",1,"TUR"
"577","1401",1,"TUR"
"625","1401",1,"TUR"
"635","1401",1,"TUR"
"1","1402",1,"TUR"
"2","1402",1,"TUR"
"163","1402",1,"TUR"
"212","1402",1,"TUR"
"232","1402",1,"TUR"
"915","1402",1,"TUR"
"12","1403",1,"TUR"
"36","1403",1,"TUR"
"38","1403",1,"TUR"
"106","1403",1,"TUR"
"180","1403",1,"TUR"
"196","1403",1,"TUR"
"1190","1403",1,"TUR"
"1266","1403",1,"TUR"
"1","1404",1,"TUR"
"11","1404",1,"TUR"
"27","1404",1,"TUR"
"186","1404",1,"TUR"
"489","1404",1,"TUR"
"584","1404",1,"TUR"
"1183","1404",1,"TUR"
"1","1405",1,"TUR"
"6","1405",1,"TUR"
"27","1405",1,"TUR"
"40","1405",1,"TUR"
"86","1405",1,"TUR"
"87","1405",1,"TUR"
"241","1405",1,"TUR"
"260","1405",1,"TUR"
"422","1405",1,"TUR"
"540","1405",1,"TUR"
"931","1405",1,"TUR"
"1","1406",1,"TUR"
"2","1406",1,"TUR"
"3","1406",1,"TUR"
"4","1406",1,"TUR"
"11","1406",1,"TUR"
"44","1406",1,"TUR"
"1109","1406",1,"TUR"
"2","1407",2,"TUR"
"115","1407",1,"TUR"
"121","1407",1,"TUR"
"128","1407",1,"TUR"
"163","1407",2,"TUR"
"177","1407",1,"TUR"
"261","1407",1,"TUR"
"331","1407",1,"TUR"
"410","1407",1,"TUR"
"21","1408",1,"TUR"
"35","1408",1,"TUR"
"38","1408",2,"TUR"
"141","1408",1,"TUR"
"212","1408",1,"TUR"
"254","1408",1,"TUR"
"2","1409",1,"TUR"
"11","1409",1,"TUR"
"13","1409",1,"TUR"
"73","1409",1,"TUR"
"241","1409",1,"TUR"
"405","1409",1,"TUR"
"840","1409",1,"TUR"
"844","1409",1,"TUR"
"850","1409",1,"TUR"
"7","1410",1,"TUR"
"107","1410",1,"TUR"
"271","1410",1,"TUR"
"403","1410",1,"TUR"
"891","1410",1,"TUR"
"1080","1410",1,"TUR"
"3","1411",1,"TUR"
"14","1411",1,"TUR"
"79","1411",1,"TUR"
"146","1411",1,"TUR"
"162","1411",1,"TUR"
"408","1411",1,"TUR"
"453","1411",1,"TUR"
"797","1411",1,"TUR"
"1290","1411",1,"TUR"
"1322","1411",1,"TUR"
"2","1412",2,"TUR"
"27","1412",5,"TUR"
"312","1412",1,"TUR"
"318","1412",1,"TUR"
"377","1412",1,"TUR"
"622","1412",1,"TUR"
"849","1412",1,"TUR"
"1213","1412",1,"TUR"
"89","1413",1,"TUR"
"241","1413",1,"TUR"
"630","1413",1,"TUR"
"978","1413",1,"TUR"
"7","1414",1,"TUR"
"14","1414",2,"TUR"
"23","1414",1,"TUR"
"30","1414",1,"TUR"
"219","1414",1,"TUR"
"606","1414",1,"TUR"
"2","1415",1,"TUR"
"4","1415",1,"TUR"
"494","1415",1,"TUR"
"596","1415",1,"TUR"
"601","1415",1,"TUR"
"1","1416",3,"TUR"
"3","1416",1,"TUR"
"289","1416",1,"TUR"
"1004","1416",2,"TUR"
"1072","1416",1,"TUR"
"1","1417",1,"TUR"
"5","1417",1,"TUR"
"29","1417",1,"TUR"
"53","1417",1,"TUR"
"300","1417",1,"TUR"
"485","1417",1,"TUR"
"552","1417",1,"TUR"
"553","1417",2,"TUR"
"1043","1417",1,"TUR"
"1225","1417",1,"TUR"
"2","1418",1,"TUR"
"5","1418",1,"TUR"
"27","1418",1,"TUR"
"61","1418",1,"TUR"
"65","1418",1,"TUR"
"132","1418",1,"TUR"
"552","1418",1,"TUR"
"662","1418",1,"TUR"
"2","1419",1,"TUR"
"33","1419",2,"TUR"
"38","1419",1,"TUR"
"59","1419",3,"TUR"
"117","1419",2,"TUR"
"288","1419",1,"TUR"
"1369","1419",1,"TUR"
"1","1420",1,"TUR"
"51","1420",1,"TUR"
"99","1420",1,"TUR"
"101","1420",1,"TUR"
"380","1420",7,"TUR"
"3","1421",3,"TUR"
"45","1421",1,"TUR"
"64","1421",1,"TUR"
"274","1421",1,"TUR"
"489","1421",1,"TUR"
"1273","1421",1,"TUR"
"5","1422",2,"TUR"
"11","1422",1,"TUR"
"15","1422",1,"TUR"
"67","1422",1,"TUR"
"1011","1422",2,"TUR"
"1","1423",1,"TUR"
"9","1423",1,"TUR"
"135","1423",1,"TUR"
"343","1423",1,"TUR"
"470","1423",1,"TUR"
"734","1423",1,"TUR"
"754","1423",1,"TUR"
"2","1424",1,"TUR"
"25","1424",1,"TUR"
"135","1424",1,"TUR"
"243","1424",1,"TUR"
"374","1424",2,"TUR"
"481","1424",1,"TUR"
"568","1424",1,"TUR"
"726","1424",1,"TUR"
"1","1425",1,"TUR"
"11","1425",1,"TUR"
"20","1425",1,"TUR"
"115","1425",1,"TUR"
"187","1425",1,"TUR"
"3","1426",1,"TUR"
"14","1426",2,"TUR"
"295","1426",1,"TUR"
"391","1426",1,"TUR"
"786","1426",1,"TUR"
"5","1427",1,"TUR"
"11","1427",1,"TUR"
"20","1427",1,"TUR"
"57","1427",1,"TUR"
"321","1427",1,"TUR"
"340","1427",1,"TUR"
"742","1427",1,"TUR"
"1000","1427",1,"TUR"
"24","1428",1,"TUR"
"69","1428",1,"TUR"
"430","1428",1,"TUR"
"537","1428",1,"TUR"
"551","1428",1,"TUR"
"778","1428",1,"TUR"
"796","1428",1,"TUR"
"1301","1428",1,"TUR"
"2","1429",2,"TUR"
"6","1429",1,"TUR"
"73","1429",1,"TUR"
"97","1429",2,"TUR"
"212","1429",1,"TUR"
"317","1429",1,"TUR"
"435","1429",1,"TUR"
"7","1430",1,"TUR"
"175","1430",1,"TUR"
"190","1430",1,"TUR"
"266","1430",1,"TUR"
"406","1430",1,"TUR"
"928","1430",1,"TUR"
"1130","1430",1,"TUR"
"1","1431",1,"TUR"
"5","1431",1,"TUR"
"7","1431",1,"TUR"
"76","1431",1,"TUR"
"107","1431",1,"TUR"
"161","1431",1,"TUR"
"432","1431",1,"TUR"
"613","1431",1,"TUR"
"989","1431",1,"TUR"
"15","1432",1,"TUR"
"20","1432",1,"TUR"
"220","1432",1,"TUR"
"231","1432",1,"TUR"
"619","1432",1,"TUR"
"783","1432",1,"TUR"
"2","1433",1,"TUR"
"4","1433",1,"TUR"
"7","1433",1,"TUR"
"68","1433",1,"TUR"
"118","1433",1,"TUR"
"412","1433",1,"TUR"
"473","1433",1,"TUR"
"901","1433",2,"TUR"
"1005","1433",1,"TUR"
"1025","1433",1,"TUR"
"440","1434",1,"TUR"
"511","1434",1,"TUR"
"662","1434",1,"TUR"
"905","1434",3,"TUR"
"975","1434",1,"TUR"
"1397","1434",1,"TUR"
"1","1435",1,"TUR"
"2","1435",1,"TUR"
"137","1435",1,"TUR"
"213","1435",1,"TUR"
"235","1435",1,"TUR"
"306","1435",1,"TUR"
"405","1435",1,"TUR"
"406","1435",2,"TUR"
"453","1435",1,"TUR"
"718","1435",1,"TUR"
"788","1435",1,"TUR"
"1","1436",2,"TUR"
"2","1436",1,"TUR"
"33","1436",1,"TUR"
"56","1436",1,"TUR"
"527","1436",1,"TUR"
"578","1436",1,"TUR"
"785","1436",1,"TUR"
"3","1437",2,"TUR"
"25","1437",1,"TUR"
"52","1437",1,"TUR"
"114","1437",1,"TUR"
"292","1437",1,"TUR"
"616","1437",1,"TUR"
"1125","1437",1,"TUR"
"1294","1437",1,"TUR"
"2","1438",1,"TUR"
"3","1438",1,"TUR"
"36","1438",1,"TUR"
"329","1438",1,"TUR"
"409","1438",1,"TUR"
"769","1438",1,"TUR"
"7","1439",1,"TUR"
"57","1439",1,"TUR"
"153","1439",1,"TUR"
"161","1439",1,"TUR"
"232","1439",1,"TUR"
"411","1439",1,"TUR"
"440","1439",1,"TUR"
"1","1440",1,"TUR"
"4","1440",2,"TUR"
"8","1440",1,"TUR"
"51","1440",1,"TUR"
"146","1440",1,"TUR"
"253","1440",1,"TUR"
"452","1440",2,"TUR"
"597","1440",1,"TUR"
"630","1440",1,"TUR"
"1241","1440",1,"TUR"
"1","1441",1,"TUR"
"2","1441",1,"TUR"
"10","1441",2,"TUR"
"91","1441",1,"TUR"
"121","1441",1,"TUR"
"179","1441",1,"TUR"
"636","1441",1,"TUR"
"997","1441",1,"TUR"
"1004","1441",1,"TUR"
"1","1442",1,"TUR"
"2","1442",3,"TUR"
"6","1442",1,"TUR"
"11","1442",1,"TUR"
"21","1442",1,"TUR"
"120","1442",1,"TUR"
"5","1443",1,"TUR"
"12","1443",1,"TUR"
"132","1443",1,"TUR"
"137","1443",1,"TUR"
"330","1443",1,"TUR"
"1192","1443",1,"TUR"
"1","1444",1,"TUR"
"21","1444",1,"TUR"
"485","1444",1,"TUR"
"783","1444",1,"TUR"
"1008","1444",1,"TUR"
"1117","1444",1,"TUR"
"6","1445",1,"TUR"
"8","1445",1,"TUR"
"14","1445",1,"TUR"
"25","1445",1,"TUR"
"114","1445",1,"TUR"
"388","1445",1,"TUR"
"754","1445",1,"TUR"
"998","1445",1,"TUR"
"1","1446",1,"TUR"
"5","1446",1,"TUR"
"915","1446",1,"TUR"
"1142","1446",1,"TUR"
"3","1447",1,"TUR"
"5","1447",1,"TUR"
"31","1447",1,"TUR"
"72","1447",1,"TUR"
"94","1447",1,"TUR"
"224","1447",1,"TUR"
"252","1447",1,"TUR"
"556","1447",1,"TUR"
"1","1448",2,"TUR"
"12","1448",1,"TUR"
"50","1448",1,"TUR"
"145","1448",1,"TUR"
"179","1448",1,"TUR"
"994","1448",1,"TUR"
"1408","1448",1,"TUR"
"2","1449",1,"TUR"
"5","1449",1,"TUR"
"7","1449",1,"TUR"
"56","1449",1,"TUR"
"66","1449",1,"TUR"
"108","1449",1,"TUR"
"184","1449",1,"TUR"
"860","1449",1,"TUR"
"1044","1449",1,"TUR"
"5","1450",1,"TUR"
"6","1450",1,"TUR"
"8","1450",1,"TUR"
"32","1450",1,"TUR"
"45","1450",1,"TUR"
"56","1450",1,"TUR"
"61","1450",1,"TUR"
"187","1450",1,"TUR"
"257","1450",1,"TUR"
"290","1450",1,"TUR"
"1177","1450",1,"TUR"
"25","1451",1,"TUR"
"267","1451",1,"TUR"
"356","1451",1,"TUR"
"647","1451",2,"TUR"
"4","1452",1,"TUR"
"29","1452",1,"TUR"
"37","1452",1,"TUR"
"131","1452",1,"TUR"
"1372","1452",1,"TUR"
"13","1453",1,"TUR"
"18","1453",1,"TUR"
"43","1453",1,"TUR"
"49","1453",1,"TUR"
"51","1453",1,"TUR"
"1243","1453",1,"TUR"
"108","1454",1,"TUR"
"119","1454",1,"TUR"
"178","1454",1,"TUR"
"196","1454",1,"TUR"
"239","1454",1,"TUR"
"373","1454",5,"TUR"
"649","1454",1,"TUR"
"993","1454",1,"TUR"
"5","1455",1,"TUR"
"6","1455",1,"TUR"
"41","1455",1,"TUR"
"162","1455",1,"TUR"
"404","1455",1,"TUR"
"438","1455",1,"TUR"
"1002","1455",1,"TUR"
"3","1456",1,"TUR"
"19","1456",1,"TUR"
"112","1456",1,"TUR"
"495","1456",4,"TUR"
"964","1456",1,"TUR"
"1134","1456",1,"TUR"
"1","1457",6,"TUR"
"15","1457",1,"TUR"
"41","1457",1,"TUR"
"101","1457",1,"TUR"
"10","1458",1,"TUR"
"90","1458",1,"TUR"
"110","1458",1,"TUR"
"607","1458",1,"TUR"
"725","1458",1,"TUR"
"1310","1458",1,"TUR"
"2","1459",1,"TUR"
"5","1459",1,"TUR"
"6","1459",1,"TUR"
"10","1459",2,"TUR"
"156","1459",1,"TUR"
"179","1459",1,"TUR"
"660","1459",1,"TUR"
"1","1460",6,"TUR"
"113","1460",1,"TUR"
"161","1460",1,"TUR"
"388","1460",1,"TUR"
"675","1460",1,"TUR"
"902","1460",1,"TUR"
"10","1461",1,"TUR"
"75","1461",1,"TUR"
"130","1461",1,"TUR"
"176","1461",1,"TUR"
"264","1461",1,"TUR"
"649","1461",2,"TUR"
"1224","1461",1,"TUR"
"1","1462",1,"TUR"
"5","1462",1,"TUR"
"22","1462",1,"TUR"
"41","1462",2,"TUR"
"121","1462",2,"TUR"
"154","1462",3,"TUR"
"574","1462",1,"TUR"
"8","1463",1,"TUR"
"45","1463",1,"TUR"
"126","1463",1,"TUR"
"187","1463",1,"TUR"
"220","1463",1,"TUR"
"236","1463",1,"TUR"
"245","1463",1,"TUR"
"324","1463",1,"TUR"
"368","1463",1,"TUR"
"1","1464",1,"TUR"
"12","1464",1,"TUR"
"28","1464",3,"TUR"
"37","1464",1,"TUR"
"778","1464",1,"TUR"
"794","1464",2,"TUR"
"3","1465",1,"TUR"
"91","1465",1,"TUR"
"516","1465",1,"TUR"
"690","1465",1,"TUR"
"1449","1465",1,"TUR"
"2","1466",1,"TUR"
"19","1466",1,"TUR"
"76","1466",1,"TUR"
"91","1466",2,"TUR"
"142","1466",1,"TUR"
"282","1466",1,"TUR"
"590","1466",2,"TUR"
"591","1466",1,"TUR"
"933","1466",1,"TUR"
"19","1467",1,"TUR"
"56","1467",1,"TUR"
"123","1467",1,"TUR"
"143","1467",1,"TUR"
"169","1467",1,"TUR"
"319","1467",1,"TUR"
"407","1467",1,"TUR"
"1","1468",1,"TUR"
"24","1468",1,"TUR"
"76","1468",1,"TUR"
"96","1468",1,"TUR"
"103","1468",1,"TUR"
"299","1468",1,"TUR"
"432","1468",1,"TUR"
"691","1468",1,"TUR"
"894","1468",1,"TUR"
"1","1469",1,"TUR"
"54","1469",3,"TUR"
"514","1469",1,"TUR"
"872","1469",1,"TUR"
"894","1469",1,"TUR"
"1029","1469",1,"TUR"
"23","1470",4,"TUR"
"82","1470",1,"TUR"
"589","1470",6,"TUR"
"1","1471",1,"TUR"
"9","1471",1,"TUR"
"11","1471",1,"TUR"
"13","1471",1,"TUR"
"41","1471",1,"TUR"
"114","1471",1,"TUR"
"495","1471",1,"TUR"
"1113","1471",1,"TUR"
"1342","1471",1,"TUR"
"1","1472",1,"TUR"
"2","1472",2,"TUR"
"10","1472",1,"TUR"
"84","1472",1,"TUR"
"99","1472",1,"TUR"
"163","1472",1,"TUR"
"772","1472",1,"TUR"
"1","1473",1,"TUR"
"5","1473",1,"TUR"
"10","1473",1,"TUR"
"40","1473",1,"TUR"
"219","1473",1,"TUR"
"232","1473",1,"TUR"
"335","1473",1,"TUR"
"981","1473",1,"TUR"
"1209","1473",1,"TUR"
"2","1474",1,"TUR"
"3","1474",3,"TUR"
"5","1474",1,"TUR"
"135","1474",1,"TUR"
"146","1474",1,"TUR"
"333","1474",1,"TUR"
"498","1474",1,"TUR"
"563","1474",1,"TUR"
"596","1474",1,"TUR"
"49","1475",1,"TUR"
"77","1475",1,"TUR"
"89","1475",1,"TUR"
"93","1475",6,"TUR"
"135","1475",1,"TUR"
"296","1475",1,"TUR"
"4","1476",1,"TUR"
"12","1476",1,"TUR"
"40","1476",1,"TUR"
"195","1476",1,"TUR"
"233","1476",1,"TUR"
"944","1476",1,"TUR"
"1381","1476",2,"TUR"
"1","1477",1,"TUR"
"160","1477",1,"TUR"
"230","1477",2,"TUR"
"254","1477",1,"TUR"
"304","1477",1,"TUR"
"749","1477",1,"TUR"
"1069","1477",1,"TUR"
"1093","1477",1,"TUR"
"8","1478",1,"TUR"
"31","1478",1,"TUR"
"90","1478",1,"TUR"
"240","1478",1,"TUR"
"288","1478",1,"TUR"
"4","1479",1,"TUR"
"9","1479",1,"TUR"
"27","1479",1,"TUR"
"30","1479",1,"TUR"
"108","1479",1,"TUR"
"151","1479",1,"TUR"
"209","1479",1,"TUR"
"249","1479",1,"TUR"
"418","1479",1,"TUR"
"749","1479",1,"TUR"
"1008","1479",1,"TUR"
"1","1480",1,"TUR"
"3","1480",1,"TUR"
"4","1480",1,"TUR"
"8","1480",1,"TUR"
"14","1480",1,"TUR"
"99","1480",1,"TUR"
"150","1480",1,"TUR"
"167","1480",1,"TUR"
"451","1480",1,"TUR"
"480","1480",1,"TUR"
"1","1481",1,"TUR"
"2","1481",1,"TUR"
"114","1481",1,"TUR"
"222","1481",1,"TUR"
"382","1481",1,"TUR"
"517","1481",1,"TUR"
"776","1481",1,"TUR"
"1204","1481",1,"TUR"
"1317","1481",1,"TUR"
"3","1482",2,"TUR"
"42","1482",1,"TUR"
"109","1482",1,"TUR"
"283","1482",1,"TUR"
"867","1482",1,"TUR"
"1089","1482",1,"TUR"
"1","1483",1,"TUR"
"3","1483",1,"TUR"
"7","1483",1,"TUR"
"41","1483",1,"TUR"
"131","1483",1,"TUR"
"162","1483",1,"TUR"
"569","1483",1,"TUR"
"646","1483",1,"TUR"
"860","1483",1,"TUR"
"928","1483",1,"TUR"
"2","1484",2,"TUR"
"3","1484",2,"TUR"
"32","1484",1,"TUR"
"38","1484",1,"TUR"
"41","1484",1,"TUR"
"82","1484",1,"TUR"
"187","1484",1,"TUR"
"278","1484",1,"TUR"
"311","1484",1,"TUR"
"1160","1484",1,"TUR"
"65","1485",1,"TUR"
"81","1485",1,"TUR"
"86","1485",1,"TUR"
"177","1485",1,"TUR"
"216","1485",1,"TUR"
"870","1485",2,"TUR"
"1037","1485",1,"TUR"
"1402","1485",1,"TUR"
"126","1486",1,"TUR"
"206","1486",1,"TUR"
"402","1486",1,"TUR"
"446","1486",1,"TUR"
"464","1486",1,"TUR"
"488","1486",1,"TUR"
"606","1486",4,"TUR"
"614","1486",1,"TUR"
"879","1486",1,"TUR"
"971","1486",1,"TUR"
"1","1487",1,"TUR"
"25","1487",1,"TUR"
"31","1487",1,"TUR"
"70","1487",1,"TUR"
"271","1487",1,"TUR"
"320","1487",1,"TUR"
"479","1487",1,"TUR"
"918","1487",1,"TUR"
"1078","1487",1,"TUR"
"1","1488",7,"TUR"
"12","1488",1,"TUR"
"673","1488",1,"TUR"
"860","1488",1,"TUR"
"1300","1488",1,"TUR"
"1311","1488",1,"TUR"
"126","1489",2,"TUR"
"323","1489",1,"TUR"
"380","1489",1,"TUR"
"655","1489",3,"TUR"
"1134","1489",1,"TUR"
"38","1490",1,"TUR"
"169","1490",1,"TUR"
"174","1490",1,"TUR"
"304","1490",1,"TUR"
"328","1490",1,"TUR"
"884","1490",1,"TUR"
"1061","1490",1,"TUR"
"1095","1490",3,"TUR"
"1","1491",1,"TUR"
"3","1491",1,"TUR"
"4","1491",1,"TUR"
"12","1491",1,"TUR"
"47","1491",1,"TUR"
"111","1491",1,"TUR"
"239","1491",1,"TUR"
"619","1491",1,"TUR"
"685","1491",1,"TUR"
"1167","1491",1,"TUR"
"1181","1491",1,"TUR"
"1","1492",1,"TUR"
"2","1492",1,"TUR"
"3","1492",2,"TUR"
"10","1492",1,"TUR"
"161","1492",1,"TUR"
"211","1492",1,"TUR"
"286","1492",1,"TUR"
"554","1492",1,"TUR"
"872","1492",1,"TUR"
"1080","1492",1,"TUR"
"2","1493",1,"TUR"
"571","1493",1,"TUR"
"1","1494",1,"TUR"
"29","1494",1,"TUR"
"141","1494",1,"TUR"
"159","1494",1,"TUR"
"173","1494",2,"TUR"
"968","1494",1,"TUR"
"1","1495",1,"TUR"
"12","1495",1,"TUR"
"15","1495",1,"TUR"
"34","1495",3,"TUR"
"99","1495",1,"TUR"
"246","1495",1,"TUR"
"507","1495",1,"TUR"
"610","1495",1,"TUR"
"901","1495",1,"TUR"
"3","1496",1,"TUR"
"5","1496",1,"TUR"
"182","1496",2,"TUR"
"458","1496",1,"TUR"
"561","1496",1,"TUR"
"7","1497",2,"TUR"
"60","1497",1,"TUR"
"348","1497",1,"TUR"
"349","1497",1,"TUR"
"456","1497",1,"TUR"
"575","1497",1,"TUR"
"705","1497",1,"TUR"
"2","1498",1,"TUR"
"5","1498",1,"TUR"
"88","1498",1,"TUR"
"98","1498",1,"TUR"
"107","1498",1,"TUR"
"157","1498",1,"TUR"
"1440","1498",1,"TUR"
"3","1499",1,"TUR"
"53","1499",1,"TUR"
"62","1499",1,"TUR"
"221","1499",1,"TUR"
"540","1499",1,"TUR"
"669","1499",1,"TUR"
"774","1499",1,"TUR"
"826","1499",2,"TUR"
"35","1500",1,"TUR"
"40","1500",1,"TUR"
"71","1500",1,"TUR"
"108","1500",1,"TUR"
"280","1500",1,"TUR"
"318","1500",1,"TUR"
"477","1500",1,"TUR"
"2","1501",2,"TUR"
"44","1501",1,"TUR"
"85","1501",1,"TUR"
"152","1501",1,"TUR"
"220","1501",1,"TUR"
"566","1501",1,"TUR"
"812","1501",1,"TUR"
"1294","1501",1,"TUR"
"65","1502",1,"TUR"
"92","1502",1,"TUR"
"218","1502",1,"TUR"
"238","1502",1,"TUR"
"299","1502",2,"TUR"
"552","1502",1,"TUR"
"788","1502",1,"TUR"
"863","1502",1,"TUR"
"1256","1502",1,"TUR"
"1","1503",1,"TUR"
"120","1503",1,"TUR"
"192","1503",1,"TUR"
"199","1503",2,"TUR"
"305","1503",2,"TUR"
"440","1503",1,"TUR"
"986","1503",1,"TUR"
"1","1504",1,"TUR"
"5","1504",1,"TUR"
"61","1504",1,"TUR"
"120","1504",1,"TUR"
"135","1504",1,"TUR"
"471","1504",1,"TUR"
"541","1504",1,"TUR"
"750","1504",1,"TUR"
"764","1504",1,"TUR"
"1246","1504",1,"TUR"
"4","1505",1,"TUR"
"16","1505",1,"TUR"
"161","1505",1,"TUR"
"241","1505",1,"TUR"
"280","1505",1,"TUR"
"379","1505",1,"TUR"
"608","1505",1,"TUR"
"943","1505",1,"TUR"
"1107","1505",1,"TUR"
"5","1506",1,"TUR"
"434","1506",1,"TUR"
"762","1506",1,"TUR"
"842","1506",1,"TUR"
"2","1507",1,"TUR"
"10","1507",1,"TUR"
"46","1507",1,"TUR"
"113","1507",1,"TUR"
"256","1507",3,"TUR"
"280","1507",1,"TUR"
"376","1507",1,"TUR"
"676","1507",1,"TUR"
"764","1507",1,"TUR"
"900","1507",1,"TUR"
"1155","1507",1,"TUR"
"1285","1507",1,"TUR"
"3","1508",2,"TUR"
"31","1508",1,"TUR"
"62","1508",1,"TUR"
"79","1508",1,"TUR"
"90","1508",1,"TUR"
"138","1508",1,"TUR"
"471","1508",1,"TUR"
"820","1508",1,"TUR"
"1031","1508",1,"TUR"
"1282","1508",1,"TUR"
"1285","1508",1,"TUR"
"1","1509",1,"TUR"
"48","1509",1,"TUR"
"88","1509",1,"TUR"
"241","1509",1,"TUR"
"572","1509",1,"TUR"
"889","1509",1,"TUR"
"1142","1509",1,"TUR"
"1","1510",1,"TUR"
"6","1510",1,"TUR"
"27","1510",1,"TUR"
"51","1510",1,"TUR"
"60","1510",1,"TUR"
"64","1510",1,"TUR"
"395","1510",1,"TUR"
"419","1510",1,"TUR"
"942","1510",1,"TUR"
"1280","1510",1,"TUR"
"9","1511",1,"TUR"
"35","1511",1,"TUR"
"81","1511",1,"TUR"
"151","1511",1,"TUR"
"665","1511",1,"TUR"
"743","1511",1,"TUR"
"948","1511",1,"TUR"
"1144","1511",1,"TUR"
"1457","1511",1,"TUR"
"1","1512",2,"TUR"
"44","1512",1,"TUR"
"47","1512",1,"TUR"
"155","1512",1,"TUR"
"187","1512",1,"TUR"
"812","1512",1,"TUR"
"930","1512",2,"TUR"
"3","1513",1,"TUR"
"44","1513",1,"TUR"
"53","1513",1,"TUR"
"101","1513",1,"TUR"
"220","1513",1,"TUR"
"340","1513",1,"TUR"
"362","1513",1,"TUR"
"583","1513",1,"TUR"
"650","1513",1,"TUR"
"3","1514",1,"TUR"
"10","1514",2,"TUR"
"473","1514",1,"TUR"
"572","1514",1,"TUR"
"749","1514",2,"TUR"
"1122","1514",1,"TUR"
"24","1515",1,"TUR"
"51","1515",1,"TUR"
"109","1515",2,"TUR"
"134","1515",6,"TUR"
"285","1515",1,"TUR"
"1125","1515",1,"TUR"
"1","1516",1,"TUR"
"2","1516",2,"TUR"
"3","1516",1,"TUR"
"7","1516",1,"TUR"
"393","1516",1,"TUR"
"552","1516",1,"TUR"
"566","1516",1,"TUR"
"901","1516",2,"TUR"
"71","1517",1,"TUR"
"154","1517",1,"TUR"
"300","1517",2,"TUR"
"348","1517",1,"TUR"
"457","1517",1,"TUR"
"484","1517",1,"TUR"
"683","1517",1,"TUR"
"1","1518",1,"TUR"
"136","1518",1,"TUR"
"333","1518",1,"TUR"
"365","1518",1,"TUR"
"526","1518",1,"TUR"
"1243","1518",1,"TUR"
"1","1519",4,"TUR"
"92","1519",1,"TUR"
"310","1519",1,"TUR"
"519","1519",1,"TUR"
"1","1520",4,"TUR"
"2","1520",1,"TUR"
"6","1520",1,"TUR"
"198","1520",1,"TUR"
"1338","1520",1,"TUR"
"1","1521",1,"TUR"
"58","1521",1,"TUR"
"90","1521",1,"TUR"
"241","1521",1,"TUR"
"483","1521",1,"TUR"
"528","1521",1,"TUR"
"709","1521",1,"TUR"
"2","1522",2,"TUR"
"5","1522",1,"TUR"
"349","1522",1,"TUR"
"730","1522",1,"TUR"
"11","1523",1,"TUR"
"24","1523",1,"TUR"
"44","1523",1,"TUR"
"721","1523",1,"TUR"
"1241","1523",1,"TUR"
"1406","1523",1,"TUR"
"2","1524",1,"TUR"
"6","1524",1,"TUR"
"53","1524",1,"TUR"
"346","1524",1,"TUR"
"447","1524",1,"TUR"
"607","1524",1,"TUR"
"654","1524",1,"TUR"
"835","1524",1,"TUR"
"872","1524",1,"TUR"
"5","1525",1,"TUR"
"144","1525",1,"TUR"
"327","1525",1,"TUR"
"764","1525",1,"TUR"
"1006","1525",1,"TUR"
"1342","1525",1,"TUR"
"2","1526",1,"TUR"
"5","1526",1,"TUR"
"6","1526",1,"TUR"
"9","1526",1,"TUR"
"21","1526",1,"TUR"
"103","1526",1,"TUR"
"110","1526",1,"TUR"
"540","1526",1,"TUR"
"830","1526",1,"TUR"
"831","1526",1,"TUR"
"5","1527",1,"TUR"
"8","1527",1,"TUR"
"10","1527",1,"TUR"
"14","1527",1,"TUR"
"44","1527",1,"TUR"
"57","1527",1,"TUR"
"64","1527",1,"TUR"
"505","1527",1,"TUR"
"2","1528",2,"TUR"
"8","1528",1,"TUR"
"21","1528",1,"TUR"
"176","1528",1,"TUR"
"1496","1528",1,"TUR"
"2","1529",1,"TUR"
"8","1529",1,"TUR"
"52","1529",1,"TUR"
"62","1529",2,"TUR"
"143","1529",1,"TUR"
"396","1529",1,"TUR"
"1446","1529",1,"TUR"
"1","1530",2,"TUR"
"36","1530",1,"TUR"
"41","1530",1,"TUR"
"93","1530",1,"TUR"
"157","1530",1,"TUR"
"185","1530",1,"TUR"
"437","1530",1,"TUR"
"819","1530",1,"TUR"
"1001","1530",1,"TUR"
"1014","1530",1,"TUR"
"3","1531",1,"TUR"
"81","1531",1,"TUR"
"226","1531",1,"TUR"
"667","1531",1,"TUR"
"772","1531",1,"TUR"
"936","1531",1,"TUR"
"1403","1531",1,"TUR"
"4","1532",1,"TUR"
"15","1532",1,"TUR"
"19","1532",1,"TUR"
"24","1532",1,"TUR"
"71","1532",1,"TUR"
"240","1532",1,"TUR"
"662","1532",1,"TUR"
"833","1532",1,"TUR"
"851","1532",1,"TUR"
"1","1533",1,"TUR"
"93","1533",1,"TUR"
"111","1533",1,"TUR"
"363","1533",1,"TUR"
"501","1533",1,"TUR"
"949","1533",1,"TUR"
"1301","1533",1,"TUR"
"1","1534",2,"TUR"
"2","1534",2,"TUR"
"30","1534",1,"TUR"
"36","1534",1,"TUR"
"103","1534",1,"TUR"
"208","1534",1,"TUR"
"400","1534",2,"TUR"
"1047","1534",1,"TUR"
"25","1535",1,"TUR"
"37","1535",1,"TUR"
"42","1535",1,"TUR"
"124","1535",1,"TUR"
"150","1535",1,"TUR"
"173","1535",1,"TUR"
"180","1535",2,"TUR"
"630","1535",1,"TUR"
"6","1536",1,"TUR"
"37","1536",1,"TUR"
"181","1536",1,"TUR"
"200","1536",1,"TUR"
"351","1536",1,"TUR"
"434","1536",2,"TUR"
"587","1536",1,"TUR"
"715","1536",1,"TUR"
"1097","1536",1,"TUR"
"1124","1536",1,"TUR"
"1","1537",1,"TUR"
"3","1537",1,"TUR"
"7","1537",1,"TUR"
"20","1537",1,"TUR"
"31","1537",1,"TUR"
"94","1537",1,"TUR"
"200","1537",1,"TUR"
"620","1537",1,"TUR"
"48","1538",1,"TUR"
"56","1538",1,"TUR"
"229","1538",1,"TUR"
"259","1538",1,"TUR"
"451","1538",1,"TUR"
"712","1538",1,"TUR"
"1126","1538",1,"TUR"
"1444","1538",1,"TUR"
"1","1539",1,"TUR"
"6","1539",1,"TUR"
"12","1539",1,"TUR"
"103","1539",1,"TUR"
"773","1539",1,"TUR"
"1292","1539",1,"TUR"
"188","1540",1,"TUR"
"269","1540",1,"TUR"
"528","1540",1,"TUR"
"709","1540",5,"TUR"
"775","1540",1,"TUR"
"1458","1540",1,"TUR"
"47","1541",1,"TUR"
"407","1541",3,"TUR"
"1263","1541",3,"TUR"
"21","1542",1,"TUR"
"84","1542",1,"TUR"
"202","1542",1,"TUR"
"253","1542",1,"TUR"
"407","1542",2,"TUR"
"441","1542",1,"TUR"
"448","1542",1,"TUR"
"559","1542",1,"TUR"
"5","1543",1,"TUR"
"7","1543",1,"TUR"
"9","1543",1,"TUR"
"53","1543",1,"TUR"
"144","1543",1,"TUR"
"189","1543",1,"TUR"
"748","1543",2,"TUR"
"852","1543",1,"TUR"
"178","1544",1,"TUR"
"1006","1544",2,"TUR"
"1285","1544",1,"TUR"
"13","1545",6,"TUR"
"150","1545",1,"TUR"
"230","1545",2,"TUR"
"528","1545",1,"TUR"
"539","1545",1,"TUR"
"1","1546",2,"TUR"
"2","1546",1,"TUR"
"8","1546",1,"TUR"
"9","1546",1,"TUR"
"293","1546",1,"TUR"
"2","1547",1,"TUR"
"108","1547",1,"TUR"
"291","1547",1,"TUR"
"613","1547",1,"TUR"
"694","1547",1,"TUR"
"1298","1547",1,"TUR"
"1518","1547",2,"TUR"
"1","1548",1,"TUR"
"4","1548",1,"TUR"
"11","1548",1,"TUR"
"75","1548",1,"TUR"
"76","1548",3,"TUR"
"187","1548",1,"TUR"
"515","1548",1,"TUR"
"997","1548",1,"TUR"
"1","1549",1,"TUR"
"11","1549",1,"TUR"
"25","1549",1,"TUR"
"199","1549",2,"TUR"
"430","1549",1,"TUR"
"619","1549",1,"TUR"
"622","1549",1,"TUR"
"1320","1549",1,"TUR"
"2","1550",1,"TUR"
"4","1550",1,"TUR"
"5","1550",1,"TUR"
"20","1550",1,"TUR"
"115","1550",1,"TUR"
"441","1550",1,"TUR"
"898","1550",1,"TUR"
"1126","1550",1,"TUR"
"1380","1550",1,"TUR"
"1","1551",2,"TUR"
"3","1551",1,"TUR"
"8","1551",1,"TUR"
"12","1551",1,"TUR"
"15","1551",1,"TUR"
"35","1551",1,"TUR"
"36","1551",1,"TUR"
"55","1551",1,"TUR"
"71","1551",1,"TUR"
"412","1551",1,"TUR"
"1","1552",2,"TUR"
"3","1552",1,"TUR"
"4","1552",1,"TUR"
"6","1552",1,"TUR"
"7","1552",1,"TUR"
"17","1552",1,"TUR"
"57","1552",1,"TUR"
"83","1552",1,"TUR"
"132","1552",1,"TUR"
"249","1552",1,"TUR"
"1007","1552",1,"TUR"
"1284","1552",1,"TUR"
"1","1553",1,"TUR"
"2","1553",1,"TUR"
"7","1553",2,"TUR"
"34","1553",1,"TUR"
"97","1553",1,"TUR"
"130","1553",1,"TUR"
"137","1553",1,"TUR"
"183","1553",1,"TUR"
"245","1553",1,"TUR"
"686","1553",1,"TUR"
"2","1554",3,"TUR"
"52","1554",1,"TUR"
"108","1554",1,"TUR"
"110","1554",1,"TUR"
"147","1554",1,"TUR"
"217","1554",2,"TUR"
"435","1554",1,"TUR"
"994","1554",1,"TUR"
"2","1555",1,"TUR"
"4","1555",1,"TUR"
"5","1555",2,"TUR"
"84","1555",1,"TUR"
"624","1555",1,"TUR"
"681","1555",1,"TUR"
"1152","1555",1,"TUR"
"59","1556",1,"TUR"
"386","1556",1,"TUR"
"429","1556",4,"TUR"
"1363","1556",1,"TUR"
"11","1557",1,"TUR"
"15","1557",7,"TUR"
"19","1557",1,"TUR"
"466","1557",1,"TUR"
"658","1557",1,"TUR"
"830","1557",1,"TUR"
"950","1557",1,"TUR"
"1","1558",1,"TUR"
"2","1558",1,"TUR"
"259","1558",1,"TUR"
"505","1558",1,"TUR"
"657","1558",1,"TUR"
"682","1558",1,"TUR"
"841","1558",1,"TUR"
"1","1559",2,"TUR"
"32","1559",2,"TUR"
"193","1559",1,"TUR"
"211","1559",1,"TUR"
"229","1559",3,"TUR"
"470","1559",1,"TUR"
"904","1559",1,"TUR"
"7","1560",2,"TUR"
"11","1560",1,"TUR"
"53","1560",2,"TUR"
"70","1560",1,"TUR"
"769","1560",2,"TUR"
"770","1560",1,"TUR"
"991","1560",1,"TUR"
"1093","1560",1,"TUR"
"1543","1560",1,"TUR"
"2","1561",1,"TUR"
"3","1561",2,"TUR"
"10","1561",1,"TUR"
"113","1561",1,"TUR"
"244","1561",1,"TUR"
"401","1561",1,"TUR"
"500","1561",1,"TUR"
"502","1561",1,"TUR"
"708","1561",1,"TUR"
"4","1562",1,"TUR"
"157","1562",1,"TUR"
"263","1562",2,"TUR"
"379","1562",1,"TUR"
"425","1562",1,"TUR"
"468","1562",1,"TUR"
"518","1562",1,"TUR"
"986","1562",1,"TUR"
"996","1562",1,"TUR"
"6","1563",1,"TUR"
"118","1563",2,"TUR"
"135","1563",2,"TUR"
"202","1563",1,"TUR"
"214","1563",1,"TUR"
"474","1563",1,"TUR"
"954","1563",1,"TUR"
"1056","1563",1,"TUR"
"2","1564",1,"TUR"
"89","1564",1,"TUR"
"367","1564",1,"TUR"
"722","1564",1,"TUR"
"27","1565",1,"TUR"
"136","1565",1,"TUR"
"389","1565",1,"TUR"
"664","1565",1,"TUR"
"983","1565",1,"TUR"
"1022","1565",1,"TUR"
"1502","1565",1,"TUR"
"4","1566",1,"TUR"
"9","1566",1,"TUR"
"31","1566",1,"TUR"
"34","1566",1,"TUR"
"145","1566",1,"TUR"
"250","1566",1,"TUR"
"330","1566",1,"TUR"
"477","1566",1,"TUR"
"1331","1566",1,"TUR"
"1","1567",2,"TUR"
"2","1567",2,"TUR"
"3","1567",1,"TUR"
"4","1567",1,"TUR"
"12","1567",1,"TUR"
"645","1567",1,"TUR"
"718","1567",1,"TUR"
"907","1567",1,"TUR"
"1076","1567",1,"TUR"
"10","1568",1,"TUR"
"95","1568",1,"TUR"
"199","1568",1,"TUR"
"266","1568",1,"TUR"
"544","1568",2,"TUR"
"618","1568",1,"TUR"
"769","1568",1,"TUR"
"1060","1568",1,"TUR"
"1","1569",1,"TUR"
"223","1569",1,"TUR"
"372","1569",1,"TUR"
"484","1569",1,"TUR"
"642","1569",1,"TUR"
"685","1569",1,"TUR"
"863","1569",1,"TUR"
"907","1569",1,"TUR"
"978","1569",1,"TUR"
"1104","1569",1,"TUR"
"1","1570",1,"TUR"
"169","1570",1,"TUR"
"417","1570",1,"TUR"
"559","1570",1,"TUR"
"598","1570",2,"TUR"
"777","1570",1,"TUR"
"1307","1570",1,"TUR"
"1","1571",1,"TUR"
"9","1571",1,"TUR"
"10","1571",1,"TUR"
"49","1571",1,"TUR"
"131","1571",1,"TUR"
"379","1571",1,"TUR"
"671","1571",1,"TUR"
"1054","1571",1,"TUR"
"1","1572",5,"TUR"
"5","1572",1,"TUR"
"48","1572",1,"TUR"
"175","1572",1,"TUR"
"605","1572",1,"TUR"
"743","1572",1,"TUR"
"1146","1572",1,"TUR"
"4","1573",2,"TUR"
"41","1573",1,"TUR"
"196","1573",1,"TUR"
"334","1573",1,"TUR"
"855","1573",1,"TUR"
"1103","1573",1,"TUR"
"2","1574",1,"TUR"
"8","1574",3,"TUR"
"10","1574",1,"TUR"
"32","1574",1,"TUR"
"454","1574",1,"TUR"
"1019","1574",1,"TUR"
"1076","1574",1,"TUR"
"1","1575",1,"TUR"
"156","1575",1,"TUR"
"339","1575",2,"TUR"
"348","1575",1,"TUR"
"384","1575",1,"TUR"
"424","1575",1,"TUR"
"450","1575",1,"TUR"
"798","1575",1,"TUR"
"839","1575",1,"TUR"
"851","1575",1,"TUR"
"970","1575",1,"TUR"
"1481","1575",1,"TUR"
"1","1576",1,"TUR"
"7","1576",1,"TUR"
"35","1576",1,"TUR"
"38","1576",1,"TUR"
"144","1576",1,"TUR"
"220","1576",1,"TUR"
"386","1576",1,"TUR"
"413","1576",1,"TUR"
"468","1576",1,"TUR"
"1058","1576",1,"TUR"
"1565","1576",1,"TUR"
"1","1577",1,"TUR"
"20","1577",1,"TUR"
"35","1577",1,"TUR"
"67","1577",2,"TUR"
"145","1577",1,"TUR"
"204","1577",1,"TUR"
"562","1577",1,"TUR"
"2","1578",1,"TUR"
"30","1578",1,"TUR"
"38","1578",1,"TUR"
"59","1578",1,"TUR"
"86","1578",1,"TUR"
"98","1578",1,"TUR"
"128","1578",1,"TUR"
"159","1578",1,"TUR"
"297","1578",1,"TUR"
"1002","1578",1,"TUR"
"1262","1578",1,"TUR"
"6","1579",1,"TUR"
"35","1579",1,"TUR"
"38","1579",1,"TUR"
"59","1579",1,"TUR"
"126","1579",1,"TUR"
"156","1579",1,"TUR"
"639","1579",1,"TUR"
"907","1579",1,"TUR"
"1","1580",1,"TUR"
"2","1580",1,"TUR"
"38","1580",1,"TUR"
"85","1580",1,"TUR"
"300","1580",1,"TUR"
"303","1580",2,"TUR"
"506","1580",1,"TUR"
"687","1580",1,"TUR"
"734","1580",1,"TUR"
"1335","1580",1,"TUR"
"1550","1580",1,"TUR"
"18","1581",1,"TUR"
"38","1581",1,"TUR"
"59","1581",3,"TUR"
"126","1581",1,"TUR"
"922","1581",1,"TUR"
"19","1582",1,"TUR"
"35","1582",1,"TUR"
"47","1582",1,"TUR"
"81","1582",1,"TUR"
"438","1582",1,"TUR"
"510","1582",1,"TUR"
"1240","1582",1,"TUR"
"1255","1582",1,"TUR"
"1428","1582",1,"TUR"
"12","1583",1,"TUR"
"35","1583",3,"TUR"
"174","1583",3,"TUR"
"997","1583",1,"TUR"
"2","1584",1,"TUR"
"101","1584",1,"TUR"
"319","1584",1,"TUR"
"344","1584",1,"TUR"
"1085","1584",1,"TUR"
"1262","1584",2,"TUR"
"7","1585",1,"TUR"
"20","1585",1,"TUR"
"97","1585",1,"TUR"
"161","1585",1,"TUR"
"162","1585",1,"TUR"
"450","1585",1,"TUR"
"1219","1585",1,"TUR"
"3","1586",1,"TUR"
"7","1586",1,"TUR"
"517","1586",2,"TUR"
"1247","1586",1,"TUR"
"3","1587",1,"TUR"
"6","1587",1,"TUR"
"567","1587",1,"TUR"
"1035","1587",2,"TUR"
"1320","1587",1,"TUR"
"2","1588",3,"TUR"
"136","1588",1,"TUR"
"772","1588",1,"TUR"
"1406","1588",1,"TUR"
"178","1589",1,"TUR"
"217","1589",1,"TUR"
"438","1589",1,"TUR"
"787","1589",1,"TUR"
"803","1589",1,"TUR"
"1096","1589",1,"TUR"
"217","1590",1,"TUR"
"552","1590",1,"TUR"
"612","1590",1,"TUR"
"1501","1590",1,"TUR"
"1","1591",1,"TUR"
"15","1591",1,"TUR"
"55","1591",1,"TUR"
"707","1591",1,"TUR"
"3","1592",1,"TUR"
"4","1592",1,"TUR"
"71","1592",1,"TUR"
"357","1592",1,"TUR"
"768","1592",1,"TUR"
"829","1592",1,"TUR"
"1219","1592",1,"TUR"
"1334","1592",1,"TUR"
"2","1593",1,"TUR"
"4","1593",3,"TUR"
"143","1593",1,"TUR"
"289","1593",2,"TUR"
"567","1594",1,"TUR"
"765","1594",1,"TUR"
"818","1594",1,"TUR"
"1104","1594",1,"TUR"
"1467","1594",1,"TUR"
"67","1595",1,"TUR"
"76","1595",1,"TUR"
"160","1595",1,"TUR"
"417","1595",1,"TUR"
"591","1595",1,"TUR"
"800","1595",1,"TUR"
"1167","1595",1,"TUR"
"5","1596",1,"TUR"
"124","1596",1,"TUR"
"443","1596",1,"TUR"
"688","1596",1,"TUR"
"1052","1596",1,"TUR"
"1194","1596",1,"TUR"
"11","1597",1,"TUR"
"16","1597",1,"TUR"
"20","1597",1,"TUR"
"96","1597",1,"TUR"
"263","1597",1,"TUR"
"906","1597",1,"TUR"
"1194","1597",1,"TUR"
"1","1598",1,"TUR"
"29","1598",1,"TUR"
"103","1598",1,"TUR"
"372","1598",1,"TUR"
"404","1598",1,"TUR"
"434","1598",1,"TUR"
"484","1598",1,"TUR"
"1172","1598",1,"TUR"
"1","1599",1,"TUR"
"24","1599",1,"TUR"
"92","1599",1,"TUR"
"4","1600",1,"TUR"
"8","1600",1,"TUR"
"23","1600",1,"TUR"
"83","1600",1,"TUR"
"87","1600",1,"TUR"
"293","1600",1,"TUR"
"356","1600",1,"TUR"
"1356","1600",2,"TUR"
"1","1601",1,"TUR"
"25","1601",1,"TUR"
"64","1601",1,"TUR"
"72","1601",1,"TUR"
"99","1601",1,"TUR"
"105","1601",1,"TUR"
"756","1601",1,"TUR"
"1","1602",1,"TUR"
"5","1602",1,"TUR"
"10","1602",1,"TUR"
"17","1602",1,"TUR"
"109","1602",1,"TUR"
"167","1602",1,"TUR"
"248","1602",1,"TUR"
"303","1602",1,"TUR"
"413","1602",1,"TUR"
"829","1602",1,"TUR"
"4","1603",2,"TUR"
"19","1603",1,"TUR"
"25","1603",1,"TUR"
"65","1603",1,"TUR"
"209","1603",1,"TUR"
"404","1603",1,"TUR"
"46","1604",1,"TUR"
"79","1604",1,"TUR"
"196","1604",1,"TUR"
"221","1604",2,"TUR"
"315","1604",1,"TUR"
"1267","1604",1,"TUR"
"5","1605",1,"TUR"
"20","1605",1,"TUR"
"198","1605",2,"TUR"
"483","1605",1,"TUR"
"614","1605",1,"TUR"
"1","1606",1,"TUR"
"2","1606",1,"TUR"
"7","1606",1,"TUR"
"9","1606",1,"TUR"
"98","1606",1,"TUR"
"291","1606",1,"TUR"
"318","1606",1,"TUR"
"730","1606",1,"TUR"
"1097","1606",1,"TUR"
"1","1607",1,"TUR"
"4","1607",1,"TUR"
"45","1607",1,"TUR"
"201","1607",1,"TUR"
"239","1607",1,"TUR"
"518","1607",1,"TUR"
"938","1607",1,"TUR"
"966","1607",1,"TUR"
"1237","1607",1,"TUR"
"19","1608",1,"TUR"
"39","1608",2,"TUR"
"67","1608",1,"TUR"
"276","1608",2,"TUR"
"402","1608",1,"TUR"
"916","1608",1,"TUR"
"1306","1608",1,"TUR"
"1","1609",2,"TUR"
"5","1609",1,"TUR"
"56","1609",1,"TUR"
"338","1609",1,"TUR"
"910","1609",1,"TUR"
"18","1610",1,"TUR"
"33","1610",1,"TUR"
"40","1610",1,"TUR"
"375","1610",4,"TUR"
"383","1610",2,"TUR"
"834","1610",1,"TUR"
"1","1611",2,"TUR"
"18","1611",1,"TUR"
"1220","1611",1,"TUR"
"1","1612",1,"TUR"
"136","1612",2,"TUR"
"153","1612",1,"TUR"
"657","1612",1,"TUR"
"674","1612",1,"TUR"
"5","1613",1,"TUR"
"37","1613",1,"TUR"
"64","1613",1,"TUR"
"65","1613",1,"TUR"
"435","1613",1,"TUR"
"691","1613",1,"TUR"
"29","1614",1,"TUR"
"49","1614",1,"TUR"
"89","1614",1,"TUR"
"178","1614",1,"TUR"
"287","1614",1,"TUR"
"494","1614",1,"TUR"
"680","1614",1,"TUR"
"34","1615",1,"TUR"
"48","1615",1,"TUR"
"125","1615",1,"TUR"
"179","1615",1,"TUR"
"244","1615",1,"TUR"
"297","1615",1,"TUR"
"437","1615",1,"TUR"
"1257","1615",1,"TUR"
"2","1616",1,"TUR"
"3","1616",1,"TUR"
"112","1616",1,"TUR"
"161","1616",1,"TUR"
"298","1616",1,"TUR"
"338","1616",1,"TUR"
"404","1616",1,"TUR"
"761","1616",1,"TUR"
"2","1617",1,"TUR"
"17","1617",1,"TUR"
"79","1617",1,"TUR"
"344","1617",1,"TUR"
"603","1617",1,"TUR"
"645","1617",1,"TUR"
"831","1617",1,"TUR"
"1253","1617",1,"TUR"
"1321","1617",1,"TUR"
"7","1618",1,"TUR"
"16","1618",1,"TUR"
"24","1618",1,"TUR"
"31","1618",1,"TUR"
"91","1618",1,"TUR"
"138","1618",1,"TUR"
"159","1618",1,"TUR"
"311","1618",1,"TUR"
"669","1618",1,"TUR"
"1034","1618",1,"TUR"
"1213","1618",1,"TUR"
"9","1619",1,"TUR"
"68","1619",1,"TUR"
"110","1619",1,"TUR"
"111","1619",1,"TUR"
"186","1619",1,"TUR"
"439","1619",1,"TUR"
"723","1619",1,"TUR"
"1497","1619",1,"TUR"
"30","1620",1,"TUR"
"34","1620",1,"TUR"
"50","1620",4,"TUR"
"244","1620",1,"TUR"
"3","1621",1,"TUR"
"75","1621",6,"TUR"
"707","1621",1,"TUR"
"1375","1621",1,"TUR"
"50","1622",2,"TUR"
"1107","1622",1,"TUR"
"118","1623",1,"TUR"
"421","1623",1,"TUR"
"522","1623",1,"TUR"
"541","1623",1,"TUR"
"708","1623",1,"TUR"
"819","1623",1,"TUR"
"1271","1623",1,"TUR"
"1406","1623",1,"TUR"
"5","1624",1,"TUR"
"49","1624",1,"TUR"
"113","1624",1,"TUR"
"677","1624",1,"TUR"
"1222","1624",1,"TUR"
"1","1625",1,"TUR"
"8","1625",1,"TUR"
"159","1625",3,"TUR"
"521","1625",1,"TUR"
"574","1625",1,"TUR"
"4","1626",1,"TUR"
"98","1626",1,"TUR"
"213","1626",1,"TUR"
"222","1626",1,"TUR"
"419","1626",2,"TUR"
"570","1626",1,"TUR"
"831","1626",2,"TUR"
"14","1627",1,"TUR"
"53","1627",1,"TUR"
"72","1627",1,"TUR"
"83","1627",6,"TUR"
"230","1627",1,"TUR"
"341","1627",1,"TUR"
"1026","1627",1,"TUR"
"1","1628",2,"TUR"
"2","1628",1,"TUR"
"281","1628",1,"TUR"
"527","1628",1,"TUR"
"829","1628",1,"TUR"
"15","1629",1,"TUR"
"95","1629",1,"TUR"
"178","1629",1,"TUR"
"8","1630",1,"TUR"
"64","1630",1,"TUR"
"103","1630",1,"TUR"
"1348","1630",1,"TUR"
"1","1631",1,"TUR"
"2","1631",2,"TUR"
"8","1631",1,"TUR"
"45","1631",2,"TUR"
"279","1631",1,"TUR"
"353","1631",1,"TUR"
"445","1631",1,"TUR"
"109","1632",1,"TUR"
"134","1632",5,"TUR"
"284","1632",1,"TUR"
"837","1632",2,"TUR"
"960","1632",1,"TUR"
"1","1633",1,"TUR"
"70","1633",1,"TUR"
"85","1633",1,"TUR"
"134","1633",1,"TUR"
"301","1633",1,"TUR"
"575","1633",1,"TUR"
"3","1634",1,"TUR"
"122","1634",2,"TUR"
"287","1634",1,"TUR"
"596","1634",1,"TUR"
"657","1634",1,"TUR"
"1161","1634",1,"TUR"
"11","1635",1,"TUR"
"124","1635",1,"TUR"
"669","1635",1,"TUR"
"6","1636",1,"TUR"
"124","1636",2,"TUR"
"141","1636",1,"TUR"
"241","1636",1,"TUR"
"498","1636",1,"TUR"
"586","1636",1,"TUR"
"1148","1636",1,"TUR"
"1283","1636",1,"TUR"
"1","1637",1,"TUR"
"7","1637",2,"TUR"
"14","1637",2,"TUR"
"20","1637",1,"TUR"
"64","1637",1,"TUR"
"91","1637",1,"TUR"
"113","1637",1,"TUR"
"777","1637",1,"TUR"
"5","1638",1,"TUR"
"6","1638",1,"TUR"
"98","1638",1,"TUR"
"127","1638",1,"TUR"
"162","1638",1,"TUR"
"319","1638",1,"TUR"
"653","1638",1,"TUR"
"1443","1638",1,"TUR"
"5","1639",1,"TUR"
"157","1639",1,"TUR"
"585","1639",1,"TUR"
"826","1639",4,"TUR"
"1","1640",2,"TUR"
"2","1640",1,"TUR"
"3","1640",1,"TUR"
"23","1640",1,"TUR"
"28","1640",1,"TUR"
"83","1640",1,"TUR"
"197","1640",1,"TUR"
"542","1640",1,"TUR"
"585","1640",1,"TUR"
"7","1641",1,"TUR"
"36","1641",1,"TUR"
"153","1641",1,"TUR"
"206","1641",3,"TUR"
"49","1642",1,"TUR"
"103","1642",2,"TUR"
"181","1642",1,"TUR"
"68","1643",1,"TUR"
"127","1643",1,"TUR"
"212","1643",1,"TUR"
"370","1643",1,"TUR"
"389","1643",1,"TUR"
"420","1643",1,"TUR"
"497","1643",1,"TUR"
"1","1644",1,"TUR"
"2","1644",1,"TUR"
"4","1644",1,"TUR"
"15","1644",1,"TUR"
"34","1644",1,"TUR"
"142","1644",1,"TUR"
"195","1644",1,"TUR"
"857","1644",2,"TUR"
"1465","1644",1,"TUR"
"22","1645",1,"TUR"
"472","1645",1,"TUR"
"610","1645",1,"TUR"
"705","1645",1,"TUR"
"765","1645",1,"TUR"
"935","1645",1,"TUR"
"1268","1645",1,"TUR"
"28","1646",1,"TUR"
"567","1646",1,"TUR"
"669","1646",1,"TUR"
"705","1646",1,"TUR"
"1","1647",1,"TUR"
"2","1647",1,"TUR"
"15","1647",1,"TUR"
"17","1647",1,"TUR"
"276","1647",1,"TUR"
"795","1647",1,"TUR"
"885","1647",1,"TUR"
"905","1647",1,"TUR"
"2","1648",1,"TUR"
"5","1648",1,"TUR"
"28","1648",1,"TUR"
"44","1648",1,"TUR"
"192","1648",1,"TUR"
"291","1648",1,"TUR"
"915","1648",1,"TUR"
"1100","1648",1,"TUR"
"27","1649",1,"TUR"
"57","1649",2,"TUR"
"170","1649",1,"TUR"
"327","1649",1,"TUR"
"723","1649",1,"TUR"
"971","1649",1,"TUR"
"1","1650",1,"TUR"
"5","1650",1,"TUR"
"228","1650",1,"TUR"
"976","1650",1,"TUR"
"1143","1650",1,"TUR"
"1650","1650",1,"TUR"
"5","1651",1,"TUR"
"11","1651",2,"TUR"
"12","1651",1,"TUR"
"23","1651",2,"TUR"
"418","1651",1,"TUR"
"698","1651",1,"TUR"
"1","1652",1,"TUR"
"9","1652",2,"TUR"
"189","1652",1,"TUR"
"195","1652",1,"TUR"
"239","1652",1,"TUR"
"445","1652",1,"TUR"
"513","1652",2,"TUR"
"19","1653",4,"TUR"
"1","1654",1,"TUR"
"125","1654",1,"TUR"
"397","1654",1,"TUR"
"747","1654",1,"TUR"
"855","1654",1,"TUR"
"1076","1654",1,"TUR"
"137","1655",2,"TUR"
"142","1655",1,"TUR"
"175","1655",1,"TUR"
"372","1655",1,"TUR"
"449","1655",1,"TUR"
"722","1655",1,"TUR"
"925","1655",4,"TUR"
"1313","1655",1,"TUR"
"44","1656",1,"TUR"
"60","1656",1,"TUR"
"81","1656",1,"TUR"
"236","1656",1,"TUR"
"536","1656",1,"TUR"
"617","1656",1,"TUR"
"730","1656",1,"TUR"
"1049","1656",1,"TUR"
"2","1657",1,"TUR"
"3","1657",1,"TUR"
"50","1657",1,"TUR"
"552","1657",1,"TUR"
"637","1657",1,"TUR"
"978","1657",1,"TUR"
"1128","1657",1,"TUR"
"1170","1657",1,"TUR"
"1365","1657",1,"TUR"
"1458","1657",1,"TUR"
"7","1658",2,"TUR"
"10","1658",1,"TUR"
"38","1658",1,"TUR"
"59","1658",1,"TUR"
"69","1658",2,"TUR"
"117","1658",1,"TUR"
"170","1658",1,"TUR"
"260","1658",1,"TUR"
"1","1659",1,"TUR"
"21","1659",1,"TUR"
"33","1659",1,"TUR"
"43","1659",1,"TUR"
"95","1659",1,"TUR"
"96","1659",1,"TUR"
"117","1659",1,"TUR"
"247","1659",1,"TUR"
"267","1659",1,"TUR"
"2","1660",1,"TUR"
"3","1660",1,"TUR"
"13","1660",2,"TUR"
"20","1660",1,"TUR"
"50","1660",2,"TUR"
"89","1660",1,"TUR"
"105","1660",1,"TUR"
"1","1661",1,"TUR"
"2","1661",1,"TUR"
"4","1661",2,"TUR"
"64","1661",1,"TUR"
"184","1661",1,"TUR"
"7","1662",1,"TUR"
"52","1662",1,"TUR"
"105","1662",1,"TUR"
"163","1662",1,"TUR"
"173","1662",1,"TUR"
"314","1662",1,"TUR"
"461","1662",1,"TUR"
"696","1662",1,"TUR"
"1393","1662",1,"TUR"
"1","1663",1,"TUR"
"5","1663",1,"TUR"
"22","1663",2,"TUR"
"55","1663",1,"TUR"
"110","1663",1,"TUR"
"150","1663",1,"TUR"
"453","1663",1,"TUR"
"577","1663",1,"TUR"
"1","1664",1,"TUR"
"2","1664",1,"TUR"
"10","1664",1,"TUR"
"11","1664",1,"TUR"
"87","1664",1,"TUR"
"96","1664",1,"TUR"
"127","1664",1,"TUR"
"260","1664",1,"TUR"
"539","1664",1,"TUR"
"1098","1664",1,"TUR"
"95","1665",1,"TUR"
"291","1665",1,"TUR"
"348","1665",1,"TUR"
"410","1665",1,"TUR"
"489","1665",1,"TUR"
"700","1665",1,"TUR"
"1079","1665",1,"TUR"
"32","1666",1,"TUR"
"438","1666",1,"TUR"
"1455","1666",1,"TUR"
"1548","1666",1,"TUR"
"12","1667",1,"TUR"
"32","1667",1,"TUR"
"572","1667",1,"TUR"
"740","1667",2,"TUR"
"1373","1667",1,"TUR"
"1478","1667",1,"TUR"
"2","1668",1,"TUR"
"10","1668",1,"TUR"
"50","1668",1,"TUR"
"68","1668",1,"TUR"
"71","1668",1,"TUR"
"183","1668",2,"TUR"
"436","1668",1,"TUR"
"587","1668",1,"TUR"
"1279","1668",1,"TUR"
"15","1669",1,"TUR"
"34","1669",1,"TUR"
"51","1669",1,"TUR"
"202","1669",1,"TUR"
"524","1669",1,"TUR"
"914","1669",1,"TUR"
"1","1670",1,"TUR"
"2","1670",1,"TUR"
"6","1670",2,"TUR"
"7","1670",1,"TUR"
"79","1670",1,"TUR"
"150","1670",2,"TUR"
"23","1671",1,"TUR"
"33","1671",1,"TUR"
"36","1671",1,"TUR"
"74","1671",1,"TUR"
"185","1671",1,"TUR"
"448","1671",1,"TUR"
"1292","1671",1,"TUR"
"1344","1671",1,"TUR"
"67","1672",1,"TUR"
"212","1672",1,"TUR"
"267","1672",1,"TUR"
"6","1673",1,"TUR"
"57","1673",1,"TUR"
"132","1673",1,"TUR"
"304","1673",1,"TUR"
"449","1673",1,"TUR"
"600","1673",1,"TUR"
"1280","1673",1,"TUR"
"39","1674",3,"TUR"
"42","1674",1,"TUR"
"44","1674",1,"TUR"
"160","1674",2,"TUR"
"459","1674",1,"TUR"
"1","1675",3,"TUR"
"2","1675",1,"TUR"
"11","1675",1,"TUR"
"15","1675",1,"TUR"
"1403","1675",1,"TUR"
"3","1676",1,"TUR"
"5","1676",1,"TUR"
"87","1676",1,"TUR"
"369","1676",1,"TUR"
"370","1676",1,"TUR"
"927","1676",1,"TUR"
"1253","1676",1,"TUR"
"2","1677",1,"TUR"
"6","1677",2,"TUR"
"32","1677",1,"TUR"
"204","1677",1,"TUR"
"415","1677",1,"TUR"
"431","1677",1,"TUR"
"597","1677",1,"TUR"
"604","1677",1,"TUR"
"821","1677",1,"TUR"
"1579","1677",1,"TUR"
"2","1678",1,"TUR"
"408","1678",1,"TUR"
"435","1678",1,"TUR"
"789","1678",1,"TUR"
"867","1678",1,"TUR"
"907","1678",1,"TUR"
"1176","1678",1,"TUR"
"1567","1678",1,"TUR"
"9","1679",1,"TUR"
"47","1679",1,"TUR"
"50","1679",1,"TUR"
"81","1679",1,"TUR"
"101","1679",1,"TUR"
"172","1679",1,"TUR"
"629","1679",3,"TUR"
"1","1680",2,"TUR"
"2","1680",1,"TUR"
"17","1680",1,"TUR"
"256","1680",1,"TUR"
"1","1681",1,"TUR"
"14","1681",1,"TUR"
"20","1681",1,"TUR"
"23","1681",1,"TUR"
"180","1681",1,"TUR"
"233","1681",1,"TUR"
"387","1681",1,"TUR"
"863","1681",1,"TUR"
"7","1682",1,"TUR"
"10","1682",1,"TUR"
"87","1682",1,"TUR"
"129","1682",1,"TUR"
"258","1682",1,"TUR"
"871","1682",1,"TUR"
"919","1682",1,"TUR"
"2","1683",1,"TUR"
"29","1683",1,"TUR"
"67","1683",1,"TUR"
"98","1683",1,"TUR"
"408","1683",1,"TUR"
"442","1683",1,"TUR"
"1256","1683",1,"TUR"
"6","1684",1,"TUR"
"11","1684",2,"TUR"
"12","1684",1,"TUR"
"16","1684",1,"TUR"
"158","1684",1,"TUR"
"189","1684",2,"TUR"
"439","1684",1,"TUR"
"13","1685",1,"TUR"
"317","1685",1,"TUR"
"408","1685",2,"TUR"
"512","1685",1,"TUR"
"701","1685",1,"TUR"
"883","1685",1,"TUR"
"1280","1685",1,"TUR"
"1588","1685",1,"TUR"
"3","1686",1,"TUR"
"25","1686",1,"TUR"
"32","1686",1,"TUR"
"43","1686",2,"TUR"
"46","1686",1,"TUR"
"239","1686",1,"TUR"
"271","1686",1,"TUR"
"279","1686",1,"TUR"
"6","1687",1,"TUR"
"7","1687",1,"TUR"
"12","1687",2,"TUR"
"49","1687",1,"TUR"
"172","1687",1,"TUR"
"1089","1687",1,"TUR"
"1159","1687",1,"TUR"
"1","1688",1,"TUR"
"25","1688",1,"TUR"
"94","1688",1,"TUR"
"159","1688",1,"TUR"
"186","1688",1,"TUR"
"494","1688",1,"TUR"
"1076","1688",1,"TUR"
"4","1689",1,"TUR"
"46","1689",1,"TUR"
"401","1689",1,"TUR"
"403","1689",1,"TUR"
"1","1690",1,"TUR"
"2","1690",1,"TUR"
"36","1690",1,"TUR"
"286","1690",1,"TUR"
"494","1690",1,"TUR"
"831","1690",1,"TUR"
"25","1691",1,"TUR"
"30","1691",1,"TUR"
"108","1691",1,"TUR"
"489","1691",1,"TUR"
"591","1691",1,"TUR"
"766","1691",1,"TUR"
"982","1691",1,"TUR"
"1076","1691",1,"TUR"
"2","1692",1,"TUR"
"24","1692",1,"TUR"
"133","1692",1,"TUR"
"181","1692",1,"TUR"
"696","1692",1,"TUR"
"766","1692",1,"TUR"
"7","1693",1,"TUR"
"9","1693",1,"TUR"
"88","1693",1,"TUR"
"240","1693",1,"TUR"
"254","1693",2,"TUR"
"591","1693",2,"TUR"
"18","1694",1,"TUR"
"24","1694",1,"TUR"
"51","1694",1,"TUR"
"302","1694",2,"TUR"
"468","1694",1,"TUR"
"678","1694",1,"TUR"
"960","1694",1,"TUR"
"1167","1694",1,"TUR"
"1296","1694",1,"TUR"
"1","1695",1,"TUR"
"10","1695",1,"TUR"
"21","1695",1,"TUR"
"192","1695",1,"TUR"
"822","1695",1,"TUR"
"989","1695",1,"TUR"
"1367","1695",1,"TUR"
"385","1696",3,"TUR"
"429","1696",1,"TUR"
"510","1696",1,"TUR"
"537","1696",1,"TUR"
"632","1696",1,"TUR"
"738","1696",1,"TUR"
"1084","1696",1,"TUR"
"1252","1696",1,"TUR"
"1479","1696",1,"TUR"
"30","1697",1,"TUR"
"33","1697",1,"TUR"
"48","1697",2,"TUR"
"357","1697",1,"TUR"
"704","1697",1,"TUR"
"742","1697",1,"TUR"
"928","1697",1,"TUR"
"1609","1697",1,"TUR"
"310","1698",1,"TUR"
"724","1698",2,"TUR"
"1146","1698",1,"TUR"
"1410","1698",1,"TUR"
"1","1699",1,"TUR"
"3","1699",1,"TUR"
"21","1699",2,"TUR"
"38","1699",1,"TUR"
"64","1699",1,"TUR"
"185","1699",1,"TUR"
"1191","1699",1,"TUR"
"5","1700",1,"TUR"
"6","1700",1,"TUR"
"50","1700",1,"TUR"
"76","1700",1,"TUR"
"330","1700",1,"TUR"
"647","1700",1,"TUR"
"1227","1700",2,"TUR"
"2","1701",1,"TUR"
"4","1701",1,"TUR"
"9","1701",1,"TUR"
"36","1701",1,"TUR"
"103","1701",1,"TUR"
"165","1701",1,"TUR"
"370","1701",1,"TUR"
"474","1701",1,"TUR"
"1","1702",1,"TUR"
"14","1702",1,"TUR"
"73","1702",1,"TUR"
"176","1702",1,"TUR"
"547","1702",1,"TUR"
"763","1702",1,"TUR"
"778","1702",1,"TUR"
"17","1703",1,"TUR"
"21","1703",1,"TUR"
"23","1703",1,"TUR"
"53","1703",1,"TUR"
"203","1703",1,"TUR"
"389","1703",1,"TUR"
"531","1703",1,"TUR"
"639","1703",1,"TUR"
"1047","1703",1,"TUR"
"1115","1703",2,"TUR"
"1","1704",1,"TUR"
"3","1704",1,"TUR"
"311","1704",1,"TUR"
"531","1704",1,"TUR"
"862","1704",1,"TUR"
"1","1705",1,"TUR"
"14","1705",1,"TUR"
"34","1705",1,"TUR"
"44","1705",1,"TUR"
"129","1705",1,"TUR"
"201","1705",1,"TUR"
"438","1705",1,"TUR"
"777","1705",1,"TUR"
"2","1706",1,"TUR"
"120","1706",1,"TUR"
"142","1706",1,"TUR"
"213","1706",1,"TUR"
"291","1706",1,"TUR"
"329","1706",1,"TUR"
"739","1706",1,"TUR"
"897","1706",1,"TUR"
"1564","1706",1,"TUR"
"1706","1706",1,"TUR"
"11","1707",1,"TUR"
"827","1707",1,"TUR"
"2","1708",1,"TUR"
"6","1708",1,"TUR"
"86","1708",1,"TUR"
"139","1708",1,"TUR"
"189","1708",1,"TUR"
"1130","1708",1,"TUR"
"1","1709",1,"TUR"
"7","1709",1,"TUR"
"27","1709",1,"TUR"
"102","1709",1,"TUR"
"387","1709",1,"TUR"
"876","1709",1,"TUR"
"941","1709",1,"TUR"
"1483","1709",1,"TUR"
"1","1710",2,"TUR"
"6","1710",1,"TUR"
"7","1710",1,"TUR"
"407","1710",1,"TUR"
"524","1710",1,"TUR"
"1116","1710",1,"TUR"
"1594","1710",1,"TUR"
"1","1711",1,"TUR"
"103","1711",1,"TUR"
"277","1711",2,"TUR"
"327","1711",1,"TUR"
"346","1711",1,"TUR"
"778","1711",1,"TUR"
"802","1711",1,"TUR"
"10","1712",1,"TUR"
"14","1712",2,"TUR"
"236","1712",1,"TUR"
"15","1713",1,"TUR"
"24","1713",1,"TUR"
"199","1713",1,"TUR"
"310","1713",2,"TUR"
"470","1713",1,"TUR"
"622","1713",1,"TUR"
"738","1713",1,"TUR"
"1","1714",1,"TUR"
"32","1714",1,"TUR"
"53","1714",1,"TUR"
"161","1714",1,"TUR"
"198","1714",1,"TUR"
"336","1714",1,"TUR"
"467","1714",1,"TUR"
"1306","1714",1,"TUR"
"1367","1714",1,"TUR"
"1373","1714",1,"TUR"
"5","1715",1,"TUR"
"17","1715",1,"TUR"
"75","1715",1,"TUR"
"194","1715",1,"TUR"
"409","1715",1,"TUR"
"871","1715",1,"TUR"
"1114","1715",1,"TUR"
"1144","1715",1,"TUR"
"1238","1715",1,"TUR"
"1328","1715",1,"TUR"
"2","1716",5,"TUR"
"9","1716",1,"TUR"
"12","1716",1,"TUR"
"28","1716",1,"TUR"
"45","1716",1,"TUR"
"794","1716",1,"TUR"
"5","1717",1,"TUR"
"428","1717",1,"TUR"
"893","1717",1,"TUR"
"894","1717",1,"TUR"
"1238","1717",1,"TUR"
"1685","1717",1,"TUR"
"1715","1717",1,"TUR"
"148","1718",1,"TUR"
"207","1718",1,"TUR"
"233","1718",1,"TUR"
"562","1718",1,"TUR"
"668","1718",1,"TUR"
"872","1718",1,"TUR"
"891","1718",1,"TUR"
"1012","1718",1,"TUR"
"1210","1718",1,"TUR"
"1220","1718",1,"TUR"
"15","1719",6,"TUR"
"827","1719",1,"TUR"
"32","1720",1,"TUR"
"48","1720",2,"TUR"
"54","1720",1,"TUR"
"406","1720",1,"TUR"
"546","1720",1,"TUR"
"593","1720",1,"TUR"
"614","1720",1,"TUR"
"1152","1720",1,"TUR"
"48","1721",5,"TUR"
"108","1721",2,"TUR"
"259","1721",1,"TUR"
"994","1721",1,"TUR"
"1564","1721",1,"TUR"
"2","1722",2,"TUR"
"57","1722",1,"TUR"
"126","1722",1,"TUR"
"738","1722",1,"TUR"
"745","1722",1,"TUR"
"875","1722",1,"TUR"
"1463","1722",1,"TUR"
"1","1723",1,"TUR"
"36","1723",1,"TUR"
"76","1723",1,"TUR"
"107","1723",1,"TUR"
"149","1723",1,"TUR"
"233","1723",1,"TUR"
"858","1723",1,"TUR"
"892","1723",1,"TUR"
"1173","1723",1,"TUR"
"9","1724",1,"TUR"
"61","1724",1,"TUR"
"232","1724",1,"TUR"
"315","1724",1,"TUR"
"1450","1724",1,"TUR"
"19","1725",1,"TUR"
"222","1725",1,"TUR"
"277","1725",2,"TUR"
"724","1725",1,"TUR"
"793","1725",1,"TUR"
"1421","1725",1,"TUR"
"19","1726",2,"TUR"
"132","1726",1,"TUR"
"173","1726",1,"TUR"
"224","1726",1,"TUR"
"310","1726",3,"TUR"
"549","1726",2,"TUR"
"656","1726",1,"TUR"
"1","1727",1,"TUR"
"7","1727",1,"TUR"
"58","1727",1,"TUR"
"94","1727",1,"TUR"
"592","1727",1,"TUR"
"1058","1727",2,"TUR"
"1113","1727",1,"TUR"
"2","1728",1,"TUR"
"8","1728",1,"TUR"
"31","1728",2,"TUR"
"37","1728",1,"TUR"
"98","1728",1,"TUR"
"330","1728",1,"TUR"
"988","1728",1,"TUR"
"1451","1728",2,"TUR"
"40","1729",1,"TUR"
"156","1729",1,"TUR"
"247","1729",1,"TUR"
"973","1729",1,"TUR"
"1184","1729",1,"TUR"
"1","1730",1,"TUR"
"225","1730",1,"TUR"
"251","1730",1,"TUR"
"331","1730",2,"TUR"
"372","1730",1,"TUR"
"464","1730",1,"TUR"
"475","1730",1,"TUR"
"494","1730",1,"TUR"
"1583","1730",1,"TUR"
"1","1731",1,"TUR"
"9","1731",1,"TUR"
"14","1731",1,"TUR"
"55","1731",1,"TUR"
"78","1731",1,"TUR"
"110","1731",1,"TUR"
"296","1731",1,"TUR"
"1434","1731",1,"TUR"
"1","1732",1,"TUR"
"187","1732",1,"TUR"
"232","1732",1,"TUR"
"266","1732",1,"TUR"
"470","1732",2,"TUR"
"1283","1732",1,"TUR"
"1401","1732",1,"TUR"
"1","1733",1,"TUR"
"3","1733",2,"TUR"
"6","1733",1,"TUR"
"9","1733",1,"TUR"
"45","1733",1,"TUR"
"766","1733",1,"TUR"
"933","1733",1,"TUR"
"2","1734",1,"TUR"
"14","1734",1,"TUR"
"50","1734",1,"TUR"
"53","1734",1,"TUR"
"248","1734",1,"TUR"
"387","1734",1,"TUR"
"412","1734",1,"TUR"
"32","1735",1,"TUR"
"57","1735",2,"TUR"
"71","1735",1,"TUR"
"82","1735",1,"TUR"
"146","1735",1,"TUR"
"625","1735",1,"TUR"
"1074","1735",1,"TUR"
"1","1736",1,"TUR"
"2","1736",1,"TUR"
"8","1736",1,"TUR"
"10","1736",1,"TUR"
"15","1736",1,"TUR"
"34","1736",1,"TUR"
"101","1736",1,"TUR"
"141","1736",1,"TUR"
"630","1736",1,"TUR"
"6","1737",1,"TUR"
"19","1737",1,"TUR"
"20","1737",1,"TUR"
"25","1737",1,"TUR"
"36","1737",1,"TUR"
"101","1737",3,"TUR"
"208","1737",1,"TUR"
"315","1737",1,"TUR"
"1302","1737",1,"TUR"
"2","1738",1,"TUR"
"42","1738",1,"TUR"
"61","1738",1,"TUR"
"113","1738",1,"TUR"
"228","1738",1,"TUR"
"235","1738",1,"TUR"
"422","1738",1,"TUR"
"839","1738",1,"TUR"
"16","1739",1,"TUR"
"118","1739",3,"TUR"
"334","1739",1,"TUR"
"437","1739",1,"TUR"
"738","1739",1,"TUR"
"1244","1739",1,"TUR"
"54","1740",1,"TUR"
"100","1740",1,"TUR"
"114","1740",1,"TUR"
"349","1740",2,"TUR"
"393","1740",1,"TUR"
"532","1740",2,"TUR"
"1","1741",3,"TUR"
"20","1741",2,"TUR"
"26","1741",1,"TUR"
"44","1741",1,"TUR"
"58","1741",1,"TUR"
"245","1741",1,"TUR"
"281","1741",1,"TUR"
"1","1742",4,"TUR"
"13","1742",1,"TUR"
"19","1742",1,"TUR"
"72","1742",2,"TUR"
"306","1742",1,"TUR"
"315","1742",1,"TUR"
"540","1742",1,"TUR"
"88","1743",1,"TUR"
"1263","1743",1,"TUR"
"1530","1743",2,"TUR"
"1561","1743",1,"TUR"
"1568","1743",1,"TUR"
"2","1744",2,"TUR"
"6","1744",1,"TUR"
"16","1744",1,"TUR"
"234","1744",1,"TUR"
"564","1744",1,"TUR"
"1668","1744",1,"TUR"
"1701","1744",1,"TUR"
"6","1745",2,"TUR"
"61","1745",1,"TUR"
"76","1745",1,"TUR"
"99","1745",1,"TUR"
"130","1745",1,"TUR"
"142","1745",1,"TUR"
"169","1745",1,"TUR"
"246","1745",1,"TUR"
"1","1746",1,"TUR"
"198","1746",1,"TUR"
"329","1746",1,"TUR"
"506","1746",1,"TUR"
"944","1746",1,"TUR"
"1405","1746",1,"TUR"
"180","1747",1,"TUR"
"393","1747",1,"TUR"
"626","1747",1,"TUR"
"1493","1747",1,"TUR"
"1662","1747",1,"TUR"
"1","1748",4,"TUR"
"9","1748",1,"TUR"
"538","1748",1,"TUR"
"614","1748",1,"TUR"
"951","1748",1,"TUR"
"1","1749",1,"TUR"
"2","1749",1,"TUR"
"120","1749",1,"TUR"
"143","1749",1,"TUR"
"201","1749",1,"TUR"
"1","1750",1,"TUR"
"2","1750",1,"TUR"
"34","1750",1,"TUR"
"255","1750",1,"TUR"
"581","1750",2,"TUR"
"2","1751",1,"TUR"
"5","1751",1,"TUR"
"20","1751",1,"TUR"
"88","1751",1,"TUR"
"115","1751",1,"TUR"
"133","1751",1,"TUR"
"195","1751",1,"TUR"
"243","1751",1,"TUR"
"246","1751",1,"TUR"
"1113","1751",1,"TUR"
"1","1752",1,"TUR"
"61","1752",1,"TUR"
"97","1752",1,"TUR"
"125","1752",1,"TUR"
"187","1752",1,"TUR"
"266","1752",1,"TUR"
"317","1752",1,"TUR"
"528","1752",1,"TUR"
"800","1752",1,"TUR"
"1078","1752",1,"TUR"
"2","1753",1,"TUR"
"16","1753",1,"TUR"
"138","1753",1,"TUR"
"219","1753",1,"TUR"
"283","1753",1,"TUR"
"619","1753",1,"TUR"
"870","1753",1,"TUR"
"12","1754",1,"TUR"
"93","1754",1,"TUR"
"147","1754",1,"TUR"
"225","1754",1,"TUR"
"1085","1754",6,"TUR"
"3","1755",1,"TUR"
"5","1755",2,"TUR"
"11","1755",1,"TUR"
"56","1755",1,"TUR"
"120","1755",1,"TUR"
"190","1755",1,"TUR"
"571","1755",1,"TUR"
"1680","1755",1,"TUR"
"2","1756",4,"TUR"
"40","1756",1,"TUR"
"56","1756",1,"TUR"
"955","1756",1,"TUR"
"1086","1756",1,"TUR"
"2","1757",1,"TUR"
"4","1757",1,"TUR"
"12","1757",1,"TUR"
"49","1757",1,"TUR"
"57","1757",1,"TUR"
"63","1757",1,"TUR"
"460","1757",1,"TUR"
"746","1757",1,"TUR"
"1144","1757",2,"TUR"
"1330","1757",1,"TUR"
"5","1758",1,"TUR"
"7","1758",2,"TUR"
"258","1758",1,"TUR"
"560","1758",1,"TUR"
"607","1758",1,"TUR"
"834","1758",1,"TUR"
"1150","1758",1,"TUR"
"1430","1758",1,"TUR"
"14","1759",1,"TUR"
"16","1759",1,"TUR"
"236","1759",1,"TUR"
"340","1759",1,"TUR"
"433","1759",1,"TUR"
"831","1759",1,"TUR"
"939","1759",1,"TUR"
"1461","1759",1,"TUR"
"14","1760",1,"TUR"
"93","1760",1,"TUR"
"234","1760",1,"TUR"
"408","1760",1,"TUR"
"419","1760",1,"TUR"
"424","1760",1,"TUR"
"488","1760",1,"TUR"
"1018","1760",1,"TUR"
"1615","1760",1,"TUR"
"99","1761",1,"TUR"
"185","1761",1,"TUR"
"447","1761",1,"TUR"
"572","1761",1,"TUR"
"603","1761",1,"TUR"
"668","1761",1,"TUR"
"855","1761",1,"TUR"
"1582","1761",1,"TUR"
"1717","1761",1,"TUR"
"1","1762",1,"TUR"
"2","1762",1,"TUR"
"4","1762",1,"TUR"
"27","1762",1,"TUR"
"36","1762",1,"TUR"
"90","1762",1,"TUR"
"130","1762",1,"TUR"
"222","1762",1,"TUR"
"298","1762",1,"TUR"
"729","1762",1,"TUR"
"18","1763",1,"TUR"
"19","1763",2,"TUR"
"191","1763",1,"TUR"
"450","1763",1,"TUR"
"590","1763",1,"TUR"
"683","1763",1,"TUR"
"10","1764",1,"TUR"
"640","1764",1,"TUR"
"1157","1764",1,"TUR"
"1395","1764",1,"TUR"
"2","1765",1,"TUR"
"6","1765",2,"TUR"
"25","1765",1,"TUR"
"92","1765",1,"TUR"
"148","1765",1,"TUR"
"278","1765",1,"TUR"
"701","1765",2,"TUR"
"141","1766",1,"TUR"
"249","1766",1,"TUR"
"409","1766",1,"TUR"
"467","1766",3,"TUR"
"512","1766",2,"TUR"
"779","1766",1,"TUR"
"1140","1766",1,"TUR"
"1346","1766",1,"TUR"
"1401","1766",1,"TUR"
"9","1767",1,"TUR"
"14","1767",1,"TUR"
"80","1767",1,"TUR"
"91","1767",1,"TUR"
"467","1767",1,"TUR"
"1255","1767",1,"TUR"
"1270","1767",1,"TUR"
"1340","1767",1,"TUR"
"1","1768",2,"TUR"
"4","1768",1,"TUR"
"5","1768",1,"TUR"
"177","1768",3,"TUR"
"244","1768",1,"TUR"
"315","1768",1,"TUR"
"1253","1768",1,"TUR"
"1428","1768",1,"TUR"
"7","1769",1,"TUR"
"73","1769",1,"TUR"
"112","1769",1,"TUR"
"141","1769",1,"TUR"
"170","1769",1,"TUR"
"710","1769",4,"TUR"
"1032","1769",1,"TUR"
"1","1770",1,"TUR"
"4","1770",1,"TUR"
"739","1770",1,"TUR"
"976","1770",2,"TUR"
"1625","1770",1,"TUR"
"4","1771",1,"TUR"
"7","1771",1,"TUR"
"10","1771",1,"TUR"
"18","1771",1,"TUR"
"21","1771",1,"TUR"
"327","1771",1,"TUR"
"1261","1771",1,"TUR"
"1539","1771",4,"TUR"
"1","1772",2,"TUR"
"4","1772",1,"TUR"
"5","1772",1,"TUR"
"7","1772",2,"TUR"
"36","1772",1,"TUR"
"44","1772",1,"TUR"
"61","1772",1,"TUR"
"479","1772",1,"TUR"
"1073","1772",1,"TUR"
"2","1773",1,"TUR"
"3","1773",1,"TUR"
"37","1773",1,"TUR"
"141","1773",1,"TUR"
"282","1773",1,"TUR"
"619","1773",2,"TUR"
"724","1773",1,"TUR"
"879","1773",1,"TUR"
"947","1773",1,"TUR"
"1549","1773",1,"TUR"
"15","1774",2,"TUR"
"41","1774",1,"TUR"
"44","1774",1,"TUR"
"329","1774",1,"TUR"
"979","1774",2,"TUR"
"1108","1774",1,"TUR"
"1558","1774",1,"TUR"
"2","1775",1,"TUR"
"167","1775",1,"TUR"
"201","1775",1,"TUR"
"1","1776",1,"TUR"
"4","1776",1,"TUR"
"13","1776",1,"TUR"
"34","1776",1,"TUR"
"40","1776",1,"TUR"
"55","1776",2,"TUR"
"92","1776",1,"TUR"
"206","1776",1,"TUR"
"844","1776",1,"TUR"
"1","1777",1,"TUR"
"2","1777",1,"TUR"
"28","1777",1,"TUR"
"94","1777",1,"TUR"
"189","1777",1,"TUR"
"340","1777",1,"TUR"
"566","1777",1,"TUR"
"929","1777",1,"TUR"
"3","1778",1,"TUR"
"7","1778",2,"TUR"
"88","1778",1,"TUR"
"99","1778",1,"TUR"
"322","1778",1,"TUR"
"475","1778",1,"TUR"
"708","1778",1,"TUR"
"777","1778",1,"TUR"
"1360","1778",1,"TUR"
"1","1779",2,"TUR"
"2","1779",2,"TUR"
"9","1779",1,"TUR"
"24","1779",1,"TUR"
"25","1779",1,"TUR"
"44","1779",1,"TUR"
"1005","1779",1,"TUR"
"3","1780",3,"TUR"
"12","1780",1,"TUR"
"31","1780",1,"TUR"
"32","1780",1,"TUR"
"100","1780",1,"TUR"
"243","1780",1,"TUR"
"692","1780",1,"TUR"
"1372","1780",1,"TUR"
"1","1781",2,"TUR"
"3","1781",2,"TUR"
"48","1781",1,"TUR"
"124","1781",1,"TUR"
"244","1781",1,"TUR"
"544","1781",1,"TUR"
"1516","1781",1,"TUR"
"30","1782",2,"TUR"
"47","1782",1,"TUR"
"130","1782",1,"TUR"
"1360","1782",1,"TUR"
"11","1783",2,"TUR"
"42","1783",1,"TUR"
"92","1783",1,"TUR"
"10","1784",1,"TUR"
"23","1784",1,"TUR"
"136","1784",2,"TUR"
"411","1784",2,"TUR"
"585","1784",1,"TUR"
"930","1784",1,"TUR"
"1341","1784",1,"TUR"
"1675","1784",1,"TUR"
"1","1785",1,"TUR"
"2","1785",1,"TUR"
"28","1785",1,"TUR"
"34","1785",1,"TUR"
"44","1785",1,"TUR"
"59","1785",1,"TUR"
"136","1785",1,"TUR"
"264","1785",1,"TUR"
"287","1785",1,"TUR"
"345","1785",1,"TUR"
"1055","1785",1,"TUR"
"1","1786",1,"TUR"
"10","1786",1,"TUR"
"12","1786",2,"TUR"
"827","1786",1,"TUR"
"1391","1786",1,"TUR"
"2","1787",2,"TUR"
"3","1787",2,"TUR"
"6","1787",1,"TUR"
"131","1787",1,"TUR"
"330","1787",1,"TUR"
"493","1787",1,"TUR"
"615","1787",1,"TUR"
"1336","1787",1,"TUR"
"32","1788",1,"TUR"
"74","1788",1,"TUR"
"147","1788",1,"TUR"
"396","1788",1,"TUR"
"424","1788",1,"TUR"
"936","1788",2,"TUR"
"1709","1788",1,"TUR"
"1","1789",1,"TUR"
"2","1789",1,"TUR"
"3","1789",1,"TUR"
"31","1789",4,"TUR"
"43","1789",1,"TUR"
"6","1790",3,"TUR"
"25","1790",1,"TUR"
"49","1790",1,"TUR"
"235","1790",1,"TUR"
"419","1790",1,"TUR"
"764","1790",1,"TUR"
"902","1790",1,"TUR"
"936","1790",1,"TUR"
"1094","1790",1,"TUR"
"1438","1790",1,"TUR"
"4","1791",1,"TUR"
"167","1791",1,"TUR"
"241","1791",1,"TUR"
"738","1791",1,"TUR"
"936","1791",1,"TUR"
"943","1791",1,"TUR"
"1029","1791",1,"TUR"
"1587","1791",1,"TUR"
"1","1792",1,"TUR"
"419","1792",1,"TUR"
"1113","1792",1,"TUR"
"1181","1792",1,"TUR"
"1319","1792",1,"TUR"
"1415","1792",1,"TUR"
"1","1793",1,"TUR"
"118","1793",1,"TUR"
"373","1793",1,"TUR"
"525","1793",1,"TUR"
"718","1793",1,"TUR"
"1285","1793",1,"TUR"
"1606","1793",1,"TUR"
"85","1794",1,"TUR"
"224","1794",1,"TUR"
"255","1794",1,"TUR"
"814","1794",1,"TUR"
"820","1794",1,"TUR"
"878","1794",1,"TUR"
"22","1795",1,"TUR"
"275","1795",4,"TUR"
"646","1795",1,"TUR"
"682","1795",1,"TUR"
"831","1795",2,"TUR"
"4","1796",1,"TUR"
"13","1796",1,"TUR"
"15","1796",1,"TUR"
"19","1796",1,"TUR"
"85","1796",4,"TUR"
"269","1796",1,"TUR"
"383","1796",1,"TUR"
"1","1797",1,"TUR"
"10","1797",1,"TUR"
"13","1797",1,"TUR"
"110","1797",1,"TUR"
"287","1797",1,"TUR"
"470","1797",1,"TUR"
"1268","1797",1,"TUR"
"1","1798",2,"TUR"
"2","1798",2,"TUR"
"20","1798",1,"TUR"
"127","1798",1,"TUR"
"340","1798",1,"TUR"
"543","1798",1,"TUR"
"713","1798",1,"TUR"
"1543","1798",1,"TUR"
"2","1799",1,"TUR"
"3","1799",1,"TUR"
"58","1799",1,"TUR"
"115","1799",1,"TUR"
"119","1799",1,"TUR"
"233","1799",1,"TUR"
"245","1799",1,"TUR"
"476","1799",1,"TUR"
"621","1799",1,"TUR"
"1664","1799",1,"TUR"
"8","1800",1,"TUR"
"21","1800",1,"TUR"
"110","1800",1,"TUR"
"155","1800",1,"TUR"
"468","1800",1,"TUR"
"494","1800",1,"TUR"
"622","1800",1,"TUR"
"1244","1800",1,"TUR"
"1731","1800",1,"TUR"
"1","1801",4,"TUR"
"47","1801",1,"TUR"
"197","1801",2,"TUR"
"262","1801",1,"TUR"
"753","1801",1,"TUR"
"859","1801",1,"TUR"
"1012","1801",1,"TUR"
"2","1802",1,"TUR"
"12","1802",1,"TUR"
"31","1802",1,"TUR"
"52","1802",1,"TUR"
"80","1802",1,"TUR"
"459","1802",1,"TUR"
"463","1802",2,"TUR"
"1135","1802",1,"TUR"
"1446","1802",1,"TUR"
"1786","1802",1,"TUR"
"6","1803",1,"TUR"
"27","1803",1,"TUR"
"267","1803",2,"TUR"
"334","1803",1,"TUR"
"1121","1803",1,"TUR"
"1135","1803",1,"TUR"
"1565","1803",1,"TUR"
"35","1804",1,"TUR"
"187","1804",1,"TUR"
"363","1804",1,"TUR"
"509","1804",1,"TUR"
"701","1804",1,"TUR"
"1054","1804",1,"TUR"
"1151","1804",2,"TUR"
"1677","1804",1,"TUR"
"2","1805",1,"TUR"
"4","1805",1,"TUR"
"7","1805",1,"TUR"
"82","1805",1,"TUR"
"142","1805",2,"TUR"
"146","1805",1,"TUR"
"462","1805",2,"TUR"
"1347","1805",1,"TUR"
"1562","1805",1,"TUR"
"2","1806",1,"TUR"
"22","1806",1,"TUR"
"82","1806",3,"TUR"
"182","1806",3,"TUR"
"189","1806",1,"TUR"
"462","1806",1,"TUR"
"1237","1806",1,"TUR"
"1","1807",1,"TUR"
"412","1807",1,"TUR"
"964","1807",4,"TUR"
"1456","1807",1,"TUR"
"1556","1807",4,"TUR"
"40","1808",2,"TUR"
"130","1808",1,"TUR"
"219","1808",1,"TUR"
"260","1808",1,"TUR"
"375","1808",5,"TUR"
"476","1808",1,"TUR"
"627","1808",1,"TUR"
"3","1809",2,"TUR"
"8","1809",2,"TUR"
"101","1809",1,"TUR"
"107","1809",1,"TUR"
"175","1809",1,"TUR"
"414","1809",1,"TUR"
"2","1810",1,"TUR"
"18","1810",1,"TUR"
"37","1810",1,"TUR"
"293","1810",1,"TUR"
"417","1810",1,"TUR"
"453","1810",1,"TUR"
"965","1810",1,"TUR"
"1115","1810",1,"TUR"
"1","1811",1,"TUR"
"5","1811",1,"TUR"
"25","1811",1,"TUR"
"29","1811",1,"TUR"
"93","1811",1,"TUR"
"178","1811",1,"TUR"
"5","1812",1,"TUR"
"6","1812",1,"TUR"
"7","1812",1,"TUR"
"18","1812",1,"TUR"
"41","1812",1,"TUR"
"46","1812",1,"TUR"
"234","1812",1,"TUR"
"478","1812",1,"TUR"
"1","1813",1,"TUR"
"2","1813",1,"TUR"
"4","1813",1,"TUR"
"12","1813",1,"TUR"
"46","1813",1,"TUR"
"152","1813",2,"TUR"
"322","1813",1,"TUR"
"4","1814",1,"TUR"
"6","1814",1,"TUR"
"132","1814",1,"TUR"
"192","1814",1,"TUR"
"344","1814",1,"TUR"
"449","1814",1,"TUR"
"993","1814",1,"TUR"
"1810","1814",1,"TUR"
"1","1815",1,"TUR"
"18","1815",1,"TUR"
"136","1815",3,"TUR"
"338","1815",1,"TUR"
"354","1815",1,"TUR"
"1","1816",1,"TUR"
"2","1816",1,"TUR"
"3","1816",3,"TUR"
"114","1816",1,"TUR"
"130","1816",1,"TUR"
"611","1816",1,"TUR"
"1298","1816",1,"TUR"
"1622","1816",1,"TUR"
"1671","1816",1,"TUR"
"6","1817",1,"TUR"
"217","1817",1,"TUR"
"245","1817",1,"TUR"
"295","1817",1,"TUR"
"406","1817",1,"TUR"
"568","1817",1,"TUR"
"628","1817",1,"TUR"
"893","1817",1,"TUR"
"1","1818",1,"TUR"
"7","1818",1,"TUR"
"10","1818",1,"TUR"
"11","1818",1,"TUR"
"39","1818",6,"TUR"
"822","1818",1,"TUR"
"2","1819",2,"TUR"
"3","1819",1,"TUR"
"31","1819",1,"TUR"
"77","1819",1,"TUR"
"216","1819",1,"TUR"
"643","1819",1,"TUR"
"1","1820",3,"TUR"
"5","1820",1,"TUR"
"9","1820",1,"TUR"
"64","1820",1,"TUR"
"95","1820",1,"TUR"
"182","1820",1,"TUR"
"299","1820",1,"TUR"
"1423","1820",1,"TUR"
"1432","1820",1,"TUR"
"1","1821",1,"TUR"
"61","1821",1,"TUR"
"67","1821",1,"TUR"
"363","1821",1,"TUR"
"571","1821",1,"TUR"
"1216","1821",1,"TUR"
"2","1822",2,"TUR"
"87","1822",1,"TUR"
"412","1822",1,"TUR"
"418","1822",1,"TUR"
"602","1822",4,"TUR"
"141","1823",1,"TUR"
"317","1823",1,"TUR"
"413","1823",1,"TUR"
"563","1823",1,"TUR"
"1079","1823",1,"TUR"
"1174","1823",1,"TUR"
"1324","1823",1,"TUR"
"1483","1823",1,"TUR"
"1523","1823",1,"TUR"
"3","1824",1,"TUR"
"28","1824",1,"TUR"
"31","1824",2,"TUR"
"61","1824",1,"TUR"
"106","1824",1,"TUR"
"605","1824",1,"TUR"
"667","1824",1,"TUR"
"791","1824",1,"TUR"
"67","1825",1,"TUR"
"165","1825",1,"TUR"
"188","1825",3,"TUR"
"284","1825",1,"TUR"
"1125","1825",1,"TUR"
"1","1826",1,"TUR"
"2","1826",1,"TUR"
"5","1826",1,"TUR"
"246","1826",1,"TUR"
"638","1826",1,"TUR"
"935","1826",1,"TUR"
"6","1827",1,"TUR"
"27","1827",1,"TUR"
"30","1827",1,"TUR"
"37","1827",2,"TUR"
"465","1827",1,"TUR"
"652","1827",1,"TUR"
"691","1827",1,"TUR"
"704","1827",1,"TUR"
"951","1827",1,"TUR"
"1529","1827",1,"TUR"
"246","1828",1,"TUR"
"253","1828",1,"TUR"
"259","1828",1,"TUR"
"264","1828",1,"TUR"
"377","1828",1,"TUR"
"408","1828",1,"TUR"
"1","1829",1,"TUR"
"22","1829",1,"TUR"
"941","1829",1,"TUR"
"1465","1829",1,"TUR"
"4","1830",1,"TUR"
"18","1830",1,"TUR"
"102","1830",1,"TUR"
"118","1830",4,"TUR"
"135","1830",1,"TUR"
"555","1830",1,"TUR"
"1387","1830",1,"TUR"
"61","1831",1,"TUR"
"84","1831",1,"TUR"
"997","1831",1,"TUR"
"46","1832",1,"TUR"
"56","1832",2,"TUR"
"61","1832",1,"TUR"
"251","1832",1,"TUR"
"328","1832",1,"TUR"
"1339","1832",1,"TUR"
"4","1833",1,"TUR"
"5","1833",1,"TUR"
"10","1833",1,"TUR"
"17","1833",1,"TUR"
"77","1833",1,"TUR"
"277","1833",1,"TUR"
"1135","1833",1,"TUR"
"5","1834",1,"TUR"
"54","1834",2,"TUR"
"394","1834",3,"TUR"
"1389","1834",1,"TUR"
"8","1835",1,"TUR"
"279","1835",1,"TUR"
"396","1835",1,"TUR"
"399","1835",1,"TUR"
"471","1835",1,"TUR"
"814","1835",1,"TUR"
"1067","1835",1,"TUR"
"1352","1835",1,"TUR"
"3","1836",1,"TUR"
"6","1836",1,"TUR"
"76","1836",1,"TUR"
"85","1836",1,"TUR"
"114","1836",1,"TUR"
"341","1836",1,"TUR"
"887","1836",1,"TUR"
"925","1836",1,"TUR"
"1236","1836",1,"TUR"
"1","1837",2,"TUR"
"196","1837",1,"TUR"
"799","1837",1,"TUR"
"1358","1837",1,"TUR"
"1","1838",1,"TUR"
"2","1838",1,"TUR"
"7","1838",1,"TUR"
"163","1838",1,"TUR"
"292","1838",2,"TUR"
"1532","1838",3,"TUR"
"57","1839",1,"TUR"
"87","1839",1,"TUR"
"136","1839",2,"TUR"
"503","1839",4,"TUR"
"952","1839",1,"TUR"
"7","1840",1,"TUR"
"21","1840",1,"TUR"
"53","1840",1,"TUR"
"216","1840",1,"TUR"
"1542","1840",2,"TUR"
"1","1841",1,"TUR"
"66","1841",1,"TUR"
"703","1841",1,"TUR"
"867","1841",2,"TUR"
"1074","1841",2,"TUR"
"1457","1841",1,"TUR"
"1","1842",2,"TUR"
"7","1842",1,"TUR"
"78","1842",2,"TUR"
"347","1842",1,"TUR"
"358","1842",1,"TUR"
"1286","1842",1,"TUR"
"5","1843",1,"TUR"
"11","1843",3,"TUR"
"144","1843",1,"TUR"
"239","1843",1,"TUR"
"1","1844",1,"TUR"
"22","1844",1,"TUR"
"44","1844",1,"TUR"
"628","1844",1,"TUR"
"3","1845",1,"TUR"
"9","1845",1,"TUR"
"444","1845",1,"TUR"
"603","1845",1,"TUR"
"1553","1845",1,"TUR"
"1789","1845",1,"TUR"
"8","1846",1,"TUR"
"12","1846",1,"TUR"
"25","1846",1,"TUR"
"31","1846",1,"TUR"
"71","1846",1,"TUR"
"414","1846",1,"TUR"
"875","1846",1,"TUR"
"1016","1846",1,"TUR"
"1442","1846",1,"TUR"
"1505","1846",1,"TUR"
"9","1847",1,"TUR"
"90","1847",1,"TUR"
"186","1847",1,"TUR"
"280","1847",1,"TUR"
"305","1847",4,"TUR"
"1563","1847",1,"TUR"
"1595","1847",1,"TUR"
"1","1848",1,"TUR"
"4","1848",1,"TUR"
"5","1848",1,"TUR"
"215","1848",1,"TUR"
"216","1848",1,"TUR"
"287","1848",1,"TUR"
"364","1848",1,"TUR"
"423","1848",1,"TUR"
"1478","1848",1,"TUR"
"1","1849",3,"TUR"
"20","1849",1,"TUR"
"69","1849",1,"TUR"
"580","1849",1,"TUR"
"930","1849",2,"TUR"
"954","1849",1,"TUR"
"1","1850",1,"TUR"
"150","1850",1,"TUR"
"239","1850",3,"TUR"
"329","1850",1,"TUR"
"4","1851",1,"TUR"
"316","1851",1,"TUR"
"448","1851",1,"TUR"
"469","1851",1,"TUR"
"985","1851",1,"TUR"
"1264","1851",1,"TUR"
"1644","1851",1,"TUR"
"1804","1851",1,"TUR"
"1805","1851",1,"TUR"
"2","1852",1,"TUR"
"30","1852",1,"TUR"
"348","1852",1,"TUR"
"357","1852",1,"TUR"
"791","1852",1,"TUR"
"1160","1852",1,"TUR"
"14","1853",1,"TUR"
"41","1853",1,"TUR"
"751","1853",1,"TUR"
"1679","1853",1,"TUR"
"1775","1853",1,"TUR"
"1","1854",1,"TUR"
"18","1854",1,"TUR"
"32","1854",1,"TUR"
"197","1854",1,"TUR"
"267","1854",1,"TUR"
"327","1854",1,"TUR"
"485","1854",1,"TUR"
"67","1855",1,"TUR"
"95","1855",1,"TUR"
"192","1855",2,"TUR"
"267","1855",1,"TUR"
"343","1855",1,"TUR"
"397","1855",1,"TUR"
"864","1855",1,"TUR"
"954","1855",1,"TUR"
"1710","1855",1,"TUR"
"1","1856",1,"TUR"
"2","1856",1,"TUR"
"1","1857",1,"TUR"
"7","1857",1,"TUR"
"44","1857",2,"TUR"
"174","1857",1,"TUR"
"2","1858",1,"TUR"
"8","1858",1,"TUR"
"213","1858",1,"TUR"
"248","1858",1,"TUR"
"532","1858",1,"TUR"
"917","1858",1,"TUR"
"958","1858",1,"TUR"
"1051","1858",1,"TUR"
"7","1859",1,"TUR"
"56","1859",1,"TUR"
"204","1859",1,"TUR"
"327","1859",1,"TUR"
"407","1859",1,"TUR"
"920","1859",1,"TUR"
"1452","1859",1,"TUR"
"1616","1859",1,"TUR"
"1","1860",1,"TUR"
"287","1860",1,"TUR"
"494","1860",1,"TUR"
"588","1860",1,"TUR"
"637","1860",1,"TUR"
"1336","1860",1,"TUR"
"1496","1860",1,"TUR"
"4","1861",1,"TUR"
"7","1861",1,"TUR"
"327","1861",1,"TUR"
"714","1861",1,"TUR"
"766","1861",1,"TUR"
"938","1861",1,"TUR"
"474","1862",1,"TUR"
"1333","1862",2,"TUR"
"91","1863",1,"TUR"
"108","1863",1,"TUR"
"155","1863",1,"TUR"
"217","1863",1,"TUR"
"386","1863",1,"TUR"
"407","1863",1,"TUR"
"899","1863",1,"TUR"
"1280","1863",1,"TUR"
"1561","1863",1,"TUR"
"2","1864",1,"TUR"
"6","1864",1,"TUR"
"22","1864",1,"TUR"
"214","1864",1,"TUR"
"297","1864",1,"TUR"
"336","1864",1,"TUR"
"451","1864",1,"TUR"
"522","1864",1,"TUR"
"1170","1864",1,"TUR"
"1210","1864",1,"TUR"
"1","1865",1,"TUR"
"3","1865",1,"TUR"
"11","1865",1,"TUR"
"19","1865",1,"TUR"
"25","1865",1,"TUR"
"51","1865",1,"TUR"
"220","1865",2,"TUR"
"562","1865",1,"TUR"
"1554","1865",1,"TUR"
"6","1866",1,"TUR"
"47","1866",2,"TUR"
"93","1866",1,"TUR"
"277","1866",1,"TUR"
"487","1866",1,"TUR"
"573","1866",2,"TUR"
"1277","1866",1,"TUR"
"1818","1866",1,"TUR"
"2","1867",2,"TUR"
"16","1867",2,"TUR"
"42","1867",1,"TUR"
"212","1867",1,"TUR"
"1066","1867",1,"TUR"
"1","1868",1,"TUR"
"7","1868",1,"TUR"
"206","1868",3,"TUR"
"317","1868",1,"TUR"
"697","1868",1,"TUR"
"1483","1868",1,"TUR"
"1828","1868",1,"TUR"
"50","1869",3,"TUR"
"112","1869",1,"TUR"
"166","1869",1,"TUR"
"296","1869",1,"TUR"
"263","1870",1,"TUR"
"728","1870",6,"TUR"
"798","1870",1,"TUR"
"876","1870",2,"TUR"
"963","1870",1,"TUR"
"2","1871",1,"TUR"
"45","1871",2,"TUR"
"198","1871",1,"TUR"
"262","1871",1,"TUR"
"307","1871",1,"TUR"
"1221","1871",1,"TUR"
"1310","1871",1,"TUR"
"1604","1871",1,"TUR"
"2","1872",1,"TUR"
"21","1872",1,"TUR"
"438","1872",1,"TUR"
"1301","1872",1,"TUR"
"18","1873",1,"TUR"
"37","1873",1,"TUR"
"112","1873",2,"TUR"
"379","1873",1,"TUR"
"932","1873",1,"TUR"
"1058","1873",1,"TUR"
"1217","1873",1,"TUR"
"1316","1873",1,"TUR"
"8","1874",1,"TUR"
"63","1874",1,"TUR"
"94","1874",1,"TUR"
"497","1874",1,"TUR"
"775","1874",1,"TUR"
"1","1875",1,"TUR"
"66","1875",1,"TUR"
"69","1875",1,"TUR"
"99","1875",1,"TUR"
"484","1875",1,"TUR"
"496","1875",1,"TUR"
"520","1875",2,"TUR"
"9","1876",1,"TUR"
"36","1876",1,"TUR"
"67","1876",1,"TUR"
"95","1876",1,"TUR"
"973","1876",1,"TUR"
"6","1877",1,"TUR"
"44","1877",2,"TUR"
"93","1877",1,"TUR"
"119","1877",2,"TUR"
"412","1877",1,"TUR"
"938","1877",1,"TUR"
"1089","1877",1,"TUR"
"1","1878",1,"TUR"
"7","1878",1,"TUR"
"126","1878",1,"TUR"
"144","1878",1,"TUR"
"329","1878",1,"TUR"
"1734","1878",1,"TUR"
"1","1879",1,"TUR"
"3","1879",2,"TUR"
"382","1879",1,"TUR"
"661","1879",1,"TUR"
"762","1879",1,"TUR"
"50","1880",5,"TUR"
"58","1880",1,"TUR"
"386","1880",1,"TUR"
"1","1881",2,"TUR"
"2","1881",1,"TUR"
"4","1881",1,"TUR"
"12","1881",1,"TUR"
"174","1881",1,"TUR"
"222","1881",1,"TUR"
"373","1881",1,"TUR"
"471","1881",1,"TUR"
"687","1881",1,"TUR"
"1","1882",2,"TUR"
"45","1882",1,"TUR"
"58","1882",1,"TUR"
"698","1882",1,"TUR"
"1053","1882",1,"TUR"
"1633","1882",1,"TUR"
"1718","1882",1,"TUR"
"5","1883",1,"TUR"
"185","1883",2,"TUR"
"261","1883",2,"TUR"
"1134","1883",1,"TUR"
"33","1884",1,"TUR"
"121","1884",1,"TUR"
"789","1884",1,"TUR"
"866","1884",1,"TUR"
"1008","1884",1,"TUR"
"1405","1884",1,"TUR"
"1500","1884",1,"TUR"
"33","1885",1,"TUR"
"35","1885",1,"TUR"
"59","1885",1,"TUR"
"128","1885",1,"TUR"
"172","1885",1,"TUR"
"306","1885",1,"TUR"
"35","1886",1,"TUR"
"38","1886",1,"TUR"
"121","1886",1,"TUR"
"379","1886",1,"TUR"
"627","1886",1,"TUR"
"1006","1886",1,"TUR"
"1354","1886",1,"TUR"
"38","1887",1,"TUR"
"59","1887",1,"TUR"
"128","1887",2,"TUR"
"136","1887",1,"TUR"
"199","1887",1,"TUR"
"382","1887",1,"TUR"
"1325","1887",1,"TUR"
"1360","1887",1,"TUR"
"1","1888",1,"TUR"
"30","1888",1,"TUR"
"38","1888",1,"TUR"
"67","1888",1,"TUR"
"96","1888",1,"TUR"
"121","1888",1,"TUR"
"383","1888",1,"TUR"
"866","1888",1,"TUR"
"7","1889",1,"TUR"
"35","1889",1,"TUR"
"38","1889",1,"TUR"
"733","1889",1,"TUR"
"847","1889",1,"TUR"
"1581","1889",1,"TUR"
"5","1890",1,"TUR"
"124","1890",1,"TUR"
"411","1890",1,"TUR"
"631","1890",1,"TUR"
"658","1890",1,"TUR"
"850","1890",1,"TUR"
"937","1890",1,"TUR"
"1549","1890",1,"TUR"
"64","1891",1,"TUR"
"949","1891",1,"TUR"
"1056","1891",1,"TUR"
"1083","1891",1,"TUR"
"4","1892",1,"TUR"
"66","1892",1,"TUR"
"584","1892",1,"TUR"
"851","1892",1,"TUR"
"1196","1892",1,"TUR"
"1559","1892",1,"TUR"
"10","1893",1,"TUR"
"84","1893",1,"TUR"
"112","1893",1,"TUR"
"158","1893",1,"TUR"
"223","1893",1,"TUR"
"384","1893",1,"TUR"
"899","1893",1,"TUR"
"924","1893",1,"TUR"
"4","1894",1,"TUR"
"8","1894",1,"TUR"
"160","1894",1,"TUR"
"406","1894",1,"TUR"
"1251","1894",1,"TUR"
"442","1895",1,"TUR"
"1221","1895",2,"TUR"
"1411","1895",1,"TUR"
"3","1896",1,"TUR"
"10","1896",3,"TUR"
"27","1896",3,"TUR"
"50","1896",1,"TUR"
"256","1896",1,"TUR"
"2","1897",2,"TUR"
"70","1897",1,"TUR"
"133","1897",1,"TUR"
"1536","1897",1,"TUR"
"5","1898",1,"TUR"
"57","1898",1,"TUR"
"116","1898",1,"TUR"
"324","1898",5,"TUR"
"952","1898",1,"TUR"
"1","1899",5,"TUR"
"262","1899",1,"TUR"
"606","1899",1,"TUR"
"657","1899",1,"TUR"
"7","1900",1,"TUR"
"17","1900",1,"TUR"
"129","1900",1,"TUR"
"191","1900",2,"TUR"
"257","1900",1,"TUR"
"1036","1900",1,"TUR"
"144","1901",1,"TUR"
"171","1901",1,"TUR"
"205","1901",1,"TUR"
"417","1901",1,"TUR"
"549","1901",1,"TUR"
"1545","1901",1,"TUR"
"1693","1901",1,"TUR"
"1901","1901",1,"TUR"
"1","1902",1,"TUR"
"94","1902",1,"TUR"
"234","1902",1,"TUR"
"524","1902",1,"TUR"
"1069","1902",1,"TUR"
"1539","1902",1,"TUR"
"1","1903",1,"TUR"
"17","1903",1,"TUR"
"18","1903",1,"TUR"
"25","1903",1,"TUR"
"202","1903",1,"TUR"
"211","1903",1,"TUR"
"467","1903",1,"TUR"
"1444","1903",1,"TUR"
"6","1904",2,"TUR"
"175","1904",1,"TUR"
"247","1904",1,"TUR"
"2","1905",1,"TUR"
"320","1905",1,"TUR"
"479","1905",1,"TUR"
"1342","1905",1,"TUR"
"1842","1905",1,"TUR"
"1","1906",1,"TUR"
"44","1906",1,"TUR"
"211","1906",1,"TUR"
"217","1906",1,"TUR"
"247","1906",1,"TUR"
"773","1906",1,"TUR"
"1413","1906",1,"TUR"
"19","1907",5,"TUR"
"7","1908",1,"TUR"
"19","1908",1,"TUR"
"156","1908",1,"TUR"
"554","1908",2,"TUR"
"651","1908",1,"TUR"
"731","1908",1,"TUR"
"1065","1908",1,"TUR"
"1803","1908",1,"TUR"
"2","1909",1,"TUR"
"244","1909",1,"TUR"
"397","1909",1,"TUR"
"453","1909",1,"TUR"
"1707","1909",1,"TUR"
"2","1910",2,"TUR"
"5","1910",1,"TUR"
"113","1910",1,"TUR"
"901","1910",1,"TUR"
"1317","1910",1,"TUR"
"1423","1910",1,"TUR"
"1872","1910",1,"TUR"
"1","1911",1,"TUR"
"4","1911",2,"TUR"
"28","1911",1,"TUR"
"53","1911",1,"TUR"
"1","1912",1,"TUR"
"30","1912",1,"TUR"
"183","1912",1,"TUR"
"266","1912",1,"TUR"
"499","1912",1,"TUR"
"1072","1912",1,"TUR"
"1688","1912",1,"TUR"
"13","1913",1,"TUR"
"131","1913",1,"TUR"
"307","1913",1,"TUR"
"346","1913",1,"TUR"
"4","1914",1,"TUR"
"43","1914",1,"TUR"
"88","1914",1,"TUR"
"240","1914",1,"TUR"
"829","1914",1,"TUR"
"874","1914",1,"TUR"
"1165","1914",1,"TUR"
"2","1915",1,"TUR"
"33","1915",2,"TUR"
"81","1915",1,"TUR"
"86","1915",2,"TUR"
"204","1915",1,"TUR"
"27","1916",1,"TUR"
"160","1916",1,"TUR"
"174","1916",2,"TUR"
"507","1916",1,"TUR"
"729","1916",1,"TUR"
"790","1916",2,"TUR"
"1553","1916",1,"TUR"
"1","1917",1,"TUR"
"194","1917",1,"TUR"
"289","1917",1,"TUR"
"320","1917",1,"TUR"
"937","1917",1,"TUR"
"949","1917",1,"TUR"
"44","1918",2,"TUR"
"61","1918",1,"TUR"
"129","1918",1,"TUR"
"139","1918",1,"TUR"
"496","1918",1,"TUR"
"1267","1918",1,"TUR"
"1","1919",1,"TUR"
"4","1919",1,"TUR"
"11","1919",1,"TUR"
"14","1919",1,"TUR"
"634","1919",1,"TUR"
"643","1919",1,"TUR"
"1","1920",1,"TUR"
"4","1920",3,"TUR"
"19","1920",1,"TUR"
"36","1920",1,"TUR"
"141","1920",1,"TUR"
"1210","1920",1,"TUR"
"1658","1920",1,"TUR"
"498","1921",1,"TUR"
"906","1921",1,"TUR"
"1297","1921",1,"TUR"
"1550","1921",1,"TUR"
"1826","1921",1,"TUR"
"2","1922",1,"TUR"
"5","1922",1,"TUR"
"67","1922",1,"TUR"
"146","1922",1,"TUR"
"1837","1922",1,"TUR"
"7","1923",1,"TUR"
"20","1923",1,"TUR"
"53","1923",1,"TUR"
"99","1923",1,"TUR"
"872","1923",1,"TUR"
"902","1923",1,"TUR"
"3","1924",1,"TUR"
"4","1924",1,"TUR"
"365","1924",1,"TUR"
"551","1924",1,"TUR"
"837","1924",1,"TUR"
"1023","1924",2,"TUR"
"1323","1924",1,"TUR"
"3","1925",5,"TUR"
"4","1925",1,"TUR"
"143","1925",1,"TUR"
"412","1925",1,"TUR"
"554","1925",1,"TUR"
"1","1926",2,"TUR"
"3","1926",1,"TUR"
"8","1926",1,"TUR"
"37","1926",1,"TUR"
"72","1926",1,"TUR"
"1881","1927",2,"TUR"
"17","1928",1,"TUR"
"49","1928",1,"TUR"
"61","1928",1,"TUR"
"91","1928",1,"TUR"
"286","1928",1,"TUR"
"561","1928",1,"TUR"
"70","1929",1,"TUR"
"230","1929",1,"TUR"
"260","1929",1,"TUR"
"354","1929",1,"TUR"
"446","1929",1,"TUR"
"1339","1929",1,"TUR"
"4","1930",1,"TUR"
"7","1930",1,"TUR"
"33","1930",1,"TUR"
"264","1930",1,"TUR"
"21","1931",1,"TUR"
"31","1931",1,"TUR"
"287","1931",1,"TUR"
"457","1931",1,"TUR"
"676","1931",1,"TUR"
"799","1931",1,"TUR"
"1","1932",1,"TUR"
"39","1932",3,"TUR"
"100","1932",1,"TUR"
"131","1932",1,"TUR"
"153","1932",1,"TUR"
"237","1932",1,"TUR"
"710","1932",1,"TUR"
"77","1933",1,"TUR"
"342","1933",5,"TUR"
"636","1933",1,"TUR"
"1328","1933",1,"TUR"
"1","1934",1,"TUR"
"4","1934",1,"TUR"
"427","1934",1,"TUR"
"762","1934",1,"TUR"
"1463","1934",1,"TUR"
"4","1935",1,"TUR"
"19","1935",1,"TUR"
"230","1935",4,"TUR"
"724","1935",1,"TUR"
"14","1936",1,"TUR"
"70","1936",1,"TUR"
"95","1936",1,"TUR"
"1279","1936",1,"TUR"
"1803","1936",1,"TUR"
"1862","1936",1,"TUR"
"71","1937",1,"TUR"
"90","1937",1,"TUR"
"249","1937",1,"TUR"
"527","1937",1,"TUR"
"1067","1937",1,"TUR"
"845","1938",1,"TUR"
"1067","1938",1,"TUR"
"1183","1938",1,"TUR"
"1856","1938",1,"TUR"
"42","1939",1,"TUR"
"57","1939",1,"TUR"
"94","1939",1,"TUR"
"572","1939",1,"TUR"
"800","1939",1,"TUR"
"803","1939",1,"TUR"
"82","1940",1,"TUR"
"1","1941",1,"TUR"
"171","1941",1,"TUR"
"235","1941",1,"TUR"
"1430","1941",1,"TUR"
"1629","1941",1,"TUR"
"1630","1941",1,"TUR"
"1","1942",1,"TUR"
"2","1942",1,"TUR"
"7","1942",1,"TUR"
"10","1942",1,"TUR"
"715","1942",1,"TUR"
"1222","1942",1,"TUR"
"1355","1942",1,"TUR"
"215","1943",1,"TUR"
"236","1943",1,"TUR"
"571","1943",2,"TUR"
"818","1943",1,"TUR"
"825","1943",1,"TUR"
"1","1944",1,"TUR"
"4","1944",1,"TUR"
"34","1944",1,"TUR"
"71","1944",1,"TUR"
"523","1944",1,"TUR"
"781","1944",1,"TUR"
"908","1944",1,"TUR"
"115","1945",1,"TUR"
"125","1945",1,"TUR"
"151","1945",1,"TUR"
"261","1945",1,"TUR"
"278","1945",3,"TUR"
"1581","1945",1,"TUR"
"1876","1945",1,"TUR"
"98","1946",1,"TUR"
"363","1946",1,"TUR"
"591","1946",1,"TUR"
"1289","1946",1,"TUR"
"1527","1946",1,"TUR"
"1689","1946",1,"TUR"
"10","1947",1,"TUR"
"162","1947",1,"TUR"
"186","1947",1,"TUR"
"292","1947",1,"TUR"
"549","1947",1,"TUR"
"587","1947",1,"TUR"
"823","1947",1,"TUR"
"1265","1947",1,"TUR"
"12","1948",1,"TUR"
"349","1948",1,"TUR"
"725","1948",1,"TUR"
"12","1949",1,"TUR"
"16","1949",1,"TUR"
"43","1949",1,"TUR"
"480","1949",1,"TUR"
"597","1949",1,"TUR"
"18","1950",1,"TUR"
"26","1950",1,"TUR"
"60","1950",1,"TUR"
"138","1950",1,"TUR"
"739","1950",1,"TUR"
"1185","1950",1,"TUR"
"20","1951",2,"TUR"
"32","1951",1,"TUR"
"131","1951",1,"TUR"
"1144","1951",1,"TUR"
"1799","1951",1,"TUR"
"1","1952",1,"TUR"
"2","1952",1,"TUR"
"4","1952",1,"TUR"
"10","1952",1,"TUR"
"635","1952",1,"TUR"
"1157","1952",1,"TUR"
"1494","1953",3,"TUR"
"1546","1953",1,"TUR"
"1636","1953",1,"TUR"
"1","1954",1,"TUR"
"82","1954",1,"TUR"
"966","1954",1,"TUR"
"1775","1954",1,"TUR"
"1867","1954",1,"TUR"
"1","1955",1,"TUR"
"4","1955",1,"TUR"
"7","1955",1,"TUR"
"14","1955",2,"TUR"
"231","1955",1,"TUR"
"479","1955",1,"TUR"
"1311","1955",1,"TUR"
"5","1956",1,"TUR"
"12","1956",1,"TUR"
"18","1956",1,"TUR"
"23","1956",1,"TUR"
"772","1956",1,"TUR"
"863","1956",1,"TUR"
"1","1957",1,"TUR"
"40","1957",1,"TUR"
"126","1957",1,"TUR"
"226","1957",1,"TUR"
"1062","1957",1,"TUR"
"1360","1957",1,"TUR"
"1649","1957",1,"TUR"
"1","1958",1,"TUR"
"2","1958",1,"TUR"
"271","1958",1,"TUR"
"1511","1958",1,"TUR"
"1611","1958",1,"TUR"
"2","1959",1,"TUR"
"45","1959",1,"TUR"
"688","1959",1,"TUR"
"1037","1959",1,"TUR"
"1178","1959",1,"TUR"
"32","1960",1,"TUR"
"142","1960",1,"TUR"
"410","1960",1,"TUR"
"801","1960",1,"TUR"
"860","1960",1,"TUR"
"1135","1960",1,"TUR"
"1177","1960",1,"TUR"
"1262","1960",1,"TUR"
"64","1961",1,"TUR"
"96","1961",1,"TUR"
"135","1961",1,"TUR"
"174","1961",1,"TUR"
"374","1961",1,"TUR"
"463","1961",1,"TUR"
"1045","1961",1,"TUR"
"1715","1961",1,"TUR"
"8","1962",1,"TUR"
"25","1962",1,"TUR"
"763","1962",1,"TUR"
"1049","1962",1,"TUR"
"1093","1962",1,"TUR"
"1962","1962",1,"TUR"
"8","1963",1,"TUR"
"22","1963",1,"TUR"
"88","1963",1,"TUR"
"438","1963",1,"TUR"
"1853","1963",1,"TUR"
"4","1964",1,"TUR"
"31","1964",1,"TUR"
"111","1964",2,"TUR"
"150","1964",3,"TUR"
"817","1964",1,"TUR"
"1885","1964",1,"TUR"
"49","1965",1,"TUR"
"228","1965",1,"TUR"
"817","1965",1,"TUR"
"1145","1965",1,"TUR"
"1476","1965",1,"TUR"
"1903","1965",1,"TUR"
"448","1966",1,"TUR"
"1149","1966",1,"TUR"
"1654","1966",1,"TUR"
"4","1967",1,"TUR"
"10","1967",1,"TUR"
"28","1967",1,"TUR"
"37","1967",2,"TUR"
"510","1967",1,"TUR"
"468","1968",1,"TUR"
"1844","1968",5,"TUR"
"1","1969",1,"TUR"
"5","1969",1,"TUR"
"14","1969",1,"TUR"
"23","1969",1,"TUR"
"40","1969",2,"TUR"
"236","1969",1,"TUR"
"6","1970",1,"TUR"
"7","1970",1,"TUR"
"362","1970",1,"TUR"
"898","1970",1,"TUR"
"1198","1970",1,"TUR"
"1476","1970",1,"TUR"
"95","1971",1,"TUR"
"176","1971",1,"TUR"
"289","1971",1,"TUR"
"1082","1971",1,"TUR"
"1226","1971",1,"TUR"
"1873","1971",1,"TUR"
"3","1972",1,"TUR"
"6","1972",1,"TUR"
"9","1972",1,"TUR"
"19","1972",1,"TUR"
"45","1972",1,"TUR"
"82","1972",1,"TUR"
"124","1972",1,"TUR"
"224","1972",1,"TUR"
"539","1972",1,"TUR"
"1013","1972",1,"TUR"
"40","1973",1,"TUR"
"191","1973",1,"TUR"
"193","1973",1,"TUR"
"270","1973",1,"TUR"
"341","1973",1,"TUR"
"407","1973",1,"TUR"
"1803","1973",1,"TUR"
"31","1974",1,"TUR"
"63","1974",1,"TUR"
"97","1974",1,"TUR"
"110","1974",1,"TUR"
"540","1974",1,"TUR"
"682","1974",1,"TUR"
"1735","1974",1,"TUR"
"4","1975",1,"TUR"
"16","1975",1,"TUR"
"112","1975",1,"TUR"
"134","1975",3,"TUR"
"258","1975",1,"TUR"
"830","1975",1,"TUR"
"3","1976",1,"TUR"
"44","1976",1,"TUR"
"64","1976",1,"TUR"
"139","1976",1,"TUR"
"561","1976",3,"TUR"
"12","1977",1,"TUR"
"207","1977",1,"TUR"
"488","1977",1,"TUR"
"699","1977",1,"TUR"
"708","1977",1,"TUR"
"714","1977",1,"TUR"
"883","1977",1,"TUR"
"1","1978",1,"TUR"
"3","1978",1,"TUR"
"16","1978",1,"TUR"
"22","1978",1,"TUR"
"266","1978",1,"TUR"
"268","1978",1,"TUR"
"484","1978",1,"TUR"
"705","1978",1,"TUR"
"1","1979",1,"TUR"
"7","1979",1,"TUR"
"20","1979",1,"TUR"
"1","1980",2,"TUR"
"2","1980",1,"TUR"
"85","1980",1,"TUR"
"289","1980",1,"TUR"
"388","1980",1,"TUR"
"1407","1980",1,"TUR"
"20","1981",1,"TUR"
"129","1981",2,"TUR"
"257","1981",1,"TUR"
"621","1981",1,"TUR"
"917","1981",1,"TUR"
"982","1981",1,"TUR"
"1149","1981",1,"TUR"
"1531","1981",1,"TUR"
"3","1982",1,"TUR"
"705","1982",1,"TUR"
"749","1982",1,"TUR"
"952","1982",1,"TUR"
"8","1983",1,"TUR"
"9","1983",2,"TUR"
"239","1983",1,"TUR"
"647","1983",1,"TUR"
"1498","1983",1,"TUR"
"18","1984",1,"TUR"
"136","1984",1,"TUR"
"244","1984",1,"TUR"
"757","1984",1,"TUR"
"1118","1984",1,"TUR"
"1512","1984",2,"TUR"
"1704","1984",1,"TUR"
"78","1985",2,"TUR"
"787","1985",1,"TUR"
"885","1985",1,"TUR"
"2","1986",1,"TUR"
"28","1986",1,"TUR"
"93","1986",1,"TUR"
"132","1986",1,"TUR"
"961","1986",1,"TUR"
"1659","1986",1,"TUR"
"55","1987",1,"TUR"
"103","1987",1,"TUR"
"275","1987",1,"TUR"
"681","1987",1,"TUR"
"1191","1987",1,"TUR"
"155","1988",1,"TUR"
"618","1988",1,"TUR"
"1152","1988",1,"TUR"
"1704","1988",1,"TUR"
"3","1989",1,"TUR"
"36","1989",1,"TUR"
"89","1989",1,"TUR"
"787","1989",1,"TUR"
"30","1990",1,"TUR"
"33","1990",1,"TUR"
"59","1990",2,"TUR"
"251","1990",1,"TUR"
"647","1990",2,"TUR"
"1582","1990",1,"TUR"
"1","1991",1,"TUR"
"18","1991",1,"TUR"
"25","1991",1,"TUR"
"61","1991",1,"TUR"
"99","1991",1,"TUR"
"429","1991",1,"TUR"
"764","1991",1,"TUR"
"234","1992",1,"TUR"
"341","1992",3,"TUR"
"581","1992",1,"TUR"
"5","1993",1,"TUR"
"15","1993",1,"TUR"
"62","1993",2,"TUR"
"447","1993",1,"TUR"
"861","1993",1,"TUR"
"897","1993",1,"TUR"
"2","1994",1,"TUR"
"6","1994",1,"TUR"
"9","1994",1,"TUR"
"10","1994",2,"TUR"
"34","1994",1,"TUR"
"137","1994",1,"TUR"
"1255","1994",1,"TUR"
"1","1995",1,"TUR"
"36","1995",1,"TUR"
"54","1995",1,"TUR"
"337","1995",1,"TUR"
"540","1995",1,"TUR"
"893","1995",1,"TUR"
"1090","1995",1,"TUR"
"6","1996",1,"TUR"
"13","1996",1,"TUR"
"71","1996",1,"TUR"
"310","1996",1,"TUR"
"2","1997",2,"TUR"
"3","1997",2,"TUR"
"8","1997",1,"TUR"
"73","1997",1,"TUR"
"240","1997",1,"TUR"
"524","1997",1,"TUR"
"1","1998",1,"TUR"
"4","1998",1,"TUR"
"95","1998",1,"TUR"
"101","1998",1,"TUR"
"290","1998",1,"TUR"
"559","1998",1,"TUR"
"1438","1998",2,"TUR"
"119","1999",1,"TUR"
"1021","1999",1,"TUR"
"1024","1999",1,"TUR"
"3","2000",1,"TUR"
"92","2000",1,"TUR"
"142","2000",1,"TUR"
"350","2000",1,"TUR"
"692","2000",1,"TUR"
"1459","2000",1,"TUR"
"1","2001",3,"TUR"
"18","2001",1,"TUR"
"19","2001",1,"TUR"
"690","2001",1,"TUR"
"32","2002",3,"TUR"
"118","2002",1,"TUR"
"541","2002",1,"TUR"
"593","2002",1,"TUR"
"1347","2002",1,"TUR"
"1","2003",1,"TUR"
"118","2003",1,"TUR"
"135","2003",1,"TUR"
"214","2003",1,"TUR"
"243","2003",2,"TUR"
"363","2003",1,"TUR"
"421","2003",1,"TUR"
"481","2003",1,"TUR"
"1138","2003",1,"TUR"
"1","2004",1,"TUR"
"410","2004",1,"TUR"
"453","2004",1,"TUR"
"489","2004",1,"TUR"
"940","2004",1,"TUR"
"942","2004",1,"TUR"
"5","2005",1,"TUR"
"95","2005",1,"TUR"
"410","2005",1,"TUR"
"468","2005",1,"TUR"
"699","2005",2,"TUR"
"909","2005",2,"TUR"
"1774","2005",1,"TUR"
"2","2006",1,"TUR"
"15","2006",1,"TUR"
"108","2006",1,"TUR"
"137","2006",1,"TUR"
"516","2006",1,"TUR"
"699","2006",1,"TUR"
"732","2006",1,"TUR"
"942","2006",1,"TUR"
"32","2007",1,"TUR"
"63","2007",1,"TUR"
"103","2007",1,"TUR"
"1501","2007",1,"TUR"
"1904","2007",1,"TUR"
"3","2008",1,"TUR"
"5","2008",1,"TUR"
"201","2008",1,"TUR"
"371","2008",1,"TUR"
"413","2008",1,"TUR"
"1157","2008",1,"TUR"
"2","2009",1,"TUR"
"110","2009",1,"TUR"
"499","2009",1,"TUR"
"559","2009",1,"TUR"
"718","2009",1,"TUR"
"990","2009",1,"TUR"
"1094","2009",1,"TUR"
"3","2010",1,"TUR"
"47","2010",1,"TUR"
"53","2010",1,"TUR"
"82","2010",1,"TUR"
"180","2010",1,"TUR"
"499","2010",1,"TUR"
"540","2010",1,"TUR"
"1837","2010",1,"TUR"
"27","2011",1,"TUR"
"86","2011",1,"TUR"
"180","2011",1,"TUR"
"197","2011",1,"TUR"
"311","2011",1,"TUR"
"338","2011",1,"TUR"
"606","2011",1,"TUR"
"771","2011",1,"TUR"
"1828","2011",1,"TUR"
"1857","2011",1,"TUR"
"5","2012",1,"TUR"
"79","2012",1,"TUR"
"82","2012",1,"TUR"
"180","2012",2,"TUR"
"606","2012",1,"TUR"
"619","2012",1,"TUR"
"1179","2012",1,"TUR"
"5","2013",3,"TUR"
"146","2013",1,"TUR"
"5","2014",1,"TUR"
"17","2014",1,"TUR"
"43","2014",1,"TUR"
"150","2014",3,"TUR"
"295","2014",1,"TUR"
"924","2014",1,"TUR"
"1128","2014",1,"TUR"
"141","2015",1,"TUR"
"142","2015",1,"TUR"
"540","2015",1,"TUR"
"835","2015",1,"TUR"
"1855","2015",1,"TUR"
"26","2016",4,"TUR"
"75","2016",1,"TUR"
"85","2016",1,"TUR"
"340","2016",2,"TUR"
"347","2016",1,"TUR"
"2","2017",1,"TUR"
"5","2017",1,"TUR"
"15","2017",1,"TUR"
"407","2017",1,"TUR"
"451","2017",1,"TUR"
"489","2017",1,"TUR"
"508","2017",1,"TUR"
"811","2017",1,"TUR"
"817","2017",1,"TUR"
"22","2018",2,"TUR"
"76","2018",1,"TUR"
"345","2018",1,"TUR"
"1199","2018",2,"TUR"
"10","2019",1,"TUR"
"15","2019",1,"TUR"
"110","2019",1,"TUR"
"481","2019",1,"TUR"
"1169","2019",1,"TUR"
"1409","2019",1,"TUR"
"7","2020",1,"TUR"
"60","2020",1,"TUR"
"275","2020",1,"TUR"
"436","2020",1,"TUR"
"457","2020",1,"TUR"
"1112","2020",1,"TUR"
"1500","2020",1,"TUR"
"1","2021",3,"TUR"
"294","2021",1,"TUR"
"300","2021",1,"TUR"
"615","2021",1,"TUR"
"1","2022",1,"TUR"
"63","2022",1,"TUR"
"222","2022",1,"TUR"
"374","2022",1,"TUR"
"604","2022",1,"TUR"
"1385","2022",1,"TUR"
"29","2023",1,"TUR"
"32","2023",3,"TUR"
"135","2023",1,"TUR"
"1169","2023",1,"TUR"
"32","2024",1,"TUR"
"157","2024",1,"TUR"
"193","2024",1,"TUR"
"225","2024",2,"TUR"
"243","2024",1,"TUR"
"377","2024",1,"TUR"
"468","2024",1,"TUR"
"488","2024",1,"TUR"
"32","2025",4,"TUR"
"243","2025",1,"TUR"
"431","2025",1,"TUR"
"681","2025",1,"TUR"
"1009","2025",1,"TUR"
"1809","2025",1,"TUR"
"1","2026",1,"TUR"
"32","2026",1,"TUR"
"46","2026",1,"TUR"
"292","2026",1,"TUR"
"568","2026",1,"TUR"
"941","2026",1,"TUR"
"1","2027",1,"TUR"
"2","2027",1,"TUR"
"16","2027",1,"TUR"
"115","2027",1,"TUR"
"766","2027",1,"TUR"
"1055","2027",1,"TUR"
"1188","2027",1,"TUR"
"1","2028",1,"TUR"
"2","2028",1,"TUR"
"102","2028",1,"TUR"
"113","2028",1,"TUR"
"138","2028",1,"TUR"
"526","2028",1,"TUR"
"1131","2028",1,"TUR"
"1259","2028",1,"TUR"
"1647","2028",1,"TUR"
"23","2029",1,"TUR"
"44","2029",1,"TUR"
"138","2029",1,"TUR"
"156","2029",2,"TUR"
"651","2029",1,"TUR"
"896","2029",2,"TUR"
"1","2030",1,"TUR"
"20","2030",1,"TUR"
"61","2030",1,"TUR"
"492","2030",1,"TUR"
"1801","2030",1,"TUR"
"1","2031",1,"TUR"
"13","2031",1,"TUR"
"20","2031",1,"TUR"
"616","2031",1,"TUR"
"1011","2031",1,"TUR"
"1041","2031",1,"TUR"
"8","2032",1,"TUR"
"19","2032",1,"TUR"
"670","2032",1,"TUR"
"727","2032",1,"TUR"
"774","2032",1,"TUR"
"834","2032",1,"TUR"
"6","2033",1,"TUR"
"333","2033",1,"TUR"
"761","2033",1,"TUR"
"865","2033",1,"TUR"
"1149","2033",1,"TUR"
"1403","2033",1,"TUR"
"1471","2033",1,"TUR"
"1","2034",1,"TUR"
"6","2034",1,"TUR"
"743","2034",2,"TUR"
"1073","2034",1,"TUR"
"1943","2034",3,"TUR"
"386","2035",1,"TUR"
"430","2035",1,"TUR"
"495","2035",1,"TUR"
"599","2035",1,"TUR"
"968","2035",1,"TUR"
"970","2035",1,"TUR"
"1","2036",1,"TUR"
"85","2036",2,"TUR"
"347","2036",1,"TUR"
"935","2036",1,"TUR"
"2010","2036",1,"TUR"
"1","2037",1,"TUR"
"2","2037",1,"TUR"
"70","2037",1,"TUR"
"178","2037",1,"TUR"
"351","2037",1,"TUR"
"856","2037",1,"TUR"
"1003","2037",1,"TUR"
"4","2038",1,"TUR"
"6","2038",1,"TUR"
"179","2038",1,"TUR"
"357","2038",1,"TUR"
"1478","2038",2,"TUR"
"6","2039",1,"TUR"
"92","2039",1,"TUR"
"408","2039",3,"TUR"
"605","2039",1,"TUR"
"954","2039",1,"TUR"
"29","2040",1,"TUR"
"34","2040",1,"TUR"
"42","2040",1,"TUR"
"60","2040",1,"TUR"
"318","2040",1,"TUR"
"603","2040",1,"TUR"
"3","2041",1,"TUR"
"5","2041",1,"TUR"
"79","2041",1,"TUR"
"98","2041",1,"TUR"
"186","2041",1,"TUR"
"278","2041",1,"TUR"
"1238","2041",1,"TUR"
"1270","2041",1,"TUR"
"10","2042",1,"TUR"
"47","2042",1,"TUR"
"100","2042",1,"TUR"
"134","2042",1,"TUR"
"187","2042",1,"TUR"
"349","2042",1,"TUR"
"662","2042",1,"TUR"
"1996","2042",1,"TUR"
"34","2043",1,"TUR"
"244","2043",1,"TUR"
"726","2043",1,"TUR"
"1979","2043",1,"TUR"
"3","2044",1,"TUR"
"17","2044",1,"TUR"
"99","2044",1,"TUR"
"221","2044",1,"TUR"
"232","2044",1,"TUR"
"243","2044",1,"TUR"
"716","2044",1,"TUR"
"1044","2044",1,"TUR"
"1348","2044",1,"TUR"
"1","2045",1,"TUR"
"53","2045",1,"TUR"
"179","2045",1,"TUR"
"257","2045",1,"TUR"
"308","2045",1,"TUR"
"316","2045",1,"TUR"
"370","2045",1,"TUR"
"586","2045",1,"TUR"
"610","2045",1,"TUR"
"890","2045",1,"TUR"
"4","2046",1,"TUR"
"7","2046",1,"TUR"
"24","2046",1,"TUR"
"27","2046",1,"TUR"
"358","2046",1,"TUR"
"461","2046",1,"TUR"
"1357","2046",1,"TUR"
"2034","2046",1,"TUR"
"1","2047",1,"TUR"
"2","2047",1,"TUR"
"4","2047",1,"TUR"
"42","2047",1,"TUR"
"157","2047",1,"TUR"
"175","2047",1,"TUR"
"730","2047",1,"TUR"
"14","2048",1,"TUR"
"19","2048",1,"TUR"
"192","2048",1,"TUR"
"328","2048",1,"TUR"
"428","2048",1,"TUR"
"1301","2048",1,"TUR"
"1380","2048",1,"TUR"
"334","2049",1,"TUR"
"340","2049",1,"TUR"
"898","2049",1,"TUR"
"995","2049",1,"TUR"
"1263","2049",1,"TUR"
"1506","2049",1,"TUR"
"6","2050",1,"TUR"
"12","2050",1,"TUR"
"49","2050",1,"TUR"
"141","2050",1,"TUR"
"1902","2050",1,"TUR"
"7","2051",1,"TUR"
"12","2051",1,"TUR"
"14","2051",1,"TUR"
"18","2051",1,"TUR"
"198","2051",1,"TUR"
"1777","2051",1,"TUR"
"7","2052",1,"TUR"
"187","2052",1,"TUR"
"198","2052",1,"TUR"
"206","2052",2,"TUR"
"464","2052",1,"TUR"
"476","2052",1,"TUR"
"952","2052",1,"TUR"
"2","2053",1,"TUR"
"19","2053",1,"TUR"
"36","2053",1,"TUR"
"53","2053",2,"TUR"
"819","2053",1,"TUR"
"1939","2053",1,"TUR"
"1968","2054",4,"TUR"
"10","2055",1,"TUR"
"24","2055",1,"TUR"
"214","2055",1,"TUR"
"300","2055",1,"TUR"
"585","2055",1,"TUR"
"1468","2055",1,"TUR"
"1599","2055",1,"TUR"
"1723","2055",1,"TUR"
"25","2056",1,"TUR"
"646","2056",1,"TUR"
"1294","2056",1,"TUR"
"183","2057",1,"TUR"
"259","2057",3,"TUR"
"429","2057",1,"TUR"
"552","2057",1,"TUR"
"914","2057",1,"TUR"
"1917","2057",1,"TUR"
"27","2058",1,"TUR"
"435","2058",1,"TUR"
"968","2058",1,"TUR"
"1004","2058",1,"TUR"
"1986","2058",1,"TUR"
"1","2059",1,"TUR"
"13","2059",1,"TUR"
"443","2059",1,"TUR"
"721","2059",1,"TUR"
"1009","2059",1,"TUR"
"1328","2059",1,"TUR"
"1478","2059",1,"TUR"
"1749","2059",1,"TUR"
"6","2060",1,"TUR"
"63","2060",1,"TUR"
"1053","2060",2,"TUR"
"1194","2060",1,"TUR"
"1","2061",1,"TUR"
"3","2061",1,"TUR"
"4","2061",1,"TUR"
"7","2061",2,"TUR"
"10","2061",1,"TUR"
"269","2061",1,"TUR"
"844","2061",1,"TUR"
"1315","2061",1,"TUR"
"3","2062",2,"TUR"
"27","2062",1,"TUR"
"86","2062",1,"TUR"
"185","2062",1,"TUR"
"261","2062",1,"TUR"
"882","2062",1,"TUR"
"1191","2062",1,"TUR"
"3","2063",1,"TUR"
"9","2063",1,"TUR"
"61","2063",1,"TUR"
"526","2063",1,"TUR"
"633","2063",1,"TUR"
"1225","2063",1,"TUR"
"8","2064",1,"TUR"
"27","2064",1,"TUR"
"50","2064",1,"TUR"
"513","2064",1,"TUR"
"861","2064",1,"TUR"
"1482","2064",1,"TUR"
"1755","2064",1,"TUR"
"1","2065",2,"TUR"
"6","2065",1,"TUR"
"31","2065",1,"TUR"
"67","2065",1,"TUR"
"395","2065",1,"TUR"
"752","2065",1,"TUR"
"1","2066",1,"TUR"
"2","2066",1,"TUR"
"19","2066",1,"TUR"
"111","2066",1,"TUR"
"135","2066",1,"TUR"
"162","2066",1,"TUR"
"560","2066",1,"TUR"
"1062","2066",1,"TUR"
"7","2067",1,"TUR"
"148","2067",1,"TUR"
"544","2067",1,"TUR"
"1570","2067",3,"TUR"
"1","2068",1,"TUR"
"75","2068",1,"TUR"
"129","2068",1,"TUR"
"139","2068",1,"TUR"
"264","2068",1,"TUR"
"286","2068",1,"TUR"
"472","2068",1,"TUR"
"1460","2068",1,"TUR"
"1661","2068",1,"TUR"
"190","2069",1,"TUR"
"354","2069",1,"TUR"
"640","2069",1,"TUR"
"1661","2069",1,"TUR"
"1671","2069",1,"TUR"
"7","2070",2,"TUR"
"14","2070",2,"TUR"
"972","2070",1,"TUR"
"1284","2070",1,"TUR"
"24","2071",1,"TUR"
"47","2071",2,"TUR"
"84","2071",1,"TUR"
"149","2071",1,"TUR"
"1075","2071",2,"TUR"
"195","2072",1,"TUR"
"385","2072",3,"TUR"
"454","2072",1,"TUR"
"1396","2072",1,"TUR"
"506","2073",1,"TUR"
"543","2073",1,"TUR"
"1368","2073",1,"TUR"
"1759","2073",1,"TUR"
"3","2074",1,"TUR"
"4","2074",1,"TUR"
"13","2074",1,"TUR"
"179","2074",1,"TUR"
"828","2074",1,"TUR"
"1098","2074",1,"TUR"
"1817","2074",1,"TUR"
"1","2075",2,"TUR"
"207","2075",1,"TUR"
"498","2075",1,"TUR"
"506","2075",1,"TUR"
"568","2075",1,"TUR"
"4","2076",1,"TUR"
"41","2076",1,"TUR"
"105","2076",1,"TUR"
"150","2076",1,"TUR"
"196","2076",1,"TUR"
"694","2076",1,"TUR"
"1756","2076",1,"TUR"
"14","2077",4,"TUR"
"265","2077",1,"TUR"
"931","2077",1,"TUR"
"5","2078",1,"TUR"
"37","2078",1,"TUR"
"1292","2078",1,"TUR"
"3","2079",1,"TUR"
"18","2079",1,"TUR"
"60","2079",1,"TUR"
"61","2079",1,"TUR"
"73","2079",1,"TUR"
"110","2079",1,"TUR"
"1090","2079",1,"TUR"
"32","2080",1,"TUR"
"91","2080",1,"TUR"
"319","2080",1,"TUR"
"632","2080",1,"TUR"
"1155","2080",1,"TUR"
"1568","2080",1,"TUR"
"4","2081",1,"TUR"
"41","2081",1,"TUR"
"211","2081",1,"TUR"
"419","2081",1,"TUR"
"676","2081",1,"TUR"
"945","2081",1,"TUR"
"29","2082",1,"TUR"
"55","2082",1,"TUR"
"80","2082",1,"TUR"
"640","2082",1,"TUR"
"990","2082",1,"TUR"
"1987","2082",1,"TUR"
"2","2083",2,"TUR"
"163","2083",1,"TUR"
"192","2083",1,"TUR"
"275","2083",1,"TUR"
"343","2083",1,"TUR"
"350","2083",1,"TUR"
"406","2083",1,"TUR"
"58","2084",1,"TUR"
"249","2084",1,"TUR"
"526","2084",1,"TUR"
"723","2084",1,"TUR"
"834","2084",1,"TUR"
"1","2085",1,"TUR"
"29","2085",2,"TUR"
"1113","2085",1,"TUR"
"2041","2085",1,"TUR"
"1","2086",1,"TUR"
"18","2086",1,"TUR"
"279","2086",1,"TUR"
"21","2087",1,"TUR"
"42","2087",1,"TUR"
"112","2087",1,"TUR"
"144","2087",1,"TUR"
"1834","2087",1,"TUR"
"2","2088",1,"TUR"
"9","2088",1,"TUR"
"12","2088",1,"TUR"
"176","2088",1,"TUR"
"936","2088",1,"TUR"
"1406","2088",1,"TUR"
"94","2089",1,"TUR"
"214","2089",1,"TUR"
"259","2089",1,"TUR"
"346","2089",3,"TUR"
"464","2089",1,"TUR"
"1447","2089",1,"TUR"
"11","2090",1,"TUR"
"429","2090",1,"TUR"
"537","2090",1,"TUR"
"1531","2090",1,"TUR"
"1","2091",1,"TUR"
"12","2091",1,"TUR"
"239","2091",1,"TUR"
"254","2091",1,"TUR"
"364","2091",1,"TUR"
"384","2091",1,"TUR"
"877","2091",1,"TUR"
"1319","2091",1,"TUR"
"1442","2091",1,"TUR"
"3","2092",1,"TUR"
"427","2092",1,"TUR"
"1009","2092",1,"TUR"
"1318","2092",1,"TUR"
"1342","2092",1,"TUR"
"1751","2092",1,"TUR"
"101","2093",1,"TUR"
"501","2093",1,"TUR"
"957","2093",1,"TUR"
"1842","2093",1,"TUR"
"2073","2093",1,"TUR"
"1","2094",1,"TUR"
"2","2094",3,"TUR"
"162","2094",1,"TUR"
"697","2094",1,"TUR"
"849","2094",1,"TUR"
"1402","2094",1,"TUR"
"1528","2094",1,"TUR"
"45","2095",1,"TUR"
"150","2095",1,"TUR"
"478","2095",1,"TUR"
"507","2095",1,"TUR"
"613","2095",1,"TUR"
"14","2096",1,"TUR"
"15","2096",2,"TUR"
"96","2096",2,"TUR"
"119","2096",1,"TUR"
"665","2096",1,"TUR"
"99","2097",1,"TUR"
"140","2097",2,"TUR"
"306","2097",1,"TUR"
"480","2097",2,"TUR"
"938","2097",1,"TUR"
"1843","2097",1,"TUR"
"1","2098",1,"TUR"
"7","2098",1,"TUR"
"24","2098",1,"TUR"
"34","2098",1,"TUR"
"79","2098",1,"TUR"
"724","2098",1,"TUR"
"1","2099",1,"TUR"
"2","2099",1,"TUR"
"56","2099",1,"TUR"
"99","2099",1,"TUR"
"499","2099",1,"TUR"
"666","2099",1,"TUR"
"871","2099",1,"TUR"
"8","2100",1,"TUR"
"42","2100",1,"TUR"
"103","2100",1,"TUR"
"120","2100",2,"TUR"
"409","2100",1,"TUR"
"5","2101",1,"TUR"
"25","2101",1,"TUR"
"28","2101",1,"TUR"
"186","2101",2,"TUR"
"289","2101",1,"TUR"
"569","2101",1,"TUR"
"3","2102",1,"TUR"
"5","2102",1,"TUR"
"25","2102",1,"TUR"
"61","2102",1,"TUR"
"143","2102",1,"TUR"
"1","2103",1,"TUR"
"97","2103",1,"TUR"
"1001","2103",1,"TUR"
"1","2104",1,"TUR"
"163","2104",1,"TUR"
"228","2104",1,"TUR"
"659","2104",1,"TUR"
"730","2104",2,"TUR"
"773","2104",1,"TUR"
"906","2104",1,"TUR"
"45","2105",1,"TUR"
"459","2105",1,"TUR"
"1536","2105",1,"TUR"
"1","2106",1,"TUR"
"2","2106",1,"TUR"
"23","2106",1,"TUR"
"99","2106",1,"TUR"
"333","2106",1,"TUR"
"454","2106",1,"TUR"
"498","2106",1,"TUR"
"535","2106",1,"TUR"
"608","2106",1,"TUR"
"5","2107",1,"TUR"
"17","2107",1,"TUR"
"36","2107",1,"TUR"
"97","2107",1,"TUR"
"1800","2107",1,"TUR"
"7","2108",1,"TUR"
"105","2108",1,"TUR"
"187","2108",1,"TUR"
"587","2108",1,"TUR"
"858","2108",1,"TUR"
"943","2108",1,"TUR"
"1314","2108",1,"TUR"
"1661","2108",1,"TUR"
"169","2109",2,"TUR"
"1620","2109",3,"TUR"
"1","2110",2,"TUR"
"14","2110",1,"TUR"
"165","2110",1,"TUR"
"167","2110",1,"TUR"
"372","2110",1,"TUR"
"938","2110",1,"TUR"
"1386","2110",1,"TUR"
"1788","2110",1,"TUR"
"114","2111",1,"TUR"
"193","2111",1,"TUR"
"1277","2111",1,"TUR"
"1537","2111",1,"TUR"
"98","2112",1,"TUR"
"203","2112",1,"TUR"
"214","2112",1,"TUR"
"448","2112",1,"TUR"
"451","2112",1,"TUR"
"978","2112",1,"TUR"
"1043","2112",1,"TUR"
"1493","2112",1,"TUR"
"2","2113",1,"TUR"
"6","2113",1,"TUR"
"7","2113",1,"TUR"
"152","2113",2,"TUR"
"220","2113",2,"TUR"
"577","2113",1,"TUR"
"99","2114",1,"TUR"
"212","2114",1,"TUR"
"641","2114",1,"TUR"
"787","2114",1,"TUR"
"808","2114",1,"TUR"
"852","2114",1,"TUR"
"897","2114",1,"TUR"
"1","2115",1,"TUR"
"4","2115",1,"TUR"
"53","2115",1,"TUR"
"243","2115",1,"TUR"
"264","2115",2,"TUR"
"1482","2115",1,"TUR"
"2084","2115",1,"TUR"
"1","2116",1,"TUR"
"3","2116",1,"TUR"
"63","2116",1,"TUR"
"77","2116",1,"TUR"
"114","2116",1,"TUR"
"874","2116",1,"TUR"
"1646","2116",1,"TUR"
"1795","2116",1,"TUR"
"4","2117",1,"TUR"
"12","2117",1,"TUR"
"31","2117",1,"TUR"
"49","2117",1,"TUR"
"53","2117",1,"TUR"
"58","2117",1,"TUR"
"1149","2117",1,"TUR"
"1699","2117",1,"TUR"
"2","2118",2,"TUR"
"4","2118",1,"TUR"
"13","2118",3,"TUR"
"239","2118",1,"TUR"
"1349","2118",1,"TUR"
"14","2119",1,"TUR"
"25","2119",1,"TUR"
"44","2119",1,"TUR"
"298","2119",1,"TUR"
"3","2120",1,"TUR"
"14","2120",1,"TUR"
"57","2120",1,"TUR"
"699","2120",2,"TUR"
"944","2120",1,"TUR"
"955","2120",2,"TUR"
"1882","2120",1,"TUR"
"1","2121",1,"TUR"
"2","2121",1,"TUR"
"42","2121",1,"TUR"
"60","2121",1,"TUR"
"150","2121",1,"TUR"
"186","2121",1,"TUR"
"239","2121",1,"TUR"
"10","2122",4,"TUR"
"747","2122",1,"TUR"
"1077","2122",1,"TUR"
"1635","2122",1,"TUR"
"2","2123",1,"TUR"
"122","2123",1,"TUR"
"177","2123",1,"TUR"
"271","2123",1,"TUR"
"306","2123",1,"TUR"
"690","2123",1,"TUR"
"1863","2123",1,"TUR"
"4","2124",1,"TUR"
"10","2124",1,"TUR"
"238","2124",1,"TUR"
"496","2124",1,"TUR"
"566","2124",1,"TUR"
"719","2124",1,"TUR"
"958","2124",1,"TUR"
"1117","2124",1,"TUR"
"20","2125",1,"TUR"
"45","2125",1,"TUR"
"330","2125",1,"TUR"
"415","2125",1,"TUR"
"539","2125",1,"TUR"
"1140","2125",1,"TUR"
"1240","2125",1,"TUR"
"1608","2125",1,"TUR"
"30","2126",2,"TUR"
"86","2126",1,"TUR"
"97","2126",1,"TUR"
"169","2126",1,"TUR"
"244","2126",1,"TUR"
"1616","2126",1,"TUR"
"1671","2126",1,"TUR"
"4","2127",1,"TUR"
"6","2127",1,"TUR"
"36","2127",1,"TUR"
"141","2127",1,"TUR"
"227","2127",1,"TUR"
"543","2127",3,"TUR"
"791","2127",1,"TUR"
"37","2128",1,"TUR"
"90","2128",1,"TUR"
"198","2128",1,"TUR"
"435","2128",1,"TUR"
"1065","2128",1,"TUR"
"64","2129",1,"TUR"
"106","2129",1,"TUR"
"120","2129",1,"TUR"
"291","2129",1,"TUR"
"311","2129",1,"TUR"
"478","2129",1,"TUR"
"1325","2129",1,"TUR"
"1","2130",1,"TUR"
"2","2130",1,"TUR"
"6","2130",1,"TUR"
"13","2130",1,"TUR"
"186","2130",1,"TUR"
"473","2130",1,"TUR"
"1","2131",2,"TUR"
"11","2131",1,"TUR"
"18","2131",1,"TUR"
"72","2131",1,"TUR"
"265","2131",1,"TUR"
"583","2131",1,"TUR"
"62","2132",1,"TUR"
"185","2132",1,"TUR"
"204","2132",1,"TUR"
"253","2132",1,"TUR"
"423","2132",1,"TUR"
"600","2132",1,"TUR"
"926","2132",1,"TUR"
"1","2133",2,"TUR"
"10","2133",1,"TUR"
"678","2133",1,"TUR"
"2133","2133",1,"TUR"
"1","2134",1,"TUR"
"2","2134",1,"TUR"
"11","2134",1,"TUR"
"58","2134",1,"TUR"
"271","2134",1,"TUR"
"327","2134",1,"TUR"
"847","2134",1,"TUR"
"1","2135",2,"TUR"
"5","2135",1,"TUR"
"6","2135",1,"TUR"
"18","2135",1,"TUR"
"21","2135",1,"TUR"
"51","2135",1,"TUR"
"494","2135",1,"TUR"
"497","2135",1,"TUR"
"5","2136",2,"TUR"
"11","2136",1,"TUR"
"86","2136",1,"TUR"
"620","2136",1,"TUR"
"1017","2136",1,"TUR"
"1859","2136",1,"TUR"
"2","2137",1,"TUR"
"10","2137",1,"TUR"
"96","2137",1,"TUR"
"239","2137",2,"TUR"
"300","2137",1,"TUR"
"1489","2137",1,"TUR"
"1717","2137",1,"TUR"
"1","2138",2,"TUR"
"4","2138",1,"TUR"
"7","2138",1,"TUR"
"198","2138",1,"TUR"
"252","2138",1,"TUR"
"993","2138",1,"TUR"
"1240","2138",1,"TUR"
"9","2139",1,"TUR"
"38","2139",1,"TUR"
"42","2139",1,"TUR"
"591","2139",1,"TUR"
"898","2139",1,"TUR"
"1189","2139",1,"TUR"
"1191","2139",1,"TUR"
"9","2140",2,"TUR"
"28","2140",3,"TUR"
"44","2140",1,"TUR"
"1672","2140",1,"TUR"
"2140","2140",1,"TUR"
"1","2141",1,"TUR"
"10","2141",1,"TUR"
"101","2141",1,"TUR"
"399","2141",1,"TUR"
"528","2141",1,"TUR"
"723","2141",1,"TUR"
"872","2141",1,"TUR"
"1918","2141",1,"TUR"
"1","2142",1,"TUR"
"25","2142",1,"TUR"
"169","2142",1,"TUR"
"170","2142",1,"TUR"
"251","2142",1,"TUR"
"342","2142",1,"TUR"
"424","2142",1,"TUR"
"1","2143",1,"TUR"
"4","2143",1,"TUR"
"45","2143",1,"TUR"
"158","2143",1,"TUR"
"325","2143",1,"TUR"
"999","2143",1,"TUR"
"1069","2143",1,"TUR"
"1","2144",1,"TUR"
"7","2144",1,"TUR"
"14","2144",1,"TUR"
"70","2144",1,"TUR"
"235","2144",1,"TUR"
"506","2144",1,"TUR"
"37","2145",2,"TUR"
"38","2145",1,"TUR"
"144","2145",1,"TUR"
"510","2145",1,"TUR"
"648","2145",3,"TUR"
"1102","2145",1,"TUR"
"1","2146",2,"TUR"
"42","2146",1,"TUR"
"83","2146",1,"TUR"
"132","2146",2,"TUR"
"307","2146",2,"TUR"
"8","2147",1,"TUR"
"479","2147",1,"TUR"
"608","2147",1,"TUR"
"1346","2147",1,"TUR"
"1679","2147",1,"TUR"
"13","2148",1,"TUR"
"82","2148",5,"TUR"
"459","2148",1,"TUR"
"592","2148",1,"TUR"
"1218","2148",1,"TUR"
"3","2149",1,"TUR"
"4","2149",1,"TUR"
"5","2149",1,"TUR"
"17","2149",1,"TUR"
"19","2149",1,"TUR"
"807","2149",1,"TUR"
"1031","2149",1,"TUR"
"1643","2149",1,"TUR"
"1","2150",1,"TUR"
"231","2150",1,"TUR"
"288","2150",1,"TUR"
"543","2150",1,"TUR"
"1059","2150",1,"TUR"
"1224","2150",1,"TUR"
"1312","2150",1,"TUR"
"3","2151",1,"TUR"
"6","2151",2,"TUR"
"244","2151",1,"TUR"
"434","2151",1,"TUR"
"527","2151",1,"TUR"
"1109","2151",1,"TUR"
"5","2152",1,"TUR"
"12","2152",1,"TUR"
"16","2152",1,"TUR"
"219","2152",5,"TUR"
"519","2152",1,"TUR"
"71","2153",2,"TUR"
"124","2153",2,"TUR"
"338","2153",1,"TUR"
"635","2153",1,"TUR"
"1128","2153",1,"TUR"
"1506","2153",1,"TUR"
"4","2154",1,"TUR"
"124","2154",2,"TUR"
"242","2154",1,"TUR"
"12","2155",1,"TUR"
"27","2155",1,"TUR"
"57","2155",1,"TUR"
"76","2155",1,"TUR"
"154","2155",3,"TUR"
"2","2156",1,"TUR"
"6","2156",1,"TUR"
"12","2156",1,"TUR"
"13","2156",1,"TUR"
"406","2156",1,"TUR"
"677","2156",1,"TUR"
"1073","2156",1,"TUR"
"1833","2156",1,"TUR"
"1948","2156",1,"TUR"
"6","2157",1,"TUR"
"27","2157",1,"TUR"
"80","2157",1,"TUR"
"269","2157",1,"TUR"
"768","2157",1,"TUR"
"891","2157",1,"TUR"
"1953","2157",1,"TUR"
"148","2158",1,"TUR"
"926","2158",1,"TUR"
"1402","2158",1,"TUR"
"1918","2158",1,"TUR"
"113","2159",1,"TUR"
"288","2159",1,"TUR"
"1720","2159",2,"TUR"
"1","2160",1,"TUR"
"2","2160",1,"TUR"
"3","2160",1,"TUR"
"114","2160",1,"TUR"
"137","2160",1,"TUR"
"409","2160",1,"TUR"
"609","2160",1,"TUR"
"1","2161",2,"TUR"
"2","2161",1,"TUR"
"28","2161",1,"TUR"
"113","2161",1,"TUR"
"1034","2161",1,"TUR"
"1180","2161",1,"TUR"
"1","2162",1,"TUR"
"4","2162",1,"TUR"
"174","2162",1,"TUR"
"456","2162",1,"TUR"
"464","2162",1,"TUR"
"629","2162",1,"TUR"
"1125","2162",1,"TUR"
"1","2163",1,"TUR"
"10","2163",1,"TUR"
"12","2163",1,"TUR"
"16","2163",1,"TUR"
"675","2163",3,"TUR"
"1878","2163",2,"TUR"
"2093","2163",1,"TUR"
"7","2164",1,"TUR"
"78","2164",2,"TUR"
"93","2164",1,"TUR"
"138","2164",1,"TUR"
"139","2164",1,"TUR"
"248","2164",1,"TUR"
"595","2164",1,"TUR"
"2","2165",1,"TUR"
"33","2165",2,"TUR"
"38","2165",1,"TUR"
"59","2165",2,"TUR"
"109","2165",1,"TUR"
"386","2165",1,"TUR"
"523","2165",1,"TUR"
"996","2165",1,"TUR"
"7","2166",1,"TUR"
"46","2166",1,"TUR"
"59","2166",2,"TUR"
"117","2166",1,"TUR"
"129","2166",3,"TUR"
"2","2167",1,"TUR"
"6","2167",1,"TUR"
"110","2167",1,"TUR"
"424","2167",1,"TUR"
"500","2167",1,"TUR"
"1076","2167",1,"TUR"
"1291","2167",1,"TUR"
"1692","2167",1,"TUR"
"1914","2167",1,"TUR"
"209","2168",1,"TUR"
"249","2168",1,"TUR"
"1150","2168",1,"TUR"
"1398","2168",1,"TUR"
"1603","2168",1,"TUR"
"2032","2168",1,"TUR"
"2084","2168",1,"TUR"
"7","2169",1,"TUR"
"51","2169",1,"TUR"
"53","2169",1,"TUR"
"66","2169",1,"TUR"
"76","2169",1,"TUR"
"560","2169",2,"TUR"
"20","2170",1,"TUR"
"86","2170",1,"TUR"
"349","2170",1,"TUR"
"410","2170",1,"TUR"
"820","2170",1,"TUR"
"823","2170",1,"TUR"
"1884","2170",1,"TUR"
"1942","2170",1,"TUR"
"8","2171",1,"TUR"
"18","2171",1,"TUR"
"141","2171",2,"TUR"
"663","2171",1,"TUR"
"1257","2171",2,"TUR"
"1492","2171",1,"TUR"
"1683","2171",1,"TUR"
"2","2172",1,"TUR"
"11","2172",1,"TUR"
"53","2172",1,"TUR"
"106","2172",1,"TUR"
"126","2172",1,"TUR"
"266","2172",1,"TUR"
"418","2172",1,"TUR"
"464","2172",1,"TUR"
"748","2172",1,"TUR"
"1","2173",1,"TUR"
"8","2173",1,"TUR"
"96","2173",3,"TUR"
"106","2173",1,"TUR"
"1307","2173",4,"TUR"
"87","2174",1,"TUR"
"268","2174",1,"TUR"
"375","2174",2,"TUR"
"403","2174",2,"TUR"
"488","2174",1,"TUR"
"1615","2174",1,"TUR"
"1","2175",1,"TUR"
"45","2175",1,"TUR"
"109","2175",1,"TUR"
"119","2175",1,"TUR"
"297","2175",1,"TUR"
"384","2175",1,"TUR"
"507","2175",1,"TUR"
"1","2176",1,"TUR"
"16","2176",1,"TUR"
"18","2176",2,"TUR"
"37","2176",1,"TUR"
"175","2176",1,"TUR"
"226","2176",1,"TUR"
"1407","2176",1,"TUR"
"44","2177",1,"TUR"
"62","2177",1,"TUR"
"63","2177",1,"TUR"
"141","2177",1,"TUR"
"228","2177",1,"TUR"
"266","2177",1,"TUR"
"621","2177",1,"TUR"
"654","2177",1,"TUR"
"1","2178",1,"TUR"
"10","2178",1,"TUR"
"44","2178",1,"TUR"
"460","2178",1,"TUR"
"1489","2178",1,"TUR"
"1591","2178",3,"TUR"
"2164","2178",1,"TUR"
"15","2179",3,"TUR"
"41","2179",1,"TUR"
"276","2179",4,"TUR"
"2","2180",1,"TUR"
"39","2180",1,"TUR"
"155","2180",1,"TUR"
"291","2180",1,"TUR"
"349","2180",1,"TUR"
"539","2180",1,"TUR"
"662","2180",1,"TUR"
"1029","2180",1,"TUR"
"1523","2180",1,"TUR"
"3","2181",1,"TUR"
"14","2181",1,"TUR"
"95","2181",1,"TUR"
"165","2181",1,"TUR"
"316","2181",1,"TUR"
"837","2181",1,"TUR"
"948","2181",1,"TUR"
"1122","2181",1,"TUR"
"28","2182",1,"TUR"
"42","2182",1,"TUR"
"49","2182",1,"TUR"
"72","2182",1,"TUR"
"89","2182",1,"TUR"
"250","2182",1,"TUR"
"1669","2182",1,"TUR"
"10","2183",1,"TUR"
"12","2183",1,"TUR"
"179","2183",1,"TUR"
"299","2183",1,"TUR"
"914","2183",1,"TUR"
"1346","2183",2,"TUR"
"1879","2183",2,"TUR"
"1","2184",1,"TUR"
"61","2184",1,"TUR"
"91","2184",1,"TUR"
"306","2184",1,"TUR"
"441","2184",1,"TUR"
"809","2184",1,"TUR"
"1017","2184",1,"TUR"
"1950","2184",1,"TUR"
"131","2185",1,"TUR"
"136","2185",2,"TUR"
"156","2185",1,"TUR"
"201","2185",1,"TUR"
"579","2185",1,"TUR"
"952","2185",1,"TUR"
"1499","2185",1,"TUR"
"5","2186",1,"TUR"
"28","2186",2,"TUR"
"137","2186",1,"TUR"
"387","2186",1,"TUR"
"1372","2186",1,"TUR"
"28","2187",2,"TUR"
"2121","2187",1,"TUR"
"1","2188",1,"TUR"
"5","2188",1,"TUR"
"46","2188",2,"TUR"
"59","2188",1,"TUR"
"90","2188",1,"TUR"
"198","2188",1,"TUR"
"395","2188",1,"TUR"
"1734","2188",1,"TUR"
"2","2189",1,"TUR"
"291","2189",1,"TUR"
"456","2189",1,"TUR"
"1142","2189",1,"TUR"
"1488","2189",1,"TUR"
"1491","2189",1,"TUR"
"1597","2189",1,"TUR"
"23","2190",1,"TUR"
"243","2190",1,"TUR"
"415","2190",1,"TUR"
"1310","2190",1,"TUR"
"1809","2190",1,"TUR"
"2185","2190",1,"TUR"
"24","2191",1,"TUR"
"567","2191",1,"TUR"
"1033","2191",3,"TUR"
"1210","2191",1,"TUR"
"1567","2191",1,"TUR"
"1","2192",2,"TUR"
"73","2192",1,"TUR"
"307","2192",1,"TUR"
"1","2193",1,"TUR"
"3","2193",1,"TUR"
"14","2193",2,"TUR"
"636","2193",1,"TUR"
"960","2193",1,"TUR"
"974","2193",1,"TUR"
"13","2194",1,"TUR"
"18","2194",1,"TUR"
"216","2194",2,"TUR"
"3","2195",1,"TUR"
"10","2195",1,"TUR"
"43","2195",1,"TUR"
"512","2195",1,"TUR"
"586","2195",1,"TUR"
"752","2195",1,"TUR"
"1057","2195",1,"TUR"
"1153","2195",1,"TUR"
"150","2196",1,"TUR"
"241","2196",1,"TUR"
"320","2196",1,"TUR"
"718","2196",1,"TUR"
"842","2196",1,"TUR"
"1184","2196",1,"TUR"
"1874","2196",1,"TUR"
"68","2197",1,"TUR"
"75","2197",1,"TUR"
"217","2197",1,"TUR"
"718","2197",1,"TUR"
"892","2197",1,"TUR"
"1136","2197",1,"TUR"
"1760","2197",1,"TUR"
"1","2198",1,"TUR"
"55","2198",1,"TUR"
"373","2198",1,"TUR"
"1983","2198",1,"TUR"
"2198","2198",1,"TUR"
"434","2199",1,"TUR"
"1528","2199",1,"TUR"
"1809","2199",1,"TUR"
"153","2200",1,"TUR"
"195","2200",1,"TUR"
"329","2200",1,"TUR"
"646","2200",1,"TUR"
"928","2200",1,"TUR"
"1003","2200",1,"TUR"
"1","2201",1,"TUR"
"9","2201",4,"TUR"
"120","2201",1,"TUR"
"155","2201",1,"TUR"
"289","2201",1,"TUR"
"1186","2201",1,"TUR"
"4","2202",2,"TUR"
"5","2202",2,"TUR"
"6","2202",1,"TUR"
"25","2202",1,"TUR"
"28","2202",1,"TUR"
"362","2202",1,"TUR"
"525","2202",1,"TUR"
"1","2203",1,"TUR"
"2","2203",1,"TUR"
"7","2203",1,"TUR"
"55","2203",1,"TUR"
"155","2203",1,"TUR"
"1108","2203",1,"TUR"
"1284","2203",1,"TUR"
"1529","2203",1,"TUR"
"1965","2203",1,"TUR"
"2","2204",1,"TUR"
"34","2204",1,"TUR"
"827","2204",1,"TUR"
"858","2204",1,"TUR"
"1895","2204",1,"TUR"
"4","2205",1,"TUR"
"17","2205",1,"TUR"
"156","2205",1,"TUR"
"206","2205",1,"TUR"
"651","2205",1,"TUR"
"2147","2205",1,"TUR"
"2","2206",2,"TUR"
"313","2206",1,"TUR"
"334","2206",1,"TUR"
"666","2206",1,"TUR"
"754","2206",1,"TUR"
"823","2206",1,"TUR"
"1510","2206",1,"TUR"
"2","2207",2,"TUR"
"4","2207",1,"TUR"
"381","2207",1,"TUR"
"1269","2207",1,"TUR"
"6","2208",1,"TUR"
"141","2208",1,"TUR"
"668","2208",1,"TUR"
"1196","2208",1,"TUR"
"1318","2208",1,"TUR"
"1363","2208",1,"TUR"
"106","2209",1,"TUR"
"527","2209",1,"TUR"
"571","2209",1,"TUR"
"636","2209",1,"TUR"
"1095","2209",1,"TUR"
"1439","2209",1,"TUR"
"1","2210",1,"TUR"
"52","2210",1,"TUR"
"603","2210",1,"TUR"
"1007","2210",1,"TUR"
"1988","2210",1,"TUR"
"12","2211",2,"TUR"
"134","2211",1,"TUR"
"258","2211",1,"TUR"
"1284","2211",1,"TUR"
"1981","2211",1,"TUR"
"1","2212",1,"TUR"
"4","2212",1,"TUR"
"87","2212",1,"TUR"
"90","2212",1,"TUR"
"204","2212",1,"TUR"
"364","2212",1,"TUR"
"931","2212",1,"TUR"
"1007","2212",1,"TUR"
"2133","2212",1,"TUR"
"14","2213",1,"TUR"
"64","2213",1,"TUR"
"500","2213",1,"TUR"
"696","2213",1,"TUR"
"1691","2213",1,"TUR"
"1921","2213",1,"TUR"
"61","2214",1,"TUR"
"110","2214",1,"TUR"
"328","2214",1,"TUR"
"467","2214",1,"TUR"
"778","2214",1,"TUR"
"958","2214",1,"TUR"
"3","2215",1,"TUR"
"4","2215",1,"TUR"
"154","2215",1,"TUR"
"334","2215",1,"TUR"
"1000","2215",1,"TUR"
"1548","2215",1,"TUR"
"1564","2215",1,"TUR"
"1703","2215",1,"TUR"
"2082","2215",1,"TUR"
"2095","2215",1,"TUR"
"1","2216",1,"TUR"
"3","2216",1,"TUR"
"48","2216",2,"TUR"
"1472","2216",1,"TUR"
"1625","2216",3,"TUR"
"2126","2216",1,"TUR"
"2196","2216",1,"TUR"
"2","2217",1,"TUR"
"24","2217",1,"TUR"
"198","2217",2,"TUR"
"554","2217",2,"TUR"
"1913","2217",1,"TUR"
"2169","2217",1,"TUR"
"1","2218",1,"TUR"
"171","2218",3,"TUR"
"342","2218",1,"TUR"
"1144","2218",1,"TUR"
"1195","2218",1,"TUR"
"2102","2218",1,"TUR"
"18","2219",1,"TUR"
"45","2219",1,"TUR"
"52","2219",1,"TUR"
"64","2219",1,"TUR"
"122","2219",1,"TUR"
"344","2219",1,"TUR"
"953","2219",1,"TUR"
"1107","2219",1,"TUR"
"11","2220",1,"TUR"
"26","2220",1,"TUR"
"39","2220",1,"TUR"
"238","2220",1,"TUR"
"277","2220",1,"TUR"
"724","2220",1,"TUR"
"891","2220",1,"TUR"
"1098","2220",1,"TUR"
"1485","2220",1,"TUR"
"31","2221",1,"TUR"
"57","2221",1,"TUR"
"414","2221",1,"TUR"
"1749","2221",1,"TUR"
"18","2222",1,"TUR"
"44","2222",1,"TUR"
"325","2222",1,"TUR"
"338","2222",1,"TUR"
"448","2222",1,"TUR"
"614","2222",1,"TUR"
"2099","2222",1,"TUR"
"1","2223",1,"TUR"
"2","2223",1,"TUR"
"87","2223",1,"TUR"
"243","2223",1,"TUR"
"454","2223",1,"TUR"
"1669","2223",1,"TUR"
"1852","2223",1,"TUR"
"2","2224",2,"TUR"
"4","2224",1,"TUR"
"111","2224",1,"TUR"
"389","2224",1,"TUR"
"1793","2224",1,"TUR"
"1","2225",1,"TUR"
"2","2225",2,"TUR"
"37","2225",1,"TUR"
"51","2225",1,"TUR"
"240","2225",1,"TUR"
"518","2225",1,"TUR"
"851","2225",1,"TUR"
"4","2226",1,"TUR"
"50","2226",1,"TUR"
"282","2226",1,"TUR"
"301","2226",1,"TUR"
"618","2226",1,"TUR"
"699","2226",1,"TUR"
"838","2226",1,"TUR"
"879","2226",1,"TUR"
"1234","2226",1,"TUR"
"1","2227",2,"TUR"
"20","2227",1,"TUR"
"116","2227",1,"TUR"
"179","2227",1,"TUR"
"292","2227",1,"TUR"
"1193","2227",1,"TUR"
"1431","2227",1,"TUR"
"1","2228",1,"TUR"
"7","2228",1,"TUR"
"345","2228",1,"TUR"
"497","2228",1,"TUR"
"1","2229",2,"TUR"
"7","2229",1,"TUR"
"163","2229",1,"TUR"
"320","2229",1,"TUR"
"355","2229",1,"TUR"
"371","2229",1,"TUR"
"448","2229",1,"TUR"
"852","2229",1,"TUR"
"29","2230",1,"TUR"
"234","2230",1,"TUR"
"751","2230",1,"TUR"
"1080","2230",1,"TUR"
"1650","2230",1,"TUR"
"2038","2230",1,"TUR"
"1","2231",1,"TUR"
"3","2231",1,"TUR"
"4","2231",1,"TUR"
"7","2231",1,"TUR"
"42","2231",1,"TUR"
"361","2231",1,"TUR"
"521","2231",1,"TUR"
"681","2231",1,"TUR"
"20","2232",1,"TUR"
"83","2232",1,"TUR"
"1093","2232",1,"TUR"
"1155","2232",1,"TUR"
"1711","2232",1,"TUR"
"1930","2232",1,"TUR"
"2030","2232",1,"TUR"
"9","2233",1,"TUR"
"76","2233",1,"TUR"
"86","2233",1,"TUR"
"95","2233",1,"TUR"
"299","2233",1,"TUR"
"569","2233",1,"TUR"
"619","2233",1,"TUR"
"769","2233",1,"TUR"
"1690","2233",1,"TUR"
"104","2234",1,"TUR"
"134","2234",4,"TUR"
"166","2234",2,"TUR"
"786","2234",1,"TUR"
"797","2234",1,"TUR"
"2","2235",2,"TUR"
"18","2235",1,"TUR"
"211","2235",1,"TUR"
"445","2235",1,"TUR"
"842","2235",1,"TUR"
"1015","2235",1,"TUR"
"1","2236",2,"TUR"
"67","2236",1,"TUR"
"380","2236",1,"TUR"
"1837","2236",1,"TUR"
"2205","2236",1,"TUR"
"1","2237",1,"TUR"
"6","2237",1,"TUR"
"116","2237",1,"TUR"
"175","2237",1,"TUR"
"396","2237",1,"TUR"
"752","2237",1,"TUR"
"807","2237",1,"TUR"
"1840","2237",1,"TUR"
"1","2238",1,"TUR"
"33","2238",1,"TUR"
"53","2238",1,"TUR"
"588","2238",1,"TUR"
"751","2238",1,"TUR"
"805","2238",3,"TUR"
"1743","2238",1,"TUR"
"1","2239",1,"TUR"
"57","2239",1,"TUR"
"68","2239",1,"TUR"
"410","2239",1,"TUR"
"652","2239",1,"TUR"
"738","2239",1,"TUR"
"2027","2239",1,"TUR"
"3","2240",4,"TUR"
"16","2240",1,"TUR"
"105","2240",1,"TUR"
"174","2240",1,"TUR"
"995","2240",1,"TUR"
"9","2241",1,"TUR"
"13","2241",1,"TUR"
"18","2241",1,"TUR"
"38","2241",2,"TUR"
"339","2241",1,"TUR"
"1009","2241",1,"TUR"
"2117","2241",1,"TUR"
"3","2242",1,"TUR"
"72","2242",1,"TUR"
"138","2242",1,"TUR"
"643","2242",1,"TUR"
"960","2242",1,"TUR"
"5","2243",2,"TUR"
"74","2243",1,"TUR"
"293","2243",1,"TUR"
"835","2243",1,"TUR"
"980","2243",1,"TUR"
"1244","2243",1,"TUR"
"1654","2243",1,"TUR"
"3","2244",1,"TUR"
"10","2244",1,"TUR"
"37","2244",1,"TUR"
"63","2244",1,"TUR"
"75","2244",1,"TUR"
"216","2244",1,"TUR"
"313","2244",1,"TUR"
"411","2244",1,"TUR"
"588","2244",1,"TUR"
"2","2245",1,"TUR"
"19","2245",2,"TUR"
"23","2245",1,"TUR"
"106","2245",1,"TUR"
"349","2245",1,"TUR"
"455","2245",1,"TUR"
"1929","2245",1,"TUR"
"10","2246",1,"TUR"
"39","2246",4,"TUR"
"379","2246",1,"TUR"
"531","2246",1,"TUR"
"561","2246",1,"TUR"
"878","2246",1,"TUR"
"1","2247",2,"TUR"
"3","2247",1,"TUR"
"25","2247",1,"TUR"
"167","2247",1,"TUR"
"333","2247",1,"TUR"
"1308","2247",1,"TUR"
"1586","2247",1,"TUR"
"12","2248",1,"TUR"
"128","2248",1,"TUR"
"177","2248",1,"TUR"
"242","2248",1,"TUR"
"679","2248",1,"TUR"
"1187","2248",1,"TUR"
"1544","2248",1,"TUR"
"1556","2248",1,"TUR"
"15","2249",1,"TUR"
"21","2249",1,"TUR"
"114","2249",1,"TUR"
"125","2249",1,"TUR"
"457","2249",1,"TUR"
"1077","2249",1,"TUR"
"1729","2249",1,"TUR"
"1","2250",1,"TUR"
"91","2250",1,"TUR"
"119","2250",1,"TUR"
"196","2250",1,"TUR"
"198","2250",1,"TUR"
"689","2250",1,"TUR"
"10","2251",1,"TUR"
"20","2251",2,"TUR"
"58","2251",1,"TUR"
"68","2251",1,"TUR"
"683","2251",2,"TUR"
"1381","2251",1,"TUR"
"46","2252",1,"TUR"
"523","2252",1,"TUR"
"986","2252",2,"TUR"
"1584","2252",1,"TUR"
"4","2253",1,"TUR"
"19","2253",1,"TUR"
"63","2253",1,"TUR"
"129","2253",1,"TUR"
"243","2253",1,"TUR"
"283","2253",1,"TUR"
"930","2253",1,"TUR"
"995","2253",1,"TUR"
"1557","2253",1,"TUR"
"3","2254",1,"TUR"
"5","2254",1,"TUR"
"31","2254",1,"TUR"
"40","2254",1,"TUR"
"113","2254",1,"TUR"
"255","2254",1,"TUR"
"283","2254",1,"TUR"
"819","2254",1,"TUR"
"1","2255",1,"TUR"
"6","2255",1,"TUR"
"195","2255",1,"TUR"
"243","2255",1,"TUR"
"327","2255",1,"TUR"
"406","2255",1,"TUR"
"1157","2255",1,"TUR"
"1779","2255",1,"TUR"
"48","2256",1,"TUR"
"172","2256",1,"TUR"
"666","2256",1,"TUR"
"768","2256",2,"TUR"
"1531","2256",1,"TUR"
"2033","2256",1,"TUR"
"4","2257",1,"TUR"
"12","2257",1,"TUR"
"18","2257",1,"TUR"
"49","2257",1,"TUR"
"132","2257",1,"TUR"
"342","2257",1,"TUR"
"499","2257",1,"TUR"
"512","2257",1,"TUR"
"1007","2257",1,"TUR"
"1","2258",1,"TUR"
"3","2258",1,"TUR"
"88","2258",1,"TUR"
"321","2258",1,"TUR"
"660","2258",1,"TUR"
"788","2258",1,"TUR"
"805","2258",1,"TUR"
"1245","2258",1,"TUR"
"1775","2258",1,"TUR"
"2043","2258",1,"TUR"
"1","2259",2,"TUR"
"5","2259",1,"TUR"
"54","2259",1,"TUR"
"68","2259",1,"TUR"
"76","2259",2,"TUR"
"203","2259",1,"TUR"
"1127","2259",1,"TUR"
"8","2260",1,"TUR"
"102","2260",1,"TUR"
"321","2260",1,"TUR"
"416","2260",1,"TUR"
"981","2260",1,"TUR"
"3","2261",1,"TUR"
"8","2261",1,"TUR"
"116","2261",1,"TUR"
"651","2261",1,"TUR"
"670","2261",1,"TUR"
"740","2261",1,"TUR"
"1880","2261",1,"TUR"
"4","2262",1,"TUR"
"8","2262",1,"TUR"
"213","2262",1,"TUR"
"404","2262",1,"TUR"
"1354","2262",1,"TUR"
"1496","2262",1,"TUR"
"1795","2262",1,"TUR"
"2186","2262",1,"TUR"
"33","2263",1,"TUR"
"40","2263",1,"TUR"
"97","2263",1,"TUR"
"324","2263",1,"TUR"
"622","2263",1,"TUR"
"628","2263",1,"TUR"
"1702","2263",1,"TUR"
"20","2264",1,"TUR"
"435","2264",1,"TUR"
"598","2264",2,"TUR"
"710","2264",1,"TUR"
"777","2264",2,"TUR"
"800","2264",1,"TUR"
"3","2265",1,"TUR"
"9","2265",1,"TUR"
"27","2265",1,"TUR"
"43","2265",1,"TUR"
"47","2265",1,"TUR"
"1459","2265",1,"TUR"
"4","2266",1,"TUR"
"79","2266",1,"TUR"
"91","2266",1,"TUR"
"150","2266",1,"TUR"
"278","2266",1,"TUR"
"456","2266",1,"TUR"
"893","2266",1,"TUR"
"2","2267",2,"TUR"
"6","2267",1,"TUR"
"10","2267",1,"TUR"
"47","2267",1,"TUR"
"60","2267",1,"TUR"
"527","2267",1,"TUR"
"1792","2267",1,"TUR"
"180","2268",1,"TUR"
"241","2268",1,"TUR"
"598","2268",1,"TUR"
"792","2268",1,"TUR"
"1318","2268",1,"TUR"
"1923","2268",1,"TUR"
"254","2269",1,"TUR"
"478","2269",1,"TUR"
"654","2269",1,"TUR"
"827","2269",1,"TUR"
"992","2269",1,"TUR"
"2189","2269",1,"TUR"
"1","2270",1,"TUR"
"15","2270",1,"TUR"
"231","2270",1,"TUR"
"1854","2270",1,"TUR"
"1911","2270",4,"TUR"
"1","2271",1,"TUR"
"9","2271",1,"TUR"
"57","2271",1,"TUR"
"64","2271",1,"TUR"
"341","2271",1,"TUR"
"543","2271",1,"TUR"
"3","2272",3,"TUR"
"1861","2272",1,"TUR"
"1","2273",2,"TUR"
"11","2273",1,"TUR"
"88","2273",1,"TUR"
"313","2273",1,"TUR"
"341","2273",1,"TUR"
"349","2273",1,"TUR"
"617","2273",1,"TUR"
"846","2273",1,"TUR"
"33","2274",1,"TUR"
"439","2274",1,"TUR"
"494","2274",1,"TUR"
"521","2274",2,"TUR"
"550","2274",1,"TUR"
"1","2275",1,"TUR"
"24","2275",1,"TUR"
"174","2275",1,"TUR"
"1062","2275",1,"TUR"
"2","2276",1,"TUR"
"16","2276",1,"TUR"
"50","2276",1,"TUR"
"438","2276",1,"TUR"
"502","2276",1,"TUR"
"666","2276",1,"TUR"
"752","2276",1,"TUR"
"990","2276",1,"TUR"
"8","2277",1,"TUR"
"21","2277",2,"TUR"
"109","2277",1,"TUR"
"146","2277",1,"TUR"
"497","2277",1,"TUR"
"662","2277",1,"TUR"
"1029","2277",1,"TUR"
"1533","2277",1,"TUR"
"2037","2277",1,"TUR"
"3","2278",1,"TUR"
"81","2278",1,"TUR"
"160","2278",1,"TUR"
"211","2278",1,"TUR"
"579","2278",1,"TUR"
"837","2278",1,"TUR"
"807","2279",1,"TUR"
"1007","2279",1,"TUR"
"1698","2279",2,"TUR"
"2","2280",1,"TUR"
"4","2280",1,"TUR"
"169","2280",1,"TUR"
"233","2280",1,"TUR"
"337","2280",1,"TUR"
"1255","2280",1,"TUR"
"1666","2280",1,"TUR"
"45","2281",1,"TUR"
"67","2281",1,"TUR"
"128","2281",1,"TUR"
"177","2281",1,"TUR"
"193","2281",1,"TUR"
"1221","2281",2,"TUR"
"1492","2281",2,"TUR"
"1","2282",1,"TUR"
"2","2282",2,"TUR"
"105","2282",1,"TUR"
"467","2282",1,"TUR"
"1287","2282",1,"TUR"
"2","2283",1,"TUR"
"5","2283",1,"TUR"
"6","2283",1,"TUR"
"7","2283",1,"TUR"
"283","2283",1,"TUR"
"349","2283",2,"TUR"
"679","2283",1,"TUR"
"1162","2283",1,"TUR"
"1","2284",1,"TUR"
"22","2284",1,"TUR"
"67","2284",1,"TUR"
"516","2284",1,"TUR"
"1364","2284",1,"TUR"
"2284","2284",1,"TUR"
"170","2285",1,"TUR"
"234","2285",1,"TUR"
"399","2285",1,"TUR"
"964","2285",1,"TUR"
"969","2285",2,"TUR"
"1456","2285",1,"TUR"
"1573","2285",1,"TUR"
"1965","2285",1,"TUR"
"4","2286",1,"TUR"
"6","2286",1,"TUR"
"30","2286",2,"TUR"
"92","2286",2,"TUR"
"126","2286",1,"TUR"
"167","2286",1,"TUR"
"866","2286",1,"TUR"
"3","2287",1,"TUR"
"57","2287",2,"TUR"
"58","2287",1,"TUR"
"232","2287",1,"TUR"
"1226","2287",1,"TUR"
"1591","2287",1,"TUR"
"2","2288",2,"TUR"
"535","2288",1,"TUR"
"793","2288",1,"TUR"
"866","2288",1,"TUR"
"1230","2288",1,"TUR"
"1231","2288",1,"TUR"
"30","2289",1,"TUR"
"33","2289",1,"TUR"
"40","2289",1,"TUR"
"81","2289",1,"TUR"
"126","2289",2,"TUR"
"130","2289",2,"TUR"
"476","2289",1,"TUR"
"2","2290",1,"TUR"
"87","2290",1,"TUR"
"120","2290",1,"TUR"
"649","2290",1,"TUR"
"1250","2290",2,"TUR"
"1880","2290",1,"TUR"
"6","2291",1,"TUR"
"10","2291",1,"TUR"
"12","2291",1,"TUR"
"599","2291",2,"TUR"
"1080","2291",2,"TUR"
"1173","2291",1,"TUR"
"1","2292",4,"TUR"
"4","2292",1,"TUR"
"184","2292",1,"TUR"
"262","2292",1,"TUR"
"915","2292",1,"TUR"
"1521","2292",1,"TUR"
"1","2293",1,"TUR"
"3","2293",1,"TUR"
"19","2293",1,"TUR"
"28","2293",1,"TUR"
"251","2293",1,"TUR"
"439","2293",1,"TUR"
"1573","2293",2,"TUR"
"1666","2293",1,"TUR"
"58","2294",1,"TUR"
"205","2294",5,"TUR"
"529","2294",1,"TUR"
"582","2294",1,"TUR"
"18","2295",1,"TUR"
"283","2295",1,"TUR"
"647","2295",1,"TUR"
"685","2295",1,"TUR"
"1633","2295",1,"TUR"
"1676","2295",1,"TUR"
"3","2296",2,"TUR"
"7","2296",1,"TUR"
"364","2296",1,"TUR"
"1","2297",1,"TUR"
"2","2297",1,"TUR"
"187","2297",1,"TUR"
"1015","2297",1,"TUR"
"1113","2297",1,"TUR"
"1170","2297",1,"TUR"
"13","2298",1,"TUR"
"17","2298",1,"TUR"
"61","2298",1,"TUR"
"71","2298",1,"TUR"
"85","2298",1,"TUR"
"138","2298",1,"TUR"
"248","2298",1,"TUR"
"335","2298",1,"TUR"
"493","2298",1,"TUR"
"1279","2298",1,"TUR"
"2","2299",1,"TUR"
"32","2299",1,"TUR"
"79","2299",2,"TUR"
"332","2299",2,"TUR"
"496","2299",1,"TUR"
"1151","2299",1,"TUR"
"2164","2299",1,"TUR"
"1","2300",1,"TUR"
"245","2300",1,"TUR"
"328","2300",1,"TUR"
"477","2300",1,"TUR"
"532","2300",1,"TUR"
"868","2300",1,"TUR"
"925","2300",1,"TUR"
"1548","2300",1,"TUR"
"2272","2300",1,"TUR"
"2","2301",1,"TUR"
"18","2301",1,"TUR"
"107","2301",1,"TUR"
"363","2301",1,"TUR"
"913","2301",1,"TUR"
"6","2302",1,"TUR"
"14","2302",1,"TUR"
"763","2302",1,"TUR"
"899","2302",1,"TUR"
"1061","2302",1,"TUR"
"1140","2302",1,"TUR"
"2","2303",1,"TUR"
"3","2303",1,"TUR"
"77","2303",1,"TUR"
"86","2303",1,"TUR"
"480","2303",1,"TUR"
"633","2303",1,"TUR"
"651","2303",1,"TUR"
"2248","2303",1,"TUR"
"1","2304",1,"TUR"
"3","2304",2,"TUR"
"8","2304",1,"TUR"
"27","2304",1,"TUR"
"183","2304",1,"TUR"
"697","2304",1,"TUR"
"7","2305",1,"TUR"
"72","2305",1,"TUR"
"76","2305",1,"TUR"
"100","2305",1,"TUR"
"191","2305",3,"TUR"
"437","2305",1,"TUR"
"1140","2305",1,"TUR"
"1384","2305",1,"TUR"
"2","2306",1,"TUR"
"3","2306",1,"TUR"
"6","2306",1,"TUR"
"212","2306",1,"TUR"
"312","2306",1,"TUR"
"1032","2306",1,"TUR"
"2174","2306",1,"TUR"
"104","2307",5,"TUR"
"744","2307",5,"TUR"
"1","2308",3,"TUR"
"485","2308",2,"TUR"
"1231","2308",1,"TUR"
"100","2309",1,"TUR"
"192","2309",1,"TUR"
"610","2309",1,"TUR"
"740","2309",1,"TUR"
"1358","2309",1,"TUR"
"1839","2309",1,"TUR"
"2015","2309",1,"TUR"
"888","2310",1,"TUR"
"154","2311",1,"TUR"
"193","2311",1,"TUR"
"267","2311",1,"TUR"
"297","2311",1,"TUR"
"32","2312",1,"TUR"
"48","2312",1,"TUR"
"212","2312",1,"TUR"
"343","2312",1,"TUR"
"413","2312",1,"TUR"
"510","2312",1,"TUR"
"541","2312",1,"TUR"
"740","2312",2,"TUR"
"1049","2312",1,"TUR"
"1","2313",1,"TUR"
"42","2313",1,"TUR"
"267","2313",1,"TUR"
"297","2313",1,"TUR"
"453","2313",1,"TUR"
"1027","2313",1,"TUR"
"1","2314",3,"TUR"
"53","2314",1,"TUR"
"748","2314",2,"TUR"
"884","2314",1,"TUR"
"1276","2314",1,"TUR"
"1856","2314",1,"TUR"
"1927","2314",1,"TUR"
"1","2315",1,"TUR"
"12","2315",1,"TUR"
"41","2315",2,"TUR"
"1082","2315",1,"TUR"
"1099","2315",1,"TUR"
"343","2316",1,"TUR"
"1206","2316",1,"TUR"
"1701","2316",1,"TUR"
"4","2317",1,"TUR"
"7","2317",1,"TUR"
"9","2317",1,"TUR"
"11","2317",1,"TUR"
"44","2317",1,"TUR"
"60","2317",1,"TUR"
"180","2317",1,"TUR"
"762","2317",1,"TUR"
"1272","2317",1,"TUR"
"75","2318",1,"TUR"
"90","2318",1,"TUR"
"203","2318",1,"TUR"
"549","2318",1,"TUR"
"1140","2318",1,"TUR"
"1266","2318",1,"TUR"
"1685","2318",1,"TUR"
"2209","2318",1,"TUR"
"80","2319",1,"TUR"
"154","2319",1,"TUR"
"165","2319",4,"TUR"
"193","2319",1,"TUR"
"2","2320",1,"TUR"
"4","2320",1,"TUR"
"27","2320",1,"TUR"
"37","2320",1,"TUR"
"143","2320",1,"TUR"
"321","2320",1,"TUR"
"943","2320",1,"TUR"
"1031","2320",1,"TUR"
"7","2321",1,"TUR"
"12","2321",1,"TUR"
"234","2321",1,"TUR"
"338","2321",2,"TUR"
"540","2321",1,"TUR"
"609","2321",1,"TUR"
"2","2322",1,"TUR"
"7","2322",1,"TUR"
"665","2322",1,"TUR"
"692","2322",1,"TUR"
"726","2322",1,"TUR"
"986","2322",1,"TUR"
"4","2323",1,"TUR"
"49","2323",1,"TUR"
"213","2323",1,"TUR"
"532","2323",1,"TUR"
"637","2323",1,"TUR"
"1","2324",1,"TUR"
"316","2324",2,"TUR"
"353","2324",1,"TUR"
"601","2324",1,"TUR"
"602","2324",1,"TUR"
"1120","2324",1,"TUR"
"1524","2324",1,"TUR"
"1959","2324",1,"TUR"
"7","2325",1,"TUR"
"24","2325",1,"TUR"
"403","2325",1,"TUR"
"456","2325",1,"TUR"
"845","2325",1,"TUR"
"1","2326",1,"TUR"
"2","2326",1,"TUR"
"6","2326",1,"TUR"
"8","2326",1,"TUR"
"36","2326",1,"TUR"
"363","2326",1,"TUR"
"632","2326",1,"TUR"
"947","2326",1,"TUR"
"487","2327",1,"TUR"
"1378","2327",3,"TUR"
"1700","2327",1,"TUR"
"179","2328",1,"TUR"
"192","2328",1,"TUR"
"217","2328",1,"TUR"
"395","2328",1,"TUR"
"604","2328",1,"TUR"
"986","2328",1,"TUR"
"1568","2328",1,"TUR"
"2021","2328",1,"TUR"
"2261","2328",1,"TUR"
"3","2329",1,"TUR"
"232","2329",2,"TUR"
"692","2329",1,"TUR"
"811","2329",1,"TUR"
"850","2329",1,"TUR"
"63","2330",1,"TUR"
"1564","2330",1,"TUR"
"2","2331",1,"TUR"
"175","2331",1,"TUR"
"311","2331",1,"TUR"
"1676","2331",1,"TUR"
"1840","2331",1,"TUR"
"2","2332",1,"TUR"
"38","2332",1,"TUR"
"126","2332",1,"TUR"
"163","2332",1,"TUR"
"311","2332",1,"TUR"
"435","2332",1,"TUR"
"835","2332",1,"TUR"
"1649","2332",1,"TUR"
"1926","2332",1,"TUR"
"2","2333",2,"TUR"
"3","2333",1,"TUR"
"13","2333",1,"TUR"
"36","2333",1,"TUR"
"129","2333",1,"TUR"
"552","2333",1,"TUR"
"646","2333",1,"TUR"
"751","2333",1,"TUR"
"1038","2333",1,"TUR"
"16","2334",2,"TUR"
"21","2334",2,"TUR"
"30","2334",1,"TUR"
"112","2334",1,"TUR"
"151","2334",1,"TUR"
"286","2334",1,"TUR"
"1339","2334",1,"TUR"
"2","2335",1,"TUR"
"3","2335",1,"TUR"
"24","2335",1,"TUR"
"56","2335",1,"TUR"
"88","2335",1,"TUR"
"151","2335",1,"TUR"
"331","2335",1,"TUR"
"441","2335",1,"TUR"
"1941","2335",2,"TUR"
"21","2336",4,"TUR"
"119","2336",1,"TUR"
"236","2336",1,"TUR"
"582","2336",1,"TUR"
"1397","2336",1,"TUR"
"2175","2336",1,"TUR"
"2328","2336",1,"TUR"
"58","2337",1,"TUR"
"141","2337",1,"TUR"
"336","2337",1,"TUR"
"1026","2337",1,"TUR"
"1334","2337",1,"TUR"
"1525","2337",1,"TUR"
"1722","2337",1,"TUR"
"9","2338",1,"TUR"
"40","2338",1,"TUR"
"452","2338",1,"TUR"
"1574","2338",2,"TUR"
"1856","2338",1,"TUR"
"85","2339",1,"TUR"
"276","2339",3,"TUR"
"347","2339",1,"TUR"
"413","2339",1,"TUR"
"574","2339",1,"TUR"
"1012","2339",1,"TUR"
"1","2340",1,"TUR"
"5","2340",1,"TUR"
"42","2340",1,"TUR"
"580","2340",1,"TUR"
"1266","2340",1,"TUR"
"1795","2340",1,"TUR"
"2152","2340",1,"TUR"
"6","2341",1,"TUR"
"7","2341",1,"TUR"
"14","2341",1,"TUR"
"67","2341",1,"TUR"
"269","2341",1,"TUR"
"561","2341",1,"TUR"
"707","2341",1,"TUR"
"1595","2341",1,"TUR"
"7","2342",1,"TUR"
"11","2342",1,"TUR"
"23","2342",1,"TUR"
"26","2342",1,"TUR"
"83","2342",1,"TUR"
"252","2342",1,"TUR"
"2296","2342",1,"TUR"
"1","2343",1,"TUR"
"6","2343",1,"TUR"
"22","2343",1,"TUR"
"87","2343",1,"TUR"
"101","2343",1,"TUR"
"354","2343",1,"TUR"
"493","2343",1,"TUR"
"18","2344",1,"TUR"
"20","2344",1,"TUR"
"59","2344",1,"TUR"
"303","2344",1,"TUR"
"416","2344",1,"TUR"
"475","2344",1,"TUR"
"11","2345",1,"TUR"
"19","2345",1,"TUR"
"33","2345",1,"TUR"
"134","2345",1,"TUR"
"1189","2345",1,"TUR"
"1782","2345",2,"TUR"
"1986","2345",1,"TUR"
"35","2346",1,"TUR"
"121","2346",1,"TUR"
"260","2346",1,"TUR"
"301","2346",1,"TUR"
"519","2346",1,"TUR"
"1084","2346",1,"TUR"
"1160","2346",1,"TUR"
"35","2347",1,"TUR"
"38","2347",1,"TUR"
"59","2347",1,"TUR"
"226","2347",1,"TUR"
"72","2348",1,"TUR"
"507","2348",1,"TUR"
"743","2348",1,"TUR"
"1006","2348",1,"TUR"
"4","2349",1,"TUR"
"78","2349",1,"TUR"
"111","2349",1,"TUR"
"184","2349",1,"TUR"
"201","2349",1,"TUR"
"506","2349",1,"TUR"
"564","2349",1,"TUR"
"5","2350",2,"TUR"
"10","2350",1,"TUR"
"19","2350",1,"TUR"
"220","2350",1,"TUR"
"507","2350",1,"TUR"
"2349","2350",1,"TUR"
"1","2351",1,"TUR"
"198","2351",1,"TUR"
"201","2351",1,"TUR"
"249","2351",1,"TUR"
"267","2351",1,"TUR"
"731","2351",1,"TUR"
"753","2351",1,"TUR"
"142","2352",1,"TUR"
"201","2352",2,"TUR"
"240","2352",1,"TUR"
"740","2352",1,"TUR"
"748","2352",1,"TUR"
"856","2352",1,"TUR"
"1305","2352",1,"TUR"
"7","2353",1,"TUR"
"24","2353",1,"TUR"
"198","2353",1,"TUR"
"201","2353",1,"TUR"
"616","2353",1,"TUR"
"658","2353",1,"TUR"
"2351","2353",1,"TUR"
"5","2354",1,"TUR"
"20","2354",1,"TUR"
"102","2354",1,"TUR"
"109","2354",1,"TUR"
"201","2354",1,"TUR"
"579","2354",1,"TUR"
"830","2354",1,"TUR"
"2","2355",1,"TUR"
"20","2355",1,"TUR"
"254","2355",1,"TUR"
"400","2355",1,"TUR"
"2301","2355",1,"TUR"
"2306","2355",1,"TUR"
"58","2356",1,"TUR"
"106","2356",1,"TUR"
"325","2356",1,"TUR"
"506","2356",1,"TUR"
"1","2357",1,"TUR"
"12","2357",1,"TUR"
"59","2357",1,"TUR"
"126","2357",1,"TUR"
"167","2357",1,"TUR"
"305","2357",1,"TUR"
"478","2357",1,"TUR"
"1454","2357",1,"TUR"
"33","2358",1,"TUR"
"47","2358",1,"TUR"
"127","2358",1,"TUR"
"128","2358",1,"TUR"
"605","2358",1,"TUR"
"741","2358",1,"TUR"
"828","2358",1,"TUR"
"1871","2358",1,"TUR"
"117","2359",1,"TUR"
"782","2359",1,"TUR"
"973","2359",1,"TUR"
"1361","2359",1,"TUR"
"1419","2359",1,"TUR"
"1885","2359",1,"TUR"
"2057","2359",1,"TUR"
"30","2360",1,"TUR"
"35","2360",1,"TUR"
"40","2360",1,"TUR"
"121","2360",1,"TUR"
"873","2360",1,"TUR"
"1915","2360",1,"TUR"
"1","2361",1,"TUR"
"6","2361",1,"TUR"
"11","2361",1,"TUR"
"203","2361",1,"TUR"
"705","2361",1,"TUR"
"1408","2361",1,"TUR"
"1946","2361",1,"TUR"
"3","2362",1,"TUR"
"79","2362",1,"TUR"
"89","2362",1,"TUR"
"493","2362",1,"TUR"
"1029","2362",1,"TUR"
"1090","2362",1,"TUR"
"2186","2362",1,"TUR"
"1","2363",1,"TUR"
"2","2363",1,"TUR"
"9","2363",1,"TUR"
"32","2363",1,"TUR"
"225","2363",1,"TUR"
"4","2364",1,"TUR"
"14","2364",1,"TUR"
"15","2364",2,"TUR"
"29","2364",1,"TUR"
"1052","2364",1,"TUR"
"5","2365",1,"TUR"
"98","2365",2,"TUR"
"529","2365",1,"TUR"
"2","2366",1,"TUR"
"100","2366",1,"TUR"
"118","2366",1,"TUR"
"145","2366",1,"TUR"
"317","2366",1,"TUR"
"1402","2366",1,"TUR"
"1","2367",1,"TUR"
"71","2367",1,"TUR"
"162","2367",1,"TUR"
"1347","2367",1,"TUR"
"2190","2367",1,"TUR"
"1","2368",1,"TUR"
"8","2368",1,"TUR"
"1522","2368",1,"TUR"
"1","2369",2,"TUR"
"15","2369",1,"TUR"
"1319","2369",2,"TUR"
"2060","2369",1,"TUR"
"36","2370",1,"TUR"
"188","2370",1,"TUR"
"323","2370",1,"TUR"
"3","2371",2,"TUR"
"14","2371",1,"TUR"
"156","2371",1,"TUR"
"473","2371",1,"TUR"
"778","2371",1,"TUR"
"1642","2371",1,"TUR"
"36","2372",1,"TUR"
"96","2372",1,"TUR"
"119","2372",1,"TUR"
"592","2372",1,"TUR"
"1306","2372",1,"TUR"
"2153","2372",1,"TUR"
"1","2373",1,"TUR"
"2","2373",1,"TUR"
"7","2373",1,"TUR"
"451","2373",1,"TUR"
"527","2373",2,"TUR"
"879","2373",1,"TUR"
"23","2374",1,"TUR"
"2","2375",1,"TUR"
"58","2375",1,"TUR"
"302","2375",1,"TUR"
"706","2375",1,"TUR"
"1021","2375",2,"TUR"
"1134","2375",1,"TUR"
"4","2376",1,"TUR"
"7","2376",1,"TUR"
"14","2376",1,"TUR"
"101","2376",2,"TUR"
"1","2377",1,"TUR"
"15","2377",1,"TUR"
"1212","2377",1,"TUR"
"390","2378",1,"TUR"
"1559","2378",1,"TUR"
"2310","2378",1,"TUR"
"1","2379",3,"TUR"
"1241","2379",1,"TUR"
"1391","2379",1,"TUR"
"2222","2379",1,"TUR"
"5","2380",1,"TUR"
"20","2380",1,"TUR"
"27","2380",1,"TUR"
"95","2380",1,"TUR"
"410","2380",1,"TUR"
"649","2380",1,"TUR"
"1882","2380",1,"TUR"
"2","2381",1,"TUR"
"7","2381",1,"TUR"
"920","2381",1,"TUR"
"1027","2381",1,"TUR"
"2029","2381",1,"TUR"
"3","2382",2,"TUR"
"169","2382",1,"TUR"
"442","2382",1,"TUR"
"591","2382",1,"TUR"
"1060","2382",1,"TUR"
"2006","2382",1,"TUR"
"1","2383",1,"TUR"
"379","2383",1,"TUR"
"828","2383",1,"TUR"
"1846","2383",1,"TUR"
"1","2384",2,"TUR"
"179","2384",1,"TUR"
"559","2384",1,"TUR"
"718","2384",1,"TUR"
"3","2385",1,"TUR"
"185","2385",1,"TUR"
"557","2385",1,"TUR"
"769","2385",1,"TUR"
"1346","2385",1,"TUR"
"397","2386",1,"TUR"
"1107","2386",1,"TUR"
"2274","2386",3,"TUR"
"6","2387",1,"TUR"
"132","2387",1,"TUR"
"1060","2387",1,"TUR"
"1164","2387",1,"TUR"
"7","2388",1,"TUR"
"9","2388",1,"TUR"
"26","2388",1,"TUR"
"340","2388",1,"TUR"
"460","2388",1,"TUR"
"636","2388",1,"TUR"
"703","2388",1,"TUR"
"2339","2388",1,"TUR"
"2","2389",1,"TUR"
"257","2389",1,"TUR"
"389","2389",1,"TUR"
"1361","2389",1,"TUR"
"1812","2389",1,"TUR"
"2113","2389",1,"TUR"
"1","2390",1,"TUR"
"5","2390",1,"TUR"
"193","2390",1,"TUR"
"217","2390",1,"TUR"
"421","2390",1,"TUR"
"594","2390",1,"TUR"
"1165","2390",1,"TUR"
"2136","2390",1,"TUR"
"10","2391",1,"TUR"
"1988","2391",1,"TUR"
"2391","2391",2,"TUR"
"73","2392",1,"TUR"
"247","2392",1,"TUR"
"842","2392",1,"TUR"
"1495","2392",1,"TUR"
"1647","2392",1,"TUR"
"1714","2392",1,"TUR"
"407","2393",1,"TUR"
"652","2393",1,"TUR"
"1940","2393",1,"TUR"
"2089","2393",1,"TUR"
"247","2394",1,"TUR"
"282","2394",1,"TUR"
"421","2394",1,"TUR"
"541","2394",1,"TUR"
"552","2394",1,"TUR"
"1371","2394",1,"TUR"
"1982","2394",1,"TUR"
"39","2395",1,"TUR"
"133","2395",1,"TUR"
"327","2395",1,"TUR"
"48","2396",1,"TUR"
"119","2396",1,"TUR"
"341","2396",1,"TUR"
"488","2396",1,"TUR"
"552","2396",1,"TUR"
"1429","2396",1,"TUR"
"1436","2396",1,"TUR"
"1","2397",1,"TUR"
"113","2397",1,"TUR"
"247","2397",1,"TUR"
"282","2397",1,"TUR"
"1307","2397",1,"TUR"
"1441","2397",1,"TUR"
"2208","2397",1,"TUR"
"1","2398",1,"TUR"
"130","2398",1,"TUR"
"159","2398",1,"TUR"
"282","2398",1,"TUR"
"475","2398",1,"TUR"
"1096","2398",1,"TUR"
"2257","2398",1,"TUR"
"1","2399",2,"TUR"
"4","2399",1,"TUR"
"5","2399",1,"TUR"
"211","2399",1,"TUR"
"474","2399",1,"TUR"
"81","2400",1,"TUR"
"644","2400",1,"TUR"
"652","2400",1,"TUR"
"1150","2400",1,"TUR"
"4","2401",1,"TUR"
"341","2401",1,"TUR"
"599","2401",1,"TUR"
"1035","2401",1,"TUR"
"4","2402",1,"TUR"
"26","2402",1,"TUR"
"598","2402",3,"TUR"
"807","2402",1,"TUR"
"1001","2402",1,"TUR"
"75","2403",1,"TUR"
"767","2403",1,"TUR"
"840","2403",1,"TUR"
"1190","2403",1,"TUR"
"4","2404",1,"TUR"
"101","2404",1,"TUR"
"1254","2404",1,"TUR"
"2096","2404",1,"TUR"
"4","2405",3,"TUR"
"230","2405",1,"TUR"
"480","2405",1,"TUR"
"974","2405",1,"TUR"
"1930","2405",1,"TUR"
"1","2406",1,"TUR"
"2","2406",1,"TUR"
"52","2406",1,"TUR"
"2323","2406",1,"TUR"
"1","2407",2,"TUR"
"2","2407",1,"TUR"
"7","2407",1,"TUR"
"65","2407",1,"TUR"
"1144","2407",1,"TUR"
"2035","2407",1,"TUR"
"2121","2407",1,"TUR"
"15","2408",2,"TUR"
"682","2408",1,"TUR"
"911","2408",1,"TUR"
"22","2409",1,"TUR"
"50","2409",1,"TUR"
"115","2409",1,"TUR"
"190","2409",1,"TUR"
"497","2409",1,"TUR"
"41","2410",1,"TUR"
"43","2410",1,"TUR"
"105","2410",1,"TUR"
"120","2410",1,"TUR"
"150","2410",1,"TUR"
"162","2410",1,"TUR"
"376","2410",1,"TUR"
"2","2411",1,"TUR"
"44","2411",1,"TUR"
"52","2411",1,"TUR"
"242","2411",1,"TUR"
"385","2411",1,"TUR"
"942","2411",1,"TUR"
"1138","2411",1,"TUR"
"1","2412",1,"TUR"
"3","2412",1,"TUR"
"31","2412",1,"TUR"
"134","2412",2,"TUR"
"17","2413",1,"TUR"
"18","2413",1,"TUR"
"53","2413",1,"TUR"
"1770","2413",1,"TUR"
"2401","2413",1,"TUR"
"22","2414",1,"TUR"
"789","2414",1,"TUR"
"888","2414",1,"TUR"
"1178","2414",1,"TUR"
"2","2415",1,"TUR"
"85","2415",1,"TUR"
"113","2415",1,"TUR"
"228","2415",1,"TUR"
"660","2415",1,"TUR"
"297","2416",1,"TUR"
"400","2416",1,"TUR"
"1387","2416",1,"TUR"
"2239","2416",1,"TUR"
"24","2417",1,"TUR"
"47","2417",1,"TUR"
"112","2417",3,"TUR"
"1","2418",1,"TUR"
"66","2418",1,"TUR"
"174","2418",1,"TUR"
"897","2418",1,"TUR"
"1","2419",1,"TUR"
"517","2419",1,"TUR"
"2262","2419",1,"TUR"
"2","2420",1,"TUR"
"3","2420",1,"TUR"
"15","2420",1,"TUR"
"229","2420",1,"TUR"
"255","2420",1,"TUR"
"680","2420",1,"TUR"
"1128","2420",1,"TUR"
"61","2421",2,"TUR"
"125","2421",1,"TUR"
"366","2421",1,"TUR"
"437","2421",1,"TUR"
"488","2421",1,"TUR"
"729","2421",1,"TUR"
"1566","2421",1,"TUR"
"72","2422",1,"TUR"
"116","2422",1,"TUR"
"2194","2422",1,"TUR"
"2331","2422",1,"TUR"
"2","2423",1,"TUR"
"7","2423",1,"TUR"
"90","2423",1,"TUR"
"155","2423",1,"TUR"
"278","2423",1,"TUR"
"543","2423",1,"TUR"
"5","2424",1,"TUR"
"30","2424",1,"TUR"
"32","2424",1,"TUR"
"35","2424",1,"TUR"
"352","2424",1,"TUR"
"443","2424",1,"TUR"
"476","2424",1,"TUR"
"504","2424",1,"TUR"
"119","2425",1,"TUR"
"845","2425",1,"TUR"
"1165","2425",1,"TUR"
"46","2426",1,"TUR"
"50","2426",1,"TUR"
"139","2426",1,"TUR"
"457","2426",4,"TUR"
"1743","2426",1,"TUR"
"40","2427",1,"TUR"
"342","2427",1,"TUR"
"435","2427",1,"TUR"
"631","2427",1,"TUR"
"851","2427",1,"TUR"
"1791","2427",1,"TUR"
"4","2428",1,"TUR"
"7","2428",1,"TUR"
"399","2428",1,"TUR"
"411","2428",1,"TUR"
"442","2428",1,"TUR"
"1186","2428",1,"TUR"
"112","2429",1,"TUR"
"169","2429",1,"TUR"
"1530","2429",1,"TUR"
"2083","2429",1,"TUR"
"6","2430",1,"TUR"
"8","2430",1,"TUR"
"19","2430",1,"TUR"
"24","2430",1,"TUR"
"72","2430",1,"TUR"
"96","2430",1,"TUR"
"862","2430",1,"TUR"
"6","2431",1,"TUR"
"73","2431",1,"TUR"
"487","2431",1,"TUR"
"906","2431",1,"TUR"
"1015","2431",1,"TUR"
"590","2432",1,"TUR"
"1104","2432",1,"TUR"
"2382","2432",1,"TUR"
"2","2433",1,"TUR"
"12","2433",1,"TUR"
"22","2433",1,"TUR"
"86","2433",1,"TUR"
"170","2433",1,"TUR"
"444","2433",1,"TUR"
"1425","2433",1,"TUR"
"1","2434",1,"TUR"
"448","2434",1,"TUR"
"5","2435",1,"TUR"
"78","2435",1,"TUR"
"307","2435",2,"TUR"
"2137","2435",1,"TUR"
"2301","2435",1,"TUR"
"120","2436",1,"TUR"
"602","2436",1,"TUR"
"937","2436",1,"TUR"
"1572","2436",1,"TUR"
"93","2437",1,"TUR"
"141","2437",1,"TUR"
"2340","2437",1,"TUR"
"4","2438",1,"TUR"
"42","2438",1,"TUR"
"887","2438",1,"TUR"
"1288","2438",1,"TUR"
"58","2439",4,"TUR"
"1","2440",1,"TUR"
"3","2440",1,"TUR"
"6","2440",1,"TUR"
"10","2440",1,"TUR"
"132","2440",1,"TUR"
"1669","2440",1,"TUR"
"2010","2440",1,"TUR"
"1","2441",1,"TUR"
"12","2441",1,"TUR"
"301","2441",1,"TUR"
"433","2441",1,"TUR"
"861","2441",1,"TUR"
"2","2442",2,"TUR"
"8","2442",2,"TUR"
"16","2442",1,"TUR"
"105","2442",1,"TUR"
"1421","2442",1,"TUR"
"39","2443",1,"TUR"
"153","2443",1,"TUR"
"218","2443",1,"TUR"
"273","2443",1,"TUR"
"344","2443",1,"TUR"
"669","2443",1,"TUR"
"1147","2443",1,"TUR"
"24","2444",1,"TUR"
"40","2444",1,"TUR"
"111","2444",1,"TUR"
"774","2444",1,"TUR"
"925","2444",1,"TUR"
"4","2445",1,"TUR"
"5","2445",1,"TUR"
"11","2445",1,"TUR"
"14","2445",1,"TUR"
"19","2445",1,"TUR"
"20","2445",1,"TUR"
"2217","2445",1,"TUR"
"3","2446",1,"TUR"
"12","2446",1,"TUR"
"37","2446",1,"TUR"
"202","2446",1,"TUR"
"930","2446",1,"TUR"
"1","2447",1,"TUR"
"2","2447",1,"TUR"
"4","2447",1,"TUR"
"150","2447",1,"TUR"
"542","2447",1,"TUR"
"11","2448",1,"TUR"
"126","2448",1,"TUR"
"237","2448",2,"TUR"
"1487","2448",1,"TUR"
"2431","2448",1,"TUR"
"3","2449",1,"TUR"
"14","2449",2,"TUR"
"362","2449",2,"TUR"
"510","2450",1,"TUR"
"845","2450",2,"TUR"
"948","2450",3,"TUR"
"9","2451",1,"TUR"
"13","2451",1,"TUR"
"35","2451",1,"TUR"
"177","2451",2,"TUR"
"749","2451",1,"TUR"
"886","2451",1,"TUR"
"4","2452",1,"TUR"
"243","2452",1,"TUR"
"816","2452",1,"TUR"
"2409","2452",1,"TUR"
"45","2453",1,"TUR"
"93","2453",1,"TUR"
"106","2453",1,"TUR"
"1029","2453",1,"TUR"
"1446","2453",1,"TUR"
"1476","2453",1,"TUR"
"6","2454",1,"TUR"
"12","2454",1,"TUR"
"986","2454",2,"TUR"
"1169","2454",1,"TUR"
"1197","2454",1,"TUR"
"1","2455",1,"TUR"
"5","2455",1,"TUR"
"71","2455",1,"TUR"
"208","2455",1,"TUR"
"828","2455",1,"TUR"
"5","2456",2,"TUR"
"26","2456",1,"TUR"
"146","2456",1,"TUR"
"232","2456",1,"TUR"
"3","2457",1,"TUR"
"121","2457",1,"TUR"
"188","2457",1,"TUR"
"784","2457",1,"TUR"
"2","2458",3,"TUR"
"3","2458",1,"TUR"
"295","2458",1,"TUR"
"1377","2458",1,"TUR"
"1433","2458",1,"TUR"
"1","2459",1,"TUR"
"45","2459",1,"TUR"
"398","2459",1,"TUR"
"1236","2459",1,"TUR"
"2109","2459",1,"TUR"
"2302","2459",1,"TUR"
"2419","2459",1,"TUR"
"38","2460",1,"TUR"
"165","2460",1,"TUR"
"785","2460",1,"TUR"
"1562","2460",1,"TUR"
"2330","2460",1,"TUR"
"4","2461",1,"TUR"
"10","2461",1,"TUR"
"58","2461",1,"TUR"
"124","2461",1,"TUR"
"184","2461",1,"TUR"
"511","2461",1,"TUR"
"712","2461",1,"TUR"
"10","2462",1,"TUR"
"41","2462",1,"TUR"
"673","2462",1,"TUR"
"708","2462",2,"TUR"
"144","2463",1,"TUR"
"422","2463",1,"TUR"
"1928","2463",1,"TUR"
"2404","2463",1,"TUR"
"4","2464",1,"TUR"
"44","2464",1,"TUR"
"167","2464",1,"TUR"
"237","2464",1,"TUR"
"2218","2464",1,"TUR"
"5","2465",1,"TUR"
"10","2465",1,"TUR"
"300","2465",1,"TUR"
"566","2465",1,"TUR"
"575","2465",1,"TUR"
"1212","2465",1,"TUR"
"2325","2465",2,"TUR"
"4","2466",2,"TUR"
"6","2466",1,"TUR"
"119","2466",1,"TUR"
"637","2466",1,"TUR"
"968","2466",1,"TUR"
"1","2467",2,"TUR"
"4","2467",1,"TUR"
"159","2467",1,"TUR"
"447","2467",1,"TUR"
"2008","2467",1,"TUR"
"23","2468",2,"TUR"
"25","2468",1,"TUR"
"475","2468",1,"TUR"
"516","2468",1,"TUR"
"751","2468",1,"TUR"
"1538","2468",1,"TUR"
"1","2469",1,"TUR"
"44","2469",1,"TUR"
"58","2469",1,"TUR"
"133","2469",1,"TUR"
"239","2469",1,"TUR"
"206","2470",1,"TUR"
"1633","2470",1,"TUR"
"57","2471",1,"TUR"
"145","2471",1,"TUR"
"280","2471",1,"TUR"
"1643","2471",1,"TUR"
"3","2472",1,"TUR"
"27","2472",1,"TUR"
"467","2472",1,"TUR"
"6","2473",1,"TUR"
"146","2473",1,"TUR"
"289","2473",1,"TUR"
"572","2473",1,"TUR"
"651","2473",1,"TUR"
"1286","2473",1,"TUR"
"7","2474",1,"TUR"
"76","2474",1,"TUR"
"392","2474",1,"TUR"
"800","2474",1,"TUR"
"1221","2474",1,"TUR"
"2427","2474",2,"TUR"
"3","2475",2,"TUR"
"8","2475",1,"TUR"
"73","2475",1,"TUR"
"155","2475",1,"TUR"
"213","2475",1,"TUR"
"14","2476",4,"TUR"
"101","2476",1,"TUR"
"1315","2476",1,"TUR"
"2051","2476",1,"TUR"
"5","2477",1,"TUR"
"11","2477",1,"TUR"
"153","2477",1,"TUR"
"232","2477",1,"TUR"
"311","2477",1,"TUR"
"574","2477",1,"TUR"
"57","2478",1,"TUR"
"567","2478",1,"TUR"
"931","2478",1,"TUR"
"1","2479",1,"TUR"
"92","2479",3,"TUR"
"605","2479",1,"TUR"
"659","2479",1,"TUR"
"4","2480",1,"TUR"
"181","2480",1,"TUR"
"944","2480",1,"TUR"
"1494","2480",1,"TUR"
"1","2481",1,"TUR"
"2","2481",1,"TUR"
"304","2481",1,"TUR"
"347","2481",1,"TUR"
"1060","2481",1,"TUR"
"1103","2481",1,"TUR"
"2158","2481",1,"TUR"
"2","2482",1,"TUR"
"23","2482",1,"TUR"
"1404","2482",3,"TUR"
"2043","2482",1,"TUR"
"2231","2482",1,"TUR"
"22","2483",1,"TUR"
"240","2483",1,"TUR"
"1762","2483",1,"TUR"
"2319","2483",1,"TUR"
"7","2484",1,"TUR"
"1","2485",1,"TUR"
"69","2485",1,"TUR"
"872","2485",1,"TUR"
"1114","2485",2,"TUR"
"1741","2485",2,"TUR"
"2477","2485",1,"TUR"
"1","2486",1,"TUR"
"7","2486",1,"TUR"
"11","2486",1,"TUR"
"161","2486",1,"TUR"
"710","2486",1,"TUR"
"827","2486",1,"TUR"
"1542","2486",1,"TUR"
"2192","2486",1,"TUR"
"6","2487",1,"TUR"
"25","2487",1,"TUR"
"313","2487",1,"TUR"
"2209","2487",1,"TUR"
"4","2488",1,"TUR"
"142","2488",2,"TUR"
"218","2488",1,"TUR"
"497","2488",1,"TUR"
"504","2488",1,"TUR"
"25","2489",1,"TUR"
"751","2489",1,"TUR"
"1019","2489",1,"TUR"
"6","2490",1,"TUR"
"83","2490",1,"TUR"
"96","2490",1,"TUR"
"102","2490",1,"TUR"
"347","2490",1,"TUR"
"1","2491",2,"TUR"
"28","2491",1,"TUR"
"88","2491",1,"TUR"
"110","2491",1,"TUR"
"2072","2491",1,"TUR"
"379","2492",1,"TUR"
"1","2493",1,"TUR"
"3","2493",1,"TUR"
"4","2493",1,"TUR"
"66","2493",1,"TUR"
"890","2493",2,"TUR"
"1158","2493",1,"TUR"
"1","2494",1,"TUR"
"222","2494",1,"TUR"
"890","2494",1,"TUR"
"15","2495",1,"TUR"
"18","2495",1,"TUR"
"1543","2495",1,"TUR"
"34","2496",1,"TUR"
"101","2496",1,"TUR"
"288","2496",3,"TUR"
"1531","2496",1,"TUR"
"22","2497",2,"TUR"
"23","2497",1,"TUR"
"162","2497",1,"TUR"
"305","2497",1,"TUR"
"797","2497",1,"TUR"
"5","2498",1,"TUR"
"23","2498",1,"TUR"
"70","2498",1,"TUR"
"168","2498",1,"TUR"
"569","2498",1,"TUR"
"1108","2498",1,"TUR"
"2093","2498",1,"TUR"
"7","2499",1,"TUR"
"40","2499",1,"TUR"
"136","2499",1,"TUR"
"211","2499",1,"TUR"
"385","2499",1,"TUR"
"1237","2499",1,"TUR"
"1","2500",1,"TUR"
"4","2500",1,"TUR"
"5","2500",1,"TUR"
"10","2500",1,"TUR"
"11","2500",1,"TUR"
"20","2500",1,"TUR"
"5","2501",1,"TUR"
"134","2501",1,"TUR"
"156","2501",1,"TUR"
"1828","2501",1,"TUR"
"18","2502",1,"TUR"
"74","2502",1,"TUR"
"167","2502",1,"TUR"
"763","2502",1,"TUR"
"855","2502",1,"TUR"
"939","2502",1,"TUR"
"1089","2502",1,"TUR"
"2119","2502",1,"TUR"
"2","2503",2,"TUR"
"70","2503",1,"TUR"
"224","2503",1,"TUR"
"431","2503",1,"TUR"
"2","2504",1,"TUR"
"124","2504",1,"TUR"
"157","2504",1,"TUR"
"225","2504",1,"TUR"
"488","2504",1,"TUR"
"776","2504",1,"TUR"
"1760","2504",1,"TUR"
"10","2505",1,"TUR"
"407","2505",1,"TUR"
"1178","2505",1,"TUR"
"1184","2505",1,"TUR"
"1","2506",1,"TUR"
"7","2506",2,"TUR"
"8","2506",1,"TUR"
"490","2506",1,"TUR"
"1025","2506",1,"TUR"
"14","2507",1,"TUR"
"20","2507",1,"TUR"
"70","2507",1,"TUR"
"129","2507",2,"TUR"
"7","2508",1,"TUR"
"30","2508",1,"TUR"
"84","2508",1,"TUR"
"130","2508",1,"TUR"
"754","2508",2,"TUR"
"914","2508",1,"TUR"
"1695","2508",1,"TUR"
"18","2509",1,"TUR"
"37","2509",1,"TUR"
"92","2509",1,"TUR"
"884","2509",1,"TUR"
"914","2509",1,"TUR"
"2123","2509",1,"TUR"
"2434","2509",1,"TUR"
"32","2510",1,"TUR"
"64","2510",1,"TUR"
"167","2510",1,"TUR"
"169","2510",1,"TUR"
"1","2511",1,"TUR"
"40","2511",1,"TUR"
"49","2511",1,"TUR"
"954","2511",1,"TUR"
"5","2512",1,"TUR"
"119","2512",1,"TUR"
"161","2512",1,"TUR"
"181","2512",1,"TUR"
"206","2512",1,"TUR"
"1332","2512",1,"TUR"
"34","2513",1,"TUR"
"731","2513",1,"TUR"
"1124","2513",1,"TUR"
"11","2514",1,"TUR"
"15","2514",1,"TUR"
"33","2514",1,"TUR"
"305","2514",1,"TUR"
"635","2514",2,"TUR"
"3","2515",1,"TUR"
"18","2515",1,"TUR"
"53","2515",1,"TUR"
"77","2515",1,"TUR"
"185","2515",1,"TUR"
"1579","2515",1,"TUR"
"2355","2515",1,"TUR"
"18","2516",1,"TUR"
"46","2516",1,"TUR"
"141","2516",1,"TUR"
"157","2516",1,"TUR"
"257","2516",1,"TUR"
"357","2516",1,"TUR"
"828","2516",1,"TUR"
"2075","2516",1,"TUR"
"4","2517",1,"TUR"
"179","2517",1,"TUR"
"1290","2517",1,"TUR"
"2095","2517",1,"TUR"
"34","2518",1,"TUR"
"123","2518",1,"TUR"
"1010","2518",1,"TUR"
"1157","2518",1,"TUR"
"1469","2518",1,"TUR"
"5","2519",1,"TUR"
"6","2519",1,"TUR"
"428","2519",1,"TUR"
"515","2519",1,"TUR"
"603","2519",1,"TUR"
"758","2519",1,"TUR"
"156","2520",1,"TUR"
"417","2520",3,"TUR"
"523","2520",1,"TUR"
"1502","2520",1,"TUR"
"1","2521",1,"TUR"
"7","2521",1,"TUR"
"95","2521",2,"TUR"
"113","2521",1,"TUR"
"231","2521",1,"TUR"
"954","2521",1,"TUR"
"1","2522",1,"TUR"
"687","2522",1,"TUR"
"1897","2522",1,"TUR"
"1","2523",1,"TUR"
"24","2523",1,"TUR"
"145","2523",1,"TUR"
"316","2523",1,"TUR"
"396","2523",1,"TUR"
"1574","2523",1,"TUR"
"2","2524",1,"TUR"
"8","2524",1,"TUR"
"20","2524",1,"TUR"
"65","2524",1,"TUR"
"155","2524",1,"TUR"
"356","2524",1,"TUR"
"3","2525",1,"TUR"
"173","2525",1,"TUR"
"215","2525",1,"TUR"
"437","2525",1,"TUR"
"767","2525",1,"TUR"
"1","2526",1,"TUR"
"78","2526",2,"TUR"
"201","2526",1,"TUR"
"455","2526",1,"TUR"
"134","2527",1,"TUR"
"188","2527",1,"TUR"
"1552","2527",1,"TUR"
"1783","2527",1,"TUR"
"2211","2527",1,"TUR"
"136","2529",1,"TUR"
"734","2529",1,"TUR"
"1017","2529",1,"TUR"
"1104","2529",2,"TUR"
"1445","2529",1,"TUR"
"11","2530",1,"TUR"
"87","2530",1,"TUR"
"177","2530",1,"TUR"
"298","2530",1,"TUR"
"1247","2530",1,"TUR"
"72","2531",1,"TUR"
"206","2531",1,"TUR"
"232","2531",1,"TUR"
"301","2531",1,"TUR"
"1499","2531",1,"TUR"
"2455","2531",1,"TUR"
"2","2532",1,"TUR"
"202","2532",1,"TUR"
"451","2532",1,"TUR"
"576","2532",1,"TUR"
"715","2532",1,"TUR"
"756","2532",1,"TUR"
"1","2533",1,"TUR"
"104","2533",1,"TUR"
"1307","2533",1,"TUR"
"2070","2533",1,"TUR"
"2","2534",1,"TUR"
"88","2534",1,"TUR"
"395","2534",1,"TUR"
"1464","2534",2,"TUR"
"2171","2534",1,"TUR"
"465","2535",3,"TUR"
"690","2535",1,"TUR"
"724","2535",1,"TUR"
"1112","2535",1,"TUR"
"1127","2535",1,"TUR"
"19","2536",1,"TUR"
"38","2536",1,"TUR"
"276","2536",3,"TUR"
"2","2537",1,"TUR"
"3","2537",1,"TUR"
"532","2537",1,"TUR"
"1082","2537",1,"TUR"
"106","2538",1,"TUR"
"1122","2538",2,"TUR"
"2000","2538",1,"TUR"
"2","2539",2,"TUR"
"29","2539",1,"TUR"
"36","2539",1,"TUR"
"37","2539",1,"TUR"
"621","2539",1,"TUR"
"1","2540",1,"TUR"
"299","2540",1,"TUR"
"340","2540",1,"TUR"
"480","2540",1,"TUR"
"742","2540",1,"TUR"
"1","2541",1,"TUR"
"62","2541",2,"TUR"
"129","2541",1,"TUR"
"779","2541",1,"TUR"
"840","2541",1,"TUR"
"1344","2541",1,"TUR"
"1","2542",1,"TUR"
"2","2542",1,"TUR"
"163","2542",1,"TUR"
"369","2542",1,"TUR"
"1","2543",1,"TUR"
"2","2543",1,"TUR"
"320","2543",1,"TUR"
"1903","2543",1,"TUR"
"29","2544",1,"TUR"
"826","2544",1,"TUR"
"863","2544",1,"TUR"
"1513","2544",1,"TUR"
"4","2545",1,"TUR"
"44","2545",1,"TUR"
"265","2545",1,"TUR"
"425","2545",1,"TUR"
"450","2545",1,"TUR"
"63","2546",1,"TUR"
"133","2546",1,"TUR"
"147","2546",1,"TUR"
"275","2546",1,"TUR"
"2475","2546",1,"TUR"
"50","2547",1,"TUR"
"200","2547",1,"TUR"
"220","2547",1,"TUR"
"480","2547",1,"TUR"
"666","2547",1,"TUR"
"34","2548",3,"TUR"
"155","2548",1,"TUR"
"173","2548",1,"TUR"
"849","2548",1,"TUR"
"1063","2548",1,"TUR"
"18","2549",1,"TUR"
"42","2549",2,"TUR"
"105","2549",1,"TUR"
"240","2549",1,"TUR"
"274","2549",1,"TUR"
"761","2549",1,"TUR"
"1","2550",2,"TUR"
"14","2550",1,"TUR"
"36","2550",1,"TUR"
"1398","2550",1,"TUR"
"2213","2550",1,"TUR"
"2","2551",1,"TUR"
"46","2551",1,"TUR"
"72","2551",1,"TUR"
"278","2551",1,"TUR"
"777","2551",1,"TUR"
"838","2551",1,"TUR"
"1402","2551",1,"TUR"
"1","2552",1,"TUR"
"6","2552",1,"TUR"
"30","2552",2,"TUR"
"86","2552",1,"TUR"
"114","2553",1,"TUR"
"733","2553",1,"TUR"
"907","2553",1,"TUR"
"1581","2553",1,"TUR"
"1782","2553",1,"TUR"
"4","2554",1,"TUR"
"25","2554",1,"TUR"
"42","2554",2,"TUR"
"143","2554",1,"TUR"
"188","2554",1,"TUR"
"400","2554",1,"TUR"
"18","2555",1,"TUR"
"52","2555",1,"TUR"
"96","2555",1,"TUR"
"180","2555",2,"TUR"
"242","2555",1,"TUR"
"835","2555",1,"TUR"
"2523","2555",1,"TUR"
"2","2556",1,"TUR"
"70","2556",1,"TUR"
"437","2556",1,"TUR"
"1","2557",1,"TUR"
"16","2557",1,"TUR"
"371","2557",2,"TUR"
"1416","2557",2,"TUR"
"1853","2557",1,"TUR"
"2187","2557",1,"TUR"
"1","2558",3,"TUR"
"3","2558",1,"TUR"
"13","2558",1,"TUR"
"1","2559",1,"TUR"
"29","2559",1,"TUR"
"640","2559",1,"TUR"
"2002","2559",1,"TUR"
"4","2560",1,"TUR"
"16","2560",1,"TUR"
"94","2560",1,"TUR"
"280","2560",1,"TUR"
"553","2560",2,"TUR"
"1031","2560",1,"TUR"
"5","2561",1,"TUR"
"79","2561",1,"TUR"
"291","2561",1,"TUR"
"498","2561",1,"TUR"
"699","2561",1,"TUR"
"1862","2561",1,"TUR"
"2329","2561",1,"TUR"
"185","2562",1,"TUR"
"436","2562",1,"TUR"
"828","2562",1,"TUR"
"1078","2562",1,"TUR"
"1283","2562",1,"TUR"
"1693","2562",2,"TUR"
"2","2563",1,"TUR"
"3","2563",1,"TUR"
"502","2563",4,"TUR"
"205","2564",1,"TUR"
"295","2564",1,"TUR"
"361","2564",1,"TUR"
"412","2564",1,"TUR"
"430","2564",1,"TUR"
"459","2564",1,"TUR"
"2228","2564",1,"TUR"
"96","2565",1,"TUR"
"216","2565",1,"TUR"
"706","2565",1,"TUR"
"32","2566",2,"TUR"
"597","2566",1,"TUR"
"1740","2566",1,"TUR"
"410","2567",1,"TUR"
"415","2567",1,"TUR"
"486","2567",1,"TUR"
"1995","2567",1,"TUR"
"2239","2567",1,"TUR"
"180","2568",4,"TUR"
"468","2568",2,"TUR"
"541","2568",1,"TUR"
"1534","2568",1,"TUR"
"1","2569",1,"TUR"
"2","2569",1,"TUR"
"16","2569",1,"TUR"
"44","2569",1,"TUR"
"329","2569",1,"TUR"
"357","2569",1,"TUR"
"765","2569",1,"TUR"
"33","2570",2,"TUR"
"618","2570",1,"TUR"
"666","2570",2,"TUR"
"770","2570",1,"TUR"
"1","2571",1,"TUR"
"200","2571",1,"TUR"
"1181","2571",1,"TUR"
"2199","2571",1,"TUR"
"7","2572",1,"TUR"
"17","2572",1,"TUR"
"179","2572",1,"TUR"
"478","2572",1,"TUR"
"2178","2572",1,"TUR"
"2295","2572",1,"TUR"
"2","2573",1,"TUR"
"5","2573",1,"TUR"
"30","2573",1,"TUR"
"448","2573",1,"TUR"
"721","2573",1,"TUR"
"848","2573",1,"TUR"
"1304","2573",1,"TUR"
"1","2574",1,"TUR"
"524","2574",1,"TUR"
"2144","2574",1,"TUR"
"2370","2574",1,"TUR"
"20","2575",3,"TUR"
"174","2575",1,"TUR"
"12","2576",1,"TUR"
"28","2576",1,"TUR"
"31","2576",1,"TUR"
"112","2576",2,"TUR"
"1799","2576",1,"TUR"
"2287","2576",1,"TUR"
"1","2577",2,"TUR"
"202","2577",1,"TUR"
"321","2577",1,"TUR"
"572","2577",1,"TUR"
"844","2577",1,"TUR"
"1","2578",2,"TUR"
"41","2578",2,"TUR"
"312","2578",1,"TUR"
"743","2578",1,"TUR"
"1681","2579",1,"TUR"
"1735","2579",1,"TUR"
"1831","2579",1,"TUR"
"20","2580",3,"TUR"
"2146","2580",1,"TUR"
"43","2581",1,"TUR"
"1062","2581",1,"TUR"
"1139","2581",1,"TUR"
"4","2582",1,"TUR"
"65","2582",1,"TUR"
"538","2582",1,"TUR"
"1497","2582",1,"TUR"
"1780","2582",1,"TUR"
"2121","2582",1,"TUR"
"4","2583",1,"TUR"
"18","2583",1,"TUR"
"110","2583",1,"TUR"
"510","2583",1,"TUR"
"796","2583",1,"TUR"
"1886","2583",1,"TUR"
"1938","2583",1,"TUR"
"1","2584",1,"TUR"
"2","2584",1,"TUR"
"3","2584",1,"TUR"
"62","2584",1,"TUR"
"118","2584",1,"TUR"
"1220","2584",1,"TUR"
"1812","2584",1,"TUR"
"74","2585",1,"TUR"
"81","2585",1,"TUR"
"169","2585",1,"TUR"
"530","2585",1,"TUR"
"1316","2585",1,"TUR"
"1","2586",1,"TUR"
"3","2586",1,"TUR"
"5","2586",1,"TUR"
"7","2586",1,"TUR"
"318","2586",1,"TUR"
"377","2586",1,"TUR"
"1964","2586",1,"TUR"
"1","2587",1,"TUR"
"6","2587",1,"TUR"
"26","2587",1,"TUR"
"34","2587",1,"TUR"
"52","2587",1,"TUR"
"220","2587",1,"TUR"
"1137","2587",1,"TUR"
"318","2588",4,"TUR"
"2223","2588",1,"TUR"
"135","2589",1,"TUR"
"243","2589",1,"TUR"
"821","2589",1,"TUR"
"1497","2589",1,"TUR"
"32","2590",1,"TUR"
"118","2590",2,"TUR"
"357","2590",1,"TUR"
"421","2590",1,"TUR"
"431","2590",1,"TUR"
"451","2590",1,"TUR"
"942","2590",1,"TUR"
"2","2591",2,"TUR"
"59","2591",1,"TUR"
"117","2591",3,"TUR"
"756","2591",1,"TUR"
"2130","2591",1,"TUR"
"4","2592",1,"TUR"
"440","2592",1,"TUR"
"1345","2592",1,"TUR"
"2222","2592",1,"TUR"
"1","2593",1,"TUR"
"101","2593",1,"TUR"
"352","2593",1,"TUR"
"639","2593",1,"TUR"
"827","2593",1,"TUR"
"6","2594",1,"TUR"
"19","2594",1,"TUR"
"146","2594",1,"TUR"
"1165","2594",1,"TUR"
"1495","2594",1,"TUR"
"2489","2594",1,"TUR"
"97","2595",1,"TUR"
"789","2595",1,"TUR"
"865","2595",1,"TUR"
"997","2595",1,"TUR"
"1831","2595",1,"TUR"
"1","2596",1,"TUR"
"3","2596",1,"TUR"
"14","2596",1,"TUR"
"85","2596",1,"TUR"
"2019","2596",1,"TUR"
"2111","2596",1,"TUR"
"104","2597",2,"TUR"
"191","2597",1,"TUR"
"1763","2597",4,"TUR"
"19","2598",1,"TUR"
"25","2598",1,"TUR"
"34","2598",1,"TUR"
"36","2598",1,"TUR"
"747","2598",1,"TUR"
"2","2599",1,"TUR"
"376","2599",1,"TUR"
"980","2599",1,"TUR"
"2200","2599",1,"TUR"
"4","2600",1,"TUR"
"7","2600",1,"TUR"
"14","2600",1,"TUR"
"315","2600",1,"TUR"
"206","2601",1,"TUR"
"440","2601",1,"TUR"
"608","2601",1,"TUR"
"1123","2601",1,"TUR"
"1786","2601",1,"TUR"
"1","2602",1,"TUR"
"30","2602",1,"TUR"
"547","2602",1,"TUR"
"562","2602",1,"TUR"
"632","2602",1,"TUR"
"735","2602",1,"TUR"
"941","2602",1,"TUR"
"52","2603",1,"TUR"
"1042","2603",1,"TUR"
"1353","2603",1,"TUR"
"1622","2603",1,"TUR"
"2543","2603",1,"TUR"
"146","2604",2,"TUR"
"283","2604",1,"TUR"
"495","2604",2,"TUR"
"1431","2604",1,"TUR"
"1586","2604",1,"TUR"
"96","2605",1,"TUR"
"154","2605",1,"TUR"
"511","2605",1,"TUR"
"613","2605",1,"TUR"
"651","2605",1,"TUR"
"708","2605",1,"TUR"
"1748","2605",1,"TUR"
"4","2606",2,"TUR"
"33","2606",1,"TUR"
"425","2606",1,"TUR"
"1939","2606",1,"TUR"
"2","2607",1,"TUR"
"7","2607",1,"TUR"
"243","2607",1,"TUR"
"247","2607",2,"TUR"
"708","2607",1,"TUR"
"2605","2607",1,"TUR"
"8","2608",1,"TUR"
"43","2608",1,"TUR"
"161","2608",1,"TUR"
"337","2608",1,"TUR"
"407","2608",1,"TUR"
"758","2608",1,"TUR"
"5","2609",2,"TUR"
"63","2609",1,"TUR"
"239","2609",1,"TUR"
"247","2609",1,"TUR"
"818","2609",1,"TUR"
"7","2610",1,"TUR"
"36","2610",1,"TUR"
"407","2610",1,"TUR"
"917","2610",1,"TUR"
"980","2610",1,"TUR"
"1565","2610",1,"TUR"
"1737","2610",1,"TUR"
"2448","2610",1,"TUR"
"12","2611",1,"TUR"
"21","2611",1,"TUR"
"97","2611",1,"TUR"
"137","2611",2,"TUR"
"811","2611",1,"TUR"
"910","2611",1,"TUR"
"544","2612",1,"TUR"
"579","2612",1,"TUR"
"1023","2612",1,"TUR"
"1147","2612",1,"TUR"
"1746","2612",2,"TUR"
"2517","2612",1,"TUR"
"5","2613",1,"TUR"
"56","2613",1,"TUR"
"203","2613",1,"TUR"
"532","2613",1,"TUR"
"824","2613",2,"TUR"
"6","2614",1,"TUR"
"88","2614",1,"TUR"
"1258","2614",1,"TUR"
"1707","2614",1,"TUR"
"250","2615",1,"TUR"
"425","2615",1,"TUR"
"605","2615",1,"TUR"
"626","2615",1,"TUR"
"1256","2615",1,"TUR"
"1269","2615",1,"TUR"
"62","2616",1,"TUR"
"65","2616",1,"TUR"
"133","2616",1,"TUR"
"2062","2616",1,"TUR"
"2272","2616",1,"TUR"
"22","2617",1,"TUR"
"36","2617",1,"TUR"
"154","2617",2,"TUR"
"227","2617",1,"TUR"
"1143","2617",1,"TUR"
"1","2618",1,"TUR"
"308","2618",1,"TUR"
"318","2618",1,"TUR"
"693","2618",1,"TUR"
"370","2619",1,"TUR"
"421","2619",1,"TUR"
"439","2619",2,"TUR"
"555","2619",1,"TUR"
"908","2619",1,"TUR"
"1377","2619",1,"TUR"
"6","2620",2,"TUR"
"1349","2620",1,"TUR"
"22","2621",1,"TUR"
"382","2621",1,"TUR"
"631","2621",1,"TUR"
"791","2621",1,"TUR"
"1006","2621",1,"TUR"
"1982","2621",1,"TUR"
"498","2622",1,"TUR"
"566","2622",1,"TUR"
"828","2622",1,"TUR"
"1034","2622",1,"TUR"
"1144","2622",1,"TUR"
"1340","2622",1,"TUR"
"1727","2622",1,"TUR"
"32","2623",2,"TUR"
"34","2623",1,"TUR"
"229","2623",2,"TUR"
"370","2623",1,"TUR"
"1","2624",1,"TUR"
"46","2624",1,"TUR"
"318","2624",1,"TUR"
"823","2624",2,"TUR"
"31","2625",1,"TUR"
"226","2625",1,"TUR"
"1327","2625",1,"TUR"
"1473","2625",1,"TUR"
"10","2626",1,"TUR"
"386","2626",1,"TUR"
"1524","2626",1,"TUR"
"1697","2626",1,"TUR"
"1731","2626",1,"TUR"
"80","2627",1,"TUR"
"637","2627",1,"TUR"
"960","2627",1,"TUR"
"1949","2627",1,"TUR"
"2150","2627",1,"TUR"
"2288","2627",1,"TUR"
"87","2628",1,"TUR"
"1153","2628",1,"TUR"
"96","2629",1,"TUR"
"132","2629",1,"TUR"
"275","2629",1,"TUR"
"467","2629",1,"TUR"
"533","2629",1,"TUR"
"2115","2629",1,"TUR"
"21","2630",1,"TUR"
"67","2630",1,"TUR"
"318","2631",1,"TUR"
"336","2631",2,"TUR"
"681","2631",1,"TUR"
"823","2631",1,"TUR"
"1165","2631",1,"TUR"
"2368","2631",1,"TUR"
"22","2632",1,"TUR"
"44","2632",1,"TUR"
"271","2632",1,"TUR"
"623","2632",1,"TUR"
"1116","2632",1,"TUR"
"1680","2632",1,"TUR"
"2600","2632",1,"TUR"
"6","2633",2,"TUR"
"200","2633",2,"TUR"
"500","2633",1,"TUR"
"1330","2633",1,"TUR"
"1927","2633",1,"TUR"
"308","2634",1,"TUR"
"318","2634",1,"TUR"
"336","2634",1,"TUR"
"366","2634",1,"TUR"
"370","2634",1,"TUR"
"43","2635",1,"TUR"
"1221","2635",1,"TUR"
"1948","2635",1,"TUR"
"2518","2635",1,"TUR"
"4","2636",1,"TUR"
"7","2636",1,"TUR"
"19","2636",1,"TUR"
"102","2636",1,"TUR"
"993","2636",1,"TUR"
"2149","2636",1,"TUR"
"1","2637",2,"TUR"
"389","2637",1,"TUR"
"764","2637",2,"TUR"
"1786","2637",1,"TUR"
"1","2638",4,"TUR"
"48","2638",1,"TUR"
"53","2638",1,"TUR"
"53","2639",1,"TUR"
"413","2639",1,"TUR"
"1460","2639",1,"TUR"
"1","2640",1,"TUR"
"13","2640",1,"TUR"
"98","2640",1,"TUR"
"134","2640",1,"TUR"
"568","2640",1,"TUR"
"647","2640",1,"TUR"
"694","2640",1,"TUR"
"1","2641",1,"TUR"
"236","2641",1,"TUR"
"2030","2641",1,"TUR"
"1","2642",2,"TUR"
"31","2642",1,"TUR"
"178","2642",1,"TUR"
"819","2642",1,"TUR"
"2086","2642",1,"TUR"
"6","2643",1,"TUR"
"351","2643",1,"TUR"
"701","2643",1,"TUR"
"966","2643",1,"TUR"
"1859","2643",1,"TUR"
"2103","2643",1,"TUR"
"2182","2643",1,"TUR"
"4","2644",1,"TUR"
"1391","2644",1,"TUR"
"1940","2644",1,"TUR"
"2111","2644",1,"TUR"
"2256","2644",1,"TUR"
"2315","2644",1,"TUR"
"4","2645",1,"TUR"
"42","2645",1,"TUR"
"891","2645",1,"TUR"
"3","2646",2,"TUR"
"6","2646",1,"TUR"
"8","2646",1,"TUR"
"89","2646",1,"TUR"
"1761","2646",1,"TUR"
"1","2647",1,"TUR"
"44","2647",1,"TUR"
"51","2647",1,"TUR"
"103","2647",1,"TUR"
"269","2647",1,"TUR"
"1213","2647",1,"TUR"
"2396","2647",1,"TUR"
"7","2648",1,"TUR"
"544","2648",1,"TUR"
"642","2648",1,"TUR"
"2","2649",1,"TUR"
"26","2649",1,"TUR"
"56","2649",1,"TUR"
"1724","2649",1,"TUR"
"1035","2650",4,"TUR"
"1100","2650",2,"TUR"
"1862","2650",1,"TUR"
"10","2651",1,"TUR"
"1417","2651",1,"TUR"
"1958","2651",1,"TUR"
"2608","2651",1,"TUR"
"1","2652",1,"TUR"
"6","2652",2,"TUR"
"62","2652",1,"TUR"
"148","2652",1,"TUR"
"259","2652",1,"TUR"
"494","2652",1,"TUR"
"36","2653",1,"TUR"
"683","2653",1,"TUR"
"705","2653",1,"TUR"
"825","2653",1,"TUR"
"189","2654",3,"TUR"
"217","2654",3,"TUR"
"527","2655",3,"TUR"
"2102","2655",1,"TUR"
"6","2656",1,"TUR"
"109","2656",1,"TUR"
"136","2656",1,"TUR"
"300","2656",1,"TUR"
"991","2656",1,"TUR"
"2116","2656",1,"TUR"
"34","2657",1,"TUR"
"285","2657",1,"TUR"
"399","2657",1,"TUR"
"1016","2657",1,"TUR"
"1274","2657",1,"TUR"
"1782","2657",1,"TUR"
"2","2658",1,"TUR"
"6","2658",1,"TUR"
"22","2658",1,"TUR"
"46","2658",1,"TUR"
"85","2658",1,"TUR"
"2418","2658",1,"TUR"
"89","2659",1,"TUR"
"93","2659",1,"TUR"
"120","2659",1,"TUR"
"762","2659",1,"TUR"
"852","2659",1,"TUR"
"1060","2659",1,"TUR"
"23","2660",1,"TUR"
"65","2660",1,"TUR"
"1369","2660",1,"TUR"
"1909","2660",1,"TUR"
"2660","2660",1,"TUR"
"175","2661",1,"TUR"
"250","2661",3,"TUR"
"469","2661",1,"TUR"
"1","2662",1,"TUR"
"12","2662",2,"TUR"
"19","2662",1,"TUR"
"63","2662",1,"TUR"
"9","2663",1,"TUR"
"138","2663",1,"TUR"
"721","2663",1,"TUR"
"6","2664",1,"TUR"
"34","2664",1,"TUR"
"45","2664",1,"TUR"
"246","2664",1,"TUR"
"525","2664",1,"TUR"
"653","2664",1,"TUR"
"1636","2664",1,"TUR"
"2623","2664",1,"TUR"
"5","2665",1,"TUR"
"7","2665",1,"TUR"
"77","2665",1,"TUR"
"108","2665",1,"TUR"
"161","2665",1,"TUR"
"996","2665",1,"TUR"
"1092","2665",1,"TUR"
"1144","2665",1,"TUR"
"307","2666",1,"TUR"
"465","2666",1,"TUR"
"507","2666",1,"TUR"
"562","2666",1,"TUR"
"2469","2666",1,"TUR"
"2","2667",3,"TUR"
"62","2667",1,"TUR"
"50","2668",1,"TUR"
"166","2668",2,"TUR"
"329","2668",1,"TUR"
"378","2668",1,"TUR"
"717","2668",1,"TUR"
"1276","2668",1,"TUR"
"19","2669",1,"TUR"
"298","2669",1,"TUR"
"476","2669",1,"TUR"
"1148","2669",1,"TUR"
"1432","2669",1,"TUR"
"1521","2669",1,"TUR"
"1577","2669",1,"TUR"
"1","2670",1,"TUR"
"17","2670",1,"TUR"
"56","2670",1,"TUR"
"216","2670",1,"TUR"
"473","2670",1,"TUR"
"523","2670",1,"TUR"
"1","2671",1,"TUR"
"3","2671",1,"TUR"
"10","2671",1,"TUR"
"17","2671",1,"TUR"
"24","2671",1,"TUR"
"64","2671",1,"TUR"
"369","2671",1,"TUR"
"13","2672",1,"TUR"
"49","2672",1,"TUR"
"91","2672",1,"TUR"
"924","2672",1,"TUR"
"1497","2672",1,"TUR"
"3","2673",1,"TUR"
"13","2673",1,"TUR"
"544","2673",1,"TUR"
"815","2673",1,"TUR"
"1142","2673",1,"TUR"
"150","2674",1,"TUR"
"160","2674",1,"TUR"
"169","2674",1,"TUR"
"441","2674",1,"TUR"
"554","2674",1,"TUR"
"717","2674",1,"TUR"
"2196","2674",1,"TUR"
"2260","2674",1,"TUR"
"2","2675",1,"TUR"
"3","2675",1,"TUR"
"34","2675",1,"TUR"
"189","2675",1,"TUR"
"277","2675",1,"TUR"
"1053","2675",1,"TUR"
"1","2676",1,"TUR"
"119","2676",1,"TUR"
"129","2676",1,"TUR"
"358","2676",1,"TUR"
"447","2676",1,"TUR"
"696","2676",1,"TUR"
"1967","2676",1,"TUR"
"2031","2676",1,"TUR"
"1","2677",2,"TUR"
"5","2677",1,"TUR"
"72","2677",1,"TUR"
"393","2677",1,"TUR"
"403","2677",1,"TUR"
"498","2677",1,"TUR"
"31","2678",1,"TUR"
"72","2678",1,"TUR"
"295","2678",1,"TUR"
"357","2678",1,"TUR"
"374","2678",1,"TUR"
"1125","2678",1,"TUR"
"1","2679",1,"TUR"
"2","2679",2,"TUR"
"12","2679",1,"TUR"
"84","2679",1,"TUR"
"674","2679",1,"TUR"
"1","2680",1,"TUR"
"5","2680",1,"TUR"
"21","2680",1,"TUR"
"241","2680",1,"TUR"
"2363","2680",1,"TUR"
"31","2681",2,"TUR"
"46","2681",1,"TUR"
"82","2681",1,"TUR"
"143","2681",1,"TUR"
"404","2681",1,"TUR"
"674","2681",1,"TUR"
"1861","2681",1,"TUR"
"2","2682",1,"TUR"
"81","2682",1,"TUR"
"84","2682",1,"TUR"
"92","2682",1,"TUR"
"137","2682",1,"TUR"
"421","2682",1,"TUR"
"24","2683",1,"TUR"
"2552","2683",1,"TUR"
"5","2684",1,"TUR"
"33","2684",1,"TUR"
"86","2684",1,"TUR"
"183","2684",1,"TUR"
"454","2684",1,"TUR"
"521","2684",1,"TUR"
"781","2684",1,"TUR"
"933","2684",1,"TUR"
"5","2685",1,"TUR"
"6","2685",1,"TUR"
"31","2685",1,"TUR"
"136","2685",1,"TUR"
"970","2685",1,"TUR"
"1164","2685",1,"TUR"
"1","2686",1,"TUR"
"116","2686",1,"TUR"
"183","2686",1,"TUR"
"414","2686",1,"TUR"
"757","2686",1,"TUR"
"900","2686",1,"TUR"
"6","2687",1,"TUR"
"32","2687",1,"TUR"
"903","2687",1,"TUR"
"1509","2687",2,"TUR"
"4","2688",1,"TUR"
"7","2688",1,"TUR"
"120","2688",1,"TUR"
"544","2688",1,"TUR"
"6","2689",1,"TUR"
"246","2689",1,"TUR"
"401","2689",1,"TUR"
"1164","2689",1,"TUR"
"2154","2689",1,"TUR"
"54","2690",1,"TUR"
"149","2690",1,"TUR"
"893","2690",1,"TUR"
"996","2690",1,"TUR"
"1342","2690",1,"TUR"
"1759","2690",1,"TUR"
"2272","2690",1,"TUR"
"1","2691",1,"TUR"
"275","2691",1,"TUR"
"2007","2691",1,"TUR"
"74","2692",1,"TUR"
"162","2692",1,"TUR"
"1110","2692",1,"TUR"
"1207","2692",1,"TUR"
"1","2693",1,"TUR"
"3","2693",1,"TUR"
"163","2693",1,"TUR"
"432","2693",1,"TUR"
"918","2693",1,"TUR"
"1551","2693",1,"TUR"
"1974","2693",1,"TUR"
"44","2694",2,"TUR"
"649","2694",1,"TUR"
"844","2694",1,"TUR"
"1010","2694",2,"TUR"
"1053","2694",1,"TUR"
"54","2695",1,"TUR"
"63","2695",1,"TUR"
"76","2695",1,"TUR"
"100","2695",1,"TUR"
"641","2695",1,"TUR"
"1551","2695",1,"TUR"
"381","2696",2,"TUR"
"1079","2696",1,"TUR"
"1750","2696",1,"TUR"
"1891","2696",1,"TUR"
"1974","2696",1,"TUR"
"11","2697",1,"TUR"
"18","2697",1,"TUR"
"44","2697",1,"TUR"
"172","2697",1,"TUR"
"684","2697",1,"TUR"
"871","2697",1,"TUR"
"885","2697",1,"TUR"
"2036","2697",1,"TUR"
"1","2698",1,"TUR"
"234","2698",1,"TUR"
"244","2698",1,"TUR"
"1180","2698",1,"TUR"
"1824","2698",1,"TUR"
"74","2699",1,"TUR"
"103","2699",1,"TUR"
"106","2699",1,"TUR"
"694","2699",1,"TUR"
"2160","2699",1,"TUR"
"1","2700",1,"TUR"
"39","2700",1,"TUR"
"320","2700",1,"TUR"
"472","2700",1,"TUR"
"505","2700",1,"TUR"
"151","2701",1,"TUR"
"742","2701",1,"TUR"
"827","2701",1,"TUR"
"1022","2701",1,"TUR"
"1543","2701",1,"TUR"
"1579","2701",1,"TUR"
"15","2702",4,"TUR"
"5","2703",1,"TUR"
"62","2703",1,"TUR"
"72","2703",1,"TUR"
"299","2703",1,"TUR"
"607","2703",1,"TUR"
"783","2703",1,"TUR"
"795","2704",1,"TUR"
"1573","2704",1,"TUR"
"2492","2704",1,"TUR"
"7","2705",2,"TUR"
"555","2705",1,"TUR"
"1358","2705",1,"TUR"
"1","2706",1,"TUR"
"57","2706",1,"TUR"
"68","2706",1,"TUR"
"571","2706",1,"TUR"
"759","2706",1,"TUR"
"1","2707",1,"TUR"
"29","2707",1,"TUR"
"125","2707",1,"TUR"
"246","2707",1,"TUR"
"911","2707",1,"TUR"
"1469","2707",1,"TUR"
"85","2708",1,"TUR"
"224","2708",1,"TUR"
"880","2708",1,"TUR"
"1129","2708",1,"TUR"
"2268","2708",1,"TUR"
"74","2709",1,"TUR"
"76","2709",1,"TUR"
"107","2709",1,"TUR"
"113","2710",1,"TUR"
"926","2710",1,"TUR"
"1725","2710",1,"TUR"
"2503","2710",1,"TUR"
"34","2711",1,"TUR"
"68","2711",1,"TUR"
"106","2711",1,"TUR"
"120","2711",1,"TUR"
"161","2711",1,"TUR"
"185","2711",1,"TUR"
"1189","2711",1,"TUR"
"3","2712",1,"TUR"
"15","2712",2,"TUR"
"310","2712",2,"TUR"
"438","2712",1,"TUR"
"564","2712",1,"TUR"
"2","2713",1,"TUR"
"65","2713",1,"TUR"
"173","2713",1,"TUR"
"203","2713",1,"TUR"
"400","2713",1,"TUR"
"1145","2713",1,"TUR"
"2","2714",2,"TUR"
"5","2714",1,"TUR"
"8","2714",2,"TUR"
"240","2714",1,"TUR"
"1378","2714",1,"TUR"
"2","2715",1,"TUR"
"108","2715",1,"TUR"
"323","2715",1,"TUR"
"610","2715",1,"TUR"
"1406","2715",1,"TUR"
"2478","2715",1,"TUR"
"2","2716",1,"TUR"
"120","2716",2,"TUR"
"433","2716",1,"TUR"
"906","2716",3,"TUR"
"2","2717",1,"TUR"
"11","2717",2,"TUR"
"17","2717",1,"TUR"
"18","2717",1,"TUR"
"1178","2717",1,"TUR"
"1187","2717",1,"TUR"
"1212","2717",1,"TUR"
"4","2718",1,"TUR"
"193","2718",1,"TUR"
"1047","2718",1,"TUR"
"1470","2718",1,"TUR"
"1","2719",1,"TUR"
"2","2719",1,"TUR"
"5","2719",2,"TUR"
"587","2719",1,"TUR"
"996","2719",1,"TUR"
"440","2720",1,"TUR"
"769","2720",1,"TUR"
"1011","2720",1,"TUR"
"1458","2720",1,"TUR"
"1503","2720",1,"TUR"
"90","2721",1,"TUR"
"268","2721",1,"TUR"
"470","2721",1,"TUR"
"659","2721",1,"TUR"
"1767","2721",1,"TUR"
"2367","2721",1,"TUR"
"2690","2721",1,"TUR"
"1","2722",2,"TUR"
"4","2722",1,"TUR"
"14","2722",1,"TUR"
"22","2722",1,"TUR"
"69","2722",1,"TUR"
"782","2722",1,"TUR"
"1","2723",1,"TUR"
"87","2723",1,"TUR"
"239","2723",1,"TUR"
"479","2723",1,"TUR"
"1349","2723",1,"TUR"
"1396","2723",1,"TUR"
"3","2724",1,"TUR"
"4","2724",1,"TUR"
"18","2724",1,"TUR"
"90","2724",1,"TUR"
"106","2724",1,"TUR"
"2370","2724",1,"TUR"
"2595","2724",1,"TUR"
"10","2725",1,"TUR"
"19","2725",1,"TUR"
"24","2725",1,"TUR"
"114","2725",1,"TUR"
"217","2725",1,"TUR"
"428","2725",1,"TUR"
"560","2725",1,"TUR"
"862","2725",1,"TUR"
"314","2726",1,"TUR"
"995","2726",1,"TUR"
"1826","2726",1,"TUR"
"1","2727",1,"TUR"
"10","2727",1,"TUR"
"169","2727",1,"TUR"
"374","2727",1,"TUR"
"557","2727",1,"TUR"
"1520","2727",1,"TUR"
"2","2728",1,"TUR"
"7","2728",1,"TUR"
"8","2728",1,"TUR"
"9","2728",1,"TUR"
"13","2728",1,"TUR"
"1746","2728",1,"TUR"
"2056","2728",1,"TUR"
"2194","2728",1,"TUR"
"70","2729",1,"TUR"
"97","2729",1,"TUR"
"103","2729",1,"TUR"
"1176","2729",1,"TUR"
"1793","2729",1,"TUR"
"2639","2729",1,"TUR"
"1","2730",1,"TUR"
"351","2730",1,"TUR"
"497","2730",1,"TUR"
"505","2730",1,"TUR"
"1204","2730",1,"TUR"
"1445","2730",1,"TUR"
"2","2731",1,"TUR"
"72","2731",1,"TUR"
"580","2731",1,"TUR"
"1","2732",1,"TUR"
"7","2732",1,"TUR"
"20","2732",1,"TUR"
"53","2732",1,"TUR"
"76","2732",1,"TUR"
"93","2732",1,"TUR"
"206","2732",1,"TUR"
"869","2732",1,"TUR"
"1","2733",2,"TUR"
"5","2733",1,"TUR"
"153","2733",1,"TUR"
"232","2733",1,"TUR"
"707","2733",1,"TUR"
"1","2734",1,"TUR"
"7","2734",1,"TUR"
"91","2734",1,"TUR"
"101","2734",1,"TUR"
"234","2734",1,"TUR"
"1","2735",1,"TUR"
"2","2735",1,"TUR"
"7","2735",1,"TUR"
"95","2735",1,"TUR"
"179","2735",1,"TUR"
"458","2735",1,"TUR"
"1","2736",2,"TUR"
"289","2736",1,"TUR"
"347","2736",1,"TUR"
"411","2736",1,"TUR"
"1","2737",1,"TUR"
"2","2737",1,"TUR"
"8","2737",1,"TUR"
"11","2737",1,"TUR"
"97","2737",1,"TUR"
"323","2737",1,"TUR"
"539","2737",1,"TUR"
"1499","2737",1,"TUR"
"419","2738",1,"TUR"
"626","2738",2,"TUR"
"1008","2738",1,"TUR"
"1493","2738",1,"TUR"
"1610","2738",1,"TUR"
"2645","2738",1,"TUR"
"926","2739",3,"TUR"
"1218","2739",1,"TUR"
"1584","2739",1,"TUR"
"22","2740",1,"TUR"
"463","2740",1,"TUR"
"694","2740",1,"TUR"
"903","2740",3,"TUR"
"997","2740",1,"TUR"
"6","2741",2,"TUR"
"189","2741",1,"TUR"
"316","2741",1,"TUR"
"660","2741",1,"TUR"
"76","2742",1,"TUR"
"88","2742",1,"TUR"
"301","2742",1,"TUR"
"1379","2742",1,"TUR"
"2656","2742",1,"TUR"
"11","2743",1,"TUR"
"58","2743",1,"TUR"
"87","2743",1,"TUR"
"172","2743",1,"TUR"
"382","2743",1,"TUR"
"1709","2743",1,"TUR"
"1985","2743",1,"TUR"
"2282","2743",1,"TUR"
"4","2744",1,"TUR"
"19","2744",1,"TUR"
"101","2744",1,"TUR"
"221","2744",1,"TUR"
"1441","2744",1,"TUR"
"1","2745",1,"TUR"
"48","2745",1,"TUR"
"2383","2745",2,"TUR"
"7","2746",1,"TUR"
"96","2746",1,"TUR"
"300","2746",1,"TUR"
"411","2746",1,"TUR"
"1273","2746",1,"TUR"
"1884","2746",1,"TUR"
"2151","2746",1,"TUR"
"4","2747",1,"TUR"
"24","2747",1,"TUR"
"591","2747",1,"TUR"
"809","2747",1,"TUR"
"986","2747",2,"TUR"
"90","2748",1,"TUR"
"637","2748",1,"TUR"
"844","2748",1,"TUR"
"1085","2748",1,"TUR"
"1616","2748",1,"TUR"
"75","2749",1,"TUR"
"139","2749",1,"TUR"
"156","2749",1,"TUR"
"191","2749",2,"TUR"
"214","2749",1,"TUR"
"480","2749",1,"TUR"
"1369","2749",1,"TUR"
"65","2750",1,"TUR"
"113","2750",1,"TUR"
"165","2750",1,"TUR"
"200","2750",1,"TUR"
"456","2750",1,"TUR"
"1010","2750",1,"TUR"
"2694","2750",1,"TUR"
"7","2751",1,"TUR"
"12","2751",1,"TUR"
"14","2751",1,"TUR"
"144","2751",1,"TUR"
"500","2751",1,"TUR"
"1390","2751",1,"TUR"
"1857","2751",1,"TUR"
"2093","2751",1,"TUR"
"3","2752",1,"TUR"
"407","2752",1,"TUR"
"865","2752",1,"TUR"
"1579","2752",1,"TUR"
"1796","2752",1,"TUR"
"2210","2752",1,"TUR"
"19","2753",3,"TUR"
"280","2753",1,"TUR"
"2093","2753",1,"TUR"
"2495","2753",3,"TUR"
"941","2754",1,"TUR"
"1230","2754",1,"TUR"
"1","2755",1,"TUR"
"6","2755",1,"TUR"
"92","2755",2,"TUR"
"93","2755",1,"TUR"
"686","2755",1,"TUR"
"1841","2755",1,"TUR"
"1888","2755",1,"TUR"
"4","2756",1,"TUR"
"19","2756",1,"TUR"
"36","2756",1,"TUR"
"64","2756",1,"TUR"
"543","2756",1,"TUR"
"112","2757",1,"TUR"
"147","2757",1,"TUR"
"333","2757",1,"TUR"
"437","2757",1,"TUR"
"534","2757",1,"TUR"
"749","2757",1,"TUR"
"5","2758",1,"TUR"
"10","2758",1,"TUR"
"22","2758",1,"TUR"
"97","2758",1,"TUR"
"156","2758",1,"TUR"
"247","2758",1,"TUR"
"1","2759",1,"TUR"
"3","2759",1,"TUR"
"104","2759",1,"TUR"
"111","2759",1,"TUR"
"194","2759",1,"TUR"
"373","2759",1,"TUR"
"793","2759",1,"TUR"
"1139","2759",1,"TUR"
"1","2760",1,"TUR"
"55","2760",1,"TUR"
"154","2760",1,"TUR"
"1200","2760",1,"TUR"
"1250","2760",1,"TUR"
"1688","2760",1,"TUR"
"2618","2760",1,"TUR"
"12","2761",1,"TUR"
"42","2761",1,"TUR"
"163","2761",1,"TUR"
"1425","2761",3,"TUR"
"48","2762",2,"TUR"
"292","2762",1,"TUR"
"521","2762",3,"TUR"
"793","2762",1,"TUR"
"1519","2762",1,"TUR"
"36","2763",1,"TUR"
"68","2763",1,"TUR"
"479","2763",1,"TUR"
"944","2763",1,"TUR"
"2647","2763",1,"TUR"
"1","2764",1,"TUR"
"4","2764",1,"TUR"
"7","2764",1,"TUR"
"1309","2764",1,"TUR"
"1","2765",1,"TUR"
"119","2765",1,"TUR"
"863","2765",1,"TUR"
"1338","2765",1,"TUR"
"2614","2765",1,"TUR"
"10","2766",1,"TUR"
"18","2766",1,"TUR"
"27","2766",1,"TUR"
"50","2766",1,"TUR"
"201","2766",1,"TUR"
"284","2766",1,"TUR"
"2532","2766",1,"TUR"
"4","2767",1,"TUR"
"35","2767",1,"TUR"
"53","2767",1,"TUR"
"298","2767",1,"TUR"
"500","2767",1,"TUR"
"509","2767",1,"TUR"
"1993","2767",1,"TUR"
"2","2768",1,"TUR"
"6","2768",1,"TUR"
"12","2768",1,"TUR"
"508","2768",1,"TUR"
"1526","2768",1,"TUR"
"3","2769",1,"TUR"
"4","2769",1,"TUR"
"12","2769",1,"TUR"
"132","2769",1,"TUR"
"577","2769",1,"TUR"
"80","2770",1,"TUR"
"206","2770",1,"TUR"
"361","2770",1,"TUR"
"402","2770",1,"TUR"
"1033","2770",1,"TUR"
"1211","2770",1,"TUR"
"1453","2770",1,"TUR"
"19","2771",1,"TUR"
"136","2771",2,"TUR"
"335","2771",3,"TUR"
"1","2772",2,"TUR"
"2","2772",1,"TUR"
"5","2772",1,"TUR"
"412","2772",1,"TUR"
"1088","2772",1,"TUR"
"3","2773",1,"TUR"
"4","2773",1,"TUR"
"146","2773",2,"TUR"
"277","2773",1,"TUR"
"1247","2773",1,"TUR"
"2378","2773",1,"TUR"
"3","2774",1,"TUR"
"212","2774",1,"TUR"
"271","2774",1,"TUR"
"294","2774",1,"TUR"
"341","2774",1,"TUR"
"1347","2774",1,"TUR"
"1526","2774",1,"TUR"
"150","2775",1,"TUR"
"679","2775",1,"TUR"
"782","2775",1,"TUR"
"1623","2775",1,"TUR"
"1986","2775",1,"TUR"
"14","2776",3,"TUR"
"57","2776",3,"TUR"
"689","2776",1,"TUR"
"132","2777",1,"TUR"
"218","2777",2,"TUR"
"320","2777",1,"TUR"
"484","2777",1,"TUR"
"750","2777",1,"TUR"
"1294","2777",1,"TUR"
"1376","2777",1,"TUR"
"465","2778",1,"TUR"
"608","2778",1,"TUR"
"975","2778",1,"TUR"
"980","2778",1,"TUR"
"1140","2778",1,"TUR"
"1304","2778",1,"TUR"
"2055","2778",1,"TUR"
"536","2779",1,"TUR"
"769","2779",1,"TUR"
"771","2779",1,"TUR"
"1495","2779",1,"TUR"
"1956","2779",1,"TUR"
"2","2780",2,"TUR"
"8","2780",1,"TUR"
"91","2780",1,"TUR"
"361","2780",1,"TUR"
"443","2780",1,"TUR"
"2480","2780",1,"TUR"
"2","2781",2,"TUR"
"6","2781",1,"TUR"
"10","2781",2,"TUR"
"113","2781",1,"TUR"
"994","2781",1,"TUR"
"1","2782",1,"TUR"
"68","2782",1,"TUR"
"146","2782",1,"TUR"
"187","2782",1,"TUR"
"1","2783",1,"TUR"
"19","2783",1,"TUR"
"20","2783",1,"TUR"
"307","2783",1,"TUR"
"483","2783",1,"TUR"
"1878","2783",1,"TUR"
"28","2784",1,"TUR"
"39","2784",3,"TUR"
"96","2784",1,"TUR"
"602","2784",1,"TUR"
"2131","2784",1,"TUR"
"1","2785",1,"TUR"
"40","2785",1,"TUR"
"616","2785",1,"TUR"
"844","2785",1,"TUR"
"1320","2785",1,"TUR"
"1514","2785",1,"TUR"
"16","2786",1,"TUR"
"177","2786",3,"TUR"
"815","2786",1,"TUR"
"1","2787",1,"TUR"
"1888","2787",1,"TUR"
"2347","2787",1,"TUR"
"10","2788",1,"TUR"
"14","2788",1,"TUR"
"70","2788",1,"TUR"
"128","2788",2,"TUR"
"631","2788",1,"TUR"
"1360","2788",2,"TUR"
"1","2789",1,"TUR"
"13","2789",1,"TUR"
"41","2789",1,"TUR"
"42","2789",1,"TUR"
"122","2789",1,"TUR"
"418","2789",1,"TUR"
"2712","2789",1,"TUR"
"4","2790",1,"TUR"
"45","2790",1,"TUR"
"104","2790",1,"TUR"
"273","2790",1,"TUR"
"874","2790",1,"TUR"
"1581","2790",1,"TUR"
"690","2791",1,"TUR"
"1387","2791",1,"TUR"
"1922","2791",1,"TUR"
"2768","2791",1,"TUR"
"9","2792",1,"TUR"
"139","2792",1,"TUR"
"393","2792",1,"TUR"
"551","2792",1,"TUR"
"2528","2792",4,"TUR"
"2","2793",1,"TUR"
"382","2793",1,"TUR"
"383","2793",1,"TUR"
"834","2793",1,"TUR"
"2356","2793",1,"TUR"
"9","2794",1,"TUR"
"38","2794",3,"TUR"
"57","2794",1,"TUR"
"331","2794",1,"TUR"
"620","2794",1,"TUR"
"1","2795",1,"TUR"
"50","2795",1,"TUR"
"70","2795",1,"TUR"
"840","2795",1,"TUR"
"1398","2795",1,"TUR"
"22","2796",1,"TUR"
"87","2796",2,"TUR"
"209","2796",1,"TUR"
"672","2796",1,"TUR"
"689","2796",1,"TUR"
"779","2796",1,"TUR"
"2601","2796",1,"TUR"
"4","2797",1,"TUR"
"65","2797",1,"TUR"
"101","2797",1,"TUR"
"964","2797",1,"TUR"
"1990","2797",1,"TUR"
"2205","2797",1,"TUR"
"2445","2797",1,"TUR"
"1","2798",1,"TUR"
"49","2798",1,"TUR"
"443","2798",1,"TUR"
"762","2798",1,"TUR"
"838","2798",1,"TUR"
"1318","2798",1,"TUR"
"1397","2798",1,"TUR"
"3","2799",1,"TUR"
"22","2799",1,"TUR"
"49","2799",1,"TUR"
"298","2799",1,"TUR"
"2429","2799",1,"TUR"
"2481","2799",1,"TUR"
"55","2800",1,"TUR"
"643","2800",1,"TUR"
"1426","2800",1,"TUR"
"1566","2800",1,"TUR"
"1800","2800",1,"TUR"
"2191","2800",1,"TUR"
"35","2801",1,"TUR"
"224","2801",1,"TUR"
"719","2801",1,"TUR"
"967","2801",1,"TUR"
"1271","2801",1,"TUR"
"1325","2801",1,"TUR"
"2250","2801",1,"TUR"
"1","2802",1,"TUR"
"3","2802",1,"TUR"
"6","2802",1,"TUR"
"613","2802",1,"TUR"
"1849","2802",1,"TUR"
"91","2803",1,"TUR"
"418","2803",1,"TUR"
"526","2803",1,"TUR"
"578","2803",1,"TUR"
"618","2803",1,"TUR"
"853","2803",1,"TUR"
"18","2804",1,"TUR"
"28","2804",1,"TUR"
"806","2804",1,"TUR"
"1167","2804",1,"TUR"
"1651","2804",1,"TUR"
"2042","2804",1,"TUR"
"2432","2804",1,"TUR"
"345","2805",1,"TUR"
"669","2805",1,"TUR"
"1446","2805",1,"TUR"
"1489","2805",1,"TUR"
"1591","2805",1,"TUR"
"3","2806",1,"TUR"
"27","2806",1,"TUR"
"242","2806",1,"TUR"
"621","2806",1,"TUR"
"1949","2806",1,"TUR"
"2791","2806",1,"TUR"
"11","2807",1,"TUR"
"87","2807",1,"TUR"
"919","2807",2,"TUR"
"1698","2807",1,"TUR"
"2506","2807",1,"TUR"
"2592","2807",1,"TUR"
"94","2808",2,"TUR"
"269","2808",1,"TUR"
"1110","2808",1,"TUR"
"1698","2808",1,"TUR"
"2447","2808",1,"TUR"
"64","2809",1,"TUR"
"805","2809",1,"TUR"
"1356","2809",1,"TUR"
"1567","2809",1,"TUR"
"1786","2809",1,"TUR"
"2404","2809",1,"TUR"
"2449","2809",1,"TUR"
"11","2810",1,"TUR"
"157","2810",1,"TUR"
"344","2810",1,"TUR"
"759","2810",1,"TUR"
"1232","2810",1,"TUR"
"2139","2810",1,"TUR"
"2433","2810",1,"TUR"
"2764","2810",1,"TUR"
"4","2811",1,"TUR"
"8","2811",1,"TUR"
"71","2811",1,"TUR"
"375","2811",1,"TUR"
"413","2811",1,"TUR"
"641","2811",1,"TUR"
"715","2811",1,"TUR"
"1","2812",2,"TUR"
"45","2812",1,"TUR"
"61","2812",1,"TUR"
"1575","2812",1,"TUR"
"1694","2812",1,"TUR"
"302","2813",4,"TUR"
"427","2813",1,"TUR"
"741","2813",1,"TUR"
"539","2814",3,"TUR"
"1282","2814",1,"TUR"
"23","2815",3,"TUR"
"869","2815",4,"TUR"
"47","2816",1,"TUR"
"832","2816",2,"TUR"
"2013","2816",1,"TUR"
"2795","2816",1,"TUR"
"5","2817",1,"TUR"
"192","2817",1,"TUR"
"290","2817",1,"TUR"
"294","2817",1,"TUR"
"344","2817",1,"TUR"
"950","2817",1,"TUR"
"1674","2817",1,"TUR"
"2008","2817",1,"TUR"
"8","2818",1,"TUR"
"43","2818",1,"TUR"
"1273","2818",3,"TUR"
"1756","2818",1,"TUR"
"6","2819",1,"TUR"
"114","2819",1,"TUR"
"393","2819",1,"TUR"
"910","2819",1,"TUR"
"1425","2819",1,"TUR"
"2656","2819",1,"TUR"
"38","2820",1,"TUR"
"59","2820",2,"TUR"
"117","2820",1,"TUR"
"280","2820",1,"TUR"
"288","2820",1,"TUR"
"341","2820",1,"TUR"
"12","2821",1,"TUR"
"104","2821",3,"TUR"
"742","2821",1,"TUR"
"1073","2821",3,"TUR"
"4","2822",1,"TUR"
"136","2822",2,"TUR"
"230","2822",1,"TUR"
"354","2822",1,"TUR"
"670","2822",1,"TUR"
"1098","2822",1,"TUR"
"1398","2822",1,"TUR"
"2","2823",3,"TUR"
"3","2823",1,"TUR"
"37","2823",1,"TUR"
"154","2823",1,"TUR"
"667","2823",1,"TUR"
"2630","2823",1,"TUR"
"1","2824",1,"TUR"
"5","2824",1,"TUR"
"26","2824",1,"TUR"
"44","2824",1,"TUR"
"1223","2824",1,"TUR"
"1413","2824",1,"TUR"
"4","2825",1,"TUR"
"418","2825",2,"TUR"
"438","2825",1,"TUR"
"2662","2825",1,"TUR"
"1","2826",1,"TUR"
"25","2826",1,"TUR"
"128","2826",1,"TUR"
"910","2826",1,"TUR"
"1609","2826",1,"TUR"
"1697","2826",1,"TUR"
"71","2827",3,"TUR"
"183","2827",1,"TUR"
"225","2827",4,"TUR"
"1","2828",1,"TUR"
"11","2828",1,"TUR"
"39","2828",2,"TUR"
"434","2828",1,"TUR"
"531","2828",2,"TUR"
"2262","2828",1,"TUR"
"4","2829",1,"TUR"
"23","2829",3,"TUR"
"1119","2829",3,"TUR"
"1570","2829",1,"TUR"
"2","2830",1,"TUR"
"90","2830",1,"TUR"
"440","2830",1,"TUR"
"1434","2830",1,"TUR"
"2586","2830",1,"TUR"
"1","2831",1,"TUR"
"88","2831",1,"TUR"
"180","2831",1,"TUR"
"767","2831",1,"TUR"
"1082","2831",1,"TUR"
"2525","2831",1,"TUR"
"2692","2831",1,"TUR"
"1","2832",1,"TUR"
"2","2832",1,"TUR"
"4","2832",1,"TUR"
"10","2832",1,"TUR"
"34","2832",1,"TUR"
"101","2832",1,"TUR"
"530","2832",1,"TUR"
"5","2833",1,"TUR"
"8","2833",1,"TUR"
"72","2833",1,"TUR"
"2","2834",1,"TUR"
"12","2834",1,"TUR"
"1171","2834",1,"TUR"
"1358","2834",1,"TUR"
"1886","2834",1,"TUR"
"5","2835",1,"TUR"
"234","2835",1,"TUR"
"261","2835",1,"TUR"
"378","2835",1,"TUR"
"519","2835",1,"TUR"
"1458","2835",1,"TUR"
"2571","2835",1,"TUR"
"1","2836",1,"TUR"
"5","2836",1,"TUR"
"6","2836",1,"TUR"
"55","2836",1,"TUR"
"438","2836",1,"TUR"
"1430","2836",1,"TUR"
"1","2837",2,"TUR"
"500","2837",1,"TUR"
"1095","2837",1,"TUR"
"2724","2837",1,"TUR"
"3","2838",1,"TUR"
"26","2838",1,"TUR"
"62","2838",1,"TUR"
"147","2838",1,"TUR"
"257","2838",1,"TUR"
"571","2838",1,"TUR"
"1995","2838",1,"TUR"
"46","2839",2,"TUR"
"67","2839",1,"TUR"
"70","2839",1,"TUR"
"687","2839",1,"TUR"
"825","2839",1,"TUR"
"1266","2839",1,"TUR"
"1","2840",1,"TUR"
"22","2840",1,"TUR"
"134","2840",1,"TUR"
"255","2840",1,"TUR"
"844","2840",1,"TUR"
"21","2841",2,"TUR"
"174","2841",1,"TUR"
"336","2841",1,"TUR"
"2272","2841",1,"TUR"
"5","2842",1,"TUR"
"70","2842",1,"TUR"
"78","2842",1,"TUR"
"92","2842",1,"TUR"
"347","2842",1,"TUR"
"857","2842",1,"TUR"
"1345","2842",1,"TUR"
"3","2843",1,"TUR"
"1183","2843",2,"TUR"
"1493","2843",1,"TUR"
"5","2844",2,"TUR"
"307","2844",1,"TUR"
"1653","2844",4,"TUR"
"2374","2844",1,"TUR"
"6","2845",1,"TUR"
"7","2845",1,"TUR"
"65","2845",1,"TUR"
"213","2845",1,"TUR"
"409","2845",1,"TUR"
"1825","2845",1,"TUR"
"2","2846",3,"TUR"
"52","2846",1,"TUR"
"524","2846",3,"TUR"
"1823","2846",1,"TUR"
"27","2847",1,"TUR"
"57","2847",1,"TUR"
"74","2847",1,"TUR"
"160","2847",1,"TUR"
"202","2847",1,"TUR"
"435","2847",1,"TUR"
"910","2847",1,"TUR"
"100","2848",1,"TUR"
"132","2848",1,"TUR"
"463","2848",1,"TUR"
"476","2848",1,"TUR"
"2574","2848",1,"TUR"
"2","2849",1,"TUR"
"3","2849",1,"TUR"
"4","2849",1,"TUR"
"22","2849",1,"TUR"
"120","2849",1,"TUR"
"126","2849",1,"TUR"
"152","2849",1,"TUR"
"52","2850",1,"TUR"
"99","2850",1,"TUR"
"323","2850",1,"TUR"
"455","2850",1,"TUR"
"1275","2850",1,"TUR"
"1284","2850",1,"TUR"
"1477","2850",1,"TUR"
"1775","2850",1,"TUR"
"48","2851",1,"TUR"
"2501","2851",1,"TUR"
"42","2852",1,"TUR"
"311","2852",1,"TUR"
"1039","2852",1,"TUR"
"1490","2852",1,"TUR"
"1560","2852",1,"TUR"
"1791","2852",1,"TUR"
"1","2853",1,"TUR"
"14","2853",1,"TUR"
"499","2853",2,"TUR"
"1939","2853",1,"TUR"
"157","2854",1,"TUR"
"850","2854",1,"TUR"
"1311","2854",2,"TUR"
"2","2855",1,"TUR"
"3","2855",1,"TUR"
"8","2855",1,"TUR"
"18","2855",1,"TUR"
"147","2855",1,"TUR"
"244","2855",1,"TUR"
"1138","2855",1,"TUR"
"2022","2855",1,"TUR"
"61","2856",1,"TUR"
"76","2856",2,"TUR"
"85","2856",1,"TUR"
"124","2856",1,"TUR"
"404","2856",1,"TUR"
"2201","2856",1,"TUR"
"1","2857",1,"TUR"
"30","2857",1,"TUR"
"116","2857",2,"TUR"
"1532","2857",1,"TUR"
"36","2858",1,"TUR"
"42","2858",1,"TUR"
"482","2858",1,"TUR"
"562","2858",1,"TUR"
"2132","2858",2,"TUR"
"48","2859",1,"TUR"
"146","2859",2,"TUR"
"715","2859",3,"TUR"
"1313","2859",1,"TUR"
"701","2860",1,"TUR"
"909","2860",1,"TUR"
"2083","2860",1,"TUR"
"113","2861",1,"TUR"
"226","2861",1,"TUR"
"2207","2861",1,"TUR"
"63","2862",1,"TUR"
"328","2862",1,"TUR"
"776","2862",1,"TUR"
"2026","2862",1,"TUR"
"1","2863",1,"TUR"
"20","2863",1,"TUR"
"30","2863",1,"TUR"
"614","2863",2,"TUR"
"809","2863",2,"TUR"
"891","2863",1,"TUR"
"1","2864",1,"TUR"
"18","2864",1,"TUR"
"923","2864",1,"TUR"
"1058","2864",1,"TUR"
"1152","2864",1,"TUR"
"1824","2864",1,"TUR"
"8","2865",1,"TUR"
"406","2865",1,"TUR"
"889","2865",1,"TUR"
"6","2866",4,"TUR"
"91","2866",1,"TUR"
"2","2867",1,"TUR"
"3","2867",3,"TUR"
"9","2867",1,"TUR"
"16","2867",1,"TUR"
"35","2867",1,"TUR"
"687","2867",1,"TUR"
"17","2868",2,"TUR"
"69","2868",1,"TUR"
"122","2868",1,"TUR"
"192","2868",1,"TUR"
"224","2868",1,"TUR"
"1064","2868",1,"TUR"
"1712","2868",1,"TUR"
"10","2869",1,"TUR"
"21","2869",1,"TUR"
"245","2869",3,"TUR"
"1776","2869",1,"TUR"
"2","2870",1,"TUR"
"126","2870",1,"TUR"
"537","2870",1,"TUR"
"712","2870",1,"TUR"
"1160","2870",2,"TUR"
"5","2871",1,"TUR"
"51","2871",1,"TUR"
"76","2871",1,"TUR"
"404","2871",1,"TUR"
"437","2871",1,"TUR"
"608","2871",1,"TUR"
"6","2872",1,"TUR"
"7","2872",1,"TUR"
"24","2872",1,"TUR"
"795","2872",1,"TUR"
"1047","2872",1,"TUR"
"1439","2872",1,"TUR"
"2131","2872",1,"TUR"
"2","2873",1,"TUR"
"441","2873",1,"TUR"
"527","2873",1,"TUR"
"1012","2873",1,"TUR"
"1344","2873",1,"TUR"
"1","2874",1,"TUR"
"3","2874",1,"TUR"
"5","2874",1,"TUR"
"41","2874",1,"TUR"
"378","2874",1,"TUR"
"718","2874",1,"TUR"
"5","2875",1,"TUR"
"263","2875",1,"TUR"
"371","2875",1,"TUR"
"855","2875",1,"TUR"
"1573","2875",1,"TUR"
"2391","2875",1,"TUR"
"2704","2875",1,"TUR"
"1","2876",1,"TUR"
"53","2876",1,"TUR"
"145","2876",1,"TUR"
"180","2876",1,"TUR"
"373","2876",1,"TUR"
"655","2876",1,"TUR"
"2137","2876",1,"TUR"
"7","2877",1,"TUR"
"30","2877",1,"TUR"
"50","2877",1,"TUR"
"1152","2877",1,"TUR"
"1521","2877",1,"TUR"
"2527","2877",1,"TUR"
"10","2878",1,"TUR"
"23","2878",1,"TUR"
"89","2878",1,"TUR"
"101","2878",1,"TUR"
"951","2878",1,"TUR"
"1039","2878",2,"TUR"
"2218","2878",1,"TUR"
"1","2879",1,"TUR"
"3","2879",2,"TUR"
"147","2879",1,"TUR"
"357","2879",1,"TUR"
"2835","2879",1,"TUR"
"191","2880",3,"TUR"
"192","2880",1,"TUR"
"271","2880",1,"TUR"
"797","2880",1,"TUR"
"2128","2880",1,"TUR"
"2842","2880",1,"TUR"
"20","2881",1,"TUR"
"58","2881",1,"TUR"
"70","2881",1,"TUR"
"163","2881",1,"TUR"
"880","2881",1,"TUR"
"1480","2881",1,"TUR"
"20","2882",2,"TUR"
"209","2882",1,"TUR"
"592","2882",1,"TUR"
"1289","2882",4,"TUR"
"1","2883",1,"TUR"
"7","2883",1,"TUR"
"14","2883",2,"TUR"
"1267","2883",1,"TUR"
"1878","2883",1,"TUR"
"106","2884",1,"TUR"
"501","2884",2,"TUR"
"939","2884",1,"TUR"
"2565","2884",1,"TUR"
"7","2885",1,"TUR"
"61","2885",1,"TUR"
"70","2885",2,"TUR"
"81","2885",1,"TUR"
"448","2885",1,"TUR"
"1160","2885",1,"TUR"
"14","2886",1,"TUR"
"26","2886",1,"TUR"
"71","2886",1,"TUR"
"231","2886",1,"TUR"
"326","2886",1,"TUR"
"993","2886",1,"TUR"
"1140","2886",1,"TUR"
"1604","2886",1,"TUR"
"3","2887",1,"TUR"
"23","2887",1,"TUR"
"24","2887",1,"TUR"
"92","2887",1,"TUR"
"564","2887",1,"TUR"
"753","2887",1,"TUR"
"1340","2887",1,"TUR"
"2266","2887",1,"TUR"
"19","2888",2,"TUR"
"136","2888",1,"TUR"
"199","2888",1,"TUR"
"208","2888",1,"TUR"
"565","2888",1,"TUR"
"753","2888",1,"TUR"
"12","2889",1,"TUR"
"13","2889",1,"TUR"
"15","2889",1,"TUR"
"33","2889",1,"TUR"
"85","2889",2,"TUR"
"251","2889",1,"TUR"
"4","2890",1,"TUR"
"89","2890",1,"TUR"
"105","2890",1,"TUR"
"462","2890",1,"TUR"
"690","2890",1,"TUR"
"1456","2890",1,"TUR"
"3","2891",1,"TUR"
"7","2891",1,"TUR"
"79","2891",1,"TUR"
"706","2891",1,"TUR"
"814","2891",1,"TUR"
"981","2891",1,"TUR"
"109","2892",1,"TUR"
"134","2892",1,"TUR"
"505","2892",1,"TUR"
"574","2892",2,"TUR"
"786","2892",2,"TUR"
"127","2893",1,"TUR"
"246","2893",1,"TUR"
"996","2894",1,"TUR"
"2032","2894",1,"TUR"
"2431","2894",1,"TUR"
"2893","2894",4,"TUR"
"1","2895",1,"TUR"
"10","2895",1,"TUR"
"254","2895",1,"TUR"
"340","2895",1,"TUR"
"498","2895",1,"TUR"
"781","2895",1,"TUR"
"877","2895",1,"TUR"
"2119","2895",1,"TUR"
"1","2896",1,"TUR"
"4","2896",1,"TUR"
"193","2896",1,"TUR"
"228","2896",1,"TUR"
"429","2896",1,"TUR"
"1311","2896",1,"TUR"
"2859","2896",1,"TUR"
"156","2897",1,"TUR"
"510","2897",1,"TUR"
"654","2897",1,"TUR"
"991","2897",1,"TUR"
"118","2898",1,"TUR"
"557","2898",4,"TUR"
"747","2898",1,"TUR"
"1635","2898",2,"TUR"
"42","2899",1,"TUR"
"405","2899",1,"TUR"
"557","2899",3,"TUR"
"1446","2899",1,"TUR"
"2422","2899",1,"TUR"
"1","2900",1,"TUR"
"4","2900",1,"TUR"
"6","2900",1,"TUR"
"17","2900",1,"TUR"
"36","2900",1,"TUR"
"877","2900",1,"TUR"
"1121","2900",1,"TUR"
"1","2901",1,"TUR"
"30","2901",1,"TUR"
"40","2901",2,"TUR"
"23","2902",1,"TUR"
"76","2902",1,"TUR"
"83","2902",1,"TUR"
"939","2902",1,"TUR"
"1","2903",1,"TUR"
"2","2903",1,"TUR"
"3","2903",1,"TUR"
"33","2903",1,"TUR"
"179","2903",1,"TUR"
"618","2903",1,"TUR"
"1226","2903",1,"TUR"
"63","2904",1,"TUR"
"76","2904",2,"TUR"
"236","2904",1,"TUR"
"2301","2904",1,"TUR"
"1","2905",2,"TUR"
"17","2905",1,"TUR"
"76","2905",1,"TUR"
"356","2906",1,"TUR"
"1027","2906",1,"TUR"
"1166","2906",2,"TUR"
"1825","2906",1,"TUR"
"5","2907",1,"TUR"
"120","2907",1,"TUR"
"333","2907",1,"TUR"
"1357","2907",1,"TUR"
"1372","2907",1,"TUR"
"1824","2907",1,"TUR"
"1","2908",3,"TUR"
"68","2908",1,"TUR"
"799","2908",1,"TUR"
"1030","2908",1,"TUR"
"2","2909",1,"TUR"
"350","2909",1,"TUR"
"393","2909",1,"TUR"
"683","2909",1,"TUR"
"864","2909",1,"TUR"
"940","2909",1,"TUR"
"13","2910",1,"TUR"
"42","2910",1,"TUR"
"99","2910",1,"TUR"
"616","2910",1,"TUR"
"2090","2910",1,"TUR"
"2","2911",1,"TUR"
"599","2911",1,"TUR"
"1080","2911",1,"TUR"
"6","2912",1,"TUR"
"52","2912",1,"TUR"
"389","2912",1,"TUR"
"2066","2912",1,"TUR"
"2086","2912",1,"TUR"
"7","2913",1,"TUR"
"371","2913",1,"TUR"
"373","2913",1,"TUR"
"16","2914",1,"TUR"
"234","2914",1,"TUR"
"335","2914",1,"TUR"
"478","2914",1,"TUR"
"532","2914",1,"TUR"
"941","2914",1,"TUR"
"2254","2914",1,"TUR"
"4","2915",1,"TUR"
"266","2915",1,"TUR"
"294","2915",1,"TUR"
"1077","2915",1,"TUR"
"1971","2915",2,"TUR"
"1980","2915",1,"TUR"
"2","2916",2,"TUR"
"12","2916",1,"TUR"
"42","2916",1,"TUR"
"769","2916",2,"TUR"
"1432","2916",1,"TUR"
"1","2917",1,"TUR"
"19","2917",1,"TUR"
"172","2917",1,"TUR"
"264","2917",1,"TUR"
"440","2917",1,"TUR"
"1814","2917",1,"TUR"
"2892","2917",1,"TUR"
"58","2918",1,"TUR"
"69","2918",1,"TUR"
"119","2918",1,"TUR"
"163","2918",1,"TUR"
"404","2918",1,"TUR"
"412","2918",1,"TUR"
"807","2918",1,"TUR"
"1869","2918",1,"TUR"
"6","2919",1,"TUR"
"245","2919",1,"TUR"
"257","2919",1,"TUR"
"498","2919",2,"TUR"
"657","2919",1,"TUR"
"1292","2919",1,"TUR"
"1362","2919",1,"TUR"
"1","2920",1,"TUR"
"319","2920",1,"TUR"
"496","2920",1,"TUR"
"721","2920",1,"TUR"
"1376","2920",1,"TUR"
"1","2921",1,"TUR"
"3","2921",1,"TUR"
"61","2921",1,"TUR"
"136","2921",2,"TUR"
"467","2921",2,"TUR"
"650","2921",1,"TUR"
"5","2922",1,"TUR"
"512","2922",1,"TUR"
"775","2922",4,"TUR"
"72","2923",1,"TUR"
"777","2923",1,"TUR"
"1798","2923",1,"TUR"
"2374","2923",1,"TUR"
"1","2924",1,"TUR"
"56","2924",1,"TUR"
"166","2924",1,"TUR"
"233","2924",1,"TUR"
"345","2924",1,"TUR"
"751","2924",1,"TUR"
"957","2924",1,"TUR"
"1","2925",1,"TUR"
"122","2925",1,"TUR"
"179","2925",1,"TUR"
"410","2925",1,"TUR"
"554","2925",1,"TUR"
"584","2925",1,"TUR"
"1482","2925",1,"TUR"
"2748","2925",1,"TUR"
"90","2926",2,"TUR"
"573","2926",2,"TUR"
"654","2926",1,"TUR"
"1167","2926",1,"TUR"
"37","2927",1,"TUR"
"80","2927",1,"TUR"
"397","2927",2,"TUR"
"1517","2927",1,"TUR"
"1996","2927",1,"TUR"
"2736","2927",1,"TUR"
"1","2928",3,"TUR"
"47","2928",1,"TUR"
"377","2928",1,"TUR"
"642","2928",1,"TUR"
"2884","2928",1,"TUR"
"4","2929",1,"TUR"
"298","2929",1,"TUR"
"460","2929",1,"TUR"
"762","2929",1,"TUR"
"1958","2929",1,"TUR"
"3","2930",1,"TUR"
"13","2930",1,"TUR"
"31","2930",1,"TUR"
"210","2930",1,"TUR"
"605","2930",1,"TUR"
"695","2930",1,"TUR"
"2657","2930",1,"TUR"
"5","2931",1,"TUR"
"15","2931",2,"TUR"
"112","2931",1,"TUR"
"166","2931",1,"TUR"
"296","2931",1,"TUR"
"758","2931",1,"TUR"
"1298","2931",1,"TUR"
"15","2932",1,"TUR"
"19","2932",1,"TUR"
"70","2932",1,"TUR"
"183","2932",1,"TUR"
"286","2932",1,"TUR"
"433","2932",1,"TUR"
"33","2933",1,"TUR"
"95","2933",1,"TUR"
"121","2933",1,"TUR"
"167","2933",1,"TUR"
"247","2933",1,"TUR"
"288","2933",1,"TUR"
"499","2933",1,"TUR"
"2303","2933",1,"TUR"
"114","2934",1,"TUR"
"125","2934",1,"TUR"
"393","2934",1,"TUR"
"502","2934",1,"TUR"
"2228","2934",1,"TUR"
"2630","2934",1,"TUR"
"1","2935",1,"TUR"
"107","2935",1,"TUR"
"376","2935",1,"TUR"
"799","2935",1,"TUR"
"43","2936",1,"TUR"
"61","2936",1,"TUR"
"93","2936",1,"TUR"
"143","2936",1,"TUR"
"612","2936",1,"TUR"
"898","2936",1,"TUR"
"1374","2936",1,"TUR"
"2105","2936",1,"TUR"
"5","2937",1,"TUR"
"16","2937",1,"TUR"
"50","2937",1,"TUR"
"131","2937",1,"TUR"
"260","2937",1,"TUR"
"475","2937",1,"TUR"
"1017","2937",1,"TUR"
"2","2938",1,"TUR"
"7","2938",1,"TUR"
"199","2938",1,"TUR"
"1957","2938",1,"TUR"
"2496","2938",1,"TUR"
"3","2939",1,"TUR"
"15","2939",1,"TUR"
"32","2939",1,"TUR"
"70","2939",1,"TUR"
"9","2940",1,"TUR"
"489","2940",1,"TUR"
"1071","2940",1,"TUR"
"1765","2940",1,"TUR"
"2437","2940",2,"TUR"
"5","2941",1,"TUR"
"160","2941",1,"TUR"
"199","2941",1,"TUR"
"343","2941",1,"TUR"
"645","2941",1,"TUR"
"768","2941",1,"TUR"
"1823","2941",1,"TUR"
"327","2942",1,"TUR"
"343","2942",1,"TUR"
"411","2942",1,"TUR"
"594","2942",1,"TUR"
"726","2942",1,"TUR"
"768","2942",1,"TUR"
"972","2942",1,"TUR"
"3","2943",1,"TUR"
"5","2943",1,"TUR"
"6","2943",2,"TUR"
"281","2943",1,"TUR"
"2","2944",1,"TUR"
"729","2944",1,"TUR"
"1046","2944",1,"TUR"
"1746","2944",1,"TUR"
"2670","2944",1,"TUR"
"62","2945",1,"TUR"
"1598","2945",1,"TUR"
"1678","2945",1,"TUR"
"2209","2945",1,"TUR"
"2422","2945",1,"TUR"
"2428","2945",1,"TUR"
"1","2946",1,"TUR"
"14","2946",1,"TUR"
"209","2946",1,"TUR"
"298","2946",1,"TUR"
"363","2946",1,"TUR"
"476","2947",1,"TUR"
"533","2947",2,"TUR"
"761","2947",1,"TUR"
"1425","2947",1,"TUR"
"1","2948",1,"TUR"
"34","2948",1,"TUR"
"638","2948",1,"TUR"
"1291","2948",1,"TUR"
"1327","2948",1,"TUR"
"1743","2948",1,"TUR"
"333","2949",1,"TUR"
"387","2949",2,"TUR"
"422","2949",1,"TUR"
"712","2949",1,"TUR"
"1054","2949",1,"TUR"
"1840","2949",1,"TUR"
"2363","2949",1,"TUR"
"62","2950",1,"TUR"
"211","2950",1,"TUR"
"257","2950",1,"TUR"
"407","2950",1,"TUR"
"653","2950",1,"TUR"
"1937","2950",1,"TUR"
"1983","2950",1,"TUR"
"1","2951",1,"TUR"
"4","2951",1,"TUR"
"700","2951",1,"TUR"
"702","2951",1,"TUR"
"785","2951",1,"TUR"
"2409","2951",1,"TUR"
"19","2952",1,"TUR"
"2814","2952",2,"TUR"
"2","2953",2,"TUR"
"105","2953",1,"TUR"
"306","2953",1,"TUR"
"2322","2953",1,"TUR"
"194","2954",1,"TUR"
"264","2954",1,"TUR"
"1038","2954",1,"TUR"
"1108","2954",1,"TUR"
"1324","2954",1,"TUR"
"1777","2954",1,"TUR"
"1","2955",2,"TUR"
"45","2955",1,"TUR"
"145","2955",1,"TUR"
"414","2955",2,"TUR"
"421","2955",1,"TUR"
"2437","2955",1,"TUR"
"1","2956",1,"TUR"
"3","2956",1,"TUR"
"57","2956",1,"TUR"
"119","2956",1,"TUR"
"294","2956",1,"TUR"
"1015","2956",1,"TUR"
"2406","2956",1,"TUR"
"4","2957",1,"TUR"
"95","2957",1,"TUR"
"211","2957",1,"TUR"
"1225","2957",1,"TUR"
"1991","2957",1,"TUR"
"435","2958",1,"TUR"
"691","2958",1,"TUR"
"1859","2958",1,"TUR"
"3","2959",1,"TUR"
"37","2959",3,"TUR"
"338","2959",1,"TUR"
"450","2959",1,"TUR"
"582","2959",1,"TUR"
"1","2960",1,"TUR"
"29","2960",1,"TUR"
"148","2960",1,"TUR"
"293","2960",1,"TUR"
"988","2960",1,"TUR"
"17","2961",1,"TUR"
"292","2961",1,"TUR"
"395","2961",1,"TUR"
"561","2961",1,"TUR"
"722","2961",1,"TUR"
"2235","2961",1,"TUR"
"3","2962",1,"TUR"
"5","2962",1,"TUR"
"10","2962",1,"TUR"
"110","2962",1,"TUR"
"190","2962",1,"TUR"
"257","2962",1,"TUR"
"279","2962",1,"TUR"
"2944","2962",1,"TUR"
"11","2963",1,"TUR"
"53","2963",1,"TUR"
"107","2963",1,"TUR"
"140","2963",1,"TUR"
"555","2963",1,"TUR"
"760","2963",1,"TUR"
"2224","2963",1,"TUR"
"2944","2963",1,"TUR"
"1","2964",1,"TUR"
"73","2964",1,"TUR"
"1057","2964",1,"TUR"
"1314","2964",1,"TUR"
"2558","2964",1,"TUR"
"7","2965",1,"TUR"
"11","2965",2,"TUR"
"75","2965",1,"TUR"
"168","2965",1,"TUR"
"1454","2965",1,"TUR"
"25","2966",1,"TUR"
"201","2966",1,"TUR"
"618","2966",2,"TUR"
"2101","2966",1,"TUR"
"2109","2966",1,"TUR"
"9","2967",1,"TUR"
"14","2967",1,"TUR"
"22","2967",1,"TUR"
"179","2967",1,"TUR"
"1076","2967",1,"TUR"
"1534","2967",1,"TUR"
"34","2968",2,"TUR"
"67","2968",1,"TUR"
"136","2968",1,"TUR"
"158","2968",1,"TUR"
"530","2968",1,"TUR"
"3","2969",1,"TUR"
"10","2969",1,"TUR"
"715","2969",1,"TUR"
"1748","2969",1,"TUR"
"4","2970",1,"TUR"
"9","2970",1,"TUR"
"84","2970",1,"TUR"
"327","2970",1,"TUR"
"332","2970",1,"TUR"
"1183","2970",1,"TUR"
"2","2971",1,"TUR"
"100","2971",1,"TUR"
"403","2971",1,"TUR"
"562","2971",1,"TUR"
"719","2971",1,"TUR"
"884","2971",1,"TUR"
"1004","2971",1,"TUR"
"1","2972",1,"TUR"
"6","2972",1,"TUR"
"278","2972",1,"TUR"
"396","2972",1,"TUR"
"406","2972",1,"TUR"
"1091","2972",1,"TUR"
"1","2973",2,"TUR"
"53","2973",1,"TUR"
"65","2973",1,"TUR"
"375","2973",1,"TUR"
"425","2973",1,"TUR"
"3","2974",1,"TUR"
"47","2974",1,"TUR"
"236","2974",1,"TUR"
"787","2974",1,"TUR"
"1296","2974",1,"TUR"
"1599","2974",1,"TUR"
"1","2975",1,"TUR"
"10","2975",1,"TUR"
"44","2975",1,"TUR"
"323","2975",1,"TUR"
"490","2975",1,"TUR"
"23","2976",2,"TUR"
"345","2976",1,"TUR"
"1044","2976",1,"TUR"
"1513","2976",4,"TUR"
"1","2977",1,"TUR"
"121","2977",1,"TUR"
"1332","2977",1,"TUR"
"61","2978",3,"TUR"
"109","2978",1,"TUR"
"365","2978",1,"TUR"
"479","2978",1,"TUR"
"491","2978",2,"TUR"
"4","2979",1,"TUR"
"32","2979",1,"TUR"
"268","2979",1,"TUR"
"717","2979",1,"TUR"
"954","2979",1,"TUR"
"1034","2979",1,"TUR"
"1458","2979",1,"TUR"
"1849","2979",1,"TUR"
"5","2980",1,"TUR"
"65","2980",1,"TUR"
"71","2980",1,"TUR"
"257","2980",1,"TUR"
"515","2980",1,"TUR"
"1821","2980",1,"TUR"
"1","2981",1,"TUR"
"34","2981",1,"TUR"
"471","2981",1,"TUR"
"1970","2981",1,"TUR"
"2970","2981",1,"TUR"
"2","2982",1,"TUR"
"570","2982",1,"TUR"
"14","2983",1,"TUR"
"187","2983",1,"TUR"
"498","2983",1,"TUR"
"722","2983",1,"TUR"
"1721","2983",1,"TUR"
"2096","2983",1,"TUR"
"1","2984",1,"TUR"
"69","2984",1,"TUR"
"474","2984",1,"TUR"
"822","2984",1,"TUR"
"1402","2984",1,"TUR"
"1750","2984",1,"TUR"
"1829","2984",1,"TUR"
"20","2985",1,"TUR"
"27","2985",1,"TUR"
"62","2985",1,"TUR"
"76","2985",1,"TUR"
"127","2985",1,"TUR"
"174","2985",1,"TUR"
"1473","2985",1,"TUR"
"1687","2985",1,"TUR"
"278","2986",1,"TUR"
"349","2986",1,"TUR"
"428","2986",1,"TUR"
"454","2986",1,"TUR"
"547","2986",1,"TUR"
"1028","2986",1,"TUR"
"4","2987",1,"TUR"
"36","2987",1,"TUR"
"77","2987",1,"TUR"
"199","2987",1,"TUR"
"1831","2987",1,"TUR"
"12","2988",1,"TUR"
"25","2988",1,"TUR"
"113","2988",1,"TUR"
"122","2988",1,"TUR"
"398","2988",1,"TUR"
"545","2988",1,"TUR"
"2693","2988",1,"TUR"
"6","2989",1,"TUR"
"7","2989",1,"TUR"
"26","2989",1,"TUR"
"34","2989",1,"TUR"
"314","2989",1,"TUR"
"437","2989",1,"TUR"
"519","2989",1,"TUR"
"974","2989",1,"TUR"
"6","2990",1,"TUR"
"14","2990",1,"TUR"
"26","2990",1,"TUR"
"1682","2990",1,"TUR"
"1","2991",1,"TUR"
"84","2991",1,"TUR"
"106","2991",1,"TUR"
"137","2991",1,"TUR"
"2269","2991",1,"TUR"
"2897","2991",1,"TUR"
"1","2992",1,"TUR"
"41","2992",1,"TUR"
"1300","2992",1,"TUR"
"2081","2992",1,"TUR"
"2452","2992",1,"TUR"
"1","2993",1,"TUR"
"88","2993",1,"TUR"
"95","2993",1,"TUR"
"282","2993",1,"TUR"
"437","2993",1,"TUR"
"1309","2993",1,"TUR"
"7","2994",1,"TUR"
"33","2994",3,"TUR"
"467","2994",3,"TUR"
"1540","2994",1,"TUR"
"2","2995",2,"TUR"
"85","2995",1,"TUR"
"310","2995",1,"TUR"
"1592","2995",1,"TUR"
"2954","2995",1,"TUR"
"6","2996",1,"TUR"
"9","2996",1,"TUR"
"249","2996",1,"TUR"
"753","2996",2,"TUR"
"861","2996",2,"TUR"
"3","2997",1,"TUR"
"25","2997",1,"TUR"
"34","2997",1,"TUR"
"51","2997",1,"TUR"
"7","2998",1,"TUR"
"12","2998",1,"TUR"
"696","2998",1,"TUR"
"2208","2998",1,"TUR"
"2385","2998",1,"TUR"
"5","2999",1,"TUR"
"10","2999",1,"TUR"
"33","2999",2,"TUR"
"345","2999",1,"TUR"
"472","2999",1,"TUR"
"684","2999",1,"TUR"
"820","2999",1,"TUR"
"5","3000",1,"TUR"
"52","3000",1,"TUR"
"83","3000",1,"TUR"
"1759","3000",1,"TUR"
"2648","3000",1,"TUR"
"2883","3000",2,"TUR"
"14","3001",2,"TUR"
"53","3001",1,"TUR"
"362","3001",1,"TUR"
"636","3001",1,"TUR"
"1060","3001",1,"TUR"
"1480","3001",1,"TUR"
"5","3002",2,"TUR"
"952","3002",1,"TUR"
"226","3003",1,"TUR"
"304","3003",1,"TUR"
"852","3003",1,"TUR"
"2923","3003",2,"TUR"
"2","3004",1,"TUR"
"174","3004",1,"TUR"
"380","3004",1,"TUR"
"1038","3004",1,"TUR"
"1051","3004",1,"TUR"
"1140","3004",1,"TUR"
"1730","3004",1,"TUR"
"2","3005",2,"TUR"
"11","3005",1,"TUR"
"56","3005",1,"TUR"
"388","3005",1,"TUR"
"2649","3005",1,"TUR"
"2715","3005",1,"TUR"
"109","3006",1,"TUR"
"205","3006",3,"TUR"
"226","3006",1,"TUR"
"510","3006",1,"TUR"
"1437","3006",1,"TUR"
"19","3007",1,"TUR"
"79","3007",1,"TUR"
"209","3007",1,"TUR"
"249","3007",1,"TUR"
"896","3007",1,"TUR"
"1817","3007",1,"TUR"
"2922","3007",1,"TUR"
"616","3008",1,"TUR"
"721","3008",1,"TUR"
"1026","3008",1,"TUR"
"1131","3008",1,"TUR"
"1271","3008",1,"TUR"
"1523","3008",1,"TUR"
"2983","3008",1,"TUR"
"30","3009",1,"TUR"
"86","3009",1,"TUR"
"543","3009",1,"TUR"
"776","3009",1,"TUR"
"853","3009",1,"TUR"
"913","3009",1,"TUR"
"2139","3009",1,"TUR"
"79","3010",1,"TUR"
"85","3010",1,"TUR"
"162","3010",1,"TUR"
"986","3010",1,"TUR"
"1179","3010",1,"TUR"
"2039","3010",1,"TUR"
"8","3011",1,"TUR"
"33","3011",1,"TUR"
"79","3011",1,"TUR"
"86","3011",1,"TUR"
"162","3011",1,"TUR"
"2","3012",2,"TUR"
"15","3012",1,"TUR"
"401","3012",1,"TUR"
"566","3012",1,"TUR"
"942","3012",2,"TUR"
"120","3013",1,"TUR"
"179","3013",1,"TUR"
"567","3013",1,"TUR"
"612","3013",2,"TUR"
"1033","3013",1,"TUR"
"1159","3013",1,"TUR"
"1723","3013",1,"TUR"
"31","3014",1,"TUR"
"266","3014",1,"TUR"
"323","3014",1,"TUR"
"1316","3014",1,"TUR"
"1736","3014",1,"TUR"
"56","3015",1,"TUR"
"130","3015",1,"TUR"
"502","3015",3,"TUR"
"535","3015",1,"TUR"
"1380","3015",1,"TUR"
"1918","3015",1,"TUR"
"25","3016",1,"TUR"
"44","3016",1,"TUR"
"143","3016",1,"TUR"
"162","3016",1,"TUR"
"765","3016",1,"TUR"
"2101","3016",1,"TUR"
"61","3017",1,"TUR"
"355","3017",2,"TUR"
"371","3017",1,"TUR"
"722","3017",1,"TUR"
"1503","3017",1,"TUR"
"26","3018",1,"TUR"
"101","3018",1,"TUR"
"326","3018",1,"TUR"
"355","3018",1,"TUR"
"374","3018",1,"TUR"
"650","3018",1,"TUR"
"2744","3018",1,"TUR"
"1","3019",1,"TUR"
"14","3019",1,"TUR"
"36","3019",1,"TUR"
"558","3019",1,"TUR"
"1037","3019",1,"TUR"
"179","3020",2,"TUR"
"473","3020",1,"TUR"
"533","3020",1,"TUR"
"700","3020",1,"TUR"
"1749","3020",1,"TUR"
"2143","3020",1,"TUR"
"447","3021",1,"TUR"
"621","3021",4,"TUR"
"1093","3021",1,"TUR"
"1271","3021",1,"TUR"
"2765","3021",1,"TUR"
"2","3022",1,"TUR"
"7","3022",1,"TUR"
"219","3022",1,"TUR"
"519","3022",1,"TUR"
"562","3022",2,"TUR"
"761","3022",1,"TUR"
"4","3023",1,"TUR"
"19","3023",1,"TUR"
"190","3023",1,"TUR"
"1098","3023",1,"TUR"
"1838","3023",2,"TUR"
"115","3024",1,"TUR"
"292","3024",1,"TUR"
"325","3024",1,"TUR"
"331","3024",1,"TUR"
"813","3024",2,"TUR"
"1930","3024",1,"TUR"
"40","3025",2,"TUR"
"132","3025",1,"TUR"
"479","3025",1,"TUR"
"2484","3025",4,"TUR"
"16","3026",1,"TUR"
"576","3026",1,"TUR"
"686","3026",1,"TUR"
"769","3026",1,"TUR"
"788","3026",1,"TUR"
"1194","3026",1,"TUR"
"2492","3026",1,"TUR"
"1","3027",1,"TUR"
"129","3027",2,"TUR"
"163","3027",1,"TUR"
"257","3027",1,"TUR"
"600","3027",1,"TUR"
"871","3027",1,"TUR"
"1133","3027",1,"TUR"
"7","3028",1,"TUR"
"146","3028",1,"TUR"
"328","3028",1,"TUR"
"389","3028",1,"TUR"
"706","3028",1,"TUR"
"789","3028",1,"TUR"
"1053","3028",1,"TUR"
"1425","3028",1,"TUR"
"5","3029",1,"TUR"
"54","3029",3,"TUR"
"201","3029",2,"TUR"
"847","3029",1,"TUR"
"2026","3029",1,"TUR"
"26","3030",1,"TUR"
"143","3030",1,"TUR"
"678","3030",1,"TUR"
"749","3030",1,"TUR"
"1497","3030",1,"TUR"
"1537","3030",1,"TUR"
"1897","3030",1,"TUR"
"2326","3030",1,"TUR"
"1","3031",1,"TUR"
"193","3031",1,"TUR"
"513","3031",1,"TUR"
"1780","3031",1,"TUR"
"15","3032",3,"TUR"
"42","3032",1,"TUR"
"1126","3032",1,"TUR"
"223","3033",1,"TUR"
"243","3033",1,"TUR"
"526","3033",1,"TUR"
"1002","3033",1,"TUR"
"1524","3033",1,"TUR"
"2175","3033",1,"TUR"
"214","3034",3,"TUR"
"1524","3034",2,"TUR"
"3","3035",1,"TUR"
"13","3035",2,"TUR"
"548","3035",1,"TUR"
"1437","3035",1,"TUR"
"2287","3035",1,"TUR"
"543","3036",1,"TUR"
"719","3036",1,"TUR"
"1538","3036",1,"TUR"
"10","3037",1,"TUR"
"48","3037",1,"TUR"
"543","3037",1,"TUR"
"654","3037",1,"TUR"
"682","3037",1,"TUR"
"1387","3037",1,"TUR"
"2857","3037",1,"TUR"
"488","3038",1,"TUR"
"665","3038",1,"TUR"
"1826","3038",1,"TUR"
"1","3039",1,"TUR"
"2","3039",1,"TUR"
"839","3039",1,"TUR"
"884","3039",1,"TUR"
"1856","3039",1,"TUR"
"2315","3039",1,"TUR"
"2363","3039",1,"TUR"
"2553","3039",1,"TUR"
"19","3040",1,"TUR"
"35","3040",1,"TUR"
"1179","3040",1,"TUR"
"1243","3040",1,"TUR"
"1936","3040",1,"TUR"
"23","3041",1,"TUR"
"421","3041",1,"TUR"
"2528","3041",4,"TUR"
"392","3042",1,"TUR"
"1109","3042",2,"TUR"
"1482","3042",1,"TUR"
"228","3043",1,"TUR"
"268","3043",1,"TUR"
"829","3043",4,"TUR"
"1753","3043",1,"TUR"
"105","3044",1,"TUR"
"108","3044",1,"TUR"
"228","3044",1,"TUR"
"340","3044",1,"TUR"
"467","3044",1,"TUR"
"1109","3044",1,"TUR"
"1519","3044",1,"TUR"
"1","3045",1,"TUR"
"2","3045",1,"TUR"
"4","3045",1,"TUR"
"1","3046",1,"TUR"
"15","3046",1,"TUR"
"517","3046",1,"TUR"
"1350","3046",1,"TUR"
"27","3047",1,"TUR"
"70","3047",1,"TUR"
"217","3047",1,"TUR"
"571","3047",1,"TUR"
"774","3047",1,"TUR"
"883","3047",1,"TUR"
"1274","3047",1,"TUR"
"2896","3047",1,"TUR"
"60","3048",1,"TUR"
"1944","3048",1,"TUR"
"2802","3048",1,"TUR"
"22","3049",3,"TUR"
"287","3049",1,"TUR"
"1750","3049",1,"TUR"
"18","3050",1,"TUR"
"51","3050",1,"TUR"
"2184","3050",1,"TUR"
"6","3051",1,"TUR"
"60","3051",1,"TUR"
"367","3051",1,"TUR"
"543","3051",1,"TUR"
"985","3051",1,"TUR"
"1936","3051",1,"TUR"
"1","3052",1,"TUR"
"10","3052",1,"TUR"
"57","3052",1,"TUR"
"119","3052",1,"TUR"
"850","3052",1,"TUR"
"2741","3052",1,"TUR"
"3020","3052",1,"TUR"
"4","3053",1,"TUR"
"100","3053",1,"TUR"
"294","3053",1,"TUR"
"306","3053",1,"TUR"
"639","3053",1,"TUR"
"2268","3053",1,"TUR"
"2929","3053",1,"TUR"
"1","3054",1,"TUR"
"15","3054",1,"TUR"
"19","3054",1,"TUR"
"24","3054",1,"TUR"
"910","3054",3,"TUR"
"2","3055",1,"TUR"
"118","3055",1,"TUR"
"336","3055",1,"TUR"
"421","3055",1,"TUR"
"752","3055",1,"TUR"
"861","3055",1,"TUR"
"1316","3055",1,"TUR"
"5","3056",1,"TUR"
"32","3056",2,"TUR"
"229","3056",1,"TUR"
"1378","3056",1,"TUR"
"8","3057",1,"TUR"
"43","3057",1,"TUR"
"386","3057",2,"TUR"
"407","3057",1,"TUR"
"597","3057",1,"TUR"
"1142","3057",1,"TUR"
"1371","3057",1,"TUR"
"399","3058",1,"TUR"
"417","3058",1,"TUR"
"1089","3058",1,"TUR"
"1543","3058",1,"TUR"
"2813","3058",1,"TUR"
"4","3059",1,"TUR"
"5","3059",1,"TUR"
"157","3059",1,"TUR"
"339","3059",1,"TUR"
"496","3059",1,"TUR"
"710","3059",1,"TUR"
"955","3059",1,"TUR"
"1368","3059",1,"TUR"
"27","3060",1,"TUR"
"109","3060",1,"TUR"
"213","3060",1,"TUR"
"1777","3060",1,"TUR"
"6","3061",1,"TUR"
"96","3061",1,"TUR"
"132","3061",1,"TUR"
"275","3061",1,"TUR"
"492","3061",1,"TUR"
"652","3061",1,"TUR"
"799","3061",1,"TUR"
"1959","3061",1,"TUR"
"37","3062",1,"TUR"
"201","3062",1,"TUR"
"2","3063",3,"TUR"
"10","3063",1,"TUR"
"63","3063",1,"TUR"
"159","3063",1,"TUR"
"1967","3063",1,"TUR"
"2310","3063",1,"TUR"
"5","3064",1,"TUR"
"52","3064",1,"TUR"
"145","3064",1,"TUR"
"186","3064",1,"TUR"
"1472","3064",1,"TUR"
"2643","3064",1,"TUR"
"3","3065",3,"TUR"
"112","3065",1,"TUR"
"1188","3065",1,"TUR"
"55","3066",1,"TUR"
"297","3066",1,"TUR"
"312","3066",1,"TUR"
"367","3066",1,"TUR"
"376","3066",1,"TUR"
"441","3066",1,"TUR"
"2782","3066",1,"TUR"
"61","3067",4,"TUR"
"731","3067",1,"TUR"
"2350","3067",1,"TUR"
"2353","3067",1,"TUR"
"728","3068",4,"TUR"
"80","3069",1,"TUR"
"82","3069",1,"TUR"
"130","3069",1,"TUR"
"179","3069",1,"TUR"
"895","3069",2,"TUR"
"1158","3069",1,"TUR"
"2341","3069",1,"TUR"
"3","3070",1,"TUR"
"105","3070",1,"TUR"
"125","3070",1,"TUR"
"906","3070",1,"TUR"
"3","3071",1,"TUR"
"120","3071",1,"TUR"
"147","3071",1,"TUR"
"202","3071",1,"TUR"
"433","3071",1,"TUR"
"1755","3071",1,"TUR"
"8","3072",1,"TUR"
"16","3072",1,"TUR"
"85","3072",1,"TUR"
"93","3072",1,"TUR"
"682","3072",1,"TUR"
"1128","3072",1,"TUR"
"1","3073",1,"TUR"
"71","3073",1,"TUR"
"616","3073",1,"TUR"
"939","3073",1,"TUR"
"2937","3073",1,"TUR"
"256","3074",7,"TUR"
"258","3075",1,"TUR"
"1783","3075",4,"TUR"
"2990","3075",1,"TUR"
"1","3076",1,"TUR"
"20","3076",1,"TUR"
"83","3076",1,"TUR"
"418","3076",1,"TUR"
"442","3076",1,"TUR"
"710","3076",2,"TUR"
"901","3076",1,"TUR"
"1","3077",1,"TUR"
"139","3077",1,"TUR"
"1097","3077",1,"TUR"
"1435","3077",1,"TUR"
"2","3078",1,"TUR"
"6","3078",1,"TUR"
"7","3078",1,"TUR"
"91","3078",1,"TUR"
"163","3078",1,"TUR"
"1926","3078",1,"TUR"
"2861","3078",1,"TUR"
"2982","3078",1,"TUR"
"5","3079",1,"TUR"
"91","3079",1,"TUR"
"120","3079",1,"TUR"
"643","3079",1,"TUR"
"1510","3079",1,"TUR"
"1682","3079",1,"TUR"
"2832","3079",1,"TUR"
"23","3080",1,"TUR"
"169","3080",1,"TUR"
"199","3080",1,"TUR"
"253","3080",1,"TUR"
"631","3080",1,"TUR"
"929","3080",1,"TUR"
"1067","3080",1,"TUR"
"1403","3080",1,"TUR"
"3","3081",1,"TUR"
"82","3081",1,"TUR"
"388","3081",1,"TUR"
"659","3081",1,"TUR"
"663","3081",1,"TUR"
"704","3081",1,"TUR"
"1051","3081",1,"TUR"
"1","3082",1,"TUR"
"1358","3082",4,"TUR"
"1449","3082",1,"TUR"
"1667","3082",1,"TUR"
"2649","3082",1,"TUR"
"5","3083",1,"TUR"
"22","3083",1,"TUR"
"84","3083",1,"TUR"
"96","3083",1,"TUR"
"154","3083",1,"TUR"
"2076","3083",1,"TUR"
"2","3084",1,"TUR"
"3","3084",1,"TUR"
"6","3084",1,"TUR"
"8","3084",1,"TUR"
"105","3084",1,"TUR"
"693","3084",1,"TUR"
"4","3085",2,"TUR"
"34","3085",1,"TUR"
"85","3085",1,"TUR"
"114","3085",1,"TUR"
"179","3085",2,"TUR"
"756","3085",1,"TUR"
"1","3086",2,"TUR"
"94","3086",1,"TUR"
"3050","3086",3,"TUR"
"2","3087",1,"TUR"
"3","3087",1,"TUR"
"7","3087",1,"TUR"
"11","3087",1,"TUR"
"96","3087",1,"TUR"
"526","3087",1,"TUR"
"1675","3087",1,"TUR"
"2627","3087",1,"TUR"
"1","3088",1,"TUR"
"7","3088",1,"TUR"
"80","3088",1,"TUR"
"194","3088",1,"TUR"
"347","3088",2,"TUR"
"1032","3088",1,"TUR"
"1","3089",1,"TUR"
"2","3089",1,"TUR"
"6","3089",1,"TUR"
"12","3089",1,"TUR"
"1018","3089",1,"TUR"
"2972","3089",1,"TUR"
"4","3090",1,"TUR"
"61","3090",1,"TUR"
"458","3090",1,"TUR"
"2344","3090",1,"TUR"
"3090","3090",1,"TUR"
"7","3091",1,"TUR"
"34","3091",1,"TUR"
"87","3091",1,"TUR"
"177","3091",1,"TUR"
"973","3091",1,"TUR"
"1807","3091",1,"TUR"
"38","3092",1,"TUR"
"170","3092",1,"TUR"
"226","3092",2,"TUR"
"236","3092",1,"TUR"
"27","3093",1,"TUR"
"47","3093",1,"TUR"
"59","3093",1,"TUR"
"236","3093",1,"TUR"
"1582","3093",1,"TUR"
"35","3094",1,"TUR"
"447","3094",1,"TUR"
"578","3094",1,"TUR"
"1584","3094",1,"TUR"
"71","3095",1,"TUR"
"319","3095",1,"TUR"
"664","3095",1,"TUR"
"858","3095",1,"TUR"
"5","3096",1,"TUR"
"579","3096",1,"TUR"
"616","3096",1,"TUR"
"2348","3096",1,"TUR"
"96","3097",1,"TUR"
"201","3097",1,"TUR"
"475","3097",1,"TUR"
"1871","3097",1,"TUR"
"1","3098",1,"TUR"
"5","3098",2,"TUR"
"44","3098",1,"TUR"
"201","3098",1,"TUR"
"632","3098",1,"TUR"
"7","3099",1,"TUR"
"38","3099",1,"TUR"
"53","3099",1,"TUR"
"128","3099",1,"TUR"
"625","3099",1,"TUR"
"1050","3099",1,"TUR"
"38","3100",2,"TUR"
"227","3100",1,"TUR"
"578","3100",1,"TUR"
"1322","3100",1,"TUR"
"2793","3100",1,"TUR"
"1","3101",1,"TUR"
"349","3101",1,"TUR"
"734","3101",1,"TUR"
"1099","3101",1,"TUR"
"35","3102",1,"TUR"
"37","3102",1,"TUR"
"128","3102",1,"TUR"
"130","3102",1,"TUR"
"624","3102",1,"TUR"
"2249","3102",1,"TUR"
"35","3103",1,"TUR"
"117","3103",1,"TUR"
"170","3103",1,"TUR"
"236","3103",1,"TUR"
"328","3103",1,"TUR"
"1356","3103",1,"TUR"
"1","3104",1,"TUR"
"2","3104",1,"TUR"
"19","3104",1,"TUR"
"59","3104",1,"TUR"
"128","3104",1,"TUR"
"35","3105",1,"TUR"
"59","3105",1,"TUR"
"117","3105",1,"TUR"
"204","3105",1,"TUR"
"1021","3105",1,"TUR"
"5","3106",1,"TUR"
"30","3106",1,"TUR"
"126","3106",1,"TUR"
"201","3106",1,"TUR"
"1665","3106",1,"TUR"
"1","3107",1,"TUR"
"2","3107",1,"TUR"
"86","3107",1,"TUR"
"999","3107",1,"TUR"
"1187","3107",1,"TUR"
"35","3108",1,"TUR"
"46","3108",1,"TUR"
"790","3108",1,"TUR"
"1362","3108",1,"TUR"
"2515","3108",1,"TUR"
"35","3109",1,"TUR"
"40","3109",1,"TUR"
"128","3109",1,"TUR"
"948","3109",1,"TUR"
"2791","3109",1,"TUR"
"5","3110",1,"TUR"
"15","3110",1,"TUR"
"40","3110",1,"TUR"
"70","3110",1,"TUR"
"506","3110",1,"TUR"
"693","3110",1,"TUR"
"35","3111",2,"TUR"
"40","3111",1,"TUR"
"126","3111",1,"TUR"
"130","3111",1,"TUR"
"159","3111",1,"TUR"
"1","3112",1,"TUR"
"5","3112",1,"TUR"
"35","3112",1,"TUR"
"174","3112",1,"TUR"
"1136","3112",1,"TUR"
"1262","3112",1,"TUR"
"38","3113",1,"TUR"
"121","3113",1,"TUR"
"1136","3113",1,"TUR"
"2819","3113",1,"TUR"
"38","3114",2,"TUR"
"59","3114",3,"TUR"
"117","3114",1,"TUR"
"35","3115",1,"TUR"
"81","3115",1,"TUR"
"170","3115",1,"TUR"
"784","3115",1,"TUR"
"1883","3115",1,"TUR"
"2897","3115",1,"TUR"
"30","3116",1,"TUR"
"35","3116",1,"TUR"
"1354","3116",1,"TUR"
"19","3117",2,"TUR"
"103","3118",1,"TUR"
"184","3118",1,"TUR"
"540","3118",1,"TUR"
"1298","3118",1,"TUR"
"5","3119",1,"TUR"
"19","3119",1,"TUR"
"20","3119",1,"TUR"
"1252","3119",1,"TUR"
"3032","3119",1,"TUR"
"3","3120",2,"TUR"
"57","3120",2,"TUR"
"146","3120",1,"TUR"
"486","3120",1,"TUR"
"34","3121",1,"TUR"
"44","3121",1,"TUR"
"586","3121",1,"TUR"
"1204","3121",1,"TUR"
"1937","3121",1,"TUR"
"5","3122",1,"TUR"
"45","3122",1,"TUR"
"75","3122",1,"TUR"
"420","3122",1,"TUR"
"1","3123",1,"TUR"
"136","3123",1,"TUR"
"350","3123",1,"TUR"
"533","3123",1,"TUR"
"99","3124",1,"TUR"
"355","3124",1,"TUR"
"448","3124",1,"TUR"
"11","3125",2,"TUR"
"58","3125",1,"TUR"
"193","3125",1,"TUR"
"251","3125",1,"TUR"
"1","3126",1,"TUR"
"2947","3126",1,"TUR"
"4","3127",1,"TUR"
"162","3127",1,"TUR"
"826","3127",1,"TUR"
"3122","3127",1,"TUR"
"33","3128",1,"TUR"
"192","3128",1,"TUR"
"1937","3128",1,"TUR"
"325","3129",1,"TUR"
"946","3129",1,"TUR"
"1843","3129",1,"TUR"
"3065","3129",1,"TUR"
"2","3130",1,"TUR"
"14","3130",1,"TUR"
"96","3130",1,"TUR"
"239","3130",1,"TUR"
"23","3131",2,"TUR"
"710","3131",2,"TUR"
"45","3132",1,"TUR"
"243","3132",1,"TUR"
"286","3132",1,"TUR"
"2102","3132",1,"TUR"
"2893","3132",1,"TUR"
"330","3133",1,"TUR"
"812","3133",2,"TUR"
"1844","3133",1,"TUR"
"4","3134",1,"TUR"
"259","3134",1,"TUR"
"424","3134",1,"TUR"
"737","3134",1,"TUR"
"1","3135",1,"TUR"
"648","3135",1,"TUR"
"877","3135",2,"TUR"
"1108","3135",1,"TUR"
"1159","3135",1,"TUR"
"36","3136",1,"TUR"
"424","3136",1,"TUR"
"1004","3136",1,"TUR"
"1","3137",1,"TUR"
"4","3137",1,"TUR"
"18","3137",1,"TUR"
"2","3138",1,"TUR"
"10","3138",1,"TUR"
"784","3138",1,"TUR"
"1136","3138",1,"TUR"
"1436","3138",1,"TUR"
"294","3139",1,"TUR"
"405","3139",1,"TUR"
"1099","3139",2,"TUR"
"18","3140",1,"TUR"
"35","3140",1,"TUR"
"911","3140",1,"TUR"
"979","3140",1,"TUR"
"2338","3140",1,"TUR"
"5","3141",1,"TUR"
"17","3141",1,"TUR"
"18","3141",1,"TUR"
"207","3141",1,"TUR"
"2511","3141",2,"TUR"
"1","3142",1,"TUR"
"5","3142",1,"TUR"
"14","3142",1,"TUR"
"100","3142",1,"TUR"
"1353","3142",1,"TUR"
"2673","3142",1,"TUR"
"11","3143",1,"TUR"
"136","3143",1,"TUR"
"365","3143",1,"TUR"
"1149","3143",1,"TUR"
"1748","3143",1,"TUR"
"1","3144",1,"TUR"
"1017","3144",1,"TUR"
"115","3145",1,"TUR"
"344","3145",1,"TUR"
"822","3145",1,"TUR"
"1979","3145",2,"TUR"
"742","3146",2,"TUR"
"1387","3146",1,"TUR"
"1806","3146",1,"TUR"
"343","3147",1,"TUR"
"599","3147",1,"TUR"
"816","3147",1,"TUR"
"1308","3147",1,"TUR"
"1568","3147",1,"TUR"
"2459","3147",1,"TUR"
"67","3148",1,"TUR"
"560","3148",1,"TUR"
"974","3148",1,"TUR"
"1016","3148",2,"TUR"
"4","3149",1,"TUR"
"45","3149",1,"TUR"
"85","3149",1,"TUR"
"192","3149",1,"TUR"
"1416","3149",1,"TUR"
"2","3150",1,"TUR"
"9","3150",1,"TUR"
"11","3150",1,"TUR"
"54","3150",1,"TUR"
"1293","3150",1,"TUR"
"5","3151",1,"TUR"
"11","3151",1,"TUR"
"1274","3151",1,"TUR"
"1704","3151",1,"TUR"
"2318","3151",1,"TUR"
"2917","3151",1,"TUR"
"4","3152",1,"TUR"
"513","3152",1,"TUR"
"612","3152",1,"TUR"
"578","3153",1,"TUR"
"612","3153",1,"TUR"
"4","3154",1,"TUR"
"214","3154",1,"TUR"
"593","3154",1,"TUR"
"909","3154",1,"TUR"
"997","3154",1,"TUR"
"2646","3154",1,"TUR"
"178","3155",1,"TUR"
"776","3155",1,"TUR"
"946","3155",1,"TUR"
"1219","3156",1,"TUR"
"1282","3156",1,"TUR"
"2582","3156",1,"TUR"
"74","3157",1,"TUR"
"88","3157",1,"TUR"
"341","3157",1,"TUR"
"3062","3157",1,"TUR"
"31","3158",1,"TUR"
"92","3158",1,"TUR"
"292","3158",1,"TUR"
"363","3158",1,"TUR"
"389","3158",1,"TUR"
"469","3158",1,"TUR"
"2","3159",1,"TUR"
"9","3159",1,"TUR"
"317","3159",1,"TUR"
"1004","3159",1,"TUR"
"1304","3159",1,"TUR"
"1765","3159",1,"TUR"
"1","3160",1,"TUR"
"107","3160",1,"TUR"
"141","3160",2,"TUR"
"1666","3160",1,"TUR"
"1891","3160",1,"TUR"
"217","3161",1,"TUR"
"247","3161",1,"TUR"
"843","3161",1,"TUR"
"1721","3161",1,"TUR"
"1","3162",2,"TUR"
"20","3162",1,"TUR"
"479","3162",1,"TUR"
"2905","3162",1,"TUR"
"6","3163",1,"TUR"
"234","3163",1,"TUR"
"1022","3163",1,"TUR"
"1297","3163",1,"TUR"
"2256","3163",1,"TUR"
"63","3164",1,"TUR"
"193","3164",1,"TUR"
"1","3165",1,"TUR"
"42","3165",1,"TUR"
"6","3166",1,"TUR"
"7","3166",1,"TUR"
"48","3166",2,"TUR"
"105","3166",1,"TUR"
"189","3166",1,"TUR"
"23","3167",1,"TUR"
"2018","3167",2,"TUR"
"412","3168",1,"TUR"
"1193","3168",1,"TUR"
"1477","3168",1,"TUR"
"1696","3168",1,"TUR"
"1","3169",2,"TUR"
"34","3169",1,"TUR"
"64","3169",1,"TUR"
"262","3169",1,"TUR"
"2438","3169",1,"TUR"
"7","3170",1,"TUR"
"534","3170",1,"TUR"
"1445","3170",1,"TUR"
"2233","3170",1,"TUR"
"2393","3170",1,"TUR"
"2","3171",1,"TUR"
"7","3171",1,"TUR"
"50","3171",1,"TUR"
"464","3171",1,"TUR"
"11","3172",1,"TUR"
"253","3172",1,"TUR"
"342","3172",2,"TUR"
"2012","3172",1,"TUR"
"50","3173",1,"TUR"
"592","3173",1,"TUR"
"2938","3173",1,"TUR"
"96","3174",1,"TUR"
"357","3174",1,"TUR"
"1080","3174",2,"TUR"
"1","3175",1,"TUR"
"2","3175",1,"TUR"
"134","3176",1,"TUR"
"198","3176",1,"TUR"
"438","3176",1,"TUR"
"1519","3176",1,"TUR"
"2858","3176",1,"TUR"
"1","3177",1,"TUR"
"12","3177",1,"TUR"
"216","3177",1,"TUR"
"945","3177",1,"TUR"
"1594","3177",1,"TUR"
"2086","3177",1,"TUR"
"3","3178",1,"TUR"
"13","3178",1,"TUR"
"41","3178",2,"TUR"
"3","3179",1,"TUR"
"4","3179",1,"TUR"
"105","3179",2,"TUR"
"1218","3179",1,"TUR"
"2128","3179",1,"TUR"
"4","3180",1,"TUR"
"359","3180",1,"TUR"
"1226","3180",1,"TUR"
"7","3181",2,"TUR"
"277","3181",1,"TUR"
"794","3181",1,"TUR"
"1278","3181",1,"TUR"
"2689","3181",1,"TUR"
"3","3182",1,"TUR"
"4","3182",1,"TUR"
"29","3182",1,"TUR"
"192","3182",1,"TUR"
"277","3182",1,"TUR"
"431","3182",1,"TUR"
"1","3183",1,"TUR"
"249","3183",1,"TUR"
"404","3183",1,"TUR"
"5","3184",1,"TUR"
"27","3184",1,"TUR"
"471","3184",1,"TUR"
"11","3185",1,"TUR"
"144","3185",2,"TUR"
"18","3186",1,"TUR"
"476","3186",1,"TUR"
"619","3186",1,"TUR"
"28","3187",1,"TUR"
"1950","3187",1,"TUR"
"54","3188",1,"TUR"
"518","3188",1,"TUR"
"985","3188",1,"TUR"
"989","3188",2,"TUR"
"70","3189",1,"TUR"
"194","3189",1,"TUR"
"636","3189",2,"TUR"
"1108","3189",1,"TUR"
"1166","3189",1,"TUR"
"2","3190",1,"TUR"
"3","3190",1,"TUR"
"5","3190",1,"TUR"
"42","3190",1,"TUR"
"4","3191",1,"TUR"
"12","3191",1,"TUR"
"141","3191",1,"TUR"
"291","3191",1,"TUR"
"2830","3191",1,"TUR"
"4","3192",1,"TUR"
"6","3192",1,"TUR"
"183","3192",1,"TUR"
"202","3192",1,"TUR"
"305","3192",1,"TUR"
"1910","3192",1,"TUR"
"1","3193",1,"TUR"
"810","3193",1,"TUR"
"3","3194",1,"TUR"
"56","3194",1,"TUR"
"391","3194",1,"TUR"
"433","3194",1,"TUR"
"1467","3194",1,"TUR"
"1592","3194",1,"TUR"
"2","3195",1,"TUR"
"167","3195",1,"TUR"
"457","3195",1,"TUR"
"659","3195",1,"TUR"
"1146","3195",1,"TUR"
"157","3196",1,"TUR"
"170","3196",1,"TUR"
"533","3196",1,"TUR"
"1311","3196",1,"TUR"
"2929","3196",1,"TUR"
"147","3197",1,"TUR"
"226","3197",1,"TUR"
"295","3197",1,"TUR"
"1165","3197",1,"TUR"
"1566","3197",1,"TUR"
"37","3198",1,"TUR"
"408","3198",1,"TUR"
"456","3198",1,"TUR"
"457","3198",1,"TUR"
"2091","3198",1,"TUR"
"1","3199",1,"TUR"
"546","3199",1,"TUR"
"1879","3199",1,"TUR"
"2394","3199",1,"TUR"
"2687","3199",1,"TUR"
"765","3200",1,"TUR"
"1300","3200",1,"TUR"
"41","3201",2,"TUR"
"1312","3201",1,"TUR"
"2291","3201",1,"TUR"
"121","3202",1,"TUR"
"347","3202",2,"TUR"
"741","3202",2,"TUR"
"3014","3203",1,"TUR"
"30","3204",1,"TUR"
"129","3204",1,"TUR"
"871","3204",1,"TUR"
"1122","3204",2,"TUR"
"2600","3204",1,"TUR"
"1","3205",1,"TUR"
"5","3205",1,"TUR"
"33","3205",1,"TUR"
"555","3205",1,"TUR"
"577","3205",1,"TUR"
"2128","3205",1,"TUR"
"6","3206",1,"TUR"
"880","3206",1,"TUR"
"1027","3206",1,"TUR"
"1775","3206",1,"TUR"
"2","3207",1,"TUR"
"27","3207",1,"TUR"
"41","3207",1,"TUR"
"772","3207",1,"TUR"
"1853","3207",1,"TUR"
"5","3208",1,"TUR"
"10","3208",1,"TUR"
"152","3208",1,"TUR"
"1196","3208",1,"TUR"
"2393","3208",1,"TUR"
"2907","3208",1,"TUR"
"129","3209",1,"TUR"
"385","3209",1,"TUR"
"1398","3209",1,"TUR"
"1628","3209",1,"TUR"
"101","3210",1,"TUR"
"236","3210",1,"TUR"
"379","3210",1,"TUR"
"997","3210",1,"TUR"
"7","3211",1,"TUR"
"89","3211",1,"TUR"
"698","3211",1,"TUR"
"1733","3211",1,"TUR"
"723","3212",1,"TUR"
"945","3212",3,"TUR"
"1058","3212",1,"TUR"
"2","3213",2,"TUR"
"31","3213",1,"TUR"
"133","3213",1,"TUR"
"1260","3213",1,"TUR"
"19","3214",1,"TUR"
"111","3214",1,"TUR"
"976","3214",1,"TUR"
"1497","3214",1,"TUR"
"10","3215",1,"TUR"
"113","3215",1,"TUR"
"205","3215",1,"TUR"
"254","3215",1,"TUR"
"15","3216",2,"TUR"
"21","3216",1,"TUR"
"33","3216",1,"TUR"
"611","3216",2,"TUR"
"2","3217",1,"TUR"
"40","3217",1,"TUR"
"56","3217",1,"TUR"
"170","3217",1,"TUR"
"1313","3217",1,"TUR"
"1393","3217",1,"TUR"
"351","3218",1,"TUR"
"1306","3218",1,"TUR"
"2130","3218",1,"TUR"
"2","3219",1,"TUR"
"12","3219",1,"TUR"
"1593","3219",1,"TUR"
"2696","3219",1,"TUR"
"5","3220",1,"TUR"
"22","3220",1,"TUR"
"67","3220",1,"TUR"
"803","3220",1,"TUR"
"1","3221",1,"TUR"
"1832","3221",1,"TUR"
"2710","3221",1,"TUR"
"18","3222",1,"TUR"
"37","3222",1,"TUR"
"46","3222",1,"TUR"
"1333","3222",1,"TUR"
"1511","3222",1,"TUR"
"2644","3222",1,"TUR"
"673","3223",1,"TUR"
"1165","3223",1,"TUR"
"1276","3223",1,"TUR"
"27","3224",1,"TUR"
"65","3224",1,"TUR"
"193","3224",1,"TUR"
"540","3224",1,"TUR"
"598","3224",1,"TUR"
"2192","3224",1,"TUR"
"2","3225",1,"TUR"
"6","3225",1,"TUR"
"17","3225",1,"TUR"
"412","3225",1,"TUR"
"1921","3225",1,"TUR"
"1","3226",1,"TUR"
"6","3226",1,"TUR"
"95","3226",1,"TUR"
"439","3226",1,"TUR"
"778","3226",1,"TUR"
"2709","3226",1,"TUR"
"351","3227",1,"TUR"
"2000","3227",2,"TUR"
"5","3228",2,"TUR"
"132","3228",1,"TUR"
"301","3228",1,"TUR"
"19","3229",1,"TUR"
"52","3229",1,"TUR"
"687","3229",1,"TUR"
"1692","3229",1,"TUR"
"2235","3229",1,"TUR"
"58","3230",3,"TUR"
"273","3230",2,"TUR"
"482","3230",1,"TUR"
"195","3231",2,"TUR"
"793","3231",1,"TUR"
"3","3232",3,"TUR"
"52","3232",1,"TUR"
"330","3232",1,"TUR"
"1","3233",1,"TUR"
"2","3233",1,"TUR"
"1399","3233",1,"TUR"
"1518","3233",1,"TUR"
"1","3234",2,"TUR"
"4","3234",1,"TUR"
"2158","3234",1,"TUR"
"1","3235",1,"TUR"
"20","3235",1,"TUR"
"822","3235",1,"TUR"
"1113","3235",1,"TUR"
"1","3236",1,"TUR"
"64","3236",1,"TUR"
"111","3236",1,"TUR"
"2342","3236",1,"TUR"
"1","3237",1,"TUR"
"20","3237",2,"TUR"
"1096","3237",1,"TUR"
"1","3238",1,"TUR"
"45","3238",1,"TUR"
"187","3238",1,"TUR"
"1110","3238",1,"TUR"
"2969","3238",1,"TUR"
"1","3239",1,"TUR"
"7","3239",1,"TUR"
"200","3239",1,"TUR"
"239","3239",1,"TUR"
"1544","3239",1,"TUR"
"241","3240",1,"TUR"
"1487","3240",1,"TUR"
"1","3241",1,"TUR"
"2148","3241",1,"TUR"
"2906","3241",1,"TUR"
"1","3242",1,"TUR"
"737","3242",1,"TUR"
"1020","3242",1,"TUR"
"1472","3242",1,"TUR"
"8","3243",1,"TUR"
"153","3243",3,"TUR"
"367","3243",1,"TUR"
"2204","3243",1,"TUR"
"19","3244",1,"TUR"
"115","3244",1,"TUR"
"444","3244",1,"TUR"
"11","3245",1,"TUR"
"336","3245",1,"TUR"
"594","3245",1,"TUR"
"617","3245",1,"TUR"
"1214","3245",1,"TUR"
"1588","3245",1,"TUR"
"1265","3246",1,"TUR"
"3056","3246",1,"TUR"
"2","3247",1,"TUR"
"926","3247",1,"TUR"
"2","3248",1,"TUR"
"167","3248",1,"TUR"
"372","3248",1,"TUR"
"1463","3248",1,"TUR"
"511","3249",1,"TUR"
"731","3249",1,"TUR"
"11","3250",1,"TUR"
"18","3250",1,"TUR"
"119","3250",1,"TUR"
"279","3250",2,"TUR"
"869","3250",1,"TUR"
"6","3251",1,"TUR"
"180","3251",1,"TUR"
"1027","3251",1,"TUR"
"126","3252",1,"TUR"
"230","3252",3,"TUR"
"3003","3252",1,"TUR"
"22","3253",1,"TUR"
"82","3253",1,"TUR"
"257","3254",1,"TUR"
"260","3254",1,"TUR"
"333","3254",1,"TUR"
"627","3254",1,"TUR"
"4","3255",1,"TUR"
"8","3255",1,"TUR"
"257","3255",1,"TUR"
"1287","3255",1,"TUR"
"2098","3255",1,"TUR"
"1","3256",1,"TUR"
"5","3256",1,"TUR"
"60","3256",1,"TUR"
"409","3256",1,"TUR"
"1515","3256",1,"TUR"
"4","3257",1,"TUR"
"30","3257",1,"TUR"
"55","3257",1,"TUR"
"67","3257",1,"TUR"
"831","3257",1,"TUR"
"1843","3258",2,"TUR"
"2221","3258",1,"TUR"
"2","3259",1,"TUR"
"10","3259",1,"TUR"
"42","3259",1,"TUR"
"2080","3259",1,"TUR"
"17","3260",1,"TUR"
"63","3260",1,"TUR"
"119","3260",1,"TUR"
"146","3260",1,"TUR"
"2910","3260",1,"TUR"
"45","3261",1,"TUR"
"228","3261",2,"TUR"
"2102","3261",1,"TUR"
"240","3262",1,"TUR"
"1410","3262",1,"TUR"
"2772","3262",1,"TUR"
"6","3263",1,"TUR"
"53","3263",2,"TUR"
"92","3263",1,"TUR"
"258","3263",1,"TUR"
"6","3264",1,"TUR"
"296","3264",1,"TUR"
"586","3264",1,"TUR"
"954","3264",1,"TUR"
"1144","3264",1,"TUR"
"3006","3264",1,"TUR"
"5","3265",1,"TUR"
"25","3265",2,"TUR"
"1321","3265",1,"TUR"
"2","3266",1,"TUR"
"3","3266",1,"TUR"
"664","3266",1,"TUR"
"21","3267",1,"TUR"
"103","3267",1,"TUR"
"153","3267",1,"TUR"
"275","3267",1,"TUR"
"1","3268",1,"TUR"
"247","3268",1,"TUR"
"2897","3268",1,"TUR"
"2932","3268",1,"TUR"
"1","3269",1,"TUR"
"10","3269",1,"TUR"
"969","3269",3,"TUR"
"2","3270",1,"TUR"
"12","3270",1,"TUR"
"56","3270",1,"TUR"
"257","3270",1,"TUR"
"613","3270",1,"TUR"
"25","3271",1,"TUR"
"52","3271",1,"TUR"
"91","3271",1,"TUR"
"92","3271",1,"TUR"
"1108","3271",1,"TUR"
"6","3272",1,"TUR"
"13","3272",1,"TUR"
"49","3272",1,"TUR"
"52","3272",1,"TUR"
"1066","3272",1,"TUR"
"45","3273",1,"TUR"
"100","3273",1,"TUR"
"173","3273",1,"TUR"
"328","3273",1,"TUR"
"1855","3273",1,"TUR"
"1","3274",2,"TUR"
"2","3274",1,"TUR"
"562","3274",1,"TUR"
"982","3274",1,"TUR"
"1","3275",1,"TUR"
"48","3275",2,"TUR"
"60","3275",1,"TUR"
"82","3275",1,"TUR"
"3244","3275",1,"TUR"
"1","3276",1,"TUR"
"5","3276",1,"TUR"
"184","3276",1,"TUR"
"367","3276",1,"TUR"
"1533","3276",1,"TUR"
"103","3277",1,"TUR"
"154","3277",1,"TUR"
"372","3277",1,"TUR"
"1313","3277",1,"TUR"
"1","3278",1,"TUR"
"5","3278",1,"TUR"
"1008","3278",1,"TUR"
"1190","3278",1,"TUR"
"1219","3278",1,"TUR"
"2467","3278",1,"TUR"
"153","3279",2,"TUR"
"549","3279",1,"TUR"
"605","3279",1,"TUR"
"759","3279",1,"TUR"
"2","3280",1,"TUR"
"67","3280",1,"TUR"
"207","3280",1,"TUR"
"975","3280",1,"TUR"
"1689","3280",1,"TUR"
"1","3281",1,"TUR"
"57","3281",1,"TUR"
"75","3281",1,"TUR"
"765","3281",1,"TUR"
"363","3282",1,"TUR"
"1527","3282",1,"TUR"
"175","3283",1,"TUR"
"198","3283",1,"TUR"
"372","3283",1,"TUR"
"639","3283",1,"TUR"
"25","3284",1,"TUR"
"211","3284",1,"TUR"
"1162","3284",1,"TUR"
"3203","3284",1,"TUR"
"6","3285",1,"TUR"
"200","3285",1,"TUR"
"605","3285",1,"TUR"
"711","3285",1,"TUR"
"734","3285",1,"TUR"
"1019","3285",1,"TUR"
"7","3286",1,"TUR"
"90","3286",1,"TUR"
"154","3286",1,"TUR"
"584","3286",1,"TUR"
"1852","3286",1,"TUR"
"4","3287",1,"TUR"
"1314","3287",1,"TUR"
"2195","3287",1,"TUR"
"4","3288",1,"TUR"
"261","3288",1,"TUR"
"576","3288",2,"TUR"
"1822","3288",1,"TUR"
"34","3289",1,"TUR"
"193","3289",1,"TUR"
"922","3289",1,"TUR"
"1740","3289",1,"TUR"
"2484","3289",1,"TUR"
"5","3290",1,"TUR"
"132","3290",1,"TUR"
"287","3290",1,"TUR"
"687","3290",1,"TUR"
"94","3291",1,"TUR"
"229","3291",1,"TUR"
"690","3291",1,"TUR"
"892","3291",1,"TUR"
"4","3292",1,"TUR"
"113","3292",1,"TUR"
"761","3292",1,"TUR"
"7","3293",1,"TUR"
"179","3293",2,"TUR"
"1410","3293",1,"TUR"
"440","3294",3,"TUR"
"1989","3294",1,"TUR"
"82","3295",1,"TUR"
"143","3295",1,"TUR"
"145","3295",1,"TUR"
"801","3295",1,"TUR"
"992","3295",1,"TUR"
"2893","3295",1,"TUR"
"1","3296",1,"TUR"
"114","3296",1,"TUR"
"604","3296",1,"TUR"
"712","3296",1,"TUR"
"2736","3296",1,"TUR"
"119","3297",1,"TUR"
"120","3297",1,"TUR"
"481","3297",1,"TUR"
"768","3297",1,"TUR"
"934","3297",1,"TUR"
"294","3298",1,"TUR"
"367","3298",2,"TUR"
"1197","3298",1,"TUR"
"1837","3298",1,"TUR"
"154","3299",1,"TUR"
"156","3299",1,"TUR"
"411","3299",1,"TUR"
"2155","3299",1,"TUR"
"2","3300",1,"TUR"
"4","3300",1,"TUR"
"422","3300",1,"TUR"
"494","3300",1,"TUR"
"10","3301",1,"TUR"
"11","3301",1,"TUR"
"43","3301",1,"TUR"
"369","3301",1,"TUR"
"103","3302",1,"TUR"
"145","3302",1,"TUR"
"842","3302",1,"TUR"
"1738","3302",1,"TUR"
"2537","3302",1,"TUR"
"2","3303",1,"TUR"
"12","3303",1,"TUR"
"16","3303",1,"TUR"
"73","3303",1,"TUR"
"286","3303",1,"TUR"
"577","3303",1,"TUR"
"10","3304",1,"TUR"
"11","3304",1,"TUR"
"205","3304",1,"TUR"
"1087","3304",2,"TUR"
"4","3305",1,"TUR"
"5","3305",1,"TUR"
"20","3305",1,"TUR"
"25","3305",1,"TUR"
"266","3305",1,"TUR"
"2035","3305",1,"TUR"
"2","3306",1,"TUR"
"3","3306",1,"TUR"
"2082","3306",2,"TUR"
"4","3307",1,"TUR"
"6","3307",1,"TUR"
"626","3307",1,"TUR"
"682","3307",1,"TUR"
"2130","3307",1,"TUR"
"234","3308",1,"TUR"
"350","3308",1,"TUR"
"904","3308",1,"TUR"
"1409","3308",1,"TUR"
"1744","3308",1,"TUR"
"34","3309",1,"TUR"
"329","3309",1,"TUR"
"2791","3309",1,"TUR"
"6","3310",1,"TUR"
"230","3310",1,"TUR"
"237","3310",1,"TUR"
"289","3310",1,"TUR"
"651","3310",1,"TUR"
"23","3311",1,"TUR"
"75","3311",1,"TUR"
"1023","3311",1,"TUR"
"4","3312",1,"TUR"
"7","3312",1,"TUR"
"8","3312",1,"TUR"
"49","3312",1,"TUR"
"1197","3313",1,"TUR"
"2252","3313",3,"TUR"
"7","3314",1,"TUR"
"132","3314",2,"TUR"
"2853","3314",3,"TUR"
"86","3315",1,"TUR"
"128","3315",1,"TUR"
"204","3315",1,"TUR"
"750","3315",2,"TUR"
"2","3316",2,"TUR"
"7","3316",1,"TUR"
"601","3316",1,"TUR"
"1787","3316",1,"TUR"
"457","3317",1,"TUR"
"1060","3317",1,"TUR"
"1694","3317",1,"TUR"
"2309","3317",1,"TUR"
"12","3318",1,"TUR"
"14","3318",1,"TUR"
"698","3318",1,"TUR"
"1935","3318",1,"TUR"
"6","3319",1,"TUR"
"99","3319",1,"TUR"
"229","3319",1,"TUR"
"267","3319",1,"TUR"
"1877","3319",1,"TUR"
"3246","3319",1,"TUR"
"6","3320",2,"TUR"
"411","3320",1,"TUR"
"5","3321",1,"TUR"
"57","3321",1,"TUR"
"963","3321",1,"TUR"
"1542","3321",1,"TUR"
"10","3322",1,"TUR"
"1374","3322",1,"TUR"
"2025","3322",1,"TUR"
"4","3323",1,"TUR"
"26","3323",1,"TUR"
"1104","3323",1,"TUR"
"1561","3323",1,"TUR"
"2049","3323",1,"TUR"
"2062","3323",1,"TUR"
"1","3324",1,"TUR"
"71","3324",1,"TUR"
"1546","3324",1,"TUR"
"19","3325",1,"TUR"
"301","3325",1,"TUR"
"433","3325",1,"TUR"
"440","3325",1,"TUR"
"1","3326",1,"TUR"
"153","3326",1,"TUR"
"264","3326",1,"TUR"
"347","3326",1,"TUR"
"978","3326",1,"TUR"
"1422","3326",1,"TUR"
"174","3327",1,"TUR"
"329","3327",1,"TUR"
"648","3327",1,"TUR"
"2144","3327",1,"TUR"
"2756","3327",1,"TUR"
"3","3328",1,"TUR"
"90","3328",1,"TUR"
"120","3328",1,"TUR"
"289","3328",1,"TUR"
"405","3328",1,"TUR"
"1338","3328",1,"TUR"
"43","3329",1,"TUR"
"124","3329",1,"TUR"
"231","3329",1,"TUR"
"575","3329",1,"TUR"
"1297","3329",1,"TUR"
"2151","3329",1,"TUR"
"1","3330",1,"TUR"
"18","3330",1,"TUR"
"1980","3330",2,"TUR"
"2849","3330",1,"TUR"
"202","3331",1,"TUR"
"274","3331",1,"TUR"
"817","3331",2,"TUR"
"992","3331",1,"TUR"
"1120","3331",1,"TUR"
"2","3332",1,"TUR"
"399","3332",1,"TUR"
"498","3332",2,"TUR"
"2415","3332",1,"TUR"
"42","3333",1,"TUR"
"1174","3333",2,"TUR"
"2873","3333",1,"TUR"
"3333","3333",1,"TUR"
"40","3334",1,"TUR"
"1047","3334",1,"TUR"
"1778","3334",1,"TUR"
"1","3335",2,"TUR"
"7","3335",1,"TUR"
"12","3335",1,"TUR"
"280","3335",1,"TUR"
"24","3336",1,"TUR"
"885","3336",1,"TUR"
"3336","3336",1,"TUR"
"22","3337",1,"TUR"
"1291","3337",1,"TUR"
"1873","3337",1,"TUR"
"2117","3337",1,"TUR"
"2","3338",1,"TUR"
"5","3338",1,"TUR"
"288","3338",1,"TUR"
"1447","3338",1,"TUR"
"4","3339",1,"TUR"
"135","3339",1,"TUR"
"392","3339",1,"TUR"
"1316","3339",1,"TUR"
"83","3340",1,"TUR"
"1436","3340",1,"TUR"
"2742","3340",1,"TUR"
"68","3341",1,"TUR"
"70","3341",1,"TUR"
"87","3341",1,"TUR"
"231","3341",1,"TUR"
"501","3341",1,"TUR"
"561","3341",1,"TUR"
"1","3342",1,"TUR"
"5","3342",1,"TUR"
"26","3342",1,"TUR"
"423","3342",1,"TUR"
"585","3342",1,"TUR"
"725","3342",1,"TUR"
"1","3343",1,"TUR"
"6","3343",1,"TUR"
"20","3343",1,"TUR"
"1707","3343",2,"TUR"
"3220","3343",1,"TUR"
"167","3344",1,"TUR"
"1338","3344",1,"TUR"
"2200","3344",1,"TUR"
"3","3345",3,"TUR"
"732","3345",1,"TUR"
"858","3345",1,"TUR"
"1154","3345",1,"TUR"
"3","3346",1,"TUR"
"157","3346",1,"TUR"
"801","3346",1,"TUR"
"880","3346",1,"TUR"
"2209","3346",1,"TUR"
"14","3347",1,"TUR"
"19","3347",1,"TUR"
"129","3347",1,"TUR"
"199","3347",1,"TUR"
"433","3347",1,"TUR"
"3327","3347",1,"TUR"
"27","3348",2,"TUR"
"43","3348",1,"TUR"
"1339","3348",1,"TUR"
"2228","3348",1,"TUR"
"3046","3348",1,"TUR"
"34","3349",1,"TUR"
"141","3349",1,"TUR"
"154","3349",1,"TUR"
"1319","3349",1,"TUR"
"2071","3349",1,"TUR"
"93","3350",1,"TUR"
"1469","3350",1,"TUR"
"1923","3350",1,"TUR"
"2268","3350",1,"TUR"
"1","3351",1,"TUR"
"246","3351",1,"TUR"
"3058","3351",1,"TUR"
"3311","3351",1,"TUR"
"5","3352",1,"TUR"
"65","3352",1,"TUR"
"82","3352",1,"TUR"
"1329","3352",2,"TUR"
"95","3353",1,"TUR"
"359","3353",1,"TUR"
"407","3353",1,"TUR"
"776","3353",1,"TUR"
"988","3353",1,"TUR"
"1371","3353",1,"TUR"
"9","3354",1,"TUR"
"44","3354",1,"TUR"
"124","3354",1,"TUR"
"552","3354",1,"TUR"
"2268","3354",1,"TUR"
"70","3355",2,"TUR"
"81","3355",1,"TUR"
"124","3355",1,"TUR"
"737","3355",1,"TUR"
"2488","3355",1,"TUR"
"5","3356",2,"TUR"
"67","3356",1,"TUR"
"2967","3356",1,"TUR"
"6","3357",1,"TUR"
"1124","3357",1,"TUR"
"2","3358",1,"TUR"
"77","3358",1,"TUR"
"268","3358",1,"TUR"
"566","3358",1,"TUR"
"934","3358",1,"TUR"
"1044","3358",1,"TUR"
"6","3359",2,"TUR"
"93","3359",1,"TUR"
"617","3359",1,"TUR"
"124","3360",2,"TUR"
"134","3360",1,"TUR"
"229","3360",1,"TUR"
"1","3361",1,"TUR"
"95","3361",1,"TUR"
"162","3361",1,"TUR"
"1184","3361",1,"TUR"
"51","3362",1,"TUR"
"93","3362",1,"TUR"
"359","3362",1,"TUR"
"407","3362",1,"TUR"
"664","3362",1,"TUR"
"2337","3362",1,"TUR"
"24","3363",3,"TUR"
"55","3363",1,"TUR"
"3232","3363",1,"TUR"
"1","3364",1,"TUR"
"2","3364",1,"TUR"
"414","3364",1,"TUR"
"1142","3364",1,"TUR"
"1","3365",1,"TUR"
"4","3365",1,"TUR"
"53","3365",2,"TUR"
"781","3365",1,"TUR"
"2","3366",1,"TUR"
"11","3366",1,"TUR"
"119","3366",1,"TUR"
"141","3366",1,"TUR"
"1623","3366",1,"TUR"
"3","3367",1,"TUR"
"1200","3367",3,"TUR"
"1344","3367",1,"TUR"
"1","3368",1,"TUR"
"25","3368",1,"TUR"
"725","3368",1,"TUR"
"1119","3368",1,"TUR"
"192","3369",1,"TUR"
"258","3369",1,"TUR"
"625","3369",1,"TUR"
"2108","3369",1,"TUR"
"2801","3369",1,"TUR"
"475","3370",1,"TUR"
"1028","3370",1,"TUR"
"7","3371",1,"TUR"
"9","3371",1,"TUR"
"689","3371",1,"TUR"
"2655","3371",1,"TUR"
"1","3372",1,"TUR"
"2","3372",1,"TUR"
"678","3372",1,"TUR"
"2","3373",1,"TUR"
"60","3373",1,"TUR"
"179","3373",1,"TUR"
"211","3373",1,"TUR"
"4","3374",2,"TUR"
"65","3374",1,"TUR"
"132","3374",1,"TUR"
"1","3375",1,"TUR"
"3","3375",1,"TUR"
"14","3375",1,"TUR"
"786","3375",1,"TUR"
"6","3376",1,"TUR"
"110","3376",1,"TUR"
"4","3377",1,"TUR"
"374","3377",1,"TUR"
"561","3377",1,"TUR"
"1769","3377",1,"TUR"
"3","3378",1,"TUR"
"184","3378",1,"TUR"
"298","3378",2,"TUR"
"725","3378",1,"TUR"
"161","3379",1,"TUR"
"1583","3379",1,"TUR"
"2","3380",1,"TUR"
"159","3380",1,"TUR"
"530","3380",1,"TUR"
"160","3381",1,"TUR"
"161","3381",1,"TUR"
"191","3381",1,"TUR"
"84","3382",1,"TUR"
"126","3382",1,"TUR"
"206","3382",1,"TUR"
"1935","3382",1,"TUR"
"27","3383",2,"TUR"
"146","3383",1,"TUR"
"151","3383",1,"TUR"
"761","3383",1,"TUR"
"1","3384",1,"TUR"
"58","3384",1,"TUR"
"157","3384",1,"TUR"
"1146","3384",1,"TUR"
"3","3385",1,"TUR"
"596","3385",1,"TUR"
"156","3386",1,"TUR"
"43","3387",1,"TUR"
"106","3387",2,"TUR"
"182","3387",1,"TUR"
"300","3387",1,"TUR"
"1631","3387",1,"TUR"
"55","3388",1,"TUR"
"751","3388",1,"TUR"
"61","3389",1,"TUR"
"111","3389",1,"TUR"
"765","3389",1,"TUR"
"3016","3389",1,"TUR"
"71","3390",1,"TUR"
"302","3390",1,"TUR"
"338","3390",1,"TUR"
"3","3391",1,"TUR"
"260","3391",1,"TUR"
"264","3391",1,"TUR"
"2661","3391",3,"TUR"
"1","3392",1,"TUR"
"236","3392",1,"TUR"
"849","3392",1,"TUR"
"1344","3392",1,"TUR"
"2260","3392",1,"TUR"
"1","3393",1,"TUR"
"131","3393",1,"TUR"
"218","3393",1,"TUR"
"833","3393",1,"TUR"
"1324","3393",1,"TUR"
"2995","3393",1,"TUR"
"118","3394",1,"TUR"
"200","3394",1,"TUR"
"282","3394",1,"TUR"
"1691","3394",1,"TUR"
"2251","3394",1,"TUR"
"2","3395",1,"TUR"
"106","3395",1,"TUR"
"151","3395",1,"TUR"
"447","3395",1,"TUR"
"859","3395",1,"TUR"
"2126","3395",1,"TUR"
"12","3396",1,"TUR"
"108","3396",1,"TUR"
"908","3396",1,"TUR"
"2271","3396",1,"TUR"
"73","3397",1,"TUR"
"151","3397",1,"TUR"
"171","3397",1,"TUR"
"391","3397",3,"TUR"
"5","3398",1,"TUR"
"45","3398",1,"TUR"
"100","3398",1,"TUR"
"139","3398",1,"TUR"
"2982","3398",1,"TUR"
"3","3399",1,"TUR"
"6","3399",1,"TUR"
"92","3399",1,"TUR"
"94","3399",1,"TUR"
"1732","3399",1,"TUR"
"1634","3400",1,"TUR"
"1830","3400",1,"TUR"
"2776","3400",1,"TUR"
"2851","3400",1,"TUR"
"60","3401",1,"TUR"
"715","3401",1,"TUR"
"844","3401",1,"TUR"
"3286","3401",1,"TUR"
"14","3402",1,"TUR"
"323","3402",1,"TUR"
"856","3402",1,"TUR"
"1970","3402",1,"TUR"
"1","3403",1,"TUR"
"2860","3403",1,"TUR"
"39","3404",1,"TUR"
"357","3404",1,"TUR"
"2161","3404",1,"TUR"
"2","3405",1,"TUR"
"7","3405",1,"TUR"
"358","3405",1,"TUR"
"906","3405",1,"TUR"
"3236","3405",1,"TUR"
"22","3406",2,"TUR"
"127","3406",1,"TUR"
"421","3406",1,"TUR"
"2429","3406",1,"TUR"
"136","3407",1,"TUR"
"2837","3407",2,"TUR"
"499","3408",3,"TUR"
"770","3408",1,"TUR"
"401","3409",1,"TUR"
"961","3409",1,"TUR"
"1879","3409",1,"TUR"
"4","3410",1,"TUR"
"212","3410",1,"TUR"
"903","3410",1,"TUR"
"943","3410",2,"TUR"
"160","3411",1,"TUR"
"446","3411",1,"TUR"
"972","3411",1,"TUR"
"7","3412",1,"TUR"
"144","3412",1,"TUR"
"592","3412",1,"TUR"
"1","3414",2,"TUR"
"7","3414",1,"TUR"
"2195","3414",1,"TUR"
"7","3415",1,"TUR"
"138","3415",1,"TUR"
"1032","3415",2,"TUR"
"1210","3415",1,"TUR"
"1","3416",1,"TUR"
"72","3416",1,"TUR"
"198","3416",1,"TUR"
"1032","3416",1,"TUR"
"2","3417",1,"TUR"
"897","3417",1,"TUR"
"1102","3417",1,"TUR"
"1235","3417",1,"TUR"
"1248","3417",1,"TUR"
"341","3418",1,"TUR"
"376","3418",1,"TUR"
"1081","3418",1,"TUR"
"1330","3418",1,"TUR"
"2105","3418",1,"TUR"
"1240","3419",1,"TUR"
"1249","3419",1,"TUR"
"1565","3419",1,"TUR"
"2","3420",1,"TUR"
"3","3420",1,"TUR"
"423","3420",1,"TUR"
"666","3420",1,"TUR"
"1287","3420",1,"TUR"
"3003","3420",1,"TUR"
"10","3421",1,"TUR"
"2683","3421",3,"TUR"
"119","3422",1,"TUR"
"150","3422",1,"TUR"
"305","3422",1,"TUR"
"1140","3422",1,"TUR"
"2","3423",1,"TUR"
"142","3423",1,"TUR"
"231","3423",1,"TUR"
"1020","3423",1,"TUR"
"1076","3423",1,"TUR"
"20","3424",1,"TUR"
"189","3424",2,"TUR"
"1631","3424",1,"TUR"
"2658","3424",1,"TUR"
"2","3425",1,"TUR"
"315","3425",1,"TUR"
"335","3425",1,"TUR"
"1482","3425",1,"TUR"
"2079","3425",1,"TUR"
"24","3426",1,"TUR"
"1500","3426",1,"TUR"
"2243","3426",1,"TUR"
"3","3427",2,"TUR"
"21","3427",1,"TUR"
"22","3427",1,"TUR"
"1176","3427",1,"TUR"
"50","3428",1,"TUR"
"325","3428",1,"TUR"
"417","3428",1,"TUR"
"1010","3428",1,"TUR"
"1414","3428",1,"TUR"
"10","3429",1,"TUR"
"12","3429",1,"TUR"
"103","3429",1,"TUR"
"459","3429",1,"TUR"
"21","3430",1,"TUR"
"179","3430",1,"TUR"
"192","3430",1,"TUR"
"498","3430",1,"TUR"
"1448","3430",1,"TUR"
"2267","3430",1,"TUR"
"42","3431",2,"TUR"
"49","3432",1,"TUR"
"130","3432",1,"TUR"
"174","3432",1,"TUR"
"974","3432",1,"TUR"
"1298","3432",1,"TUR"
"7","3433",1,"TUR"
"348","3433",1,"TUR"
"1709","3433",1,"TUR"
"2","3434",1,"TUR"
"4","3434",1,"TUR"
"7","3434",1,"TUR"
"555","3434",1,"TUR"
"24","3435",1,"TUR"
"897","3435",1,"TUR"
"1514","3435",1,"TUR"
"2123","3435",1,"TUR"
"2403","3435",1,"TUR"
"2786","3435",1,"TUR"
"9","3436",1,"TUR"
"725","3436",1,"TUR"
"1040","3436",1,"TUR"
"1868","3436",1,"TUR"
"2860","3436",1,"TUR"
"1","3437",1,"TUR"
"2","3437",2,"TUR"
"89","3437",1,"TUR"
"578","3438",1,"TUR"
"812","3439",1,"TUR"
"1426","3439",1,"TUR"
"2393","3439",1,"TUR"
"1199","3440",1,"TUR"
"2329","3440",1,"TUR"
"2416","3440",1,"TUR"
"3247","3440",1,"TUR"
"146","3441",2,"TUR"
"259","3441",1,"TUR"
"1092","3441",1,"TUR"
"2134","3441",1,"TUR"
"5","3442",1,"TUR"
"45","3442",1,"TUR"
"146","3442",1,"TUR"
"175","3442",1,"TUR"
"1036","3442",1,"TUR"
"2329","3442",1,"TUR"
"10","3443",2,"TUR"
"44","3443",1,"TUR"
"309","3443",1,"TUR"
"467","3443",1,"TUR"
"994","3443",1,"TUR"
"6","3444",1,"TUR"
"8","3444",1,"TUR"
"9","3444",1,"TUR"
"281","3444",1,"TUR"
"307","3444",1,"TUR"
"1241","3444",1,"TUR"
"636","3445",1,"TUR"
"2291","3445",1,"TUR"
"2356","3445",1,"TUR"
"27","3446",1,"TUR"
"54","3446",1,"TUR"
"2001","3446",1,"TUR"
"2848","3446",1,"TUR"
"32","3447",1,"TUR"
"118","3447",1,"TUR"
"214","3447",1,"TUR"
"243","3447",2,"TUR"
"1538","3447",1,"TUR"
"222","3448",2,"TUR"
"699","3448",1,"TUR"
"135","3449",1,"TUR"
"410","3449",1,"TUR"
"522","3449",1,"TUR"
"1214","3450",2,"TUR"
"1147","3451",1,"TUR"
"1538","3451",2,"TUR"
"13","3452",1,"TUR"
"371","3452",1,"TUR"
"437","3452",1,"TUR"
"767","3452",1,"TUR"
"2926","3452",1,"TUR"
"1","3453",1,"TUR"
"15","3453",1,"TUR"
"37","3453",1,"TUR"
"710","3453",1,"TUR"
"1001","3453",1,"TUR"
"1129","3453",1,"TUR"
"1","3454",1,"TUR"
"98","3454",1,"TUR"
"162","3454",1,"TUR"
"169","3454",1,"TUR"
"521","3454",1,"TUR"
"1133","3454",1,"TUR"
"14","3455",1,"TUR"
"85","3455",1,"TUR"
"359","3455",1,"TUR"
"381","3455",1,"TUR"
"425","3455",1,"TUR"
"2","3456",1,"TUR"
"297","3456",1,"TUR"
"404","3456",1,"TUR"
"1022","3456",1,"TUR"
"1630","3456",1,"TUR"
"1921","3456",1,"TUR"
"4","3457",1,"TUR"
"14","3457",1,"TUR"
"172","3457",1,"TUR"
"1673","3457",1,"TUR"
"21","3458",1,"TUR"
"85","3458",1,"TUR"
"468","3458",1,"TUR"
"2077","3458",1,"TUR"
"557","3459",3,"TUR"
"834","3459",1,"TUR"
"1007","3459",1,"TUR"
"6","3460",1,"TUR"
"20","3460",1,"TUR"
"2456","3460",1,"TUR"
"2620","3460",1,"TUR"
"44","3461",1,"TUR"
"1956","3461",1,"TUR"
"3318","3461",1,"TUR"
"5","3462",1,"TUR"
"6","3462",1,"TUR"
"70","3462",1,"TUR"
"97","3462",1,"TUR"
"533","3462",1,"TUR"
"960","3463",1,"TUR"
"413","3464",1,"TUR"
"2308","3464",1,"TUR"
"1","3465",1,"TUR"
"4","3465",1,"TUR"
"482","3465",1,"TUR"
"2270","3465",1,"TUR"
"1","3466",1,"TUR"
"50","3466",1,"TUR"
"179","3466",1,"TUR"
"996","3466",1,"TUR"
"1145","3466",1,"TUR"
"1725","3466",1,"TUR"
"6","3467",1,"TUR"
"63","3467",1,"TUR"
"153","3467",1,"TUR"
"1455","3467",1,"TUR"
"2092","3467",1,"TUR"
"14","3468",2,"TUR"
"147","3468",1,"TUR"
"307","3468",3,"TUR"
"192","3469",1,"TUR"
"413","3469",1,"TUR"
"552","3469",1,"TUR"
"2530","3469",1,"TUR"
"350","3470",1,"TUR"
"727","3470",1,"TUR"
"1465","3470",1,"TUR"
"2905","3470",1,"TUR"
"23","3471",1,"TUR"
"358","3471",1,"TUR"
"1302","3471",1,"TUR"
"1345","3471",1,"TUR"
"1759","3471",1,"TUR"
"2235","3471",1,"TUR"
"35","3472",1,"TUR"
"40","3472",1,"TUR"
"3012","3472",1,"TUR"
"1","3473",1,"TUR"
"55","3473",1,"TUR"
"103","3473",1,"TUR"
"2280","3473",1,"TUR"
"1","3474",1,"TUR"
"8","3474",1,"TUR"
"14","3474",1,"TUR"
"70","3474",1,"TUR"
"236","3474",1,"TUR"
"482","3474",1,"TUR"
"53","3475",1,"TUR"
"191","3475",1,"TUR"
"580","3475",1,"TUR"
"636","3475",2,"TUR"
"1","3476",1,"TUR"
"983","3476",1,"TUR"
"3","3477",1,"TUR"
"17","3477",1,"TUR"
"64","3477",1,"TUR"
"175","3477",1,"TUR"
"65","3478",1,"TUR"
"258","3478",1,"TUR"
"621","3478",1,"TUR"
"1032","3478",2,"TUR"
"1353","3478",1,"TUR"
"380","3479",1,"TUR"
"715","3479",1,"TUR"
"799","3479",1,"TUR"
"1597","3479",1,"TUR"
"2237","3479",1,"TUR"
"106","3480",1,"TUR"
"972","3480",1,"TUR"
"2227","3480",1,"TUR"
"4","3481",1,"TUR"
"5","3481",1,"TUR"
"211","3481",1,"TUR"
"2153","3481",1,"TUR"
"3083","3481",1,"TUR"
"5","3482",1,"TUR"
"54","3482",2,"TUR"
"187","3482",1,"TUR"
"53","3483",1,"TUR"
"415","3483",1,"TUR"
"2763","3483",1,"TUR"
"3133","3483",1,"TUR"
"340","3484",1,"TUR"
"666","3484",1,"TUR"
"1233","3484",2,"TUR"
"924","3485",2,"TUR"
"2719","3485",1,"TUR"
"10","3486",1,"TUR"
"50","3486",1,"TUR"
"553","3486",1,"TUR"
"924","3486",1,"TUR"
"1586","3486",1,"TUR"
"1845","3486",1,"TUR"
"108","3487",1,"TUR"
"399","3487",1,"TUR"
"1500","3487",1,"TUR"
"1","3488",2,"TUR"
"5","3488",1,"TUR"
"21","3488",1,"TUR"
"924","3488",1,"TUR"
"17","3489",1,"TUR"
"291","3489",1,"TUR"
"1863","3489",1,"TUR"
"1966","3489",1,"TUR"
"2628","3489",1,"TUR"
"37","3490",1,"TUR"
"76","3490",1,"TUR"
"300","3490",1,"TUR"
"1026","3490",2,"TUR"
"2927","3490",1,"TUR"
"8","3491",1,"TUR"
"25","3491",1,"TUR"
"71","3491",1,"TUR"
"115","3491",1,"TUR"
"832","3491",1,"TUR"
"3","3492",1,"TUR"
"58","3492",1,"TUR"
"123","3492",1,"TUR"
"357","3492",1,"TUR"
"799","3492",1,"TUR"
"58","3493",1,"TUR"
"68","3493",1,"TUR"
"200","3493",1,"TUR"
"468","3493",1,"TUR"
"597","3493",1,"TUR"
"2935","3493",1,"TUR"
"32","3494",1,"TUR"
"617","3494",1,"TUR"
"998","3494",1,"TUR"
"2866","3494",1,"TUR"
"2912","3494",1,"TUR"
"16","3495",1,"TUR"
"52","3495",1,"TUR"
"492","3495",2,"TUR"
"787","3495",1,"TUR"
"1821","3495",1,"TUR"
"1512","3496",1,"TUR"
"2413","3496",1,"TUR"
"2695","3496",1,"TUR"
"2","3497",1,"TUR"
"21","3497",1,"TUR"
"452","3497",1,"TUR"
"564","3497",1,"TUR"
"6","3498",1,"TUR"
"266","3498",2,"TUR"
"656","3498",1,"TUR"
"2367","3498",1,"TUR"
"1","3499",1,"TUR"
"10","3499",1,"TUR"
"590","3499",1,"TUR"
"1017","3499",1,"TUR"
"1253","3499",1,"TUR"
"2043","3499",1,"TUR"
"155","3500",1,"TUR"
"231","3500",1,"TUR"
"500","3500",1,"TUR"
"739","3500",1,"TUR"
"1021","3500",1,"TUR"
"1","3501",1,"TUR"
"7","3501",1,"TUR"
"42","3501",2,"TUR"
"982","3501",1,"TUR"
"5","3502",1,"TUR"
"10","3502",1,"TUR"
"1026","3502",1,"TUR"
"1682","3502",1,"TUR"
"2198","3502",1,"TUR"
"11","3503",1,"TUR"
"20","3503",1,"TUR"
"45","3503",1,"TUR"
"2","3504",1,"TUR"
"14","3504",1,"TUR"
"19","3504",1,"TUR"
"106","3504",1,"TUR"
"115","3504",1,"TUR"
"245","3505",1,"TUR"
"824","3505",1,"TUR"
"1178","3505",1,"TUR"
"1523","3505",1,"TUR"
"32","3506",1,"TUR"
"119","3506",1,"TUR"
"146","3506",1,"TUR"
"801","3506",1,"TUR"
"68","3507",1,"TUR"
"2147","3507",1,"TUR"
"76","3508",1,"TUR"
"119","3508",1,"TUR"
"146","3508",1,"TUR"
"470","3508",1,"TUR"
"3096","3508",1,"TUR"
"259","3509",1,"TUR"
"457","3509",2,"TUR"
"2710","3509",1,"TUR"
"1","3510",1,"TUR"
"2","3510",1,"TUR"
"813","3510",1,"TUR"
"1825","3510",1,"TUR"
"2","3511",1,"TUR"
"129","3511",1,"TUR"
"321","3511",1,"TUR"
"327","3511",1,"TUR"
"682","3511",1,"TUR"
"9","3512",2,"TUR"
"74","3512",1,"TUR"
"296","3512",1,"TUR"
"1504","3512",1,"TUR"
"1","3513",1,"TUR"
"14","3513",3,"TUR"
"101","3513",1,"TUR"
"1","3514",2,"TUR"
"5","3514",1,"TUR"
"25","3514",1,"TUR"
"455","3514",1,"TUR"
"1372","3514",1,"TUR"
"1","3515",1,"TUR"
"232","3515",1,"TUR"
"279","3515",1,"TUR"
"705","3515",1,"TUR"
"1081","3515",1,"TUR"
"120","3516",1,"TUR"
"556","3516",1,"TUR"
"1637","3516",1,"TUR"
"2628","3516",1,"TUR"
"7","3517",1,"TUR"
"309","3517",1,"TUR"
"1249","3517",1,"TUR"
"1565","3517",1,"TUR"
"2600","3517",1,"TUR"
"47","3518",1,"TUR"
"517","3518",1,"TUR"
"977","3518",1,"TUR"
"3","3519",1,"TUR"
"4","3519",1,"TUR"
"6","3519",1,"TUR"
"31","3519",1,"TUR"
"327","3519",1,"TUR"
"613","3519",1,"TUR"
"1","3520",1,"TUR"
"423","3520",1,"TUR"
"665","3520",1,"TUR"
"681","3520",1,"TUR"
"3","3521",1,"TUR"
"16","3521",3,"TUR"
"154","3521",1,"TUR"
"35","3522",1,"TUR"
"81","3522",1,"TUR"
"1245","3522",1,"TUR"
"1556","3522",1,"TUR"
"1","3523",1,"TUR"
"195","3523",1,"TUR"
"404","3523",1,"TUR"
"583","3523",1,"TUR"
"2554","3523",1,"TUR"
"1","3524",1,"TUR"
"114","3524",1,"TUR"
"151","3524",1,"TUR"
"490","3524",1,"TUR"
"611","3524",1,"TUR"
"138","3525",1,"TUR"
"195","3525",1,"TUR"
"599","3525",1,"TUR"
"3198","3525",1,"TUR"
"1","3526",1,"TUR"
"3","3526",1,"TUR"
"10","3526",2,"TUR"
"2","3527",2,"TUR"
"6","3527",1,"TUR"
"45","3527",2,"TUR"
"353","3527",1,"TUR"
"4","3528",1,"TUR"
"14","3528",1,"TUR"
"53","3528",1,"TUR"
"231","3528",1,"TUR"
"311","3528",1,"TUR"
"7","3529",1,"TUR"
"2177","3529",1,"TUR"
"2","3530",2,"TUR"
"3","3530",1,"TUR"
"6","3530",1,"TUR"
"113","3530",1,"TUR"
"2127","3530",1,"TUR"
"2","3531",1,"TUR"
"5","3531",1,"TUR"
"6","3531",1,"TUR"
"2682","3531",1,"TUR"
"3340","3531",1,"TUR"
"618","3532",3,"TUR"
"2520","3532",1,"TUR"
"7","3533",1,"TUR"
"19","3533",1,"TUR"
"304","3533",1,"TUR"
"2245","3533",1,"TUR"
"1","3534",1,"TUR"
"364","3534",1,"TUR"
"531","3534",2,"TUR"
"2193","3534",2,"TUR"
"1226","3535",1,"TUR"
"1620","3535",2,"TUR"
"2109","3535",2,"TUR"
"3","3536",1,"TUR"
"8","3536",1,"TUR"
"29","3536",1,"TUR"
"333","3536",1,"TUR"
"1213","3536",1,"TUR"
"7","3537",1,"TUR"
"320","3537",1,"TUR"
"479","3537",1,"TUR"
"1439","3537",2,"TUR"
"35","3538",1,"TUR"
"280","3538",3,"TUR"
"438","3538",1,"TUR"
"2295","3538",1,"TUR"
"940","3539",3,"TUR"
"1625","3539",1,"TUR"
"105","3540",1,"TUR"
"161","3540",1,"TUR"
"505","3540",1,"TUR"
"2048","3540",1,"TUR"
"64","3541",1,"TUR"
"409","3541",1,"TUR"
"2331","3541",1,"TUR"
"3084","3541",1,"TUR"
"5","3542",1,"TUR"
"1283","3542",1,"TUR"
"282","3543",1,"TUR"
"824","3543",1,"TUR"
"959","3543",1,"TUR"
"1081","3543",1,"TUR"
"141","3544",1,"TUR"
"148","3544",1,"TUR"
"270","3544",1,"TUR"
"282","3544",1,"TUR"
"2074","3544",1,"TUR"
"4","3545",1,"TUR"
"533","3545",1,"TUR"
"687","3545",1,"TUR"
"1176","3545",1,"TUR"
"2","3546",1,"TUR"
"1522","3546",1,"TUR"
"2240","3546",1,"TUR"
"2449","3546",1,"TUR"
"3417","3546",1,"TUR"
"24","3547",3,"TUR"
"1398","3547",1,"TUR"
"2207","3547",1,"TUR"
"98","3548",1,"TUR"
"2","3549",1,"TUR"
"883","3549",2,"TUR"
"114","3550",1,"TUR"
"241","3550",1,"TUR"
"869","3550",1,"TUR"
"959","3550",1,"TUR"
"1514","3550",1,"TUR"
"3441","3550",1,"TUR"
"1","3551",1,"TUR"
"393","3551",1,"TUR"
"471","3551",1,"TUR"
"1410","3551",2,"TUR"
"4","3552",1,"TUR"
"60","3552",1,"TUR"
"318","3552",1,"TUR"
"2935","3552",1,"TUR"
"320","3553",1,"TUR"
"896","3553",1,"TUR"
"1002","3553",1,"TUR"
"2778","3553",1,"TUR"
"3520","3553",1,"TUR"
"2","3554",1,"TUR"
"3","3554",1,"TUR"
"9","3554",1,"TUR"
"34","3554",1,"TUR"
"490","3554",1,"TUR"
"53","3555",1,"TUR"
"308","3555",1,"TUR"
"343","3555",1,"TUR"
"297","3556",1,"TUR"
"1108","3556",1,"TUR"
"3552","3556",1,"TUR"
"1","3557",1,"TUR"
"17","3557",1,"TUR"
"304","3557",1,"TUR"
"855","3557",1,"TUR"
"7","3558",1,"TUR"
"431","3558",1,"TUR"
"1969","3558",1,"TUR"
"3077","3558",1,"TUR"
"2","3559",1,"TUR"
"56","3559",1,"TUR"
"212","3559",1,"TUR"
"235","3559",1,"TUR"
"254","3559",1,"TUR"
"2648","3559",1,"TUR"
"119","3560",1,"TUR"
"2811","3560",1,"TUR"
"1","3561",1,"TUR"
"60","3561",1,"TUR"
"162","3561",1,"TUR"
"552","3561",1,"TUR"
"49","3562",1,"TUR"
"269","3562",1,"TUR"
"522","3562",1,"TUR"
"597","3562",1,"TUR"
"736","3562",1,"TUR"
"2840","3562",1,"TUR"
"5","3563",1,"TUR"
"129","3563",1,"TUR"
"1336","3563",1,"TUR"
"1776","3563",1,"TUR"
"3431","3563",1,"TUR"
"3","3564",1,"TUR"
"6","3564",1,"TUR"
"64","3564",1,"TUR"
"434","3564",1,"TUR"
"558","3564",1,"TUR"
"2833","3564",1,"TUR"
"10","3565",2,"TUR"
"2096","3565",1,"TUR"
"21","3566",1,"TUR"
"163","3566",1,"TUR"
"4","3567",1,"TUR"
"308","3567",1,"TUR"
"318","3567",1,"TUR"
"1661","3568",1,"TUR"
"2455","3568",1,"TUR"
"3077","3568",1,"TUR"
"156","3569",1,"TUR"
"67","3570",1,"TUR"
"263","3570",1,"TUR"
"318","3570",2,"TUR"
"652","3570",1,"TUR"
"963","3570",1,"TUR"
"46","3571",1,"TUR"
"128","3571",1,"TUR"
"156","3571",1,"TUR"
"787","3571",1,"TUR"
"823","3571",1,"TUR"
"2219","3571",1,"TUR"
"28","3572",1,"TUR"
"200","3572",1,"TUR"
"823","3572",1,"TUR"
"1381","3572",1,"TUR"
"1709","3572",1,"TUR"
"2816","3572",1,"TUR"
"1659","3573",1,"TUR"
"2331","3573",1,"TUR"
"70","3574",1,"TUR"
"963","3574",1,"TUR"
"1067","3574",1,"TUR"
"2939","3574",1,"TUR"
"3128","3574",1,"TUR"
"2","3575",1,"TUR"
"37","3575",1,"TUR"
"437","3575",1,"TUR"
"1138","3575",1,"TUR"
"2517","3575",1,"TUR"
"3506","3575",1,"TUR"
"2","3576",1,"TUR"
"153","3576",1,"TUR"
"315","3576",1,"TUR"
"353","3576",1,"TUR"
"440","3576",1,"TUR"
"9","3577",1,"TUR"
"53","3577",1,"TUR"
"98","3577",2,"TUR"
"1453","3577",1,"TUR"
"1642","3577",1,"TUR"
"7","3578",1,"TUR"
"72","3578",1,"TUR"
"2119","3578",1,"TUR"
"2606","3578",2,"TUR"
"20","3579",1,"TUR"
"161","3579",1,"TUR"
"2884","3579",1,"TUR"
"24","3580",1,"TUR"
"187","3580",1,"TUR"
"583","3580",1,"TUR"
"606","3580",1,"TUR"
"2181","3581",1,"TUR"
"2422","3581",1,"TUR"
"147","3582",1,"TUR"
"374","3582",1,"TUR"
"525","3582",1,"TUR"
"1412","3582",1,"TUR"
"1909","3582",1,"TUR"
"17","3583",1,"TUR"
"148","3583",1,"TUR"
"304","3583",1,"TUR"
"1526","3583",1,"TUR"
"9","3584",1,"TUR"
"55","3584",1,"TUR"
"1545","3584",1,"TUR"
"1","3585",1,"TUR"
"20","3585",1,"TUR"
"131","3585",1,"TUR"
"2393","3585",1,"TUR"
"2395","3585",1,"TUR"
"32","3586",1,"TUR"
"199","3586",1,"TUR"
"499","3586",1,"TUR"
"3184","3586",1,"TUR"
"3569","3586",1,"TUR"
"1","3587",1,"TUR"
"44","3587",1,"TUR"
"131","3587",1,"TUR"
"317","3587",1,"TUR"
"688","3587",1,"TUR"
"1503","3587",1,"TUR"
"20","3588",1,"TUR"
"511","3588",1,"TUR"
"3404","3588",1,"TUR"
"381","3589",1,"TUR"
"397","3589",1,"TUR"
"602","3589",1,"TUR"
"1028","3589",1,"TUR"
"1257","3589",1,"TUR"
"2008","3589",1,"TUR"
"1","3590",1,"TUR"
"32","3590",1,"TUR"
"64","3590",1,"TUR"
"229","3590",1,"TUR"
"647","3590",1,"TUR"
"1","3591",1,"TUR"
"10","3591",1,"TUR"
"105","3591",1,"TUR"
"241","3591",1,"TUR"
"2416","3591",1,"TUR"
"61","3592",1,"TUR"
"3529","3592",1,"TUR"
"2","3593",1,"TUR"
"3","3593",1,"TUR"
"516","3593",1,"TUR"
"530","3593",1,"TUR"
"2340","3593",1,"TUR"
"1","3594",1,"TUR"
"2","3594",1,"TUR"
"135","3594",1,"TUR"
"146","3594",1,"TUR"
"214","3594",1,"TUR"
"279","3594",1,"TUR"
"112","3595",1,"TUR"
"479","3595",1,"TUR"
"716","3595",1,"TUR"
"1226","3595",1,"TUR"
"3563","3595",1,"TUR"
"7","3596",2,"TUR"
"32","3596",1,"TUR"
"63","3596",1,"TUR"
"229","3596",1,"TUR"
"617","3596",1,"TUR"
"1","3597",1,"TUR"
"3","3597",1,"TUR"
"296","3597",1,"TUR"
"103","3598",1,"TUR"
"127","3598",1,"TUR"
"2","3599",1,"TUR"
"24","3599",1,"TUR"
"350","3599",1,"TUR"
"1080","3599",1,"TUR"
"139","3600",1,"TUR"
"311","3600",1,"TUR"
"328","3600",1,"TUR"
"496","3600",1,"TUR"
"1210","3600",1,"TUR"
"2296","3600",1,"TUR"
"2","3601",1,"TUR"
"3","3601",1,"TUR"
"59","3601",1,"TUR"
"72","3601",1,"TUR"
"1202","3601",1,"TUR"
"50","3602",1,"TUR"
"139","3602",1,"TUR"
"496","3602",1,"TUR"
"1267","3602",1,"TUR"
"1053","3603",1,"TUR"
"1172","3603",1,"TUR"
"1229","3603",1,"TUR"
"1508","3603",1,"TUR"
"1540","3603",1,"TUR"
"28","3604",3,"TUR"
"148","3604",1,"TUR"
"681","3604",1,"TUR"
"2302","3604",1,"TUR"
"1","3605",1,"TUR"
"5","3605",1,"TUR"
"323","3606",1,"TUR"
"1571","3606",1,"TUR"
"1745","3606",1,"TUR"
"1832","3606",1,"TUR"
"133","3607",1,"TUR"
"144","3607",1,"TUR"
"481","3607",1,"TUR"
"636","3607",1,"TUR"
"1","3608",1,"TUR"
"25","3608",1,"TUR"
"501","3608",1,"TUR"
"1093","3608",1,"TUR"
"5","3609",1,"TUR"
"12","3609",2,"TUR"
"132","3609",1,"TUR"
"5","3610",1,"TUR"
"56","3610",1,"TUR"
"126","3610",1,"TUR"
"260","3610",1,"TUR"
"343","3610",1,"TUR"
"3506","3610",1,"TUR"
"1","3611",1,"TUR"
"8","3611",1,"TUR"
"20","3611",1,"TUR"
"23","3611",1,"TUR"
"819","3611",1,"TUR"
"1","3612",2,"TUR"
"4","3612",1,"TUR"
"7","3612",1,"TUR"
"28","3612",1,"TUR"
"672","3612",1,"TUR"
"1","3613",1,"TUR"
"23","3613",1,"TUR"
"289","3613",1,"TUR"
"501","3613",1,"TUR"
"1233","3613",1,"TUR"
"90","3614",1,"TUR"
"801","3614",1,"TUR"
"1592","3614",1,"TUR"
"3178","3614",1,"TUR"
"4","3615",1,"TUR"
"5","3615",1,"TUR"
"642","3615",1,"TUR"
"3372","3615",1,"TUR"
"11","3616",1,"TUR"
"1264","3616",1,"TUR"
"1979","3616",1,"TUR"
"3607","3616",1,"TUR"
"529","3617",1,"TUR"
"2192","3617",1,"TUR"
"2517","3617",1,"TUR"
"160","3618",1,"TUR"
"362","3618",1,"TUR"
"399","3618",1,"TUR"
"1626","3618",1,"TUR"
"2168","3618",1,"TUR"
"3","3619",1,"TUR"
"124","3619",1,"TUR"
"319","3619",1,"TUR"
"468","3619",1,"TUR"
"2","3620",1,"TUR"
"5","3620",1,"TUR"
"1837","3620",1,"TUR"
"2572","3620",1,"TUR"
"32","3621",1,"TUR"
"562","3621",1,"TUR"
"1124","3621",1,"TUR"
"2975","3621",1,"TUR"
"3011","3621",1,"TUR"
"3","3622",1,"TUR"
"5","3622",1,"TUR"
"7","3622",1,"TUR"
"9","3622",1,"TUR"
"6","3623",1,"TUR"
"553","3623",1,"TUR"
"653","3623",1,"TUR"
"1080","3623",1,"TUR"
"1","3624",1,"TUR"
"6","3624",1,"TUR"
"107","3624",1,"TUR"
"200","3624",1,"TUR"
"1256","3624",1,"TUR"
"878","3625",1,"TUR"
"993","3625",1,"TUR"
"1458","3625",1,"TUR"
"2068","3625",1,"TUR"
"2242","3625",1,"TUR"
"1","3626",2,"TUR"
"234","3626",3,"TUR"
"1141","3626",1,"TUR"
"1","3627",1,"TUR"
"6","3627",1,"TUR"
"68","3627",1,"TUR"
"430","3628",1,"TUR"
"456","3628",1,"TUR"
"1697","3628",1,"TUR"
"1884","3628",1,"TUR"
"1","3629",1,"TUR"
"12","3629",1,"TUR"
"297","3629",2,"TUR"
"922","3629",1,"TUR"
"1156","3629",1,"TUR"
"159","3630",1,"TUR"
"306","3630",1,"TUR"
"433","3630",1,"TUR"
"442","3630",1,"TUR"
"733","3630",1,"TUR"
"1394","3630",1,"TUR"
"3","3631",1,"TUR"
"61","3631",1,"TUR"
"157","3631",1,"TUR"
"241","3631",1,"TUR"
"13","3632",1,"TUR"
"1835","3632",1,"TUR"
"37","3633",1,"TUR"
"129","3633",1,"TUR"
"1279","3633",1,"TUR"
"1375","3633",1,"TUR"
"2496","3633",1,"TUR"
"98","3634",1,"TUR"
"323","3634",1,"TUR"
"3426","3634",1,"TUR"
"2","3635",1,"TUR"
"4","3635",1,"TUR"
"105","3635",1,"TUR"
"1180","3635",1,"TUR"
"27","3636",2,"TUR"
"89","3636",1,"TUR"
"353","3636",1,"TUR"
"575","3636",1,"TUR"
"3184","3636",1,"TUR"
"4","3637",1,"TUR"
"27","3637",1,"TUR"
"124","3637",1,"TUR"
"227","3637",1,"TUR"
"2830","3637",1,"TUR"
"325","3638",1,"TUR"
"389","3638",1,"TUR"
"1236","3638",1,"TUR"
"1503","3638",1,"TUR"
"2","3639",1,"TUR"
"4","3639",1,"TUR"
"6","3639",1,"TUR"
"43","3639",1,"TUR"
"21","3640",1,"TUR"
"158","3640",1,"TUR"
"466","3640",1,"TUR"
"2756","3640",2,"TUR"
"1045","3641",1,"TUR"
"3360","3641",1,"TUR"
"34","3642",1,"TUR"
"71","3642",1,"TUR"
"82","3642",1,"TUR"
"92","3642",1,"TUR"
"2275","3642",1,"TUR"
"1007","3643",1,"TUR"
"2799","3643",1,"TUR"
"3183","3643",1,"TUR"
"26","3644",1,"TUR"
"132","3644",1,"TUR"
"146","3644",1,"TUR"
"80","3645",1,"TUR"
"3645","3645",1,"TUR"
"5","3646",1,"TUR"
"65","3646",1,"TUR"
"178","3646",1,"TUR"
"381","3646",1,"TUR"
"428","3646",1,"TUR"
"439","3646",1,"TUR"
"5","3647",1,"TUR"
"44","3647",1,"TUR"
"88","3647",1,"TUR"
"205","3647",1,"TUR"
"897","3647",1,"TUR"
"2","3648",1,"TUR"
"32","3648",1,"TUR"
"62","3648",1,"TUR"
"913","3648",1,"TUR"
"1","3649",1,"TUR"
"2","3649",1,"TUR"
"5","3649",1,"TUR"
"9","3649",1,"TUR"
"1813","3649",1,"TUR"
"2","3650",2,"TUR"
"3","3650",1,"TUR"
"1101","3650",1,"TUR"
"2","3651",1,"TUR"
"173","3651",1,"TUR"
"405","3651",1,"TUR"
"1063","3651",1,"TUR"
"1175","3651",1,"TUR"
"1","3652",1,"TUR"
"2","3652",1,"TUR"
"24","3652",1,"TUR"
"612","3652",1,"TUR"
"58","3653",1,"TUR"
"119","3653",1,"TUR"
"180","3653",2,"TUR"
"468","3653",1,"TUR"
"958","3653",1,"TUR"
"1","3654",1,"TUR"
"23","3654",1,"TUR"
"189","3654",1,"TUR"
"1270","3654",1,"TUR"
"3445","3654",1,"TUR"
"1","3655",1,"TUR"
"4","3655",1,"TUR"
"57","3655",1,"TUR"
"1","3656",1,"TUR"
"4","3656",1,"TUR"
"431","3656",1,"TUR"
"469","3656",1,"TUR"
"2280","3656",1,"TUR"
"2691","3656",1,"TUR"
"42","3657",2,"TUR"
"52","3657",2,"TUR"
"524","3657",1,"TUR"
"6","3658",2,"TUR"
"20","3658",1,"TUR"
"325","3658",1,"TUR"
"2263","3658",1,"TUR"
"37","3659",1,"TUR"
"73","3659",1,"TUR"
"91","3659",1,"TUR"
"213","3659",1,"TUR"
"1534","3659",1,"TUR"
"2","3660",1,"TUR"
"125","3660",1,"TUR"
"166","3660",1,"TUR"
"271","3660",1,"TUR"
"2100","3661",1,"TUR"
"2260","3661",1,"TUR"
"2521","3661",1,"TUR"
"42","3662",1,"TUR"
"57","3662",1,"TUR"
"681","3662",1,"TUR"
"1246","3662",1,"TUR"
"2","3663",1,"TUR"
"8","3663",1,"TUR"
"19","3663",1,"TUR"
"56","3663",1,"TUR"
"483","3663",1,"TUR"
"2","3664",1,"TUR"
"6","3664",1,"TUR"
"12","3664",1,"TUR"
"406","3664",1,"TUR"
"893","3664",1,"TUR"
"1","3665",1,"TUR"
"128","3665",1,"TUR"
"835","3665",1,"TUR"
"1833","3665",1,"TUR"
"3","3666",1,"TUR"
"194","3666",1,"TUR"
"1250","3666",1,"TUR"
"1259","3666",1,"TUR"
"2489","3666",1,"TUR"
"3377","3666",1,"TUR"
"1","3667",1,"TUR"
"4","3667",1,"TUR"
"10","3667",1,"TUR"
"15","3667",1,"TUR"
"2211","3667",1,"TUR"
"2","3668",1,"TUR"
"5","3668",1,"TUR"
"1977","3668",1,"TUR"
"3526","3668",1,"TUR"
"1","3669",2,"TUR"
"248","3669",3,"TUR"
"1650","3669",1,"TUR"
"3","3670",1,"TUR"
"27","3670",1,"TUR"
"158","3670",1,"TUR"
"2020","3670",1,"TUR"
"18","3671",1,"TUR"
"35","3671",1,"TUR"
"41","3671",1,"TUR"
"221","3671",1,"TUR"
"2184","3671",1,"TUR"
"5","3672",1,"TUR"
"107","3672",1,"TUR"
"179","3672",1,"TUR"
"30","3673",1,"TUR"
"83","3673",1,"TUR"
"436","3673",1,"TUR"
"793","3673",1,"TUR"
"1046","3673",1,"TUR"
"1345","3673",1,"TUR"
"5","3674",2,"TUR"
"16","3674",2,"TUR"
"1396","3674",1,"TUR"
"263","3675",1,"TUR"
"314","3675",1,"TUR"
"435","3675",1,"TUR"
"460","3675",1,"TUR"
"1052","3675",1,"TUR"
"151","3676",2,"TUR"
"170","3676",2,"TUR"
"796","3676",1,"TUR"
"1362","3676",1,"TUR"
"121","3677",3,"TUR"
"1231","3677",1,"TUR"
"3077","3677",2,"TUR"
"2","3678",1,"TUR"
"14","3678",1,"TUR"
"40","3678",1,"TUR"
"753","3678",1,"TUR"
"7","3679",1,"TUR"
"36","3679",1,"TUR"
"106","3679",1,"TUR"
"2073","3679",1,"TUR"
"1","3680",1,"TUR"
"141","3680",1,"TUR"
"454","3680",1,"TUR"
"614","3680",1,"TUR"
"1724","3680",1,"TUR"
"1","3681",1,"TUR"
"49","3681",1,"TUR"
"920","3681",1,"TUR"
"2161","3681",1,"TUR"
"2","3682",2,"TUR"
"131","3682",1,"TUR"
"399","3682",1,"TUR"
"783","3682",1,"TUR"
"919","3682",1,"TUR"
"61","3683",2,"TUR"
"349","3683",1,"TUR"
"851","3683",1,"TUR"
"1056","3683",1,"TUR"
"74","3684",1,"TUR"
"122","3684",2,"TUR"
"787","3684",1,"TUR"
"2522","3684",1,"TUR"
"1","3685",1,"TUR"
"182","3685",2,"TUR"
"477","3685",1,"TUR"
"853","3685",1,"TUR"
"2479","3685",1,"TUR"
"146","3686",1,"TUR"
"559","3686",1,"TUR"
"725","3686",1,"TUR"
"1460","3686",1,"TUR"
"2899","3686",1,"TUR"
"54","3687",1,"TUR"
"475","3687",2,"TUR"
"577","3687",1,"TUR"
"613","3687",1,"TUR"
"1","3688",1,"TUR"
"6","3688",1,"TUR"
"3372","3688",1,"TUR"
"14","3689",1,"TUR"
"52","3689",1,"TUR"
"1012","3689",1,"TUR"
"2339","3689",1,"TUR"
"1","3690",1,"TUR"
"5","3690",1,"TUR"
"64","3690",1,"TUR"
"660","3690",1,"TUR"
"1725","3690",1,"TUR"
"7","3691",1,"TUR"
"280","3691",1,"TUR"
"490","3691",1,"TUR"
"1320","3691",1,"TUR"
"2104","3691",1,"TUR"
"14","3692",1,"TUR"
"57","3692",1,"TUR"
"433","3692",1,"TUR"
"483","3692",1,"TUR"
"574","3692",1,"TUR"
"3667","3692",1,"TUR"
"57","3693",2,"TUR"
"1560","3693",1,"TUR"
"2579","3693",2,"TUR"
"1","3694",1,"TUR"
"93","3694",1,"TUR"
"119","3694",1,"TUR"
"955","3694",1,"TUR"
"1152","3694",1,"TUR"
"1825","3694",1,"TUR"
"3","3695",1,"TUR"
"6","3695",1,"TUR"
"917","3695",1,"TUR"
"2002","3695",1,"TUR"
"1","3696",1,"TUR"
"8","3696",1,"TUR"
"111","3696",1,"TUR"
"489","3696",1,"TUR"
"521","3696",1,"TUR"
"67","3697",1,"TUR"
"235","3697",1,"TUR"
"323","3697",1,"TUR"
"3014","3697",1,"TUR"
"3543","3697",1,"TUR"
"392","3698",1,"TUR"
"1533","3698",1,"TUR"
"21","3699",1,"TUR"
"893","3699",1,"TUR"
"1","3700",1,"TUR"
"6","3700",1,"TUR"
"68","3700",1,"TUR"
"334","3700",1,"TUR"
"1546","3700",1,"TUR"
"126","3701",1,"TUR"
"354","3701",1,"TUR"
"1237","3701",1,"TUR"
"1845","3701",1,"TUR"
"4","3702",1,"TUR"
"5","3702",1,"TUR"
"232","3702",1,"TUR"
"327","3702",1,"TUR"
"3674","3702",1,"TUR"
"210","3703",1,"TUR"
"483","3703",2,"TUR"
"528","3703",1,"TUR"
"7","3704",3,"TUR"
"244","3704",2,"TUR"
"491","3704",1,"TUR"
"288","3705",1,"TUR"
"1810","3705",1,"TUR"
"2940","3705",1,"TUR"
"3497","3705",1,"TUR"
"1","3706",1,"TUR"
"2","3706",1,"TUR"
"43","3706",1,"TUR"
"1225","3706",1,"TUR"
"132","3707",3,"TUR"
"249","3707",1,"TUR"
"3","3708",1,"TUR"
"10","3708",1,"TUR"
"103","3708",1,"TUR"
"453","3708",1,"TUR"
"1720","3708",1,"TUR"
"2221","3708",1,"TUR"
"2","3709",1,"TUR"
"9","3709",1,"TUR"
"40","3709",1,"TUR"
"119","3709",1,"TUR"
"2250","3709",1,"TUR"
"2","3710",1,"TUR"
"57","3710",1,"TUR"
"363","3710",2,"TUR"
"1044","3711",1,"TUR"
"1192","3711",1,"TUR"
"1403","3711",1,"TUR"
"1909","3711",1,"TUR"
"2954","3711",1,"TUR"
"2","3712",1,"TUR"
"4","3712",1,"TUR"
"147","3712",1,"TUR"
"569","3712",2,"TUR"
"3598","3712",1,"TUR"
"1","3713",1,"TUR"
"5","3713",1,"TUR"
"11","3713",1,"TUR"
"120","3713",1,"TUR"
"129","3713",1,"TUR"
"228","3714",1,"TUR"
"728","3714",1,"TUR"
"1493","3714",1,"TUR"
"1","3715",2,"TUR"
"261","3715",1,"TUR"
"3276","3715",1,"TUR"
"626","3716",1,"TUR"
"1493","3716",2,"TUR"
"2843","3716",1,"TUR"
"1","3717",1,"TUR"
"10","3717",1,"TUR"
"694","3717",1,"TUR"
"903","3717",1,"TUR"
"16","3718",1,"TUR"
"3609","3718",1,"TUR"
"6","3719",1,"TUR"
"157","3719",1,"TUR"
"397","3719",1,"TUR"
"434","3719",1,"TUR"
"1598","3719",1,"TUR"
"25","3720",1,"TUR"
"998","3720",1,"TUR"
"1446","3720",1,"TUR"
"2081","3720",1,"TUR"
"2230","3720",1,"TUR"
"2248","3720",1,"TUR"
"42","3721",1,"TUR"
"228","3721",1,"TUR"
"270","3721",1,"TUR"
"1440","3721",1,"TUR"
"1555","3721",1,"TUR"
"1","3722",2,"TUR"
"3","3722",1,"TUR"
"294","3722",1,"TUR"
"996","3722",1,"TUR"
"1877","3722",1,"TUR"
"273","3723",1,"TUR"
"470","3723",2,"TUR"
"811","3723",1,"TUR"
"1053","3723",1,"TUR"
"3","3724",1,"TUR"
"7","3724",3,"TUR"
"429","3724",1,"TUR"
"2458","3724",1,"TUR"
"148","3725",1,"TUR"
"343","3725",1,"TUR"
"544","3725",1,"TUR"
"618","3725",1,"TUR"
"655","3725",1,"TUR"
"4","3726",1,"TUR"
"20","3726",1,"TUR"
"56","3726",1,"TUR"
"2946","3726",1,"TUR"
"1","3727",1,"TUR"
"5","3727",1,"TUR"
"1101","3727",1,"TUR"
"1112","3727",1,"TUR"
"1966","3727",1,"TUR"
"3266","3727",1,"TUR"
"1","3728",1,"TUR"
"7","3728",1,"TUR"
"297","3728",1,"TUR"
"781","3728",1,"TUR"
"1304","3728",1,"TUR"
"2160","3728",1,"TUR"
"14","3729",1,"TUR"
"75","3729",1,"TUR"
"130","3729",1,"TUR"
"805","3729",1,"TUR"
"2659","3729",1,"TUR"
"2848","3729",1,"TUR"
"19","3730",1,"TUR"
"97","3730",1,"TUR"
"421","3730",1,"TUR"
"450","3730",1,"TUR"
"2051","3730",1,"TUR"
"4","3731",1,"TUR"
"15","3731",1,"TUR"
"72","3731",1,"TUR"
"81","3731",1,"TUR"
"137","3731",1,"TUR"
"11","3732",1,"TUR"
"559","3732",1,"TUR"
"1485","3732",1,"TUR"
"1562","3732",1,"TUR"
"1722","3732",1,"TUR"
"3710","3732",1,"TUR"
"7","3733",1,"TUR"
"19","3733",1,"TUR"
"183","3733",1,"TUR"
"257","3733",1,"TUR"
"280","3733",1,"TUR"
"45","3734",1,"TUR"
"119","3734",1,"TUR"
"569","3734",1,"TUR"
"1001","3734",1,"TUR"
"1894","3734",1,"TUR"
"3220","3734",1,"TUR"
"10","3735",1,"TUR"
"61","3735",1,"TUR"
"240","3735",1,"TUR"
"914","3735",1,"TUR"
"1988","3735",1,"TUR"
"2377","3735",1,"TUR"
"12","3736",1,"TUR"
"57","3736",1,"TUR"
"87","3736",1,"TUR"
"124","3736",1,"TUR"
"1078","3736",1,"TUR"
"51","3737",1,"TUR"
"185","3737",1,"TUR"
"3260","3737",1,"TUR"
"7","3738",3,"TUR"
"2","3739",1,"TUR"
"28","3739",1,"TUR"
"275","3739",1,"TUR"
"1940","3739",1,"TUR"
"36","3740",1,"TUR"
"177","3740",1,"TUR"
"612","3740",1,"TUR"
"858","3740",1,"TUR"
"3019","3740",1,"TUR"
"2","3741",1,"TUR"
"125","3741",2,"TUR"
"548","3741",1,"TUR"
"902","3741",1,"TUR"
"1020","3741",1,"TUR"
"14","3742",1,"TUR"
"358","3742",1,"TUR"
"770","3742",3,"TUR"
"1467","3742",1,"TUR"
"13","3743",1,"TUR"
"117","3743",1,"TUR"
"708","3743",3,"TUR"
"2473","3743",1,"TUR"
"18","3744",1,"TUR"
"48","3744",1,"TUR"
"81","3744",1,"TUR"
"478","3744",1,"TUR"
"574","3744",1,"TUR"
"3086","3744",1,"TUR"
"1","3745",1,"TUR"
"22","3745",1,"TUR"
"27","3745",1,"TUR"
"67","3745",1,"TUR"
"2836","3745",1,"TUR"
"106","3746",1,"TUR"
"298","3746",1,"TUR"
"311","3746",1,"TUR"
"1055","3746",1,"TUR"
"2470","3746",1,"TUR"
"85","3747",1,"TUR"
"320","3747",2,"TUR"
"3469","3747",1,"TUR"
"1","3748",1,"TUR"
"254","3748",2,"TUR"
"876","3748",1,"TUR"
"2","3749",1,"TUR"
"6","3749",1,"TUR"
"845","3749",1,"TUR"
"1716","3749",1,"TUR"
"2032","3749",1,"TUR"
"5","3750",1,"TUR"
"254","3750",2,"TUR"
"410","3750",1,"TUR"
"594","3750",1,"TUR"
"3718","3750",1,"TUR"
"1","3751",1,"TUR"
"4","3751",1,"TUR"
"260","3751",1,"TUR"
"304","3751",1,"TUR"
"307","3751",1,"TUR"
"1093","3751",1,"TUR"
"4","3752",1,"TUR"
"10","3752",1,"TUR"
"112","3752",1,"TUR"
"548","3752",1,"TUR"
"897","3752",1,"TUR"
"1545","3752",1,"TUR"
"481","3753",1,"TUR"
"489","3753",1,"TUR"
"602","3753",1,"TUR"
"1819","3753",1,"TUR"
"2977","3753",1,"TUR"
"7","3754",1,"TUR"
"29","3754",1,"TUR"
"104","3754",1,"TUR"
"200","3754",1,"TUR"
"1331","3754",1,"TUR"
"2214","3754",1,"TUR"
"1","3755",1,"TUR"
"199","3755",1,"TUR"
"638","3755",1,"TUR"
"1290","3755",1,"TUR"
"2731","3755",2,"TUR"
"27","3756",1,"TUR"
"33","3756",1,"TUR"
"437","3756",1,"TUR"
"725","3756",1,"TUR"
"1134","3756",1,"TUR"
"1453","3756",1,"TUR"
"2","3757",2,"TUR"
"1501","3757",1,"TUR"
"1891","3757",1,"TUR"
"4","3758",1,"TUR"
"9","3758",1,"TUR"
"52","3758",1,"TUR"
"1592","3758",1,"TUR"
"2463","3758",1,"TUR"
"6","3759",1,"TUR"
"256","3759",1,"TUR"
"596","3759",1,"TUR"
"623","3759",1,"TUR"
"2847","3759",1,"TUR"
"3644","3759",1,"TUR"
"49","3760",1,"TUR"
"406","3760",1,"TUR"
"441","3760",1,"TUR"
"722","3760",1,"TUR"
"1135","3760",1,"TUR"
"120","3761",1,"TUR"
"660","3761",1,"TUR"
"1708","3761",1,"TUR"
"3602","3761",1,"TUR"
"5","3762",1,"TUR"
"6","3762",1,"TUR"
"32","3762",1,"TUR"
"546","3762",1,"TUR"
"1742","3762",1,"TUR"
"3075","3762",1,"TUR"
"2","3763",1,"TUR"
"288","3763",1,"TUR"
"988","3763",1,"TUR"
"1195","3763",2,"TUR"
"1233","3763",1,"TUR"
"2","3764",1,"TUR"
"3","3764",1,"TUR"
"44","3764",1,"TUR"
"147","3764",1,"TUR"
"2991","3764",1,"TUR"
"1","3765",2,"TUR"
"2","3765",1,"TUR"
"34","3765",1,"TUR"
"543","3765",1,"TUR"
"1932","3765",1,"TUR"
"7","3766",1,"TUR"
"61","3766",1,"TUR"
"81","3766",1,"TUR"
"331","3766",1,"TUR"
"1381","3766",1,"TUR"
"5","3767",1,"TUR"
"129","3767",1,"TUR"
"173","3767",1,"TUR"
"666","3767",1,"TUR"
"1770","3767",1,"TUR"
"2948","3767",1,"TUR"
"744","3768",1,"TUR"
"1393","3768",1,"TUR"
"2982","3768",3,"TUR"
"73","3769",1,"TUR"
"87","3769",1,"TUR"
"780","3769",1,"TUR"
"952","3769",1,"TUR"
"2838","3769",1,"TUR"
"1","3770",1,"TUR"
"7","3770",1,"TUR"
"14","3770",1,"TUR"
"1427","3770",1,"TUR"
"2269","3770",1,"TUR"
"21","3771",2,"TUR"
"30","3771",1,"TUR"
"77","3771",1,"TUR"
"331","3771",1,"TUR"
"419","3771",1,"TUR"
"22","3772",1,"TUR"
"93","3772",1,"TUR"
"640","3772",1,"TUR"
"841","3772",1,"TUR"
"3461","3772",1,"TUR"
"3","3773",1,"TUR"
"6","3773",1,"TUR"
"16","3773",1,"TUR"
"492","3773",1,"TUR"
"862","3773",1,"TUR"
"2181","3773",1,"TUR"
"5","3774",1,"TUR"
"83","3774",1,"TUR"
"496","3774",1,"TUR"
"786","3774",1,"TUR"
"2228","3774",1,"TUR"
"53","3775",2,"TUR"
"96","3775",1,"TUR"
"129","3775",1,"TUR"
"201","3775",1,"TUR"
"3602","3775",1,"TUR"
"5","3776",1,"TUR"
"167","3776",1,"TUR"
"210","3776",1,"TUR"
"929","3776",1,"TUR"
"1889","3776",1,"TUR"
"3105","3776",1,"TUR"
"2","3777",1,"TUR"
"221","3777",1,"TUR"
"384","3777",1,"TUR"
"400","3777",1,"TUR"
"479","3777",1,"TUR"
"521","3777",1,"TUR"
"1","3778",2,"TUR"
"12","3778",1,"TUR"
"1494","3778",1,"TUR"
"2158","3778",1,"TUR"
"3","3779",1,"TUR"
"89","3779",1,"TUR"
"949","3779",1,"TUR"
"1084","3779",1,"TUR"
"21","3780",1,"TUR"
"62","3780",1,"TUR"
"1197","3780",1,"TUR"
"3312","3780",1,"TUR"
"308","3781",1,"TUR"
"1793","3781",1,"TUR"
"243","3782",1,"TUR"
"342","3782",2,"TUR"
"377","3782",2,"TUR"
"418","3782",1,"TUR"
"11","3783",1,"TUR"
"87","3783",1,"TUR"
"290","3783",1,"TUR"
"297","3783",1,"TUR"
"467","3783",2,"TUR"
"1","3784",1,"TUR"
"4","3784",1,"TUR"
"3655","3784",3,"TUR"
"11","3785",1,"TUR"
"82","3785",3,"TUR"
"636","3785",1,"TUR"
"1408","3785",1,"TUR"
"1","3786",1,"TUR"
"44","3786",1,"TUR"
"338","3786",1,"TUR"
"1710","3786",1,"TUR"
"2150","3786",1,"TUR"
"2569","3786",1,"TUR"
"2","3787",3,"TUR"
"6","3787",1,"TUR"
"241","3787",1,"TUR"
"82","3788",1,"TUR"
"151","3788",1,"TUR"
"445","3788",1,"TUR"
"664","3788",1,"TUR"
"867","3788",1,"TUR"
"2374","3788",1,"TUR"
"325","3789",3,"TUR"
"31","3790",1,"TUR"
"370","3790",1,"TUR"
"1113","3790",1,"TUR"
"2094","3790",1,"TUR"
"2873","3790",1,"TUR"
"3701","3790",1,"TUR"
"3","3791",1,"TUR"
"14","3791",1,"TUR"
"440","3791",1,"TUR"
"880","3791",1,"TUR"
"1486","3791",1,"TUR"
"65","3792",1,"TUR"
"99","3792",1,"TUR"
"252","3792",1,"TUR"
"1012","3792",1,"TUR"
"2670","3792",1,"TUR"
"18","3793",1,"TUR"
"1571","3793",1,"TUR"
"1","3794",1,"TUR"
"10","3794",1,"TUR"
"536","3794",1,"TUR"
"659","3794",1,"TUR"
"1099","3794",1,"TUR"
"3487","3794",1,"TUR"
"3","3795",1,"TUR"
"41","3795",2,"TUR"
"271","3795",1,"TUR"
"192","3796",1,"TUR"
"779","3796",1,"TUR"
"945","3796",1,"TUR"
"1214","3796",1,"TUR"
"1673","3796",1,"TUR"
"42","3797",1,"TUR"
"338","3797",1,"TUR"
"11","3798",1,"TUR"
"51","3798",1,"TUR"
"982","3798",1,"TUR"
"1","3799",1,"TUR"
"3","3799",1,"TUR"
"6","3799",1,"TUR"
"51","3799",1,"TUR"
"109","3799",1,"TUR"
"2252","3799",1,"TUR"
"14","3800",1,"TUR"
"40","3800",2,"TUR"
"44","3800",1,"TUR"
"103","3800",1,"TUR"
"379","3800",1,"TUR"
"11","3801",1,"TUR"
"14","3801",1,"TUR"
"24","3801",1,"TUR"
"71","3801",1,"TUR"
"145","3801",1,"TUR"
"674","3801",1,"TUR"
"7","3802",1,"TUR"
"19","3802",1,"TUR"
"94","3802",1,"TUR"
"770","3802",3,"TUR"
"841","3803",1,"TUR"
"2765","3803",1,"TUR"
"2","3804",1,"TUR"
"50","3804",1,"TUR"
"438","3804",1,"TUR"
"519","3804",1,"TUR"
"562","3804",1,"TUR"
"2929","3804",1,"TUR"
"18","3805",1,"TUR"
"41","3805",1,"TUR"
"61","3805",1,"TUR"
"346","3805",1,"TUR"
"768","3805",1,"TUR"
"1","3806",1,"TUR"
"161","3806",1,"TUR"
"400","3806",1,"TUR"
"2802","3806",1,"TUR"
"6","3807",2,"TUR"
"135","3807",1,"TUR"
"330","3807",1,"TUR"
"1880","3807",1,"TUR"
"1941","3807",1,"TUR"
"4","3808",1,"TUR"
"31","3808",1,"TUR"
"239","3808",1,"TUR"
"1034","3808",1,"TUR"
"1340","3808",1,"TUR"
"9","3809",1,"TUR"
"1465","3809",1,"TUR"
"1490","3809",1,"TUR"
"1902","3809",1,"TUR"
"2727","3809",1,"TUR"
"3033","3809",1,"TUR"
"24","3810",1,"TUR"
"25","3810",1,"TUR"
"48","3810",1,"TUR"
"1193","3810",1,"TUR"
"1710","3810",1,"TUR"
"2524","3810",1,"TUR"
"2","3811",1,"TUR"
"9","3811",1,"TUR"
"160","3811",1,"TUR"
"274","3811",1,"TUR"
"362","3811",1,"TUR"
"399","3811",1,"TUR"
"1","3812",1,"TUR"
"4","3812",1,"TUR"
"332","3812",1,"TUR"
"414","3812",1,"TUR"
"1014","3812",1,"TUR"
"1542","3812",1,"TUR"
"1","3813",2,"TUR"
"100","3813",1,"TUR"
"1369","3813",1,"TUR"
"25","3814",1,"TUR"
"239","3814",1,"TUR"
"2709","3814",1,"TUR"
"2","3815",1,"TUR"
"619","3815",1,"TUR"
"768","3815",1,"TUR"
"1727","3815",1,"TUR"
"6","3816",2,"TUR"
"236","3816",1,"TUR"
"1444","3816",1,"TUR"
"1648","3816",1,"TUR"
"44","3817",1,"TUR"
"91","3817",1,"TUR"
"510","3817",1,"TUR"
"5","3818",1,"TUR"
"175","3818",1,"TUR"
"434","3818",1,"TUR"
"6","3819",1,"TUR"
"12","3819",1,"TUR"
"14","3819",1,"TUR"
"1310","3819",2,"TUR"
"1825","3819",1,"TUR"
"11","3820",1,"TUR"
"39","3820",1,"TUR"
"72","3820",1,"TUR"
"843","3820",1,"TUR"
"1467","3820",1,"TUR"
"1608","3820",1,"TUR"
"1","3821",1,"TUR"
"196","3821",1,"TUR"
"623","3821",1,"TUR"
"980","3821",1,"TUR"
"1869","3821",1,"TUR"
"1","3822",1,"TUR"
"244","3822",1,"TUR"
"1164","3822",1,"TUR"
"1782","3822",1,"TUR"
"2356","3822",1,"TUR"
"25","3823",1,"TUR"
"61","3823",1,"TUR"
"300","3823",1,"TUR"
"768","3823",1,"TUR"
"3","3824",1,"TUR"
"46","3824",1,"TUR"
"190","3824",1,"TUR"
"809","3824",1,"TUR"
"1","3825",1,"TUR"
"721","3825",1,"TUR"
"2556","3825",1,"TUR"
"3200","3825",1,"TUR"
"931","3826",3,"TUR"
"1164","3826",1,"TUR"
"2973","3826",1,"TUR"
"3578","3826",1,"TUR"
"61","3827",1,"TUR"
"115","3827",1,"TUR"
"130","3827",1,"TUR"
"300","3827",1,"TUR"
"387","3827",1,"TUR"
"1622","3827",1,"TUR"
"6","3828",1,"TUR"
"1113","3828",1,"TUR"
"2347","3828",1,"TUR"
"2768","3828",1,"TUR"
"200","3829",1,"TUR"
"338","3829",1,"TUR"
"1014","3829",1,"TUR"
"1951","3829",1,"TUR"
"3126","3829",1,"TUR"
"1","3830",1,"TUR"
"748","3830",1,"TUR"
"819","3830",1,"TUR"
"1935","3830",1,"TUR"
"1","3831",1,"TUR"
"17","3831",1,"TUR"
"61","3831",2,"TUR"
"50","3832",1,"TUR"
"71","3832",1,"TUR"
"90","3832",1,"TUR"
"277","3832",1,"TUR"
"31","3833",1,"TUR"
"41","3833",1,"TUR"
"76","3833",1,"TUR"
"136","3833",1,"TUR"
"364","3833",1,"TUR"
"3418","3833",1,"TUR"
"126","3834",1,"TUR"
"476","3834",1,"TUR"
"1101","3834",1,"TUR"
"2472","3834",1,"TUR"
"3247","3834",1,"TUR"
"33","3835",1,"TUR"
"429","3835",2,"TUR"
"2271","3835",1,"TUR"
"2826","3835",1,"TUR"
"4","3836",1,"TUR"
"5","3836",1,"TUR"
"10","3836",1,"TUR"
"114","3836",1,"TUR"
"551","3836",1,"TUR"
"1738","3836",1,"TUR"
"7","3837",1,"TUR"
"22","3837",2,"TUR"
"339","3837",2,"TUR"
"3588","3837",1,"TUR"
"185","3838",1,"TUR"
"266","3838",1,"TUR"
"476","3838",1,"TUR"
"577","3838",1,"TUR"
"1973","3838",1,"TUR"
"3363","3838",1,"TUR"
"1","3839",1,"TUR"
"773","3839",1,"TUR"
"1020","3839",1,"TUR"
"1243","3839",1,"TUR"
"1540","3839",1,"TUR"
"32","3840",1,"TUR"
"33","3840",1,"TUR"
"57","3840",2,"TUR"
"126","3841",1,"TUR"
"143","3841",1,"TUR"
"169","3841",1,"TUR"
"2212","3841",1,"TUR"
"2877","3841",1,"TUR"
"3749","3841",1,"TUR"
"3","3842",1,"TUR"
"45","3842",1,"TUR"
"820","3842",1,"TUR"
"1474","3842",1,"TUR"
"2709","3842",1,"TUR"
"141","3843",1,"TUR"
"143","3843",2,"TUR"
"577","3843",1,"TUR"
"2709","3843",1,"TUR"
"3688","3843",1,"TUR"
"4","3844",2,"TUR"
"130","3844",1,"TUR"
"220","3844",1,"TUR"
"1599","3844",1,"TUR"
"3221","3844",1,"TUR"
"10","3845",1,"TUR"
"54","3845",1,"TUR"
"383","3845",1,"TUR"
"404","3845",1,"TUR"
"814","3845",1,"TUR"
"891","3845",1,"TUR"
"62","3846",1,"TUR"
"852","3846",1,"TUR"
"1188","3846",1,"TUR"
"1844","3846",1,"TUR"
"3002","3846",1,"TUR"
"149","3847",1,"TUR"
"812","3847",1,"TUR"
"893","3847",1,"TUR"
"46","3848",1,"TUR"
"307","3848",1,"TUR"
"498","3848",1,"TUR"
"535","3848",1,"TUR"
"5","3849",1,"TUR"
"187","3849",1,"TUR"
"517","3849",1,"TUR"
"1549","3849",1,"TUR"
"2072","3849",1,"TUR"
"2787","3849",1,"TUR"
"645","3850",1,"TUR"
"884","3850",1,"TUR"
"894","3850",1,"TUR"
"3548","3850",1,"TUR"
"716","3851",1,"TUR"
"945","3851",1,"TUR"
"1329","3851",1,"TUR"
"2757","3851",1,"TUR"
"1","3852",1,"TUR"
"24","3852",1,"TUR"
"220","3852",1,"TUR"
"282","3852",1,"TUR"
"357","3852",1,"TUR"
"945","3852",1,"TUR"
"15","3853",1,"TUR"
"36","3853",1,"TUR"
"196","3853",1,"TUR"
"238","3853",1,"TUR"
"347","3853",1,"TUR"
"939","3853",1,"TUR"
"5","3854",1,"TUR"
"144","3854",1,"TUR"
"258","3854",1,"TUR"
"265","3854",1,"TUR"
"3318","3854",1,"TUR"
"1","3855",1,"TUR"
"1209","3855",1,"TUR"
"1248","3855",1,"TUR"
"1473","3855",1,"TUR"
"1770","3855",1,"TUR"
"3248","3855",1,"TUR"
"7","3856",1,"TUR"
"80","3856",1,"TUR"
"105","3856",1,"TUR"
"460","3856",1,"TUR"
"1448","3856",1,"TUR"
"3376","3856",1,"TUR"
"6","3857",1,"TUR"
"8","3857",1,"TUR"
"1317","3857",1,"TUR"
"3064","3857",1,"TUR"
"49","3858",1,"TUR"
"245","3858",1,"TUR"
"311","3858",1,"TUR"
"361","3858",1,"TUR"
"698","3858",1,"TUR"
"1757","3858",1,"TUR"
"106","3859",1,"TUR"
"424","3859",1,"TUR"
"1404","3859",3,"TUR"
"1847","3859",1,"TUR"
"1","3860",1,"TUR"
"2","3860",1,"TUR"
"41","3860",1,"TUR"
"454","3860",1,"TUR"
"521","3860",1,"TUR"
"1813","3860",1,"TUR"
"2","3861",1,"TUR"
"7","3861",1,"TUR"
"112","3861",1,"TUR"
"326","3861",1,"TUR"
"2313","3861",1,"TUR"
"8","3862",1,"TUR"
"135","3862",1,"TUR"
"313","3862",1,"TUR"
"350","3862",1,"TUR"
"1732","3862",1,"TUR"
"15","3863",1,"TUR"
"80","3863",1,"TUR"
"156","3863",1,"TUR"
"347","3863",1,"TUR"
"427","3863",1,"TUR"
"2625","3863",1,"TUR"
"43","3864",1,"TUR"
"165","3864",1,"TUR"
"319","3864",1,"TUR"
"2","3865",1,"TUR"
"18","3865",1,"TUR"
"73","3865",1,"TUR"
"183","3865",1,"TUR"
"186","3865",1,"TUR"
"1","3866",1,"TUR"
"279","3866",1,"TUR"
"418","3866",1,"TUR"
"3239","3866",1,"TUR"
"3436","3866",1,"TUR"
"14","3867",1,"TUR"
"46","3867",1,"TUR"
"402","3867",1,"TUR"
"2","3868",1,"TUR"
"33","3868",1,"TUR"
"115","3868",1,"TUR"
"227","3868",1,"TUR"
"1235","3868",1,"TUR"
"1","3869",1,"TUR"
"12","3869",2,"TUR"
"475","3869",1,"TUR"
"948","3869",1,"TUR"
"3101","3869",1,"TUR"
"1","3870",2,"TUR"
"695","3870",1,"TUR"
"2208","3870",1,"TUR"
"2685","3870",1,"TUR"
"2704","3870",1,"TUR"
"85","3871",1,"TUR"
"179","3871",1,"TUR"
"257","3871",1,"TUR"
"274","3871",1,"TUR"
"1","3872",1,"TUR"
"130","3872",1,"TUR"
"3315","3872",1,"TUR"
"3356","3872",1,"TUR"
"1","3873",2,"TUR"
"418","3873",1,"TUR"
"1494","3873",1,"TUR"
"2190","3873",1,"TUR"
"1","3874",1,"TUR"
"5","3874",1,"TUR"
"25","3874",1,"TUR"
"76","3874",1,"TUR"
"463","3874",1,"TUR"
"884","3874",1,"TUR"
"2","3875",1,"TUR"
"3","3875",1,"TUR"
"46","3875",1,"TUR"
"169","3875",1,"TUR"
"3046","3875",1,"TUR"
"1","3876",1,"TUR"
"133","3876",1,"TUR"
"2789","3876",1,"TUR"
"244","3877",1,"TUR"
"1118","3877",1,"TUR"
"1382","3877",1,"TUR"
"1","3878",1,"TUR"
"203","3878",1,"TUR"
"448","3878",1,"TUR"
"591","3878",1,"TUR"
"758","3878",1,"TUR"
"22","3879",1,"TUR"
"201","3879",1,"TUR"
"484","3879",2,"TUR"
"1672","3879",1,"TUR"
"3","3880",1,"TUR"
"4","3880",1,"TUR"
"15","3880",1,"TUR"
"19","3880",1,"TUR"
"51","3880",1,"TUR"
"1605","3880",1,"TUR"
"1","3881",1,"TUR"
"56","3881",1,"TUR"
"176","3881",1,"TUR"
"2701","3881",1,"TUR"
"1","3882",1,"TUR"
"5","3882",1,"TUR"
"12","3882",1,"TUR"
"1023","3882",2,"TUR"
"2860","3882",1,"TUR"
"2","3883",1,"TUR"
"221","3883",1,"TUR"
"437","3883",1,"TUR"
"1020","3883",1,"TUR"
"65","3884",1,"TUR"
"567","3884",1,"TUR"
"2527","3884",1,"TUR"
"376","3885",1,"TUR"
"545","3885",1,"TUR"
"669","3885",1,"TUR"
"1750","3885",1,"TUR"
"2263","3885",1,"TUR"
"420","3886",1,"TUR"
"497","3886",1,"TUR"
"1211","3886",1,"TUR"
"1464","3886",1,"TUR"
"1471","3886",1,"TUR"
"381","3887",1,"TUR"
"615","3887",1,"TUR"
"1031","3887",1,"TUR"
"1429","3887",1,"TUR"
"2387","3887",1,"TUR"
"810","3888",2,"TUR"
"2720","3888",1,"TUR"
"3877","3888",1,"TUR"
"3888","3888",1,"TUR"
"27","3889",1,"TUR"
"102","3889",1,"TUR"
"106","3889",1,"TUR"
"286","3889",1,"TUR"
"1005","3889",1,"TUR"
"3396","3889",1,"TUR"
"13","3890",1,"TUR"
"15","3890",1,"TUR"
"17","3890",1,"TUR"
"305","3890",1,"TUR"
"911","3890",1,"TUR"
"14","3891",1,"TUR"
"393","3891",1,"TUR"
"1038","3891",1,"TUR"
"15","3892",1,"TUR"
"24","3892",2,"TUR"
"25","3892",1,"TUR"
"120","3892",1,"TUR"
"929","3892",1,"TUR"
"2","3893",1,"TUR"
"16","3893",1,"TUR"
"49","3893",1,"TUR"
"196","3893",1,"TUR"
"2392","3893",1,"TUR"
"640","3894",1,"TUR"
"680","3894",1,"TUR"
"1558","3894",1,"TUR"
"2988","3894",1,"TUR"
"1","3895",1,"TUR"
"3","3895",1,"TUR"
"7","3895",1,"TUR"
"1952","3895",1,"TUR"
"2775","3895",1,"TUR"
"3746","3895",1,"TUR"
"78","3896",1,"TUR"
"110","3896",1,"TUR"
"857","3896",1,"TUR"
"1037","3896",1,"TUR"
"2825","3896",1,"TUR"
"2","3897",1,"TUR"
"12","3897",1,"TUR"
"215","3897",1,"TUR"
"634","3897",1,"TUR"
"2118","3897",1,"TUR"
"3631","3897",1,"TUR"
"464","3898",1,"TUR"
"780","3898",3,"TUR"
"952","3898",1,"TUR"
"1215","3898",1,"TUR"
"24","3899",2,"TUR"
"68","3899",1,"TUR"
"780","3899",2,"TUR"
"25","3900",2,"TUR"
"399","3900",1,"TUR"
"1569","3900",1,"TUR"
"98","3901",1,"TUR"
"100","3901",1,"TUR"
"186","3901",1,"TUR"
"334","3901",1,"TUR"
"575","3901",1,"TUR"
"1669","3901",1,"TUR"
"10","3902",1,"TUR"
"163","3902",1,"TUR"
"235","3902",1,"TUR"
"279","3902",1,"TUR"
"389","3902",1,"TUR"
"529","3902",1,"TUR"
"2","3903",1,"TUR"
"6","3903",1,"TUR"
"193","3903",1,"TUR"
"376","3903",1,"TUR"
"457","3903",1,"TUR"
"19","3904",2,"TUR"
"160","3904",1,"TUR"
"1707","3904",2,"TUR"
"2193","3904",1,"TUR"
"3","3905",1,"TUR"
"89","3905",1,"TUR"
"193","3905",1,"TUR"
"1313","3905",1,"TUR"
"1322","3905",1,"TUR"
"2873","3905",1,"TUR"
"2","3906",1,"TUR"
"43","3906",1,"TUR"
"566","3906",1,"TUR"
"2616","3906",1,"TUR"
"2","3907",1,"TUR"
"21","3907",1,"TUR"
"807","3907",1,"TUR"
"1670","3907",1,"TUR"
"2204","3907",1,"TUR"
"4","3908",1,"TUR"
"35","3908",1,"TUR"
"215","3908",1,"TUR"
"330","3908",1,"TUR"
"607","3908",1,"TUR"
"2306","3908",1,"TUR"
"104","3909",2,"TUR"
"191","3909",1,"TUR"
"1139","3909",3,"TUR"
"175","3910",1,"TUR"
"843","3910",1,"TUR"
"2689","3910",1,"TUR"
"3553","3910",1,"TUR"
"4","3911",1,"TUR"
"196","3911",1,"TUR"
"198","3911",1,"TUR"
"2285","3911",1,"TUR"
"3269","3911",1,"TUR"
"3412","3911",1,"TUR"
"3","3912",1,"TUR"
"4","3912",1,"TUR"
"27","3912",1,"TUR"
"57","3912",1,"TUR"
"119","3912",1,"TUR"
"2","3913",1,"TUR"
"20","3913",1,"TUR"
"1434","3913",1,"TUR"
"2302","3913",1,"TUR"
"3144","3913",1,"TUR"
"15","3914",1,"TUR"
"160","3914",1,"TUR"
"174","3914",1,"TUR"
"235","3914",1,"TUR"
"1878","3914",1,"TUR"
"2795","3914",1,"TUR"
"2","3915",1,"TUR"
"8","3915",1,"TUR"
"91","3915",1,"TUR"
"381","3915",1,"TUR"
"134","3916",1,"TUR"
"157","3916",1,"TUR"
"787","3916",1,"TUR"
"798","3916",1,"TUR"
"1732","3916",1,"TUR"
"1385","3917",1,"TUR"
"1604","3917",2,"TUR"
"2242","3917",3,"TUR"
"2","3918",1,"TUR"
"85","3918",1,"TUR"
"355","3918",1,"TUR"
"800","3918",1,"TUR"
"1141","3918",1,"TUR"
"45","3919",2,"TUR"
"187","3919",1,"TUR"
"253","3919",1,"TUR"
"414","3919",1,"TUR"
"120","3920",1,"TUR"
"255","3920",2,"TUR"
"752","3920",1,"TUR"
"1266","3920",1,"TUR"
"3203","3920",1,"TUR"
"8","3921",2,"TUR"
"154","3921",1,"TUR"
"392","3921",1,"TUR"
"606","3921",1,"TUR"
"1430","3921",1,"TUR"
"1","3922",2,"TUR"
"2","3922",1,"TUR"
"11","3922",1,"TUR"
"214","3922",1,"TUR"
"2","3923",1,"TUR"
"228","3923",1,"TUR"
"1200","3923",2,"TUR"
"1258","3923",1,"TUR"
"1300","3923",1,"TUR"
"24","3924",3,"TUR"
"339","3924",1,"TUR"
"1686","3924",1,"TUR"
"2434","3924",1,"TUR"
"525","3925",1,"TUR"
"3544","3925",1,"TUR"
"1367","3926",1,"TUR"
"1665","3926",1,"TUR"
"255","3927",1,"TUR"
"471","3927",1,"TUR"
"949","3927",1,"TUR"
"18","3928",1,"TUR"
"239","3928",1,"TUR"
"339","3928",1,"TUR"
"1662","3928",1,"TUR"
"1983","3928",1,"TUR"
"23","3929",1,"TUR"
"43","3929",1,"TUR"
"530","3929",1,"TUR"
"1268","3929",1,"TUR"
"1676","3929",1,"TUR"
"3165","3929",1,"TUR"
"5","3930",1,"TUR"
"56","3930",1,"TUR"
"65","3930",1,"TUR"
"309","3930",1,"TUR"
"574","3930",1,"TUR"
"2027","3930",1,"TUR"
"176","3931",1,"TUR"
"3213","3931",1,"TUR"
"3","3932",1,"TUR"
"122","3932",1,"TUR"
"842","3932",1,"TUR"
"1426","3932",1,"TUR"
"2624","3932",1,"TUR"
"1","3933",1,"TUR"
"562","3933",1,"TUR"
"622","3933",1,"TUR"
"1267","3933",1,"TUR"
"1650","3933",1,"TUR"
"2889","3933",1,"TUR"
"1","3934",1,"TUR"
"21","3934",1,"TUR"
"141","3934",1,"TUR"
"157","3934",1,"TUR"
"1466","3934",1,"TUR"
"2653","3934",1,"TUR"
"11","3935",2,"TUR"
"45","3935",3,"TUR"
"96","3935",1,"TUR"
"269","3936",1,"TUR"
"978","3936",2,"TUR"
"1291","3936",1,"TUR"
"22","3937",1,"TUR"
"63","3937",1,"TUR"
"629","3937",1,"TUR"
"2081","3937",1,"TUR"
"967","3938",1,"TUR"
"1372","3938",1,"TUR"
"3628","3938",1,"TUR"
"98","3939",1,"TUR"
"389","3939",1,"TUR"
"590","3939",1,"TUR"
"613","3939",1,"TUR"
"971","3939",1,"TUR"
"6","3940",1,"TUR"
"2103","3940",1,"TUR"
"2599","3940",1,"TUR"
"3344","3940",1,"TUR"
"3464","3940",1,"TUR"
"2","3941",2,"TUR"
"12","3941",1,"TUR"
"439","3942",1,"TUR"
"1896","3942",1,"TUR"
"93","3943",1,"TUR"
"364","3943",1,"TUR"
"1146","3943",1,"TUR"
"1509","3943",1,"TUR"
"3199","3943",1,"TUR"
"13","3944",1,"TUR"
"106","3944",1,"TUR"
"144","3944",1,"TUR"
"820","3944",1,"TUR"
"1710","3944",1,"TUR"
"3262","3944",1,"TUR"
"6","3945",1,"TUR"
"114","3945",1,"TUR"
"222","3945",2,"TUR"
"890","3945",1,"TUR"
"2","3946",1,"TUR"
"6","3946",1,"TUR"
"92","3946",1,"TUR"
"858","3946",1,"TUR"
"2","3947",1,"TUR"
"93","3947",1,"TUR"
"112","3947",1,"TUR"
"334","3947",1,"TUR"
"1803","3947",1,"TUR"
"219","3948",1,"TUR"
"317","3948",1,"TUR"
"534","3948",1,"TUR"
"1966","3948",1,"TUR"
"252","3949",1,"TUR"
"429","3949",1,"TUR"
"1249","3949",1,"TUR"
"2403","3949",1,"TUR"
"3168","3949",1,"TUR"
"7","3950",1,"TUR"
"349","3950",1,"TUR"
"481","3950",1,"TUR"
"1482","3950",1,"TUR"
"3623","3950",1,"TUR"
"5","3951",1,"TUR"
"245","3951",1,"TUR"
"860","3951",1,"TUR"
"1999","3951",1,"TUR"
"8","3952",1,"TUR"
"223","3952",1,"TUR"
"422","3952",1,"TUR"
"791","3952",1,"TUR"
"841","3952",1,"TUR"
"3598","3952",1,"TUR"
"1","3953",1,"TUR"
"20","3953",1,"TUR"
"25","3953",1,"TUR"
"266","3953",1,"TUR"
"1342","3953",1,"TUR"
"2691","3953",1,"TUR"
"1","3954",2,"TUR"
"282","3954",1,"TUR"
"1081","3954",1,"TUR"
"1490","3954",1,"TUR"
"3913","3954",1,"TUR"
"20","3955",1,"TUR"
"52","3955",1,"TUR"
"298","3955",1,"TUR"
"2321","3955",1,"TUR"
"2","3956",2,"TUR"
"361","3956",1,"TUR"
"482","3956",1,"TUR"
"3307","3956",1,"TUR"
"242","3957",1,"TUR"
"355","3957",1,"TUR"
"768","3957",1,"TUR"
"1435","3957",1,"TUR"
"1743","3957",1,"TUR"
"1","3958",1,"TUR"
"41","3958",1,"TUR"
"64","3958",1,"TUR"
"389","3958",1,"TUR"
"11","3959",1,"TUR"
"15","3959",1,"TUR"
"327","3959",1,"TUR"
"3033","3959",1,"TUR"
"56","3960",1,"TUR"
"955","3960",1,"TUR"
"2132","3960",1,"TUR"
"2704","3960",1,"TUR"
"3009","3960",1,"TUR"
"3573","3960",1,"TUR"
"30","3961",1,"TUR"
"304","3961",1,"TUR"
"2177","3961",1,"TUR"
"2269","3961",1,"TUR"
"3221","3961",1,"TUR"
"4","3962",1,"TUR"
"202","3962",1,"TUR"
"1441","3962",1,"TUR"
"2110","3962",1,"TUR"
"3081","3962",1,"TUR"
"3505","3962",1,"TUR"
"75","3963",1,"TUR"
"256","3963",1,"TUR"
"362","3963",1,"TUR"
"11","3964",2,"TUR"
"36","3964",1,"TUR"
"13","3965",1,"TUR"
"100","3965",1,"TUR"
"145","3965",1,"TUR"
"203","3965",1,"TUR"
"1506","3965",1,"TUR"
"2","3966",1,"TUR"
"4","3966",1,"TUR"
"1076","3966",1,"TUR"
"1152","3966",1,"TUR"
"1302","3966",2,"TUR"
"171","3967",1,"TUR"
"572","3967",1,"TUR"
"596","3967",3,"TUR"
"2157","3967",1,"TUR"
"235","3968",2,"TUR"
"257","3968",1,"TUR"
"289","3968",1,"TUR"
"1060","3968",1,"TUR"
"1208","3968",1,"TUR"
"1","3969",1,"TUR"
"61","3969",1,"TUR"
"2213","3969",1,"TUR"
"2542","3969",1,"TUR"
"2548","3969",1,"TUR"
"6","3970",1,"TUR"
"89","3970",1,"TUR"
"186","3970",1,"TUR"
"1067","3970",1,"TUR"
"1837","3970",1,"TUR"
"10","3971",1,"TUR"
"252","3971",1,"TUR"
"804","3971",1,"TUR"
"861","3971",1,"TUR"
"1979","3971",1,"TUR"
"1","3972",2,"TUR"
"8","3972",1,"TUR"
"90","3972",1,"TUR"
"280","3972",1,"TUR"
"16","3973",1,"TUR"
"135","3973",1,"TUR"
"1154","3973",1,"TUR"
"1821","3973",1,"TUR"
"2100","3973",1,"TUR"
"501","3974",1,"TUR"
"856","3974",1,"TUR"
"1083","3974",1,"TUR"
"2093","3974",1,"TUR"
"3476","3974",2,"TUR"
"614","3975",1,"TUR"
"778","3975",1,"TUR"
"3896","3975",1,"TUR"
"9","3976",2,"TUR"
"283","3976",1,"TUR"
"318","3976",2,"TUR"
"1","3977",1,"TUR"
"10","3977",1,"TUR"
"42","3977",1,"TUR"
"103","3977",1,"TUR"
"432","3977",1,"TUR"
"51","3978",1,"TUR"
"350","3978",1,"TUR"
"569","3978",1,"TUR"
"1143","3978",1,"TUR"
"2682","3978",1,"TUR"
"2","3979",1,"TUR"
"169","3979",2,"TUR"
"334","3979",1,"TUR"
"544","3979",1,"TUR"
"2","3980",2,"TUR"
"569","3980",1,"TUR"
"923","3980",1,"TUR"
"1426","3980",1,"TUR"
"136","3981",1,"TUR"
"153","3981",1,"TUR"
"1628","3981",1,"TUR"
"2518","3981",1,"TUR"
"2635","3981",1,"TUR"
"3915","3981",1,"TUR"
"4","3982",1,"TUR"
"205","3982",1,"TUR"
"277","3982",1,"TUR"
"521","3982",1,"TUR"
"1499","3982",1,"TUR"
"21","3983",1,"TUR"
"27","3983",1,"TUR"
"220","3983",1,"TUR"
"583","3983",1,"TUR"
"3153","3983",1,"TUR"
"14","3984",1,"TUR"
"258","3984",1,"TUR"
"441","3984",1,"TUR"
"1132","3984",1,"TUR"
"3290","3984",1,"TUR"
"5","3985",1,"TUR"
"414","3985",1,"TUR"
"964","3985",1,"TUR"
"3201","3985",1,"TUR"
"3603","3985",1,"TUR"
"44","3986",1,"TUR"
"147","3986",1,"TUR"
"226","3986",1,"TUR"
"1222","3986",1,"TUR"
"1247","3986",1,"TUR"
"1670","3986",1,"TUR"
"2","3987",1,"TUR"
"3","3987",1,"TUR"
"31","3987",1,"TUR"
"57","3987",1,"TUR"
"1020","3987",1,"TUR"
"1246","3987",1,"TUR"
"21","3988",1,"TUR"
"77","3988",1,"TUR"
"201","3988",1,"TUR"
"940","3988",1,"TUR"
"3605","3988",1,"TUR"
"469","3989",1,"TUR"
"1373","3989",1,"TUR"
"3126","3989",1,"TUR"
"322","3990",1,"TUR"
"1821","3990",1,"TUR"
"1864","3990",1,"TUR"
"2980","3990",2,"TUR"
"3048","3990",1,"TUR"
"4","3991",1,"TUR"
"428","3991",1,"TUR"
"532","3991",1,"TUR"
"12","3992",1,"TUR"
"173","3992",1,"TUR"
"1226","3992",1,"TUR"
"2734","3992",1,"TUR"
"3946","3992",1,"TUR"
"5","3993",1,"TUR"
"6","3993",1,"TUR"
"44","3993",1,"TUR"
"162","3993",1,"TUR"
"169","3993",1,"TUR"
"44","3994",1,"TUR"
"197","3994",2,"TUR"
"1120","3994",2,"TUR"
"2733","3994",1,"TUR"
"154","3995",2,"TUR"
"456","3995",1,"TUR"
"1288","3995",2,"TUR"
"2429","3995",1,"TUR"
"3","3996",1,"TUR"
"4","3996",1,"TUR"
"6","3996",2,"TUR"
"33","3996",1,"TUR"
"88","3996",1,"TUR"
"5","3997",1,"TUR"
"10","3997",1,"TUR"
"13","3997",1,"TUR"
"141","3997",1,"TUR"
"1535","3997",1,"TUR"
"2048","3997",1,"TUR"
"1","3998",1,"TUR"
"47","3998",1,"TUR"
"210","3998",1,"TUR"
"735","3998",1,"TUR"
"3658","3998",1,"TUR"
"42","3999",1,"TUR"
"82","3999",1,"TUR"
"139","3999",1,"TUR"
"697","3999",1,"TUR"
"1127","3999",1,"TUR"
"3975","3999",1,"TUR"
"1","4000",1,"TUR"
"3","4000",1,"TUR"
"5","4000",1,"TUR"
"16","4000",1,"TUR"
"690","4000",1,"TUR"
"1893","4000",1,"TUR"
"34","4001",1,"TUR"
"95","4001",1,"TUR"
"461","4001",1,"TUR"
"835","4001",1,"TUR"
"2133","4001",1,"TUR"
"137","4002",1,"TUR"
"755","4002",1,"TUR"
"2304","4002",1,"TUR"
"2998","4002",1,"TUR"
"3399","4002",1,"TUR"
"3","4003",1,"TUR"
"13","4003",1,"TUR"
"226","4003",1,"TUR"
"1554","4003",1,"TUR"
"2392","4003",1,"TUR"
"1","4004",1,"TUR"
"3","4004",1,"TUR"
"76","4004",1,"TUR"
"124","4004",1,"TUR"
"2969","4004",1,"TUR"
"18","4005",1,"TUR"
"114","4005",1,"TUR"
"121","4005",1,"TUR"
"211","4005",1,"TUR"
"413","4005",1,"TUR"
"715","4005",1,"TUR"
"6","4006",1,"TUR"
"77","4006",1,"TUR"
"86","4006",1,"TUR"
"845","4006",1,"TUR"
"2279","4006",1,"TUR"
"11","4007",1,"TUR"
"245","4007",1,"TUR"
"655","4007",2,"TUR"
"9","4008",1,"TUR"
"174","4008",1,"TUR"
"790","4008",1,"TUR"
"3","4009",1,"TUR"
"42","4009",1,"TUR"
"278","4009",1,"TUR"
"395","4009",1,"TUR"
"1926","4009",1,"TUR"
"1","4010",1,"TUR"
"40","4010",1,"TUR"
"2901","4010",3,"TUR"
"3529","4010",1,"TUR"
"3","4011",1,"TUR"
"233","4011",1,"TUR"
"285","4011",1,"TUR"
"1772","4011",1,"TUR"
"2155","4011",1,"TUR"
"4","4012",1,"TUR"
"48","4012",1,"TUR"
"139","4012",1,"TUR"
"1433","4012",1,"TUR"
"3240","4012",1,"TUR"
"275","4013",1,"TUR"
"356","4013",1,"TUR"
"781","4013",1,"TUR"
"1481","4013",1,"TUR"
"3928","4013",1,"TUR"
"1","4014",2,"TUR"
"320","4014",1,"TUR"
"580","4014",1,"TUR"
"763","4014",1,"TUR"
"1","4015",1,"TUR"
"2","4015",1,"TUR"
"1775","4015",1,"TUR"
"1813","4015",1,"TUR"
"2207","4015",1,"TUR"
"6","4016",1,"TUR"
"7","4016",1,"TUR"
"143","4016",1,"TUR"
"1026","4016",1,"TUR"
"7","4017",1,"TUR"
"711","4017",1,"TUR"
"1321","4017",2,"TUR"
"199","4018",1,"TUR"
"2885","4018",1,"TUR"
"3408","4018",1,"TUR"
"1","4019",2,"TUR"
"4","4019",1,"TUR"
"101","4019",1,"TUR"
"211","4019",1,"TUR"
"2242","4019",1,"TUR"
"99","4020",1,"TUR"
"131","4020",1,"TUR"
"998","4020",1,"TUR"
"1057","4020",1,"TUR"
"1536","4020",1,"TUR"
"3070","4020",1,"TUR"
"87","4021",1,"TUR"
"198","4021",1,"TUR"
"236","4021",1,"TUR"
"276","4021",2,"TUR"
"1177","4021",1,"TUR"
"42","4022",1,"TUR"
"62","4022",1,"TUR"
"69","4022",1,"TUR"
"206","4022",1,"TUR"
"1654","4022",1,"TUR"
"2713","4022",1,"TUR"
"2","4023",1,"TUR"
"81","4023",1,"TUR"
"292","4023",1,"TUR"
"1813","4023",1,"TUR"
"2325","4023",2,"TUR"
"17","4024",1,"TUR"
"21","4024",1,"TUR"
"47","4024",1,"TUR"
"226","4024",1,"TUR"
"613","4024",1,"TUR"
"1","4025",1,"TUR"
"1128","4025",2,"TUR"
"4002","4025",1,"TUR"
"21","4026",1,"TUR"
"363","4026",1,"TUR"
"514","4026",2,"TUR"
"3279","4026",1,"TUR"
"12","4027",1,"TUR"
"61","4027",1,"TUR"
"317","4027",1,"TUR"
"880","4027",1,"TUR"
"1641","4027",1,"TUR"
"2636","4027",1,"TUR"
"5","4028",1,"TUR"
"6","4028",1,"TUR"
"41","4028",1,"TUR"
"73","4028",1,"TUR"
"114","4028",1,"TUR"
"155","4028",1,"TUR"
"124","4029",1,"TUR"
"606","4029",1,"TUR"
"1407","4029",1,"TUR"
"1446","4029",1,"TUR"
"2916","4029",1,"TUR"
"8","4030",1,"TUR"
"84","4030",1,"TUR"
"119","4030",1,"TUR"
"547","4030",1,"TUR"
"2381","4030",1,"TUR"
"5","4031",1,"TUR"
"102","4031",1,"TUR"
"239","4031",1,"TUR"
"1258","4031",1,"TUR"
"1875","4031",1,"TUR"
"3948","4031",1,"TUR"
"1","4032",1,"TUR"
"4","4032",1,"TUR"
"37","4032",1,"TUR"
"204","4032",1,"TUR"
"709","4032",1,"TUR"
"775","4032",1,"TUR"
"1","4033",1,"TUR"
"76","4033",1,"TUR"
"2975","4033",1,"TUR"
"3000","4033",1,"TUR"
"44","4034",1,"TUR"
"380","4034",1,"TUR"
"417","4034",1,"TUR"
"793","4034",1,"TUR"
"27","4035",1,"TUR"
"127","4035",1,"TUR"
"239","4035",1,"TUR"
"1690","4035",1,"TUR"
"3560","4035",1,"TUR"
"3648","4035",1,"TUR"
"1","4036",1,"TUR"
"4","4036",1,"TUR"
"16","4036",1,"TUR"
"52","4036",1,"TUR"
"113","4036",1,"TUR"
"185","4036",1,"TUR"
"4","4037",1,"TUR"
"19","4037",1,"TUR"
"258","4037",1,"TUR"
"416","4037",1,"TUR"
"1119","4037",1,"TUR"
"516","4038",1,"TUR"
"1695","4038",1,"TUR"
"2478","4038",1,"TUR"
"2606","4038",1,"TUR"
"11","4039",1,"TUR"
"479","4039",1,"TUR"
"1016","4039",2,"TUR"
"3268","4039",1,"TUR"
"5","4040",3,"TUR"
"75","4040",1,"TUR"
"289","4040",1,"TUR"
"1249","4040",1,"TUR"
"94","4041",1,"TUR"
"96","4041",1,"TUR"
"722","4041",1,"TUR"
"1094","4041",1,"TUR"
"3044","4041",1,"TUR"
"1","4042",1,"TUR"
"2","4042",2,"TUR"
"2959","4042",1,"TUR"
"179","4043",1,"TUR"
"195","4043",1,"TUR"
"400","4043",1,"TUR"
"1119","4043",1,"TUR"
"1449","4043",1,"TUR"
"1908","4043",1,"TUR"
"1","4044",1,"TUR"
"61","4044",1,"TUR"
"1006","4044",1,"TUR"
"111","4045",1,"TUR"
"1302","4045",1,"TUR"
"1577","4045",1,"TUR"
"1664","4045",1,"TUR"
"2","4046",2,"TUR"
"3","4046",1,"TUR"
"9","4046",1,"TUR"
"267","4046",1,"TUR"
"521","4046",1,"TUR"
"76","4047",1,"TUR"
"136","4047",1,"TUR"
"1034","4047",1,"TUR"
"1216","4047",1,"TUR"
"3","4048",1,"TUR"
"14","4048",1,"TUR"
"41","4048",1,"TUR"
"90","4048",1,"TUR"
"139","4048",1,"TUR"
"1764","4048",1,"TUR"
"5","4049",1,"TUR"
"17","4049",1,"TUR"
"24","4049",1,"TUR"
"295","4049",1,"TUR"
"382","4049",1,"TUR"
"3001","4049",1,"TUR"
"1","4050",2,"TUR"
"16","4050",1,"TUR"
"49","4050",1,"TUR"
"183","4050",1,"TUR"
"1256","4050",1,"TUR"
"712","4051",1,"TUR"
"2964","4051",1,"TUR"
"84","4052",2,"TUR"
"264","4052",1,"TUR"
"2706","4052",1,"TUR"
"170","4053",1,"TUR"
"189","4053",1,"TUR"
"269","4053",1,"TUR"
"933","4053",1,"TUR"
"1750","4053",1,"TUR"
"2","4054",1,"TUR"
"21","4054",1,"TUR"
"175","4054",1,"TUR"
"341","4054",1,"TUR"
"622","4054",1,"TUR"
"16","4055",1,"TUR"
"150","4055",1,"TUR"
"167","4055",1,"TUR"
"864","4055",1,"TUR"
"21","4056",1,"TUR"
"226","4056",1,"TUR"
"603","4056",1,"TUR"
"1171","4056",1,"TUR"
"2228","4056",1,"TUR"
"19","4057",1,"TUR"
"20","4057",1,"TUR"
"131","4057",1,"TUR"
"585","4057",1,"TUR"
"16","4058",1,"TUR"
"26","4058",1,"TUR"
"58","4058",1,"TUR"
"716","4058",1,"TUR"
"878","4058",1,"TUR"
"1117","4058",1,"TUR"
"6","4059",1,"TUR"
"30","4059",1,"TUR"
"1103","4059",1,"TUR"
"2984","4059",1,"TUR"
"3645","4059",1,"TUR"
"3982","4059",1,"TUR"
"3","4060",1,"TUR"
"6","4060",1,"TUR"
"592","4060",1,"TUR"
"714","4060",1,"TUR"
"2444","4060",1,"TUR"
"14","4061",1,"TUR"
"61","4061",1,"TUR"
"135","4061",1,"TUR"
"384","4061",1,"TUR"
"830","4061",1,"TUR"
"1020","4061",1,"TUR"
"1","4062",1,"TUR"
"2","4062",1,"TUR"
"13","4062",1,"TUR"
"622","4062",1,"TUR"
"1369","4062",1,"TUR"
"1680","4062",1,"TUR"
"1","4063",1,"TUR"
"5","4063",1,"TUR"
"195","4063",1,"TUR"
"234","4063",1,"TUR"
"240","4063",1,"TUR"
"2637","4063",1,"TUR"
"18","4064",1,"TUR"
"67","4064",1,"TUR"
"110","4064",1,"TUR"
"807","4064",1,"TUR"
"27","4065",1,"TUR"
"112","4065",3,"TUR"
"1500","4065",1,"TUR"
"1","4066",2,"TUR"
"170","4066",1,"TUR"
"856","4066",1,"TUR"
"2205","4066",2,"TUR"
"5","4067",1,"TUR"
"860","4067",1,"TUR"
"1466","4067",1,"TUR"
"2236","4067",1,"TUR"
"3509","4067",1,"TUR"
"4","4068",1,"TUR"
"5","4068",1,"TUR"
"126","4068",1,"TUR"
"1343","4068",1,"TUR"
"3388","4068",1,"TUR"
"25","4069",1,"TUR"
"35","4069",1,"TUR"
"302","4069",1,"TUR"
"446","4069",1,"TUR"
"510","4069",1,"TUR"
"1079","4069",1,"TUR"
"49","4070",1,"TUR"
"89","4070",1,"TUR"
"715","4070",1,"TUR"
"717","4070",1,"TUR"
"1192","4070",1,"TUR"
"3507","4070",1,"TUR"
"2964","4071",1,"TUR"
"3886","4071",1,"TUR"
"8","4072",1,"TUR"
"9","4072",1,"TUR"
"18","4072",1,"TUR"
"2381","4072",1,"TUR"
"3","4073",1,"TUR"
"95","4073",1,"TUR"
"150","4073",1,"TUR"
"355","4073",1,"TUR"
"1853","4073",1,"TUR"
"3062","4073",1,"TUR"
"1","4074",1,"TUR"
"2","4074",1,"TUR"
"406","4074",1,"TUR"
"441","4074",1,"TUR"
"513","4074",1,"TUR"
"1","4075",1,"TUR"
"5","4075",1,"TUR"
"35","4075",1,"TUR"
"393","4075",1,"TUR"
"1020","4075",1,"TUR"
"114","4076",1,"TUR"
"121","4076",1,"TUR"
"1105","4076",1,"TUR"
"3584","4076",1,"TUR"
"16","4077",2,"TUR"
"225","4077",2,"TUR"
"1177","4077",1,"TUR"
"2414","4077",1,"TUR"
"16","4078",2,"TUR"
"239","4078",1,"TUR"
"686","4078",1,"TUR"
"1353","4078",1,"TUR"
"1859","4078",1,"TUR"
"4","4079",1,"TUR"
"34","4079",1,"TUR"
"56","4079",1,"TUR"
"226","4079",1,"TUR"
"403","4079",1,"TUR"
"2769","4079",1,"TUR"
"3","4080",1,"TUR"
"7","4080",1,"TUR"
"18","4080",1,"TUR"
"861","4080",1,"TUR"
"1443","4080",1,"TUR"
"2115","4080",1,"TUR"
"13","4081",1,"TUR"
"50","4081",1,"TUR"
"159","4081",1,"TUR"
"512","4081",1,"TUR"
"1302","4081",1,"TUR"
"27","4082",1,"TUR"
"112","4082",1,"TUR"
"226","4082",1,"TUR"
"1482","4082",1,"TUR"
"3096","4082",1,"TUR"
"3703","4082",1,"TUR"
"261","4083",1,"TUR"
"327","4083",1,"TUR"
"1125","4083",1,"TUR"
"1291","4083",1,"TUR"
"3155","4083",1,"TUR"
"40","4084",2,"TUR"
"65","4084",1,"TUR"
"2894","4084",1,"TUR"
"1","4085",1,"TUR"
"2","4085",1,"TUR"
"101","4085",1,"TUR"
"438","4085",1,"TUR"
"822","4085",1,"TUR"
"1936","4085",1,"TUR"
"30","4086",1,"TUR"
"129","4086",1,"TUR"
"569","4086",1,"TUR"
"1771","4086",1,"TUR"
"3568","4086",1,"TUR"
"244","4087",1,"TUR"
"1594","4087",2,"TUR"
"3186","4087",1,"TUR"
"3351","4087",1,"TUR"
"21","4088",2,"TUR"
"248","4088",1,"TUR"
"821","4088",1,"TUR"
"924","4088",1,"TUR"
"23","4089",1,"TUR"
"1887","4089",1,"TUR"
"1905","4089",1,"TUR"
"2172","4089",1,"TUR"
"3877","4089",2,"TUR"
"1","4090",1,"TUR"
"109","4090",1,"TUR"
"481","4090",1,"TUR"
"2754","4090",1,"TUR"
"151","4091",2,"TUR"
"226","4091",1,"TUR"
"246","4091",1,"TUR"
"738","4091",1,"TUR"
"1889","4091",1,"TUR"
"75","4092",1,"TUR"
"151","4092",1,"TUR"
"171","4092",1,"TUR"
"1208","4092",1,"TUR"
"113","4093",1,"TUR"
"161","4093",2,"TUR"
"301","4093",1,"TUR"
"344","4093",1,"TUR"
"75","4094",2,"TUR"
"261","4094",1,"TUR"
"464","4094",1,"TUR"
"1050","4094",1,"TUR"
"1362","4094",1,"TUR"
"1","4095",1,"TUR"
"692","4095",1,"TUR"
"1303","4095",1,"TUR"
"3049","4095",1,"TUR"
"3050","4095",1,"TUR"
"1","4096",2,"TUR"
"78","4096",1,"TUR"
"212","4096",1,"TUR"
"554","4096",1,"TUR"
"783","4096",1,"TUR"
"27","4097",1,"TUR"
"65","4097",2,"TUR"
"2596","4097",1,"TUR"
"560","4098",1,"TUR"
"701","4098",1,"TUR"
"956","4098",2,"TUR"
"1468","4098",1,"TUR"
"1817","4098",1,"TUR"
"1","4099",1,"TUR"
"36","4099",1,"TUR"
"674","4099",1,"TUR"
"766","4099",1,"TUR"
"1067","4099",1,"TUR"
"2881","4099",1,"TUR"
"2","4100",1,"TUR"
"6","4100",1,"TUR"
"96","4100",1,"TUR"
"865","4100",1,"TUR"
"2625","4100",1,"TUR"
"1","4101",1,"TUR"
"56","4101",1,"TUR"
"113","4101",1,"TUR"
"247","4101",1,"TUR"
"1211","4101",1,"TUR"
"100","4102",1,"TUR"
"207","4102",1,"TUR"
"505","4102",1,"TUR"
"4056","4102",1,"TUR"
"21","4103",1,"TUR"
"4103","4103",1,"TUR"
"3","4104",2,"TUR"
"222","4104",1,"TUR"
"700","4104",1,"TUR"
"2329","4104",1,"TUR"
"283","4105",1,"TUR"
"2369","4105",1,"TUR"
"2739","4105",1,"TUR"
"2995","4105",1,"TUR"
"3376","4105",1,"TUR"
"22","4106",1,"TUR"
"591","4106",1,"TUR"
"610","4106",1,"TUR"
"682","4106",1,"TUR"
"2145","4106",1,"TUR"
"213","4107",1,"TUR"
"287","4107",1,"TUR"
"485","4107",1,"TUR"
"1634","4107",1,"TUR"
"2319","4107",1,"TUR"
"2943","4107",1,"TUR"
"7","4108",1,"TUR"
"18","4108",1,"TUR"
"83","4108",2,"TUR"
"131","4108",1,"TUR"
"32","4109",2,"TUR"
"329","4109",1,"TUR"
"1461","4109",1,"TUR"
"2540","4109",1,"TUR"
"3073","4109",1,"TUR"
"1053","4110",1,"TUR"
"1428","4110",2,"TUR"
"2060","4110",1,"TUR"
"2319","4110",1,"TUR"
"42","4111",1,"TUR"
"148","4111",1,"TUR"
"712","4111",1,"TUR"
"751","4111",1,"TUR"
"371","4112",1,"TUR"
"1032","4112",1,"TUR"
"1875","4112",1,"TUR"
"3137","4112",1,"TUR"
"242","4113",1,"TUR"
"552","4113",1,"TUR"
"563","4113",2,"TUR"
"1","4114",2,"TUR"
"268","4114",1,"TUR"
"1029","4114",1,"TUR"
"3180","4114",1,"TUR"
"36","4115",1,"TUR"
"1445","4115",1,"TUR"
"2765","4115",1,"TUR"
"2","4116",1,"TUR"
"7","4116",1,"TUR"
"170","4116",1,"TUR"
"2754","4116",1,"TUR"
"3946","4116",1,"TUR"
"377","4117",3,"TUR"
"1512","4117",2,"TUR"
"3","4118",1,"TUR"
"8","4118",2,"TUR"
"103","4118",1,"TUR"
"1254","4118",1,"TUR"
"1672","4118",1,"TUR"
"130","4119",1,"TUR"
"514","4119",3,"TUR"
"1527","4119",1,"TUR"
"60","4120",1,"TUR"
"1128","4120",1,"TUR"
"1525","4120",1,"TUR"
"2558","4120",1,"TUR"
"3956","4120",1,"TUR"
"6","4121",1,"TUR"
"1113","4121",1,"TUR"
"1124","4121",1,"TUR"
"1128","4121",1,"TUR"
"1","4122",1,"TUR"
"36","4122",1,"TUR"
"396","4122",1,"TUR"
"586","4122",1,"TUR"
"941","4122",1,"TUR"
"3026","4122",1,"TUR"
"6","4123",1,"TUR"
"92","4123",1,"TUR"
"163","4123",1,"TUR"
"189","4123",1,"TUR"
"333","4123",1,"TUR"
"1946","4123",1,"TUR"
"40","4124",1,"TUR"
"160","4124",1,"TUR"
"502","4124",1,"TUR"
"799","4124",1,"TUR"
"2579","4124",1,"TUR"
"3592","4124",1,"TUR"
"2","4125",1,"TUR"
"170","4125",1,"TUR"
"302","4125",1,"TUR"
"368","4125",2,"TUR"
"1021","4125",1,"TUR"
"28","4126",1,"TUR"
"380","4126",1,"TUR"
"931","4126",1,"TUR"
"1108","4126",1,"TUR"
"3643","4126",1,"TUR"
"3","4127",1,"TUR"
"187","4127",1,"TUR"
"362","4127",1,"TUR"
"680","4127",1,"TUR"
"1389","4127",1,"TUR"
"2","4128",2,"TUR"
"441","4128",1,"TUR"
"444","4128",1,"TUR"
"3609","4128",1,"TUR"
"5","4129",1,"TUR"
"253","4129",1,"TUR"
"278","4129",1,"TUR"
"1983","4129",1,"TUR"
"407","4130",2,"TUR"
"1263","4130",1,"TUR"
"127","4131",1,"TUR"
"1192","4131",1,"TUR"
"1463","4131",1,"TUR"
"2983","4131",1,"TUR"
"3369","4131",1,"TUR"
"3","4132",1,"TUR"
"641","4132",1,"TUR"
"3070","4132",1,"TUR"
"3284","4132",1,"TUR"
"42","4133",1,"TUR"
"116","4133",1,"TUR"
"149","4133",1,"TUR"
"929","4133",1,"TUR"
"4","4134",1,"TUR"
"31","4134",1,"TUR"
"2837","4134",1,"TUR"
"3","4135",1,"TUR"
"6","4135",1,"TUR"
"61","4135",1,"TUR"
"90","4135",1,"TUR"
"2667","4135",1,"TUR"
"6","4136",1,"TUR"
"11","4136",1,"TUR"
"370","4136",1,"TUR"
"497","4136",1,"TUR"
"1469","4136",1,"TUR"
"14","4137",1,"TUR"
"324","4137",1,"TUR"
"724","4137",1,"TUR"
"1411","4137",1,"TUR"
"1723","4137",1,"TUR"
"3688","4137",1,"TUR"
"2","4138",1,"TUR"
"3","4138",1,"TUR"
"200","4138",1,"TUR"
"396","4138",1,"TUR"
"1657","4138",1,"TUR"
"14","4139",1,"TUR"
"101","4139",1,"TUR"
"1073","4139",1,"TUR"
"2583","4139",1,"TUR"
"2734","4139",1,"TUR"
"6","4140",1,"TUR"
"165","4140",2,"TUR"
"1214","4140",1,"TUR"
"1373","4140",1,"TUR"
"3031","4140",1,"TUR"
"18","4141",1,"TUR"
"38","4141",1,"TUR"
"93","4141",1,"TUR"
"508","4141",2,"TUR"
"1584","4141",1,"TUR"
"10","4142",3,"TUR"
"93","4143",1,"TUR"
"139","4143",1,"TUR"
"314","4143",1,"TUR"
"486","4143",1,"TUR"
"542","4143",1,"TUR"
"1606","4143",1,"TUR"
"7","4144",1,"TUR"
"209","4144",1,"TUR"
"249","4144",1,"TUR"
"2793","4144",1,"TUR"
"4","4145",1,"TUR"
"133","4145",1,"TUR"
"670","4145",1,"TUR"
"3398","4145",1,"TUR"
"9","4146",1,"TUR"
"25","4146",1,"TUR"
"146","4146",1,"TUR"
"283","4146",1,"TUR"
"650","4146",1,"TUR"
"19","4147",1,"TUR"
"41","4147",1,"TUR"
"457","4147",1,"TUR"
"1573","4147",1,"TUR"
"4","4148",1,"TUR"
"21","4148",1,"TUR"
"645","4148",1,"TUR"
"759","4148",1,"TUR"
"1897","4148",1,"TUR"
"1","4149",1,"TUR"
"13","4149",2,"TUR"
"230","4149",1,"TUR"
"1216","4149",1,"TUR"
"2953","4149",1,"TUR"
"109","4150",2,"TUR"
"285","4150",1,"TUR"
"910","4150",2,"TUR"
"3253","4150",1,"TUR"
"2","4151",1,"TUR"
"278","4151",1,"TUR"
"603","4151",1,"TUR"
"798","4151",1,"TUR"
"2365","4151",1,"TUR"
"3265","4151",1,"TUR"
"14","4152",1,"TUR"
"25","4152",1,"TUR"
"45","4152",1,"TUR"
"188","4152",1,"TUR"
"2609","4152",1,"TUR"
"3145","4152",1,"TUR"
"50","4153",1,"TUR"
"146","4153",1,"TUR"
"279","4153",1,"TUR"
"669","4153",1,"TUR"
"2764","4153",1,"TUR"
"3019","4153",1,"TUR"
"53","4154",1,"TUR"
"124","4154",1,"TUR"
"242","4154",1,"TUR"
"754","4154",1,"TUR"
"1526","4154",1,"TUR"
"2967","4154",1,"TUR"
"1509","4155",2,"TUR"
"12","4156",1,"TUR"
"37","4156",1,"TUR"
"95","4156",1,"TUR"
"129","4156",1,"TUR"
"143","4156",1,"TUR"
"20","4157",1,"TUR"
"406","4157",1,"TUR"
"564","4157",1,"TUR"
"856","4157",1,"TUR"
"2370","4157",1,"TUR"
"3402","4157",1,"TUR"
"1","4158",1,"TUR"
"91","4158",1,"TUR"
"155","4158",1,"TUR"
"425","4158",1,"TUR"
"1","4159",1,"TUR"
"43","4159",1,"TUR"
"222","4159",1,"TUR"
"995","4159",1,"TUR"
"3632","4159",1,"TUR"
"113","4160",1,"TUR"
"217","4160",1,"TUR"
"446","4160",1,"TUR"
"1197","4160",1,"TUR"
"1376","4160",1,"TUR"
"2123","4160",1,"TUR"
"1","4161",1,"TUR"
"25","4161",1,"TUR"
"152","4161",1,"TUR"
"446","4161",1,"TUR"
"3814","4161",1,"TUR"
"54","4162",1,"TUR"
"76","4162",1,"TUR"
"236","4162",1,"TUR"
"2087","4162",1,"TUR"
"3779","4162",1,"TUR"
"2","4163",2,"TUR"
"3","4163",1,"TUR"
"8","4163",1,"TUR"
"2808","4163",1,"TUR"
"3300","4163",1,"TUR"
"7","4164",1,"TUR"
"480","4164",1,"TUR"
"1426","4164",1,"TUR"
"1","4165",1,"TUR"
"2","4165",1,"TUR"
"45","4165",1,"TUR"
"615","4165",1,"TUR"
"2226","4165",1,"TUR"
"1","4166",1,"TUR"
"532","4166",1,"TUR"
"1130","4166",1,"TUR"
"1379","4166",1,"TUR"
"1614","4166",1,"TUR"
"3308","4166",1,"TUR"
"1","4167",1,"TUR"
"337","4167",1,"TUR"
"394","4167",2,"TUR"
"2860","4167",1,"TUR"
"1","4168",2,"TUR"
"15","4168",1,"TUR"
"1211","4168",1,"TUR"
"3725","4168",1,"TUR"
"2","4169",1,"TUR"
"129","4169",1,"TUR"
"1539","4169",1,"TUR"
"2125","4169",1,"TUR"
"2247","4169",1,"TUR"
"1","4170",1,"TUR"
"411","4170",1,"TUR"
"779","4170",1,"TUR"
"2470","4170",1,"TUR"
"2514","4170",1,"TUR"
"6","4171",1,"TUR"
"44","4171",1,"TUR"
"102","4171",1,"TUR"
"1489","4171",2,"TUR"
"3574","4171",1,"TUR"
"1","4172",1,"TUR"
"65","4172",1,"TUR"
"197","4172",1,"TUR"
"377","4172",3,"TUR"
"1184","4173",1,"TUR"
"1266","4173",1,"TUR"
"1663","4173",1,"TUR"
"2875","4173",1,"TUR"
"12","4174",1,"TUR"
"67","4174",2,"TUR"
"896","4174",1,"TUR"
"2941","4174",1,"TUR"
"3007","4174",1,"TUR"
"1","4175",3,"TUR"
"628","4175",1,"TUR"
"3072","4175",1,"TUR"
"3","4176",1,"TUR"
"293","4176",1,"TUR"
"689","4176",1,"TUR"
"1652","4176",1,"TUR"
"4176","4176",1,"TUR"
"7","4177",1,"TUR"
"13","4177",1,"TUR"
"189","4177",1,"TUR"
"323","4177",1,"TUR"
"154","4178",1,"TUR"
"1537","4178",1,"TUR"
"1","4179",1,"TUR"
"218","4179",1,"TUR"
"342","4179",1,"TUR"
"911","4179",1,"TUR"
"1485","4179",1,"TUR"
"2","4180",2,"TUR"
"169","4180",1,"TUR"
"1535","4180",1,"TUR"
"2087","4180",1,"TUR"
"82","4181",1,"TUR"
"707","4181",1,"TUR"
"1663","4181",1,"TUR"
"3423","4181",1,"TUR"
"20","4182",1,"TUR"
"174","4182",1,"TUR"
"931","4182",1,"TUR"
"3413","4182",3,"TUR"
"167","4183",1,"TUR"
"901","4183",1,"TUR"
"1292","4183",1,"TUR"
"1675","4183",1,"TUR"
"3834","4183",1,"TUR"
"4","4184",2,"TUR"
"64","4184",1,"TUR"
"814","4184",1,"TUR"
"263","4185",1,"TUR"
"578","4185",1,"TUR"
"2129","4185",1,"TUR"
"3071","4185",1,"TUR"
"14","4186",2,"TUR"
"23","4186",1,"TUR"
"51","4186",1,"TUR"
"546","4186",1,"TUR"
"1","4187",1,"TUR"
"7","4187",1,"TUR"
"36","4187",1,"TUR"
"144","4187",1,"TUR"
"927","4188",1,"TUR"
"2284","4188",1,"TUR"
"3628","4188",1,"TUR"
"3748","4188",1,"TUR"
"14","4189",1,"TUR"
"779","4189",1,"TUR"
"3411","4189",1,"TUR"
"136","4190",1,"TUR"
"896","4190",2,"TUR"
"2190","4190",1,"TUR"
"2234","4190",1,"TUR"
"4045","4190",1,"TUR"
"27","4191",1,"TUR"
"352","4191",1,"TUR"
"574","4191",1,"TUR"
"3459","4191",1,"TUR"
"3884","4191",1,"TUR"
"1491","4192",1,"TUR"
"1624","4192",1,"TUR"
"1749","4192",1,"TUR"
"2436","4192",2,"TUR"
"1","4193",1,"TUR"
"25","4193",1,"TUR"
"114","4193",1,"TUR"
"167","4193",1,"TUR"
"288","4193",1,"TUR"
"599","4193",1,"TUR"
"1","4194",1,"TUR"
"10","4194",1,"TUR"
"24","4194",1,"TUR"
"649","4194",1,"TUR"
"2923","4194",1,"TUR"
"4177","4194",1,"TUR"
"1","4195",1,"TUR"
"114","4195",1,"TUR"
"987","4195",1,"TUR"
"1363","4195",1,"TUR"
"25","4196",1,"TUR"
"2036","4196",1,"TUR"
"2238","4196",1,"TUR"
"2265","4196",1,"TUR"
"2998","4196",1,"TUR"
"3558","4196",1,"TUR"
"45","4197",1,"TUR"
"205","4197",3,"TUR"
"339","4197",1,"TUR"
"361","4197",1,"TUR"
"99","4198",1,"TUR"
"119","4198",1,"TUR"
"712","4198",1,"TUR"
"2039","4198",1,"TUR"
"3918","4198",1,"TUR"
"3","4199",1,"TUR"
"26","4199",1,"TUR"
"56","4199",1,"TUR"
"1208","4199",1,"TUR"
"2841","4199",1,"TUR"
"3455","4199",1,"TUR"
"1040","4200",1,"TUR"
"1523","4200",1,"TUR"
"2920","4200",2,"TUR"
"1","4201",1,"TUR"
"178","4201",1,"TUR"
"214","4201",1,"TUR"
"1","4202",3,"TUR"
"4","4202",1,"TUR"
"7","4202",1,"TUR"
"2098","4202",1,"TUR"
"109","4203",1,"TUR"
"111","4203",1,"TUR"
"145","4203",1,"TUR"
"332","4203",1,"TUR"
"453","4203",1,"TUR"
"2203","4203",1,"TUR"
"2","4204",1,"TUR"
"26","4204",1,"TUR"
"794","4204",1,"TUR"
"2014","4204",1,"TUR"
"772","4205",1,"TUR"
"934","4205",1,"TUR"
"1882","4205",1,"TUR"
"2519","4205",1,"TUR"
"2556","4205",1,"TUR"
"14","4206",1,"TUR"
"230","4206",1,"TUR"
"961","4206",1,"TUR"
"3367","4206",1,"TUR"
"12","4207",1,"TUR"
"115","4207",1,"TUR"
"170","4207",1,"TUR"
"175","4207",1,"TUR"
"2337","4207",1,"TUR"
"5","4208",1,"TUR"
"226","4208",1,"TUR"
"660","4208",1,"TUR"
"2159","4208",1,"TUR"
"2415","4208",1,"TUR"
"4134","4208",1,"TUR"
"6","4209",1,"TUR"
"7","4209",1,"TUR"
"478","4209",1,"TUR"
"1343","4209",1,"TUR"
"2804","4209",1,"TUR"
"3","4210",1,"TUR"
"147","4210",1,"TUR"
"202","4210",1,"TUR"
"297","4210",1,"TUR"
"2158","4210",1,"TUR"
"3850","4210",1,"TUR"
"5","4211",1,"TUR"
"90","4211",3,"TUR"
"119","4211",1,"TUR"
"576","4211",1,"TUR"
"98","4212",1,"TUR"
"432","4212",1,"TUR"
"626","4212",1,"TUR"
"1051","4212",1,"TUR"
"1471","4212",1,"TUR"
"35","4213",1,"TUR"
"278","4213",1,"TUR"
"430","4213",1,"TUR"
"495","4213",2,"TUR"
"850","4213",1,"TUR"
"3","4214",1,"TUR"
"120","4214",1,"TUR"
"429","4214",1,"TUR"
"3522","4214",1,"TUR"
"3808","4214",1,"TUR"
"362","4215",1,"TUR"
"464","4215",1,"TUR"
"1290","4215",1,"TUR"
"1422","4215",1,"TUR"
"3146","4215",1,"TUR"
"3558","4215",1,"TUR"
"514","4216",1,"TUR"
"570","4216",1,"TUR"
"1002","4216",1,"TUR"
"1490","4216",1,"TUR"
"2170","4216",1,"TUR"
"2819","4216",1,"TUR"
"1","4217",1,"TUR"
"9","4217",1,"TUR"
"40","4217",1,"TUR"
"199","4217",1,"TUR"
"1937","4217",1,"TUR"
"1","4218",1,"TUR"
"214","4218",1,"TUR"
"342","4218",1,"TUR"
"1127","4218",1,"TUR"
"1585","4218",1,"TUR"
"2958","4218",1,"TUR"
"1","4219",1,"TUR"
"36","4219",1,"TUR"
"1463","4219",1,"TUR"
"1865","4219",1,"TUR"
"1869","4219",1,"TUR"
"2250","4219",1,"TUR"
"119","4220",1,"TUR"
"1084","4220",1,"TUR"
"1087","4220",1,"TUR"
"3244","4220",1,"TUR"
"135","4221",1,"TUR"
"1202","4221",1,"TUR"
"1701","4221",1,"TUR"
"1902","4221",1,"TUR"
"2250","4221",1,"TUR"
"4003","4221",1,"TUR"
"3","4222",1,"TUR"
"4","4222",1,"TUR"
"186","4222",1,"TUR"
"215","4222",1,"TUR"
"14","4223",1,"TUR"
"83","4223",1,"TUR"
"112","4223",1,"TUR"
"296","4223",1,"TUR"
"1039","4223",1,"TUR"
"2660","4223",1,"TUR"
"113","4224",1,"TUR"
"120","4224",1,"TUR"
"826","4224",1,"TUR"
"1811","4224",1,"TUR"
"1","4225",1,"TUR"
"2","4225",1,"TUR"
"7","4225",1,"TUR"
"163","4225",1,"TUR"
"1725","4225",1,"TUR"
"3893","4225",1,"TUR"
"2","4226",1,"TUR"
"4","4226",1,"TUR"
"286","4226",1,"TUR"
"844","4226",1,"TUR"
"5","4227",1,"TUR"
"57","4227",1,"TUR"
"334","4227",1,"TUR"
"1058","4227",1,"TUR"
"1663","4227",1,"TUR"
"3045","4227",1,"TUR"
"6","4228",1,"TUR"
"8","4228",2,"TUR"
"37","4228",1,"TUR"
"1296","4228",1,"TUR"
"146","4229",1,"TUR"
"751","4229",1,"TUR"
"2075","4229",1,"TUR"
"1","4230",1,"TUR"
"44","4230",1,"TUR"
"51","4230",1,"TUR"
"74","4230",1,"TUR"
"2589","4230",1,"TUR"
"2950","4230",1,"TUR"
"1","4231",1,"TUR"
"30","4231",1,"TUR"
"35","4231",1,"TUR"
"466","4231",1,"TUR"
"537","4231",1,"TUR"
"970","4231",1,"TUR"
"1223","4232",1,"TUR"
"1985","4232",1,"TUR"
"2278","4232",1,"TUR"
"179","4233",1,"TUR"
"519","4233",1,"TUR"
"583","4233",1,"TUR"
"1850","4233",1,"TUR"
"2228","4233",1,"TUR"
"2710","4233",1,"TUR"
"1","4234",1,"TUR"
"1471","4234",1,"TUR"
"2615","4234",1,"TUR"
"92","4235",1,"TUR"
"101","4235",1,"TUR"
"548","4235",1,"TUR"
"1097","4235",1,"TUR"
"1842","4235",1,"TUR"
"83","4236",1,"TUR"
"293","4236",1,"TUR"
"323","4236",1,"TUR"
"706","4236",1,"TUR"
"831","4236",1,"TUR"
"1","4237",3,"TUR"
"200","4237",1,"TUR"
"1087","4237",1,"TUR"
"4138","4237",1,"TUR"
"2","4238",1,"TUR"
"3","4238",1,"TUR"
"232","4238",1,"TUR"
"54","4239",1,"TUR"
"323","4239",1,"TUR"
"641","4239",1,"TUR"
"824","4239",1,"TUR"
"3718","4239",1,"TUR"
"74","4240",1,"TUR"
"338","4240",1,"TUR"
"513","4240",1,"TUR"
"3211","4240",1,"TUR"
"10","4241",1,"TUR"
"29","4241",1,"TUR"
"457","4241",1,"TUR"
"676","4241",1,"TUR"
"2237","4241",1,"TUR"
"1","4242",1,"TUR"
"28","4242",1,"TUR"
"295","4242",1,"TUR"
"574","4242",1,"TUR"
"1251","4242",1,"TUR"
"1","4243",1,"TUR"
"3","4243",1,"TUR"
"111","4243",1,"TUR"
"271","4243",1,"TUR"
"338","4243",1,"TUR"
"3119","4243",1,"TUR"
"44","4244",1,"TUR"
"223","4244",1,"TUR"
"985","4244",1,"TUR"
"1002","4244",1,"TUR"
"2151","4244",1,"TUR"
"2175","4244",1,"TUR"
"67","4245",1,"TUR"
"244","4245",1,"TUR"
"297","4245",1,"TUR"
"941","4245",1,"TUR"
"95","4246",1,"TUR"
"343","4246",1,"TUR"
"396","4246",1,"TUR"
"488","4246",1,"TUR"
"864","4246",1,"TUR"
"1341","4246",1,"TUR"
"2","4247",1,"TUR"
"6","4247",1,"TUR"
"275","4247",2,"TUR"
"3638","4247",1,"TUR"
"31","4248",1,"TUR"
"1966","4248",1,"TUR"
"4","4249",1,"TUR"
"927","4249",3,"TUR"
"4144","4249",2,"TUR"
"3","4250",1,"TUR"
"37","4250",1,"TUR"
"1196","4250",1,"TUR"
"1443","4250",1,"TUR"
"2582","4250",1,"TUR"
"5","4251",1,"TUR"
"1277","4251",1,"TUR"
"1739","4251",1,"TUR"
"2779","4251",1,"TUR"
"4095","4251",1,"TUR"
"397","4252",1,"TUR"
"691","4252",1,"TUR"
"2951","4252",1,"TUR"
"1","4253",1,"TUR"
"14","4253",1,"TUR"
"61","4253",1,"TUR"
"102","4253",1,"TUR"
"132","4253",1,"TUR"
"319","4253",1,"TUR"
"11","4254",1,"TUR"
"28","4254",1,"TUR"
"1063","4254",1,"TUR"
"2134","4254",1,"TUR"
"3124","4254",1,"TUR"
"3964","4254",1,"TUR"
"2","4255",1,"TUR"
"106","4255",1,"TUR"
"301","4255",1,"TUR"
"557","4255",1,"TUR"
"1","4256",1,"TUR"
"3","4256",1,"TUR"
"231","4256",1,"TUR"
"369","4256",1,"TUR"
"613","4256",1,"TUR"
"21","4257",1,"TUR"
"240","4257",1,"TUR"
"2057","4257",1,"TUR"
"2960","4257",1,"TUR"
"7","4258",1,"TUR"
"14","4258",1,"TUR"
"83","4258",1,"TUR"
"305","4258",1,"TUR"
"643","4258",1,"TUR"
"211","4259",1,"TUR"
"561","4259",1,"TUR"
"737","4259",1,"TUR"
"1832","4259",1,"TUR"
"2791","4259",1,"TUR"
"33","4260",1,"TUR"
"169","4260",1,"TUR"
"834","4260",1,"TUR"
"1250","4260",1,"TUR"
"1883","4260",1,"TUR"
"2","4261",1,"TUR"
"20","4261",1,"TUR"
"85","4261",1,"TUR"
"174","4261",1,"TUR"
"190","4261",1,"TUR"
"4","4262",1,"TUR"
"921","4262",1,"TUR"
"1079","4262",1,"TUR"
"2679","4262",1,"TUR"
"3747","4262",1,"TUR"
"22","4263",1,"TUR"
"118","4263",1,"TUR"
"135","4263",1,"TUR"
"336","4263",1,"TUR"
"720","4263",1,"TUR"
"2620","4263",1,"TUR"
"44","4264",1,"TUR"
"214","4264",1,"TUR"
"359","4264",1,"TUR"
"474","4264",1,"TUR"
"2948","4264",1,"TUR"
"287","4265",2,"TUR"
"494","4265",1,"TUR"
"3064","4265",1,"TUR"
"353","4266",2,"TUR"
"968","4266",1,"TUR"
"28","4267",1,"TUR"
"119","4267",1,"TUR"
"488","4267",1,"TUR"
"872","4267",1,"TUR"
"2287","4267",1,"TUR"
"3440","4267",1,"TUR"
"46","4268",1,"TUR"
"442","4268",1,"TUR"
"603","4268",1,"TUR"
"901","4268",1,"TUR"
"236","4269",1,"TUR"
"770","4269",1,"TUR"
"2903","4269",1,"TUR"
"2905","4269",1,"TUR"
"4","4270",1,"TUR"
"34","4270",1,"TUR"
"119","4270",1,"TUR"
"241","4270",1,"TUR"
"1055","4270",1,"TUR"
"3","4271",1,"TUR"
"6","4271",1,"TUR"
"49","4271",1,"TUR"
"211","4271",1,"TUR"
"377","4271",1,"TUR"
"63","4272",1,"TUR"
"2056","4272",1,"TUR"
"2678","4272",1,"TUR"
"4016","4272",1,"TUR"
"353","4273",1,"TUR"
"2221","4273",1,"TUR"
"2488","4273",1,"TUR"
"5","4274",1,"TUR"
"212","4274",1,"TUR"
"431","4274",1,"TUR"
"961","4274",1,"TUR"
"1528","4274",1,"TUR"
"4","4275",1,"TUR"
"91","4275",1,"TUR"
"250","4275",1,"TUR"
"605","4275",1,"TUR"
"120","4276",1,"TUR"
"250","4276",3,"TUR"
"2731","4276",1,"TUR"
"45","4277",1,"TUR"
"50","4277",1,"TUR"
"1092","4277",1,"TUR"
"3463","4277",3,"TUR"
"88","4278",1,"TUR"
"413","4278",1,"TUR"
"721","4278",1,"TUR"
"753","4278",1,"TUR"
"1266","4278",1,"TUR"
"1","4279",1,"TUR"
"49","4279",1,"TUR"
"196","4279",1,"TUR"
"1102","4279",1,"TUR"
"1133","4279",1,"TUR"
"1291","4279",1,"TUR"
"9","4280",1,"TUR"
"1879","4280",1,"TUR"
"2176","4280",1,"TUR"
"3488","4280",1,"TUR"
"6","4281",1,"TUR"
"434","4281",1,"TUR"
"2368","4281",1,"TUR"
"3698","4281",1,"TUR"
"1","4282",1,"TUR"
"52","4282",1,"TUR"
"161","4282",1,"TUR"
"216","4282",1,"TUR"
"1063","4282",1,"TUR"
"2079","4282",1,"TUR"
"6","4283",1,"TUR"
"11","4283",1,"TUR"
"48","4283",1,"TUR"
"120","4283",1,"TUR"
"519","4283",1,"TUR"
"924","4283",1,"TUR"
"1","4284",1,"TUR"
"519","4284",1,"TUR"
"573","4284",1,"TUR"
"1410","4284",1,"TUR"
"2607","4284",1,"TUR"
"98","4285",1,"TUR"
"130","4285",1,"TUR"
"434","4285",1,"TUR"
"2581","4285",1,"TUR"
"2711","4285",1,"TUR"
"1","4286",1,"TUR"
"277","4286",1,"TUR"
"497","4286",1,"TUR"
"1085","4286",1,"TUR"
"1101","4286",1,"TUR"
"2","4287",1,"TUR"
"21","4287",1,"TUR"
"36","4287",1,"TUR"
"163","4287",1,"TUR"
"261","4287",1,"TUR"
"1189","4287",1,"TUR"
"1","4288",1,"TUR"
"258","4288",1,"TUR"
"687","4288",1,"TUR"
"2188","4288",1,"TUR"
"5","4289",1,"TUR"
"1316","4289",1,"TUR"
"1700","4289",1,"TUR"
"268","4290",1,"TUR"
"632","4290",1,"TUR"
"1006","4290",1,"TUR"
"3739","4290",1,"TUR"
"1","4291",1,"TUR"
"5","4291",1,"TUR"
"502","4291",1,"TUR"
"582","4291",1,"TUR"
"621","4291",1,"TUR"
"933","4291",1,"TUR"
"22","4292",1,"TUR"
"23","4292",1,"TUR"
"531","4292",1,"TUR"
"547","4292",1,"TUR"
"639","4292",1,"TUR"
"3774","4292",1,"TUR"
"157","4293",2,"TUR"
"488","4293",1,"TUR"
"1848","4293",1,"TUR"
"3662","4293",1,"TUR"
"4047","4293",1,"TUR"
"2406","4294",1,"TUR"
"2686","4294",1,"TUR"
"3034","4294",1,"TUR"
"5","4295",1,"TUR"
"687","4295",1,"TUR"
"929","4295",1,"TUR"
"22","4296",1,"TUR"
"103","4296",1,"TUR"
"395","4296",2,"TUR"
"1179","4296",1,"TUR"
"2069","4296",1,"TUR"
"1734","4297",2,"TUR"
"3187","4297",1,"TUR"
"3581","4297",1,"TUR"
"4133","4297",1,"TUR"
"4","4298",1,"TUR"
"49","4298",1,"TUR"
"995","4298",1,"TUR"
"3164","4298",1,"TUR"
"4083","4298",1,"TUR"
"6","4299",1,"TUR"
"9","4299",1,"TUR"
"514","4299",1,"TUR"
"3700","4299",1,"TUR"
"33","4300",1,"TUR"
"383","4300",2,"TUR"
"845","4300",1,"TUR"
"1","4301",1,"TUR"
"84","4301",1,"TUR"
"1034","4301",1,"TUR"
"1643","4301",1,"TUR"
"3492","4301",1,"TUR"
"166","4302",1,"TUR"
"187","4302",1,"TUR"
"367","4302",1,"TUR"
"986","4302",1,"TUR"
"1","4303",1,"TUR"
"151","4303",1,"TUR"
"376","4303",1,"TUR"
"1517","4303",1,"TUR"
"3817","4303",1,"TUR"
"4255","4303",1,"TUR"
"266","4304",1,"TUR"
"444","4304",1,"TUR"
"1747","4304",1,"TUR"
"3584","4304",1,"TUR"
"1","4305",1,"TUR"
"2","4305",1,"TUR"
"88","4305",1,"TUR"
"116","4305",1,"TUR"
"289","4305",1,"TUR"
"2348","4305",1,"TUR"
"1","4306",1,"TUR"
"129","4306",1,"TUR"
"793","4306",1,"TUR"
"1138","4306",1,"TUR"
"3675","4306",1,"TUR"
"2","4307",1,"TUR"
"12","4307",1,"TUR"
"66","4307",1,"TUR"
"710","4307",2,"TUR"
"1725","4307",1,"TUR"
"1","4308",1,"TUR"
"20","4308",1,"TUR"
"1633","4308",1,"TUR"
"2478","4308",1,"TUR"
"185","4309",1,"TUR"
"1190","4309",1,"TUR"
"1689","4309",1,"TUR"
"2614","4309",1,"TUR"
"8","4310",1,"TUR"
"109","4310",1,"TUR"
"263","4310",1,"TUR"
"667","4310",1,"TUR"
"1325","4310",1,"TUR"
"70","4311",1,"TUR"
"254","4311",1,"TUR"
"728","4311",2,"TUR"
"796","4311",1,"TUR"
"865","4311",1,"TUR"
"3","4312",1,"TUR"
"10","4312",1,"TUR"
"95","4312",1,"TUR"
"458","4312",1,"TUR"
"849","4312",1,"TUR"
"1520","4312",1,"TUR"
"5","4313",1,"TUR"
"212","4313",1,"TUR"
"256","4313",1,"TUR"
"794","4313",1,"TUR"
"1394","4313",1,"TUR"
"2577","4313",1,"TUR"
"1","4314",1,"TUR"
"354","4314",2,"TUR"
"356","4314",1,"TUR"
"645","4314",1,"TUR"
"2379","4314",1,"TUR"
"19","4315",1,"TUR"
"61","4315",1,"TUR"
"400","4315",2,"TUR"
"2944","4315",1,"TUR"
"3818","4315",1,"TUR"
"1","4316",1,"TUR"
"392","4316",1,"TUR"
"524","4316",1,"TUR"
"1472","4316",1,"TUR"
"1","4317",1,"TUR"
"60","4317",1,"TUR"
"1263","4317",1,"TUR"
"1306","4317",1,"TUR"
"2246","4317",1,"TUR"
"11","4318",2,"TUR"
"1192","4318",1,"TUR"
"1678","4318",1,"TUR"
"62","4319",1,"TUR"
"653","4319",2,"TUR"
"28","4320",1,"TUR"
"83","4320",1,"TUR"
"1600","4320",1,"TUR"
"3701","4320",1,"TUR"
"3730","4320",1,"TUR"
"484","4321",1,"TUR"
"510","4321",1,"TUR"
"724","4321",1,"TUR"
"865","4321",1,"TUR"
"1427","4321",1,"TUR"
"3237","4321",1,"TUR"
"27","4322",1,"TUR"
"189","4322",1,"TUR"
"247","4322",1,"TUR"
"1044","4322",1,"TUR"
"1","4323",1,"TUR"
"655","4323",2,"TUR"
"4007","4323",2,"TUR"
"104","4324",1,"TUR"
"415","4324",1,"TUR"
"552","4324",1,"TUR"
"760","4324",1,"TUR"
"3586","4324",1,"TUR"
"1","4325",2,"TUR"
"7","4325",1,"TUR"
"223","4325",1,"TUR"
"240","4325",1,"TUR"
"21","4326",1,"TUR"
"179","4326",1,"TUR"
"283","4326",1,"TUR"
"918","4326",1,"TUR"
"964","4326",1,"TUR"
"3292","4326",1,"TUR"
"1","4327",1,"TUR"
"15","4327",1,"TUR"
"71","4327",1,"TUR"
"564","4327",1,"TUR"
"2035","4327",1,"TUR"
"2786","4327",1,"TUR"
"2","4328",2,"TUR"
"46","4328",1,"TUR"
"988","4328",1,"TUR"
"2128","4328",1,"TUR"
"3523","4328",1,"TUR"
"18","4329",1,"TUR"
"71","4329",1,"TUR"
"973","4329",1,"TUR"
"2719","4329",1,"TUR"
"1","4330",1,"TUR"
"46","4330",1,"TUR"
"67","4330",1,"TUR"
"70","4330",1,"TUR"
"137","4330",1,"TUR"
"2787","4330",1,"TUR"
"73","4331",1,"TUR"
"1094","4331",1,"TUR"
"1834","4331",1,"TUR"
"3324","4331",1,"TUR"
"1","4332",1,"TUR"
"76","4332",1,"TUR"
"87","4332",1,"TUR"
"656","4332",1,"TUR"
"4316","4332",1,"TUR"
"29","4333",1,"TUR"
"202","4333",1,"TUR"
"637","4333",1,"TUR"
"3320","4333",1,"TUR"
"1","4334",1,"TUR"
"25","4334",1,"TUR"
"126","4334",1,"TUR"
"298","4334",1,"TUR"
"2278","4334",1,"TUR"
"4248","4334",1,"TUR"
"17","4335",2,"TUR"
"129","4335",1,"TUR"
"136","4335",1,"TUR"
"4248","4335",1,"TUR"
"2","4336",1,"TUR"
"351","4336",2,"TUR"
"890","4336",1,"TUR"
"13","4337",3,"TUR"
"71","4337",3,"TUR"
"195","4338",1,"TUR"
"486","4338",1,"TUR"
"539","4338",1,"TUR"
"1053","4338",1,"TUR"
"1674","4338",2,"TUR"
"45","4339",2,"TUR"
"64","4339",1,"TUR"
"85","4339",1,"TUR"
"756","4339",1,"TUR"
"2294","4339",1,"TUR"
"7","4340",1,"TUR"
"339","4340",1,"TUR"
"507","4340",1,"TUR"
"2904","4340",1,"TUR"
"2","4341",1,"TUR"
"85","4341",1,"TUR"
"108","4341",1,"TUR"
"213","4341",1,"TUR"
"255","4341",1,"TUR"
"715","4341",1,"TUR"
"19","4342",1,"TUR"
"96","4342",1,"TUR"
"347","4342",1,"TUR"
"399","4342",1,"TUR"
"2752","4342",1,"TUR"
"2857","4342",1,"TUR"
"222","4343",1,"TUR"
"2504","4343",1,"TUR"
"4222","4343",1,"TUR"
"53","4344",2,"TUR"
"769","4344",1,"TUR"
"1382","4344",1,"TUR"
"2144","4344",1,"TUR"
"2","4345",2,"TUR"
"108","4345",1,"TUR"
"260","4345",1,"TUR"
"811","4345",1,"TUR"
"2617","4345",1,"TUR"
"1","4346",1,"TUR"
"44","4346",1,"TUR"
"81","4346",1,"TUR"
"620","4346",1,"TUR"
"676","4346",1,"TUR"
"1812","4346",1,"TUR"
"7","4347",1,"TUR"
"67","4347",1,"TUR"
"82","4347",1,"TUR"
"1350","4347",1,"TUR"
"3005","4347",1,"TUR"
"3977","4347",1,"TUR"
"26","4348",1,"TUR"
"43","4348",2,"TUR"
"308","4348",1,"TUR"
"1249","4348",1,"TUR"
"4290","4348",1,"TUR"
"1","4349",1,"TUR"
"65","4349",1,"TUR"
"1299","4349",1,"TUR"
"3340","4349",1,"TUR"
"3482","4349",1,"TUR"
"3747","4349",1,"TUR"
"57","4350",1,"TUR"
"67","4350",1,"TUR"
"132","4350",1,"TUR"
"285","4350",1,"TUR"
"298","4350",1,"TUR"
"6","4351",1,"TUR"
"182","4351",1,"TUR"
"294","4351",1,"TUR"
"433","4351",1,"TUR"
"2479","4351",1,"TUR"
"334","4352",1,"TUR"
"2039","4352",1,"TUR"
"109","4353",1,"TUR"
"115","4353",1,"TUR"
"126","4353",1,"TUR"
"2139","4353",1,"TUR"
"303","4354",1,"TUR"
"790","4354",1,"TUR"
"1521","4354",1,"TUR"
"1883","4354",1,"TUR"
"7","4355",1,"TUR"
"30","4355",1,"TUR"
"128","4355",1,"TUR"
"170","4355",1,"TUR"
"30","4356",1,"TUR"
"38","4356",1,"TUR"
"158","4356",1,"TUR"
"784","4356",1,"TUR"
"136","4357",1,"TUR"
"1615","4357",1,"TUR"
"2780","4357",1,"TUR"
"252","4358",1,"TUR"
"1394","4358",1,"TUR"
"2286","4358",1,"TUR"
"2359","4358",1,"TUR"
"1","4359",1,"TUR"
"132","4359",1,"TUR"
"177","4359",1,"TUR"
"3092","4359",1,"TUR"
"200","4360",1,"TUR"
"432","4360",1,"TUR"
"446","4360",2,"TUR"
"1048","4361",1,"TUR"
"3094","4361",1,"TUR"
"3766","4361",1,"TUR"
"80","4362",1,"TUR"
"117","4362",2,"TUR"
"2808","4362",1,"TUR"
"12","4363",1,"TUR"
"147","4363",1,"TUR"
"382","4363",1,"TUR"
"886","4363",1,"TUR"
"1","4364",1,"TUR"
"1136","4364",1,"TUR"
"1360","4364",1,"TUR"
"147","4365",1,"TUR"
"789","4365",1,"TUR"
"30","4366",1,"TUR"
"35","4366",1,"TUR"
"797","4366",1,"TUR"
"1889","4366",1,"TUR"
"35","4367",1,"TUR"
"59","4367",1,"TUR"
"92","4367",1,"TUR"
"1511","4367",1,"TUR"
"38","4368",1,"TUR"
"227","4368",1,"TUR"
"1333","4368",1,"TUR"
"150","4369",1,"TUR"
"477","4369",1,"TUR"
"1136","4369",2,"TUR"
"35","4370",1,"TUR"
"130","4370",1,"TUR"
"1002","4370",1,"TUR"
"1577","4370",1,"TUR"
"116","4371",1,"TUR"
"179","4371",1,"TUR"
"227","4371",1,"TUR"
"1476","4371",1,"TUR"
"35","4372",1,"TUR"
"58","4372",1,"TUR"
"505","4372",1,"TUR"
"1171","4372",1,"TUR"
"1","4373",1,"TUR"
"38","4373",1,"TUR"
"469","4373",1,"TUR"
"5","4374",1,"TUR"
"201","4374",1,"TUR"
"323","4374",1,"TUR"
"201","4375",1,"TUR"
"616","4375",1,"TUR"
"830","4375",1,"TUR"
"2570","4375",1,"TUR"
"38","4376",1,"TUR"
"121","4376",1,"TUR"
"382","4376",1,"TUR"
"1005","4376",1,"TUR"
"18","4377",1,"TUR"
"384","4377",1,"TUR"
"507","4377",1,"TUR"
"4310","4377",1,"TUR"
"36","4378",1,"TUR"
"109","4378",1,"TUR"
"391","4378",1,"TUR"
"3067","4378",1,"TUR"
"117","4379",2,"TUR"
"127","4379",1,"TUR"
"1915","4379",1,"TUR"
"38","4380",2,"TUR"
"121","4380",1,"TUR"
"776","4380",1,"TUR"
"38","4381",1,"TUR"
"227","4381",1,"TUR"
"2119","4381",1,"TUR"
"81","4382",1,"TUR"
"227","4382",1,"TUR"
"2095","4382",1,"TUR"
"2562","4382",1,"TUR"
"6","4383",1,"TUR"
"70","4383",1,"TUR"
"240","4383",1,"TUR"
"756","4383",1,"TUR"
"1","4384",1,"TUR"
"35","4384",1,"TUR"
"46","4384",1,"TUR"
"304","4384",1,"TUR"
"7","4385",1,"TUR"
"1226","4385",1,"TUR"
"2344","4385",1,"TUR"
"2945","4385",1,"TUR"
"38","4386",1,"TUR"
"59","4386",2,"TUR"
"158","4386",1,"TUR"
"59","4387",1,"TUR"
"514","4387",1,"TUR"
"672","4387",1,"TUR"
"2553","4387",1,"TUR"
"59","4388",1,"TUR"
"117","4388",2,"TUR"
"2289","4388",1,"TUR"
"11","4389",1,"TUR"
"195","4389",1,"TUR"
"3828","4389",1,"TUR"
"35","4390",1,"TUR"
"130","4390",1,"TUR"
"30","4391",1,"TUR"
"144","4391",1,"TUR"
"329","4391",1,"TUR"
"3379","4391",1,"TUR"
"38","4392",1,"TUR"
"117","4392",1,"TUR"
"776","4392",1,"TUR"
"1990","4392",1,"TUR"
"1","4393",1,"TUR"
"35","4393",1,"TUR"
"1508","4393",1,"TUR"
"5","4394",1,"TUR"
"7","4394",1,"TUR"
"67","4394",1,"TUR"
"201","4394",1,"TUR"
"1","4395",1,"TUR"
"5","4395",1,"TUR"
"38","4395",1,"TUR"
"803","4395",1,"TUR"
"117","4396",1,"TUR"
"873","4396",1,"TUR"
"35","4397",1,"TUR"
"527","4397",1,"TUR"
"3963","4397",1,"TUR"
"4396","4397",1,"TUR"
"35","4398",2,"TUR"
"86","4398",1,"TUR"
"132","4398",1,"TUR"
"38","4399",1,"TUR"
"121","4399",1,"TUR"
"1029","4399",1,"TUR"
"1262","4399",1,"TUR"
"79","4400",1,"TUR"
"159","4400",1,"TUR"
"519","4400",1,"TUR"
"776","4400",1,"TUR"
"121","4401",1,"TUR"
"578","4401",1,"TUR"
"2787","4401",1,"TUR"
"19","4402",1,"TUR"
"429","4402",1,"TUR"
"1659","4402",1,"TUR"
"4309","4402",1,"TUR"
"188","4403",1,"TUR"
"1","4404",1,"TUR"
"264","4404",1,"TUR"
"1705","4405",1,"TUR"
"53","4406",1,"TUR"
"1570","4406",1,"TUR"
"2923","4406",1,"TUR"
"4064","4406",1,"TUR"
"101","4407",1,"TUR"
"2030","4407",1,"TUR"
"4064","4407",1,"TUR"
"103","4408",1,"TUR"
"171","4408",1,"TUR"
"3214","4408",1,"TUR"
"5","4409",1,"TUR"
"163","4409",1,"TUR"
"309","4409",1,"TUR"
"130","4410",1,"TUR"
"627","4410",1,"TUR"
"1089","4410",2,"TUR"
"184","4411",1,"TUR"
"1249","4411",1,"TUR"
"13","4412",1,"TUR"
"80","4413",1,"TUR"
"399","4413",1,"TUR"
"465","4413",1,"TUR"
"501","4413",1,"TUR"
"29","4414",1,"TUR"
"36","4414",1,"TUR"
"2372","4414",1,"TUR"
"3127","4414",1,"TUR"
"15","4415",1,"TUR"
"82","4415",1,"TUR"
"1","4416",1,"TUR"
"82","4416",1,"TUR"
"282","4416",1,"TUR"
"96","4417",1,"TUR"
"146","4417",1,"TUR"
"563","4417",1,"TUR"
"3","4418",1,"TUR"
"57","4418",1,"TUR"
"46","4419",1,"TUR"
"142","4419",2,"TUR"
"794","4419",1,"TUR"
"4","4420",1,"TUR"
"63","4420",1,"TUR"
"103","4420",1,"TUR"
"3127","4420",1,"TUR"
"1","4421",1,"TUR"
"68","4421",1,"TUR"
"3965","4421",1,"TUR"
"82","4422",1,"TUR"
"406","4422",1,"TUR"
"199","4423",1,"TUR"
"1177","4423",1,"TUR"
"4016","4423",1,"TUR"
"707","4424",2,"TUR"
"194","4425",1,"TUR"
"350","4425",1,"TUR"
"909","4425",1,"TUR"
"4316","4425",1,"TUR"
"7","4426",1,"TUR"
"42","4426",1,"TUR"
"141","4427",1,"TUR"
"663","4427",1,"TUR"
"2047","4427",1,"TUR"
"63","4428",1,"TUR"
"1221","4428",1,"TUR"
"2204","4428",1,"TUR"
"1","4429",1,"TUR"
"2","4429",1,"TUR"
"2191","4429",1,"TUR"
"2460","4429",1,"TUR"
"2","4430",1,"TUR"
"1221","4430",1,"TUR"
"6","4431",1,"TUR"
"470","4431",1,"TUR"
"1262","4431",1,"TUR"
"3679","4432",2,"TUR"
"12","4433",1,"TUR"
"66","4433",1,"TUR"
"468","4433",1,"TUR"
"41","4434",1,"TUR"
"1571","4434",1,"TUR"
"2005","4434",1,"TUR"
"1","4435",1,"TUR"
"2672","4435",1,"TUR"
"28","4436",2,"TUR"
"3","4437",1,"TUR"
"213","4437",1,"TUR"
"1442","4437",1,"TUR"
"2","4438",1,"TUR"
"723","4438",1,"TUR"
"955","4438",1,"TUR"
"236","4439",1,"TUR"
"2736","4439",1,"TUR"
"4037","4439",1,"TUR"
"2","4440",1,"TUR"
"14","4440",1,"TUR"
"95","4440",1,"TUR"
"787","4440",1,"TUR"
"768","4441",1,"TUR"
"50","4442",1,"TUR"
"1733","4442",1,"TUR"
"2618","4442",1,"TUR"
"2700","4442",1,"TUR"
"22","4443",1,"TUR"
"643","4443",1,"TUR"
"392","4444",1,"TUR"
"521","4444",2,"TUR"
"2981","4444",1,"TUR"
"1588","4445",2,"TUR"
"1971","4445",1,"TUR"
"87","4446",1,"TUR"
"136","4446",1,"TUR"
"357","4447",1,"TUR"
"1258","4447",1,"TUR"
"4084","4447",1,"TUR"
"1","4448",1,"TUR"
"116","4448",1,"TUR"
"254","4448",1,"TUR"
"1478","4448",1,"TUR"
"1","4449",1,"TUR"
"2","4449",1,"TUR"
"20","4450",1,"TUR"
"174","4450",1,"TUR"
"338","4450",1,"TUR"
"1345","4450",1,"TUR"
"2511","4451",1,"TUR"
"4224","4451",1,"TUR"
"1555","4452",1,"TUR"
"1637","4452",1,"TUR"
"3795","4452",1,"TUR"
"1","4453",1,"TUR"
"293","4453",1,"TUR"
"2731","4453",1,"TUR"
"119","4454",1,"TUR"
"575","4454",1,"TUR"
"12","4455",1,"TUR"
"415","4455",1,"TUR"
"1172","4455",1,"TUR"
"2511","4455",1,"TUR"
"1","4456",1,"TUR"
"5","4456",1,"TUR"
"1","4457",1,"TUR"
"14","4457",1,"TUR"
"4456","4457",1,"TUR"
"2","4458",1,"TUR"
"304","4458",1,"TUR"
"577","4458",1,"TUR"
"2901","4458",1,"TUR"
"1","4459",1,"TUR"
"40","4459",1,"TUR"
"468","4459",1,"TUR"
"868","4459",1,"TUR"
"22","4460",1,"TUR"
"87","4460",1,"TUR"
"207","4460",1,"TUR"
"861","4460",1,"TUR"
"1","4461",1,"TUR"
"57","4461",1,"TUR"
"4033","4461",1,"TUR"
"1","4462",1,"TUR"
"3","4462",1,"TUR"
"1","4463",1,"TUR"
"474","4463",1,"TUR"
"796","4463",1,"TUR"
"5","4464",1,"TUR"
"872","4464",1,"TUR"
"559","4465",1,"TUR"
"686","4465",1,"TUR"
"2696","4465",1,"TUR"
"3074","4465",1,"TUR"
"4","4466",1,"TUR"
"19","4466",2,"TUR"
"1","4467",1,"TUR"
"7","4467",1,"TUR"
"99","4467",1,"TUR"
"288","4467",1,"TUR"
"27","4468",1,"TUR"
"85","4468",1,"TUR"
"98","4468",1,"TUR"
"4","4469",1,"TUR"
"85","4469",1,"TUR"
"181","4469",1,"TUR"
"458","4469",1,"TUR"
"1","4470",2,"TUR"
"12","4471",1,"TUR"
"14","4471",1,"TUR"
"42","4471",1,"TUR"
"399","4472",1,"TUR"
"11","4473",1,"TUR"
"433","4473",1,"TUR"
"97","4474",1,"TUR"
"304","4474",1,"TUR"
"1518","4474",1,"TUR"
"37","4475",1,"TUR"
"1572","4475",1,"TUR"
"1864","4475",1,"TUR"
"1913","4475",1,"TUR"
"2130","4476",1,"TUR"
"3032","4476",1,"TUR"
"44","4477",1,"TUR"
"250","4477",1,"TUR"
"408","4477",1,"TUR"
"405","4478",1,"TUR"
"490","4478",1,"TUR"
"3706","4478",1,"TUR"
"3876","4478",1,"TUR"
"126","4479",1,"TUR"
"1343","4479",1,"TUR"
"4403","4479",2,"TUR"
"281","4480",1,"TUR"
"4214","4480",1,"TUR"
"2","4481",1,"TUR"
"137","4481",1,"TUR"
"4234","4481",1,"TUR"
"611","4482",1,"TUR"
"1814","4482",1,"TUR"
"1996","4482",1,"TUR"
"53","4483",1,"TUR"
"2662","4483",1,"TUR"
"1","4484",1,"TUR"
"6","4484",1,"TUR"
"2309","4484",1,"TUR"
"3","4485",1,"TUR"
"9","4485",1,"TUR"
"614","4485",1,"TUR"
"1470","4485",1,"TUR"
"53","4486",1,"TUR"
"115","4486",1,"TUR"
"191","4486",1,"TUR"
"3","4487",1,"TUR"
"5","4487",1,"TUR"
"1005","4487",1,"TUR"
"7","4488",1,"TUR"
"183","4488",1,"TUR"
"1173","4488",1,"TUR"
"24","4489",2,"TUR"
"77","4489",1,"TUR"
"14","4490",1,"TUR"
"145","4490",1,"TUR"
"603","4490",1,"TUR"
"392","4491",1,"TUR"
"1702","4491",1,"TUR"
"2263","4491",1,"TUR"
"334","4492",1,"TUR"
"1698","4492",1,"TUR"
"3460","4492",1,"TUR"
"12","4493",1,"TUR"
"183","4493",1,"TUR"
"432","4493",1,"TUR"
"119","4494",2,"TUR"
"1117","4494",1,"TUR"
"485","4495",1,"TUR"
"494","4495",1,"TUR"
"595","4495",1,"TUR"
"44","4496",1,"TUR"
"935","4496",1,"TUR"
"1717","4496",1,"TUR"
"327","4497",1,"TUR"
"665","4497",1,"TUR"
"247","4498",1,"TUR"
"531","4498",1,"TUR"
"541","4498",1,"TUR"
"2960","4498",1,"TUR"
"287","4499",1,"TUR"
"1022","4499",1,"TUR"
"92","4500",1,"TUR"
"1241","4500",1,"TUR"
"2705","4500",1,"TUR"
"1","4501",1,"TUR"
"3","4501",1,"TUR"
"7","4501",1,"TUR"
"44","4501",1,"TUR"
"34","4502",1,"TUR"
"269","4502",1,"TUR"
"1730","4502",1,"TUR"
"3984","4502",1,"TUR"
"20","4503",1,"TUR"
"66","4503",1,"TUR"
"102","4503",1,"TUR"
"2649","4503",1,"TUR"
"99","4504",1,"TUR"
"193","4504",1,"TUR"
"1111","4504",1,"TUR"
"127","4505",1,"TUR"
"1298","4505",1,"TUR"
"2966","4505",1,"TUR"
"48","4506",2,"TUR"
"192","4507",1,"TUR"
"701","4507",1,"TUR"
"1024","4507",1,"TUR"
"1308","4507",1,"TUR"
"247","4508",1,"TUR"
"285","4508",1,"TUR"
"370","4508",1,"TUR"
"1025","4508",1,"TUR"
"3","4509",1,"TUR"
"178","4509",1,"TUR"
"791","4509",1,"TUR"
"928","4509",1,"TUR"
"1611","4510",1,"TUR"
"1982","4510",1,"TUR"
"7","4511",1,"TUR"
"31","4511",1,"TUR"
"2264","4511",1,"TUR"
"5","4512",1,"TUR"
"347","4512",1,"TUR"
"1477","4512",1,"TUR"
"2133","4512",1,"TUR"
"1","4513",1,"TUR"
"44","4513",1,"TUR"
"1651","4513",1,"TUR"
"7","4514",1,"TUR"
"499","4514",1,"TUR"
"674","4514",1,"TUR"
"1367","4515",1,"TUR"
"1904","4515",1,"TUR"
"3691","4515",1,"TUR"
"4224","4515",1,"TUR"
"18","4516",1,"TUR"
"100","4516",1,"TUR"
"147","4516",1,"TUR"
"1097","4517",1,"TUR"
"1334","4517",2,"TUR"
"2624","4517",1,"TUR"
"10","4518",1,"TUR"
"25","4518",1,"TUR"
"842","4518",1,"TUR"
"3","4519",1,"TUR"
"6","4519",1,"TUR"
"22","4519",1,"TUR"
"119","4520",1,"TUR"
"566","4520",1,"TUR"
"1165","4520",1,"TUR"
"643","4521",1,"TUR"
"1","4522",1,"TUR"
"57","4522",1,"TUR"
"172","4522",1,"TUR"
"436","4522",1,"TUR"
"2","4523",1,"TUR"
"1078","4523",1,"TUR"
"3818","4523",1,"TUR"
"1","4524",2,"TUR"
"163","4524",1,"TUR"
"692","4524",1,"TUR"
"93","4525",1,"TUR"
"1647","4525",1,"TUR"
"1861","4525",1,"TUR"
"7","4526",1,"TUR"
"862","4526",1,"TUR"
"3517","4526",1,"TUR"
"2","4527",1,"TUR"
"7","4527",1,"TUR"
"63","4527",1,"TUR"
"10","4528",1,"TUR"
"183","4528",1,"TUR"
"535","4528",1,"TUR"
"3136","4528",1,"TUR"
"70","4529",1,"TUR"
"142","4529",1,"TUR"
"147","4529",1,"TUR"
"3475","4529",1,"TUR"
"1","4530",1,"TUR"
"142","4530",1,"TUR"
"638","4530",1,"TUR"
"1484","4530",1,"TUR"
"15","4531",1,"TUR"
"139","4531",1,"TUR"
"299","4531",1,"TUR"
"2111","4532",2,"TUR"
"2323","4532",1,"TUR"
"373","4533",1,"TUR"
"2","4534",1,"TUR"
"74","4534",1,"TUR"
"175","4534",1,"TUR"
"794","4534",1,"TUR"
"1733","4535",1,"TUR"
"1870","4535",1,"TUR"
"42","4536",1,"TUR"
"103","4536",1,"TUR"
"19","4538",1,"TUR"
"21","4538",1,"TUR"
"1063","4538",1,"TUR"
"96","4539",1,"TUR"
"3650","4539",1,"TUR"
"37","4540",1,"TUR"
"181","4540",1,"TUR"
"1222","4541",1,"TUR"
"3302","4541",1,"TUR"
"432","4542",1,"TUR"
"587","4542",1,"TUR"
"3460","4542",1,"TUR"
"1","4543",1,"TUR"
"120","4543",1,"TUR"
"1000","4543",1,"TUR"
"1","4544",1,"TUR"
"1","4545",1,"TUR"
"167","4545",1,"TUR"
"790","4545",1,"TUR"
"1098","4545",1,"TUR"
"1","4546",1,"TUR"
"5","4546",1,"TUR"
"1","4547",1,"TUR"
"4","4547",1,"TUR"
"1290","4547",1,"TUR"
"3678","4547",1,"TUR"
"184","4548",1,"TUR"
"2642","4548",1,"TUR"
"3396","4548",1,"TUR"
"10","4549",1,"TUR"
"226","4549",1,"TUR"
"578","4549",1,"TUR"
"580","4550",1,"TUR"
"864","4550",1,"TUR"
"16","4551",1,"TUR"
"95","4551",1,"TUR"
"792","4551",1,"TUR"
"3557","4551",1,"TUR"
"6","4552",1,"TUR"
"1550","4552",1,"TUR"
"4365","4552",1,"TUR"
"19","4553",1,"TUR"
"37","4553",1,"TUR"
"129","4553",1,"TUR"
"789","4553",1,"TUR"
"2","4554",1,"TUR"
"617","4554",1,"TUR"
"1882","4554",1,"TUR"
"2","4555",1,"TUR"
"6","4555",1,"TUR"
"2965","4555",1,"TUR"
"3494","4555",1,"TUR"
"527","4556",1,"TUR"
"1042","4556",1,"TUR"
"3757","4556",1,"TUR"
"51","4557",1,"TUR"
"228","4557",1,"TUR"
"998","4557",1,"TUR"
"4226","4557",1,"TUR"
"58","4558",1,"TUR"
"288","4558",1,"TUR"
"1061","4558",1,"TUR"
"1129","4558",1,"TUR"
"2","4559",1,"TUR"
"167","4559",1,"TUR"
"290","4559",1,"TUR"
"496","4559",1,"TUR"
"12","4560",1,"TUR"
"1257","4560",1,"TUR"
"3964","4560",1,"TUR"
"6","4561",1,"TUR"
"757","4561",1,"TUR"
"2741","4561",1,"TUR"
"2","4562",1,"TUR"
"2297","4562",1,"TUR"
"3803","4562",1,"TUR"
"57","4563",1,"TUR"
"516","4563",1,"TUR"
"2239","4563",1,"TUR"
"3354","4563",1,"TUR"
"18","4564",1,"TUR"
"113","4564",1,"TUR"
"303","4564",1,"TUR"
"1833","4564",1,"TUR"
"10","4565",1,"TUR"
"254","4565",1,"TUR"
"966","4565",1,"TUR"
"2730","4566",2,"TUR"
"3227","4566",2,"TUR"
"9","4567",1,"TUR"
"723","4567",1,"TUR"
"913","4567",1,"TUR"
"95","4568",1,"TUR"
"291","4568",1,"TUR"
"329","4568",1,"TUR"
"440","4568",1,"TUR"
"232","4569",1,"TUR"
"530","4569",1,"TUR"
"1145","4569",1,"TUR"
"8","4570",1,"TUR"
"255","4570",1,"TUR"
"852","4570",1,"TUR"
"2071","4570",1,"TUR"
"14","4571",1,"TUR"
"18","4571",1,"TUR"
"666","4571",1,"TUR"
"1672","4571",1,"TUR"
"3","4572",1,"TUR"
"839","4572",1,"TUR"
"1014","4572",1,"TUR"
"1271","4572",1,"TUR"
"767","4573",1,"TUR"
"1656","4573",1,"TUR"
"27","4574",1,"TUR"
"339","4574",1,"TUR"
"666","4574",1,"TUR"
"24","4575",1,"TUR"
"692","4575",1,"TUR"
"1178","4575",1,"TUR"
"1652","4575",1,"TUR"
"1","4576",1,"TUR"
"4","4576",1,"TUR"
"554","4576",1,"TUR"
"612","4576",1,"TUR"
"14","4577",1,"TUR"
"1","4578",1,"TUR"
"1976","4578",1,"TUR"
"2620","4578",1,"TUR"
"3188","4578",1,"TUR"
"4","4579",1,"TUR"
"172","4579",1,"TUR"
"467","4579",1,"TUR"
"2669","4579",1,"TUR"
"2","4580",1,"TUR"
"28","4580",1,"TUR"
"414","4580",1,"TUR"
"2","4581",1,"TUR"
"77","4581",1,"TUR"
"883","4581",1,"TUR"
"4","4582",1,"TUR"
"56","4582",1,"TUR"
"789","4582",1,"TUR"
"3004","4582",1,"TUR"
"2","4583",1,"TUR"
"415","4583",1,"TUR"
"689","4583",1,"TUR"
"3325","4583",1,"TUR"
"4","4584",1,"TUR"
"2543","4584",1,"TUR"
"3073","4584",1,"TUR"
"302","4585",1,"TUR"
"351","4585",1,"TUR"
"3663","4585",1,"TUR"
"45","4586",1,"TUR"
"64","4586",1,"TUR"
"85","4586",1,"TUR"
"1355","4586",1,"TUR"
"16","4587",1,"TUR"
"202","4587",1,"TUR"
"5","4588",1,"TUR"
"64","4588",1,"TUR"
"388","4588",1,"TUR"
"1668","4588",1,"TUR"
"14","4589",1,"TUR"
"53","4589",1,"TUR"
"1046","4589",1,"TUR"
"2513","4589",1,"TUR"
"36","4590",1,"TUR"
"746","4591",1,"TUR"
"780","4591",1,"TUR"
"1215","4591",1,"TUR"
"1839","4591",1,"TUR"
"1060","4592",2,"TUR"
"1756","4592",1,"TUR"
"5","4593",1,"TUR"
"29","4593",1,"TUR"
"3","4594",1,"TUR"
"75","4594",1,"TUR"
"84","4594",1,"TUR"
"3109","4594",1,"TUR"
"5","4595",1,"TUR"
"223","4595",1,"TUR"
"2675","4595",1,"TUR"
"3176","4595",1,"TUR"
"6","4596",1,"TUR"
"182","4596",1,"TUR"
"2399","4596",1,"TUR"
"4105","4596",1,"TUR"
"1","4597",1,"TUR"
"4","4597",1,"TUR"
"292","4598",1,"TUR"
"1525","4598",1,"TUR"
"3851","4598",1,"TUR"
"495","4599",1,"TUR"
"496","4599",1,"TUR"
"586","4599",1,"TUR"
"845","4599",1,"TUR"
"1","4600",1,"TUR"
"32","4600",1,"TUR"
"119","4600",1,"TUR"
"1036","4600",1,"TUR"
"348","4601",1,"TUR"
"456","4601",1,"TUR"
"697","4601",1,"TUR"
"764","4601",1,"TUR"
"456","4602",1,"TUR"
"1393","4602",1,"TUR"
"1927","4602",1,"TUR"
"984","4603",1,"TUR"
"1409","4603",1,"TUR"
"2035","4603",1,"TUR"
"3565","4603",1,"TUR"
"93","4604",1,"TUR"
"223","4604",1,"TUR"
"1481","4604",1,"TUR"
"178","4605",1,"TUR"
"680","4605",1,"TUR"
"765","4605",1,"TUR"
"6","4606",1,"TUR"
"25","4606",1,"TUR"
"141","4606",1,"TUR"
"72","4607",1,"TUR"
"88","4607",1,"TUR"
"279","4607",1,"TUR"
"700","4607",1,"TUR"
"90","4608",1,"TUR"
"132","4608",1,"TUR"
"356","4608",1,"TUR"
"349","4609",1,"TUR"
"1574","4609",1,"TUR"
"1958","4609",1,"TUR"
"2494","4609",1,"TUR"
"3","4610",1,"TUR"
"24","4610",2,"TUR"
"50","4610",1,"TUR"
"5","4611",1,"TUR"
"10","4611",1,"TUR"
"968","4611",1,"TUR"
"4","4612",1,"TUR"
"12","4612",1,"TUR"
"27","4612",1,"TUR"
"2084","4612",1,"TUR"
"197","4613",1,"TUR"
"1324","4613",1,"TUR"
"1828","4613",1,"TUR"
"14","4614",1,"TUR"
"15","4614",1,"TUR"
"72","4615",1,"TUR"
"4270","4615",1,"TUR"
"3","4616",1,"TUR"
"5","4616",1,"TUR"
"3601","4616",1,"TUR"
"42","4617",1,"TUR"
"238","4617",1,"TUR"
"1722","4617",1,"TUR"
"162","4618",1,"TUR"
"199","4618",1,"TUR"
"2683","4618",1,"TUR"
"4275","4618",1,"TUR"
"3","4619",1,"TUR"
"192","4619",1,"TUR"
"1779","4619",1,"TUR"
"2296","4619",1,"TUR"
"35","4620",1,"TUR"
"602","4620",1,"TUR"
"1667","4620",1,"TUR"
"1","4621",1,"TUR"
"688","4621",1,"TUR"
"1179","4621",1,"TUR"
"2561","4621",1,"TUR"
"137","4622",1,"TUR"
"587","4622",1,"TUR"
"1314","4622",1,"TUR"
"1399","4622",1,"TUR"
"2","4623",1,"TUR"
"507","4623",1,"TUR"
"1658","4623",1,"TUR"
"18","4624",1,"TUR"
"1354","4624",1,"TUR"
"1012","4625",1,"TUR"
"2144","4625",1,"TUR"
"2449","4625",1,"TUR"
"6","4626",1,"TUR"
"850","4626",1,"TUR"
"1283","4626",1,"TUR"
"4352","4626",1,"TUR"
"14","4627",2,"TUR"
"480","4627",1,"TUR"
"1","4628",1,"TUR"
"2563","4628",1,"TUR"
"3445","4628",1,"TUR"
"7","4629",1,"TUR"
"1022","4629",1,"TUR"
"1861","4629",1,"TUR"
"10","4630",2,"TUR"
"7","4631",1,"TUR"
"8","4631",1,"TUR"
"41","4631",1,"TUR"
"5","4633",1,"TUR"
"132","4633",1,"TUR"
"433","4633",1,"TUR"
"76","4634",1,"TUR"
"679","4634",1,"TUR"
"1211","4634",1,"TUR"
"4554","4634",1,"TUR"
"129","4635",1,"TUR"
"333","4635",1,"TUR"
"1000","4635",1,"TUR"
"316","4636",1,"TUR"
"396","4636",1,"TUR"
"1052","4636",1,"TUR"
"1357","4636",1,"TUR"
"1","4637",1,"TUR"
"828","4637",1,"TUR"
"1179","4637",1,"TUR"
"4131","4637",1,"TUR"
"14","4638",1,"TUR"
"826","4638",1,"TUR"
"1770","4638",1,"TUR"
"2244","4638",1,"TUR"
"1","4639",1,"TUR"
"725","4639",1,"TUR"
"850","4639",1,"TUR"
"24","4640",1,"TUR"
"46","4640",1,"TUR"
"512","4640",1,"TUR"
"906","4640",1,"TUR"
"487","4641",1,"TUR"
"906","4641",1,"TUR"
"84","4642",1,"TUR"
"2570","4642",1,"TUR"
"4074","4642",1,"TUR"
"834","4643",1,"TUR"
"1360","4643",1,"TUR"
"2627","4643",1,"TUR"
"4134","4643",1,"TUR"
"79","4644",1,"TUR"
"1874","4644",1,"TUR"
"4025","4644",1,"TUR"
"31","4645",1,"TUR"
"277","4645",1,"TUR"
"2230","4645",1,"TUR"
"2911","4645",1,"TUR"
"59","4646",1,"TUR"
"117","4646",1,"TUR"
"88","4647",1,"TUR"
"105","4647",1,"TUR"
"169","4647",1,"TUR"
"311","4647",1,"TUR"
"1","4648",1,"TUR"
"18","4648",1,"TUR"
"177","4648",1,"TUR"
"703","4648",1,"TUR"
"10","4649",1,"TUR"
"19","4649",1,"TUR"
"36","4649",1,"TUR"
"335","4649",1,"TUR"
"55","4650",2,"TUR"
"645","4650",1,"TUR"
"228","4651",1,"TUR"
"679","4651",1,"TUR"
"756","4651",1,"TUR"
"4","4652",1,"TUR"
"7","4652",1,"TUR"
"1778","4652",1,"TUR"
"20","4653",1,"TUR"
"882","4653",1,"TUR"
"3167","4653",1,"TUR"
"83","4654",1,"TUR"
"100","4654",1,"TUR"
"420","4654",1,"TUR"
"421","4654",1,"TUR"
"3","4655",1,"TUR"
"13","4655",1,"TUR"
"126","4655",1,"TUR"
"1323","4655",1,"TUR"
"59","4656",1,"TUR"
"491","4656",1,"TUR"
"582","4656",1,"TUR"
"700","4656",1,"TUR"
"6","4657",1,"TUR"
"13","4657",1,"TUR"
"101","4657",1,"TUR"
"1672","4657",1,"TUR"
"24","4658",2,"TUR"
"1120","4658",1,"TUR"
"35","4659",1,"TUR"
"120","4659",1,"TUR"
"284","4659",1,"TUR"
"861","4659",1,"TUR"
"174","4660",1,"TUR"
"867","4660",1,"TUR"
"20","4661",1,"TUR"
"37","4661",1,"TUR"
"257","4661",1,"TUR"
"217","4662",1,"TUR"
"3124","4662",1,"TUR"
"139","4663",1,"TUR"
"145","4663",1,"TUR"
"1595","4663",1,"TUR"
"4112","4663",1,"TUR"
"1","4664",1,"TUR"
"50","4664",1,"TUR"
"119","4664",1,"TUR"
"225","4664",1,"TUR"
"2","4665",1,"TUR"
"88","4665",1,"TUR"
"124","4665",1,"TUR"
"3038","4665",1,"TUR"
"469","4666",1,"TUR"
"513","4666",1,"TUR"
"1201","4667",1,"TUR"
"1763","4667",1,"TUR"
"306","4668",1,"TUR"
"1182","4668",1,"TUR"
"88","4669",1,"TUR"
"188","4669",1,"TUR"
"1342","4669",1,"TUR"
"35","4670",1,"TUR"
"126","4670",1,"TUR"
"845","4670",1,"TUR"
"2360","4670",1,"TUR"
"1","4671",1,"TUR"
"6","4671",1,"TUR"
"10","4671",1,"TUR"
"137","4672",1,"TUR"
"275","4672",1,"TUR"
"605","4672",1,"TUR"
"933","4673",1,"TUR"
"2060","4673",1,"TUR"
"13","4674",2,"TUR"
"278","4674",1,"TUR"
"283","4674",1,"TUR"
"19","4675",1,"TUR"
"61","4675",1,"TUR"
"1493","4675",1,"TUR"
"4251","4675",1,"TUR"
"1","4676",1,"TUR"
"556","4676",1,"TUR"
"1690","4676",1,"TUR"
"6","4677",1,"TUR"
"63","4677",1,"TUR"
"103","4677",1,"TUR"
"235","4678",1,"TUR"
"463","4678",1,"TUR"
"2214","4678",1,"TUR"
"2162","4679",1,"TUR"
"3437","4679",1,"TUR"
"2383","4680",1,"TUR"
"2437","4680",1,"TUR"
"44","4681",1,"TUR"
"588","4681",1,"TUR"
"2154","4681",1,"TUR"
"3125","4681",1,"TUR"
"7","4682",1,"TUR"
"10","4682",1,"TUR"
"141","4682",1,"TUR"
"773","4682",1,"TUR"
"2","4683",1,"TUR"
"10","4683",1,"TUR"
"919","4683",1,"TUR"
"2054","4684",1,"TUR"
"2658","4684",1,"TUR"
"1","4685",1,"TUR"
"95","4685",1,"TUR"
"1940","4685",1,"TUR"
"4278","4685",1,"TUR"
"41","4686",1,"TUR"
"411","4686",1,"TUR"
"1288","4686",1,"TUR"
"1648","4686",1,"TUR"
"86","4687",1,"TUR"
"866","4687",1,"TUR"
"157","4688",1,"TUR"
"690","4688",1,"TUR"
"4537","4688",1,"TUR"
"25","4689",1,"TUR"
"213","4689",1,"TUR"
"766","4689",1,"TUR"
"2","4690",1,"TUR"
"4426","4690",2,"TUR"
"256","4691",1,"TUR"
"287","4691",1,"TUR"
"6","4692",1,"TUR"
"25","4692",1,"TUR"
"1091","4692",1,"TUR"
"1797","4692",1,"TUR"
"18","4693",1,"TUR"
"1158","4693",1,"TUR"
"3409","4693",1,"TUR"
"11","4694",1,"TUR"
"18","4694",1,"TUR"
"50","4695",1,"TUR"
"1678","4695",1,"TUR"
"304","4696",1,"TUR"
"1521","4696",1,"TUR"
"1619","4696",1,"TUR"
"538","4697",1,"TUR"
"1127","4697",1,"TUR"
"1920","4697",1,"TUR"
"2851","4697",1,"TUR"
"811","4698",1,"TUR"
"2278","4698",1,"TUR"
"3034","4698",1,"TUR"
"72","4699",1,"TUR"
"218","4699",1,"TUR"
"904","4699",2,"TUR"
"809","4700",1,"TUR"
"2530","4700",1,"TUR"
"720","4701",1,"TUR"
"1494","4701",1,"TUR"
"1546","4701",1,"TUR"
"3939","4701",1,"TUR"
"1210","4702",1,"TUR"
"3686","4702",1,"TUR"
"5","4703",1,"TUR"
"39","4703",1,"TUR"
"247","4703",1,"TUR"
"340","4704",1,"TUR"
"1414","4704",1,"TUR"
"2070","4704",1,"TUR"
"1","4705",1,"TUR"
"597","4705",1,"TUR"
"148","4706",1,"TUR"
"225","4706",1,"TUR"
"1","4707",1,"TUR"
"8","4707",1,"TUR"
"56","4707",1,"TUR"
"516","4707",1,"TUR"
"13","4708",2,"TUR"
"1791","4708",1,"TUR"
"1949","4708",1,"TUR"
"962","4709",1,"TUR"
"1329","4709",1,"TUR"
"2675","4709",1,"TUR"
"17","4710",1,"TUR"
"48","4710",1,"TUR"
"412","4710",1,"TUR"
"944","4710",1,"TUR"
"3","4711",1,"TUR"
"11","4711",1,"TUR"
"103","4711",1,"TUR"
"646","4711",1,"TUR"
"152","4712",2,"TUR"
"549","4712",2,"TUR"
"2","4713",1,"TUR"
"3","4713",1,"TUR"
"160","4714",1,"TUR"
"561","4714",1,"TUR"
"344","4715",1,"TUR"
"697","4715",1,"TUR"
"2343","4715",1,"TUR"
"160","4716",1,"TUR"
"387","4716",1,"TUR"
"1115","4716",1,"TUR"
"2","4717",1,"TUR"
"4","4717",1,"TUR"
"1852","4717",1,"TUR"
"58","4718",1,"TUR"
"619","4718",1,"TUR"
"1088","4718",1,"TUR"
"1643","4718",1,"TUR"
"4","4719",1,"TUR"
"119","4719",1,"TUR"
"1852","4719",1,"TUR"
"46","4720",1,"TUR"
"136","4720",1,"TUR"
"885","4720",1,"TUR"
"1911","4720",1,"TUR"
"175","4721",1,"TUR"
"256","4721",1,"TUR"
"350","4721",1,"TUR"
"701","4721",1,"TUR"
"3","4722",2,"TUR"
"846","4722",2,"TUR"
"350","4723",1,"TUR"
"518","4723",1,"TUR"
"1308","4723",1,"TUR"
"1388","4723",1,"TUR"
"18","4724",1,"TUR"
"98","4724",1,"TUR"
"263","4724",1,"TUR"
"4159","4724",1,"TUR"
"708","4725",1,"TUR"
"2078","4725",1,"TUR"
"3438","4725",1,"TUR"
"1","4726",1,"TUR"
"3360","4726",1,"TUR"
"4542","4726",1,"TUR"
"16","4727",1,"TUR"
"1310","4727",1,"TUR"
"2304","4727",1,"TUR"
"938","4728",1,"TUR"
"3951","4728",1,"TUR"
"1","4729",1,"TUR"
"336","4729",1,"TUR"
"617","4729",1,"TUR"
"999","4729",1,"TUR"
"5","4730",2,"TUR"
"603","4730",1,"TUR"
"856","4730",1,"TUR"
"4","4731",1,"TUR"
"331","4731",1,"TUR"
"432","4731",1,"TUR"
"4658","4731",1,"TUR"
"10","4732",1,"TUR"
"228","4732",1,"TUR"
"500","4732",1,"TUR"
"137","4733",1,"TUR"
"327","4733",1,"TUR"
"820","4733",1,"TUR"
"738","4735",1,"TUR"
"1198","4735",1,"TUR"
"6","4736",1,"TUR"
"51","4736",1,"TUR"
"1302","4736",1,"TUR"
"2547","4736",1,"TUR"
"6","4737",1,"TUR"
"26","4737",1,"TUR"
"574","4737",1,"TUR"
"4725","4737",1,"TUR"
"872","4738",1,"TUR"
"3051","4738",1,"TUR"
"1","4739",1,"TUR"
"14","4739",1,"TUR"
"4034","4739",1,"TUR"
"35","4740",1,"TUR"
"83","4740",1,"TUR"
"2429","4740",1,"TUR"
"98","4741",1,"TUR"
"4577","4741",1,"TUR"
"22","4742",1,"TUR"
"70","4742",1,"TUR"
"1356","4742",1,"TUR"
"7","4743",1,"TUR"
"182","4743",1,"TUR"
"4238","4743",1,"TUR"
"240","4744",1,"TUR"
"381","4744",1,"TUR"
"1044","4744",1,"TUR"
"2416","4744",1,"TUR"
"129","4745",1,"TUR"
"431","4745",1,"TUR"
"448","4745",1,"TUR"
"2088","4745",1,"TUR"
"260","4746",1,"TUR"
"382","4746",1,"TUR"
"1252","4746",1,"TUR"
"3261","4746",1,"TUR"
"1","4747",2,"TUR"
"5","4747",1,"TUR"
"568","4747",1,"TUR"
"212","4748",1,"TUR"
"463","4748",1,"TUR"
"676","4748",1,"TUR"
"1376","4748",1,"TUR"
"668","4749",1,"TUR"
"803","4749",1,"TUR"
"815","4749",1,"TUR"
"3740","4749",1,"TUR"
"72","4750",1,"TUR"
"2229","4750",1,"TUR"
"2541","4750",1,"TUR"
"11","4751",1,"TUR"
"45","4751",1,"TUR"
"3958","4751",1,"TUR"
"2401","4752",1,"TUR"
"4456","4752",1,"TUR"
"1","4753",1,"TUR"
"3163","4753",1,"TUR"
"101","4754",1,"TUR"
"624","4754",1,"TUR"
"2891","4754",1,"TUR"
"92","4755",1,"TUR"
"263","4755",1,"TUR"
"485","4755",1,"TUR"
"298","4756",1,"TUR"
"2101","4756",1,"TUR"
"2267","4756",1,"TUR"
"569","4757",1,"TUR"
"988","4757",1,"TUR"
"2224","4757",1,"TUR"
"45","4758",1,"TUR"
"113","4758",1,"TUR"
"1872","4758",1,"TUR"
"3593","4758",1,"TUR"
"4","4759",1,"TUR"
"353","4759",1,"TUR"
"94","4760",1,"TUR"
"573","4760",1,"TUR"
"4248","4760",1,"TUR"
"4543","4760",1,"TUR"
"7","4761",2,"TUR"
"345","4761",1,"TUR"
"7","4762",1,"TUR"
"265","4762",1,"TUR"
"2733","4762",1,"TUR"
"3556","4762",1,"TUR"
"44","4763",1,"TUR"
"176","4763",1,"TUR"
"345","4763",1,"TUR"
"136","4764",1,"TUR"
"232","4764",1,"TUR"
"297","4764",1,"TUR"
"4092","4764",1,"TUR"
"108","4765",1,"TUR"
"109","4765",1,"TUR"
"2278","4765",1,"TUR"
"1","4766",2,"TUR"
"2316","4766",1,"TUR"
"45","4767",1,"TUR"
"985","4767",1,"TUR"
"2104","4767",1,"TUR"
"2700","4767",1,"TUR"
"45","4768",1,"TUR"
"189","4768",1,"TUR"
"1815","4768",1,"TUR"
"2493","4768",1,"TUR"
"892","4769",1,"TUR"
"1998","4769",1,"TUR"
"6","4770",1,"TUR"
"737","4770",1,"TUR"
"1455","4770",1,"TUR"
"4264","4770",1,"TUR"
"56","4771",1,"TUR"
"154","4771",1,"TUR"
"1478","4771",1,"TUR"
"1","4772",1,"TUR"
"8","4772",1,"TUR"
"271","4772",1,"TUR"
"18","4773",1,"TUR"
"62","4773",1,"TUR"
"1","4774",1,"TUR"
"138","4774",1,"TUR"
"3201","4774",1,"TUR"
"1","4775",1,"TUR"
"397","4775",1,"TUR"
"712","4776",1,"TUR"
"765","4776",1,"TUR"
"155","4777",1,"TUR"
"898","4777",1,"TUR"
"1448","4777",1,"TUR"
"1","4778",1,"TUR"
"213","4778",1,"TUR"
"1213","4778",1,"TUR"
"1","4779",1,"TUR"
"2","4779",1,"TUR"
"200","4779",1,"TUR"
"3032","4779",1,"TUR"
"474","4780",1,"TUR"
"1136","4780",2,"TUR"
"4329","4780",1,"TUR"
"1","4781",1,"TUR"
"1900","4781",1,"TUR"
"4187","4781",1,"TUR"
"1","4782",1,"TUR"
"6","4782",1,"TUR"
"170","4782",1,"TUR"
"3045","4782",1,"TUR"
"6","4783",1,"TUR"
"3971","4783",1,"TUR"
"4486","4783",1,"TUR"
"24","4784",1,"TUR"
"674","4784",1,"TUR"
"2957","4784",2,"TUR"
"182","4785",1,"TUR"
"432","4785",1,"TUR"
"2866","4785",1,"TUR"
"2","4786",1,"TUR"
"222","4786",1,"TUR"
"553","4786",1,"TUR"
"357","4787",1,"TUR"
"928","4787",1,"TUR"
"2446","4787",1,"TUR"
"8","4788",1,"TUR"
"468","4788",1,"TUR"
"630","4788",1,"TUR"
"2161","4788",1,"TUR"
"37","4789",1,"TUR"
"1784","4789",1,"TUR"
"2457","4789",1,"TUR"
"3372","4789",1,"TUR"
"2221","4790",1,"TUR"
"4611","4790",1,"TUR"
"1","4791",1,"TUR"
"235","4791",1,"TUR"
"1205","4791",1,"TUR"
"4537","4791",1,"TUR"
"2","4792",1,"TUR"
"6","4792",1,"TUR"
"30","4792",1,"TUR"
"1178","4792",1,"TUR"
"1","4793",1,"TUR"
"291","4793",1,"TUR"
"1299","4793",1,"TUR"
"220","4794",1,"TUR"
"283","4794",1,"TUR"
"451","4794",1,"TUR"
"2316","4794",1,"TUR"
"1","4795",1,"TUR"
"448","4795",1,"TUR"
"849","4795",1,"TUR"
"2103","4795",1,"TUR"
"468","4796",1,"TUR"
"1634","4796",1,"TUR"
"2113","4796",1,"TUR"
"7","4797",1,"TUR"
"76","4797",1,"TUR"
"170","4797",1,"TUR"
"4067","4797",1,"TUR"
"283","4798",1,"TUR"
"293","4798",1,"TUR"
"1744","4798",1,"TUR"
"381","4799",1,"TUR"
"1464","4799",1,"TUR"
"1","4800",1,"TUR"
"2","4800",1,"TUR"
"45","4801",1,"TUR"
"864","4801",1,"TUR"
"1025","4801",2,"TUR"
"4232","4802",2,"TUR"
"3","4803",1,"TUR"
"114","4803",1,"TUR"
"179","4803",1,"TUR"
"454","4803",1,"TUR"
"11","4804",1,"TUR"
"4804","4804",1,"TUR"
"408","4805",1,"TUR"
"409","4805",1,"TUR"
"473","4805",1,"TUR"
"584","4805",1,"TUR"
"75","4806",1,"TUR"
"735","4806",1,"TUR"
"3854","4806",1,"TUR"
"562","4807",1,"TUR"
"796","4807",1,"TUR"
"2478","4807",1,"TUR"
"20","4808",1,"TUR"
"536","4808",1,"TUR"
"856","4808",1,"TUR"
"2552","4808",1,"TUR"
"1","4809",1,"TUR"
"178","4809",1,"TUR"
"270","4809",1,"TUR"
"1150","4809",1,"TUR"
"1","4810",1,"TUR"
"4259","4810",1,"TUR"
"626","4811",1,"TUR"
"1015","4811",1,"TUR"
"3875","4811",1,"TUR"
"5","4812",1,"TUR"
"60","4812",1,"TUR"
"977","4812",1,"TUR"
"22","4813",1,"TUR"
"3606","4813",1,"TUR"
"453","4814",1,"TUR"
"785","4814",1,"TUR"
"2468","4814",1,"TUR"
"2558","4814",1,"TUR"
"5","4815",1,"TUR"
"49","4815",1,"TUR"
"1689","4815",1,"TUR"
"10","4816",1,"TUR"
"378","4816",1,"TUR"
"1","4817",1,"TUR"
"667","4817",1,"TUR"
"4694","4817",1,"TUR"
"184","4818",1,"TUR"
"1335","4818",1,"TUR"
"2038","4818",1,"TUR"
"2","4819",1,"TUR"
"37","4819",1,"TUR"
"148","4819",1,"TUR"
"863","4819",1,"TUR"
"8","4820",1,"TUR"
"289","4820",1,"TUR"
"4156","4820",1,"TUR"
"4184","4820",1,"TUR"
"16","4821",2,"TUR"
"2642","4821",1,"TUR"
"3963","4821",1,"TUR"
"15","4822",1,"TUR"
"154","4822",2,"TUR"
"1812","4822",1,"TUR"
"3","4823",1,"TUR"
"642","4823",1,"TUR"
"1943","4823",1,"TUR"
"2","4824",1,"TUR"
"16","4824",1,"TUR"
"1425","4824",1,"TUR"
"17","4825",1,"TUR"
"79","4825",1,"TUR"
"91","4825",1,"TUR"
"3344","4825",1,"TUR"
"91","4826",1,"TUR"
"652","4826",1,"TUR"
"841","4826",1,"TUR"
"3761","4826",1,"TUR"
"34","4827",1,"TUR"
"91","4827",2,"TUR"
"405","4827",1,"TUR"
"7","4828",1,"TUR"
"827","4828",1,"TUR"
"4269","4828",1,"TUR"
"4471","4828",1,"TUR"
"18","4829",1,"TUR"
"270","4829",1,"TUR"
"630","4829",1,"TUR"
"1","4830",1,"TUR"
"1665","4830",1,"TUR"
"3","4831",2,"TUR"
"34","4831",1,"TUR"
"2879","4831",1,"TUR"
"21","4832",1,"TUR"
"1381","4832",1,"TUR"
"1856","4832",1,"TUR"
"2282","4832",1,"TUR"
"23","4833",1,"TUR"
"186","4833",1,"TUR"
"567","4833",1,"TUR"
"49","4834",1,"TUR"
"190","4834",1,"TUR"
"640","4834",1,"TUR"
"1928","4834",1,"TUR"
"766","4835",1,"TUR"
"187","4836",1,"TUR"
"737","4836",1,"TUR"
"1039","4836",1,"TUR"
"8","4837",1,"TUR"
"163","4837",1,"TUR"
"395","4837",1,"TUR"
"20","4838",1,"TUR"
"911","4838",1,"TUR"
"1","4839",1,"TUR"
"56","4839",1,"TUR"
"83","4839",1,"TUR"
"174","4839",1,"TUR"
"1","4840",1,"TUR"
"6","4840",1,"TUR"
"7","4840",1,"TUR"
"71","4840",1,"TUR"
"64","4841",1,"TUR"
"153","4841",1,"TUR"
"930","4841",1,"TUR"
"1219","4841",1,"TUR"
"1334","4842",1,"TUR"
"4702","4842",1,"TUR"
"6","4843",1,"TUR"
"16","4843",1,"TUR"
"335","4843",1,"TUR"
"634","4843",1,"TUR"
"1","4844",1,"TUR"
"113","4844",1,"TUR"
"472","4844",1,"TUR"
"3416","4844",1,"TUR"
"49","4845",1,"TUR"
"245","4845",1,"TUR"
"879","4845",1,"TUR"
"3","4846",1,"TUR"
"56","4846",1,"TUR"
"455","4846",1,"TUR"
"1436","4846",1,"TUR"
"56","4847",1,"TUR"
"684","4847",1,"TUR"
"2032","4847",1,"TUR"
"58","4848",1,"TUR"
"119","4848",1,"TUR"
"4030","4848",1,"TUR"
"147","4849",1,"TUR"
"796","4849",1,"TUR"
"2438","4849",1,"TUR"
"3851","4849",1,"TUR"
"1","4850",1,"TUR"
"7","4850",1,"TUR"
"119","4850",1,"TUR"
"183","4851",1,"TUR"
"1078","4851",1,"TUR"
"1153","4851",1,"TUR"
"1909","4851",1,"TUR"
"36","4852",1,"TUR"
"581","4852",1,"TUR"
"836","4852",1,"TUR"
"14","4853",1,"TUR"
"974","4853",1,"TUR"
"2176","4853",1,"TUR"
"1","4854",1,"TUR"
"240","4854",1,"TUR"
"548","4854",1,"TUR"
"564","4854",1,"TUR"
"9","4855",1,"TUR"
"30","4855",1,"TUR"
"29","4856",1,"TUR"
"49","4856",1,"TUR"
"1797","4856",1,"TUR"
"1","4857",1,"TUR"
"3","4857",1,"TUR"
"88","4857",1,"TUR"
"4084","4857",1,"TUR"
"106","4858",1,"TUR"
"143","4858",1,"TUR"
"406","4858",1,"TUR"
"527","4859",1,"TUR"
"1058","4859",1,"TUR"
"1875","4859",1,"TUR"
"4561","4859",1,"TUR"
"2","4860",1,"TUR"
"602","4860",1,"TUR"
"1154","4861",1,"TUR"
"4861","4861",1,"TUR"
"1","4862",2,"TUR"
"15","4862",1,"TUR"
"33","4863",1,"TUR"
"59","4863",2,"TUR"
"130","4863",1,"TUR"
"17","4864",1,"TUR"
"98","4864",1,"TUR"
"76","4865",1,"TUR"
"400","4865",1,"TUR"
"589","4866",1,"TUR"
"2798","4866",1,"TUR"
"4324","4866",1,"TUR"
"4","4867",1,"TUR"
"357","4867",1,"TUR"
"1155","4867",1,"TUR"
"1287","4867",1,"TUR"
"211","4868",1,"TUR"
"2559","4868",1,"TUR"
"3758","4868",1,"TUR"
"495","4869",1,"TUR"
"1465","4869",1,"TUR"
"287","4870",1,"TUR"
"1496","4870",1,"TUR"
"3207","4870",1,"TUR"
"50","4871",1,"TUR"
"1124","4871",1,"TUR"
"1571","4871",1,"TUR"
"4842","4871",1,"TUR"
"1","4872",1,"TUR"
"393","4872",1,"TUR"
"1293","4872",1,"TUR"
"1465","4872",1,"TUR"
"173","4873",2,"TUR"
"2136","4874",1,"TUR"
"29","4875",1,"TUR"
"4351","4875",1,"TUR"
"263","4876",1,"TUR"
"439","4876",1,"TUR"
"963","4876",1,"TUR"
"1760","4876",1,"TUR"
"605","4877",1,"TUR"
"1679","4877",1,"TUR"
"4167","4877",1,"TUR"
"1398","4878",1,"TUR"
"1693","4878",1,"TUR"
"1936","4878",1,"TUR"
"445","4879",1,"TUR"
"3253","4879",1,"TUR"
"2","4880",1,"TUR"
"293","4880",1,"TUR"
"445","4880",1,"TUR"
"416","4881",1,"TUR"
"843","4881",2,"TUR"
"57","4882",1,"TUR"
"1905","4882",1,"TUR"
"61","4883",1,"TUR"
"781","4883",1,"TUR"
"1230","4883",1,"TUR"
"2435","4883",1,"TUR"
"1736","4885",1,"TUR"
"4055","4885",1,"TUR"
"216","4886",1,"TUR"
"2603","4886",1,"TUR"
"98","4887",1,"TUR"
"624","4887",1,"TUR"
"3932","4887",1,"TUR"
"4","4888",1,"TUR"
"19","4888",1,"TUR"
"388","4889",2,"TUR"
"2566","4889",1,"TUR"
"53","4890",1,"TUR"
"433","4890",1,"TUR"
"773","4891",1,"TUR"
"2734","4891",1,"TUR"
"4472","4891",1,"TUR"
"340","4892",1,"TUR"
"403","4892",1,"TUR"
"2906","4892",1,"TUR"
"1","4893",1,"TUR"
"1713","4893",2,"TUR"
"3172","4893",1,"TUR"
"113","4894",1,"TUR"
"304","4894",1,"TUR"
"4669","4894",1,"TUR"
"20","4895",1,"TUR"
"88","4895",1,"TUR"
"18","4896",1,"TUR"
"230","4896",1,"TUR"
"1215","4896",1,"TUR"
"10","4897",1,"TUR"
"70","4897",1,"TUR"
"100","4897",1,"TUR"
"480","4897",1,"TUR"
"46","4898",1,"TUR"
"1086","4898",1,"TUR"
"2217","4898",1,"TUR"
"2430","4898",1,"TUR"
"30","4899",1,"TUR"
"170","4899",1,"TUR"
"1649","4899",1,"TUR"
"4523","4899",1,"TUR"
"1","4900",2,"TUR"
"4","4900",1,"TUR"
"271","4900",1,"TUR"
"1458","4901",1,"TUR"
"1874","4901",1,"TUR"
"2","4902",1,"TUR"
"765","4902",1,"TUR"
"1432","4902",1,"TUR"
"3446","4902",1,"TUR"
"1","4903",1,"TUR"
"93","4903",1,"TUR"
"357","4903",1,"TUR"
"971","4903",1,"TUR"
"302","4904",1,"TUR"
"378","4904",1,"TUR"
"415","4904",1,"TUR"
"4185","4904",1,"TUR"
"675","4905",2,"TUR"
"856","4905",1,"TUR"
"253","4906",1,"TUR"
"3588","4906",1,"TUR"
"4","4907",1,"TUR"
"106","4907",1,"TUR"
"1197","4907",1,"TUR"
"2633","4907",1,"TUR"
"642","4908",1,"TUR"
"2622","4908",1,"TUR"
"26","4909",1,"TUR"
"642","4909",1,"TUR"
"723","4909",1,"TUR"
"2513","4909",1,"TUR"
"928","4910",1,"TUR"
"3582","4910",1,"TUR"
"4484","4910",1,"TUR"
"3184","4911",1,"TUR"
"4018","4911",1,"TUR"
"101","4912",1,"TUR"
"102","4912",1,"TUR"
"855","4912",1,"TUR"
"1951","4912",1,"TUR"
"408","4913",1,"TUR"
"1687","4913",1,"TUR"
"2","4914",1,"TUR"
"1493","4914",1,"TUR"
"4280","4914",1,"TUR"
"9","4915",1,"TUR"
"1179","4915",1,"TUR"
"1485","4915",1,"TUR"
"4170","4915",1,"TUR"
"1","4916",1,"TUR"
"98","4916",1,"TUR"
"180","4916",2,"TUR"
"100","4917",1,"TUR"
"180","4917",1,"TUR"
"3267","4917",1,"TUR"
"180","4918",1,"TUR"
"326","4918",1,"TUR"
"523","4918",1,"TUR"
"529","4918",1,"TUR"
"1","4919",1,"TUR"
"10","4919",1,"TUR"
"1957","4919",1,"TUR"
"2913","4919",1,"TUR"
"202","4920",1,"TUR"
"289","4920",1,"TUR"
"623","4920",1,"TUR"
"3613","4920",1,"TUR"
"45","4921",1,"TUR"
"58","4921",1,"TUR"
"433","4921",1,"TUR"
"1030","4921",1,"TUR"
"7","4922",1,"TUR"
"92","4922",1,"TUR"
"4268","4922",1,"TUR"
"32","4923",1,"TUR"
"1381","4923",1,"TUR"
"2","4924",1,"TUR"
"64","4924",1,"TUR"
"699","4924",1,"TUR"
"32","4925",2,"TUR"
"95","4925",1,"TUR"
"692","4926",1,"TUR"
"727","4926",1,"TUR"
"909","4926",1,"TUR"
"1044","4926",1,"TUR"
"660","4927",1,"TUR"
"1198","4927",1,"TUR"
"50","4928",1,"TUR"
"506","4928",1,"TUR"
"3413","4928",1,"TUR"
"3697","4928",1,"TUR"
"626","4929",1,"TUR"
"998","4929",1,"TUR"
"1182","4929",1,"TUR"
"1","4930",2,"TUR"
"45","4930",1,"TUR"
"36","4931",1,"TUR"
"350","4931",1,"TUR"
"1905","4931",1,"TUR"
"1","4932",1,"TUR"
"185","4932",1,"TUR"
"4451","4932",1,"TUR"
"2","4933",1,"TUR"
"31","4933",1,"TUR"
"274","4933",1,"TUR"
"3507","4933",1,"TUR"
"24","4934",1,"TUR"
"1013","4934",1,"TUR"
"1074","4934",1,"TUR"
"7","4935",1,"TUR"
"14","4935",1,"TUR"
"565","4935",1,"TUR"
"215","4936",1,"TUR"
"3467","4936",1,"TUR"
"4713","4936",1,"TUR"
"132","4937",1,"TUR"
"227","4937",1,"TUR"
"319","4937",1,"TUR"
"1171","4937",1,"TUR"
"1","4938",1,"TUR"
"19","4938",1,"TUR"
"2814","4938",1,"TUR"
"3483","4938",1,"TUR"
"1","4939",1,"TUR"
"49","4939",1,"TUR"
"601","4939",1,"TUR"
"1141","4939",1,"TUR"
"7","4940",1,"TUR"
"48","4940",1,"TUR"
"498","4940",1,"TUR"
"3961","4940",1,"TUR"
"967","4941",1,"TUR"
"1676","4941",2,"TUR"
"770","4942",1,"TUR"
"2077","4942",1,"TUR"
"3229","4942",1,"TUR"
"4","4943",1,"TUR"
"12","4943",1,"TUR"
"71","4943",1,"TUR"
"142","4944",1,"TUR"
"4944","4944",1,"TUR"
"30","4945",1,"TUR"
"81","4945",1,"TUR"
"266","4945",1,"TUR"
"721","4945",1,"TUR"
"64","4946",1,"TUR"
"1213","4946",1,"TUR"
"1246","4946",1,"TUR"
"4807","4946",1,"TUR"
"1","4947",1,"TUR"
"4","4947",1,"TUR"
"380","4947",1,"TUR"
"1278","4947",1,"TUR"
"1","4948",1,"TUR"
"85","4948",1,"TUR"
"263","4948",1,"TUR"
"1836","4948",1,"TUR"
"3","4949",1,"TUR"
"51","4949",1,"TUR"
"169","4949",1,"TUR"
"809","4949",1,"TUR"
"34","4950",1,"TUR"
"874","4950",1,"TUR"
"1728","4951",1,"TUR"
"1873","4951",1,"TUR"
"3871","4951",1,"TUR"
"3931","4951",1,"TUR"
"5","4952",1,"TUR"
"336","4952",1,"TUR"
"687","4952",1,"TUR"
"744","4952",1,"TUR"
"556","4953",1,"TUR"
"3046","4953",1,"TUR"
"3757","4953",1,"TUR"
"1","4954",1,"TUR"
"112","4954",1,"TUR"
"406","4954",1,"TUR"
"890","4955",1,"TUR"
"2567","4955",1,"TUR"
"645","4956",1,"TUR"
"1316","4956",1,"TUR"
"2648","4956",1,"TUR"
"433","4957",1,"TUR"
"1814","4957",1,"TUR"
"4026","4957",1,"TUR"
"463","4958",1,"TUR"
"642","4958",1,"TUR"
"3611","4958",1,"TUR"
"417","4959",1,"TUR"
"826","4959",1,"TUR"
"1639","4959",1,"TUR"
"190","4960",1,"TUR"
"311","4960",1,"TUR"
"96","4961",1,"TUR"
"690","4961",1,"TUR"
"23","4962",1,"TUR"
"2470","4962",1,"TUR"
"2905","4962",1,"TUR"
"1","4963",1,"TUR"
"6","4963",1,"TUR"
"385","4963",1,"TUR"
"454","4963",1,"TUR"
"1","4964",1,"TUR"
"1016","4964",1,"TUR"
"564","4965",1,"TUR"
"3950","4965",1,"TUR"
"12","4966",1,"TUR"
"16","4966",1,"TUR"
"90","4966",1,"TUR"
"93","4967",1,"TUR"
"1234","4967",1,"TUR"
"1749","4967",1,"TUR"
"2310","4967",1,"TUR"
"1","4968",2,"TUR"
"1927","4968",1,"TUR"
"1942","4968",1,"TUR"
"16","4969",1,"TUR"
"1952","4969",1,"TUR"
"2771","4969",1,"TUR"
"67","4970",1,"TUR"
"75","4970",1,"TUR"
"101","4970",1,"TUR"
"2297","4970",1,"TUR"
"1","4971",1,"TUR"
"356","4971",1,"TUR"
"439","4971",1,"TUR"
"63","4972",1,"TUR"
"2952","4972",1,"TUR"
"67","4973",1,"TUR"
"179","4973",1,"TUR"
"362","4973",1,"TUR"
"1","4974",1,"TUR"
"4878","4974",1,"TUR"
"547","4975",1,"TUR"
"557","4975",1,"TUR"
"613","4975",1,"TUR"
"4256","4975",1,"TUR"
"343","4976",1,"TUR"
"2375","4976",1,"TUR"
"1","4977",1,"TUR"
"994","4977",2,"TUR"
"4179","4977",1,"TUR"
"1","4978",1,"TUR"
"104","4978",1,"TUR"
"50","4979",1,"TUR"
"59","4979",1,"TUR"
"611","4979",1,"TUR"
"4373","4979",1,"TUR"
"1","4980",1,"TUR"
"154","4980",1,"TUR"
"660","4980",1,"TUR"
"2310","4980",1,"TUR"
"3","4981",1,"TUR"
"396","4981",1,"TUR"
"1054","4981",1,"TUR"
"23","4982",2,"TUR"
"22","4983",1,"TUR"
"63","4983",1,"TUR"
"322","4983",1,"TUR"
"5","4984",1,"TUR"
"583","4984",1,"TUR"
"605","4984",1,"TUR"
"252","4985",1,"TUR"
"254","4985",1,"TUR"
"1885","4985",1,"TUR"
"3830","4985",1,"TUR"
"2","4986",1,"TUR"
"380","4986",1,"TUR"
"829","4986",1,"TUR"
"1059","4986",1,"TUR"
"1","4987",1,"TUR"
"301","4987",1,"TUR"
"1160","4987",1,"TUR"
"3608","4987",1,"TUR"
"1","4988",1,"TUR"
"765","4988",1,"TUR"
"833","4988",1,"TUR"
"4175","4988",1,"TUR"
"3","4989",1,"TUR"
"821","4989",1,"TUR"
"1081","4989",1,"TUR"
"3","4990",1,"TUR"
"26","4990",1,"TUR"
"3548","4990",1,"TUR"
"21","4991",1,"TUR"
"22","4991",1,"TUR"
"1614","4991",1,"TUR"
"2532","4992",1,"TUR"
"2571","4992",1,"TUR"
"63","4993",1,"TUR"
"91","4993",1,"TUR"
"776","4993",1,"TUR"
"144","4994",1,"TUR"
"180","4994",1,"TUR"
"341","4994",1,"TUR"
"2331","4995",1,"TUR"
"2974","4995",1,"TUR"
"57","4996",1,"TUR"
"852","4996",1,"TUR"
"1010","4996",1,"TUR"
"3846","4996",1,"TUR"
"57","4997",1,"TUR"
"173","4997",1,"TUR"
"776","4997",1,"TUR"
"1525","4997",1,"TUR"
"51","4998",1,"TUR"
"124","4998",1,"TUR"
"163","4998",1,"TUR"
"1525","4998",1,"TUR"
"124","4999",1,"TUR"
"1750","4999",1,"TUR"
"14","5000",1,"TUR"
"124","5000",2,"TUR"
"3","5001",1,"TUR"
"877","5001",1,"TUR"
"2124","5001",1,"TUR"
"2714","5001",1,"TUR"
"93","5002",1,"TUR"
"1184","5002",1,"TUR"
"124","5003",1,"TUR"
"2122","5003",1,"TUR"
"38","5004",1,"TUR"
"421","5004",1,"TUR"
"1269","5004",1,"TUR"
"2464","5004",1,"TUR"
"181","5005",1,"TUR"
"687","5005",1,"TUR"
"717","5005",1,"TUR"
"1","5006",1,"TUR"
"7","5006",1,"TUR"
"25","5006",1,"TUR"
"308","5007",1,"TUR"
"4490","5007",1,"TUR"
"471","5008",1,"TUR"
"617","5008",1,"TUR"
"1099","5008",1,"TUR"
"2471","5008",1,"TUR"
"34","5009",1,"TUR"
"958","5009",2,"TUR"
"5","5010",1,"TUR"
"9","5010",1,"TUR"
"196","5010",1,"TUR"
"875","5010",1,"TUR"
"1","5011",1,"TUR"
"3","5011",1,"TUR"
"196","5011",1,"TUR"
"2136","5011",1,"TUR"
"2166","5012",2,"TUR"
"4","5013",1,"TUR"
"7","5013",1,"TUR"
"239","5013",1,"TUR"
"94","5014",1,"TUR"
"1005","5014",1,"TUR"
"2764","5014",1,"TUR"
"11","5015",1,"TUR"
"144","5015",1,"TUR"
"5","5016",1,"TUR"
"7","5016",1,"TUR"
"5016","5016",1,"TUR"
"1200","5017",2,"TUR"
"183","5018",1,"TUR"
"1200","5018",2,"TUR"
"2961","5018",1,"TUR"
"36","5019",1,"TUR"
"70","5019",1,"TUR"
"596","5019",1,"TUR"
"236","5020",1,"TUR"
"362","5020",1,"TUR"
"506","5020",1,"TUR"
"1540","5020",1,"TUR"
"7","5021",1,"TUR"
"340","5021",1,"TUR"
"1289","5021",1,"TUR"
"1719","5021",1,"TUR"
"3","5022",1,"TUR"
"3371","5022",1,"TUR"
"62","5023",1,"TUR"
"88","5023",1,"TUR"
"2064","5023",1,"TUR"
"2227","5023",1,"TUR"
"1","5024",1,"TUR"
"453","5024",1,"TUR"
"898","5024",1,"TUR"
"977","5024",1,"TUR"
"719","5025",1,"TUR"
"761","5025",1,"TUR"
"888","5025",1,"TUR"
"3868","5025",1,"TUR"
"3","5026",1,"TUR"
"83","5026",2,"TUR"
"2131","5026",1,"TUR"
"1083","5027",1,"TUR"
"4189","5027",2,"TUR"
"19","5028",1,"TUR"
"397","5028",1,"TUR"
"630","5028",1,"TUR"
"1597","5028",1,"TUR"
"7","5029",1,"TUR"
"134","5029",1,"TUR"
"1093","5029",1,"TUR"
"2321","5029",1,"TUR"
"50","5030",1,"TUR"
"4862","5030",1,"TUR"
"1","5031",2,"TUR"
"752","5031",1,"TUR"
"1924","5031",1,"TUR"
"41","5032",1,"TUR"
"295","5032",1,"TUR"
"316","5032",1,"TUR"
"3866","5032",1,"TUR"
"14","5033",1,"TUR"
"895","5033",2,"TUR"
"3058","5033",1,"TUR"
"526","5034",1,"TUR"
"2325","5034",1,"TUR"
"153","5035",1,"TUR"
"3969","5035",1,"TUR"
"4336","5035",1,"TUR"
"26","5036",1,"TUR"
"168","5036",1,"TUR"
"12","5037",1,"TUR"
"2384","5037",1,"TUR"
"1","5038",1,"TUR"
"1312","5038",1,"TUR"
"3723","5038",1,"TUR"
"1025","5039",2,"TUR"
"1309","5039",1,"TUR"
"232","5040",1,"TUR"
"1748","5040",1,"TUR"
"4411","5040",2,"TUR"
"86","5041",1,"TUR"
"116","5041",1,"TUR"
"1704","5041",1,"TUR"
"1840","5041",1,"TUR"
"156","5042",1,"TUR"
"1182","5042",1,"TUR"
"1210","5042",1,"TUR"
"3791","5042",1,"TUR"
"14","5043",1,"TUR"
"58","5043",1,"TUR"
"101","5043",1,"TUR"
"53","5044",1,"TUR"
"57","5044",1,"TUR"
"283","5044",2,"TUR"
"12","5045",1,"TUR"
"1344","5045",2,"TUR"
"4","5046",1,"TUR"
"11","5046",1,"TUR"
"126","5046",1,"TUR"
"2977","5046",1,"TUR"
"62","5047",1,"TUR"
"2301","5047",1,"TUR"
"2499","5047",1,"TUR"
"4393","5047",1,"TUR"
"261","5048",1,"TUR"
"510","5048",1,"TUR"
"828","5048",1,"TUR"
"2","5049",1,"TUR"
"602","5049",1,"TUR"
"782","5049",1,"TUR"
"849","5049",1,"TUR"
"1","5050",1,"TUR"
"1279","5050",1,"TUR"
"2308","5050",1,"TUR"
"20","5051",1,"TUR"
"315","5051",1,"TUR"
"174","5052",1,"TUR"
"187","5052",1,"TUR"
"196","5052",1,"TUR"
"3411","5052",1,"TUR"
"11","5053",1,"TUR"
"25","5053",1,"TUR"
"3959","5053",1,"TUR"
"523","5054",1,"TUR"
"1144","5054",1,"TUR"
"1965","5054",1,"TUR"
"191","5055",1,"TUR"
"279","5055",1,"TUR"
"1367","5055",1,"TUR"
"581","5056",1,"TUR"
"2284","5056",1,"TUR"
"2964","5056",1,"TUR"
"3156","5056",1,"TUR"
"2","5057",1,"TUR"
"321","5057",1,"TUR"
"752","5057",1,"TUR"
"42","5058",1,"TUR"
"113","5058",1,"TUR"
"130","5058",1,"TUR"
"162","5058",1,"TUR"
"7","5059",1,"TUR"
"14","5059",1,"TUR"
"558","5059",1,"TUR"
"3","5060",1,"TUR"
"266","5060",1,"TUR"
"489","5060",1,"TUR"
"3193","5060",1,"TUR"
"582","5061",1,"TUR"
"853","5061",1,"TUR"
"1159","5061",1,"TUR"
"4135","5061",1,"TUR"
"3","5062",1,"TUR"
"3249","5062",1,"TUR"
"4329","5062",1,"TUR"
"128","5063",1,"TUR"
"511","5063",1,"TUR"
"1031","5063",1,"TUR"
"4646","5063",1,"TUR"
"687","5064",1,"TUR"
"2061","5064",1,"TUR"
"42","5065",2,"TUR"
"81","5065",1,"TUR"
"2","5066",1,"TUR"
"10","5066",1,"TUR"
"45","5067",1,"TUR"
"82","5067",1,"TUR"
"106","5067",1,"TUR"
"143","5067",1,"TUR"
"52","5068",1,"TUR"
"256","5068",1,"TUR"
"605","5068",1,"TUR"
"57","5069",1,"TUR"
"82","5069",1,"TUR"
"3244","5069",1,"TUR"
"1","5070",1,"TUR"
"142","5070",1,"TUR"
"760","5070",1,"TUR"
"1501","5070",1,"TUR"
"557","5071",1,"TUR"
"1225","5071",1,"TUR"
"4449","5071",1,"TUR"
"4491","5071",1,"TUR"
"1","5072",1,"TUR"
"95","5072",1,"TUR"
"187","5072",1,"TUR"
"1069","5072",1,"TUR"
"420","5073",1,"TUR"
"2364","5073",1,"TUR"
"2660","5073",1,"TUR"
"2773","5073",1,"TUR"
"1","5074",1,"TUR"
"111","5074",1,"TUR"
"581","5074",1,"TUR"
"12","5075",1,"TUR"
"1797","5075",1,"TUR"
"2619","5075",1,"TUR"
"10","5076",1,"TUR"
"42","5076",1,"TUR"
"1181","5076",1,"TUR"
"3753","5076",1,"TUR"
"11","5077",2,"TUR"
"770","5077",1,"TUR"
"2716","5077",1,"TUR"
"137","5078",1,"TUR"
"1260","5078",1,"TUR"
"16","5079",1,"TUR"
"1711","5079",1,"TUR"
"3824","5079",1,"TUR"
"119","5080",1,"TUR"
"437","5080",1,"TUR"
"239","5081",1,"TUR"
"1058","5081",1,"TUR"
"3","5082",1,"TUR"
"34","5082",1,"TUR"
"239","5082",1,"TUR"
"361","5082",1,"TUR"
"499","5083",1,"TUR"
"401","5084",1,"TUR"
"935","5084",1,"TUR"
"1528","5084",1,"TUR"
"2489","5084",1,"TUR"
"116","5085",1,"TUR"
"242","5085",1,"TUR"
"550","5085",1,"TUR"
"2221","5085",1,"TUR"
"52","5086",1,"TUR"
"338","5086",1,"TUR"
"545","5087",1,"TUR"
"2434","5087",1,"TUR"
"4365","5087",1,"TUR"
"87","5088",2,"TUR"
"976","5088",2,"TUR"
"458","5089",2,"TUR"
"3196","5089",1,"TUR"
"4","5090",1,"TUR"
"30","5090",1,"TUR"
"214","5090",1,"TUR"
"451","5090",1,"TUR"
"33","5091",1,"TUR"
"383","5091",1,"TUR"
"639","5091",1,"TUR"
"4235","5091",1,"TUR"
"1","5092",1,"TUR"
"599","5092",1,"TUR"
"752","5092",1,"TUR"
"1609","5092",1,"TUR"
"106","5093",1,"TUR"
"219","5093",1,"TUR"
"1276","5093",1,"TUR"
"521","5094",1,"TUR"
"1011","5094",1,"TUR"
"2192","5094",1,"TUR"
"10","5095",1,"TUR"
"209","5095",1,"TUR"
"526","5095",1,"TUR"
"3209","5095",1,"TUR"
"1135","5096",1,"TUR"
"4245","5096",1,"TUR"
"1","5097",1,"TUR"
"846","5097",1,"TUR"
"3","5098",1,"TUR"
"11","5098",1,"TUR"
"21","5099",1,"TUR"
"163","5099",1,"TUR"
"288","5099",1,"TUR"
"939","5100",1,"TUR"
"1854","5100",1,"TUR"
"4837","5100",1,"TUR"
"36","5101",1,"TUR"
"53","5101",1,"TUR"
"945","5101",1,"TUR"
"6","5102",1,"TUR"
"56","5102",1,"TUR"
"409","5102",1,"TUR"
"1","5103",1,"TUR"
"39","5103",1,"TUR"
"305","5103",1,"TUR"
"1192","5103",1,"TUR"
"671","5104",1,"TUR"
"958","5104",1,"TUR"
"3144","5104",1,"TUR"
"23","5105",1,"TUR"
"1134","5105",1,"TUR"
"2259","5105",1,"TUR"
"868","5106",1,"TUR"
"1988","5106",1,"TUR"
"1","5107",1,"TUR"
"636","5107",1,"TUR"
"1417","5107",1,"TUR"
"1774","5107",1,"TUR"
"1","5108",1,"TUR"
"2","5108",1,"TUR"
"4","5108",1,"TUR"
"685","5108",1,"TUR"
"1","5109",1,"TUR"
"11","5109",1,"TUR"
"2438","5109",1,"TUR"
"1","5110",2,"TUR"
"3879","5110",1,"TUR"
"1","5111",1,"TUR"
"12","5111",1,"TUR"
"16","5111",1,"TUR"
"43","5111",1,"TUR"
"132","5112",1,"TUR"
"219","5112",1,"TUR"
"695","5112",1,"TUR"
"3943","5112",1,"TUR"
"1457","5113",1,"TUR"
"1518","5113",1,"TUR"
"1547","5113",1,"TUR"
"71","5114",1,"TUR"
"484","5114",1,"TUR"
"45","5115",1,"TUR"
"48","5115",1,"TUR"
"146","5115",1,"TUR"
"3121","5115",1,"TUR"
"356","5116",1,"TUR"
"2158","5116",1,"TUR"
"2839","5116",1,"TUR"
"4272","5116",1,"TUR"
"10","5117",1,"TUR"
"64","5117",1,"TUR"
"985","5117",1,"TUR"
"2149","5117",1,"TUR"
"11","5118",1,"TUR"
"433","5118",1,"TUR"
"1726","5118",1,"TUR"
"885","5119",1,"TUR"
"1267","5119",1,"TUR"
"2538","5119",1,"TUR"
"4093","5119",1,"TUR"
"24","5120",1,"TUR"
"61","5120",1,"TUR"
"363","5120",1,"TUR"
"53","5121",1,"TUR"
"1101","5121",1,"TUR"
"2120","5121",1,"TUR"
"10","5122",1,"TUR"
"832","5122",1,"TUR"
"3710","5122",1,"TUR"
"46","5123",1,"TUR"
"595","5123",1,"TUR"
"1699","5123",1,"TUR"
"245","5124",1,"TUR"
"362","5124",1,"TUR"
"575","5124",1,"TUR"
"5","5125",1,"TUR"
"206","5125",1,"TUR"
"345","5125",1,"TUR"
"76","5126",1,"TUR"
"455","5126",1,"TUR"
"5126","5126",1,"TUR"
"5","5127",1,"TUR"
"60","5127",1,"TUR"
"2494","5127",1,"TUR"
"4705","5127",1,"TUR"
"5","5128",1,"TUR"
"163","5128",1,"TUR"
"243","5128",1,"TUR"
"2523","5128",1,"TUR"
"3249","5129",1,"TUR"
"4847","5129",1,"TUR"
"4950","5129",1,"TUR"
"4955","5129",1,"TUR"
"1066","5130",1,"TUR"
"3251","5130",1,"TUR"
"275","5131",2,"TUR"
"61","5132",1,"TUR"
"161","5132",1,"TUR"
"303","5132",2,"TUR"
"103","5133",2,"TUR"
"275","5133",1,"TUR"
"483","5134",1,"TUR"
"1758","5134",2,"TUR"
"43","5135",1,"TUR"
"1024","5135",1,"TUR"
"27","5136",1,"TUR"
"3919","5136",1,"TUR"
"1","5137",1,"TUR"
"1527","5137",1,"TUR"
"182","5138",1,"TUR"
"188","5138",1,"TUR"
"1682","5138",1,"TUR"
"10","5139",1,"TUR"
"2053","5139",1,"TUR"
"2946","5139",1,"TUR"
"3380","5139",1,"TUR"
"1","5140",1,"TUR"
"471","5140",1,"TUR"
"995","5140",1,"TUR"
"2315","5140",1,"TUR"
"9","5141",1,"TUR"
"923","5141",1,"TUR"
"209","5142",1,"TUR"
"1585","5142",1,"TUR"
"5142","5142",1,"TUR"
"1","5143",1,"TUR"
"5","5143",1,"TUR"
"605","5143",1,"TUR"
"3042","5143",1,"TUR"
"17","5144",1,"TUR"
"27","5144",1,"TUR"
"473","5144",1,"TUR"
"2044","5144",1,"TUR"
"1","5145",1,"TUR"
"247","5145",1,"TUR"
"1695","5145",1,"TUR"
"1","5146",1,"TUR"
"22","5146",1,"TUR"
"570","5146",1,"TUR"
"2464","5146",1,"TUR"
"1","5147",2,"TUR"
"1344","5147",2,"TUR"
"242","5148",1,"TUR"
"421","5148",1,"TUR"
"939","5148",1,"TUR"
"1093","5148",1,"TUR"
"3","5149",1,"TUR"
"5","5149",1,"TUR"
"2498","5149",1,"TUR"
"52","5150",1,"TUR"
"1382","5150",1,"TUR"
"34","5151",1,"TUR"
"246","5151",1,"TUR"
"632","5151",1,"TUR"
"129","5152",1,"TUR"
"835","5152",1,"TUR"
"3095","5152",1,"TUR"
"5","5153",1,"TUR"
"76","5153",1,"TUR"
"4269","5153",1,"TUR"
"25","5154",1,"TUR"
"45","5154",1,"TUR"
"2851","5154",1,"TUR"
"2975","5154",1,"TUR"
"76","5155",1,"TUR"
"480","5155",1,"TUR"
"1","5156",1,"TUR"
"792","5156",1,"TUR"
"7","5157",1,"TUR"
"25","5157",1,"TUR"
"90","5157",1,"TUR"
"82","5159",1,"TUR"
"969","5159",1,"TUR"
"88","5160",1,"TUR"
"229","5160",1,"TUR"
"4","5161",1,"TUR"
"11","5161",1,"TUR"
"38","5161",1,"TUR"
"349","5161",1,"TUR"
"3","5162",1,"TUR"
"1355","5162",1,"TUR"
"3268","5162",1,"TUR"
"163","5163",1,"TUR"
"372","5163",1,"TUR"
"1744","5163",1,"TUR"
"84","5164",1,"TUR"
"232","5164",1,"TUR"
"505","5164",1,"TUR"
"69","5165",2,"TUR"
"1171","5165",1,"TUR"
"2767","5165",1,"TUR"
"18","5166",1,"TUR"
"38","5166",2,"TUR"
"1002","5166",1,"TUR"
"246","5167",1,"TUR"
"1146","5167",1,"TUR"
"124","5168",1,"TUR"
"597","5168",1,"TUR"
"959","5168",1,"TUR"
"29","5169",1,"TUR"
"293","5169",1,"TUR"
"982","5169",1,"TUR"
"3978","5169",1,"TUR"
"95","5170",1,"TUR"
"108","5170",1,"TUR"
"30","5171",1,"TUR"
"2614","5171",1,"TUR"
"2996","5171",1,"TUR"
"43","5172",1,"TUR"
"1503","5172",1,"TUR"
"1848","5172",1,"TUR"
"4405","5172",1,"TUR"
"5","5173",1,"TUR"
"351","5173",1,"TUR"
"1487","5173",1,"TUR"
"4274","5173",1,"TUR"
"67","5174",1,"TUR"
"2146","5174",1,"TUR"
"3798","5174",1,"TUR"
"134","5175",1,"TUR"
"1204","5175",1,"TUR"
"2213","5175",1,"TUR"
"4756","5175",1,"TUR"
"535","5176",1,"TUR"
"1189","5176",1,"TUR"
"1754","5176",1,"TUR"
"2356","5176",1,"TUR"
"22","5177",1,"TUR"
"47","5177",2,"TUR"
"268","5177",1,"TUR"
"341","5178",1,"TUR"
"622","5178",1,"TUR"
"2261","5178",1,"TUR"
"3155","5178",1,"TUR"
"43","5179",1,"TUR"
"304","5179",1,"TUR"
"2324","5179",1,"TUR"
"2343","5179",1,"TUR"
"9","5180",1,"TUR"
"45","5180",1,"TUR"
"2571","5180",1,"TUR"
"3010","5180",1,"TUR"
"10","5181",1,"TUR"
"1072","5181",1,"TUR"
"153","5182",1,"TUR"
"433","5182",1,"TUR"
"50","5183",1,"TUR"
"707","5183",1,"TUR"
"2270","5183",1,"TUR"
"3253","5183",1,"TUR"
"1411","5184",1,"TUR"
"1438","5184",1,"TUR"
"3070","5184",1,"TUR"
"3803","5184",1,"TUR"
"10","5185",1,"TUR"
"818","5185",1,"TUR"
"1501","5185",1,"TUR"
"4121","5185",1,"TUR"
"7","5186",1,"TUR"
"18","5186",1,"TUR"
"33","5186",1,"TUR"
"1123","5186",1,"TUR"
"57","5187",1,"TUR"
"67","5187",1,"TUR"
"3040","5187",1,"TUR"
"379","5188",1,"TUR"
"2204","5188",1,"TUR"
"3976","5188",1,"TUR"
"14","5189",2,"TUR"
"543","5189",2,"TUR"
"91","5190",1,"TUR"
"335","5190",1,"TUR"
"2446","5190",1,"TUR"
"3768","5190",1,"TUR"
"1244","5191",1,"TUR"
"1912","5191",1,"TUR"
"5191","5191",1,"TUR"
"3715","5192",1,"TUR"
"4076","5192",1,"TUR"
"5012","5192",1,"TUR"
"1","5193",1,"TUR"
"623","5193",1,"TUR"
"955","5193",1,"TUR"
"2926","5194",1,"TUR"
"217","5195",1,"TUR"
"493","5195",1,"TUR"
"1310","5195",1,"TUR"
"316","5196",1,"TUR"
"846","5196",1,"TUR"
"4462","5196",1,"TUR"
"9","5197",1,"TUR"
"100","5197",1,"TUR"
"397","5197",1,"TUR"
"404","5197",1,"TUR"
"93","5198",2,"TUR"
"681","5198",2,"TUR"
"167","5199",1,"TUR"
"437","5199",1,"TUR"
"446","5199",1,"TUR"
"1821","5199",1,"TUR"
"45","5200",2,"TUR"
"400","5200",1,"TUR"
"1257","5200",1,"TUR"
"761","5201",1,"TUR"
"1010","5201",1,"TUR"
"3003","5201",1,"TUR"
"5","5202",1,"TUR"
"110","5202",1,"TUR"
"4544","5202",1,"TUR"
"146","5203",1,"TUR"
"2232","5203",1,"TUR"
"3584","5203",1,"TUR"
"3832","5203",1,"TUR"
"1","5204",1,"TUR"
"5","5204",1,"TUR"
"2398","5204",1,"TUR"
"4","5205",1,"TUR"
"3620","5205",1,"TUR"
"4874","5205",1,"TUR"
"453","5206",1,"TUR"
"517","5206",1,"TUR"
"610","5206",1,"TUR"
"4","5207",1,"TUR"
"306","5207",1,"TUR"
"728","5207",1,"TUR"
"4695","5207",1,"TUR"
"20","5208",1,"TUR"
"730","5208",1,"TUR"
"761","5208",1,"TUR"
"2549","5208",1,"TUR"
"3","5209",1,"TUR"
"25","5209",1,"TUR"
"5022","5209",1,"TUR"
"1","5210",1,"TUR"
"3","5210",1,"TUR"
"5","5210",1,"TUR"
"8","5211",1,"TUR"
"542","5211",1,"TUR"
"910","5211",1,"TUR"
"63","5212",1,"TUR"
"397","5212",1,"TUR"
"4","5213",1,"TUR"
"431","5213",2,"TUR"
"2913","5213",1,"TUR"
"8","5214",1,"TUR"
"173","5214",1,"TUR"
"287","5214",1,"TUR"
"730","5214",1,"TUR"
"1","5215",1,"TUR"
"51","5215",1,"TUR"
"63","5215",1,"TUR"
"2304","5215",1,"TUR"
"16","5216",1,"TUR"
"339","5216",1,"TUR"
"469","5216",1,"TUR"
"1511","5216",1,"TUR"
"1","5217",1,"TUR"
"190","5217",1,"TUR"
"850","5217",1,"TUR"
"3894","5217",1,"TUR"
"388","5218",1,"TUR"
"414","5218",1,"TUR"
"1544","5218",1,"TUR"
"1700","5218",1,"TUR"
"759","5219",1,"TUR"
"1246","5219",1,"TUR"
"2581","5219",1,"TUR"
"2841","5219",1,"TUR"
"2487","5220",1,"TUR"
"2992","5220",1,"TUR"
"3","5221",1,"TUR"
"213","5221",1,"TUR"
"553","5221",2,"TUR"
"404","5222",1,"TUR"
"553","5222",1,"TUR"
"1","5223",1,"TUR"
"3","5223",1,"TUR"
"4","5223",1,"TUR"
"192","5223",1,"TUR"
"37","5224",1,"TUR"
"108","5224",1,"TUR"
"2953","5224",1,"TUR"
"3178","5224",1,"TUR"
"8","5225",1,"TUR"
"553","5225",2,"TUR"
"730","5225",1,"TUR"
"1","5226",1,"TUR"
"7","5226",1,"TUR"
"3440","5226",1,"TUR"
"1325","5227",2,"TUR"
"4875","5227",1,"TUR"
"4881","5227",1,"TUR"
"1","5228",1,"TUR"
"1451","5228",1,"TUR"
"2065","5228",1,"TUR"
"12","5229",1,"TUR"
"1671","5229",1,"TUR"
"3190","5229",1,"TUR"
"1","5230",1,"TUR"
"193","5230",1,"TUR"
"1165","5230",1,"TUR"
"1","5231",1,"TUR"
"6","5231",1,"TUR"
"1369","5231",1,"TUR"
"2","5232",1,"TUR"
"60","5232",1,"TUR"
"1","5233",1,"TUR"
"3","5233",1,"TUR"
"3219","5233",1,"TUR"
"3227","5233",1,"TUR"
"3","5234",1,"TUR"
"58","5234",1,"TUR"
"96","5234",1,"TUR"
"1361","5234",1,"TUR"
"370","5235",1,"TUR"
"857","5235",1,"TUR"
"2047","5235",1,"TUR"
"502","5236",1,"TUR"
"3357","5236",1,"TUR"
"4201","5236",1,"TUR"
"371","5237",1,"TUR"
"510","5237",1,"TUR"
"27","5238",1,"TUR"
"3167","5238",2,"TUR"
"19","5239",1,"TUR"
"119","5239",1,"TUR"
"126","5239",1,"TUR"
"1","5240",1,"TUR"
"428","5240",1,"TUR"
"623","5240",1,"TUR"
"3056","5240",1,"TUR"
"23","5241",2,"TUR"
"538","5241",2,"TUR"
"2","5242",1,"TUR"
"32","5242",1,"TUR"
"377","5243",1,"TUR"
"516","5243",1,"TUR"
"6","5244",2,"TUR"
"32","5244",1,"TUR"
"2","5245",1,"TUR"
"20","5245",1,"TUR"
"1434","5245",1,"TUR"
"2601","5245",1,"TUR"
"32","5246",2,"TUR"
"2","5247",1,"TUR"
"141","5247",1,"TUR"
"3672","5247",1,"TUR"
"32","5248",2,"TUR"
"325","5249",1,"TUR"
"705","5249",1,"TUR"
"492","5250",1,"TUR"
"516","5250",1,"TUR"
"808","5250",1,"TUR"
"373","5251",1,"TUR"
"1452","5251",1,"TUR"
"2108","5251",1,"TUR"
"211","5252",1,"TUR"
"562","5252",1,"TUR"
"726","5252",2,"TUR"
"63","5253",1,"TUR"
"326","5253",1,"TUR"
"525","5254",1,"TUR"
"767","5254",1,"TUR"
"1461","5254",2,"TUR"
"2","5255",1,"TUR"
"10","5255",1,"TUR"
"568","5255",1,"TUR"
"1169","5255",1,"TUR"
"1","5256",1,"TUR"
"193","5256",1,"TUR"
"1167","5256",1,"TUR"
"2709","5256",1,"TUR"
"24","5257",2,"TUR"
"374","5257",1,"TUR"
"3878","5257",1,"TUR"
"1","5258",1,"TUR"
"489","5258",1,"TUR"
"726","5258",1,"TUR"
"374","5259",2,"TUR"
"688","5259",1,"TUR"
"180","5260",1,"TUR"
"324","5260",2,"TUR"
"1150","5260",1,"TUR"
"3","5261",1,"TUR"
"374","5261",1,"TUR"
"3291","5261",1,"TUR"
"1","5262",1,"TUR"
"146","5262",1,"TUR"
"699","5262",1,"TUR"
"2904","5262",1,"TUR"
"48","5263",1,"TUR"
"360","5263",1,"TUR"
"3117","5263",1,"TUR"
"11","5264",1,"TUR"
"344","5264",1,"TUR"
"438","5265",1,"TUR"
"848","5265",1,"TUR"
"1461","5265",1,"TUR"
"849","5266",1,"TUR"
"1468","5266",1,"TUR"
"1548","5266",1,"TUR"
"2","5267",1,"TUR"
"76","5267",1,"TUR"
"12","5268",1,"TUR"
"322","5268",1,"TUR"
"3737","5268",1,"TUR"
"1877","5269",1,"TUR"
"2538","5269",1,"TUR"
"4431","5269",1,"TUR"
"16","5270",1,"TUR"
"32","5270",1,"TUR"
"64","5270",1,"TUR"
"1767","5270",1,"TUR"
"559","5271",1,"TUR"
"17","5272",1,"TUR"
"239","5272",1,"TUR"
"1","5273",1,"TUR"
"8","5273",1,"TUR"
"220","5273",1,"TUR"
"405","5273",1,"TUR"
"144","5274",2,"TUR"
"767","5275",1,"TUR"
"1520","5275",2,"TUR"
"387","5276",1,"TUR"
"1198","5276",1,"TUR"
"1318","5276",1,"TUR"
"483","5277",1,"TUR"
"1521","5277",1,"TUR"
"3533","5277",2,"TUR"
"499","5278",1,"TUR"
"865","5278",1,"TUR"
"3703","5278",1,"TUR"
"64","5279",1,"TUR"
"104","5279",1,"TUR"
"150","5279",1,"TUR"
"180","5279",1,"TUR"
"4","5280",1,"TUR"
"9","5280",1,"TUR"
"3522","5280",1,"TUR"
"2","5281",1,"TUR"
"1287","5281",1,"TUR"
"1660","5281",1,"TUR"
"490","5282",1,"TUR"
"536","5282",1,"TUR"
"1733","5282",1,"TUR"
"5","5283",1,"TUR"
"31","5283",1,"TUR"
"369","5283",1,"TUR"
"456","5283",1,"TUR"
"505","5284",1,"TUR"
"532","5284",1,"TUR"
"3625","5284",1,"TUR"
"4204","5284",1,"TUR"
"1555","5286",1,"TUR"
"3281","5286",1,"TUR"
"131","5287",1,"TUR"
"327","5287",1,"TUR"
"3959","5287",1,"TUR"
"48","5288",1,"TUR"
"50","5288",1,"TUR"
"1988","5288",1,"TUR"
"19","5289",1,"TUR"
"25","5289",1,"TUR"
"2368","5289",1,"TUR"
"6","5290",1,"TUR"
"322","5290",1,"TUR"
"2947","5290",1,"TUR"
"4929","5290",1,"TUR"
"2","5291",1,"TUR"
"13","5291",1,"TUR"
"784","5291",1,"TUR"
"329","5292",1,"TUR"
"462","5292",1,"TUR"
"46","5293",1,"TUR"
"322","5293",1,"TUR"
"4632","5293",1,"TUR"
"30","5294",1,"TUR"
"563","5294",1,"TUR"
"680","5294",1,"TUR"
"2102","5294",1,"TUR"
"288","5295",1,"TUR"
"1028","5295",1,"TUR"
"1119","5295",2,"TUR"
"634","5296",1,"TUR"
"673","5296",1,"TUR"
"2620","5296",1,"TUR"
"1","5297",1,"TUR"
"14","5297",1,"TUR"
"132","5297",1,"TUR"
"2","5298",3,"TUR"
"767","5298",1,"TUR"
"162","5299",1,"TUR"
"245","5299",1,"TUR"
"1173","5299",1,"TUR"
"1745","5299",1,"TUR"
"12","5300",1,"TUR"
"3891","5300",2,"TUR"
"3","5301",1,"TUR"
"42","5301",1,"TUR"
"3739","5301",1,"TUR"
"1","5302",1,"TUR"
"5","5302",1,"TUR"
"183","5302",1,"TUR"
"223","5302",1,"TUR"
"2","5303",1,"TUR"
"697","5303",1,"TUR"
"708","5303",1,"TUR"
"743","5303",1,"TUR"
"3","5304",1,"TUR"
"40","5304",1,"TUR"
"1602","5304",1,"TUR"
"1","5305",1,"TUR"
"218","5305",1,"TUR"
"323","5305",1,"TUR"
"2613","5305",1,"TUR"
"87","5306",1,"TUR"
"3187","5306",2,"TUR"
"4350","5306",1,"TUR"
"70","5307",1,"TUR"
"991","5307",1,"TUR"
"1032","5307",1,"TUR"
"2977","5307",1,"TUR"
"66","5308",2,"TUR"
"2169","5308",2,"TUR"
"57","5309",1,"TUR"
"182","5309",1,"TUR"
"3830","5309",1,"TUR"
"7","5310",1,"TUR"
"53","5310",1,"TUR"
"884","5310",1,"TUR"
"3","5311",1,"TUR"
"24","5311",1,"TUR"
"58","5311",1,"TUR"
"430","5312",1,"TUR"
"3525","5312",1,"TUR"
"1029","5313",1,"TUR"
"1040","5313",1,"TUR"
"1831","5313",1,"TUR"
"114","5314",1,"TUR"
"136","5314",1,"TUR"
"399","5314",1,"TUR"
"726","5314",1,"TUR"
"114","5315",1,"TUR"
"471","5315",1,"TUR"
"2295","5315",1,"TUR"
"4","5316",1,"TUR"
"1953","5316",1,"TUR"
"93","5317",1,"TUR"
"146","5317",1,"TUR"
"533","5317",2,"TUR"
"5","5318",1,"TUR"
"12","5318",1,"TUR"
"319","5318",1,"TUR"
"2197","5318",1,"TUR"
"119","5319",2,"TUR"
"490","5319",1,"TUR"
"3406","5319",1,"TUR"
"179","5320",1,"TUR"
"705","5320",1,"TUR"
"829","5320",1,"TUR"
"239","5321",1,"TUR"
"5195","5321",1,"TUR"
"2","5322",1,"TUR"
"3993","5322",1,"TUR"
"1","5323",2,"TUR"
"111","5323",1,"TUR"
"2029","5323",1,"TUR"
"945","5324",1,"TUR"
"1026","5324",1,"TUR"
"2770","5324",1,"TUR"
"1","5325",1,"TUR"
"7","5325",1,"TUR"
"173","5325",1,"TUR"
"2820","5325",1,"TUR"
"228","5326",1,"TUR"
"319","5326",1,"TUR"
"2403","5326",1,"TUR"
"18","5327",1,"TUR"
"270","5327",1,"TUR"
"2086","5327",1,"TUR"
"7","5328",1,"TUR"
"83","5328",1,"TUR"
"1956","5328",1,"TUR"
"1030","5329",2,"TUR"
"144","5330",1,"TUR"
"1038","5330",1,"TUR"
"2740","5330",1,"TUR"
"18","5331",1,"TUR"
"1289","5331",1,"TUR"
"2348","5331",1,"TUR"
"23","5332",1,"TUR"
"3210","5332",2,"TUR"
"88","5333",1,"TUR"
"434","5333",1,"TUR"
"1867","5333",1,"TUR"
"2833","5333",1,"TUR"
"59","5334",2,"TUR"
"192","5334",2,"TUR"
"834","5335",1,"TUR"
"1913","5335",1,"TUR"
"2210","5335",1,"TUR"
"3717","5335",1,"TUR"
"14","5336",1,"TUR"
"150","5336",1,"TUR"
"421","5336",1,"TUR"
"61","5337",1,"TUR"
"277","5337",1,"TUR"
"563","5337",1,"TUR"
"822","5337",1,"TUR"
"3","5338",1,"TUR"
"3414","5338",1,"TUR"
"1","5339",1,"TUR"
"1598","5339",1,"TUR"
"3175","5339",1,"TUR"
"3","5340",1,"TUR"
"6","5340",1,"TUR"
"68","5340",1,"TUR"
"2474","5340",1,"TUR"
"39","5341",1,"TUR"
"96","5341",1,"TUR"
"3778","5341",1,"TUR"
"73","5342",1,"TUR"
"396","5342",1,"TUR"
"402","5342",1,"TUR"
"3955","5342",1,"TUR"
"211","5343",1,"TUR"
"4015","5343",1,"TUR"
"3","5344",1,"TUR"
"42","5344",1,"TUR"
"340","5344",1,"TUR"
"3573","5344",1,"TUR"
"1","5345",1,"TUR"
"2617","5345",1,"TUR"
"4133","5345",1,"TUR"
"1","5346",1,"TUR"
"91","5346",1,"TUR"
"373","5346",1,"TUR"
"992","5346",1,"TUR"
"1","5347",1,"TUR"
"599","5347",1,"TUR"
"1528","5348",1,"TUR"
"5348","5348",1,"TUR"
"5","5349",1,"TUR"
"213","5349",1,"TUR"
"969","5349",2,"TUR"
"805","5350",1,"TUR"
"1279","5350",1,"TUR"
"1520","5350",1,"TUR"
"2","5351",1,"TUR"
"2913","5351",1,"TUR"
"4319","5351",1,"TUR"
"78","5352",1,"TUR"
"82","5352",1,"TUR"
"2599","5352",1,"TUR"
"3373","5352",1,"TUR"
"5","5353",1,"TUR"
"520","5353",1,"TUR"
"1488","5353",1,"TUR"
"3709","5353",1,"TUR"
"2","5354",1,"TUR"
"1086","5354",1,"TUR"
"1138","5354",1,"TUR"
"4127","5354",1,"TUR"
"243","5355",1,"TUR"
"700","5355",1,"TUR"
"1169","5356",2,"TUR"
"9","5357",1,"TUR"
"29","5357",1,"TUR"
"431","5357",1,"TUR"
"1468","5357",1,"TUR"
"40","5358",1,"TUR"
"57","5358",1,"TUR"
"135","5358",1,"TUR"
"4239","5358",1,"TUR"
"243","5359",1,"TUR"
"2519","5359",1,"TUR"
"3668","5359",1,"TUR"
"108","5360",1,"TUR"
"525","5360",1,"TUR"
"8","5361",1,"TUR"
"35","5361",1,"TUR"
"1279","5361",1,"TUR"
"2981","5361",1,"TUR"
"16","5362",1,"TUR"
"492","5362",1,"TUR"
"908","5362",1,"TUR"
"49","5363",1,"TUR"
"587","5363",1,"TUR"
"597","5363",1,"TUR"
"2904","5363",1,"TUR"
"32","5364",2,"TUR"
"63","5364",1,"TUR"
"32","5365",2,"TUR"
"6","5366",1,"TUR"
"198","5366",1,"TUR"
"2816","5366",1,"TUR"
"198","5367",1,"TUR"
"1843","5367",1,"TUR"
"12","5368",1,"TUR"
"1020","5368",1,"TUR"
"1736","5368",1,"TUR"
"746","5369",1,"TUR"
"952","5369",1,"TUR"
"1654","5369",1,"TUR"
"4029","5369",1,"TUR"
"3","5370",1,"TUR"
"1853","5370",1,"TUR"
"5211","5370",1,"TUR"
"5","5371",1,"TUR"
"134","5371",1,"TUR"
"527","5371",1,"TUR"
"4695","5371",1,"TUR"
"193","5372",1,"TUR"
"764","5372",1,"TUR"
"772","5372",1,"TUR"
"13","5373",1,"TUR"
"36","5373",1,"TUR"
"293","5373",1,"TUR"
"6","5374",1,"TUR"
"32","5374",1,"TUR"
"217","5374",1,"TUR"
"1826","5374",1,"TUR"
"8","5375",1,"TUR"
"304","5375",1,"TUR"
"14","5376",1,"TUR"
"3871","5376",1,"TUR"
"25","5377",2,"TUR"
"4116","5377",1,"TUR"
"614","5378",2,"TUR"
"3975","5378",2,"TUR"
"2","5379",1,"TUR"
"278","5379",1,"TUR"
"640","5379",1,"TUR"
"20","5380",1,"TUR"
"173","5380",1,"TUR"
"452","5380",1,"TUR"
"4110","5380",1,"TUR"
"24","5381",1,"TUR"
"396","5381",1,"TUR"
"716","5381",1,"TUR"
"9","5382",1,"TUR"
"22","5382",1,"TUR"
"51","5382",1,"TUR"
"736","5382",1,"TUR"
"61","5383",1,"TUR"
"223","5383",1,"TUR"
"289","5383",1,"TUR"
"457","5383",1,"TUR"
"1","5384",1,"TUR"
"157","5384",1,"TUR"
"1755","5384",1,"TUR"
"77","5385",1,"TUR"
"283","5385",1,"TUR"
"768","5385",1,"TUR"
"283","5386",1,"TUR"
"2890","5386",1,"TUR"
"4340","5386",1,"TUR"
"37","5387",1,"TUR"
"711","5387",1,"TUR"
"794","5387",1,"TUR"
"30","5388",1,"TUR"
"33","5388",1,"TUR"
"387","5388",1,"TUR"
"2491","5389",2,"TUR"
"4901","5389",2,"TUR"
"2","5390",1,"TUR"
"524","5390",1,"TUR"
"610","5390",1,"TUR"
"1193","5390",1,"TUR"
"575","5391",1,"TUR"
"859","5391",1,"TUR"
"1473","5391",1,"TUR"
"4964","5391",1,"TUR"
"22","5392",1,"TUR"
"382","5392",1,"TUR"
"1786","5392",2,"TUR"
"12","5393",1,"TUR"
"235","5393",1,"TUR"
"155","5394",1,"TUR"
"403","5394",1,"TUR"
"2924","5394",1,"TUR"
"7","5395",1,"TUR"
"15","5395",1,"TUR"
"639","5395",1,"TUR"
"827","5395",1,"TUR"
"46","5396",1,"TUR"
"300","5396",1,"TUR"
"1628","5396",1,"TUR"
"206","5397",1,"TUR"
"252","5397",1,"TUR"
"632","5397",1,"TUR"
"245","5398",2,"TUR"
"1262","5398",1,"TUR"
"3252","5398",1,"TUR"
"6","5399",1,"TUR"
"43","5399",1,"TUR"
"1517","5399",1,"TUR"
"2865","5399",1,"TUR"
"929","5400",1,"TUR"
"41","5401",1,"TUR"
"1016","5401",1,"TUR"
"4960","5401",1,"TUR"
"120","5402",1,"TUR"
"718","5402",1,"TUR"
"2197","5402",1,"TUR"
"4661","5402",1,"TUR"
"5","5403",1,"TUR"
"28","5403",1,"TUR"
"1015","5403",1,"TUR"
"5327","5403",1,"TUR"
"4","5404",1,"TUR"
"73","5404",1,"TUR"
"153","5404",1,"TUR"
"669","5404",1,"TUR"
"1","5405",1,"TUR"
"5","5405",1,"TUR"
"2900","5405",1,"TUR"
"10","5406",1,"TUR"
"375","5406",1,"TUR"
"1565","5406",1,"TUR"
"3718","5406",1,"TUR"
"2990","5407",2,"TUR"
"1","5408",1,"TUR"
"23","5408",1,"TUR"
"289","5408",1,"TUR"
"1034","5408",1,"TUR"
"173","5409",1,"TUR"
"454","5409",1,"TUR"
"12","5410",1,"TUR"
"14","5410",1,"TUR"
"543","5410",1,"TUR"
"3383","5410",1,"TUR"
"1","5411",1,"TUR"
"7","5411",1,"TUR"
"901","5411",1,"TUR"
"2720","5411",1,"TUR"
"68","5412",1,"TUR"
"85","5412",1,"TUR"
"215","5412",1,"TUR"
"220","5412",1,"TUR"
"17","5413",1,"TUR"
"33","5413",1,"TUR"
"447","5413",1,"TUR"
"2830","5413",1,"TUR"
"1","5414",1,"TUR"
"64","5414",1,"TUR"
"768","5414",1,"TUR"
"4004","5414",1,"TUR"
"1","5415",1,"TUR"
"12","5415",1,"TUR"
"98","5415",1,"TUR"
"2249","5415",1,"TUR"
"1","5416",2,"TUR"
"113","5416",1,"TUR"
"3518","5416",1,"TUR"
"33","5417",1,"TUR"
"303","5417",1,"TUR"
"970","5417",1,"TUR"
"3949","5417",1,"TUR"
"50","5418",1,"TUR"
"68","5418",1,"TUR"
"617","5418",1,"TUR"
"3518","5418",1,"TUR"
"2","5419",1,"TUR"
"198","5419",1,"TUR"
"2111","5419",1,"TUR"
"3916","5419",1,"TUR"
"377","5420",1,"TUR"
"2223","5420",1,"TUR"
"3195","5420",1,"TUR"
"381","5421",1,"TUR"
"784","5421",1,"TUR"
"1374","5421",1,"TUR"
"3065","5421",1,"TUR"
"440","5422",1,"TUR"
"568","5422",1,"TUR"
"2118","5422",1,"TUR"
"34","5423",1,"TUR"
"472","5423",1,"TUR"
"600","5423",1,"TUR"
"2629","5423",1,"TUR"
"1","5424",1,"TUR"
"2","5424",1,"TUR"
"214","5424",1,"TUR"
"218","5424",1,"TUR"
"444","5425",1,"TUR"
"1762","5425",1,"TUR"
"4858","5425",1,"TUR"
"130","5426",1,"TUR"
"209","5426",1,"TUR"
"1405","5426",1,"TUR"
"2769","5426",1,"TUR"
"2","5427",1,"TUR"
"279","5427",1,"TUR"
"603","5427",1,"TUR"
"2122","5427",1,"TUR"
"61","5428",1,"TUR"
"158","5428",1,"TUR"
"1842","5428",1,"TUR"
"5138","5428",1,"TUR"
"96","5429",1,"TUR"
"156","5429",1,"TUR"
"271","5429",1,"TUR"
"3405","5429",1,"TUR"
"12","5430",1,"TUR"
"496","5430",1,"TUR"
"1804","5430",1,"TUR"
"3818","5430",1,"TUR"
"49","5431",1,"TUR"
"167","5431",1,"TUR"
"1672","5431",1,"TUR"
"25","5432",1,"TUR"
"1450","5432",1,"TUR"
"4691","5432",1,"TUR"
"24","5433",1,"TUR"
"1264","5433",1,"TUR"
"2890","5433",1,"TUR"
"3338","5433",1,"TUR"
"15","5434",1,"TUR"
"805","5434",1,"TUR"
"1279","5434",2,"TUR"
"20","5435",2,"TUR"
"3299","5435",2,"TUR"
"300","5436",1,"TUR"
"1020","5436",1,"TUR"
"1036","5436",1,"TUR"
"1240","5436",1,"TUR"
"3","5437",1,"TUR"
"514","5437",1,"TUR"
"2141","5437",1,"TUR"
"3079","5437",1,"TUR"
"6","5438",1,"TUR"
"16","5438",1,"TUR"
"111","5438",1,"TUR"
"10","5439",1,"TUR"
"400","5439",1,"TUR"
"542","5439",1,"TUR"
"162","5440",1,"TUR"
"1035","5440",1,"TUR"
"2","5441",1,"TUR"
"447","5441",1,"TUR"
"1153","5441",1,"TUR"
"383","5442",1,"TUR"
"1599","5442",1,"TUR"
"3221","5442",1,"TUR"
"4357","5442",1,"TUR"
"1787","5443",1,"TUR"
"4969","5443",1,"TUR"
"5271","5443",1,"TUR"
"22","5444",1,"TUR"
"113","5444",2,"TUR"
"61","5445",1,"TUR"
"4962","5445",1,"TUR"
"437","5446",1,"TUR"
"516","5446",1,"TUR"
"1962","5446",1,"TUR"
"388","5447",1,"TUR"
"4112","5447",1,"TUR"
"4956","5447",1,"TUR"
"5445","5447",1,"TUR"
"147","5448",1,"TUR"
"2952","5448",1,"TUR"
"301","5449",1,"TUR"
"402","5449",1,"TUR"
"585","5449",1,"TUR"
"3023","5449",1,"TUR"
"80","5450",1,"TUR"
"402","5450",1,"TUR"
"413","5450",1,"TUR"
"1022","5450",1,"TUR"
"638","5451",1,"TUR"
"966","5451",1,"TUR"
"4550","5451",2,"TUR"
"448","5452",1,"TUR"
"2315","5452",1,"TUR"
"4973","5452",1,"TUR"
"141","5453",1,"TUR"
"645","5453",1,"TUR"
"1145","5453",1,"TUR"
"1746","5453",1,"TUR"
"24","5454",1,"TUR"
"408","5454",1,"TUR"
"824","5455",1,"TUR"
"4336","5455",1,"TUR"
"2","5456",1,"TUR"
"84","5456",1,"TUR"
"2368","5456",1,"TUR"
"6","5457",1,"TUR"
"781","5457",1,"TUR"
"2266","5457",1,"TUR"
"41","5458",1,"TUR"
"2939","5458",1,"TUR"
"4198","5458",1,"TUR"
"2","5459",1,"TUR"
"253","5459",1,"TUR"
"1055","5459",1,"TUR"
"6","5460",1,"TUR"
"68","5460",1,"TUR"
"1069","5460",1,"TUR"
"1","5461",2,"TUR"
"3651","5461",1,"TUR"
"1","5462",1,"TUR"
"279","5462",1,"TUR"
"367","5462",1,"TUR"
"36","5464",1,"TUR"
"2370","5464",1,"TUR"
"357","5465",1,"TUR"
"783","5465",1,"TUR"
"1939","5465",1,"TUR"
"67","5466",1,"TUR"
"441","5466",1,"TUR"
"594","5466",1,"TUR"
"4065","5466",1,"TUR"
"3","5467",1,"TUR"
"89","5467",1,"TUR"
"5296","5467",1,"TUR"
"1","5468",1,"TUR"
"67","5468",1,"TUR"
"453","5468",1,"TUR"
"884","5468",1,"TUR"
"24","5469",2,"TUR"
"156","5469",1,"TUR"
"127","5470",1,"TUR"
"308","5470",1,"TUR"
"6","5471",1,"TUR"
"1510","5471",1,"TUR"
"2197","5471",1,"TUR"
"11","5472",1,"TUR"
"45","5472",1,"TUR"
"843","5472",1,"TUR"
"1966","5472",1,"TUR"
"21","5473",1,"TUR"
"959","5473",1,"TUR"
"1819","5473",1,"TUR"
"1030","5474",2,"TUR"
"2","5475",2,"TUR"
"3381","5475",1,"TUR"
"169","5476",1,"TUR"
"331","5476",1,"TUR"
"778","5476",1,"TUR"
"3942","5476",1,"TUR"
"34","5477",1,"TUR"
"2425","5477",1,"TUR"
"3510","5477",1,"TUR"
"1410","5478",2,"TUR"
"3174","5478",2,"TUR"
"7","5479",1,"TUR"
"163","5479",1,"TUR"
"4319","5479",1,"TUR"
"12","5480",2,"TUR"
"615","5480",1,"TUR"
"3823","5480",1,"TUR"
"34","5481",1,"TUR"
"68","5481",1,"TUR"
"162","5481",1,"TUR"
"1","5482",1,"TUR"
"2","5482",1,"TUR"
"141","5482",1,"TUR"
"2378","5482",1,"TUR"
"779","5483",1,"TUR"
"4161","5483",1,"TUR"
"81","5484",1,"TUR"
"329","5484",1,"TUR"
"1280","5484",1,"TUR"
"3649","5485",1,"TUR"
"3907","5485",1,"TUR"
"68","5486",1,"TUR"
"654","5486",1,"TUR"
"883","5486",1,"TUR"
"4340","5486",1,"TUR"
"63","5487",1,"TUR"
"67","5487",1,"TUR"
"1642","5487",1,"TUR"
"754","5488",1,"TUR"
"5","5489",1,"TUR"
"36","5489",1,"TUR"
"90","5489",1,"TUR"
"2550","5489",1,"TUR"
"8","5490",1,"TUR"
"210","5490",1,"TUR"
"3681","5490",1,"TUR"
"2727","5491",1,"TUR"
"2816","5491",1,"TUR"
"4234","5491",1,"TUR"
"2","5492",1,"TUR"
"287","5492",1,"TUR"
"4295","5492",1,"TUR"
"1","5493",1,"TUR"
"271","5493",1,"TUR"
"535","5493",1,"TUR"
"1594","5493",1,"TUR"
"104","5494",2,"TUR"
"5051","5494",2,"TUR"
"17","5495",1,"TUR"
"81","5495",1,"TUR"
"341","5495",1,"TUR"
"5237","5495",1,"TUR"
"3","5496",1,"TUR"
"6","5496",2,"TUR"
"446","5496",1,"TUR"
"6","5497",1,"TUR"
"737","5497",1,"TUR"
"2997","5497",1,"TUR"
"3910","5497",1,"TUR"
"5","5498",1,"TUR"
"167","5498",1,"TUR"
"781","5498",1,"TUR"
"1","5499",1,"TUR"
"4","5499",1,"TUR"
"2910","5499",1,"TUR"
"5080","5499",1,"TUR"
"1397","5500",1,"TUR"
"1417","5500",1,"TUR"
"4690","5500",1,"TUR"
"313","5501",1,"TUR"
"638","5501",1,"TUR"
"29","5502",1,"TUR"
"678","5502",1,"TUR"
"1335","5503",1,"TUR"
"2650","5503",1,"TUR"
"5","5504",1,"TUR"
"18","5504",1,"TUR"
"485","5504",1,"TUR"
"1101","5504",1,"TUR"
"147","5505",1,"TUR"
"3731","5505",1,"TUR"
"5054","5505",1,"TUR"
"2043","5506",1,"TUR"
"4047","5506",1,"TUR"
"5121","5506",1,"TUR"
"163","5507",1,"TUR"
"428","5507",1,"TUR"
"2","5508",1,"TUR"
"44","5508",1,"TUR"
"76","5508",1,"TUR"
"3695","5508",1,"TUR"
"1571","5509",1,"TUR"
"5465","5509",1,"TUR"
"8","5510",1,"TUR"
"48","5510",1,"TUR"
"845","5510",1,"TUR"
"1747","5510",1,"TUR"
"5","5511",1,"TUR"
"336","5511",1,"TUR"
"161","5512",1,"TUR"
"1459","5512",1,"TUR"
"200","5513",1,"TUR"
"318","5513",1,"TUR"
"29","5514",1,"TUR"
"34","5514",1,"TUR"
"1546","5514",1,"TUR"
"2522","5514",1,"TUR"
"318","5515",2,"TUR"
"1994","5515",1,"TUR"
"3641","5515",1,"TUR"
"203","5516",1,"TUR"
"282","5516",1,"TUR"
"1439","5516",1,"TUR"
"87","5517",1,"TUR"
"1145","5517",1,"TUR"
"4068","5517",1,"TUR"
"3","5518",1,"TUR"
"2058","5518",1,"TUR"
"1","5519",2,"TUR"
"25","5519",1,"TUR"
"2378","5519",1,"TUR"
"1079","5520",1,"TUR"
"1159","5520",1,"TUR"
"53","5521",1,"TUR"
"321","5521",1,"TUR"
"1","5522",2,"TUR"
"516","5522",1,"TUR"
"6","5523",1,"TUR"
"256","5523",1,"TUR"
"3084","5523",1,"TUR"
"4533","5523",1,"TUR"
"1","5524",1,"TUR"
"9","5524",1,"TUR"
"176","5524",2,"TUR"
"1263","5525",1,"TUR"
"3458","5525",1,"TUR"
"4187","5525",1,"TUR"
"4417","5525",1,"TUR"
"2","5526",1,"TUR"
"194","5526",2,"TUR"
"1853","5526",1,"TUR"
"6","5527",1,"TUR"
"954","5527",1,"TUR"
"2731","5527",1,"TUR"
"2852","5527",1,"TUR"
"86","5528",1,"TUR"
"766","5528",1,"TUR"
"2574","5528",1,"TUR"
"3627","5528",1,"TUR"
"135","5529",1,"TUR"
"858","5529",1,"TUR"
"1594","5529",1,"TUR"
"25","5530",1,"TUR"
"505","5530",1,"TUR"
"4684","5530",1,"TUR"
"5","5531",1,"TUR"
"872","5531",1,"TUR"
"37","5532",1,"TUR"
"182","5532",1,"TUR"
"1197","5532",1,"TUR"
"2517","5532",1,"TUR"
"6","5533",1,"TUR"
"460","5533",1,"TUR"
"1607","5533",1,"TUR"
"8","5534",1,"TUR"
"10","5534",1,"TUR"
"141","5534",1,"TUR"
"169","5534",1,"TUR"
"3","5535",1,"TUR"
"89","5535",1,"TUR"
"6","5536",1,"TUR"
"113","5536",1,"TUR"
"2361","5536",1,"TUR"
"3516","5536",1,"TUR"
"19","5537",1,"TUR"
"1219","5537",1,"TUR"
"2260","5537",1,"TUR"
"21","5538",1,"TUR"
"270","5538",1,"TUR"
"1208","5538",1,"TUR"
"423","5539",1,"TUR"
"601","5539",1,"TUR"
"730","5539",1,"TUR"
"193","5540",1,"TUR"
"4090","5540",1,"TUR"
"4173","5540",1,"TUR"
"4734","5540",1,"TUR"
"373","5541",1,"TUR"
"982","5541",1,"TUR"
"1432","5541",1,"TUR"
"53","5542",1,"TUR"
"98","5542",1,"TUR"
"813","5542",1,"TUR"
"2318","5542",1,"TUR"
"2","5543",1,"TUR"
"5","5543",1,"TUR"
"3231","5543",1,"TUR"
"5","5544",1,"TUR"
"31","5544",1,"TUR"
"72","5544",1,"TUR"
"5","5545",1,"TUR"
"343","5545",2,"TUR"
"18","5546",1,"TUR"
"231","5546",1,"TUR"
"858","5546",1,"TUR"
"443","5547",1,"TUR"
"732","5547",1,"TUR"
"21","5548",1,"TUR"
"4145","5548",1,"TUR"
"40","5549",1,"TUR"
"204","5549",1,"TUR"
"1128","5549",1,"TUR"
"1597","5549",1,"TUR"
"115","5550",1,"TUR"
"251","5550",1,"TUR"
"1096","5550",1,"TUR"
"2009","5550",1,"TUR"
"298","5551",1,"TUR"
"555","5551",1,"TUR"
"1105","5551",1,"TUR"
"2503","5551",1,"TUR"
"4","5552",1,"TUR"
"5","5552",1,"TUR"
"11","5552",1,"TUR"
"1118","5552",1,"TUR"
"470","5553",1,"TUR"
"1065","5553",1,"TUR"
"1468","5553",1,"TUR"
"36","5554",1,"TUR"
"72","5554",1,"TUR"
"2012","5554",1,"TUR"
"4051","5554",1,"TUR"
"58","5555",1,"TUR"
"913","5555",1,"TUR"
"2453","5555",1,"TUR"
"30","5556",1,"TUR"
"374","5556",1,"TUR"
"535","5556",1,"TUR"
"1595","5556",1,"TUR"
"100","5557",1,"TUR"
"137","5557",1,"TUR"
"217","5557",1,"TUR"
"1595","5557",1,"TUR"
"1834","5558",2,"TUR"
"3324","5558",1,"TUR"
"6","5559",1,"TUR"
"27","5559",1,"TUR"
"1504","5559",1,"TUR"
"2111","5559",1,"TUR"
"235","5560",1,"TUR"
"1988","5560",1,"TUR"
"4180","5560",1,"TUR"
"6","5561",1,"TUR"
"21","5561",1,"TUR"
"43","5561",1,"TUR"
"1652","5561",1,"TUR"
"10","5562",1,"TUR"
"279","5562",1,"TUR"
"714","5562",1,"TUR"
"89","5563",1,"TUR"
"204","5563",1,"TUR"
"2616","5563",1,"TUR"
"83","5564",1,"TUR"
"93","5564",1,"TUR"
"453","5564",1,"TUR"
"1455","5564",1,"TUR"
"110","5565",2,"TUR"
"1","5566",1,"TUR"
"82","5566",1,"TUR"
"142","5566",1,"TUR"
"93","5567",1,"TUR"
"392","5567",1,"TUR"
"451","5567",1,"TUR"
"42","5568",1,"TUR"
"169","5568",1,"TUR"
"2086","5568",1,"TUR"
"2862","5568",1,"TUR"
"2383","5569",1,"TUR"
"2745","5569",1,"TUR"
"5","5570",2,"TUR"
"25","5571",1,"TUR"
"127","5571",1,"TUR"
"1107","5571",1,"TUR"
"723","5572",1,"TUR"
"1707","5572",1,"TUR"
"3798","5572",1,"TUR"
"3","5573",1,"TUR"
"48","5573",1,"TUR"
"145","5573",1,"TUR"
"239","5573",1,"TUR"
"92","5574",2,"TUR"
"139","5574",1,"TUR"
"7","5575",1,"TUR"
"66","5575",1,"TUR"
"2818","5575",1,"TUR"
"50","5576",1,"TUR"
"3394","5576",1,"TUR"
"3779","5576",1,"TUR"
"4164","5576",1,"TUR"
"1","5577",2,"TUR"
"1500","5577",1,"TUR"
"724","5578",1,"TUR"
"1336","5578",1,"TUR"
"10","5579",1,"TUR"
"849","5579",1,"TUR"
"392","5580",1,"TUR"
"552","5580",1,"TUR"
"639","5580",1,"TUR"
"858","5580",1,"TUR"
"391","5581",1,"TUR"
"939","5581",1,"TUR"
"1931","5581",1,"TUR"
"1986","5581",1,"TUR"
"124","5582",1,"TUR"
"257","5582",1,"TUR"
"1516","5582",1,"TUR"
"3384","5582",1,"TUR"
"1","5583",1,"TUR"
"968","5583",1,"TUR"
"287","5584",1,"TUR"
"390","5584",1,"TUR"
"3565","5584",1,"TUR"
"61","5585",1,"TUR"
"386","5585",1,"TUR"
"17","5586",1,"TUR"
"259","5586",1,"TUR"
"329","5586",1,"TUR"
"352","5586",1,"TUR"
"7","5587",1,"TUR"
"99","5587",1,"TUR"
"654","5587",1,"TUR"
"4255","5587",1,"TUR"
"37","5588",1,"TUR"
"397","5588",1,"TUR"
"150","5589",1,"TUR"
"356","5589",2,"TUR"
"778","5589",1,"TUR"
"4","5590",1,"TUR"
"405","5590",1,"TUR"
"1958","5590",1,"TUR"
"2992","5590",1,"TUR"
"1235","5591",1,"TUR"
"3546","5591",1,"TUR"
"952","5592",1,"TUR"
"5309","5592",1,"TUR"
"25","5593",1,"TUR"
"101","5593",1,"TUR"
"913","5593",1,"TUR"
"1","5594",1,"TUR"
"99","5594",1,"TUR"
"2879","5594",1,"TUR"
"844","5595",1,"TUR"
"1442","5595",1,"TUR"
"1648","5595",1,"TUR"
"11","5596",1,"TUR"
"521","5596",1,"TUR"
"3","5597",1,"TUR"
"76","5597",1,"TUR"
"169","5597",1,"TUR"
"681","5597",1,"TUR"
"9","5598",1,"TUR"
"132","5598",1,"TUR"
"854","5598",1,"TUR"
"7","5599",1,"TUR"
"3359","5599",1,"TUR"
"34","5600",2,"TUR"
"262","5600",1,"TUR"
"473","5600",1,"TUR"
"1","5601",1,"TUR"
"995","5601",1,"TUR"
"110","5602",1,"TUR"
"238","5602",1,"TUR"
"355","5603",1,"TUR"
"458","5603",1,"TUR"
"1016","5603",1,"TUR"
"17","5604",1,"TUR"
"490","5604",1,"TUR"
"2089","5604",1,"TUR"
"2296","5604",1,"TUR"
"139","5605",1,"TUR"
"317","5605",1,"TUR"
"496","5605",1,"TUR"
"1004","5605",1,"TUR"
"28","5606",1,"TUR"
"373","5606",1,"TUR"
"3566","5606",1,"TUR"
"4925","5606",1,"TUR"
"340","5607",1,"TUR"
"388","5607",1,"TUR"
"4935","5607",1,"TUR"
"18","5608",1,"TUR"
"56","5608",1,"TUR"
"1218","5608",1,"TUR"
"1413","5608",1,"TUR"
"1","5609",1,"TUR"
"578","5609",1,"TUR"
"1521","5609",1,"TUR"
"4","5610",1,"TUR"
"5123","5610",1,"TUR"
"71","5611",1,"TUR"
"126","5611",1,"TUR"
"1645","5611",1,"TUR"
"2019","5611",1,"TUR"
"65","5612",1,"TUR"
"473","5612",1,"TUR"
"1743","5612",1,"TUR"
"4242","5612",1,"TUR"
"2","5613",1,"TUR"
"31","5613",1,"TUR"
"166","5613",1,"TUR"
"3887","5613",1,"TUR"
"616","5614",1,"TUR"
"5463","5614",2,"TUR"
"5473","5614",1,"TUR"
"21","5615",1,"TUR"
"1148","5615",1,"TUR"
"1975","5615",1,"TUR"
"5089","5615",1,"TUR"
"2047","5616",1,"TUR"
"2049","5616",1,"TUR"
"1519","5617",2,"TUR"
"2638","5617",2,"TUR"
"78","5618",1,"TUR"
"1775","5618",1,"TUR"
"3","5619",1,"TUR"
"300","5619",1,"TUR"
"2451","5619",1,"TUR"
"1","5620",1,"TUR"
"6","5620",1,"TUR"
"2913","5620",1,"TUR"
"1","5621",1,"TUR"
"693","5621",1,"TUR"
"1158","5621",1,"TUR"
"1","5622",1,"TUR"
"37","5622",1,"TUR"
"119","5622",1,"TUR"
"4702","5622",1,"TUR"
"37","5623",1,"TUR"
"278","5623",1,"TUR"
"792","5623",1,"TUR"
"3922","5623",1,"TUR"
"290","5624",1,"TUR"
"1116","5624",1,"TUR"
"1","5625",1,"TUR"
"320","5625",1,"TUR"
"4147","5625",1,"TUR"
"17","5626",1,"TUR"
"104","5626",1,"TUR"
"1318","5627",2,"TUR"
"16","5628",1,"TUR"
"35","5628",1,"TUR"
"97","5628",1,"TUR"
"2182","5628",1,"TUR"
"56","5629",1,"TUR"
"94","5629",1,"TUR"
"1438","5629",1,"TUR"
"2406","5629",1,"TUR"
"1","5630",1,"TUR"
"3037","5630",1,"TUR"
"5272","5630",1,"TUR"
"146","5631",1,"TUR"
"2051","5631",1,"TUR"
"3900","5631",2,"TUR"
"1","5632",1,"TUR"
"11","5632",1,"TUR"
"26","5632",1,"TUR"
"785","5632",1,"TUR"
"2","5633",2,"TUR"
"17","5633",1,"TUR"
"5458","5633",1,"TUR"
"96","5634",1,"TUR"
"870","5634",1,"TUR"
"1132","5634",1,"TUR"
"5104","5634",1,"TUR"
"29","5635",1,"TUR"
"2192","5635",1,"TUR"
"3617","5635",1,"TUR"
"4103","5635",1,"TUR"
"64","5636",1,"TUR"
"3407","5636",2,"TUR"
"3748","5636",1,"TUR"
"1","5637",1,"TUR"
"189","5637",1,"TUR"
"1131","5637",1,"TUR"
"1341","5637",1,"TUR"
"22","5638",1,"TUR"
"514","5638",2,"TUR"
"3792","5638",1,"TUR"
"570","5639",2,"TUR"
"2007","5639",1,"TUR"
"2691","5639",1,"TUR"
"2","5640",1,"TUR"
"276","5640",1,"TUR"
"116","5641",1,"TUR"
"3652","5641",1,"TUR"
"196","5642",1,"TUR"
"680","5642",1,"TUR"
"2594","5642",1,"TUR"
"927","5643",2,"TUR"
"2492","5643",1,"TUR"
"2704","5643",1,"TUR"
"653","5644",1,"TUR"
"1906","5644",1,"TUR"
"4297","5644",1,"TUR"
"20","5645",1,"TUR"
"379","5645",1,"TUR"
"917","5645",1,"TUR"
"2","5646",1,"TUR"
"20","5646",1,"TUR"
"2340","5646",1,"TUR"
"12","5647",2,"TUR"
"3680","5647",1,"TUR"
"4587","5647",1,"TUR"
"25","5648",1,"TUR"
"210","5648",1,"TUR"
"874","5648",1,"TUR"
"4606","5648",1,"TUR"
"2","5649",1,"TUR"
"916","5649",1,"TUR"
"1478","5649",1,"TUR"
"329","5650",1,"TUR"
"2377","5650",1,"TUR"
"5650","5650",1,"TUR"
"15","5651",1,"TUR"
"233","5651",1,"TUR"
"437","5651",1,"TUR"
"2266","5651",1,"TUR"
"1708","5652",1,"TUR"
"3126","5652",1,"TUR"
"3579","5652",1,"TUR"
"5347","5652",1,"TUR"
"3","5653",1,"TUR"
"323","5653",1,"TUR"
"4041","5653",1,"TUR"
"6","5654",1,"TUR"
"8","5654",1,"TUR"
"154","5654",1,"TUR"
"5316","5654",1,"TUR"
"121","5655",1,"TUR"
"2621","5655",1,"TUR"
"2977","5655",1,"TUR"
"5276","5655",1,"TUR"
"98","5656",1,"TUR"
"361","5656",1,"TUR"
"167","5657",1,"TUR"
"257","5657",1,"TUR"
"991","5657",1,"TUR"
"1005","5657",1,"TUR"
"98","5658",2,"TUR"
"3542","5658",1,"TUR"
"5171","5658",1,"TUR"
"3","5659",1,"TUR"
"442","5659",2,"TUR"
"3915","5659",1,"TUR"
"15","5660",2,"TUR"
"901","5660",1,"TUR"
"1252","5660",1,"TUR"
"2","5661",1,"TUR"
"7","5661",1,"TUR"
"124","5661",1,"TUR"
"1195","5661",1,"TUR"
"453","5662",1,"TUR"
"1894","5662",1,"TUR"
"4220","5662",1,"TUR"
"712","5663",1,"TUR"
"828","5663",1,"TUR"
"928","5663",1,"TUR"
"1749","5663",1,"TUR"
"5","5664",1,"TUR"
"617","5664",1,"TUR"
"1835","5664",1,"TUR"
"25","5665",1,"TUR"
"93","5665",1,"TUR"
"143","5665",1,"TUR"
"4343","5665",1,"TUR"
"131","5666",1,"TUR"
"568","5666",1,"TUR"
"2384","5666",1,"TUR"
"5045","5666",1,"TUR"
"20","5667",1,"TUR"
"575","5667",1,"TUR"
"1312","5667",1,"TUR"
"5642","5667",1,"TUR"
"37","5668",1,"TUR"
"271","5668",1,"TUR"
"1044","5668",1,"TUR"
"2097","5668",1,"TUR"
"4","5669",2,"TUR"
"1","5670",1,"TUR"
"36","5670",1,"TUR"
"3648","5670",1,"TUR"
"92","5671",2,"TUR"
"32","5672",1,"TUR"
"175","5672",1,"TUR"
"212","5673",1,"TUR"
"435","5673",1,"TUR"
"7","5674",1,"TUR"
"295","5674",1,"TUR"
"5","5675",1,"TUR"
"1293","5675",1,"TUR"
"3106","5675",1,"TUR"
"216","5676",1,"TUR"
"2034","5676",1,"TUR"
"5068","5676",1,"TUR"
"37","5677",1,"TUR"
"162","5677",1,"TUR"
"711","5677",1,"TUR"
"2","5678",1,"TUR"
"89","5678",1,"TUR"
"389","5678",1,"TUR"
"1792","5678",1,"TUR"
"71","5679",2,"TUR"
"91","5679",1,"TUR"
"25","5680",1,"TUR"
"2050","5680",1,"TUR"
"3867","5680",1,"TUR"
"27","5681",1,"TUR"
"202","5681",1,"TUR"
"422","5681",1,"TUR"
"1","5682",1,"TUR"
"190","5682",1,"TUR"
"192","5682",1,"TUR"
"3672","5682",1,"TUR"
"1","5683",1,"TUR"
"8","5683",1,"TUR"
"1564","5683",1,"TUR"
"1946","5684",1,"TUR"
"4014","5684",1,"TUR"
"4816","5684",1,"TUR"
"1","5685",1,"TUR"
"50","5685",1,"TUR"
"1160","5685",1,"TUR"
"2389","5685",1,"TUR"
"386","5686",1,"TUR"
"447","5686",1,"TUR"
"510","5686",1,"TUR"
"178","5687",1,"TUR"
"1019","5687",1,"TUR"
"1045","5687",1,"TUR"
"1","5688",1,"TUR"
"294","5688",1,"TUR"
"2098","5688",1,"TUR"
"5","5689",1,"TUR"
"1259","5689",1,"TUR"
"1539","5689",1,"TUR"
"4011","5689",1,"TUR"
"199","5690",1,"TUR"
"4323","5690",1,"TUR"
"4562","5690",1,"TUR"
"37","5691",1,"TUR"
"42","5691",1,"TUR"
"1153","5691",1,"TUR"
"1680","5691",1,"TUR"
"10","5692",1,"TUR"
"391","5692",1,"TUR"
"592","5692",1,"TUR"
"2860","5692",1,"TUR"
"3","5693",1,"TUR"
"501","5693",1,"TUR"
"4521","5693",2,"TUR"
"2","5694",1,"TUR"
"6","5694",1,"TUR"
"1270","5694",1,"TUR"
"1657","5694",1,"TUR"
"3","5695",1,"TUR"
"2471","5695",1,"TUR"
"4616","5695",1,"TUR"
"5236","5695",1,"TUR"
"1","5696",1,"TUR"
"2695","5696",1,"TUR"
"5","5697",1,"TUR"
"878","5697",1,"TUR"
"2653","5697",1,"TUR"
"1","5698",1,"TUR"
"19","5698",1,"TUR"
"1129","5698",1,"TUR"
"2","5699",1,"TUR"
"10","5699",1,"TUR"
"47","5699",1,"TUR"
"157","5699",1,"TUR"
"1135","5700",1,"TUR"
"2691","5700",1,"TUR"
"3760","5700",1,"TUR"
"74","5701",1,"TUR"
"640","5701",1,"TUR"
"28","5702",1,"TUR"
"4158","5702",1,"TUR"
"1147","5703",1,"TUR"
"2814","5703",1,"TUR"
"145","5704",1,"TUR"
"155","5704",1,"TUR"
"288","5704",1,"TUR"
"391","5704",1,"TUR"
"3376","5705",1,"TUR"
"5206","5705",1,"TUR"
"1","5706",1,"TUR"
"137","5706",1,"TUR"
"2260","5706",1,"TUR"
"12","5707",1,"TUR"
"18","5707",1,"TUR"
"21","5708",1,"TUR"
"74","5708",1,"TUR"
"391","5708",1,"TUR"
"2640","5708",1,"TUR"
"2","5709",1,"TUR"
"63","5709",1,"TUR"
"163","5709",1,"TUR"
"146","5710",1,"TUR"
"1309","5710",1,"TUR"
"1602","5710",1,"TUR"
"3291","5710",1,"TUR"
"28","5711",1,"TUR"
"229","5711",1,"TUR"
"384","5711",1,"TUR"
"3872","5711",1,"TUR"
"1","5712",1,"TUR"
"57","5712",1,"TUR"
"109","5712",1,"TUR"
"3056","5712",1,"TUR"
"1","5713",1,"TUR"
"8","5713",2,"TUR"
"2540","5714",1,"TUR"
"4781","5714",1,"TUR"
"1","5715",1,"TUR"
"424","5715",1,"TUR"
"4761","5715",1,"TUR"
"57","5716",1,"TUR"
"1868","5716",1,"TUR"
"1934","5716",1,"TUR"
"4034","5716",1,"TUR"
"328","5717",1,"TUR"
"449","5717",1,"TUR"
"10","5718",1,"TUR"
"11","5719",1,"TUR"
"87","5719",1,"TUR"
"106","5719",1,"TUR"
"1","5720",1,"TUR"
"2","5720",1,"TUR"
"3814","5720",1,"TUR"
"4","5721",1,"TUR"
"1242","5721",1,"TUR"
"2306","5722",1,"TUR"
"94","5723",2,"TUR"
"104","5723",1,"TUR"
"262","5723",1,"TUR"
"55","5724",1,"TUR"
"737","5724",1,"TUR"
"1349","5724",1,"TUR"
"1274","5725",1,"TUR"
"4158","5725",1,"TUR"
"5083","5725",1,"TUR"
"780","5726",1,"TUR"
"3386","5726",1,"TUR"
"4934","5726",1,"TUR"
"5","5727",1,"TUR"
"132","5727",1,"TUR"
"258","5727",1,"TUR"
"1547","5728",1,"TUR"
"3671","5728",1,"TUR"
"44","5729",1,"TUR"
"156","5729",1,"TUR"
"1120","5729",1,"TUR"
"1535","5729",1,"TUR"
"6","5730",1,"TUR"
"320","5730",1,"TUR"
"2316","5730",2,"TUR"
"1","5731",1,"TUR"
"18","5731",1,"TUR"
"113","5731",1,"TUR"
"1303","5731",1,"TUR"
"766","5732",1,"TUR"
"929","5732",1,"TUR"
"1856","5732",1,"TUR"
"3270","5732",1,"TUR"
"189","5733",1,"TUR"
"602","5733",1,"TUR"
"2071","5733",1,"TUR"
"28","5734",1,"TUR"
"4436","5734",1,"TUR"
"5640","5734",1,"TUR"
"55","5735",1,"TUR"
"1783","5735",1,"TUR"
"3171","5735",1,"TUR"
"3","5736",1,"TUR"
"42","5736",1,"TUR"
"63","5736",1,"TUR"
"596","5737",1,"TUR"
"753","5737",1,"TUR"
"5015","5737",2,"TUR"
"1767","5738",1,"TUR"
"2133","5738",1,"TUR"
"2236","5738",1,"TUR"
"76","5739",1,"TUR"
"1297","5739",1,"TUR"
"1752","5739",1,"TUR"
"255","5740",2,"TUR"
"684","5740",2,"TUR"
"113","5741",1,"TUR"
"685","5741",1,"TUR"
"2063","5741",1,"TUR"
"2434","5741",1,"TUR"
"1","5742",1,"TUR"
"212","5742",1,"TUR"
"3623","5742",1,"TUR"
"5620","5742",1,"TUR"
"5","5743",1,"TUR"
"2174","5743",1,"TUR"
"106","5744",1,"TUR"
"1953","5744",1,"TUR"
"9","5745",1,"TUR"
"119","5745",1,"TUR"
"1691","5745",1,"TUR"
"3595","5745",1,"TUR"
"597","5746",1,"TUR"
"1781","5746",1,"TUR"
"2453","5746",1,"TUR"
"4884","5746",1,"TUR"
"2","5747",1,"TUR"
"1537","5747",1,"TUR"
"1702","5747",1,"TUR"
"2282","5747",1,"TUR"
"9","5748",1,"TUR"
"835","5748",1,"TUR"
"3334","5748",1,"TUR"
"1380","5749",2,"TUR"
"5151","5749",1,"TUR"
"98","5750",1,"TUR"
"1827","5750",1,"TUR"
"5750","5750",1,"TUR"
"213","5751",2,"TUR"
"2198","5751",1,"TUR"
"2841","5751",1,"TUR"
"585","5752",2,"TUR"
"1281","5752",1,"TUR"
"3580","5752",1,"TUR"
"3","5753",1,"TUR"
"370","5753",1,"TUR"
"2973","5753",1,"TUR"
"146","5754",1,"TUR"
"619","5754",1,"TUR"
"1126","5754",1,"TUR"
"3366","5754",1,"TUR"
"80","5755",1,"TUR"
"320","5755",1,"TUR"
"2738","5755",1,"TUR"
"43","5756",1,"TUR"
"57","5756",2,"TUR"
"2","5757",1,"TUR"
"3","5757",1,"TUR"
"17","5757",1,"TUR"
"3472","5757",1,"TUR"
"8","5758",1,"TUR"
"54","5758",1,"TUR"
"4101","5758",1,"TUR"
"2","5759",1,"TUR"
"3","5759",1,"TUR"
"6","5759",1,"TUR"
"27","5760",1,"TUR"
"85","5760",1,"TUR"
"2908","5760",1,"TUR"
"2","5761",1,"TUR"
"67","5761",1,"TUR"
"509","5761",1,"TUR"
"984","5761",1,"TUR"
"3795","5762",1,"TUR"
"350","5763",1,"TUR"
"495","5763",1,"TUR"
"519","5763",1,"TUR"
"5601","5763",1,"TUR"
"1419","5764",1,"TUR"
"1544","5764",1,"TUR"
"4204","5764",1,"TUR"
"4623","5764",1,"TUR"
"16","5765",1,"TUR"
"1009","5765",1,"TUR"
"1504","5765",1,"TUR"
"2559","5765",1,"TUR"
"27","5766",1,"TUR"
"93","5766",1,"TUR"
"3130","5766",1,"TUR"
"28","5767",2,"TUR"
"70","5767",1,"TUR"
"4006","5767",1,"TUR"
"654","5768",1,"TUR"
"1234","5768",1,"TUR"
"3737","5768",1,"TUR"
"28","5769",1,"TUR"
"320","5769",1,"TUR"
"1015","5769",1,"TUR"
"2534","5769",1,"TUR"
"2","5770",1,"TUR"
"8","5770",1,"TUR"
"819","5770",1,"TUR"
"5516","5770",1,"TUR"
"111","5771",1,"TUR"
"608","5771",1,"TUR"
"1401","5771",1,"TUR"
"1617","5771",1,"TUR"
"25","5772",1,"TUR"
"54","5772",2,"TUR"
"1546","5772",1,"TUR"
"227","5773",1,"TUR"
"1902","5773",1,"TUR"
"3462","5773",1,"TUR"
"86","5774",1,"TUR"
"339","5774",1,"TUR"
"409","5774",1,"TUR"
"743","5774",1,"TUR"
"93","5775",1,"TUR"
"518","5775",1,"TUR"
"807","5775",1,"TUR"
"877","5775",1,"TUR"
"11","5776",1,"TUR"
"403","5776",1,"TUR"
"441","5776",1,"TUR"
"3719","5776",1,"TUR"
"25","5777",1,"TUR"
"78","5777",1,"TUR"
"194","5777",1,"TUR"
"868","5777",1,"TUR"
"78","5778",1,"TUR"
"194","5778",1,"TUR"
"484","5778",1,"TUR"
"1428","5778",1,"TUR"
"1","5779",1,"TUR"
"183","5779",1,"TUR"
"484","5779",1,"TUR"
"905","5779",1,"TUR"
"2","5780",1,"TUR"
"141","5780",1,"TUR"
"617","5780",1,"TUR"
"799","5780",1,"TUR"
"1","5781",1,"TUR"
"143","5781",1,"TUR"
"1227","5781",1,"TUR"
"2","5782",1,"TUR"
"71","5782",1,"TUR"
"1498","5782",1,"TUR"
"5289","5782",1,"TUR"
"141","5783",1,"TUR"
"1906","5783",1,"TUR"
"3781","5783",1,"TUR"
"1966","5784",1,"TUR"
"2662","5784",1,"TUR"
"3238","5784",1,"TUR"
"174","5785",1,"TUR"
"290","5785",1,"TUR"
"1550","5785",1,"TUR"
"5105","5785",1,"TUR"
"113","5786",2,"TUR"
"1994","5786",1,"TUR"
"4688","5786",1,"TUR"
"51","5787",1,"TUR"
"659","5787",1,"TUR"
"4734","5787",1,"TUR"
"5268","5787",1,"TUR"
"6","5788",1,"TUR"
"60","5788",1,"TUR"
"1015","5788",1,"TUR"
"5762","5788",1,"TUR"
"2","5789",1,"TUR"
"9","5789",1,"TUR"
"28","5789",1,"TUR"
"2510","5789",1,"TUR"
"12","5790",1,"TUR"
"108","5790",1,"TUR"
"155","5790",1,"TUR"
"633","5790",1,"TUR"
"2","5791",1,"TUR"
"480","5791",1,"TUR"
"621","5791",1,"TUR"
"2300","5791",1,"TUR"
"3","5792",1,"TUR"
"33","5792",1,"TUR"
"153","5792",1,"TUR"
"813","5792",1,"TUR"
"1","5793",1,"TUR"
"2","5793",1,"TUR"
"2245","5793",1,"TUR"
"5471","5793",1,"TUR"
"18","5794",1,"TUR"
"110","5794",1,"TUR"
"829","5794",1,"TUR"
"1086","5794",1,"TUR"
"603","5795",1,"TUR"
"746","5795",1,"TUR"
"5368","5795",1,"TUR"
"52","5796",1,"TUR"
"95","5796",1,"TUR"
"332","5796",1,"TUR"
"351","5797",1,"TUR"
"373","5797",1,"TUR"
"1185","5797",1,"TUR"
"3","5798",1,"TUR"
"95","5798",1,"TUR"
"1082","5798",1,"TUR"
"1505","5798",1,"TUR"
"3","5799",1,"TUR"
"95","5799",1,"TUR"
"374","5799",1,"TUR"
"3215","5799",1,"TUR"
"2","5800",1,"TUR"
"10","5800",1,"TUR"
"45","5800",1,"TUR"
"172","5800",1,"TUR"
"1","5801",1,"TUR"
"96","5801",1,"TUR"
"804","5801",1,"TUR"
"4754","5801",1,"TUR"
"42","5802",1,"TUR"
"1059","5802",1,"TUR"
"4577","5802",1,"TUR"
"5546","5802",1,"TUR"
"3","5803",1,"TUR"
"42","5803",1,"TUR"
"1281","5803",1,"TUR"
"1395","5803",1,"TUR"
"15","5804",1,"TUR"
"90","5804",1,"TUR"
"1875","5804",1,"TUR"
"2881","5804",1,"TUR"
"1","5805",1,"TUR"
"619","5805",1,"TUR"
"1773","5805",1,"TUR"
"2567","5805",1,"TUR"
"26","5806",1,"TUR"
"1923","5806",1,"TUR"
"2065","5806",1,"TUR"
"4464","5806",1,"TUR"
"1308","5807",1,"TUR"
"2723","5807",1,"TUR"
"3706","5807",1,"TUR"
"1","5808",1,"TUR"
"13","5808",1,"TUR"
"71","5808",1,"TUR"
"162","5808",1,"TUR"
"1","5809",1,"TUR"
"209","5809",1,"TUR"
"851","5809",2,"TUR"
"14","5810",1,"TUR"
"237","5810",1,"TUR"
"1384","5810",1,"TUR"
"3955","5810",1,"TUR"
"24","5811",1,"TUR"
"27","5811",1,"TUR"
"247","5811",1,"TUR"
"2815","5811",1,"TUR"
"1","5812",1,"TUR"
"12","5812",1,"TUR"
"630","5812",1,"TUR"
"782","5813",1,"TUR"
"5507","5813",1,"TUR"
"18","5814",1,"TUR"
"485","5814",1,"TUR"
"3","5815",1,"TUR"
"4","5815",1,"TUR"
"142","5815",1,"TUR"
"2189","5815",1,"TUR"
"141","5816",1,"TUR"
"1330","5816",1,"TUR"
"1590","5816",1,"TUR"
"623","5817",1,"TUR"
"1704","5817",1,"TUR"
"1929","5817",1,"TUR"
"2648","5817",1,"TUR"
"39","5818",1,"TUR"
"137","5818",1,"TUR"
"532","5818",1,"TUR"
"3964","5818",1,"TUR"
"82","5819",1,"TUR"
"142","5819",1,"TUR"
"446","5819",1,"TUR"
"4195","5819",1,"TUR"
"2","5820",1,"TUR"
"76","5820",1,"TUR"
"274","5820",1,"TUR"
"361","5820",1,"TUR"
"107","5821",1,"TUR"
"294","5821",1,"TUR"
"5477","5821",1,"TUR"
"5722","5821",1,"TUR"
"3","5822",1,"TUR"
"590","5822",2,"TUR"
"2744","5822",1,"TUR"
"12","5823",1,"TUR"
"363","5823",1,"TUR"
"673","5823",1,"TUR"
"2","5824",1,"TUR"
"6","5824",1,"TUR"
"129","5824",1,"TUR"
"400","5824",1,"TUR"
"30","5825",1,"TUR"
"54","5825",1,"TUR"
"1129","5825",1,"TUR"
"3364","5825",1,"TUR"
"1","5826",2,"TUR"
"2400","5826",1,"TUR"
"4","5827",1,"TUR"
"60","5827",1,"TUR"
"2782","5827",1,"TUR"
"5078","5827",1,"TUR"
"569","5828",1,"TUR"
"2812","5828",1,"TUR"
"3547","5828",1,"TUR"
"156","5829",1,"TUR"
"2125","5829",1,"TUR"
"4495","5829",1,"TUR"
"428","5830",1,"TUR"
"475","5830",1,"TUR"
"865","5830",1,"TUR"
"2478","5830",1,"TUR"
"14","5831",1,"TUR"
"687","5831",1,"TUR"
"2951","5831",1,"TUR"
"1","5832",1,"TUR"
"7","5832",1,"TUR"
"381","5832",1,"TUR"
"764","5832",1,"TUR"
"1","5833",1,"TUR"
"81","5833",1,"TUR"
"784","5833",1,"TUR"
"3","5834",1,"TUR"
"205","5834",1,"TUR"
"339","5834",1,"TUR"
"4304","5834",1,"TUR"
"157","5835",1,"TUR"
"901","5835",1,"TUR"
"1609","5835",1,"TUR"
"2790","5835",1,"TUR"
"979","5836",2,"TUR"
"1889","5836",1,"TUR"
"2347","5836",1,"TUR"
"37","5837",1,"TUR"
"566","5837",1,"TUR"
"2099","5837",1,"TUR"
"2403","5837",1,"TUR"
"20","5838",1,"TUR"
"42","5838",1,"TUR"
"70","5838",1,"TUR"
"287","5838",1,"TUR"
"69","5839",1,"TUR"
"677","5839",1,"TUR"
"931","5839",1,"TUR"
"1686","5839",1,"TUR"
"4","5840",1,"TUR"
"841","5840",1,"TUR"
"5","5841",1,"TUR"
"51","5841",1,"TUR"
"155","5841",1,"TUR"
"487","5841",1,"TUR"
"1","5842",1,"TUR"
"8","5842",1,"TUR"
"4989","5842",1,"TUR"
"1","5843",1,"TUR"
"162","5843",1,"TUR"
"1477","5843",1,"TUR"
"44","5844",1,"TUR"
"96","5844",1,"TUR"
"344","5844",1,"TUR"
"409","5844",1,"TUR"
"2","5845",1,"TUR"
"4","5845",1,"TUR"
"210","5845",1,"TUR"
"1357","5845",1,"TUR"
"864","5846",1,"TUR"
"1863","5846",1,"TUR"
"4201","5846",1,"TUR"
"318","5847",1,"TUR"
"885","5847",1,"TUR"
"1102","5847",1,"TUR"
"1291","5847",1,"TUR"
"255","5848",1,"TUR"
"699","5848",1,"TUR"
"1891","5848",1,"TUR"
"2191","5848",1,"TUR"
"373","5849",1,"TUR"
"828","5849",1,"TUR"
"4100","5849",1,"TUR"
"3","5850",1,"TUR"
"71","5850",1,"TUR"
"564","5850",1,"TUR"
"92","5851",1,"TUR"
"1074","5851",1,"TUR"
"88","5852",1,"TUR"
"379","5852",1,"TUR"
"1","5853",1,"TUR"
"269","5853",1,"TUR"
"406","5853",1,"TUR"
"2321","5853",1,"TUR"
"2073","5854",1,"TUR"
"4165","5854",1,"TUR"
"4960","5854",1,"TUR"
"1531","5855",1,"TUR"
"1868","5855",1,"TUR"
"2938","5855",1,"TUR"
"2","5856",1,"TUR"
"97","5856",1,"TUR"
"440","5856",1,"TUR"
"795","5856",1,"TUR"
"1","5857",1,"TUR"
"6","5857",2,"TUR"
"1334","5857",1,"TUR"
"3","5858",1,"TUR"
"380","5858",1,"TUR"
"2764","5858",1,"TUR"
"4793","5858",1,"TUR"
"108","5859",1,"TUR"
"449","5859",1,"TUR"
"1231","5859",1,"TUR"
"428","5860",1,"TUR"
"602","5860",1,"TUR"
"1423","5860",1,"TUR"
"1466","5860",1,"TUR"
"2","5861",1,"TUR"
"622","5861",1,"TUR"
"1344","5861",1,"TUR"
"314","5862",1,"TUR"
"395","5862",1,"TUR"
"492","5862",1,"TUR"
"555","5862",1,"TUR"
"180","5863",1,"TUR"
"202","5863",1,"TUR"
"1448","5864",1,"TUR"
"4500","5864",1,"TUR"
"4","5865",1,"TUR"
"630","5865",1,"TUR"
"630","5866",1,"TUR"
"4299","5866",1,"TUR"
"97","5867",1,"TUR"
"474","5867",2,"TUR"
"189","5868",1,"TUR"
"1294","5868",1,"TUR"
"1305","5868",1,"TUR"
"5703","5868",1,"TUR"
"1","5869",1,"TUR"
"7","5869",1,"TUR"
"523","5869",2,"TUR"
"162","5870",1,"TUR"
"314","5870",1,"TUR"
"697","5870",1,"TUR"
"2","5871",2,"TUR"
"610","5871",1,"TUR"
"920","5871",1,"TUR"
"72","5872",1,"TUR"
"88","5872",1,"TUR"
"547","5872",1,"TUR"
"5244","5872",1,"TUR"
"173","5873",1,"TUR"
"264","5873",1,"TUR"
"651","5873",1,"TUR"
"1822","5873",1,"TUR"
"965","5874",2,"TUR"
"1612","5874",2,"TUR"
"1","5875",1,"TUR"
"2","5875",2,"TUR"
"1869","5875",1,"TUR"
"1","5876",1,"TUR"
"261","5876",1,"TUR"
"519","5876",1,"TUR"
"58","5877",1,"TUR"
"155","5877",1,"TUR"
"252","5877",1,"TUR"
"2631","5877",1,"TUR"
"54","5878",1,"TUR"
"63","5878",1,"TUR"
"751","5878",1,"TUR"
"1311","5878",1,"TUR"
"18","5879",1,"TUR"
"101","5879",1,"TUR"
"107","5879",1,"TUR"
"1187","5880",1,"TUR"
"2072","5880",1,"TUR"
"5743","5880",1,"TUR"
"5768","5880",1,"TUR"
"1","5881",1,"TUR"
"3737","5881",1,"TUR"
"5762","5881",1,"TUR"
"68","5882",1,"TUR"
"73","5882",1,"TUR"
"76","5882",1,"TUR"
"2024","5882",1,"TUR"
"122","5883",1,"TUR"
"841","5883",1,"TUR"
"3890","5883",1,"TUR"
"4597","5883",1,"TUR"
"1276","5884",1,"TUR"
"1487","5884",1,"TUR"
"3","5885",1,"TUR"
"271","5885",1,"TUR"
"1146","5885",1,"TUR"
"3132","5885",1,"TUR"
"9","5886",2,"TUR"
"287","5886",1,"TUR"
"1159","5886",1,"TUR"
"125","5887",1,"TUR"
"490","5887",1,"TUR"
"5884","5887",2,"TUR"
"1","5888",1,"TUR"
"24","5888",1,"TUR"
"926","5888",1,"TUR"
"3280","5888",1,"TUR"
"1462","5889",2,"TUR"
"1046","5890",1,"TUR"
"3088","5890",1,"TUR"
"7","5891",1,"TUR"
"599","5891",1,"TUR"
"857","5891",1,"TUR"
"1516","5891",1,"TUR"
"1","5892",1,"TUR"
"6","5892",1,"TUR"
"1226","5892",1,"TUR"
"2168","5892",1,"TUR"
"988","5893",1,"TUR"
"1517","5893",1,"TUR"
"4433","5893",1,"TUR"
"278","5894",1,"TUR"
"307","5894",1,"TUR"
"638","5894",1,"TUR"
"1294","5894",1,"TUR"
"120","5895",1,"TUR"
"1348","5895",1,"TUR"
"4","5896",1,"TUR"
"25","5896",1,"TUR"
"839","5896",1,"TUR"
"1","5897",1,"TUR"
"7","5897",1,"TUR"
"4470","5897",1,"TUR"
"440","5898",1,"TUR"
"3036","5898",1,"TUR"
"4404","5898",1,"TUR"
"4971","5898",1,"TUR"
"12","5899",2,"TUR"
"20","5899",1,"TUR"
"831","5899",1,"TUR"
"132","5900",2,"TUR"
"3162","5900",1,"TUR"
"5","5901",1,"TUR"
"79","5901",1,"TUR"
"3707","5901",2,"TUR"
"26","5902",1,"TUR"
"69","5902",1,"TUR"
"345","5902",1,"TUR"
"836","5902",1,"TUR"
"1","5903",1,"TUR"
"5","5903",1,"TUR"
"28","5903",1,"TUR"
"3726","5903",1,"TUR"
"445","5904",1,"TUR"
"564","5904",1,"TUR"
"670","5904",1,"TUR"
"984","5904",1,"TUR"
"619","5905",3,"TUR"
"1160","5905",1,"TUR"
"1","5906",2,"TUR"
"197","5906",2,"TUR"
"14","5907",1,"TUR"
"144","5907",1,"TUR"
"257","5907",1,"TUR"
"1082","5908",1,"TUR"
"21","5909",1,"TUR"
"292","5909",1,"TUR"
"303","5909",1,"TUR"
"13","5910",1,"TUR"
"333","5910",1,"TUR"
"348","5910",1,"TUR"
"4088","5910",1,"TUR"
"114","5911",1,"TUR"
"393","5911",1,"TUR"
"3113","5911",1,"TUR"
"4364","5911",1,"TUR"
"59","5912",1,"TUR"
"844","5912",1,"TUR"
"1851","5912",1,"TUR"
"2","5913",2,"TUR"
"118","5913",1,"TUR"
"1739","5913",1,"TUR"
"1","5914",1,"TUR"
"169","5914",1,"TUR"
"2971","5914",1,"TUR"
"4042","5914",1,"TUR"
"1","5915",1,"TUR"
"5","5915",1,"TUR"
"6","5915",1,"TUR"
"274","5915",1,"TUR"
"85","5916",1,"TUR"
"564","5916",1,"TUR"
"4540","5916",1,"TUR"
"14","5917",1,"TUR"
"86","5917",1,"TUR"
"770","5917",1,"TUR"
"113","5918",1,"TUR"
"1555","5918",1,"TUR"
"4","5919",1,"TUR"
"135","5919",1,"TUR"
"963","5919",1,"TUR"
"2143","5919",1,"TUR"
"2143","5920",1,"TUR"
"3633","5920",1,"TUR"
"4220","5920",1,"TUR"
"5672","5920",1,"TUR"
"119","5921",1,"TUR"
"146","5921",1,"TUR"
"926","5921",2,"TUR"
"7","5922",1,"TUR"
"208","5922",1,"TUR"
"2275","5922",1,"TUR"
"3247","5922",1,"TUR"
"1","5923",1,"TUR"
"6","5923",1,"TUR"
"926","5923",2,"TUR"
"2105","5924",1,"TUR"
"4981","5924",1,"TUR"
"5097","5924",1,"TUR"
"5870","5924",1,"TUR"
"4","5925",1,"TUR"
"11","5925",1,"TUR"
"589","5925",1,"TUR"
"3504","5925",1,"TUR"
"213","5926",1,"TUR"
"1537","5926",1,"TUR"
"2442","5926",1,"TUR"
"228","5927",1,"TUR"
"1475","5927",1,"TUR"
"1","5928",1,"TUR"
"52","5928",1,"TUR"
"945","5928",1,"TUR"
"3867","5928",1,"TUR"
"7","5929",1,"TUR"
"101","5929",1,"TUR"
"933","5929",1,"TUR"
"5","5930",1,"TUR"
"181","5930",1,"TUR"
"1049","5931",1,"TUR"
"2986","5931",1,"TUR"
"4076","5931",1,"TUR"
"4126","5931",1,"TUR"
"455","5932",1,"TUR"
"867","5932",1,"TUR"
"1332","5932",1,"TUR"
"3489","5932",1,"TUR"
"481","5933",1,"TUR"
"703","5933",1,"TUR"
"1164","5933",1,"TUR"
"2997","5933",1,"TUR"
"8","5934",1,"TUR"
"592","5934",1,"TUR"
"2084","5934",1,"TUR"
"7","5935",1,"TUR"
"89","5935",1,"TUR"
"998","5935",1,"TUR"
"3066","5935",1,"TUR"
"1","5936",1,"TUR"
"581","5936",1,"TUR"
"3249","5936",1,"TUR"
"4","5937",1,"TUR"
"13","5937",1,"TUR"
"283","5937",1,"TUR"
"44","5938",1,"TUR"
"5000","5938",1,"TUR"
"1","5939",1,"TUR"
"190","5939",1,"TUR"
"306","5939",1,"TUR"
"4087","5939",1,"TUR"
"15","5940",1,"TUR"
"109","5940",1,"TUR"
"1","5941",1,"TUR"
"3","5941",1,"TUR"
"7","5941",1,"TUR"
"5196","5941",1,"TUR"
"4","5942",1,"TUR"
"778","5942",1,"TUR"
"2","5943",1,"TUR"
"7","5943",1,"TUR"
"883","5943",1,"TUR"
"2431","5943",1,"TUR"
"98","5944",1,"TUR"
"292","5944",1,"TUR"
"603","5944",1,"TUR"
"1087","5944",1,"TUR"
"584","5945",1,"TUR"
"112","5946",1,"TUR"
"1100","5946",1,"TUR"
"1252","5946",2,"TUR"
"12","5947",1,"TUR"
"38","5947",1,"TUR"
"116","5947",1,"TUR"
"2874","5947",1,"TUR"
"31","5948",1,"TUR"
"225","5948",1,"TUR"
"1335","5948",1,"TUR"
"2085","5948",1,"TUR"
"1","5949",1,"TUR"
"621","5949",1,"TUR"
"6","5950",2,"TUR"
"1890","5950",2,"TUR"
"2747","5951",1,"TUR"
"4185","5951",1,"TUR"
"27","5952",1,"TUR"
"825","5952",1,"TUR"
"955","5952",1,"TUR"
"983","5952",1,"TUR"
"137","5953",1,"TUR"
"447","5953",1,"TUR"
"1740","5953",1,"TUR"
"1","5954",1,"TUR"
"297","5954",1,"TUR"
"835","5954",1,"TUR"
"5239","5954",1,"TUR"
"1","5955",1,"TUR"
"2","5955",1,"TUR"
"60","5955",1,"TUR"
"1854","5955",1,"TUR"
"1","5956",1,"TUR"
"2","5956",1,"TUR"
"2542","5956",1,"TUR"
"3958","5956",1,"TUR"
"33","5957",1,"TUR"
"533","5957",1,"TUR"
"1422","5957",1,"TUR"
"1814","5957",1,"TUR"
"2","5958",1,"TUR"
"14","5958",1,"TUR"
"2073","5958",1,"TUR"
"4","5959",1,"TUR"
"19","5959",1,"TUR"
"165","5959",1,"TUR"
"1","5960",1,"TUR"
"900","5960",2,"TUR"
"1138","5960",1,"TUR"
"3847","5961",1,"TUR"
"29","5962",1,"TUR"
"103","5962",1,"TUR"
"848","5962",1,"TUR"
"2","5963",1,"TUR"
"96","5963",1,"TUR"
"3814","5963",1,"TUR"
"2","5964",1,"TUR"
"3","5964",1,"TUR"
"57","5964",1,"TUR"
"359","5964",1,"TUR"
"3","5965",1,"TUR"
"442","5965",1,"TUR"
"699","5965",1,"TUR"
"1274","5965",1,"TUR"
"2","5966",1,"TUR"
"225","5966",1,"TUR"
"336","5966",1,"TUR"
"2968","5966",1,"TUR"
"15","5967",1,"TUR"
"43","5967",1,"TUR"
"906","5967",1,"TUR"
"148","5968",1,"TUR"
"620","5968",1,"TUR"
"740","5968",1,"TUR"
"815","5968",1,"TUR"
"3","5969",1,"TUR"
"96","5969",1,"TUR"
"369","5969",1,"TUR"
"894","5970",1,"TUR"
"1015","5970",1,"TUR"
"143","5971",1,"TUR"
"2150","5971",1,"TUR"
"2490","5971",1,"TUR"
"4684","5971",1,"TUR"
"290","5972",1,"TUR"
"748","5972",1,"TUR"
"1810","5972",1,"TUR"
"2","5973",1,"TUR"
"42","5973",1,"TUR"
"178","5973",1,"TUR"
"216","5973",1,"TUR"
"3","5974",1,"TUR"
"235","5974",1,"TUR"
"401","5974",1,"TUR"
"463","5975",1,"TUR"
"997","5975",1,"TUR"
"2945","5975",1,"TUR"
"5","5976",1,"TUR"
"1313","5976",1,"TUR"
"1724","5976",1,"TUR"
"4953","5976",1,"TUR"
"2","5977",1,"TUR"
"250","5977",1,"TUR"
"1252","5977",1,"TUR"
"2530","5977",1,"TUR"
"260","5978",1,"TUR"
"2225","5978",1,"TUR"
"4911","5978",1,"TUR"
"5030","5978",1,"TUR"
"116","5979",1,"TUR"
"243","5979",1,"TUR"
"377","5979",1,"TUR"
"1831","5979",1,"TUR"
"212","5980",1,"TUR"
"462","5980",1,"TUR"
"2482","5980",1,"TUR"
"1","5981",1,"TUR"
"1248","5981",1,"TUR"
"1770","5981",1,"TUR"
"2592","5981",1,"TUR"
"1","5982",1,"TUR"
"479","5982",1,"TUR"
"1332","5982",1,"TUR"
"83","5983",1,"TUR"
"249","5983",1,"TUR"
"330","5983",1,"TUR"
"4134","5983",1,"TUR"
"3","5984",1,"TUR"
"7","5984",1,"TUR"
"204","5984",1,"TUR"
"2769","5984",1,"TUR"
"1197","5985",1,"TUR"
"1505","5985",1,"TUR"
"1646","5985",1,"TUR"
"1904","5985",1,"TUR"
"10","5986",1,"TUR"
"29","5986",1,"TUR"
"3831","5986",1,"TUR"
"5797","5986",1,"TUR"
"40","5987",1,"TUR"
"386","5987",1,"TUR"
"1279","5987",1,"TUR"
"5","5988",1,"TUR"
"6","5988",1,"TUR"
"2705","5988",1,"TUR"
"5854","5988",1,"TUR"
"4","5989",1,"TUR"
"136","5989",1,"TUR"
"617","5989",1,"TUR"
"93","5990",1,"TUR"
"4936","5990",1,"TUR"
"5942","5990",2,"TUR"
"21","5991",1,"TUR"
"362","5991",1,"TUR"
"2141","5991",1,"TUR"
"2","5992",1,"TUR"
"10","5992",1,"TUR"
"124","5992",1,"TUR"
"1841","5992",1,"TUR"
"819","5993",1,"TUR"
"839","5993",1,"TUR"
"1587","5993",1,"TUR"
"3231","5993",1,"TUR"
"7","5994",2,"TUR"
"1073","5994",1,"TUR"
"1","5995",1,"TUR"
"36","5995",1,"TUR"
"1328","5995",1,"TUR"
"2","5996",1,"TUR"
"1312","5996",1,"TUR"
"64","5997",1,"TUR"
"2512","5998",1,"TUR"
"160","5999",1,"TUR"
"2512","5999",1,"TUR"
"30","6000",1,"TUR"
"254","6000",1,"TUR"
"826","6000",1,"TUR"
"841","6000",1,"TUR"
"926","6001",1,"TUR"
"3599","6001",1,"TUR"
"370","6002",1,"TUR"
"1816","6002",1,"TUR"
"1958","6002",1,"TUR"
"2752","6002",1,"TUR"
"14","6003",1,"TUR"
"88","6003",1,"TUR"
"572","6003",1,"TUR"
"1631","6003",1,"TUR"
"1","6004",1,"TUR"
"3","6004",1,"TUR"
"404","6004",1,"TUR"
"1732","6004",1,"TUR"
"321","6005",1,"TUR"
"985","6005",1,"TUR"
"2534","6005",1,"TUR"
"2","6006",1,"TUR"
"56","6006",1,"TUR"
"105","6006",1,"TUR"
"1788","6006",1,"TUR"
"274","6007",1,"TUR"
"971","6007",1,"TUR"
"2723","6007",1,"TUR"
"2993","6007",1,"TUR"
"105","6008",1,"TUR"
"874","6008",1,"TUR"
"241","6009",1,"TUR"
"2436","6009",1,"TUR"
"5879","6009",1,"TUR"
"5997","6009",1,"TUR"
"35","6010",1,"TUR"
"131","6010",1,"TUR"
"195","6010",1,"TUR"
"4691","6010",1,"TUR"
"5","6011",1,"TUR"
"132","6011",1,"TUR"
"1007","6011",1,"TUR"
"99","6012",1,"TUR"
"485","6012",1,"TUR"
"2564","6012",1,"TUR"
"7","6013",1,"TUR"
"40","6013",1,"TUR"
"2019","6013",1,"TUR"
"4978","6013",1,"TUR"
"3","6014",1,"TUR"
"10","6014",1,"TUR"
"75","6014",1,"TUR"
"174","6014",1,"TUR"
"6","6015",1,"TUR"
"113","6015",1,"TUR"
"2748","6015",1,"TUR"
"5285","6015",1,"TUR"
"57","6016",1,"TUR"
"274","6016",1,"TUR"
"1421","6016",1,"TUR"
"29","6017",1,"TUR"
"154","6017",1,"TUR"
"2437","6017",1,"TUR"
"417","6018",1,"TUR"
"2385","6018",1,"TUR"
"2809","6018",1,"TUR"
"5034","6018",1,"TUR"
"5","6019",1,"TUR"
"152","6019",1,"TUR"
"172","6019",1,"TUR"
"615","6019",1,"TUR"
"23","6020",1,"TUR"
"708","6020",1,"TUR"
"5113","6020",1,"TUR"
"1","6021",1,"TUR"
"2015","6021",2,"TUR"
"2241","6021",1,"TUR"
"1","6022",1,"TUR"
"4","6022",1,"TUR"
"471","6022",1,"TUR"
"1192","6022",1,"TUR"
"61","6023",1,"TUR"
"442","6023",1,"TUR"
"942","6023",1,"TUR"
"3071","6023",1,"TUR"
"148","6024",1,"TUR"
"162","6024",1,"TUR"
"961","6024",2,"TUR"
"41","6025",1,"TUR"
"105","6025",1,"TUR"
"513","6025",1,"TUR"
"771","6025",1,"TUR"
"8","6026",1,"TUR"
"13","6026",1,"TUR"
"162","6026",1,"TUR"
"10","6027",1,"TUR"
"85","6027",1,"TUR"
"296","6027",1,"TUR"
"1355","6027",1,"TUR"
"257","6028",1,"TUR"
"2998","6028",1,"TUR"
"3075","6028",1,"TUR"
"64","6029",1,"TUR"
"1075","6029",1,"TUR"
"80","6030",1,"TUR"
"1176","6030",1,"TUR"
"1425","6030",1,"TUR"
"2331","6030",1,"TUR"
"119","6031",1,"TUR"
"422","6031",1,"TUR"
"1308","6031",1,"TUR"
"3551","6031",1,"TUR"
"24","6032",1,"TUR"
"137","6032",1,"TUR"
"189","6032",1,"TUR"
"627","6032",1,"TUR"
"1","6033",1,"TUR"
"32","6033",1,"TUR"
"5724","6033",1,"TUR"
"6","6034",1,"TUR"
"970","6034",1,"TUR"
"4284","6034",1,"TUR"
"6","6035",2,"TUR"
"60","6035",1,"TUR"
"2204","6035",1,"TUR"
"5","6036",1,"TUR"
"378","6036",1,"TUR"
"4234","6036",1,"TUR"
"5","6037",1,"TUR"
"780","6037",1,"TUR"
"1013","6037",1,"TUR"
"1074","6037",1,"TUR"
"1013","6038",2,"TUR"
"3386","6038",1,"TUR"
"5726","6038",1,"TUR"
"287","6039",1,"TUR"
"648","6039",2,"TUR"
"18","6040",1,"TUR"
"86","6040",1,"TUR"
"151","6040",1,"TUR"
"1319","6040",1,"TUR"
"261","6041",1,"TUR"
"331","6041",1,"TUR"
"2457","6041",2,"TUR"
"137","6042",1,"TUR"
"747","6042",1,"TUR"
"3772","6042",1,"TUR"
"4436","6042",1,"TUR"
"1","6043",1,"TUR"
"49","6043",1,"TUR"
"98","6043",1,"TUR"
"404","6043",1,"TUR"
"5","6044",1,"TUR"
"1406","6044",1,"TUR"
"4771","6044",1,"TUR"
"18","6045",1,"TUR"
"2935","6045",1,"TUR"
"5135","6045",1,"TUR"
"5387","6045",1,"TUR"
"10","6046",1,"TUR"
"36","6046",1,"TUR"
"1157","6046",1,"TUR"
"1952","6046",1,"TUR"
"41","6047",1,"TUR"
"583","6047",1,"TUR"
"640","6047",1,"TUR"
"1973","6047",1,"TUR"
"234","6048",1,"TUR"
"309","6048",1,"TUR"
"809","6048",1,"TUR"
"1235","6048",1,"TUR"
"1","6049",1,"TUR"
"496","6049",1,"TUR"
"3042","6049",1,"TUR"
"111","6050",1,"TUR"
"191","6050",1,"TUR"
"858","6050",1,"TUR"
"4250","6050",1,"TUR"
"2","6051",1,"TUR"
"575","6051",1,"TUR"
"926","6051",1,"TUR"
"2639","6051",1,"TUR"
"108","6052",1,"TUR"
"1033","6052",1,"TUR"
"1335","6052",1,"TUR"
"5624","6052",1,"TUR"
"1","6053",1,"TUR"
"5","6053",1,"TUR"
"5784","6053",1,"TUR"
"655","6054",1,"TUR"
"1021","6054",1,"TUR"
"1118","6054",2,"TUR"
"12","6055",1,"TUR"
"38","6055",1,"TUR"
"761","6055",1,"TUR"
"13","6056",1,"TUR"
"81","6056",1,"TUR"
"1298","6056",1,"TUR"
"4824","6056",1,"TUR"
"106","6057",1,"TUR"
"928","6057",1,"TUR"
"2483","6057",1,"TUR"
"2614","6057",1,"TUR"
"9","6058",1,"TUR"
"351","6058",1,"TUR"
"3011","6058",1,"TUR"
"3370","6058",1,"TUR"
"8","6059",1,"TUR"
"120","6059",1,"TUR"
"436","6059",1,"TUR"
"2","6060",2,"TUR"
"2","6061",2,"TUR"
"338","6061",1,"TUR"
"559","6061",1,"TUR"
"176","6062",1,"TUR"
"2240","6062",1,"TUR"
"4538","6062",1,"TUR"
"5826","6062",1,"TUR"
"3116","6063",1,"TUR"
"3770","6063",1,"TUR"
"4308","6063",1,"TUR"
"5645","6063",1,"TUR"
"187","6064",1,"TUR"
"215","6064",1,"TUR"
"1453","6064",1,"TUR"
"3277","6064",1,"TUR"
"41","6065",2,"TUR"
"384","6065",1,"TUR"
"3537","6065",1,"TUR"
"4","6066",1,"TUR"
"134","6066",1,"TUR"
"2220","6066",1,"TUR"
"5934","6066",1,"TUR"
"178","6067",1,"TUR"
"235","6067",1,"TUR"
"235","6068",2,"TUR"
"3170","6068",1,"TUR"
"4877","6068",1,"TUR"
"613","6069",1,"TUR"
"884","6069",1,"TUR"
"1518","6069",1,"TUR"
"1651","6069",1,"TUR"
"62","6070",1,"TUR"
"2007","6070",1,"TUR"
"2616","6070",1,"TUR"
"2","6071",1,"TUR"
"220","6071",1,"TUR"
"4772","6071",1,"TUR"
"211","6072",1,"TUR"
"940","6072",1,"TUR"
"3048","6072",1,"TUR"
"6","6073",1,"TUR"
"24","6073",1,"TUR"
"270","6073",1,"TUR"
"1","6074",1,"TUR"
"38","6074",1,"TUR"
"3825","6074",1,"TUR"
"4","6075",1,"TUR"
"132","6075",1,"TUR"
"514","6075",1,"TUR"
"853","6075",1,"TUR"
"43","6076",1,"TUR"
"91","6076",1,"TUR"
"4189","6076",1,"TUR"
"855","6077",1,"TUR"
"1846","6077",1,"TUR"
"5237","6077",1,"TUR"
"5796","6077",1,"TUR"
"1","6078",1,"TUR"
"19","6078",2,"TUR"
"2048","6078",1,"TUR"
"30","6079",1,"TUR"
"51","6079",1,"TUR"
"112","6079",1,"TUR"
"5881","6079",1,"TUR"
"124","6080",1,"TUR"
"694","6080",1,"TUR"
"22","6081",1,"TUR"
"31","6081",1,"TUR"
"69","6081",1,"TUR"
"922","6081",1,"TUR"
"24","6082",1,"TUR"
"290","6082",1,"TUR"
"1444","6082",1,"TUR"
"2372","6082",1,"TUR"
"144","6083",1,"TUR"
"224","6083",1,"TUR"
"723","6083",1,"TUR"
"5574","6083",1,"TUR"
"7","6084",1,"TUR"
"11","6084",1,"TUR"
"167","6084",1,"TUR"
"1","6085",1,"TUR"
"5","6085",1,"TUR"
"4090","6085",1,"TUR"
"2","6086",1,"TUR"
"167","6086",1,"TUR"
"4590","6086",1,"TUR"
"58","6087",1,"TUR"
"972","6087",1,"TUR"
"995","6087",1,"TUR"
"180","6088",1,"TUR"
"1636","6088",1,"TUR"
"3541","6088",1,"TUR"
"3","6089",2,"TUR"
"14","6089",1,"TUR"
"3903","6089",1,"TUR"
"12","6090",1,"TUR"
"20","6090",1,"TUR"
"46","6090",1,"TUR"
"1568","6090",1,"TUR"
"196","6091",2,"TUR"
"562","6091",1,"TUR"
"2241","6091",1,"TUR"
"12","6092",1,"TUR"
"28","6092",1,"TUR"
"37","6092",1,"TUR"
"396","6092",1,"TUR"
"36","6093",1,"TUR"
"85","6093",1,"TUR"
"143","6093",1,"TUR"
"1533","6093",1,"TUR"
"894","6094",1,"TUR"
"920","6094",1,"TUR"
"287","6095",1,"TUR"
"505","6095",1,"TUR"
"1630","6095",1,"TUR"
"22","6096",1,"TUR"
"1","6097",1,"TUR"
"113","6097",1,"TUR"
"338","6097",1,"TUR"
"601","6097",1,"TUR"
"77","6098",1,"TUR"
"150","6098",1,"TUR"
"267","6098",1,"TUR"
"1097","6098",1,"TUR"
"3","6099",1,"TUR"
"4","6099",1,"TUR"
"1072","6099",1,"TUR"
"2322","6099",1,"TUR"
"6","6100",1,"TUR"
"16","6100",1,"TUR"
"1533","6100",1,"TUR"
"1","6101",1,"TUR"
"11","6101",1,"TUR"
"4164","6101",1,"TUR"
"2","6102",1,"TUR"
"5","6102",1,"TUR"
"30","6102",1,"TUR"
"2513","6102",1,"TUR"
"1194","6103",1,"TUR"
"5114","6103",1,"TUR"
"8","6104",1,"TUR"
"36","6104",1,"TUR"
"44","6104",1,"TUR"
"380","6104",1,"TUR"
"12","6105",1,"TUR"
"5521","6105",1,"TUR"
"136","6106",1,"TUR"
"233","6106",1,"TUR"
"292","6106",1,"TUR"
"3240","6106",1,"TUR"
"1","6107",1,"TUR"
"2","6107",1,"TUR"
"3","6107",1,"TUR"
"481","6107",1,"TUR"
"4","6108",1,"TUR"
"401","6108",1,"TUR"
"3654","6108",1,"TUR"
"3840","6108",1,"TUR"
"25","6109",1,"TUR"
"777","6109",1,"TUR"
"1216","6109",1,"TUR"
"2347","6109",1,"TUR"
"283","6110",1,"TUR"
"1160","6110",1,"TUR"
"1528","6110",1,"TUR"
"67","6111",1,"TUR"
"69","6111",1,"TUR"
"1248","6111",2,"TUR"
"1","6112",1,"TUR"
"1828","6112",1,"TUR"
"2253","6112",1,"TUR"
"2","6113",1,"TUR"
"103","6113",1,"TUR"
"190","6113",1,"TUR"
"752","6114",2,"TUR"
"3634","6114",1,"TUR"
"4344","6114",1,"TUR"
"2","6115",1,"TUR"
"395","6115",1,"TUR"
"3052","6115",1,"TUR"
"3301","6115",1,"TUR"
"32","6116",1,"TUR"
"91","6116",1,"TUR"
"575","6116",1,"TUR"
"683","6116",1,"TUR"
"10","6117",1,"TUR"
"2064","6117",1,"TUR"
"2766","6117",1,"TUR"
"10","6118",1,"TUR"
"136","6118",1,"TUR"
"64","6119",1,"TUR"
"71","6119",1,"TUR"
"113","6119",1,"TUR"
"363","6120",1,"TUR"
"2162","6120",1,"TUR"
"3872","6120",1,"TUR"
"645","6121",1,"TUR"
"1277","6121",1,"TUR"
"580","6122",1,"TUR"
"2200","6122",1,"TUR"
"80","6123",1,"TUR"
"222","6123",1,"TUR"
"807","6123",2,"TUR"
"1","6124",1,"TUR"
"42","6124",1,"TUR"
"381","6124",1,"TUR"
"396","6124",1,"TUR"
"74","6125",1,"TUR"
"187","6125",1,"TUR"
"2721","6125",1,"TUR"
"4","6126",1,"TUR"
"688","6126",1,"TUR"
"1103","6126",1,"TUR"
"1690","6126",1,"TUR"
"6","6127",1,"TUR"
"85","6127",1,"TUR"
"1633","6127",2,"TUR"
"124","6128",1,"TUR"
"178","6128",1,"TUR"
"2322","6128",1,"TUR"
"85","6129",1,"TUR"
"1472","6129",1,"TUR"
"1685","6129",1,"TUR"
"5961","6129",1,"TUR"
"1","6130",1,"TUR"
"455","6130",1,"TUR"
"805","6130",1,"TUR"
"1059","6130",1,"TUR"
"31","6131",1,"TUR"
"247","6131",1,"TUR"
"1991","6131",1,"TUR"
"16","6132",2,"TUR"
"533","6132",1,"TUR"
"1583","6132",1,"TUR"
"4","6133",1,"TUR"
"151","6133",1,"TUR"
"1963","6133",1,"TUR"
"1","6134",1,"TUR"
"63","6134",1,"TUR"
"124","6134",1,"TUR"
"200","6134",1,"TUR"
"157","6135",1,"TUR"
"897","6135",1,"TUR"
"1143","6135",1,"TUR"
"1343","6135",1,"TUR"
"1","6136",2,"TUR"
"1101","6136",1,"TUR"
"1585","6136",1,"TUR"
"126","6137",1,"TUR"
"1059","6137",1,"TUR"
"2311","6137",1,"TUR"
"2667","6137",1,"TUR"
"157","6138",1,"TUR"
"222","6138",1,"TUR"
"554","6138",1,"TUR"
"2735","6138",1,"TUR"
"195","6139",1,"TUR"
"219","6139",1,"TUR"
"540","6139",1,"TUR"
"2870","6139",1,"TUR"
"303","6140",1,"TUR"
"4802","6140",1,"TUR"
"5160","6140",1,"TUR"
"2","6141",1,"TUR"
"119","6141",1,"TUR"
"2460","6141",1,"TUR"
"4796","6141",1,"TUR"
"145","6142",1,"TUR"
"211","6142",1,"TUR"
"267","6143",1,"TUR"
"283","6143",1,"TUR"
"346","6143",1,"TUR"
"90","6144",1,"TUR"
"505","6144",1,"TUR"
"2683","6144",1,"TUR"
"5718","6144",1,"TUR"
"1","6145",1,"TUR"
"5781","6145",1,"TUR"
"10","6147",1,"TUR"
"397","6147",1,"TUR"
"864","6147",1,"TUR"
"5783","6147",1,"TUR"
"103","6148",1,"TUR"
"340","6148",1,"TUR"
"422","6148",1,"TUR"
"2097","6148",1,"TUR"
"1","6149",1,"TUR"
"65","6149",1,"TUR"
"1505","6149",1,"TUR"
"5481","6149",1,"TUR"
"178","6150",2,"TUR"
"87","6151",1,"TUR"
"592","6151",1,"TUR"
"983","6151",1,"TUR"
"2930","6151",1,"TUR"
"1774","6152",1,"TUR"
"2637","6152",1,"TUR"
"5531","6152",1,"TUR"
"24","6153",1,"TUR"
"443","6153",1,"TUR"
"739","6153",1,"TUR"
"4300","6153",1,"TUR"
"4","6154",1,"TUR"
"40","6154",1,"TUR"
"132","6154",1,"TUR"
"220","6154",1,"TUR"
"3","6155",2,"TUR"
"533","6155",1,"TUR"
"45","6156",1,"TUR"
"1101","6156",1,"TUR"
"1891","6156",1,"TUR"
"6059","6156",1,"TUR"
"1331","6157",1,"TUR"
"1476","6157",1,"TUR"
"2274","6157",1,"TUR"
"4","6158",1,"TUR"
"7","6158",1,"TUR"
"173","6158",1,"TUR"
"2079","6158",1,"TUR"
"390","6159",1,"TUR"
"1761","6159",1,"TUR"
"2806","6159",1,"TUR"
"4679","6159",1,"TUR"
"4039","6160",1,"TUR"
"19","6161",1,"TUR"
"192","6161",2,"TUR"
"84","6162",1,"TUR"
"92","6162",1,"TUR"
"448","6162",1,"TUR"
"537","6162",1,"TUR"
"640","6163",1,"TUR"
"923","6163",1,"TUR"
"2007","6163",1,"TUR"
"2509","6163",1,"TUR"
"204","6164",1,"TUR"
"543","6164",1,"TUR"
"2119","6164",1,"TUR"
"225","6165",2,"TUR"
"254","6165",2,"TUR"
"487","6166",1,"TUR"
"1276","6166",1,"TUR"
"1331","6166",1,"TUR"
"120","6167",1,"TUR"
"361","6167",1,"TUR"
"6167","6167",1,"TUR"
"36","6168",1,"TUR"
"480","6168",1,"TUR"
"707","6168",1,"TUR"
"1459","6168",1,"TUR"
"12","6169",1,"TUR"
"29","6169",1,"TUR"
"161","6169",1,"TUR"
"585","6169",1,"TUR"
"1","6170",1,"TUR"
"621","6170",1,"TUR"
"1256","6170",1,"TUR"
"2308","6170",1,"TUR"
"1","6171",1,"TUR"
"44","6171",1,"TUR"
"131","6171",1,"TUR"
"192","6171",1,"TUR"
"90","6172",1,"TUR"
"131","6172",1,"TUR"
"341","6172",1,"TUR"
"464","6172",1,"TUR"
"42","6173",1,"TUR"
"56","6173",2,"TUR"
"4476","6173",1,"TUR"
"2","6174",1,"TUR"
"40","6174",1,"TUR"
"332","6174",1,"TUR"
"638","6174",1,"TUR"
"33","6175",1,"TUR"
"177","6175",2,"TUR"
"1982","6175",1,"TUR"
"2","6176",1,"TUR"
"30","6176",1,"TUR"
"510","6176",1,"TUR"
"1191","6176",1,"TUR"
"1","6177",1,"TUR"
"877","6177",1,"TUR"
"2803","6177",1,"TUR"
"5842","6177",1,"TUR"
"88","6178",1,"TUR"
"1967","6178",1,"TUR"
"4966","6178",1,"TUR"
"1","6179",1,"TUR"
"2","6179",1,"TUR"
"21","6179",1,"TUR"
"609","6179",1,"TUR"
"440","6180",1,"TUR"
"608","6180",1,"TUR"
"638","6180",1,"TUR"
"1206","6180",1,"TUR"
"10","6181",1,"TUR"
"616","6181",1,"TUR"
"1","6182",1,"TUR"
"236","6182",1,"TUR"
"1700","6182",1,"TUR"
"3831","6182",1,"TUR"
"1","6183",2,"TUR"
"659","6183",1,"TUR"
"1782","6183",1,"TUR"
"4309","6184",1,"TUR"
"4331","6184",1,"TUR"
"11","6185",1,"TUR"
"371","6185",1,"TUR"
"1381","6185",1,"TUR"
"7","6186",1,"TUR"
"721","6186",2,"TUR"
"779","6186",1,"TUR"
"8","6187",1,"TUR"
"60","6187",1,"TUR"
"1514","6187",1,"TUR"
"20","6188",1,"TUR"
"22","6188",1,"TUR"
"996","6188",1,"TUR"
"30","6189",1,"TUR"
"114","6189",1,"TUR"
"2595","6189",1,"TUR"
"4743","6189",1,"TUR"
"1","6190",1,"TUR"
"11","6190",1,"TUR"
"3761","6190",1,"TUR"
"7","6191",1,"TUR"
"687","6191",1,"TUR"
"1234","6191",1,"TUR"
"4892","6191",1,"TUR"
"10","6192",1,"TUR"
"81","6192",1,"TUR"
"3094","6192",1,"TUR"
"3566","6192",1,"TUR"
"49","6193",1,"TUR"
"68","6193",1,"TUR"
"632","6193",1,"TUR"
"1112","6193",1,"TUR"
"242","6194",1,"TUR"
"1336","6194",1,"TUR"
"4982","6194",2,"TUR"
"1","6195",1,"TUR"
"2487","6195",1,"TUR"
"2782","6195",1,"TUR"
"5037","6195",1,"TUR"
"17","6196",1,"TUR"
"120","6196",1,"TUR"
"352","6196",1,"TUR"
"1539","6196",1,"TUR"
"1000","6197",1,"TUR"
"1562","6197",1,"TUR"
"2095","6197",1,"TUR"
"311","6198",1,"TUR"
"423","6198",1,"TUR"
"557","6198",1,"TUR"
"311","6199",1,"TUR"
"2414","6199",1,"TUR"
"2698","6199",1,"TUR"
"3881","6199",1,"TUR"
"104","6200",1,"TUR"
"132","6200",1,"TUR"
"911","6200",1,"TUR"
"1247","6200",1,"TUR"
"3","6201",1,"TUR"
"93","6201",1,"TUR"
"1145","6201",1,"TUR"
"1764","6201",1,"TUR"
"1","6202",1,"TUR"
"4","6202",1,"TUR"
"174","6202",1,"TUR"
"891","6202",1,"TUR"
"9","6203",1,"TUR"
"10","6203",1,"TUR"
"2872","6203",1,"TUR"
"18","6204",1,"TUR"
"448","6204",1,"TUR"
"2112","6204",1,"TUR"
"1","6205",1,"TUR"
"752","6205",1,"TUR"
"1927","6205",1,"TUR"
"2825","6205",1,"TUR"
"1","6206",1,"TUR"
"13","6206",1,"TUR"
"163","6206",1,"TUR"
"214","6207",1,"TUR"
"993","6207",1,"TUR"
"1390","6207",1,"TUR"
"1938","6207",1,"TUR"
"66","6208",1,"TUR"
"2295","6208",1,"TUR"
"5328","6208",1,"TUR"
"1","6209",1,"TUR"
"52","6209",1,"TUR"
"735","6209",1,"TUR"
"3718","6209",1,"TUR"
"6","6210",1,"TUR"
"339","6210",1,"TUR"
"1092","6210",2,"TUR"
"11","6211",1,"TUR"
"430","6211",1,"TUR"
"488","6211",1,"TUR"
"1473","6211",1,"TUR"
"61","6212",1,"TUR"
"331","6212",1,"TUR"
"708","6212",1,"TUR"
"1018","6212",1,"TUR"
"1","6213",1,"TUR"
"2271","6213",1,"TUR"
"6155","6213",1,"TUR"
"10","6214",1,"TUR"
"115","6214",1,"TUR"
"1564","6214",1,"TUR"
"5863","6214",1,"TUR"
"48","6215",1,"TUR"
"560","6215",1,"TUR"
"1865","6215",1,"TUR"
"2869","6215",1,"TUR"
"98","6216",1,"TUR"
"731","6216",1,"TUR"
"1247","6216",1,"TUR"
"2155","6216",1,"TUR"
"1","6217",1,"TUR"
"5","6217",1,"TUR"
"517","6217",1,"TUR"
"2826","6217",1,"TUR"
"11","6218",1,"TUR"
"12","6218",1,"TUR"
"261","6218",1,"TUR"
"3784","6218",1,"TUR"
"40","6219",2,"TUR"
"120","6219",1,"TUR"
"1449","6219",1,"TUR"
"2","6220",1,"TUR"
"106","6220",1,"TUR"
"654","6220",1,"TUR"
"4","6221",1,"TUR"
"7","6221",1,"TUR"
"236","6221",1,"TUR"
"412","6221",1,"TUR"
"5","6222",1,"TUR"
"103","6222",1,"TUR"
"4481","6222",1,"TUR"
"34","6223",1,"TUR"
"125","6223",1,"TUR"
"226","6223",1,"TUR"
"829","6223",1,"TUR"
"4","6224",1,"TUR"
"24","6224",1,"TUR"
"86","6224",1,"TUR"
"1","6225",1,"TUR"
"3","6225",1,"TUR"
"75","6225",1,"TUR"
"131","6225",1,"TUR"
"5","6226",1,"TUR"
"856","6226",1,"TUR"
"4147","6226",1,"TUR"
"5626","6226",1,"TUR"
"1","6227",1,"TUR"
"2870","6227",1,"TUR"
"3070","6227",1,"TUR"
"8","6228",1,"TUR"
"25","6228",1,"TUR"
"993","6228",1,"TUR"
"6053","6228",1,"TUR"
"320","6229",1,"TUR"
"2571","6229",1,"TUR"
"3672","6229",1,"TUR"
"6067","6229",1,"TUR"
"1933","6230",2,"TUR"
"4206","6230",2,"TUR"
"28","6231",1,"TUR"
"232","6231",1,"TUR"
"1205","6231",1,"TUR"
"51","6232",1,"TUR"
"217","6232",1,"TUR"
"502","6232",1,"TUR"
"1126","6232",1,"TUR"
"374","6233",1,"TUR"
"514","6233",2,"TUR"
"761","6233",1,"TUR"
"225","6234",1,"TUR"
"468","6234",1,"TUR"
"4763","6234",1,"TUR"
"4992","6234",1,"TUR"
"3","6235",2,"TUR"
"32","6235",1,"TUR"
"2722","6235",1,"TUR"
"1","6236",2,"TUR"
"1670","6236",1,"TUR"
"2825","6236",1,"TUR"
"2","6237",2,"TUR"
"1269","6237",1,"TUR"
"2692","6237",1,"TUR"
"227","6238",1,"TUR"
"283","6238",1,"TUR"
"393","6238",1,"TUR"
"2707","6238",1,"TUR"
"195","6239",1,"TUR"
"386","6239",1,"TUR"
"2038","6239",1,"TUR"
"3197","6239",1,"TUR"
"195","6240",2,"TUR"
"434","6240",1,"TUR"
"954","6240",1,"TUR"
"23","6241",2,"TUR"
"1355","6241",2,"TUR"
"6","6242",1,"TUR"
"7","6242",1,"TUR"
"84","6242",1,"TUR"
"829","6242",1,"TUR"
"19","6243",1,"TUR"
"232","6243",1,"TUR"
"2668","6243",1,"TUR"
"6028","6243",1,"TUR"
"31","6244",1,"TUR"
"226","6244",1,"TUR"
"361","6244",1,"TUR"
"5093","6244",1,"TUR"
"1","6245",1,"TUR"
"6","6245",1,"TUR"
"101","6245",1,"TUR"
"483","6245",1,"TUR"
"16","6246",1,"TUR"
"26","6246",1,"TUR"
"1328","6246",1,"TUR"
"1591","6246",1,"TUR"
"992","6247",1,"TUR"
"1044","6247",1,"TUR"
"1045","6247",1,"TUR"
"1518","6247",1,"TUR"
"12","6248",1,"TUR"
"366","6248",1,"TUR"
"2845","6248",2,"TUR"
"932","6249",1,"TUR"
"1397","6249",1,"TUR"
"3813","6249",1,"TUR"
"5422","6249",1,"TUR"
"204","6250",1,"TUR"
"298","6250",1,"TUR"
"1954","6250",2,"TUR"
"1","6251",1,"TUR"
"347","6251",1,"TUR"
"1350","6251",1,"TUR"
"1563","6251",1,"TUR"
"34","6252",1,"TUR"
"103","6252",1,"TUR"
"154","6252",1,"TUR"
"3361","6252",1,"TUR"
"15","6253",1,"TUR"
"44","6253",1,"TUR"
"72","6253",1,"TUR"
"2795","6253",1,"TUR"
"1","6254",1,"TUR"
"153","6254",1,"TUR"
"374","6254",1,"TUR"
"520","6254",1,"TUR"
"1","6255",1,"TUR"
"37","6255",1,"TUR"
"67","6255",1,"TUR"
"1001","6255",1,"TUR"
"2","6256",1,"TUR"
"521","6256",1,"TUR"
"1192","6256",1,"TUR"
"1819","6256",1,"TUR"
"417","6257",1,"TUR"
"611","6257",1,"TUR"
"863","6257",1,"TUR"
"4716","6257",1,"TUR"
"2","6258",1,"TUR"
"1744","6258",1,"TUR"
"3657","6258",1,"TUR"
"17","6259",1,"TUR"
"558","6259",1,"TUR"
"1318","6259",1,"TUR"
"4628","6259",1,"TUR"
"82","6260",1,"TUR"
"266","6260",1,"TUR"
"539","6260",1,"TUR"
"558","6260",1,"TUR"
"1","6261",1,"TUR"
"44","6261",1,"TUR"
"1204","6261",2,"TUR"
"27","6262",1,"TUR"
"247","6262",2,"TUR"
"1264","6262",1,"TUR"
"3","6263",1,"TUR"
"297","6263",1,"TUR"
"3235","6263",1,"TUR"
"5625","6263",1,"TUR"
"541","6264",1,"TUR"
"1959","6264",1,"TUR"
"5366","6264",1,"TUR"
"1905","6265",1,"TUR"
"1922","6265",1,"TUR"
"2657","6265",1,"TUR"
"7","6266",1,"TUR"
"57","6266",1,"TUR"
"805","6266",1,"TUR"
"1254","6266",1,"TUR"
"1","6267",1,"TUR"
"12","6267",1,"TUR"
"20","6267",1,"TUR"
"72","6267",1,"TUR"
"1","6268",1,"TUR"
"5","6268",1,"TUR"
"448","6268",1,"TUR"
"4632","6268",1,"TUR"
"227","6269",1,"TUR"
"1448","6269",1,"TUR"
"4129","6269",1,"TUR"
"5972","6269",1,"TUR"
"787","6270",1,"TUR"
"2330","6270",1,"TUR"
"4715","6270",1,"TUR"
"5553","6270",1,"TUR"
"42","6271",1,"TUR"
"63","6271",1,"TUR"
"103","6271",1,"TUR"
"5758","6271",1,"TUR"
"7","6272",1,"TUR"
"785","6272",1,"TUR"
"1834","6272",1,"TUR"
"5940","6272",1,"TUR"
"15","6273",1,"TUR"
"2745","6273",2,"TUR"
"4680","6273",1,"TUR"
"139","6274",1,"TUR"
"58","6275",1,"TUR"
"1341","6275",1,"TUR"
"3311","6275",1,"TUR"
"5545","6275",1,"TUR"
"2","6276",1,"TUR"
"38","6276",1,"TUR"
"371","6276",1,"TUR"
"1304","6276",1,"TUR"
"2","6277",1,"TUR"
"21","6277",1,"TUR"
"33","6277",1,"TUR"
"1171","6277",1,"TUR"
"19","6278",2,"TUR"
"3644","6278",2,"TUR"
"3","6279",2,"TUR"
"9","6279",1,"TUR"
"2265","6279",1,"TUR"
"5","6280",1,"TUR"
"21","6280",1,"TUR"
"1431","6280",1,"TUR"
"2276","6280",1,"TUR"
"1","6281",1,"TUR"
"222","6281",1,"TUR"
"1015","6281",1,"TUR"
"5690","6281",1,"TUR"
"119","6282",1,"TUR"
"201","6282",1,"TUR"
"1101","6282",1,"TUR"
"1214","6282",1,"TUR"
"4","6283",1,"TUR"
"402","6283",1,"TUR"
"539","6283",1,"TUR"
"5823","6283",1,"TUR"
"1","6284",2,"TUR"
"868","6284",1,"TUR"
"3136","6284",1,"TUR"
"1","6285",1,"TUR"
"12","6285",1,"TUR"
"994","6285",1,"TUR"
"3912","6285",1,"TUR"
"1290","6286",1,"TUR"
"3531","6286",1,"TUR"
"4181","6286",1,"TUR"
"7","6287",1,"TUR"
"90","6287",1,"TUR"
"130","6287",1,"TUR"
"1434","6287",1,"TUR"
"575","6288",1,"TUR"
"1397","6288",1,"TUR"
"3461","6288",1,"TUR"
"24","6289",1,"TUR"
"39","6289",2,"TUR"
"1660","6289",1,"TUR"
"1","6290",1,"TUR"
"23","6290",1,"TUR"
"94","6290",1,"TUR"
"1969","6290",1,"TUR"
"1","6291",1,"TUR"
"20","6291",1,"TUR"
"86","6291",1,"TUR"
"1035","6291",1,"TUR"
"5","6292",1,"TUR"
"1345","6292",1,"TUR"
"2526","6292",1,"TUR"
"1","6293",2,"TUR"
"2745","6293",1,"TUR"
"6087","6293",1,"TUR"
"60","6294",1,"TUR"
"73","6294",1,"TUR"
"3","6295",2,"TUR"
"1738","6295",1,"TUR"
"4325","6295",1,"TUR"
"21","6296",1,"TUR"
"81","6296",1,"TUR"
"767","6296",1,"TUR"
"2296","6296",1,"TUR"
"319","6297",1,"TUR"
"382","6297",1,"TUR"
"2655","6297",1,"TUR"
"4052","6297",1,"TUR"
"1","6298",1,"TUR"
"25","6298",1,"TUR"
"855","6298",1,"TUR"
"1129","6298",1,"TUR"
"14","6299",1,"TUR"
"451","6299",1,"TUR"
"3715","6299",1,"TUR"
"5443","6299",1,"TUR"
"12","6300",1,"TUR"
"195","6300",1,"TUR"
"738","6300",1,"TUR"
"2249","6300",1,"TUR"
"2","6301",1,"TUR"
"60","6301",1,"TUR"
"559","6301",1,"TUR"
"2943","6301",1,"TUR"
"5","6302",1,"TUR"
"53","6302",1,"TUR"
"101","6302",1,"TUR"
"446","6302",1,"TUR"
"1","6303",1,"TUR"
"17","6303",1,"TUR"
"239","6303",1,"TUR"
"70","6304",1,"TUR"
"86","6304",1,"TUR"
"2200","6304",1,"TUR"
"3588","6304",1,"TUR"
"26","6305",1,"TUR"
"466","6305",1,"TUR"
"506","6305",1,"TUR"
"1065","6305",1,"TUR"
"223","6306",1,"TUR"
"945","6306",1,"TUR"
"1381","6306",1,"TUR"
"2939","6306",1,"TUR"
"31","6307",1,"TUR"
"35","6307",1,"TUR"
"2790","6307",1,"TUR"
"62","6308",1,"TUR"
"145","6308",1,"TUR"
"1247","6308",1,"TUR"
"4401","6308",1,"TUR"
"1","6309",1,"TUR"
"3821","6309",1,"TUR"
"5409","6309",1,"TUR"
"1","6310",1,"TUR"
"2572","6310",1,"TUR"
"3687","6310",1,"TUR"
"5562","6310",1,"TUR"
"43","6311",1,"TUR"
"167","6311",1,"TUR"
"1269","6311",1,"TUR"
"1619","6311",1,"TUR"
"131","6312",1,"TUR"
"190","6312",1,"TUR"
"3","6313",1,"TUR"
"119","6313",1,"TUR"
"821","6313",1,"TUR"
"5235","6313",1,"TUR"
"6","6314",1,"TUR"
"9","6314",1,"TUR"
"12","6314",1,"TUR"
"705","6314",1,"TUR"
"794","6315",2,"TUR"
"1175","6315",1,"TUR"
"2685","6315",1,"TUR"
"27","6316",1,"TUR"
"57","6316",1,"TUR"
"1826","6316",1,"TUR"
"5157","6316",1,"TUR"
"27","6317",1,"TUR"
"58","6317",1,"TUR"
"257","6317",1,"TUR"
"3450","6317",1,"TUR"
"344","6318",1,"TUR"
"552","6318",1,"TUR"
"1769","6318",1,"TUR"
"3482","6318",1,"TUR"
"310","6319",1,"TUR"
"326","6319",1,"TUR"
"1324","6319",1,"TUR"
"2092","6319",1,"TUR"
"584","6320",1,"TUR"
"922","6320",1,"TUR"
"1120","6320",1,"TUR"
"6117","6320",1,"TUR"
"4","6321",1,"TUR"
"19","6321",1,"TUR"
"258","6321",1,"TUR"
"571","6321",1,"TUR"
"245","6322",1,"TUR"
"447","6322",1,"TUR"
"2538","6322",2,"TUR"
"65","6323",1,"TUR"
"347","6323",2,"TUR"
"978","6323",1,"TUR"
"1","6324",1,"TUR"
"357","6324",1,"TUR"
"381","6324",1,"TUR"
"46","6325",1,"TUR"
"361","6325",1,"TUR"
"523","6325",1,"TUR"
"5174","6325",1,"TUR"
"11","6326",1,"TUR"
"710","6326",1,"TUR"
"1287","6326",1,"TUR"
"18","6327",1,"TUR"
"35","6327",1,"TUR"
"250","6327",1,"TUR"
"741","6327",1,"TUR"
"25","6328",1,"TUR"
"205","6328",1,"TUR"
"894","6328",1,"TUR"
"3036","6328",1,"TUR"
"77","6329",1,"TUR"
"213","6329",1,"TUR"
"970","6329",1,"TUR"
"996","6329",1,"TUR"
"97","6330",1,"TUR"
"791","6330",1,"TUR"
"1394","6330",1,"TUR"
"3464","6330",1,"TUR"
"4","6331",1,"TUR"
"57","6331",1,"TUR"
"153","6331",1,"TUR"
"206","6331",1,"TUR"
"21","6332",1,"TUR"
"178","6332",1,"TUR"
"2214","6332",1,"TUR"
"162","6333",1,"TUR"
"2199","6333",1,"TUR"
"2","6334",1,"TUR"
"4","6334",1,"TUR"
"725","6334",1,"TUR"
"1961","6334",1,"TUR"
"189","6335",1,"TUR"
"438","6335",1,"TUR"
"741","6335",1,"TUR"
"798","6335",1,"TUR"
"1","6336",1,"TUR"
"135","6336",1,"TUR"
"211","6336",1,"TUR"
"1","6337",1,"TUR"
"4","6337",1,"TUR"
"8","6337",1,"TUR"
"63","6337",1,"TUR"
"4","6338",1,"TUR"
"855","6338",1,"TUR"
"862","6338",1,"TUR"
"2653","6338",1,"TUR"
"57","6339",1,"TUR"
"105","6339",1,"TUR"
"601","6339",1,"TUR"
"3769","6339",1,"TUR"
"29","6340",1,"TUR"
"939","6340",1,"TUR"
"4103","6340",2,"TUR"
"52","6341",1,"TUR"
"197","6341",1,"TUR"
"2222","6341",1,"TUR"
"4117","6341",1,"TUR"
"10","6342",1,"TUR"
"16","6342",1,"TUR"
"1517","6342",1,"TUR"
"5520","6342",1,"TUR"
"246","6343",1,"TUR"
"1397","6343",1,"TUR"
"1583","6343",1,"TUR"
"126","6344",2,"TUR"
"2","6345",2,"TUR"
"5","6345",1,"TUR"
"275","6345",1,"TUR"
"2","6346",1,"TUR"
"8","6346",1,"TUR"
"392","6346",2,"TUR"
"1","6347",1,"TUR"
"76","6347",1,"TUR"
"25","6348",1,"TUR"
"726","6348",1,"TUR"
"4662","6348",1,"TUR"
"1","6349",1,"TUR"
"2","6349",1,"TUR"
"95","6349",1,"TUR"
"823","6349",1,"TUR"
"118","6350",1,"TUR"
"1333","6350",1,"TUR"
"2397","6350",1,"TUR"
"3983","6350",1,"TUR"
"603","6351",1,"TUR"
"2192","6351",1,"TUR"
"4624","6351",1,"TUR"
"34","6352",1,"TUR"
"50","6352",1,"TUR"
"1034","6352",1,"TUR"
"1167","6352",1,"TUR"
"12","6353",1,"TUR"
"20","6353",1,"TUR"
"41","6353",1,"TUR"
"198","6353",1,"TUR"
"574","6354",1,"TUR"
"652","6354",1,"TUR"
"1018","6354",1,"TUR"
"1275","6354",1,"TUR"
"575","6355",1,"TUR"
"1775","6355",1,"TUR"
"2592","6355",1,"TUR"
"5547","6355",1,"TUR"
"14","6356",1,"TUR"
"86","6356",1,"TUR"
"4247","6356",1,"TUR"
"5192","6356",1,"TUR"
"10","6357",1,"TUR"
"63","6357",1,"TUR"
"32","6358",1,"TUR"
"855","6358",2,"TUR"
"2556","6358",1,"TUR"
"15","6359",1,"TUR"
"277","6359",1,"TUR"
"280","6359",1,"TUR"
"5533","6359",1,"TUR"
"2","6360",1,"TUR"
"3036","6360",1,"TUR"
"5311","6360",1,"TUR"
"1","6361",1,"TUR"
"53","6361",1,"TUR"
"5253","6361",1,"TUR"
"1","6362",1,"TUR"
"10","6362",1,"TUR"
"52","6362",1,"TUR"
"985","6362",1,"TUR"
"3","6363",1,"TUR"
"1069","6363",1,"TUR"
"1122","6363",1,"TUR"
"1","6364",1,"TUR"
"2196","6364",1,"TUR"
"5475","6364",1,"TUR"
"458","6365",1,"TUR"
"760","6365",1,"TUR"
"3426","6365",2,"TUR"
"1048","6366",1,"TUR"
"1393","6366",1,"TUR"
"2401","6366",1,"TUR"
"245","6367",1,"TUR"
"1437","6367",2,"TUR"
"2","6368",1,"TUR"
"7","6368",1,"TUR"
"523","6368",1,"TUR"
"2812","6368",1,"TUR"
"137","6369",1,"TUR"
"1229","6369",1,"TUR"
"2330","6369",1,"TUR"
"3157","6369",1,"TUR"
"415","6370",1,"TUR"
"3796","6370",1,"TUR"
"4374","6370",1,"TUR"
"50","6371",1,"TUR"
"130","6371",1,"TUR"
"264","6371",1,"TUR"
"2","6372",1,"TUR"
"23","6372",1,"TUR"
"24","6372",1,"TUR"
"1242","6372",1,"TUR"
"82","6373",1,"TUR"
"128","6373",1,"TUR"
"488","6373",1,"TUR"
"1832","6373",1,"TUR"
"6","6374",1,"TUR"
"228","6374",1,"TUR"
"348","6374",1,"TUR"
"693","6375",1,"TUR"
"2281","6375",1,"TUR"
"3847","6375",2,"TUR"
"91","6376",1,"TUR"
"470","6376",1,"TUR"
"870","6376",1,"TUR"
"109","6377",1,"TUR"
"114","6377",1,"TUR"
"226","6377",1,"TUR"
"518","6377",1,"TUR"
"18","6378",1,"TUR"
"152","6378",1,"TUR"
"65","6379",1,"TUR"
"3884","6379",1,"TUR"
"14","6380",1,"TUR"
"87","6380",1,"TUR"
"1815","6380",1,"TUR"
"3412","6380",1,"TUR"
"1","6381",1,"TUR"
"3","6381",1,"TUR"
"889","6381",1,"TUR"
"1296","6381",1,"TUR"
"87","6382",1,"TUR"
"134","6382",1,"TUR"
"1013","6382",1,"TUR"
"3899","6382",1,"TUR"
"42","6383",1,"TUR"
"252","6383",1,"TUR"
"506","6383",1,"TUR"
"1227","6383",1,"TUR"
"1145","6384",1,"TUR"
"1434","6384",1,"TUR"
"4713","6384",1,"TUR"
"6085","6384",1,"TUR"
"37","6385",2,"TUR"
"991","6385",1,"TUR"
"2087","6385",1,"TUR"
"42","6386",1,"TUR"
"125","6386",1,"TUR"
"828","6386",1,"TUR"
"892","6386",1,"TUR"
"1","6387",1,"TUR"
"10","6387",1,"TUR"
"313","6387",1,"TUR"
"370","6387",1,"TUR"
"1","6388",1,"TUR"
"52","6388",1,"TUR"
"73","6388",1,"TUR"
"4625","6388",1,"TUR"
"1","6389",1,"TUR"
"35","6389",1,"TUR"
"550","6389",1,"TUR"
"2754","6389",1,"TUR"
"4","6390",1,"TUR"
"47","6390",1,"TUR"
"142","6390",2,"TUR"
"185","6391",1,"TUR"
"305","6391",1,"TUR"
"744","6391",1,"TUR"
"2858","6391",1,"TUR"
"27","6392",1,"TUR"
"76","6392",1,"TUR"
"79","6392",1,"TUR"
"2884","6392",1,"TUR"
"14","6393",1,"TUR"
"2374","6393",2,"TUR"
"2518","6393",1,"TUR"
"1","6394",1,"TUR"
"1995","6394",1,"TUR"
"3507","6394",1,"TUR"
"167","6395",1,"TUR"
"899","6395",1,"TUR"
"1113","6395",1,"TUR"
"607","6396",1,"TUR"
"861","6396",1,"TUR"
"3126","6396",1,"TUR"
"3857","6396",1,"TUR"
"1219","6397",1,"TUR"
"1337","6397",1,"TUR"
"4727","6397",1,"TUR"
"5484","6397",1,"TUR"
"1","6398",1,"TUR"
"174","6398",1,"TUR"
"1159","6398",1,"TUR"
"1569","6398",1,"TUR"
"525","6399",1,"TUR"
"4734","6399",1,"TUR"
"4335","6400",1,"TUR"
"30","6401",1,"TUR"
"31","6401",1,"TUR"
"277","6401",1,"TUR"
"1110","6401",1,"TUR"
"15","6402",1,"TUR"
"1330","6402",1,"TUR"
"2142","6402",1,"TUR"
"3631","6402",1,"TUR"
"2","6403",1,"TUR"
"3","6403",1,"TUR"
"68","6403",1,"TUR"
"569","6403",1,"TUR"
"13","6404",1,"TUR"
"1941","6404",1,"TUR"
"2290","6404",1,"TUR"
"6292","6404",1,"TUR"
"319","6405",1,"TUR"
"1408","6405",2,"TUR"
"1584","6405",1,"TUR"
"32","6406",1,"TUR"
"393","6406",1,"TUR"
"434","6406",2,"TUR"
"1391","6407",1,"TUR"
"1523","6407",1,"TUR"
"1879","6407",1,"TUR"
"2757","6407",1,"TUR"
"31","6408",1,"TUR"
"215","6408",1,"TUR"
"2831","6408",1,"TUR"
"3","6409",1,"TUR"
"178","6409",1,"TUR"
"2928","6409",1,"TUR"
"89","6410",1,"TUR"
"155","6410",1,"TUR"
"225","6410",1,"TUR"
"900","6410",1,"TUR"
"1","6411",1,"TUR"
"1368","6411",1,"TUR"
"3016","6411",1,"TUR"
"4492","6411",1,"TUR"
"5","6412",1,"TUR"
"8","6412",1,"TUR"
"669","6412",1,"TUR"
"1","6413",1,"TUR"
"60","6413",1,"TUR"
"1202","6413",1,"TUR"
"3384","6413",1,"TUR"
"2","6414",1,"TUR"
"37","6414",1,"TUR"
"108","6414",1,"TUR"
"501","6414",1,"TUR"
"38","6415",1,"TUR"
"868","6415",1,"TUR"
"936","6415",1,"TUR"
"2550","6415",1,"TUR"
"3","6416",1,"TUR"
"31","6416",1,"TUR"
"1753","6416",1,"TUR"
"4671","6416",1,"TUR"
"48","6417",1,"TUR"
"60","6417",1,"TUR"
"3014","6417",1,"TUR"
"4773","6417",1,"TUR"
"4238","6418",1,"TUR"
"4683","6418",1,"TUR"
"5739","6418",1,"TUR"
"497","6419",1,"TUR"
"770","6419",1,"TUR"
"1711","6419",1,"TUR"
"49","6420",1,"TUR"
"1399","6420",2,"TUR"
"7","6421",1,"TUR"
"87","6421",1,"TUR"
"297","6422",1,"TUR"
"1629","6422",1,"TUR"
"6421","6422",2,"TUR"
"1","6423",1,"TUR"
"958","6423",1,"TUR"
"5851","6423",1,"TUR"
"99","6424",1,"TUR"
"146","6424",1,"TUR"
"856","6424",1,"TUR"
"4489","6424",1,"TUR"
"24","6425",1,"TUR"
"151","6425",1,"TUR"
"247","6425",1,"TUR"
"4318","6425",1,"TUR"
"187","6426",2,"TUR"
"501","6426",2,"TUR"
"3","6427",1,"TUR"
"15","6427",1,"TUR"
"241","6427",1,"TUR"
"2687","6427",1,"TUR"
"1","6428",1,"TUR"
"13","6428",1,"TUR"
"16","6428",1,"TUR"
"5702","6428",1,"TUR"
"1","6429",1,"TUR"
"8","6429",1,"TUR"
"10","6430",1,"TUR"
"103","6430",1,"TUR"
"1409","6430",1,"TUR"
"2763","6430",1,"TUR"
"1","6431",1,"TUR"
"333","6431",1,"TUR"
"738","6431",1,"TUR"
"2466","6431",1,"TUR"
"5","6432",1,"TUR"
"34","6432",1,"TUR"
"295","6432",1,"TUR"
"6118","6432",1,"TUR"
"932","6433",1,"TUR"
"1441","6433",1,"TUR"
"1914","6433",1,"TUR"
"5009","6433",1,"TUR"
"41","6434",2,"TUR"
"1017","6434",1,"TUR"
"2758","6434",1,"TUR"
"32","6435",1,"TUR"
"5828","6435",1,"TUR"
"2128","6436",1,"TUR"
"4106","6436",1,"TUR"
"1309","6437",1,"TUR"
"4480","6437",1,"TUR"
"19","6438",1,"TUR"
"64","6438",1,"TUR"
"90","6438",1,"TUR"
"3848","6438",1,"TUR"
"368","6439",1,"TUR"
"455","6439",2,"TUR"
"797","6439",1,"TUR"
"3","6440",1,"TUR"
"156","6440",1,"TUR"
"4390","6440",1,"TUR"
"1","6441",1,"TUR"
"175","6441",1,"TUR"
"619","6441",1,"TUR"
"1751","6441",1,"TUR"
"3","6442",1,"TUR"
"4","6442",1,"TUR"
"25","6442",1,"TUR"
"239","6442",1,"TUR"
"105","6443",1,"TUR"
"245","6443",1,"TUR"
"1328","6443",1,"TUR"
"2987","6443",1,"TUR"
"35","6444",1,"TUR"
"352","6444",1,"TUR"
"1204","6444",1,"TUR"
"5141","6444",1,"TUR"
"456","6445",1,"TUR"
"1738","6445",1,"TUR"
"3433","6445",1,"TUR"
"4755","6445",1,"TUR"
"35","6446",1,"TUR"
"939","6446",1,"TUR"
"1424","6446",1,"TUR"
"5569","6446",1,"TUR"
"8","6447",1,"TUR"
"114","6447",1,"TUR"
"1847","6447",1,"TUR"
"5409","6447",1,"TUR"
"18","6448",1,"TUR"
"44","6448",1,"TUR"
"393","6448",1,"TUR"
"1916","6448",1,"TUR"
"4","6449",1,"TUR"
"498","6449",1,"TUR"
"934","6449",1,"TUR"
"2940","6449",1,"TUR"
"31","6450",1,"TUR"
"50","6450",1,"TUR"
"496","6450",1,"TUR"
"627","6450",1,"TUR"
"473","6451",1,"TUR"
"935","6451",1,"TUR"
"2781","6451",1,"TUR"
"4248","6451",1,"TUR"
"954","6452",1,"TUR"
"3018","6452",1,"TUR"
"3815","6452",1,"TUR"
"5812","6452",1,"TUR"
"1","6453",1,"TUR"
"245","6453",1,"TUR"
"1325","6453",1,"TUR"
"82","6454",1,"TUR"
"93","6454",1,"TUR"
"245","6454",2,"TUR"
"245","6455",2,"TUR"
"2140","6455",1,"TUR"
"3876","6455",1,"TUR"
"111","6456",1,"TUR"
"1426","6456",1,"TUR"
"2404","6456",1,"TUR"
"4845","6456",1,"TUR"
"1783","6457",2,"TUR"
"1","6458",1,"TUR"
"280","6458",1,"TUR"
"2969","6458",1,"TUR"
"6120","6458",1,"TUR"
"2","6459",2,"TUR"
"455","6459",1,"TUR"
"1999","6459",1,"TUR"
"91","6460",1,"TUR"
"934","6460",2,"TUR"
"1021","6460",1,"TUR"
"6","6461",1,"TUR"
"173","6461",1,"TUR"
"4114","6461",1,"TUR"
"5521","6461",1,"TUR"
"2","6462",1,"TUR"
"7","6462",1,"TUR"
"2775","6462",1,"TUR"
"2782","6462",1,"TUR"
"370","6463",1,"TUR"
"1698","6463",1,"TUR"
"1","6464",1,"TUR"
"6378","6464",1,"TUR"
"2","6465",1,"TUR"
"199","6465",1,"TUR"
"331","6465",1,"TUR"
"1446","6465",1,"TUR"
"5","6466",1,"TUR"
"35","6466",1,"TUR"
"276","6466",1,"TUR"
"1581","6466",1,"TUR"
"7","6467",1,"TUR"
"1432","6467",1,"TUR"
"2799","6467",1,"TUR"
"2922","6467",1,"TUR"
"4","6468",1,"TUR"
"52","6468",1,"TUR"
"758","6468",1,"TUR"
"215","6469",1,"TUR"
"437","6469",1,"TUR"
"737","6469",1,"TUR"
"4053","6469",1,"TUR"
"4","6470",1,"TUR"
"13","6470",1,"TUR"
"135","6470",1,"TUR"
"693","6470",1,"TUR"
"544","6471",1,"TUR"
"824","6471",1,"TUR"
"863","6471",2,"TUR"
"1","6472",1,"TUR"
"1019","6472",1,"TUR"
"1089","6472",1,"TUR"
"3597","6472",1,"TUR"
"162","6473",1,"TUR"
"484","6473",1,"TUR"
"4614","6473",1,"TUR"
"150","6474",1,"TUR"
"313","6474",1,"TUR"
"1122","6474",1,"TUR"
"2739","6474",1,"TUR"
"1","6475",1,"TUR"
"5","6475",1,"TUR"
"949","6475",1,"TUR"
"1","6476",2,"TUR"
"1216","6476",1,"TUR"
"4732","6476",1,"TUR"
"73","6477",1,"TUR"
"1551","6477",1,"TUR"
"5448","6477",1,"TUR"
"146","6478",1,"TUR"
"1108","6478",2,"TUR"
"18","6479",1,"TUR"
"38","6479",1,"TUR"
"1743","6479",1,"TUR"
"4188","6479",1,"TUR"
"3","6480",1,"TUR"
"267","6480",1,"TUR"
"359","6480",1,"TUR"
"64","6481",1,"TUR"
"146","6481",1,"TUR"
"824","6481",1,"TUR"
"7","6482",1,"TUR"
"440","6482",1,"TUR"
"1224","6482",1,"TUR"
"2302","6482",1,"TUR"
"12","6483",1,"TUR"
"384","6483",1,"TUR"
"406","6483",1,"TUR"
"1053","6483",1,"TUR"
"28","6484",2,"TUR"
"491","6484",1,"TUR"
"871","6484",1,"TUR"
"178","6485",1,"TUR"
"2537","6485",1,"TUR"
"3267","6485",1,"TUR"
"3","6486",1,"TUR"
"395","6486",1,"TUR"
"576","6486",1,"TUR"
"1222","6486",1,"TUR"
"1","6487",2,"TUR"
"1143","6487",2,"TUR"
"162","6488",1,"TUR"
"198","6488",1,"TUR"
"234","6488",1,"TUR"
"1277","6488",1,"TUR"
"3","6489",1,"TUR"
"452","6489",1,"TUR"
"553","6489",1,"TUR"
"894","6489",1,"TUR"
"4","6490",1,"TUR"
"9","6490",1,"TUR"
"72","6490",1,"TUR"
"986","6490",1,"TUR"
"197","6491",1,"TUR"
"286","6491",2,"TUR"
"1828","6491",1,"TUR"
"1306","6492",1,"TUR"
"1684","6492",1,"TUR"
"2288","6492",1,"TUR"
"622","6493",1,"TUR"
"2939","6493",1,"TUR"
"5602","6493",2,"TUR"
"24","6494",1,"TUR"
"40","6494",1,"TUR"
"1224","6494",1,"TUR"
"1322","6494",1,"TUR"
"131","6495",1,"TUR"
"277","6495",2,"TUR"
"2746","6495",1,"TUR"
"5","6496",1,"TUR"
"10","6496",1,"TUR"
"90","6496",1,"TUR"
"3885","6496",1,"TUR"
"93","6497",1,"TUR"
"277","6497",1,"TUR"
"603","6497",1,"TUR"
"841","6497",1,"TUR"
"1","6498",1,"TUR"
"1065","6498",1,"TUR"
"1284","6498",1,"TUR"
"1385","6498",1,"TUR"
"1","6499",1,"TUR"
"4","6499",1,"TUR"
"327","6499",1,"TUR"
"3815","6499",1,"TUR"
"1","6500",1,"TUR"
"4","6501",1,"TUR"
"87","6501",1,"TUR"
"1566","6501",2,"TUR"
"7","6502",1,"TUR"
"26","6502",1,"TUR"
"513","6502",1,"TUR"
"181","6503",1,"TUR"
"698","6503",1,"TUR"
"4850","6503",1,"TUR"
"5938","6503",1,"TUR"
"45","6504",1,"TUR"
"82","6504",1,"TUR"
"690","6504",1,"TUR"
"5393","6504",1,"TUR"
"18","6505",1,"TUR"
"136","6505",1,"TUR"
"684","6505",1,"TUR"
"2654","6505",1,"TUR"
"7","6506",1,"TUR"
"210","6506",1,"TUR"
"4320","6506",1,"TUR"
"20","6507",2,"TUR"
"57","6507",1,"TUR"
"236","6508",2,"TUR"
"6457","6508",2,"TUR"
"2","6509",1,"TUR"
"9","6509",1,"TUR"
"30","6509",1,"TUR"
"5908","6509",1,"TUR"
"3","6510",1,"TUR"
"2641","6510",1,"TUR"
"4774","6510",1,"TUR"
"5641","6510",1,"TUR"
"75","6511",1,"TUR"
"301","6511",1,"TUR"
"670","6511",1,"TUR"
"695","6511",1,"TUR"
"1499","6512",1,"TUR"
"1913","6512",1,"TUR"
"2142","6512",1,"TUR"
"4177","6512",1,"TUR"
"241","6513",1,"TUR"
"361","6513",1,"TUR"
"1546","6513",1,"TUR"
"1576","6513",1,"TUR"
"4","6514",1,"TUR"
"41","6514",1,"TUR"
"1462","6514",1,"TUR"
"5994","6514",1,"TUR"
"192","6515",1,"TUR"
"1083","6515",1,"TUR"
"1292","6515",1,"TUR"
"6074","6515",1,"TUR"
"570","6516",1,"TUR"
"1161","6516",1,"TUR"
"1","6517",1,"TUR"
"1456","6517",2,"TUR"
"1556","6517",1,"TUR"
"16","6518",1,"TUR"
"18","6518",1,"TUR"
"633","6518",1,"TUR"
"2981","6518",1,"TUR"
"1","6519",1,"TUR"
"206","6519",1,"TUR"
"751","6519",1,"TUR"
"1344","6519",1,"TUR"
"20","6520",2,"TUR"
"396","6521",1,"TUR"
"2088","6521",1,"TUR"
"6521","6521",1,"TUR"
"25","6522",1,"TUR"
"98","6522",1,"TUR"
"1413","6522",1,"TUR"
"1","6523",1,"TUR"
"7","6523",1,"TUR"
"854","6523",1,"TUR"
"1564","6523",1,"TUR"
"12","6524",1,"TUR"
"1380","6524",1,"TUR"
"2580","6524",1,"TUR"
"3825","6524",1,"TUR"
"35","6525",1,"TUR"
"412","6525",2,"TUR"
"3093","6525",1,"TUR"
"495","6526",1,"TUR"
"1087","6526",1,"TUR"
"3380","6526",1,"TUR"
"4075","6526",1,"TUR"
"1","6527",1,"TUR"
"3","6527",1,"TUR"
"1199","6527",1,"TUR"
"5578","6527",1,"TUR"
"71","6528",1,"TUR"
"75","6528",1,"TUR"
"3143","6528",1,"TUR"
"4038","6528",1,"TUR"
"210","6529",1,"TUR"
"1547","6529",2,"TUR"
"2864","6529",1,"TUR"
"295","6530",1,"TUR"
"396","6530",1,"TUR"
"526","6530",1,"TUR"
"1","6531",1,"TUR"
"6","6531",1,"TUR"
"71","6531",1,"TUR"
"82","6531",1,"TUR"
"2","6532",1,"TUR"
"1053","6532",1,"TUR"
"2098","6532",1,"TUR"
"3688","6532",1,"TUR"
"169","6533",1,"TUR"
"227","6533",1,"TUR"
"4923","6533",1,"TUR"
"5238","6533",1,"TUR"
"2","6534",2,"TUR"
"12","6534",1,"TUR"
"1811","6534",1,"TUR"
"1","6535",1,"TUR"
"145","6535",2,"TUR"
"1157","6535",1,"TUR"
"709","6536",1,"TUR"
"2771","6536",1,"TUR"
"6379","6536",2,"TUR"
"338","6537",1,"TUR"
"409","6537",1,"TUR"
"4541","6537",1,"TUR"
"1","6538",1,"TUR"
"446","6538",1,"TUR"
"849","6538",1,"TUR"
"5362","6538",1,"TUR"
"1","6539",1,"TUR"
"2162","6539",1,"TUR"
"9","6540",1,"TUR"
"563","6540",1,"TUR"
"877","6540",1,"TUR"
"1169","6540",1,"TUR"
"2","6541",1,"TUR"
"132","6541",1,"TUR"
"827","6541",1,"TUR"
"2236","6541",1,"TUR"
"1","6542",1,"TUR"
"25","6542",2,"TUR"
"598","6542",1,"TUR"
"7","6543",1,"TUR"
"165","6543",1,"TUR"
"328","6543",1,"TUR"
"413","6543",1,"TUR"
"1","6544",1,"TUR"
"340","6544",1,"TUR"
"6520","6544",2,"TUR"
"8","6545",1,"TUR"
"28","6545",1,"TUR"
"349","6545",1,"TUR"
"4281","6545",1,"TUR"
"25","6546",1,"TUR"
"41","6546",1,"TUR"
"319","6546",1,"TUR"
"404","6546",1,"TUR"
"3","6547",1,"TUR"
"36","6547",1,"TUR"
"1689","6547",1,"TUR"
"2539","6547",1,"TUR"
"1","6548",1,"TUR"
"32","6548",1,"TUR"
"102","6548",1,"TUR"
"3548","6548",1,"TUR"
"5","6549",1,"TUR"
"17","6549",1,"TUR"
"78","6549",1,"TUR"
"215","6549",1,"TUR"
"4","6550",1,"TUR"
"71","6550",1,"TUR"
"415","6550",1,"TUR"
"5502","6550",1,"TUR"
"811","6551",1,"TUR"
"908","6551",1,"TUR"
"1612","6551",1,"TUR"
"4923","6551",1,"TUR"
"43","6552",1,"TUR"
"618","6552",1,"TUR"
"1057","6552",1,"TUR"
"45","6553",1,"TUR"
"275","6553",1,"TUR"
"919","6553",1,"TUR"
"264","6554",1,"TUR"
"455","6554",1,"TUR"
"1240","6554",1,"TUR"
"1578","6554",1,"TUR"
"82","6555",1,"TUR"
"497","6555",1,"TUR"
"558","6555",1,"TUR"
"1101","6555",1,"TUR"
"2","6556",1,"TUR"
"1927","6556",1,"TUR"
"1967","6556",1,"TUR"
"2412","6556",1,"TUR"
"6","6557",1,"TUR"
"57","6557",1,"TUR"
"2718","6557",1,"TUR"
"3017","6557",1,"TUR"
"71","6558",1,"TUR"
"797","6558",1,"TUR"
"3116","6558",1,"TUR"
"5945","6558",1,"TUR"
"352","6559",1,"TUR"
"500","6559",1,"TUR"
"679","6559",1,"TUR"
"1589","6559",1,"TUR"
"37","6560",1,"TUR"
"40","6560",1,"TUR"
"228","6560",1,"TUR"
"1364","6560",1,"TUR"
"260","6561",1,"TUR"
"352","6561",1,"TUR"
"1577","6561",1,"TUR"
"4483","6561",1,"TUR"
"38","6562",1,"TUR"
"775","6562",1,"TUR"
"1886","6562",1,"TUR"
"3107","6562",1,"TUR"
"2","6563",1,"TUR"
"141","6563",1,"TUR"
"2450","6563",2,"TUR"
"19","6564",1,"TUR"
"20","6564",1,"TUR"
"343","6564",1,"TUR"
"2070","6564",1,"TUR"
"2","6565",1,"TUR"
"245","6565",1,"TUR"
"874","6565",1,"TUR"
"1820","6565",1,"TUR"
"1","6566",1,"TUR"
"469","6566",1,"TUR"
"1016","6566",1,"TUR"
"1952","6566",1,"TUR"
"5","6567",1,"TUR"
"8","6567",1,"TUR"
"103","6567",1,"TUR"
"25","6568",1,"TUR"
"27","6568",1,"TUR"
"143","6568",1,"TUR"
"1835","6568",1,"TUR"
"3","6569",1,"TUR"
"479","6569",1,"TUR"
"1166","6569",1,"TUR"
"3294","6569",1,"TUR"
"15","6570",2,"TUR"
"20","6570",1,"TUR"
"836","6570",1,"TUR"
"24","6571",1,"TUR"
"490","6571",1,"TUR"
"1829","6571",1,"TUR"
"1","6572",1,"TUR"
"2","6572",1,"TUR"
"3","6572",1,"TUR"
"2255","6572",1,"TUR"
"7","6573",1,"TUR"
"4136","6573",1,"TUR"
"1068","6574",1,"TUR"
"2688","6574",1,"TUR"
"4024","6574",1,"TUR"
"4286","6574",1,"TUR"
"1","6575",1,"TUR"
"1292","6575",1,"TUR"
"3024","6575",1,"TUR"
"5269","6575",1,"TUR"
"15","6576",1,"TUR"
"301","6576",1,"TUR"
"470","6576",1,"TUR"
"2871","6576",1,"TUR"
"93","6577",1,"TUR"
"267","6577",1,"TUR"
"1267","6577",1,"TUR"
"4139","6577",1,"TUR"
"1797","6578",1,"TUR"
"2060","6578",1,"TUR"
"4644","6578",1,"TUR"
"5282","6578",1,"TUR"
"1","6579",1,"TUR"
"106","6579",1,"TUR"
"1182","6579",1,"TUR"
"2158","6579",1,"TUR"
"2","6580",1,"TUR"
"1175","6580",1,"TUR"
"4260","6580",1,"TUR"
"1","6581",1,"TUR"
"2","6581",1,"TUR"
"18","6581",1,"TUR"
"2378","6581",1,"TUR"
"1","6582",2,"TUR"
"5707","6582",2,"TUR"
"1","6583",1,"TUR"
"490","6583",1,"TUR"
"3380","6583",1,"TUR"
"3670","6583",1,"TUR"
"106","6584",2,"TUR"
"402","6584",1,"TUR"
"3569","6584",1,"TUR"
"787","6585",1,"TUR"
"812","6585",1,"TUR"
"1574","6585",1,"TUR"
"1665","6585",1,"TUR"
"2","6586",1,"TUR"
"1388","6586",1,"TUR"
"2475","6586",1,"TUR"
"2578","6586",1,"TUR"
"189","6587",1,"TUR"
"472","6587",1,"TUR"
"902","6587",1,"TUR"
"866","6588",1,"TUR"
"4155","6588",1,"TUR"
"4598","6588",1,"TUR"
"5569","6588",1,"TUR"
"5","6589",2,"TUR"
"6","6589",1,"TUR"
"690","6589",1,"TUR"
"1","6590",1,"TUR"
"60","6590",1,"TUR"
"406","6590",1,"TUR"
"1175","6590",1,"TUR"
"6","6591",1,"TUR"
"1491","6591",1,"TUR"
"2290","6591",1,"TUR"
"2338","6591",1,"TUR"
"1","6592",1,"TUR"
"14","6592",1,"TUR"
"448","6592",1,"TUR"
"570","6592",1,"TUR"
"1815","6593",1,"TUR"
"1993","6593",1,"TUR"
"5170","6593",1,"TUR"
"5446","6593",1,"TUR"
"1094","6594",1,"TUR"
"1302","6594",1,"TUR"
"2974","6594",1,"TUR"
"6587","6594",1,"TUR"
"56","6595",1,"TUR"
"145","6595",1,"TUR"
"4209","6595",1,"TUR"
"5644","6595",1,"TUR"
"2","6596",1,"TUR"
"4","6596",1,"TUR"
"10","6596",1,"TUR"
"519","6596",1,"TUR"
"15","6597",1,"TUR"
"73","6597",1,"TUR"
"141","6597",1,"TUR"
"143","6597",1,"TUR"
"1","6598",1,"TUR"
"335","6598",1,"TUR"
"814","6598",1,"TUR"
"18","6599",1,"TUR"
"53","6599",2,"TUR"
"144","6599",1,"TUR"
"46","6600",1,"TUR"
"278","6600",1,"TUR"
"3507","6600",1,"TUR"
"4493","6600",1,"TUR"
"87","6601",1,"TUR"
"1264","6601",1,"TUR"
"2706","6601",1,"TUR"
"6071","6601",1,"TUR"
"93","6602",1,"TUR"
"1883","6602",1,"TUR"
"2612","6602",1,"TUR"
"3364","6602",1,"TUR"
"1","6603",1,"TUR"
"96","6603",1,"TUR"
"342","6603",1,"TUR"
"1669","6603",1,"TUR"
"1","6604",1,"TUR"
"57","6604",1,"TUR"
"389","6604",1,"TUR"
"1","6605",1,"TUR"
"877","6605",1,"TUR"
"3714","6605",1,"TUR"
"5263","6605",1,"TUR"
"35","6606",1,"TUR"
"47","6606",1,"TUR"
"382","6606",1,"TUR"
"160","6607",1,"TUR"
"4236","6607",1,"TUR"
"4752","6607",1,"TUR"
"6076","6607",1,"TUR"
"471","6608",1,"TUR"
"490","6608",1,"TUR"
"1629","6608",1,"TUR"
"3236","6608",1,"TUR"
"428","6609",1,"TUR"
"2075","6609",1,"TUR"
"2297","6609",1,"TUR"
"163","6610",1,"TUR"
"2621","6610",1,"TUR"
"4","6611",1,"TUR"
"214","6611",1,"TUR"
"421","6611",1,"TUR"
"1056","6611",1,"TUR"
"15","6612",1,"TUR"
"21","6612",1,"TUR"
"822","6613",1,"TUR"
"839","6613",1,"TUR"
"1082","6614",1,"TUR"
"3511","6614",1,"TUR"
"7","6615",1,"TUR"
"63","6615",1,"TUR"
"1465","6615",1,"TUR"
"1260","6616",1,"TUR"
"1402","6616",1,"TUR"
"6020","6616",1,"TUR"
"25","6617",1,"TUR"
"840","6617",1,"TUR"
"1302","6617",1,"TUR"
"3620","6617",1,"TUR"
"30","6618",2,"TUR"
"249","6618",1,"TUR"
"483","6618",1,"TUR"
"4","6619",1,"TUR"
"323","6619",1,"TUR"
"766","6619",1,"TUR"
"994","6619",1,"TUR"
"400","6620",1,"TUR"
"840","6620",1,"TUR"
"1467","6620",1,"TUR"
"1472","6620",1,"TUR"
"1","6621",1,"TUR"
"4","6621",1,"TUR"
"1355","6621",1,"TUR"
"2050","6621",1,"TUR"
"1","6622",1,"TUR"
"234","6622",1,"TUR"
"727","6622",1,"TUR"
"1035","6622",1,"TUR"
"3","6623",1,"TUR"
"356","6623",1,"TUR"
"919","6623",1,"TUR"
"5701","6623",1,"TUR"
"1","6624",1,"TUR"
"11","6624",1,"TUR"
"2053","6624",1,"TUR"
"4950","6624",1,"TUR"
"42","6625",1,"TUR"
"100","6625",1,"TUR"
"447","6625",1,"TUR"
"1788","6625",1,"TUR"
"1","6626",1,"TUR"
"196","6626",1,"TUR"
"2070","6626",1,"TUR"
"1","6627",1,"TUR"
"42","6627",1,"TUR"
"1946","6627",1,"TUR"
"3241","6627",1,"TUR"
"20","6628",1,"TUR"
"106","6628",1,"TUR"
"992","6628",1,"TUR"
"5706","6628",1,"TUR"
"1","6629",1,"TUR"
"5","6629",1,"TUR"
"147","6629",1,"TUR"
"302","6630",1,"TUR"
"547","6630",1,"TUR"
"1","6631",1,"TUR"
"44","6631",1,"TUR"
"1010","6631",1,"TUR"
"3411","6631",1,"TUR"
"543","6632",1,"TUR"
"3131","6632",1,"TUR"
"3617","6632",1,"TUR"
"4848","6632",1,"TUR"
"3","6633",1,"TUR"
"41","6633",1,"TUR"
"405","6633",1,"TUR"
"2466","6633",1,"TUR"
"150","6634",1,"TUR"
"179","6634",1,"TUR"
"219","6634",1,"TUR"
"437","6634",1,"TUR"
"24","6635",1,"TUR"
"311","6635",1,"TUR"
"2185","6635",1,"TUR"
"5714","6635",1,"TUR"
"57","6636",1,"TUR"
"185","6636",1,"TUR"
"543","6636",1,"TUR"
"764","6636",1,"TUR"
"25","6637",1,"TUR"
"708","6637",1,"TUR"
"1208","6637",1,"TUR"
"12","6638",2,"TUR"
"4300","6638",1,"TUR"
"5558","6638",1,"TUR"
"111","6639",1,"TUR"
"2529","6639",1,"TUR"
"3234","6639",1,"TUR"
"6","6640",1,"TUR"
"111","6640",1,"TUR"
"156","6640",1,"TUR"
"774","6640",1,"TUR"
"61","6641",1,"TUR"
"79","6641",1,"TUR"
"132","6641",1,"TUR"
"2503","6641",1,"TUR"
"46","6642",1,"TUR"
"53","6642",1,"TUR"
"709","6642",1,"TUR"
"4045","6642",1,"TUR"
"109","6643",1,"TUR"
"2891","6643",1,"TUR"
"3334","6643",1,"TUR"
"5440","6643",1,"TUR"
"4","6644",1,"TUR"
"105","6644",1,"TUR"
"1379","6644",1,"TUR"
"2783","6644",1,"TUR"
"6","6645",1,"TUR"
"14","6645",1,"TUR"
"1823","6645",1,"TUR"
"3970","6645",1,"TUR"
"313","6646",1,"TUR"
"835","6646",1,"TUR"
"1638","6646",1,"TUR"
"3867","6646",1,"TUR"
"7","6647",1,"TUR"
"572","6647",1,"TUR"
"3561","6647",1,"TUR"
"4115","6647",1,"TUR"
"380","6648",1,"TUR"
"608","6648",1,"TUR"
"3698","6648",1,"TUR"
"3793","6648",1,"TUR"
"5","6649",1,"TUR"
"832","6649",1,"TUR"
"1082","6649",1,"TUR"
"3661","6649",1,"TUR"
"736","6650",1,"TUR"
"882","6650",1,"TUR"
"1533","6650",1,"TUR"
"6095","6650",1,"TUR"
"585","6651",1,"TUR"
"1154","6651",2,"TUR"
"6094","6651",1,"TUR"
"715","6652",1,"TUR"
"1594","6652",1,"TUR"
"4835","6652",1,"TUR"
"24","6653",1,"TUR"
"63","6653",1,"TUR"
"213","6653",1,"TUR"
"296","6653",1,"TUR"
"3","6654",1,"TUR"
"167","6654",1,"TUR"
"300","6654",1,"TUR"
"6146","6654",1,"TUR"
"7","6655",1,"TUR"
"94","6655",1,"TUR"
"4128","6655",1,"TUR"
"4908","6655",1,"TUR"
"1","6656",2,"TUR"
"328","6656",1,"TUR"
"5953","6656",1,"TUR"
"1","6657",1,"TUR"
"87","6657",1,"TUR"
"576","6657",1,"TUR"
"1953","6657",1,"TUR"
"419","6658",1,"TUR"
"2283","6658",1,"TUR"
"682","6659",1,"TUR"
"1959","6659",1,"TUR"
"6659","6659",1,"TUR"
"53","6660",1,"TUR"
"72","6660",1,"TUR"
"1128","6660",1,"TUR"
"3206","6660",1,"TUR"
"29","6661",1,"TUR"
"3883","6661",1,"TUR"
"84","6662",1,"TUR"
"339","6662",1,"TUR"
"489","6662",1,"TUR"
"1527","6662",1,"TUR"
"7","6663",1,"TUR"
"49","6663",1,"TUR"
"65","6663",1,"TUR"
"2020","6663",1,"TUR"
"27","6664",1,"TUR"
"646","6664",1,"TUR"
"2337","6664",1,"TUR"
"36","6665",2,"TUR"
"3529","6665",1,"TUR"
"129","6666",1,"TUR"
"139","6666",1,"TUR"
"924","6666",1,"TUR"
"1","6667",1,"TUR"
"23","6667",1,"TUR"
"34","6667",1,"TUR"
"4052","6667",1,"TUR"
"1","6668",1,"TUR"
"143","6668",1,"TUR"
"218","6668",1,"TUR"
"872","6668",1,"TUR"
"1","6669",2,"TUR"
"100","6669",1,"TUR"
"686","6669",1,"TUR"
"57","6670",1,"TUR"
"742","6670",1,"TUR"
"1256","6670",1,"TUR"
"3552","6670",1,"TUR"
"1","6671",1,"TUR"
"6","6671",2,"TUR"
"2066","6671",1,"TUR"
"498","6672",1,"TUR"
"954","6672",1,"TUR"
"4302","6672",1,"TUR"
"18","6673",1,"TUR"
"53","6673",1,"TUR"
"75","6673",1,"TUR"
"901","6673",1,"TUR"
"263","6674",1,"TUR"
"704","6674",1,"TUR"
"5889","6674",2,"TUR"
"5","6675",1,"TUR"
"114","6675",1,"TUR"
"1927","6675",1,"TUR"
"3022","6675",1,"TUR"
"196","6676",1,"TUR"
"1740","6676",1,"TUR"
"1851","6676",1,"TUR"
"1","6677",1,"TUR"
"21","6677",1,"TUR"
"108","6677",1,"TUR"
"6072","6677",1,"TUR"
"14","6678",1,"TUR"
"92","6678",1,"TUR"
"3010","6678",1,"TUR"
"3297","6678",1,"TUR"
"31","6679",1,"TUR"
"215","6679",2,"TUR"
"4222","6679",1,"TUR"
"1","6680",1,"TUR"
"35","6680",1,"TUR"
"106","6680",1,"TUR"
"261","6680",1,"TUR"
"2","6681",2,"TUR"
"10","6681",1,"TUR"
"83","6682",1,"TUR"
"468","6682",1,"TUR"
"3017","6682",1,"TUR"
"843","6683",1,"TUR"
"1604","6683",1,"TUR"
"2966","6683",1,"TUR"
"5","6684",1,"TUR"
"39","6684",1,"TUR"
"384","6684",1,"TUR"
"526","6684",1,"TUR"
"1","6685",1,"TUR"
"42","6685",1,"TUR"
"384","6685",1,"TUR"
"441","6685",1,"TUR"
"68","6686",1,"TUR"
"592","6686",1,"TUR"
"1094","6686",1,"TUR"
"2876","6686",1,"TUR"
"16","6687",1,"TUR"
"25","6687",1,"TUR"
"72","6687",1,"TUR"
"2946","6687",1,"TUR"
"361","6688",1,"TUR"
"1046","6688",1,"TUR"
"4464","6688",1,"TUR"
"6507","6688",1,"TUR"
"20","6689",2,"TUR"
"1515","6689",1,"TUR"
"2106","6689",1,"TUR"
"982","6690",1,"TUR"
"1102","6690",1,"TUR"
"1585","6690",1,"TUR"
"2852","6690",1,"TUR"
"3","6691",1,"TUR"
"61","6691",1,"TUR"
"765","6691",1,"TUR"
"4527","6691",1,"TUR"
"9","6692",1,"TUR"
"2065","6692",1,"TUR"
"6692","6692",1,"TUR"
"37","6693",1,"TUR"
"202","6693",1,"TUR"
"454","6693",1,"TUR"
"1","6694",1,"TUR"
"4","6694",1,"TUR"
"472","6694",1,"TUR"
"1066","6694",1,"TUR"
"2","6695",1,"TUR"
"3","6695",1,"TUR"
"726","6695",1,"TUR"
"1265","6695",1,"TUR"
"10","6696",1,"TUR"
"1043","6696",1,"TUR"
"1346","6696",1,"TUR"
"1443","6696",1,"TUR"
"62","6697",1,"TUR"
"176","6697",1,"TUR"
"555","6697",1,"TUR"
"2157","6697",1,"TUR"
"7","6698",1,"TUR"
"25","6698",1,"TUR"
"1838","6698",1,"TUR"
"5075","6698",1,"TUR"
"11","6699",1,"TUR"
"654","6699",1,"TUR"
"981","6699",1,"TUR"
"2292","6699",1,"TUR"
"5","6700",1,"TUR"
"147","6700",1,"TUR"
"1085","6700",1,"TUR"
"5673","6700",1,"TUR"
"12","6701",1,"TUR"
"89","6701",1,"TUR"
"897","6701",1,"TUR"
"1284","6701",1,"TUR"
"1028","6702",1,"TUR"
"1471","6702",1,"TUR"
"3339","6702",1,"TUR"
"3340","6702",1,"TUR"
"10","6703",1,"TUR"
"44","6703",1,"TUR"
"1966","6703",1,"TUR"
"1998","6703",1,"TUR"
"64","6704",1,"TUR"
"80","6704",1,"TUR"
"131","6704",1,"TUR"
"402","6704",1,"TUR"
"31","6705",1,"TUR"
"81","6705",1,"TUR"
"463","6705",1,"TUR"
"533","6705",1,"TUR"
"2","6706",1,"TUR"
"23","6706",1,"TUR"
"81","6706",1,"TUR"
"212","6706",1,"TUR"
"214","6707",1,"TUR"
"287","6707",1,"TUR"
"2090","6707",2,"TUR"
"20","6708",1,"TUR"
"777","6708",1,"TUR"
"1707","6708",2,"TUR"
"2","6709",1,"TUR"
"3480","6709",1,"TUR"
"3963","6709",1,"TUR"
"4990","6709",1,"TUR"
"1","6710",2,"TUR"
"2147","6710",2,"TUR"
"101","6711",1,"TUR"
"217","6711",1,"TUR"
"465","6711",1,"TUR"
"733","6711",1,"TUR"
"2","6712",1,"TUR"
"95","6712",1,"TUR"
"1355","6712",1,"TUR"
"4017","6712",1,"TUR"
"156","6713",1,"TUR"
"408","6713",1,"TUR"
"766","6713",1,"TUR"
"1","6714",1,"TUR"
"5","6714",1,"TUR"
"186","6714",1,"TUR"
"1815","6714",1,"TUR"
"120","6715",1,"TUR"
"3336","6715",1,"TUR"
"7","6716",1,"TUR"
"20","6716",1,"TUR"
"236","6716",1,"TUR"
"6683","6716",1,"TUR"
"10","6717",1,"TUR"
"236","6717",1,"TUR"
"1215","6717",1,"TUR"
"3324","6717",1,"TUR"
"7","6718",1,"TUR"
"2428","6718",1,"TUR"
"2993","6718",1,"TUR"
"5998","6718",1,"TUR"
"1","6719",1,"TUR"
"469","6719",1,"TUR"
"773","6719",1,"TUR"
"1735","6719",1,"TUR"
"63","6720",1,"TUR"
"238","6720",1,"TUR"
"239","6720",1,"TUR"
"4261","6720",1,"TUR"
"89","6721",1,"TUR"
"118","6721",1,"TUR"
"1040","6721",1,"TUR"
"1502","6721",1,"TUR"
"1","6722",1,"TUR"
"5","6722",1,"TUR"
"1067","6722",1,"TUR"
"3419","6722",1,"TUR"
"1","6723",1,"TUR"
"6","6723",1,"TUR"
"13","6723",1,"TUR"
"1119","6723",1,"TUR"
"1","6724",1,"TUR"
"8","6724",1,"TUR"
"645","6724",1,"TUR"
"5861","6724",1,"TUR"
"2","6725",1,"TUR"
"4","6725",1,"TUR"
"8","6725",1,"TUR"
"114","6725",1,"TUR"
"1","6726",1,"TUR"
"6","6726",1,"TUR"
"843","6726",1,"TUR"
"1793","6726",1,"TUR"
"3","6727",1,"TUR"
"805","6727",1,"TUR"
"945","6727",1,"TUR"
"1802","6727",1,"TUR"
"98","6728",1,"TUR"
"5548","6728",1,"TUR"
"6125","6728",1,"TUR"
"6224","6728",1,"TUR"
"97","6729",1,"TUR"
"241","6729",1,"TUR"
"502","6729",1,"TUR"
"566","6729",1,"TUR"
"2","6730",1,"TUR"
"502","6730",1,"TUR"
"1373","6730",1,"TUR"
"5539","6730",1,"TUR"
"114","6731",1,"TUR"
"393","6731",1,"TUR"
"964","6731",1,"TUR"
"4201","6731",1,"TUR"
"8","6732",1,"TUR"
"29","6732",1,"TUR"
"92","6732",1,"TUR"
"216","6732",1,"TUR"
"60","6733",1,"TUR"
"143","6733",1,"TUR"
"2320","6733",1,"TUR"
"3526","6733",1,"TUR"
"1","6734",1,"TUR"
"289","6734",1,"TUR"
"527","6734",1,"TUR"
"827","6734",1,"TUR"
"992","6735",1,"TUR"
"4319","6735",1,"TUR"
"32","6736",1,"TUR"
"173","6736",1,"TUR"
"229","6736",1,"TUR"
"4290","6736",1,"TUR"
"3","6737",2,"TUR"
"27","6737",1,"TUR"
"130","6737",1,"TUR"
"411","6738",1,"TUR"
"4443","6738",1,"TUR"
"6005","6738",1,"TUR"
"2","6739",1,"TUR"
"4","6739",1,"TUR"
"1493","6739",2,"TUR"
"4","6740",1,"TUR"
"13","6740",1,"TUR"
"199","6740",1,"TUR"
"1","6741",1,"TUR"
"2","6741",1,"TUR"
"500","6741",1,"TUR"
"1185","6741",1,"TUR"
"1","6742",1,"TUR"
"7","6742",1,"TUR"
"417","6742",1,"TUR"
"1132","6742",1,"TUR"
"141","6743",1,"TUR"
"179","6743",1,"TUR"
"1167","6743",1,"TUR"
"65","6744",1,"TUR"
"84","6744",1,"TUR"
"98","6744",1,"TUR"
"621","6744",1,"TUR"
"2","6745",1,"TUR"
"84","6745",1,"TUR"
"1506","6745",1,"TUR"
"2038","6745",1,"TUR"
"62","6746",1,"TUR"
"663","6746",1,"TUR"
"4281","6746",1,"TUR"
"5594","6746",1,"TUR"
"1016","6747",1,"TUR"
"1565","6747",1,"TUR"
"2866","6747",1,"TUR"
"5","6748",2,"TUR"
"20","6748",1,"TUR"
"2673","6748",1,"TUR"
"25","6749",1,"TUR"
"64","6749",1,"TUR"
"1913","6749",1,"TUR"
"2524","6749",1,"TUR"
"1","6750",1,"TUR"
"862","6750",1,"TUR"
"953","6750",1,"TUR"
"907","6751",1,"TUR"
"1830","6751",1,"TUR"
"6464","6751",1,"TUR"
"6","6752",1,"TUR"
"55","6752",1,"TUR"
"70","6752",1,"TUR"
"3113","6752",1,"TUR"
"79","6753",1,"TUR"
"260","6753",1,"TUR"
"3116","6753",1,"TUR"
"3357","6753",1,"TUR"
"1201","6754",1,"TUR"
"1302","6754",1,"TUR"
"2008","6754",1,"TUR"
"5136","6754",1,"TUR"
"126","6755",2,"TUR"
"1590","6755",1,"TUR"
"2972","6755",1,"TUR"
"1090","6756",1,"TUR"
"2594","6756",1,"TUR"
"3034","6756",1,"TUR"
"3344","6756",1,"TUR"
"52","6757",1,"TUR"
"381","6757",1,"TUR"
"471","6757",1,"TUR"
"1397","6757",1,"TUR"
"27","6758",1,"TUR"
"221","6758",1,"TUR"
"1845","6758",1,"TUR"
"4017","6758",1,"TUR"
"818","6759",1,"TUR"
"878","6759",1,"TUR"
"1111","6759",1,"TUR"
"4","6760",1,"TUR"
"18","6760",1,"TUR"
"66","6760",1,"TUR"
"2649","6760",1,"TUR"
"2","6761",1,"TUR"
"447","6761",1,"TUR"
"769","6761",1,"TUR"
"3282","6761",1,"TUR"
"40","6762",1,"TUR"
"114","6762",1,"TUR"
"1644","6762",1,"TUR"
"2443","6762",1,"TUR"
"382","6763",1,"TUR"
"3265","6763",1,"TUR"
"3349","6763",1,"TUR"
"76","6764",1,"TUR"
"215","6764",1,"TUR"
"1237","6764",1,"TUR"
"2462","6764",1,"TUR"
"94","6765",1,"TUR"
"1167","6765",1,"TUR"
"4146","6765",1,"TUR"
"4169","6765",1,"TUR"
"14","6766",1,"TUR"
"225","6766",1,"TUR"
"2160","6766",1,"TUR"
"5230","6766",1,"TUR"
"192","6767",1,"TUR"
"266","6767",1,"TUR"
"283","6767",1,"TUR"
"1753","6767",1,"TUR"
"3","6768",1,"TUR"
"372","6768",1,"TUR"
"1563","6768",1,"TUR"
"2584","6768",1,"TUR"
"14","6769",1,"TUR"
"996","6769",1,"TUR"
"3049","6769",1,"TUR"
"4799","6769",1,"TUR"
"5","6770",1,"TUR"
"328","6770",1,"TUR"
"570","6770",1,"TUR"
"3","6771",1,"TUR"
"1214","6771",1,"TUR"
"5849","6771",1,"TUR"
"2","6772",1,"TUR"
"106","6772",1,"TUR"
"624","6772",1,"TUR"
"1712","6772",1,"TUR"
"64","6773",1,"TUR"
"570","6773",1,"TUR"
"3248","6773",1,"TUR"
"4518","6773",1,"TUR"
"4","6774",1,"TUR"
"105","6774",1,"TUR"
"150","6774",1,"TUR"
"1443","6774",1,"TUR"
"183","6775",1,"TUR"
"859","6775",1,"TUR"
"2293","6775",1,"TUR"
"6771","6775",1,"TUR"
"88","6776",1,"TUR"
"119","6776",1,"TUR"
"298","6776",1,"TUR"
"3829","6776",1,"TUR"
"2","6777",1,"TUR"
"15","6777",1,"TUR"
"233","6777",1,"TUR"
"3","6778",2,"TUR"
"286","6778",1,"TUR"
"4483","6778",1,"TUR"
"5","6779",1,"TUR"
"1610","6779",1,"TUR"
"1","6780",1,"TUR"
"15","6780",1,"TUR"
"511","6780",1,"TUR"
"3","6781",2,"TUR"
"57","6781",2,"TUR"
"13","6782",1,"TUR"
"236","6782",1,"TUR"
"285","6782",1,"TUR"
"709","6782",1,"TUR"
"6","6783",1,"TUR"
"173","6783",1,"TUR"
"830","6783",1,"TUR"
"4868","6783",1,"TUR"
"448","6784",1,"TUR"
"715","6784",1,"TUR"
"869","6784",1,"TUR"
"904","6784",1,"TUR"
"397","6785",1,"TUR"
"3541","6785",1,"TUR"
"4","6786",1,"TUR"
"1607","6786",1,"TUR"
"2454","6787",1,"TUR"
"2544","6787",1,"TUR"
"2977","6787",1,"TUR"
"5287","6787",1,"TUR"
"2","6788",1,"TUR"
"24","6788",1,"TUR"
"190","6788",1,"TUR"
"1031","6788",1,"TUR"
"3","6789",1,"TUR"
"15","6789",1,"TUR"
"2099","6789",1,"TUR"
"2206","6789",1,"TUR"
"1","6790",1,"TUR"
"95","6790",1,"TUR"
"2252","6790",1,"TUR"
"3156","6790",1,"TUR"
"14","6791",1,"TUR"
"76","6791",1,"TUR"
"628","6791",1,"TUR"
"665","6791",1,"TUR"
"42","6792",1,"TUR"
"148","6792",1,"TUR"
"1031","6792",1,"TUR"
"3891","6792",1,"TUR"
"95","6793",1,"TUR"
"100","6793",1,"TUR"
"396","6793",1,"TUR"
"2805","6793",1,"TUR"
"1","6794",1,"TUR"
"2","6794",1,"TUR"
"325","6794",1,"TUR"
"1860","6794",1,"TUR"
"105","6795",1,"TUR"
"1099","6795",1,"TUR"
"2935","6795",1,"TUR"
"180","6796",1,"TUR"
"279","6796",1,"TUR"
"442","6796",1,"TUR"
"2179","6796",1,"TUR"
"3","6797",1,"TUR"
"161","6797",1,"TUR"
"6780","6797",1,"TUR"
"3","6798",2,"TUR"
"80","6798",1,"TUR"
"665","6798",1,"TUR"
"62","6799",1,"TUR"
"2501","6799",2,"TUR"
"4457","6799",1,"TUR"
"4","6800",1,"TUR"
"133","6800",1,"TUR"
"2078","6800",1,"TUR"
"2705","6800",1,"TUR"
"4","6801",1,"TUR"
"162","6801",1,"TUR"
"5593","6801",1,"TUR"
"666","6802",1,"TUR"
"706","6802",1,"TUR"
"838","6802",2,"TUR"
"3","6803",1,"TUR"
"37","6803",1,"TUR"
"94","6803",1,"TUR"
"3832","6803",1,"TUR"
"5","6804",1,"TUR"
"25","6804",1,"TUR"
"138","6804",1,"TUR"
"3642","6804",1,"TUR"
"29","6805",1,"TUR"
"42","6805",1,"TUR"
"3566","6805",1,"TUR"
"42","6806",1,"TUR"
"1684","6806",1,"TUR"
"148","6807",1,"TUR"
"630","6807",1,"TUR"
"766","6807",1,"TUR"
"4257","6807",1,"TUR"
"60","6808",1,"TUR"
"1538","6808",1,"TUR"
"3339","6808",1,"TUR"
"37","6809",1,"TUR"
"12","6810",1,"TUR"
"55","6810",1,"TUR"
"63","6810",1,"TUR"
"98","6810",1,"TUR"
"24","6811",1,"TUR"
"262","6811",1,"TUR"
"1022","6811",1,"TUR"
"2720","6811",1,"TUR"
"36","6812",1,"TUR"
"110","6812",1,"TUR"
"409","6812",1,"TUR"
"906","6812",1,"TUR"
"3","6813",1,"TUR"
"7","6813",1,"TUR"
"1646","6813",1,"TUR"
"1867","6813",1,"TUR"
"3","6814",2,"TUR"
"1323","6814",1,"TUR"
"10","6815",1,"TUR"
"31","6815",1,"TUR"
"689","6815",1,"TUR"
"6786","6815",1,"TUR"
"16","6816",1,"TUR"
"65","6816",1,"TUR"
"68","6816",1,"TUR"
"120","6816",1,"TUR"
"9","6817",1,"TUR"
"79","6817",1,"TUR"
"381","6817",1,"TUR"
"795","6817",1,"TUR"
"527","6818",1,"TUR"
"1767","6818",1,"TUR"
"2147","6818",1,"TUR"
"3505","6818",1,"TUR"
"2","6819",1,"TUR"
"11","6819",1,"TUR"
"36","6819",1,"TUR"
"1754","6819",1,"TUR"
"114","6820",1,"TUR"
"454","6820",1,"TUR"
"1131","6820",1,"TUR"
"1993","6820",1,"TUR"
"300","6821",1,"TUR"
"497","6821",2,"TUR"
"1140","6821",1,"TUR"
"3","6822",2,"TUR"
"17","6822",1,"TUR"
"230","6822",1,"TUR"
"2","6823",2,"TUR"
"1961","6823",1,"TUR"
"44","6824",1,"TUR"
"314","6824",1,"TUR"
"755","6824",1,"TUR"
"3525","6824",1,"TUR"
"18","6825",1,"TUR"
"145","6825",1,"TUR"
"147","6825",1,"TUR"
"170","6825",1,"TUR"
"245","6826",1,"TUR"
"719","6826",1,"TUR"
"1817","6826",1,"TUR"
"5846","6826",1,"TUR"
"1031","6827",2,"TUR"
"2320","6827",1,"TUR"
"4","6828",1,"TUR"
"357","6828",1,"TUR"
"913","6828",1,"TUR"
"25","6829",1,"TUR"
"113","6829",1,"TUR"
"403","6829",1,"TUR"
"2698","6829",1,"TUR"
"103","6830",1,"TUR"
"372","6830",1,"TUR"
"432","6830",1,"TUR"
"1437","6830",1,"TUR"
"6","6831",1,"TUR"
"380","6831",1,"TUR"
"387","6831",1,"TUR"
"1122","6831",1,"TUR"
"12","6832",1,"TUR"
"1525","6832",1,"TUR"
"4145","6832",1,"TUR"
"29","6833",1,"TUR"
"1525","6833",1,"TUR"
"5936","6833",1,"TUR"
"79","6834",1,"TUR"
"661","6834",1,"TUR"
"669","6834",1,"TUR"
"1465","6834",1,"TUR"
"67","6835",1,"TUR"
"1128","6835",1,"TUR"
"2576","6835",1,"TUR"
"178","6836",1,"TUR"
"4097","6836",1,"TUR"
"5722","6836",1,"TUR"
"3","6837",1,"TUR"
"33","6837",1,"TUR"
"40","6837",1,"TUR"
"620","6837",1,"TUR"
"190","6838",1,"TUR"
"1015","6838",1,"TUR"
"4060","6838",1,"TUR"
"535","6839",2,"TUR"
"857","6839",1,"TUR"
"1352","6839",1,"TUR"
"3643","6840",2,"TUR"
"3320","6841",2,"TUR"
"555","6842",1,"TUR"
"966","6842",1,"TUR"
"1043","6842",1,"TUR"
"4565","6842",1,"TUR"
"29","6843",1,"TUR"
"246","6843",1,"TUR"
"354","6843",1,"TUR"
"100","6844",1,"TUR"
"820","6844",1,"TUR"
"5","6845",1,"TUR"
"148","6845",1,"TUR"
"1739","6845",1,"TUR"
"6639","6845",1,"TUR"
"32","6846",1,"TUR"
"2608","6846",1,"TUR"
"6033","6846",1,"TUR"
"1","6847",1,"TUR"
"10","6847",1,"TUR"
"2410","6847",1,"TUR"
"5696","6847",1,"TUR"
"7","6848",1,"TUR"
"250","6848",1,"TUR"
"444","6848",1,"TUR"
"966","6848",1,"TUR"
"3","6849",1,"TUR"
"5359","6849",1,"TUR"
"21","6850",1,"TUR"
"135","6850",1,"TUR"
"389","6850",1,"TUR"
"421","6850",1,"TUR"
"5","6851",1,"TUR"
"365","6851",1,"TUR"
"1042","6851",1,"TUR"
"1377","6851",1,"TUR"
"11","6852",1,"TUR"
"45","6852",1,"TUR"
"2224","6852",1,"TUR"
"3156","6852",1,"TUR"
"34","6853",1,"TUR"
"568","6853",1,"TUR"
"1057","6853",1,"TUR"
"2834","6853",1,"TUR"
"244","6854",1,"TUR"
"441","6854",2,"TUR"
"2969","6854",1,"TUR"
"186","6855",1,"TUR"
"191","6855",1,"TUR"
"1142","6855",1,"TUR"
"2987","6855",1,"TUR"
"10","6856",1,"TUR"
"410","6856",1,"TUR"
"4830","6856",2,"TUR"
"5","6857",1,"TUR"
"382","6857",1,"TUR"
"585","6857",1,"TUR"
"2526","6857",1,"TUR"
"2","6858",1,"TUR"
"4","6858",1,"TUR"
"49","6858",1,"TUR"
"4811","6858",1,"TUR"
"2","6859",2,"TUR"
"181","6859",1,"TUR"
"373","6859",1,"TUR"
"5","6860",1,"TUR"
"8","6860",1,"TUR"
"1453","6860",1,"TUR"
"3043","6860",1,"TUR"
"1357","6861",1,"TUR"
"2991","6861",1,"TUR"
"3407","6861",1,"TUR"
"6088","6861",1,"TUR"
"2","6862",1,"TUR"
"126","6862",1,"TUR"
"427","6862",1,"TUR"
"4164","6862",1,"TUR"
"352","6863",1,"TUR"
"480","6863",1,"TUR"
"1977","6863",1,"TUR"
"5831","6863",1,"TUR"
"424","6864",1,"TUR"
"448","6864",1,"TUR"
"4212","6864",1,"TUR"
"5555","6864",1,"TUR"
"4","6865",1,"TUR"
"7","6865",1,"TUR"
"422","6865",1,"TUR"
"3689","6865",1,"TUR"
"1784","6866",1,"TUR"
"2545","6866",1,"TUR"
"2613","6866",1,"TUR"
"6552","6866",1,"TUR"
"1","6867",1,"TUR"
"1406","6867",1,"TUR"
"1493","6867",1,"TUR"
"6","6868",1,"TUR"
"58","6868",1,"TUR"
"1531","6868",1,"TUR"
"4332","6868",1,"TUR"
"2","6869",1,"TUR"
"21","6869",1,"TUR"
"228","6869",1,"TUR"
"6160","6869",1,"TUR"
"33","6870",1,"TUR"
"428","6870",1,"TUR"
"872","6870",1,"TUR"
"6143","6870",1,"TUR"
"7","6871",1,"TUR"
"31","6871",1,"TUR"
"1105","6871",1,"TUR"
"4178","6871",1,"TUR"
"14","6872",1,"TUR"
"4018","6872",1,"TUR"
"5937","6872",1,"TUR"
"5","6873",1,"TUR"
"1040","6873",1,"TUR"
"1161","6873",1,"TUR"
"1479","6873",1,"TUR"
"286","6874",1,"TUR"
"1869","6874",1,"TUR"
"2","6875",1,"TUR"
"286","6875",2,"TUR"
"836","6875",1,"TUR"
"20","6876",1,"TUR"
"204","6876",1,"TUR"
"528","6876",1,"TUR"
"3072","6876",1,"TUR"
"88","6877",1,"TUR"
"405","6877",1,"TUR"
"1293","6877",1,"TUR"
"2265","6877",1,"TUR"
"5","6878",1,"TUR"
"751","6878",1,"TUR"
"1101","6878",1,"TUR"
"1260","6878",1,"TUR"
"2","6879",1,"TUR"
"401","6879",1,"TUR"
"3","6880",1,"TUR"
"310","6880",1,"TUR"
"1010","6880",1,"TUR"
"3144","6880",1,"TUR"
"22","6881",1,"TUR"
"350","6881",1,"TUR"
"1202","6881",1,"TUR"
"2063","6881",1,"TUR"
"56","6882",1,"TUR"
"860","6882",1,"TUR"
"2552","6882",1,"TUR"
"3370","6882",1,"TUR"
"100","6883",1,"TUR"
"258","6883",1,"TUR"
"5338","6883",1,"TUR"
"6666","6883",1,"TUR"
"8","6884",1,"TUR"
"102","6884",1,"TUR"
"133","6884",1,"TUR"
"765","6884",1,"TUR"
"106","6885",1,"TUR"
"1623","6885",1,"TUR"
"1717","6885",1,"TUR"
"3745","6885",1,"TUR"
"75","6886",1,"TUR"
"579","6886",1,"TUR"
"1469","6886",1,"TUR"
"3","6887",2,"TUR"
"193","6887",1,"TUR"
"1142","6887",1,"TUR"
"133","6888",1,"TUR"
"1558","6888",1,"TUR"
"2395","6888",1,"TUR"
"6231","6888",1,"TUR"
"36","6889",1,"TUR"
"47","6889",1,"TUR"
"1874","6889",1,"TUR"
"2167","6889",1,"TUR"
"62","6890",1,"TUR"
"2009","6890",1,"TUR"
"4482","6890",1,"TUR"
"81","6891",1,"TUR"
"87","6891",1,"TUR"
"1426","6891",1,"TUR"
"2090","6891",1,"TUR"
"1","6892",1,"TUR"
"6","6892",1,"TUR"
"2265","6892",1,"TUR"
"57","6893",2,"TUR"
"3321","6893",1,"TUR"
"3693","6893",1,"TUR"
"3","6894",1,"TUR"
"22","6894",1,"TUR"
"24","6894",1,"TUR"
"94","6894",1,"TUR"
"1746","6895",1,"TUR"
"4540","6895",1,"TUR"
"6119","6895",1,"TUR"
"72","6896",1,"TUR"
"643","6896",1,"TUR"
"782","6896",1,"TUR"
"4833","6896",1,"TUR"
"56","6897",1,"TUR"
"1569","6897",1,"TUR"
"1975","6897",1,"TUR"
"6626","6897",1,"TUR"
"857","6898",1,"TUR"
"1149","6898",1,"TUR"
"1337","6898",1,"TUR"
"2138","6898",1,"TUR"
"1","6899",1,"TUR"
"494","6899",1,"TUR"
"1112","6899",1,"TUR"
"2092","6899",1,"TUR"
"1","6900",1,"TUR"
"349","6900",1,"TUR"
"6324","6900",1,"TUR"
"2","6901",1,"TUR"
"1242","6901",1,"TUR"
"3381","6901",1,"TUR"
"5863","6901",1,"TUR"
"666","6902",1,"TUR"
"879","6902",1,"TUR"
"1369","6902",1,"TUR"
"3429","6902",1,"TUR"
"12","6903",1,"TUR"
"105","6903",1,"TUR"
"606","6903",1,"TUR"
"2338","6903",1,"TUR"
"1","6904",1,"TUR"
"348","6904",1,"TUR"
"457","6904",1,"TUR"
"1645","6904",1,"TUR"
"5","6905",1,"TUR"
"497","6905",1,"TUR"
"4299","6905",1,"TUR"
"803","6906",1,"TUR"
"1088","6906",1,"TUR"
"2015","6906",1,"TUR"
"2354","6906",1,"TUR"
"4","6907",1,"TUR"
"306","6907",1,"TUR"
"6652","6907",1,"TUR"
"1","6908",1,"TUR"
"43","6908",1,"TUR"
"454","6908",1,"TUR"
"479","6908",1,"TUR"
"3","6909",1,"TUR"
"442","6909",1,"TUR"
"1880","6909",1,"TUR"
"1917","6909",1,"TUR"
"2","6910",1,"TUR"
"676","6910",1,"TUR"
"5057","6910",1,"TUR"
"1","6911",2,"TUR"
"2742","6911",1,"TUR"
"6473","6911",1,"TUR"
"222","6912",1,"TUR"
"687","6912",1,"TUR"
"738","6912",1,"TUR"
"1276","6912",1,"TUR"
"6122","6913",1,"TUR"
"6437","6913",1,"TUR"
"6","6914",1,"TUR"
"1170","6914",1,"TUR"
"1263","6914",1,"TUR"
"2416","6914",1,"TUR"
"2","6915",1,"TUR"
"39","6915",1,"TUR"
"142","6915",1,"TUR"
"2726","6915",1,"TUR"
"247","6916",2,"TUR"
"946","6917",1,"TUR"
"2273","6917",1,"TUR"
"1","6918",1,"TUR"
"399","6918",1,"TUR"
"6437","6918",1,"TUR"
"6580","6918",1,"TUR"
"2","6919",1,"TUR"
"6","6919",1,"TUR"
"854","6919",1,"TUR"
"1549","6919",1,"TUR"
"2338","6920",1,"TUR"
"5618","6920",1,"TUR"
"818","6921",1,"TUR"
"861","6921",1,"TUR"
"1785","6921",1,"TUR"
"5537","6921",1,"TUR"
"891","6922",1,"TUR"
"1276","6922",1,"TUR"
"1529","6922",1,"TUR"
"2699","6922",1,"TUR"
"457","6923",1,"TUR"
"815","6923",1,"TUR"
"941","6923",1,"TUR"
"2254","6923",1,"TUR"
"10","6924",1,"TUR"
"1150","6924",1,"TUR"
"6715","6924",2,"TUR"
"65","6925",1,"TUR"
"1228","6925",1,"TUR"
"2213","6925",1,"TUR"
"5394","6925",1,"TUR"
"44","6926",1,"TUR"
"389","6926",1,"TUR"
"456","6926",1,"TUR"
"6539","6926",1,"TUR"
"1","6927",2,"TUR"
"1084","6927",1,"TUR"
"1779","6927",1,"TUR"
"49","6928",1,"TUR"
"204","6928",1,"TUR"
"2802","6928",1,"TUR"
"5","6929",1,"TUR"
"2851","6929",1,"TUR"
"2938","6929",1,"TUR"
"5598","6929",1,"TUR"
"1","6930",1,"TUR"
"7","6930",1,"TUR"
"625","6930",1,"TUR"
"1099","6930",1,"TUR"
"121","6931",1,"TUR"
"1598","6931",1,"TUR"
"2346","6931",1,"TUR"
"2360","6931",1,"TUR"
"25","6932",1,"TUR"
"71","6932",1,"TUR"
"381","6932",1,"TUR"
"3042","6932",1,"TUR"
"9","6933",1,"TUR"
"105","6933",1,"TUR"
"1299","6933",1,"TUR"
"1851","6933",1,"TUR"
"1","6934",1,"TUR"
"13","6934",1,"TUR"
"268","6934",1,"TUR"
"837","6934",1,"TUR"
"41","6935",1,"TUR"
"254","6935",1,"TUR"
"4631","6935",1,"TUR"
"4632","6935",1,"TUR"
"1","6936",1,"TUR"
"240","6936",1,"TUR"
"2060","6936",1,"TUR"
"2908","6936",1,"TUR"
"2915","6937",1,"TUR"
"6937","6937",1,"TUR"
"2","6938",1,"TUR"
"7","6938",1,"TUR"
"40","6938",1,"TUR"
"2599","6938",1,"TUR"
"143","6939",1,"TUR"
"265","6939",1,"TUR"
"1624","6939",1,"TUR"
"4268","6939",1,"TUR"
"145","6940",1,"TUR"
"613","6940",1,"TUR"
"3086","6940",1,"TUR"
"5718","6940",1,"TUR"
"77","6941",1,"TUR"
"326","6941",1,"TUR"
"726","6941",1,"TUR"
"1587","6941",1,"TUR"
"3","6942",1,"TUR"
"4","6942",1,"TUR"
"241","6942",1,"TUR"
"1587","6942",1,"TUR"
"7","6943",1,"TUR"
"282","6943",1,"TUR"
"1218","6943",2,"TUR"
"338","6944",1,"TUR"
"379","6944",1,"TUR"
"1218","6944",1,"TUR"
"5912","6944",1,"TUR"
"1","6945",1,"TUR"
"56","6945",1,"TUR"
"357","6945",1,"TUR"
"3","6946",1,"TUR"
"277","6946",1,"TUR"
"566","6946",1,"TUR"
"1161","6946",1,"TUR"
"349","6947",1,"TUR"
"1350","6947",1,"TUR"
"1596","6947",1,"TUR"
"4632","6947",1,"TUR"
"64","6948",1,"TUR"
"101","6948",1,"TUR"
"758","6948",1,"TUR"
"812","6948",1,"TUR"
"68","6949",1,"TUR"
"74","6949",1,"TUR"
"97","6949",1,"TUR"
"2294","6949",1,"TUR"
"1","6950",1,"TUR"
"69","6950",1,"TUR"
"218","6950",1,"TUR"
"2807","6950",1,"TUR"
"7","6951",1,"TUR"
"90","6951",1,"TUR"
"2059","6951",1,"TUR"
"6937","6951",1,"TUR"
"5","6952",1,"TUR"
"2514","6952",1,"TUR"
"3839","6952",1,"TUR"
"28","6953",1,"TUR"
"56","6953",1,"TUR"
"94","6953",1,"TUR"
"4991","6953",1,"TUR"
"77","6954",1,"TUR"
"223","6954",1,"TUR"
"653","6954",1,"TUR"
"6468","6954",1,"TUR"
"6","6955",1,"TUR"
"404","6955",1,"TUR"
"5158","6955",2,"TUR"
"20","6956",1,"TUR"
"598","6956",2,"TUR"
"2348","6956",1,"TUR"
"93","6957",1,"TUR"
"299","6957",1,"TUR"
"5703","6957",1,"TUR"
"30","6958",1,"TUR"
"2588","6958",2,"TUR"
"4390","6958",1,"TUR"
"3","6959",1,"TUR"
"71","6959",1,"TUR"
"96","6959",1,"TUR"
"1338","6959",1,"TUR"
"67","6960",1,"TUR"
"1374","6960",1,"TUR"
"5168","6960",1,"TUR"
"1749","6961",1,"TUR"
"2074","6961",1,"TUR"
"6080","6961",1,"TUR"
"6096","6961",1,"TUR"
"274","6962",1,"TUR"
"2543","6962",1,"TUR"
"5816","6962",1,"TUR"
"5963","6962",1,"TUR"
"32","6963",1,"TUR"
"34","6963",1,"TUR"
"2251","6963",1,"TUR"
"5","6964",1,"TUR"
"2543","6964",1,"TUR"
"3193","6964",1,"TUR"
"5982","6964",1,"TUR"
"107","6965",1,"TUR"
"298","6965",1,"TUR"
"641","6965",1,"TUR"
"1429","6965",1,"TUR"
"6","6966",1,"TUR"
"434","6966",1,"TUR"
"1421","6966",1,"TUR"
"2","6967",1,"TUR"
"6","6967",1,"TUR"
"142","6967",1,"TUR"
"6118","6967",1,"TUR"
"54","6968",1,"TUR"
"129","6968",1,"TUR"
"3861","6968",1,"TUR"
"5970","6968",1,"TUR"
"2","6969",1,"TUR"
"3","6969",1,"TUR"
"28","6969",1,"TUR"
"6","6970",1,"TUR"
"47","6970",1,"TUR"
"797","6970",1,"TUR"
"1464","6970",1,"TUR"
"7","6971",1,"TUR"
"1122","6971",1,"TUR"
"2851","6971",1,"TUR"
"3988","6971",1,"TUR"
"7","6972",1,"TUR"
"32","6972",1,"TUR"
"546","6972",1,"TUR"
"571","6972",1,"TUR"
"31","6973",1,"TUR"
"244","6973",1,"TUR"
"454","6973",1,"TUR"
"1","6974",2,"TUR"
"670","6974",1,"TUR"
"1","6975",2,"TUR"
"12","6975",1,"TUR"
"6213","6975",1,"TUR"
"3","6976",1,"TUR"
"447","6976",1,"TUR"
"4276","6976",1,"TUR"
"6197","6976",1,"TUR"
"485","6977",1,"TUR"
"898","6977",1,"TUR"
"1444","6977",1,"TUR"
"1690","6977",1,"TUR"
"6","6978",1,"TUR"
"1399","6978",1,"TUR"
"5728","6978",2,"TUR"
"21","6979",1,"TUR"
"37","6979",1,"TUR"
"564","6979",1,"TUR"
"1017","6979",1,"TUR"
"93","6980",1,"TUR"
"99","6980",1,"TUR"
"106","6980",1,"TUR"
"236","6980",1,"TUR"
"1","6981",1,"TUR"
"393","6981",1,"TUR"
"1836","6981",1,"TUR"
"4733","6981",1,"TUR"
"34","6982",1,"TUR"
"160","6982",1,"TUR"
"956","6982",1,"TUR"
"6838","6982",1,"TUR"
"33","6983",1,"TUR"
"38","6983",1,"TUR"
"59","6983",1,"TUR"
"88","6983",1,"TUR"
"5","6984",1,"TUR"
"96","6984",1,"TUR"
"126","6984",1,"TUR"
"6928","6984",1,"TUR"
"734","6985",1,"TUR"
"1885","6985",1,"TUR"
"2574","6985",1,"TUR"
"3131","6985",1,"TUR"
"514","6986",1,"TUR"
"1840","6986",1,"TUR"
"3726","6986",1,"TUR"
"4884","6986",1,"TUR"
"114","6987",1,"TUR"
"960","6987",2,"TUR"
"1485","6987",1,"TUR"
"294","6988",1,"TUR"
"1432","6988",1,"TUR"
"1856","6988",1,"TUR"
"5285","6988",1,"TUR"
"5","6989",1,"TUR"
"94","6989",1,"TUR"
"623","6989",1,"TUR"
"1176","6989",1,"TUR"
"358","6990",1,"TUR"
"359","6990",1,"TUR"
"5876","6990",1,"TUR"
"6344","6990",1,"TUR"
"8","6991",1,"TUR"
"579","6991",1,"TUR"
"1352","6991",1,"TUR"
"4","6992",1,"TUR"
"398","6992",1,"TUR"
"454","6992",1,"TUR"
"3864","6992",1,"TUR"
"277","6993",1,"TUR"
"295","6993",1,"TUR"
"369","6993",1,"TUR"
"2272","6993",1,"TUR"
"154","6994",1,"TUR"
"1214","6994",1,"TUR"
"341","6995",1,"TUR"
"823","6995",1,"TUR"
"3702","6995",1,"TUR"
"5945","6995",1,"TUR"
"3","6996",1,"TUR"
"12","6996",1,"TUR"
"21","6996",1,"TUR"
"3035","6996",1,"TUR"
"12","6997",1,"TUR"
"30","6997",1,"TUR"
"34","6997",1,"TUR"
"589","6997",1,"TUR"
"768","6998",1,"TUR"
"1206","6998",1,"TUR"
"2316","6998",1,"TUR"
"4441","6998",1,"TUR"
"296","6999",1,"TUR"
"1076","6999",1,"TUR"
"1573","6999",1,"TUR"
"3293","6999",1,"TUR"
"5","7000",1,"TUR"
"7","7000",1,"TUR"
"855","7000",1,"TUR"
"5","7001",1,"TUR"
"498","7001",1,"TUR"
"3053","7001",1,"TUR"
"1","7002",1,"TUR"
"67","7002",1,"TUR"
"5989","7002",1,"TUR"
"11","7003",1,"TUR"
"14","7003",1,"TUR"
"3140","7003",1,"TUR"
"4092","7003",1,"TUR"
"20","7004",2,"TUR"
"1925","7004",1,"TUR"
"7","7005",1,"TUR"
"1601","7005",1,"TUR"
"1880","7005",1,"TUR"
"3433","7005",1,"TUR"
"195","7006",1,"TUR"
"2968","7006",1,"TUR"
"3046","7006",1,"TUR"
"1996","7007",1,"TUR"
"3261","7007",1,"TUR"
"4416","7007",1,"TUR"
"23","7008",1,"TUR"
"804","7008",1,"TUR"
"3122","7008",1,"TUR"
"4108","7008",1,"TUR"
"300","7009",1,"TUR"
"344","7009",1,"TUR"
"2138","7009",1,"TUR"
"4741","7009",1,"TUR"
"27","7010",1,"TUR"
"161","7010",1,"TUR"
"204","7010",1,"TUR"
"1067","7010",1,"TUR"
"10","7011",1,"TUR"
"698","7011",1,"TUR"
"1572","7011",1,"TUR"
"6886","7011",1,"TUR"
"1","7012",1,"TUR"
"85","7012",1,"TUR"
"86","7012",1,"TUR"
"621","7012",1,"TUR"
"1","7013",1,"TUR"
"1684","7013",1,"TUR"
"6907","7013",1,"TUR"
"6973","7013",1,"TUR"
"3421","7014",2,"TUR"
"3925","7014",1,"TUR"
"61","7015",1,"TUR"
"261","7015",1,"TUR"
"1601","7015",1,"TUR"
"3040","7015",1,"TUR"
"27","7016",1,"TUR"
"406","7016",1,"TUR"
"455","7016",1,"TUR"
"2653","7016",1,"TUR"
"2","7017",1,"TUR"
"987","7017",1,"TUR"
"4965","7017",1,"TUR"
"6178","7017",1,"TUR"
"1680","7018",1,"TUR"
"1731","7018",1,"TUR"
"2913","7018",1,"TUR"
"5840","7018",1,"TUR"
"3","7019",1,"TUR"
"226","7019",1,"TUR"
"4042","7019",1,"TUR"
"4396","7019",1,"TUR"
"27","7020",1,"TUR"
"117","7020",1,"TUR"
"363","7020",1,"TUR"
"2473","7020",1,"TUR"
"2","7021",1,"TUR"
"117","7021",1,"TUR"
"128","7021",1,"TUR"
"214","7021",1,"TUR"
"1","7022",1,"TUR"
"2","7022",1,"TUR"
"532","7022",1,"TUR"
"1169","7022",1,"TUR"
"3","7023",1,"TUR"
"157","7023",1,"TUR"
"386","7023",1,"TUR"
"6","7024",1,"TUR"
"141","7024",1,"TUR"
"155","7024",1,"TUR"
"5163","7024",1,"TUR"
"522","7025",1,"TUR"
"1452","7025",1,"TUR"
"1628","7025",1,"TUR"
"5991","7025",1,"TUR"
"57","7026",1,"TUR"
"868","7026",1,"TUR"
"910","7026",1,"TUR"
"4119","7026",1,"TUR"
"3019","7027",1,"TUR"
"3133","7027",1,"TUR"
"936","7028",1,"TUR"
"947","7028",1,"TUR"
"1330","7028",1,"TUR"
"5285","7028",1,"TUR"
"228","7029",1,"TUR"
"2072","7029",1,"TUR"
"2243","7029",1,"TUR"
"6661","7029",1,"TUR"
"2","7030",2,"TUR"
"1470","7030",1,"TUR"
"1","7031",1,"TUR"
"290","7031",2,"TUR"
"2803","7031",1,"TUR"
"1","7032",1,"TUR"
"93","7032",1,"TUR"
"966","7032",1,"TUR"
"27","7033",1,"TUR"
"34","7033",1,"TUR"
"1476","7033",1,"TUR"
"3699","7033",1,"TUR"
"21","7034",1,"TUR"
"1469","7034",1,"TUR"
"1833","7034",1,"TUR"
"3164","7034",1,"TUR"
"34","7035",2,"TUR"
"2611","7035",1,"TUR"
"1","7036",1,"TUR"
"411","7036",1,"TUR"
"607","7036",1,"TUR"
"627","7036",1,"TUR"
"8","7037",1,"TUR"
"13","7037",1,"TUR"
"29","7037",1,"TUR"
"982","7037",1,"TUR"
"3","7038",1,"TUR"
"3408","7038",1,"TUR"
"3683","7038",1,"TUR"
"5917","7038",1,"TUR"
"84","7039",1,"TUR"
"407","7039",1,"TUR"
"1523","7039",1,"TUR"
"6867","7039",1,"TUR"
"498","7040",1,"TUR"
"1129","7040",1,"TUR"
"5766","7040",1,"TUR"
"6034","7040",1,"TUR"
"82","7041",1,"TUR"
"96","7041",1,"TUR"
"100","7041",1,"TUR"
"199","7041",1,"TUR"
"5","7042",1,"TUR"
"880","7042",1,"TUR"
"1797","7042",1,"TUR"
"6423","7042",1,"TUR"
"2529","7043",1,"TUR"
"4496","7043",1,"TUR"
"2","7044",1,"TUR"
"6","7044",1,"TUR"
"434","7044",1,"TUR"
"5315","7044",1,"TUR"
"14","7045",1,"TUR"
"102","7045",1,"TUR"
"3508","7045",1,"TUR"
"6440","7045",1,"TUR"
"2","7046",2,"TUR"
"90","7047",1,"TUR"
"131","7047",1,"TUR"
"599","7047",1,"TUR"
"1553","7047",1,"TUR"
"186","7048",1,"TUR"
"220","7048",1,"TUR"
"984","7048",1,"TUR"
"1132","7048",1,"TUR"
"349","7049",1,"TUR"
"4188","7049",1,"TUR"
"6112","7049",1,"TUR"
"145","7050",1,"TUR"
"151","7050",1,"TUR"
"221","7050",1,"TUR"
"3465","7050",1,"TUR"
"826","7051",1,"TUR"
"1614","7051",1,"TUR"
"1758","7051",1,"TUR"
"6672","7051",1,"TUR"
"2","7052",1,"TUR"
"19","7052",1,"TUR"
"2342","7052",1,"TUR"
"231","7053",1,"TUR"
"992","7053",1,"TUR"
"5425","7053",1,"TUR"
"6220","7053",1,"TUR"
"1","7054",1,"TUR"
"2533","7054",2,"TUR"
"6084","7054",1,"TUR"
"12","7055",1,"TUR"
"96","7055",1,"TUR"
"101","7055",1,"TUR"
"1089","7055",1,"TUR"
"1","7056",1,"TUR"
"24","7056",1,"TUR"
"2156","7056",1,"TUR"
"3840","7056",1,"TUR"
"40","7057",1,"TUR"
"86","7057",1,"TUR"
"2290","7057",1,"TUR"
"2553","7057",1,"TUR"
"7","7058",1,"TUR"
"57","7058",1,"TUR"
"137","7058",1,"TUR"
"387","7058",1,"TUR"
"46","7059",1,"TUR"
"127","7059",1,"TUR"
"235","7059",1,"TUR"
"506","7059",1,"TUR"
"1","7060",1,"TUR"
"3","7060",1,"TUR"
"9","7060",1,"TUR"
"31","7061",1,"TUR"
"115","7061",1,"TUR"
"138","7061",1,"TUR"
"1","7062",1,"TUR"
"5","7062",1,"TUR"
"601","7062",2,"TUR"
"2","7063",2,"TUR"
"4","7063",1,"TUR"
"7","7063",1,"TUR"
"14","7064",1,"TUR"
"129","7064",1,"TUR"
"1254","7064",1,"TUR"
"2539","7064",1,"TUR"
"124","7065",1,"TUR"
"283","7065",2,"TUR"
"554","7065",1,"TUR"
"5","7066",1,"TUR"
"1312","7066",1,"TUR"
"1949","7066",1,"TUR"
"6481","7066",1,"TUR"
"49","7067",1,"TUR"
"55","7067",1,"TUR"
"4001","7067",1,"TUR"
"23","7068",1,"TUR"
"751","7068",1,"TUR"
"3041","7068",2,"TUR"
"42","7069",1,"TUR"
"534","7069",1,"TUR"
"1145","7069",1,"TUR"
"5065","7069",1,"TUR"
"58","7070",1,"TUR"
"553","7070",1,"TUR"
"953","7070",1,"TUR"
"4168","7070",1,"TUR"
"10","7071",1,"TUR"
"362","7071",1,"TUR"
"1775","7071",1,"TUR"
"5675","7071",1,"TUR"
"1050","7072",1,"TUR"
"1335","7072",1,"TUR"
"1362","7072",1,"TUR"
"3434","7072",1,"TUR"
"11","7073",1,"TUR"
"206","7073",1,"TUR"
"1459","7073",1,"TUR"
"3350","7073",1,"TUR"
"115","7074",1,"TUR"
"160","7074",1,"TUR"
"777","7074",1,"TUR"
"790","7074",1,"TUR"
"6","7075",1,"TUR"
"663","7075",1,"TUR"
"2956","7075",1,"TUR"
"4","7076",1,"TUR"
"42","7076",1,"TUR"
"322","7076",1,"TUR"
"1927","7076",1,"TUR"
"6","7077",1,"TUR"
"10","7077",1,"TUR"
"939","7077",1,"TUR"
"6370","7077",1,"TUR"
"107","7078",1,"TUR"
"142","7078",1,"TUR"
"3414","7078",1,"TUR"
"45","7079",1,"TUR"
"196","7079",1,"TUR"
"218","7079",1,"TUR"
"6227","7079",1,"TUR"
"368","7080",1,"TUR"
"727","7080",1,"TUR"
"2497","7080",1,"TUR"
"3382","7080",1,"TUR"
"2","7081",2,"TUR"
"13","7081",1,"TUR"
"905","7081",1,"TUR"
"5","7082",1,"TUR"
"6","7082",1,"TUR"
"849","7082",1,"TUR"
"4639","7082",1,"TUR"
"28","7083",1,"TUR"
"147","7083",1,"TUR"
"518","7083",1,"TUR"
"588","7083",1,"TUR"
"1","7084",1,"TUR"
"363","7084",1,"TUR"
"958","7084",1,"TUR"
"1745","7085",1,"TUR"
"3219","7085",1,"TUR"
"3543","7085",1,"TUR"
"6966","7085",1,"TUR"
"2581","7086",1,"TUR"
"3509","7086",1,"TUR"
"3985","7086",1,"TUR"
"4520","7086",1,"TUR"
"10","7087",1,"TUR"
"203","7087",1,"TUR"
"1075","7088",1,"TUR"
"1202","7088",1,"TUR"
"5","7089",1,"TUR"
"568","7090",1,"TUR"
"1547","7090",1,"TUR"
"304","7091",1,"TUR"
"340","7091",1,"TUR"
"540","7091",1,"TUR"
"2183","7091",1,"TUR"
"2055","7092",1,"TUR"
"4217","7092",1,"TUR"
"2","7093",1,"TUR"
"10","7093",1,"TUR"
"11","7093",1,"TUR"
"614","7093",1,"TUR"
"16","7094",1,"TUR"
"51","7094",1,"TUR"
"124","7094",1,"TUR"
"3180","7094",1,"TUR"
"1","7095",1,"TUR"
"175","7095",1,"TUR"
"454","7095",1,"TUR"
"1571","7095",1,"TUR"
"4","7096",1,"TUR"
"495","7096",1,"TUR"
"1611","7096",1,"TUR"
"4930","7096",1,"TUR"
"2","7097",1,"TUR"
"4","7097",1,"TUR"
"2418","7097",1,"TUR"
"3","7098",1,"TUR"
"219","7098",1,"TUR"
"3332","7098",1,"TUR"
"5578","7098",1,"TUR"
"15","7099",1,"TUR"
"241","7099",1,"TUR"
"485","7099",1,"TUR"
"6303","7099",1,"TUR"
"3","7100",1,"TUR"
"26","7100",1,"TUR"
"52","7100",1,"TUR"
"572","7100",1,"TUR"
"780","7101",1,"TUR"
"1197","7101",1,"TUR"
"2666","7101",1,"TUR"
"5488","7101",1,"TUR"
"106","7102",1,"TUR"
"156","7102",1,"TUR"
"1704","7102",1,"TUR"
"4408","7102",1,"TUR"
"1593","7103",2,"TUR"
"1777","7103",1,"TUR"
"2500","7103",1,"TUR"
"1","7104",1,"TUR"
"3","7104",1,"TUR"
"11","7104",2,"TUR"
"12","7105",1,"TUR"
"2910","7105",1,"TUR"
"3470","7105",1,"TUR"
"5012","7105",1,"TUR"
"7","7106",1,"TUR"
"12","7106",1,"TUR"
"413","7106",1,"TUR"
"3884","7106",1,"TUR"
"119","7107",1,"TUR"
"868","7107",1,"TUR"
"3576","7107",1,"TUR"
"237","7108",1,"TUR"
"2551","7108",1,"TUR"
"2779","7108",1,"TUR"
"3287","7108",1,"TUR"
"31","7109",1,"TUR"
"93","7109",1,"TUR"
"200","7109",1,"TUR"
"3065","7109",1,"TUR"
"70","7110",1,"TUR"
"311","7110",1,"TUR"
"679","7110",1,"TUR"
"872","7110",1,"TUR"
"5","7111",1,"TUR"
"633","7111",1,"TUR"
"2194","7111",2,"TUR"
"146","7112",1,"TUR"
"359","7112",1,"TUR"
"451","7112",1,"TUR"
"1049","7112",1,"TUR"
"254","7113",1,"TUR"
"442","7113",1,"TUR"
"3733","7113",1,"TUR"
"5619","7113",1,"TUR"
"9","7114",1,"TUR"
"24","7114",1,"TUR"
"193","7114",1,"TUR"
"1","7115",1,"TUR"
"1128","7115",1,"TUR"
"6336","7115",1,"TUR"
"50","7116",1,"TUR"
"63","7116",1,"TUR"
"665","7116",1,"TUR"
"1415","7116",1,"TUR"
"1","7117",1,"TUR"
"438","7117",1,"TUR"
"1001","7117",1,"TUR"
"5967","7117",1,"TUR"
"348","7118",1,"TUR"
"751","7118",1,"TUR"
"1904","7118",1,"TUR"
"2","7119",1,"TUR"
"3","7119",1,"TUR"
"2272","7119",1,"TUR"
"193","7120",1,"TUR"
"263","7120",1,"TUR"
"1274","7120",1,"TUR"
"3097","7120",1,"TUR"
"263","7121",1,"TUR"
"798","7121",1,"TUR"
"1080","7121",1,"TUR"
"1839","7121",1,"TUR"
"223","7122",2,"TUR"
"530","7122",2,"TUR"
"48","7123",1,"TUR"
"1634","7123",1,"TUR"
"397","7124",1,"TUR"
"488","7124",1,"TUR"
"601","7124",1,"TUR"
"1467","7124",1,"TUR"
"29","7125",1,"TUR"
"488","7125",1,"TUR"
"3273","7125",1,"TUR"
"5322","7125",1,"TUR"
"7","7126",1,"TUR"
"1186","7126",1,"TUR"
"1996","7126",1,"TUR"
"1","7127",1,"TUR"
"195","7127",1,"TUR"
"1727","7127",1,"TUR"
"1849","7127",1,"TUR"
"200","7128",1,"TUR"
"3864","7128",1,"TUR"
"31","7129",1,"TUR"
"41","7129",1,"TUR"
"193","7129",1,"TUR"
"1130","7129",1,"TUR"
"682","7130",2,"TUR"
"4304","7130",1,"TUR"
"3","7131",1,"TUR"
"488","7131",1,"TUR"
"902","7131",1,"TUR"
"1509","7131",1,"TUR"
"297","7132",1,"TUR"
"2085","7132",1,"TUR"
"5194","7132",1,"TUR"
"5271","7132",1,"TUR"
"50","7133",1,"TUR"
"1039","7133",1,"TUR"
"110","7134",1,"TUR"
"727","7134",1,"TUR"
"966","7134",1,"TUR"
"2997","7134",1,"TUR"
"3","7135",2,"TUR"
"1172","7135",1,"TUR"
"6435","7135",1,"TUR"
"70","7136",1,"TUR"
"646","7136",1,"TUR"
"2232","7136",1,"TUR"
"3203","7136",1,"TUR"
"51","7137",1,"TUR"
"247","7137",1,"TUR"
"935","7137",1,"TUR"
"1176","7137",1,"TUR"
"1","7138",1,"TUR"
"4","7138",1,"TUR"
"143","7138",1,"TUR"
"1835","7138",1,"TUR"
"518","7139",1,"TUR"
"1867","7139",1,"TUR"
"96","7140",1,"TUR"
"485","7140",1,"TUR"
"898","7140",1,"TUR"
"1917","7140",1,"TUR"
"2","7141",1,"TUR"
"37","7141",1,"TUR"
"179","7141",1,"TUR"
"6991","7141",1,"TUR"
"23","7142",2,"TUR"
"2341","7142",1,"TUR"
"2342","7142",1,"TUR"
"20","7143",1,"TUR"
"66","7143",2,"TUR"
"374","7143",1,"TUR"
"1","7144",1,"TUR"
"294","7144",1,"TUR"
"2076","7144",1,"TUR"
"6420","7144",1,"TUR"
"660","7145",1,"TUR"
"1589","7145",1,"TUR"
"1654","7145",1,"TUR"
"5267","7145",1,"TUR"
"1878","7146",1,"TUR"
"2355","7146",1,"TUR"
"2387","7146",1,"TUR"
"3058","7146",1,"TUR"
"142","7147",1,"TUR"
"782","7147",1,"TUR"
"1044","7147",1,"TUR"
"1931","7147",1,"TUR"
"9","7148",1,"TUR"
"486","7148",1,"TUR"
"2663","7148",1,"TUR"
"6363","7148",1,"TUR"
"14","7149",1,"TUR"
"89","7149",2,"TUR"
"4861","7149",1,"TUR"
"1","7150",1,"TUR"
"409","7150",1,"TUR"
"2033","7150",1,"TUR"
"2256","7150",1,"TUR"
"1","7151",1,"TUR"
"486","7151",1,"TUR"
"688","7151",1,"TUR"
"337","7152",1,"TUR"
"633","7152",1,"TUR"
"4008","7152",1,"TUR"
"5247","7152",1,"TUR"
"14","7153",1,"TUR"
"2073","7153",2,"TUR"
"4667","7153",1,"TUR"
"1","7154",1,"TUR"
"7","7154",1,"TUR"
"161","7155",1,"TUR"
"1195","7155",1,"TUR"
"1712","7155",1,"TUR"
"4974","7155",1,"TUR"
"179","7156",1,"TUR"
"564","7156",1,"TUR"
"3881","7156",1,"TUR"
"1","7157",1,"TUR"
"71","7157",1,"TUR"
"1125","7157",1,"TUR"
"6740","7157",1,"TUR"
"1519","7158",2,"TUR"
"3539","7158",2,"TUR"
"59","7159",2,"TUR"
"207","7159",1,"TUR"
"3926","7159",1,"TUR"
"24","7160",1,"TUR"
"2119","7160",1,"TUR"
"6067","7160",1,"TUR"
"6326","7160",1,"TUR"
"142","7161",1,"TUR"
"189","7161",1,"TUR"
"217","7161",1,"TUR"
"668","7161",1,"TUR"
"10","7162",1,"TUR"
"69","7162",1,"TUR"
"852","7162",1,"TUR"
"7139","7162",1,"TUR"
"14","7163",2,"TUR"
"99","7163",1,"TUR"
"124","7163",1,"TUR"
"1","7164",1,"TUR"
"2909","7164",1,"TUR"
"4593","7164",1,"TUR"
"6258","7164",1,"TUR"
"27","7165",1,"TUR"
"1066","7165",1,"TUR"
"1531","7165",1,"TUR"
"1914","7165",1,"TUR"
"543","7166",1,"TUR"
"1303","7166",1,"TUR"
"1856","7166",1,"TUR"
"6274","7166",1,"TUR"
"3","7167",1,"TUR"
"8","7167",1,"TUR"
"31","7167",1,"TUR"
"2046","7167",1,"TUR"
"447","7168",1,"TUR"
"878","7168",1,"TUR"
"2906","7168",1,"TUR"
"3251","7168",1,"TUR"
"1271","7169",1,"TUR"
"1555","7169",1,"TUR"
"5577","7169",1,"TUR"
"5759","7169",1,"TUR"
"235","7170",1,"TUR"
"323","7170",1,"TUR"
"643","7170",1,"TUR"
"5974","7170",1,"TUR"
"70","7171",1,"TUR"
"111","7171",1,"TUR"
"702","7171",1,"TUR"
"2334","7171",1,"TUR"
"60","7172",1,"TUR"
"229","7172",1,"TUR"
"1130","7172",1,"TUR"
"3287","7172",1,"TUR"
"543","7173",1,"TUR"
"700","7173",1,"TUR"
"44","7174",1,"TUR"
"192","7174",1,"TUR"
"1345","7174",1,"TUR"
"2666","7174",1,"TUR"
"6","7175",1,"TUR"
"177","7175",2,"TUR"
"6500","7175",1,"TUR"
"197","7176",1,"TUR"
"231","7176",1,"TUR"
"4097","7176",1,"TUR"
"4468","7176",1,"TUR"
"2","7177",1,"TUR"
"90","7177",1,"TUR"
"1937","7177",1,"TUR"
"2384","7177",1,"TUR"
"14","7178",1,"TUR"
"1254","7178",1,"TUR"
"3823","7178",1,"TUR"
"4476","7178",1,"TUR"
"172","7179",1,"TUR"
"191","7179",1,"TUR"
"2533","7179",1,"TUR"
"3104","7179",1,"TUR"
"1","7180",1,"TUR"
"98","7180",1,"TUR"
"645","7180",1,"TUR"
"1561","7181",1,"TUR"
"2952","7181",2,"TUR"
"5959","7181",1,"TUR"
"4","7182",1,"TUR"
"738","7182",1,"TUR"
"2641","7182",1,"TUR"
"2","7183",1,"TUR"
"858","7183",1,"TUR"
"1506","7183",1,"TUR"
"2199","7183",1,"TUR"
"726","7184",1,"TUR"
"4738","7184",1,"TUR"
"5109","7184",1,"TUR"
"6309","7184",1,"TUR"
"6","7185",1,"TUR"
"604","7185",1,"TUR"
"676","7185",1,"TUR"
"3464","7185",1,"TUR"
"162","7186",1,"TUR"
"968","7186",1,"TUR"
"287","7187",1,"TUR"
"920","7187",1,"TUR"
"1629","7187",1,"TUR"
"2","7188",1,"TUR"
"175","7188",1,"TUR"
"2800","7188",1,"TUR"
"6100","7188",1,"TUR"
"27","7189",1,"TUR"
"91","7189",1,"TUR"
"3296","7189",1,"TUR"
"4924","7189",1,"TUR"
"119","7190",1,"TUR"
"1905","7190",1,"TUR"
"4071","7190",1,"TUR"
"5753","7190",1,"TUR"
"1","7191",1,"TUR"
"27","7191",1,"TUR"
"659","7191",1,"TUR"
"19","7192",1,"TUR"
"849","7192",1,"TUR"
"1019","7192",1,"TUR"
"5027","7192",1,"TUR"
"2","7193",2,"TUR"
"202","7193",1,"TUR"
"2187","7193",1,"TUR"
"94","7194",1,"TUR"
"135","7194",1,"TUR"
"371","7194",1,"TUR"
"1271","7194",1,"TUR"
"93","7195",1,"TUR"
"119","7195",1,"TUR"
"231","7195",1,"TUR"
"3848","7195",1,"TUR"
"1","7196",1,"TUR"
"30","7196",1,"TUR"
"369","7196",1,"TUR"
"3806","7196",1,"TUR"
"9","7197",1,"TUR"
"1021","7197",1,"TUR"
"3951","7197",1,"TUR"
"7014","7197",1,"TUR"
"16","7198",1,"TUR"
"75","7198",1,"TUR"
"172","7198",1,"TUR"
"787","7198",1,"TUR"
"173","7199",1,"TUR"
"811","7199",1,"TUR"
"941","7199",1,"TUR"
"1336","7199",1,"TUR"
"1","7200",1,"TUR"
"4","7200",2,"TUR"
"22","7201",1,"TUR"
"159","7201",1,"TUR"
"859","7201",1,"TUR"
"4054","7201",1,"TUR"
"174","7202",1,"TUR"
"1963","7202",1,"TUR"
"3736","7202",1,"TUR"
"5717","7202",1,"TUR"
"176","7203",1,"TUR"
"2957","7203",1,"TUR"
"7191","7203",1,"TUR"
"2","7204",1,"TUR"
"12","7204",1,"TUR"
"4615","7204",1,"TUR"
"5461","7204",1,"TUR"
"22","7205",1,"TUR"
"1364","7205",1,"TUR"
"2620","7205",1,"TUR"
"13","7206",1,"TUR"
"349","7206",1,"TUR"
"533","7206",1,"TUR"
"5444","7206",1,"TUR"
"316","7207",1,"TUR"
"511","7207",1,"TUR"
"647","7207",1,"TUR"
"1181","7207",1,"TUR"
"5","7208",1,"TUR"
"93","7208",1,"TUR"
"259","7208",1,"TUR"
"803","7208",1,"TUR"
"594","7209",1,"TUR"
"2836","7209",1,"TUR"
"4322","7209",1,"TUR"
"6809","7209",1,"TUR"
"1","7210",1,"TUR"
"79","7210",1,"TUR"
"842","7210",1,"TUR"
"5843","7210",1,"TUR"
"22","7211",1,"TUR"
"279","7211",1,"TUR"
"532","7211",1,"TUR"
"700","7211",1,"TUR"
"44","7212",1,"TUR"
"167","7212",1,"TUR"
"1446","7212",1,"TUR"
"1615","7212",1,"TUR"
"2400","7213",2,"TUR"
"3008","7213",1,"TUR"
"3479","7213",1,"TUR"
"5","7214",1,"TUR"
"263","7214",1,"TUR"
"1408","7214",1,"TUR"
"3617","7214",1,"TUR"
"317","7215",1,"TUR"
"443","7215",1,"TUR"
"1361","7215",1,"TUR"
"5672","7215",1,"TUR"
"157","7216",2,"TUR"
"306","7216",1,"TUR"
"3714","7216",1,"TUR"
"57","7217",1,"TUR"
"58","7217",1,"TUR"
"1272","7217",1,"TUR"
"4994","7217",1,"TUR"
"1265","7218",2,"TUR"
"6","7219",1,"TUR"
"791","7219",1,"TUR"
"1040","7219",1,"TUR"
"2","7220",1,"TUR"
"137","7220",1,"TUR"
"287","7220",1,"TUR"
"6874","7220",1,"TUR"
"661","7221",1,"TUR"
"749","7221",1,"TUR"
"2609","7221",1,"TUR"
"2834","7221",1,"TUR"
"1","7222",2,"TUR"
"73","7222",1,"TUR"
"613","7222",1,"TUR"
"1","7223",1,"TUR"
"4","7223",2,"TUR"
"6152","7223",1,"TUR"
"661","7224",1,"TUR"
"981","7224",1,"TUR"
"2992","7225",1,"TUR"
"5616","7225",1,"TUR"
"6198","7225",1,"TUR"
"6539","7225",1,"TUR"
"83","7226",2,"TUR"
"1233","7226",1,"TUR"
"2418","7226",1,"TUR"
"182","7227",1,"TUR"
"189","7227",1,"TUR"
"1623","7227",1,"TUR"
"4646","7227",1,"TUR"
"3","7228",1,"TUR"
"7","7228",1,"TUR"
"142","7228",1,"TUR"
"1157","7228",1,"TUR"
"292","7229",2,"TUR"
"1735","7229",1,"TUR"
"5850","7229",1,"TUR"
"24","7230",1,"TUR"
"298","7230",1,"TUR"
"842","7230",1,"TUR"
"3281","7230",1,"TUR"
"76","7231",1,"TUR"
"129","7231",1,"TUR"
"275","7231",1,"TUR"
"1369","7231",1,"TUR"
"298","7232",2,"TUR"
"367","7232",1,"TUR"
"632","7232",1,"TUR"
"136","7233",1,"TUR"
"513","7233",1,"TUR"
"844","7233",1,"TUR"
"6464","7233",1,"TUR"
"5","7234",1,"TUR"
"120","7234",1,"TUR"
"141","7234",1,"TUR"
"5795","7234",1,"TUR"
"3","7235",1,"TUR"
"224","7235",1,"TUR"
"2843","7235",2,"TUR"
"363","7236",1,"TUR"
"2021","7236",1,"TUR"
"3289","7236",1,"TUR"
"3565","7236",1,"TUR"
"185","7237",1,"TUR"
"214","7237",1,"TUR"
"3438","7237",1,"TUR"
"3491","7237",1,"TUR"
"3","7238",1,"TUR"
"397","7238",1,"TUR"
"623","7238",1,"TUR"
"6747","7238",1,"TUR"
"578","7239",1,"TUR"
"2741","7239",1,"TUR"
"5170","7239",1,"TUR"
"6344","7239",1,"TUR"
"9","7240",1,"TUR"
"207","7240",1,"TUR"
"486","7240",1,"TUR"
"910","7240",1,"TUR"
"2","7241",1,"TUR"
"13","7241",1,"TUR"
"27","7241",1,"TUR"
"210","7241",1,"TUR"
"8","7242",1,"TUR"
"920","7242",1,"TUR"
"1869","7242",1,"TUR"
"2381","7242",1,"TUR"
"244","7243",1,"TUR"
"299","7243",1,"TUR"
"1218","7243",1,"TUR"
"5339","7243",1,"TUR"
"10","7244",1,"TUR"
"687","7244",1,"TUR"
"5833","7244",1,"TUR"
"24","7245",1,"TUR"
"250","7245",1,"TUR"
"2","7246",1,"TUR"
"1091","7246",1,"TUR"
"443","7247",1,"TUR"
"463","7247",1,"TUR"
"734","7247",1,"TUR"
"910","7247",1,"TUR"
"2","7248",1,"TUR"
"4","7248",1,"TUR"
"7","7249",2,"TUR"
"2124","7249",1,"TUR"
"3487","7249",1,"TUR"
"463","7250",1,"TUR"
"690","7250",1,"TUR"
"3","7251",2,"TUR"
"463","7251",1,"TUR"
"1477","7251",1,"TUR"
"16","7252",2,"TUR"
"4057","7252",1,"TUR"
"6055","7252",1,"TUR"
"620","7253",1,"TUR"
"2806","7253",1,"TUR"
"4","7254",1,"TUR"
"71","7254",1,"TUR"
"161","7254",1,"TUR"
"1894","7254",1,"TUR"
"3","7255",1,"TUR"
"17","7255",1,"TUR"
"479","7255",1,"TUR"
"1177","7255",1,"TUR"
"53","7256",1,"TUR"
"523","7256",1,"TUR"
"2247","7256",1,"TUR"
"5630","7256",1,"TUR"
"116","7257",1,"TUR"
"3089","7257",2,"TUR"
"3385","7257",1,"TUR"
"30","7258",1,"TUR"
"789","7258",1,"TUR"
"2779","7258",1,"TUR"
"6204","7258",1,"TUR"
"75","7259",1,"TUR"
"86","7259",1,"TUR"
"362","7259",1,"TUR"
"5400","7259",1,"TUR"
"2","7260",1,"TUR"
"106","7260",2,"TUR"
"1852","7260",1,"TUR"
"263","7261",1,"TUR"
"765","7261",1,"TUR"
"918","7261",1,"TUR"
"3540","7261",1,"TUR"
"5","7262",1,"TUR"
"19","7262",1,"TUR"
"1024","7262",1,"TUR"
"1225","7262",1,"TUR"
"32","7263",1,"TUR"
"57","7263",1,"TUR"
"392","7263",1,"TUR"
"4072","7263",1,"TUR"
"12","7264",1,"TUR"
"147","7264",1,"TUR"
"664","7264",1,"TUR"
"6343","7264",1,"TUR"
"2","7265",1,"TUR"
"5","7265",1,"TUR"
"44","7265",1,"TUR"
"201","7265",1,"TUR"
"1","7266",1,"TUR"
"467","7266",1,"TUR"
"559","7266",1,"TUR"
"1","7267",1,"TUR"
"20","7267",1,"TUR"
"31","7267",1,"TUR"
"235","7267",1,"TUR"
"142","7268",1,"TUR"
"1781","7268",2,"TUR"
"6122","7268",1,"TUR"
"83","7269",2,"TUR"
"917","7269",1,"TUR"
"2231","7269",1,"TUR"
"220","7270",1,"TUR"
"242","7270",1,"TUR"
"3249","7270",1,"TUR"
"7060","7270",1,"TUR"
"621","7271",1,"TUR"
"843","7271",1,"TUR"
"1764","7271",1,"TUR"
"4232","7271",1,"TUR"
"2","7272",1,"TUR"
"60","7272",1,"TUR"
"95","7272",1,"TUR"
"2194","7272",1,"TUR"
"100","7273",1,"TUR"
"2310","7273",1,"TUR"
"3947","7273",1,"TUR"
"5916","7273",1,"TUR"
"266","7274",1,"TUR"
"338","7274",1,"TUR"
"901","7274",1,"TUR"
"4992","7274",1,"TUR"
"7","7275",1,"TUR"
"124","7275",1,"TUR"
"162","7275",1,"TUR"
"1535","7275",1,"TUR"
"1","7276",1,"TUR"
"560","7276",1,"TUR"
"3247","7276",1,"TUR"
"4620","7276",1,"TUR"
"2","7277",1,"TUR"
"39","7277",1,"TUR"
"6693","7277",1,"TUR"
"6","7278",1,"TUR"
"58","7278",1,"TUR"
"4608","7278",1,"TUR"
"29","7279",1,"TUR"
"752","7279",1,"TUR"
"2049","7279",1,"TUR"
"2603","7279",1,"TUR"
"11","7280",1,"TUR"
"394","7280",1,"TUR"
"1413","7280",1,"TUR"
"1841","7280",1,"TUR"
"1","7281",2,"TUR"
"10","7281",1,"TUR"
"195","7281",1,"TUR"
"27","7282",1,"TUR"
"99","7282",1,"TUR"
"152","7282",1,"TUR"
"1782","7282",1,"TUR"
"185","7283",1,"TUR"
"1344","7283",1,"TUR"
"3357","7283",1,"TUR"
"4","7284",2,"TUR"
"799","7284",1,"TUR"
"7151","7284",1,"TUR"
"388","7285",1,"TUR"
"1358","7285",1,"TUR"
"1480","7285",1,"TUR"
"3035","7285",1,"TUR"
"4","7286",1,"TUR"
"7","7286",1,"TUR"
"401","7286",1,"TUR"
"1695","7286",1,"TUR"
"3695","7287",1,"TUR"
"3798","7287",1,"TUR"
"404","7288",1,"TUR"
"814","7288",1,"TUR"
"3948","7288",1,"TUR"
"1","7289",1,"TUR"
"716","7289",1,"TUR"
"1342","7289",1,"TUR"
"6161","7289",1,"TUR"
"6","7290",1,"TUR"
"1549","7290",1,"TUR"
"2454","7290",1,"TUR"
"15","7291",1,"TUR"
"572","7291",1,"TUR"
"2296","7291",1,"TUR"
"6101","7291",1,"TUR"
"1","7292",1,"TUR"
"7","7292",1,"TUR"
"811","7292",1,"TUR"
"1018","7292",1,"TUR"
"25","7293",1,"TUR"
"828","7293",1,"TUR"
"903","7293",1,"TUR"
"2947","7293",1,"TUR"
"1","7294",1,"TUR"
"82","7294",1,"TUR"
"535","7294",1,"TUR"
"3473","7294",1,"TUR"
"11","7295",1,"TUR"
"68","7295",1,"TUR"
"108","7295",1,"TUR"
"200","7295",1,"TUR"
"757","7296",1,"TUR"
"1960","7296",1,"TUR"
"1963","7296",1,"TUR"
"6763","7296",1,"TUR"
"2","7297",1,"TUR"
"37","7297",1,"TUR"
"771","7297",1,"TUR"
"1104","7297",1,"TUR"
"3","7298",1,"TUR"
"30","7298",1,"TUR"
"58","7298",1,"TUR"
"2604","7298",1,"TUR"
"67","7299",1,"TUR"
"1396","7299",1,"TUR"
"5153","7299",1,"TUR"
"6400","7299",1,"TUR"
"5","7300",1,"TUR"
"309","7300",1,"TUR"
"862","7300",1,"TUR"
"2009","7300",1,"TUR"
"27","7301",1,"TUR"
"44","7301",1,"TUR"
"732","7301",1,"TUR"
"3","7302",2,"TUR"
"731","7302",1,"TUR"
"3097","7302",1,"TUR"
"27","7303",1,"TUR"
"109","7303",2,"TUR"
"1339","7303",1,"TUR"
"15","7304",1,"TUR"
"447","7304",1,"TUR"
"897","7304",2,"TUR"
"68","7305",1,"TUR"
"623","7305",1,"TUR"
"1597","7305",1,"TUR"
"1739","7305",1,"TUR"
"4","7306",1,"TUR"
"5970","7306",1,"TUR"
"1","7307",1,"TUR"
"51","7307",1,"TUR"
"382","7307",1,"TUR"
"1924","7307",1,"TUR"
"67","7308",1,"TUR"
"109","7308",1,"TUR"
"240","7308",1,"TUR"
"3403","7308",1,"TUR"
"25","7309",1,"TUR"
"762","7309",1,"TUR"
"2739","7309",1,"TUR"
"4672","7309",1,"TUR"
"157","7310",1,"TUR"
"1611","7310",1,"TUR"
"3371","7310",1,"TUR"
"6288","7310",1,"TUR"
"67","7311",1,"TUR"
"1301","7311",2,"TUR"
"1319","7311",1,"TUR"
"81","7312",1,"TUR"
"526","7312",1,"TUR"
"550","7312",1,"TUR"
"5048","7312",1,"TUR"
"5","7313",1,"TUR"
"351","7313",1,"TUR"
"1308","7313",1,"TUR"
"7156","7313",1,"TUR"
"1","7314",1,"TUR"
"663","7314",1,"TUR"
"1647","7314",1,"TUR"
"2588","7314",1,"TUR"
"32","7315",2,"TUR"
"161","7315",1,"TUR"
"1874","7315",1,"TUR"
"5","7316",1,"TUR"
"14","7316",1,"TUR"
"3193","7316",1,"TUR"
"3797","7316",1,"TUR"
"1","7317",1,"TUR"
"53","7317",2,"TUR"
"115","7317",1,"TUR"
"500","7318",1,"TUR"
"983","7318",1,"TUR"
"4226","7318",1,"TUR"
"7061","7318",1,"TUR"
"7","7319",1,"TUR"
"143","7319",1,"TUR"
"1210","7319",1,"TUR"
"2563","7319",1,"TUR"
"71","7320",1,"TUR"
"4584","7320",1,"TUR"
"4703","7320",1,"TUR"
"63","7321",1,"TUR"
"105","7321",1,"TUR"
"150","7321",1,"TUR"
"802","7321",1,"TUR"
"48","7322",1,"TUR"
"87","7322",1,"TUR"
"497","7322",1,"TUR"
"3060","7322",1,"TUR"
"1","7323",1,"TUR"
"3","7323",1,"TUR"
"699","7323",1,"TUR"
"2748","7323",1,"TUR"
"1","7324",1,"TUR"
"4","7324",1,"TUR"
"5","7324",1,"TUR"
"1854","7324",1,"TUR"
"2","7325",1,"TUR"
"613","7325",1,"TUR"
"726","7325",1,"TUR"
"1134","7325",1,"TUR"
"5","7326",1,"TUR"
"56","7326",1,"TUR"
"145","7326",1,"TUR"
"7089","7326",1,"TUR"
"145","7327",2,"TUR"
"7","7328",1,"TUR"
"243","7328",1,"TUR"
"3433","7328",1,"TUR"
"1","7329",1,"TUR"
"790","7329",1,"TUR"
"895","7329",1,"TUR"
"4787","7329",1,"TUR"
"675","7330",1,"TUR"
"1634","7330",1,"TUR"
"2824","7330",1,"TUR"
"6361","7330",1,"TUR"
"8","7331",1,"TUR"
"720","7331",1,"TUR"
"1429","7331",1,"TUR"
"2641","7331",1,"TUR"
"11","7332",1,"TUR"
"512","7332",1,"TUR"
"605","7332",1,"TUR"
"6011","7332",1,"TUR"
"4113","7333",2,"TUR"
"146","7334",1,"TUR"
"495","7334",1,"TUR"
"2897","7334",1,"TUR"
"3310","7334",1,"TUR"
"2269","7335",1,"TUR"
"2705","7335",1,"TUR"
"3573","7335",1,"TUR"
"7002","7335",1,"TUR"
"610","7336",2,"TUR"
"2787","7336",1,"TUR"
"225","7337",1,"TUR"
"696","7337",1,"TUR"
"1514","7337",1,"TUR"
"2786","7337",1,"TUR"
"479","7338",1,"TUR"
"784","7338",1,"TUR"
"2","7339",1,"TUR"
"5","7339",1,"TUR"
"956","7339",1,"TUR"
"1909","7339",1,"TUR"
"7","7340",1,"TUR"
"12","7340",1,"TUR"
"220","7340",1,"TUR"
"1329","7340",1,"TUR"
"1","7341",1,"TUR"
"2","7341",1,"TUR"
"328","7341",1,"TUR"
"1688","7341",1,"TUR"
"109","7342",1,"TUR"
"227","7342",1,"TUR"
"1500","7342",1,"TUR"
"6606","7342",1,"TUR"
"1","7343",1,"TUR"
"2299","7343",1,"TUR"
"3011","7343",1,"TUR"
"5321","7343",1,"TUR"
"24","7344",1,"TUR"
"910","7344",1,"TUR"
"1104","7344",1,"TUR"
"2050","7344",1,"TUR"
"7","7345",1,"TUR"
"218","7345",1,"TUR"
"1384","7345",1,"TUR"
"2701","7345",1,"TUR"
"21","7346",1,"TUR"
"46","7346",1,"TUR"
"1153","7346",1,"TUR"
"1505","7346",1,"TUR"
"637","7347",1,"TUR"
"7032","7347",1,"TUR"
"230","7348",1,"TUR"
"559","7348",1,"TUR"
"938","7348",1,"TUR"
"6797","7348",1,"TUR"
"3","7349",1,"TUR"
"1533","7349",1,"TUR"
"7","7350",1,"TUR"
"15","7350",1,"TUR"
"1416","7350",1,"TUR"
"5322","7350",1,"TUR"
"1650","7351",1,"TUR"
"2075","7351",1,"TUR"
"3139","7351",1,"TUR"
"3293","7351",1,"TUR"
"125","7352",1,"TUR"
"738","7352",1,"TUR"
"2053","7352",1,"TUR"
"2805","7352",1,"TUR"
"1","7353",1,"TUR"
"3","7353",1,"TUR"
"2100","7353",1,"TUR"
"6846","7353",1,"TUR"
"1","7354",1,"TUR"
"1278","7354",1,"TUR"
"3605","7354",1,"TUR"
"4301","7354",1,"TUR"
"2","7355",1,"TUR"
"5","7355",1,"TUR"
"398","7355",1,"TUR"
"2914","7355",1,"TUR"
"2","7356",1,"TUR"
"298","7356",1,"TUR"
"907","7356",1,"TUR"
"1959","7356",1,"TUR"
"129","7357",1,"TUR"
"251","7357",1,"TUR"
"907","7357",1,"TUR"
"2487","7357",1,"TUR"
"67","7358",1,"TUR"
"101","7358",1,"TUR"
"453","7358",1,"TUR"
"4412","7358",1,"TUR"
"228","7359",1,"TUR"
"1403","7359",1,"TUR"
"2434","7359",1,"TUR"
"4102","7359",1,"TUR"
"9","7360",1,"TUR"
"40","7360",1,"TUR"
"81","7360",1,"TUR"
"1844","7360",1,"TUR"
"8","7361",1,"TUR"
"37","7361",1,"TUR"
"523","7361",1,"TUR"
"1175","7361",1,"TUR"
"6","7362",1,"TUR"
"73","7362",1,"TUR"
"147","7362",1,"TUR"
"329","7362",1,"TUR"
"16","7363",1,"TUR"
"3050","7363",1,"TUR"
"5705","7363",1,"TUR"
"6146","7363",1,"TUR"
"21","7364",1,"TUR"
"417","7364",1,"TUR"
"1047","7364",1,"TUR"
"3388","7364",1,"TUR"
"1","7365",1,"TUR"
"372","7365",1,"TUR"
"874","7365",1,"TUR"
"1151","7365",1,"TUR"
"154","7366",1,"TUR"
"1047","7366",1,"TUR"
"1852","7366",1,"TUR"
"34","7367",1,"TUR"
"47","7367",1,"TUR"
"2112","7367",1,"TUR"
"2581","7367",1,"TUR"
"125","7368",1,"TUR"
"508","7368",1,"TUR"
"911","7368",1,"TUR"
"5312","7368",1,"TUR"
"8","7369",1,"TUR"
"1845","7369",1,"TUR"
"4055","7369",1,"TUR"
"7301","7369",1,"TUR"
"1","7370",1,"TUR"
"14","7370",1,"TUR"
"182","7370",1,"TUR"
"4454","7370",1,"TUR"
"14","7371",1,"TUR"
"67","7371",1,"TUR"
"2179","7371",1,"TUR"
"2406","7371",1,"TUR"
"3","7372",1,"TUR"
"5","7372",1,"TUR"
"70","7372",1,"TUR"
"182","7372",1,"TUR"
"16","7373",1,"TUR"
"21","7373",1,"TUR"
"225","7373",1,"TUR"
"5997","7373",1,"TUR"
"2","7374",1,"TUR"
"10","7374",1,"TUR"
"1062","7374",1,"TUR"
"2483","7374",1,"TUR"
"4","7375",1,"TUR"
"302","7375",1,"TUR"
"1157","7375",1,"TUR"
