"wordID","word","frequency","language"
1,"the",5485,"ENG"
2,"to",2855,"ENG"
3,"and",2835,"ENG"
4,"a",2726,"ENG"
5,"of",2584,"ENG"
6,"in",1965,"ENG"
7,"that",1076,"ENG"
8,"for",1014,"ENG"
9,"s",997,"ENG"
10,"on",951,"ENG"
11,"is",938,"ENG"
12,"as",931,"ENG"
13,"but",849,"ENG"
14,"at",714,"ENG"
15,"with",714,"ENG"
16,"it",666,"ENG"
17,"was",619,"ENG"
18,"are",553,"ENG"
19,"be",540,"ENG"
20,"from",517,"ENG"
21,"have",496,"ENG"
22,"by",482,"ENG"
23,"has",464,"ENG"
24,"said",440,"ENG"
25,"he",430,"ENG"
26,"an",418,"ENG"
27,"this",400,"ENG"
28,"will",384,"ENG"
29,"not",371,"ENG"
30,"his",364,"ENG"
31,"i",361,"ENG"
32,"all",345,"ENG"
33,"after",333,"ENG"
34,"we",318,"ENG"
35,"their",310,"ENG"
36,"you",309,"ENG"
37,"they",303,"ENG"
38,"t",296,"ENG"
39,"who",287,"ENG"
40,"been",281,"ENG"
41,"were",277,"ENG"
42,"new",245,"ENG"
43,"people",244,"ENG"
44,"more",242,"ENG"
45,"or",234,"ENG"
46,"had",228,"ENG"
47,"about",224,"ENG"
48,"her",221,"ENG"
49,"out",220,"ENG"
50,"up",205,"ENG"
51,"also",201,"ENG"
52,"one",200,"ENG"
53,"she",195,"ENG"
54,"time",190,"ENG"
55,"its",185,"ENG"
56,"according",184,"ENG"
57,"can",184,"ENG"
58,"year",180,"ENG"
59,"which",178,"ENG"
60,"there",174,"ENG"
61,"if",171,"ENG"
62,"would",171,"ENG"
63,"when",166,"ENG"
64,"over",150,"ENG"
65,"than",149,"ENG"
66,"what",148,"ENG"
67,"so",147,"ENG"
68,"first",146,"ENG"
69,"into",141,"ENG"
70,"just",140,"ENG"
71,"state",139,"ENG"
72,"our",138,"ENG"
73,"like",135,"ENG"
74,"no",133,"ENG"
75,"two",133,"ENG"
76,"some",130,"ENG"
77,"other",127,"ENG"
78,"19",126,"ENG"
79,"him",126,"ENG"
80,"now",126,"ENG"
81,"both",125,"ENG"
82,"them",124,"ENG"
83,"during",122,"ENG"
84,"home",122,"ENG"
85,"being",121,"ENG"
86,"back",120,"ENG"
87,"covid",119,"ENG"
88,"us",118,"ENG"
89,"because",117,"ENG"
90,"before",116,"ENG"
91,"only",116,"ENG"
92,"your",111,"ENG"
93,"these",107,"ENG"
94,"any",104,"ENG"
95,"coronavirus",104,"ENG"
96,"do",103,"ENG"
97,"last",101,"ENG"
98,"those",101,"ENG"
99,"could",98,"ENG"
100,"health",98,"ENG"
101,"while",98,"ENG"
102,"get",97,"ENG"
103,"1",96,"ENG"
104,"another",94,"ENG"
105,"well",94,"ENG"
106,"against",93,"ENG"
107,"most",90,"ENG"
108,"day",87,"ENG"
109,"going",86,"ENG"
110,"made",86,"ENG"
111,"years",86,"ENG"
112,"government",85,"ENG"
113,"should",85,"ENG"
114,"three",84,"ENG"
115,"2",83,"ENG"
116,"2020",83,"ENG"
117,"cases",82,"ENG"
118,"many",82,"ENG"
119,"police",82,"ENG"
120,"city",81,"ENG"
121,"country",81,"ENG"
122,"may",81,"ENG"
123,"off",81,"ENG"
124,"trump",81,"ENG"
125,"world",80,"ENG"
126,"000",79,"ENG"
127,"through",79,"ENG"
128,"week",79,"ENG"
129,"work",79,"ENG"
130,"around",78,"ENG"
131,"m",78,"ENG"
132,"my",77,"ENG"
133,"still",77,"ENG"
134,"says",76,"ENG"
135,"then",76,"ENG"
136,"where",75,"ENG"
137,"even",74,"ENG"
138,"public",74,"ENG"
139,"re",73,"ENG"
140,"president",72,"ENG"
141,"how",71,"ENG"
142,"very",71,"ENG"
143,"number",69,"ENG"
144,"way",69,"ENG"
145,"between",68,"ENG"
146,"make",68,"ENG"
147,"old",68,"ENG"
148,"take",68,"ENG"
149,"down",67,"ENG"
150,"don",66,"ENG"
151,"me",66,"ENG"
152,"team",66,"ENG"
153,"high",65,"ENG"
154,"right",65,"ENG"
155,"say",65,"ENG"
156,"although",64,"ENG"
157,"place",64,"ENG"
158,"long",63,"ENG"
159,"such",63,"ENG"
160,"3",61,"ENG"
161,"game",61,"ENG"
162,"good",61,"ENG"
163,"part",61,"ENG"
164,"per",61,"ENG"
165,"help",60,"ENG"
166,"man",60,"ENG"
167,"pandemic",60,"ENG"
168,"really",59,"ENG"
169,"report",59,"ENG"
170,"since",59,"ENG"
171,"told",59,"ENG"
172,"season",58,"ENG"
173,"family",57,"ENG"
174,"friday",57,"ENG"
175,"group",57,"ENG"
176,"company",56,"ENG"
177,"much",56,"ENG"
178,"among",55,"ENG"
179,"case",55,"ENG"
180,"end",55,"ENG"
181,"see",55,"ENG"
182,"5",54,"ENG"
183,"business",54,"ENG"
184,"know",54,"ENG"
185,"life",54,"ENG"
186,"need",53,"ENG"
187,"next",53,"ENG"
188,"school",53,"ENG"
189,"virus",53,"ENG"
190,"china",52,"ENG"
191,"far",52,"ENG"
192,"million",52,"ENG"
193,"show",52,"ENG"
194,"u",52,"ENG"
195,"days",51,"ENG"
196,"four",51,"ENG"
197,"south",51,"ENG"
198,"too",51,"ENG"
199,"10",50,"ENG"
200,"already",50,"ENG"
201,"based",50,"ENG"
202,"local",50,"ENG"
203,"times",50,"ENG"
204,"go",49,"ENG"
205,"national",49,"ENG"
206,"same",49,"ENG"
207,"second",49,"ENG"
208,"thursday",49,"ENG"
209,"under",49,"ENG"
210,"found",48,"ENG"
211,"month",48,"ENG"
212,"reported",48,"ENG"
213,"social",48,"ENG"
214,"staff",48,"ENG"
215,"4",47,"ENG"
216,"again",47,"ENG"
217,"best",47,"ENG"
218,"big",47,"ENG"
219,"county",47,"ENG"
220,"did",47,"ENG"
221,"might",47,"ENG"
222,"monday",47,"ENG"
223,"office",47,"ENG"
224,"biden",46,"ENG"
225,"election",46,"ENG"
226,"0",45,"ENG"
227,"including",45,"ENG"
228,"keep",45,"ENG"
229,"officials",45,"ENG"
230,"point",45,"ENG"
231,"without",45,"ENG"
232,"12",44,"ENG"
233,"community",44,"ENG"
234,"d",44,"ENG"
235,"must",44,"ENG"
236,"use",44,"ENG"
237,"working",44,"ENG"
238,"7",43,"ENG"
239,"added",43,"ENG"
240,"area",43,"ENG"
241,"called",43,"ENG"
242,"come",43,"ENG"
243,"every",43,"ENG"
244,"least",43,"ENG"
245,"left",43,"ENG"
246,"percent",43,"ENG"
247,"states",43,"ENG"
248,"support",43,"ENG"
249,"women",43,"ENG"
250,"across",42,"ENG"
251,"black",42,"ENG"
252,"chief",42,"ENG"
253,"court",42,"ENG"
254,"got",42,"ENG"
255,"look",42,"ENG"
256,"shares",42,"ENG"
257,"things",42,"ENG"
258,"think",42,"ENG"
259,"today",42,"ENG"
260,"total",42,"ENG"
261,"until",42,"ENG"
262,"better",41,"ENG"
263,"care",41,"ENG"
264,"face",41,"ENG"
265,"own",41,"ENG"
266,"8",40,"ENG"
267,"american",40,"ENG"
268,"march",40,"ENG"
269,"never",40,"ENG"
270,"put",40,"ENG"
271,"recent",40,"ENG"
272,"saturday",40,"ENG"
273,"service",40,"ENG"
274,"20",39,"ENG"
275,"asked",39,"ENG"
276,"data",39,"ENG"
277,"does",39,"ENG"
278,"former",39,"ENG"
279,"general",39,"ENG"
280,"medical",39,"ENG"
281,"services",39,"ENG"
282,"set",39,"ENG"
283,"started",39,"ENG"
284,"took",39,"ENG"
285,"used",39,"ENG"
286,"6",38,"ENG"
287,"children",38,"ENG"
288,"early",38,"ENG"
289,"experience",38,"ENG"
290,"half",38,"ENG"
291,"house",38,"ENG"
292,"ve",38,"ENG"
293,"able",37,"ENG"
294,"available",37,"ENG"
295,"department",37,"ENG"
296,"here",37,"ENG"
297,"media",37,"ENG"
298,"party",37,"ENG"
299,"schools",37,"ENG"
300,"something",37,"ENG"
301,"taken",37,"ENG"
302,"tuesday",37,"ENG"
303,"yet",37,"ENG"
304,"always",36,"ENG"
305,"didn",36,"ENG"
306,"few",36,"ENG"
307,"little",36,"ENG"
308,"minister",36,"ENG"
309,"morning",36,"ENG"
310,"together",36,"ENG"
311,"united",36,"ENG"
312,"away",35,"ENG"
313,"deaths",35,"ENG"
314,"due",35,"ENG"
315,"security",35,"ENG"
316,"side",35,"ENG"
317,"want",35,"ENG"
318,"wednesday",35,"ENG"
319,"went",35,"ENG"
320,"11",34,"ENG"
321,"2019",34,"ENG"
322,"along",34,"ENG"
323,"businesses",34,"ENG"
324,"decision",34,"ENG"
325,"doesn",34,"ENG"
326,"each",34,"ENG"
327,"university",34,"ENG"
328,"14",33,"ENG"
329,"additional",33,"ENG"
330,"anyone",33,"ENG"
331,"coming",33,"ENG"
332,"following",33,"ENG"
333,"free",33,"ENG"
334,"held",33,"ENG"
335,"information",33,"ENG"
336,"members",33,"ENG"
337,"news",33,"ENG"
338,"online",33,"ENG"
339,"sunday",33,"ENG"
340,"third",33,"ENG"
341,"top",33,"ENG"
342,"100",32,"ENG"
343,"30",32,"ENG"
344,"change",32,"ENG"
345,"companies",32,"ENG"
346,"death",32,"ENG"
347,"different",32,"ENG"
348,"economic",32,"ENG"
349,"find",32,"ENG"
350,"food",32,"ENG"
351,"later",32,"ENG"
352,"less",32,"ENG"
353,"likely",32,"ENG"
354,"lot",32,"ENG"
355,"past",32,"ENG"
356,"period",32,"ENG"
357,"play",32,"ENG"
358,"press",32,"ENG"
359,"24",31,"ENG"
360,"air",31,"ENG"
361,"full",31,"ENG"
362,"great",31,"ENG"
363,"line",31,"ENG"
364,"making",31,"ENG"
365,"mr",31,"ENG"
366,"possible",31,"ENG"
367,"result",31,"ENG"
368,"students",31,"ENG"
369,"test",31,"ENG"
370,"weeks",31,"ENG"
371,"white",31,"ENG"
372,"won",31,"ENG"
373,"announced",30,"ENG"
374,"authorities",30,"ENG"
375,"close",30,"ENG"
376,"five",30,"ENG"
377,"months",30,"ENG"
378,"night",30,"ENG"
379,"north",30,"ENG"
380,"park",30,"ENG"
381,"positive",30,"ENG"
382,"power",30,"ENG"
383,"residents",30,"ENG"
384,"taking",30,"ENG"
385,"york",30,"ENG"
386,"bank",29,"ENG"
387,"came",29,"ENG"
388,"director",29,"ENG"
389,"love",29,"ENG"
390,"major",29,"ENG"
391,"points",29,"ENG"
392,"seen",29,"ENG"
393,"term",29,"ENG"
394,"thing",29,"ENG"
395,"closed",28,"ENG"
396,"continue",28,"ENG"
397,"doing",28,"ENG"
398,"earlier",28,"ENG"
399,"enough",28,"ENG"
400,"final",28,"ENG"
401,"front",28,"ENG"
402,"hours",28,"ENG"
403,"important",28,"ENG"
404,"official",28,"ENG"
405,"once",28,"ENG"
406,"others",28,"ENG"
407,"quarter",28,"ENG"
408,"role",28,"ENG"
409,"start",28,"ENG"
410,"street",28,"ENG"
411,"within",28,"ENG"
412,"workers",28,"ENG"
413,"america",27,"ENG"
414,"confirmed",27,"ENG"
415,"current",27,"ENG"
416,"executive",27,"ENG"
417,"expected",27,"ENG"
418,"governor",27,"ENG"
419,"having",27,"ENG"
420,"led",27,"ENG"
421,"outside",27,"ENG"
422,"p",27,"ENG"
423,"person",27,"ENG"
424,"return",27,"ENG"
425,"risk",27,"ENG"
426,"soon",27,"ENG"
427,"stock",27,"ENG"
428,"tested",27,"ENG"
429,"win",27,"ENG"
430,"ahead",26,"ENG"
431,"control",26,"ENG"
432,"crisis",26,"ENG"
433,"federal",26,"ENG"
434,"friends",26,"ENG"
435,"given",26,"ENG"
436,"hard",26,"ENG"
437,"level",26,"ENG"
438,"lives",26,"ENG"
439,"lockdown",26,"ENG"
440,"lost",26,"ENG"
441,"matter",26,"ENG"
442,"open",26,"ENG"
443,"order",26,"ENG"
444,"outbreak",26,"ENG"
445,"playing",26,"ENG"
446,"real",26,"ENG"
447,"series",26,"ENG"
448,"story",26,"ENG"
449,"video",26,"ENG"
450,"00",25,"ENG"
451,"almost",25,"ENG"
452,"below",25,"ENG"
453,"campaign",25,"ENG"
454,"central",25,"ENG"
455,"getting",25,"ENG"
456,"give",25,"ENG"
457,"head",25,"ENG"
458,"hospital",25,"ENG"
459,"industry",25,"ENG"
460,"international",25,"ENG"
461,"job",25,"ENG"
462,"law",25,"ENG"
463,"men",25,"ENG"
464,"needs",25,"ENG"
465,"players",25,"ENG"
466,"political",25,"ENG"
467,"potential",25,"ENG"
468,"private",25,"ENG"
469,"process",25,"ENG"
470,"project",25,"ENG"
471,"provide",25,"ENG"
472,"received",25,"ENG"
473,"run",25,"ENG"
474,"several",25,"ENG"
475,"single",25,"ENG"
476,"trying",25,"ENG"
477,"young",25,"ENG"
478,"15",24,"ENG"
479,"25",24,"ENG"
480,"cent",24,"ENG"
481,"cost",24,"ENG"
482,"countries",24,"ENG"
483,"couple",24,"ENG"
484,"course",24,"ENG"
485,"deal",24,"ENG"
486,"died",24,"ENG"
487,"event",24,"ENG"
488,"ever",24,"ENG"
489,"financial",24,"ENG"
490,"hit",24,"ENG"
491,"january",24,"ENG"
492,"large",24,"ENG"
493,"lead",24,"ENG"
494,"move",24,"ENG"
495,"post",24,"ENG"
496,"red",24,"ENG"
497,"saw",24,"ENG"
498,"short",24,"ENG"
499,"six",24,"ENG"
500,"special",24,"ENG"
501,"system",24,"ENG"
502,"turn",24,"ENG"
503,"wanted",24,"ENG"
504,"west",24,"ENG"
505,"woman",24,"ENG"
506,"9",23,"ENG"
507,"areas",23,"ENG"
508,"australia",23,"ENG"
509,"become",23,"ENG"
510,"continued",23,"ENG"
511,"cut",23,"ENG"
512,"daily",23,"ENG"
513,"decided",23,"ENG"
514,"democratic",23,"ENG"
515,"development",23,"ENG"
516,"education",23,"ENG"
517,"fans",23,"ENG"
518,"fight",23,"ENG"
519,"further",23,"ENG"
520,"groups",23,"ENG"
521,"hand",23,"ENG"
522,"himself",23,"ENG"
523,"inside",23,"ENG"
524,"isn",23,"ENG"
525,"officer",23,"ENG"
526,"plan",23,"ENG"
527,"price",23,"ENG"
528,"program",23,"ENG"
529,"release",23,"ENG"
530,"research",23,"ENG"
531,"restrictions",23,"ENG"
532,"saying",23,"ENG"
533,"strong",23,"ENG"
534,"whether",23,"ENG"
535,"13",22,"ENG"
536,"2018",22,"ENG"
537,"21",22,"ENG"
538,"action",22,"ENG"
539,"april",22,"ENG"
540,"behind",22,"ENG"
541,"center",22,"ENG"
542,"co",22,"ENG"
543,"college",22,"ENG"
544,"council",22,"ENG"
545,"especially",22,"ENG"
546,"film",22,"ENG"
547,"foreign",22,"ENG"
548,"investment",22,"ENG"
549,"issued",22,"ENG"
550,"issues",22,"ENG"
551,"jobs",22,"ENG"
552,"live",22,"ENG"
553,"low",22,"ENG"
554,"minutes",22,"ENG"
555,"name",22,"ENG"
556,"officers",22,"ENG"
557,"released",22,"ENG"
558,"september",22,"ENG"
559,"share",22,"ENG"
560,"situation",22,"ENG"
561,"star",22,"ENG"
562,"statement",22,"ENG"
563,"try",22,"ENG"
564,"using",22,"ENG"
565,"23",21,"ENG"
566,"access",21,"ENG"
567,"active",21,"ENG"
568,"actually",21,"ENG"
569,"believe",21,"ENG"
570,"body",21,"ENG"
571,"boy",21,"ENG"
572,"bring",21,"ENG"
573,"building",21,"ENG"
574,"call",21,"ENG"
575,"chicago",21,"ENG"
576,"east",21,"ENG"
577,"economy",21,"ENG"
578,"emergency",21,"ENG"
579,"everything",21,"ENG"
580,"games",21,"ENG"
581,"history",21,"ENG"
582,"increase",21,"ENG"
583,"july",21,"ENG"
584,"june",21,"ENG"
585,"kind",21,"ENG"
586,"known",21,"ENG"
587,"late",21,"ENG"
588,"latest",21,"ENG"
589,"loss",21,"ENG"
590,"market",21,"ENG"
591,"meet",21,"ENG"
592,"meeting",21,"ENG"
593,"money",21,"ENG"
594,"pay",21,"ENG"
595,"plans",21,"ENG"
596,"rating",21,"ENG"
597,"reports",21,"ENG"
598,"resources",21,"ENG"
599,"results",21,"ENG"
600,"rights",21,"ENG"
601,"running",21,"ENG"
602,"safety",21,"ENG"
603,"shot",21,"ENG"
604,"stand",21,"ENG"
605,"stop",21,"ENG"
606,"sure",21,"ENG"
607,"testing",21,"ENG"
608,"vaccine",21,"ENG"
609,"vehicle",21,"ENG"
610,"wasn",21,"ENG"
611,"why",21,"ENG"
612,"17",20,"ENG"
613,"500",20,"ENG"
614,"allowed",20,"ENG"
615,"anything",20,"ENG"
616,"average",20,"ENG"
617,"became",20,"ENG"
618,"board",20,"ENG"
619,"centre",20,"ENG"
620,"clear",20,"ENG"
621,"comes",20,"ENG"
622,"committee",20,"ENG"
623,"concerns",20,"ENG"
624,"date",20,"ENG"
625,"done",20,"ENG"
626,"drive",20,"ENG"
627,"efforts",20,"ENG"
628,"field",20,"ENG"
629,"future",20,"ENG"
630,"human",20,"ENG"
631,"justice",20,"ENG"
632,"leader",20,"ENG"
633,"leaders",20,"ENG"
634,"list",20,"ENG"
635,"looking",20,"ENG"
636,"looks",20,"ENG"
637,"member",20,"ENG"
638,"ministry",20,"ENG"
639,"movie",20,"ENG"
640,"october",20,"ENG"
641,"often",20,"ENG"
642,"position",20,"ENG"
643,"rate",20,"ENG"
644,"relationship",20,"ENG"
645,"rules",20,"ENG"
646,"seems",20,"ENG"
647,"space",20,"ENG"
648,"thought",20,"ENG"
649,"traded",20,"ENG"
650,"vote",20,"ENG"
651,"worth",20,"ENG"
652,"16",19,"ENG"
653,"200",19,"ENG"
654,"50",19,"ENG"
655,"60",19,"ENG"
656,"affected",19,"ENG"
657,"ago",19,"ENG"
658,"bad",19,"ENG"
659,"changes",19,"ENG"
660,"dr",19,"ENG"
661,"elections",19,"ENG"
662,"everyone",19,"ENG"
663,"finally",19,"ENG"
664,"florida",19,"ENG"
665,"happen",19,"ENG"
666,"impact",19,"ENG"
667,"increased",19,"ENG"
668,"interest",19,"ENG"
669,"killed",19,"ENG"
670,"league",19,"ENG"
671,"light",19,"ENG"
672,"london",19,"ENG"
673,"majority",19,"ENG"
674,"numbers",19,"ENG"
675,"opportunity",19,"ENG"
676,"previous",19,"ENG"
677,"prime",19,"ENG"
678,"quite",19,"ENG"
679,"remain",19,"ENG"
680,"remains",19,"ENG"
681,"secretary",19,"ENG"
682,"senior",19,"ENG"
683,"small",19,"ENG"
684,"systems",19,"ENG"
685,"washington",19,"ENG"
686,"2016",18,"ENG"
687,"2017",18,"ENG"
688,"administration",18,"ENG"
689,"african",18,"ENG"
690,"americans",18,"ENG"
691,"august",18,"ENG"
692,"besides",18,"ENG"
693,"beyond",18,"ENG"
694,"billion",18,"ENG"
695,"britain",18,"ENG"
696,"california",18,"ENG"
697,"canada",18,"ENG"
698,"candidates",18,"ENG"
699,"cause",18,"ENG"
700,"certainly",18,"ENG"
701,"customers",18,"ENG"
702,"district",18,"ENG"
703,"gave",18,"ENG"
704,"gone",18,"ENG"
705,"growth",18,"ENG"
706,"instead",18,"ENG"
707,"insurance",18,"ENG"
708,"mother",18,"ENG"
709,"moving",18,"ENG"
710,"near",18,"ENG"
711,"needed",18,"ENG"
712,"non",18,"ENG"
713,"player",18,"ENG"
714,"products",18,"ENG"
715,"protect",18,"ENG"
716,"someone",18,"ENG"
717,"themselves",18,"ENG"
718,"victory",18,"ENG"
719,"above",17,"ENG"
720,"add",17,"ENG"
721,"age",17,"ENG"
722,"amid",17,"ENG"
723,"apart",17,"ENG"
724,"ask",17,"ENG"
725,"calling",17,"ENG"
726,"car",17,"ENG"
727,"character",17,"ENG"
728,"chinese",17,"ENG"
729,"clearly",17,"ENG"
730,"club",17,"ENG"
731,"coach",17,"ENG"
732,"create",17,"ENG"
733,"either",17,"ENG"
734,"entire",17,"ENG"
735,"expect",17,"ENG"
736,"happy",17,"ENG"
737,"hope",17,"ENG"
738,"infected",17,"ENG"
739,"john",17,"ENG"
740,"keeping",17,"ENG"
741,"ll",17,"ENG"
742,"means",17,"ENG"
743,"production",17,"ENG"
744,"property",17,"ENG"
745,"province",17,"ENG"
746,"region",17,"ENG"
747,"seven",17,"ENG"
748,"shows",17,"ENG"
749,"station",17,"ENG"
750,"store",17,"ENG"
751,"stories",17,"ENG"
752,"tell",17,"ENG"
753,"though",17,"ENG"
754,"toward",17,"ENG"
755,"tv",17,"ENG"
756,"voting",17,"ENG"
757,"22",16,"ENG"
758,"additionally",16,"ENG"
759,"australian",16,"ENG"
760,"began",16,"ENG"
761,"beginning",16,"ENG"
762,"book",16,"ENG"
763,"born",16,"ENG"
764,"capital",16,"ENG"
765,"career",16,"ENG"
766,"carolina",16,"ENG"
767,"changed",16,"ENG"
768,"citizens",16,"ENG"
769,"currently",16,"ENG"
770,"decades",16,"ENG"
771,"disease",16,"ENG"
772,"double",16,"ENG"
773,"employees",16,"ENG"
774,"energy",16,"ENG"
775,"england",16,"ENG"
776,"essential",16,"ENG"
777,"european",16,"ENG"
778,"fact",16,"ENG"
779,"fire",16,"ENG"
780,"football",16,"ENG"
781,"force",16,"ENG"
782,"funds",16,"ENG"
783,"helped",16,"ENG"
784,"https",16,"ENG"
785,"inc",16,"ENG"
786,"investigation",16,"ENG"
787,"judge",16,"ENG"
788,"legal",16,"ENG"
789,"lower",16,"ENG"
790,"measures",16,"ENG"
791,"moment",16,"ENG"
792,"music",16,"ENG"
793,"nation",16,"ENG"
794,"onto",16,"ENG"
795,"personal",16,"ENG"
796,"policy",16,"ENG"
797,"quarantine",16,"ENG"
798,"recently",16,"ENG"
799,"sales",16,"ENG"
800,"sell",16,"ENG"
801,"site",16,"ENG"
802,"speaking",16,"ENG"
803,"sports",16,"ENG"
804,"stay",16,"ENG"
805,"stopped",16,"ENG"
806,"study",16,"ENG"
807,"training",16,"ENG"
808,"true",16,"ENG"
809,"uk",16,"ENG"
810,"worked",16,"ENG"
811,"29",15,"ENG"
812,"account",15,"ENG"
813,"agency",15,"ENG"
814,"agreement",15,"ENG"
815,"amazon",15,"ENG"
816,"attention",15,"ENG"
817,"attorney",15,"ENG"
818,"ball",15,"ENG"
819,"build",15,"ENG"
820,"challenge",15,"ENG"
821,"common",15,"ENG"
822,"conference",15,"ENG"
823,"daughter",15,"ENG"
824,"dead",15,"ENG"
825,"democrats",15,"ENG"
826,"despite",15,"ENG"
827,"dollar",15,"ENG"
828,"donald",15,"ENG"
829,"easy",15,"ENG"
830,"facilities",15,"ENG"
831,"february",15,"ENG"
832,"felt",15,"ENG"
833,"gets",15,"ENG"
834,"heard",15,"ENG"
835,"higher",15,"ENG"
836,"immediately",15,"ENG"
837,"incident",15,"ENG"
838,"india",15,"ENG"
839,"issue",15,"ENG"
840,"james",15,"ENG"
841,"kids",15,"ENG"
842,"longer",15,"ENG"
843,"mask",15,"ENG"
844,"mean",15,"ENG"
845,"nearly",15,"ENG"
846,"negative",15,"ENG"
847,"nigeria",15,"ENG"
848,"organization",15,"ENG"
849,"paid",15,"ENG"
850,"performance",15,"ENG"
851,"popular",15,"ENG"
852,"rather",15,"ENG"
853,"required",15,"ENG"
854,"room",15,"ENG"
855,"serve",15,"ENG"
856,"similar",15,"ENG"
857,"son",15,"ENG"
858,"source",15,"ENG"
859,"spread",15,"ENG"
860,"summer",15,"ENG"
861,"super",15,"ENG"
862,"supply",15,"ENG"
863,"symptoms",15,"ENG"
864,"talk",15,"ENG"
865,"target",15,"ENG"
866,"technology",15,"ENG"
867,"trade",15,"ENG"
868,"trust",15,"ENG"
869,"turned",15,"ENG"
870,"upon",15,"ENG"
871,"values",15,"ENG"
872,"voters",15,"ENG"
873,"war",15,"ENG"
874,"water",15,"ENG"
875,"ways",15,"ENG"
876,"whole",15,"ENG"
877,"whose",15,"ENG"
878,"wrote",15,"ENG"
879,"yesterday",15,"ENG"
880,"ability",14,"ENG"
881,"act",14,"ENG"
882,"actor",14,"ENG"
883,"adding",14,"ENG"
884,"aren",14,"ENG"
885,"arrest",14,"ENG"
886,"avoid",14,"ENG"
887,"ballot",14,"ENG"
888,"benefits",14,"ENG"
889,"bit",14,"ENG"
890,"block",14,"ENG"
891,"brown",14,"ENG"
892,"budget",14,"ENG"
893,"buy",14,"ENG"
894,"c",14,"ENG"
895,"candidate",14,"ENG"
896,"caused",14,"ENG"
897,"chance",14,"ENG"
898,"check",14,"ENG"
899,"child",14,"ENG"
900,"closer",14,"ENG"
901,"communities",14,"ENG"
902,"contact",14,"ENG"
903,"december",14,"ENG"
904,"designed",14,"ENG"
905,"difficult",14,"ENG"
906,"digital",14,"ENG"
907,"distancing",14,"ENG"
908,"earnings",14,"ENG"
909,"environment",14,"ENG"
910,"events",14,"ENG"
911,"failed",14,"ENG"
912,"farmers",14,"ENG"
913,"flight",14,"ENG"
914,"followed",14,"ENG"
915,"form",14,"ENG"
916,"google",14,"ENG"
917,"ground",14,"ENG"
918,"growing",14,"ENG"
919,"healthcare",14,"ENG"
920,"heart",14,"ENG"
921,"heavy",14,"ENG"
922,"hold",14,"ENG"
923,"holiday",14,"ENG"
924,"initial",14,"ENG"
925,"leading",14,"ENG"
926,"learn",14,"ENG"
927,"limited",14,"ENG"
928,"listed",14,"ENG"
929,"military",14,"ENG"
930,"nothing",14,"ENG"
931,"opening",14,"ENG"
932,"overall",14,"ENG"
933,"parents",14,"ENG"
934,"patients",14,"ENG"
935,"picture",14,"ENG"
936,"planned",14,"ENG"
937,"primary",14,"ENG"
938,"problem",14,"ENG"
939,"published",14,"ENG"
940,"revealed",14,"ENG"
941,"review",14,"ENG"
942,"self",14,"ENG"
943,"serious",14,"ENG"
944,"sign",14,"ENG"
945,"step",14,"ENG"
946,"terms",14,"ENG"
947,"travel",14,"ENG"
948,"victim",14,"ENG"
949,"wearing",14,"ENG"
950,"18",13,"ENG"
951,"28",13,"ENG"
952,"40",13,"ENG"
953,"al",13,"ENG"
954,"alberta",13,"ENG"
955,"alex",13,"ENG"
956,"allegations",13,"ENG"
957,"am",13,"ENG"
958,"anti",13,"ENG"
959,"arrived",13,"ENG"
960,"b",13,"ENG"
961,"base",13,"ENG"
962,"bay",13,"ENG"
963,"biggest",13,"ENG"
964,"british",13,"ENG"
965,"broke",13,"ENG"
966,"cash",13,"ENG"
967,"chris",13,"ENG"
968,"civil",13,"ENG"
969,"class",13,"ENG"
970,"climate",13,"ENG"
971,"compared",13,"ENG"
972,"consider",13,"ENG"
973,"continues",13,"ENG"
974,"core",13,"ENG"
975,"count",13,"ENG"
976,"drop",13,"ENG"
977,"ending",13,"ENG"
978,"evening",13,"ENG"
979,"eye",13,"ENG"
980,"fall",13,"ENG"
981,"filed",13,"ENG"
982,"foot",13,"ENG"
983,"girls",13,"ENG"
984,"global",13,"ENG"
985,"happened",13,"ENG"
986,"homes",13,"ENG"
987,"however",13,"ENG"
988,"huge",13,"ENG"
989,"income",13,"ENG"
990,"involved",13,"ENG"
991,"isolation",13,"ENG"
992,"israel",13,"ENG"
993,"kept",13,"ENG"
994,"launched",13,"ENG"
995,"learning",13,"ENG"
996,"leaving",13,"ENG"
997,"lines",13,"ENG"
998,"manager",13,"ENG"
999,"maybe",13,"ENG"
1000,"natural",13,"ENG"
1001,"necessary",13,"ENG"
1002,"northern",13,"ENG"
1003,"ongoing",13,"ENG"
1004,"passengers",13,"ENG"
1005,"perhaps",13,"ENG"
1006,"presidential",13,"ENG"
1007,"previously",13,"ENG"
1008,"push",13,"ENG"
1009,"questions",13,"ENG"
1010,"raised",13,"ENG"
1011,"related",13,"ENG"
1012,"road",13,"ENG"
1013,"scene",13,"ENG"
1014,"seem",13,"ENG"
1015,"sent",13,"ENG"
1016,"shared",13,"ENG"
1017,"significant",13,"ENG"
1018,"society",13,"ENG"
1019,"spokesman",13,"ENG"
1020,"spokesperson",13,"ENG"
1021,"st",13,"ENG"
1022,"stage",13,"ENG"
1023,"teams",13,"ENG"
1024,"tests",13,"ENG"
1025,"throughout",13,"ENG"
1026,"understand",13,"ENG"
1027,"union",13,"ENG"
1028,"various",13,"ENG"
1029,"view",13,"ENG"
1030,"violence",13,"ENG"
1031,"virtual",13,"ENG"
1032,"wants",13,"ENG"
1033,"weekend",13,"ENG"
1034,"27",12,"ENG"
1035,"andrew",12,"ENG"
1036,"answer",12,"ENG"
1037,"approach",12,"ENG"
1038,"arrested",12,"ENG"
1039,"article",12,"ENG"
1040,"award",12,"ENG"
1041,"baby",12,"ENG"
1042,"bill",12,"ENG"
1043,"brought",12,"ENG"
1044,"campus",12,"ENG"
1045,"charges",12,"ENG"
1046,"cities",12,"ENG"
1047,"claims",12,"ENG"
1048,"colorado",12,"ENG"
1049,"commission",12,"ENG"
1050,"computer",12,"ENG"
1051,"congress",12,"ENG"
1052,"considered",12,"ENG"
1053,"demand",12,"ENG"
1054,"dream",12,"ENG"
1055,"effective",12,"ENG"
1056,"effort",12,"ENG"
1057,"else",12,"ENG"
1058,"ensure",12,"ENG"
1059,"entered",12,"ENG"
1060,"fast",12,"ENG"
1061,"feel",12,"ENG"
1062,"forward",12,"ENG"
1063,"friend",12,"ENG"
1064,"girl",12,"ENG"
1065,"green",12,"ENG"
1066,"hasn",12,"ENG"
1067,"hearing",12,"ENG"
1068,"hour",12,"ENG"
1069,"key",12,"ENG"
1070,"letter",12,"ENG"
1071,"losing",12,"ENG"
1072,"mail",12,"ENG"
1073,"mayor",12,"ENG"
1074,"memorial",12,"ENG"
1075,"mid",12,"ENG"
1076,"mostly",12,"ENG"
1077,"murder",12,"ENG"
1078,"operations",12,"ENG"
1079,"parties",12,"ENG"
1080,"passed",12,"ENG"
1081,"places",12,"ENG"
1082,"played",12,"ENG"
1083,"population",12,"ENG"
1084,"present",12,"ENG"
1085,"quickly",12,"ENG"
1086,"ready",12,"ENG"
1087,"record",12,"ENG"
1088,"recorded",12,"ENG"
1089,"recovered",12,"ENG"
1090,"remember",12,"ENG"
1091,"reopening",12,"ENG"
1092,"rich",12,"ENG"
1093,"rise",12,"ENG"
1094,"round",12,"ENG"
1095,"royal",12,"ENG"
1096,"safe",12,"ENG"
1097,"san",12,"ENG"
1098,"senate",12,"ENG"
1099,"showed",12,"ENG"
1100,"speech",12,"ENG"
1101,"starting",12,"ENG"
1102,"threat",12,"ENG"
1103,"towards",12,"ENG"
1104,"track",12,"ENG"
1105,"trades",12,"ENG"
1106,"tried",12,"ENG"
1107,"twitter",12,"ENG"
1108,"upcoming",12,"ENG"
1109,"website",12,"ENG"
1110,"wife",12,"ENG"
1111,"2021",11,"ENG"
1112,"addressing",11,"ENG"
1113,"adds",11,"ENG"
1114,"advice",11,"ENG"
1115,"alabama",11,"ENG"
1116,"analysts",11,"ENG"
1117,"association",11,"ENG"
1118,"believes",11,"ENG"
1119,"blood",11,"ENG"
1120,"box",11,"ENG"
1121,"break",11,"ENG"
1122,"btc",11,"ENG"
1123,"calls",11,"ENG"
1124,"capacity",11,"ENG"
1125,"carrying",11,"ENG"
1126,"charged",11,"ENG"
1127,"comment",11,"ENG"
1128,"concern",11,"ENG"
1129,"conditions",11,"ENG"
1130,"considering",11,"ENG"
1131,"consumers",11,"ENG"
1132,"corruption",11,"ENG"
1133,"costs",11,"ENG"
1134,"cover",11,"ENG"
1135,"created",11,"ENG"
1136,"criminal",11,"ENG"
1137,"defense",11,"ENG"
1138,"discussed",11,"ENG"
1139,"edge",11,"ENG"
1140,"eight",11,"ENG"
1141,"episode",11,"ENG"
1142,"eu",11,"ENG"
1143,"europe",11,"ENG"
1144,"evidence",11,"ENG"
1145,"facility",11,"ENG"
1146,"families",11,"ENG"
1147,"fan",11,"ENG"
1148,"father",11,"ENG"
1149,"feature",11,"ENG"
1150,"films",11,"ENG"
1151,"fine",11,"ENG"
1152,"firm",11,"ENG"
1153,"fly",11,"ENG"
1154,"forest",11,"ENG"
1155,"gas",11,"ENG"
1156,"giving",11,"ENG"
1157,"goals",11,"ENG"
1158,"god",11,"ENG"
1159,"goes",11,"ENG"
1160,"hall",11,"ENG"
1161,"hands",11,"ENG"
1162,"hot",11,"ENG"
1163,"included",11,"ENG"
1164,"individual",11,"ENG"
1165,"johnson",11,"ENG"
1166,"knew",11,"ENG"
1167,"lots",11,"ENG"
1168,"makes",11,"ENG"
1169,"markets",11,"ENG"
1170,"mind",11,"ENG"
1171,"model",11,"ENG"
1172,"moved",11,"ENG"
1173,"nine",11,"ENG"
1174,"noted",11,"ENG"
1175,"november",11,"ENG"
1176,"oil",11,"ENG"
1177,"ones",11,"ENG"
1178,"original",11,"ENG"
1179,"owner",11,"ENG"
1180,"partner",11,"ENG"
1181,"photo",11,"ENG"
1182,"pm",11,"ENG"
1183,"pretty",11,"ENG"
1184,"probably",11,"ENG"
1185,"problems",11,"ENG"
1186,"question",11,"ENG"
1187,"race",11,"ENG"
1188,"rain",11,"ENG"
1189,"rally",11,"ENG"
1190,"range",11,"ENG"
1191,"read",11,"ENG"
1192,"reason",11,"ENG"
1193,"rest",11,"ENG"
1194,"search",11,"ENG"
1195,"sector",11,"ENG"
1196,"served",11,"ENG"
1197,"simply",11,"ENG"
1198,"slow",11,"ENG"
1199,"smith",11,"ENG"
1200,"sold",11,"ENG"
1201,"southern",11,"ENG"
1202,"spring",11,"ENG"
1203,"stake",11,"ENG"
1204,"table",11,"ENG"
1205,"takes",11,"ENG"
1206,"talking",11,"ENG"
1207,"tax",11,"ENG"
1208,"throw",11,"ENG"
1209,"town",11,"ENG"
1210,"trial",11,"ENG"
1211,"unique",11,"ENG"
1212,"usual",11,"ENG"
1213,"warned",11,"ENG"
1214,"warning",11,"ENG"
1215,"wave",11,"ENG"
1216,"weather",11,"ENG"
1217,"wide",11,"ENG"
1218,"winter",11,"ENG"
1219,"2015",10,"ENG"
1220,"99",10,"ENG"
1221,"address",10,"ENG"
1222,"afternoon",10,"ENG"
1223,"airport",10,"ENG"
1224,"allegedly",10,"ENG"
1225,"alone",10,"ENG"
1226,"animals",10,"ENG"
1227,"appear",10,"ENG"
1228,"appears",10,"ENG"
1229,"apple",10,"ENG"
1230,"attempt",10,"ENG"
1231,"begin",10,"ENG"
1232,"blue",10,"ENG"
1233,"built",10,"ENG"
1234,"cannot",10,"ENG"
1235,"cars",10,"ENG"
1236,"church",10,"ENG"
1237,"claim",10,"ENG"
1238,"closing",10,"ENG"
1239,"cold",10,"ENG"
1240,"com",10,"ENG"
1241,"conducted",10,"ENG"
1242,"damage",10,"ENG"
1243,"dating",10,"ENG"
1244,"decade",10,"ENG"
1245,"defence",10,"ENG"
1246,"dog",10,"ENG"
1247,"dollars",10,"ENG"
1248,"door",10,"ENG"
1249,"drew",10,"ENG"
1250,"driver",10,"ENG"
1251,"dropped",10,"ENG"
1252,"drug",10,"ENG"
1253,"effect",10,"ENG"
1254,"example",10,"ENG"
1255,"explained",10,"ENG"
1256,"extra",10,"ENG"
1257,"falling",10,"ENG"
1258,"feeling",10,"ENG"
1259,"follow",10,"ENG"
1260,"george",10,"ENG"
1261,"goal",10,"ENG"
1262,"highest",10,"ENG"
1263,"horror",10,"ENG"
1264,"host",10,"ENG"
1265,"hundreds",10,"ENG"
1266,"husband",10,"ENG"
1267,"idea",10,"ENG"
1268,"identified",10,"ENG"
1269,"includes",10,"ENG"
1270,"indian",10,"ENG"
1271,"individuals",10,"ENG"
1272,"infection",10,"ENG"
1273,"infections",10,"ENG"
1274,"iowa",10,"ENG"
1275,"iran",10,"ENG"
1276,"king",10,"ENG"
1277,"lake",10,"ENG"
1278,"learned",10,"ENG"
1279,"living",10,"ENG"
1280,"management",10,"ENG"
1281,"mark",10,"ENG"
1282,"masks",10,"ENG"
1283,"mass",10,"ENG"
1284,"material",10,"ENG"
1285,"measure",10,"ENG"
1286,"movies",10,"ENG"
1287,"multiple",10,"ENG"
1288,"none",10,"ENG"
1289,"o",10,"ENG"
1290,"occurred",10,"ENG"
1291,"oct",10,"ENG"
1292,"offer",10,"ENG"
1293,"offering",10,"ENG"
1294,"option",10,"ENG"
1295,"pakistan",10,"ENG"
1296,"parks",10,"ENG"
1297,"passenger",10,"ENG"
1298,"path",10,"ENG"
1299,"personnel",10,"ENG"
1300,"pick",10,"ENG"
1301,"piece",10,"ENG"
1302,"planning",10,"ENG"
1303,"powers",10,"ENG"
1304,"pressure",10,"ENG"
1305,"protests",10,"ENG"
1306,"provided",10,"ENG"
1307,"provides",10,"ENG"
1308,"pulled",10,"ENG"
1309,"raise",10,"ENG"
1310,"reality",10,"ENG"
1311,"religious",10,"ENG"
1312,"respect",10,"ENG"
1313,"response",10,"ENG"
1314,"returned",10,"ENG"
1315,"rose",10,"ENG"
1316,"scheme",10,"ENG"
1317,"seeing",10,"ENG"
1318,"seeking",10,"ENG"
1319,"smaller",10,"ENG"
1320,"solutions",10,"ENG"
1321,"speak",10,"ENG"
1322,"spend",10,"ENG"
1323,"spoke",10,"ENG"
1324,"steps",10,"ENG"
1325,"storm",10,"ENG"
1326,"stronger",10,"ENG"
1327,"student",10,"ENG"
1328,"subject",10,"ENG"
1329,"supporters",10,"ENG"
1330,"suspect",10,"ENG"
1331,"tech",10,"ENG"
1332,"treatment",10,"ENG"
1333,"twice",10,"ENG"
1334,"ultimately",10,"ENG"
1335,"unprecedented",10,"ENG"
1336,"update",10,"ENG"
1337,"van",10,"ENG"
1338,"vehicles",10,"ENG"
1339,"version",10,"ENG"
1340,"via",10,"ENG"
1341,"vision",10,"ENG"
1342,"watch",10,"ENG"
1343,"wear",10,"ENG"
1344,"whom",10,"ENG"
1345,"wisconsin",10,"ENG"
1346,"word",10,"ENG"
1347,"worst",10,"ENG"
1348,"written",10,"ENG"
1349,"26",9,"ENG"
1350,"300",9,"ENG"
1351,"31",9,"ENG"
1352,"70",9,"ENG"
1353,"accept",9,"ENG"
1354,"accounts",9,"ENG"
1355,"africa",9,"ENG"
1356,"aid",9,"ENG"
1357,"aircraft",9,"ENG"
1358,"allow",9,"ENG"
1359,"amount",9,"ENG"
1360,"app",9,"ENG"
1361,"application",9,"ENG"
1362,"approved",9,"ENG"
1363,"argument",9,"ENG"
1364,"army",9,"ENG"
1365,"aside",9,"ENG"
1366,"assembly",9,"ENG"
1367,"audiences",9,"ENG"
1368,"authority",9,"ENG"
1369,"ballots",9,"ENG"
1370,"ban",9,"ENG"
1371,"basic",9,"ENG"
1372,"beijing",9,"ENG"
1373,"bond",9,"ENG"
1374,"boston",9,"ENG"
1375,"brands",9,"ENG"
1376,"brazil",9,"ENG"
1377,"brexit",9,"ENG"
1378,"bridge",9,"ENG"
1379,"brother",9,"ENG"
1380,"carry",9,"ENG"
1381,"caught",9,"ENG"
1382,"cbs",9,"ENG"
1383,"ceo",9,"ENG"
1384,"ceremony",9,"ENG"
1385,"challenges",9,"ENG"
1386,"characters",9,"ENG"
1387,"charles",9,"ENG"
1388,"choose",9,"ENG"
1389,"christian",9,"ENG"
1390,"click",9,"ENG"
1391,"commercial",9,"ENG"
1392,"commissioner",9,"ENG"
1393,"committed",9,"ENG"
1394,"complete",9,"ENG"
1395,"completed",9,"ENG"
1396,"completely",9,"ENG"
1397,"continuing",9,"ENG"
1398,"cook",9,"ENG"
1399,"corner",9,"ENG"
1400,"counties",9,"ENG"
1401,"credit",9,"ENG"
1402,"critical",9,"ENG"
1403,"culture",9,"ENG"
1404,"dark",9,"ENG"
1405,"delhi",9,"ENG"
1406,"delivered",9,"ENG"
1407,"denied",9,"ENG"
1408,"described",9,"ENG"
1409,"details",9,"ENG"
1410,"direct",9,"ENG"
1411,"doctor",9,"ENG"
1412,"e",9,"ENG"
1413,"eat",9,"ENG"
1414,"email",9,"ENG"
1415,"expressed",9,"ENG"
1416,"eyes",9,"ENG"
1417,"favorite",9,"ENG"
1418,"figure",9,"ENG"
1419,"focus",9,"ENG"
1420,"fourth",9,"ENG"
1421,"funding",9,"ENG"
1422,"gain",9,"ENG"
1423,"georgia",9,"ENG"
1424,"haven",9,"ENG"
1425,"herself",9,"ENG"
1426,"hill",9,"ENG"
1427,"hospitals",9,"ENG"
1428,"ice",9,"ENG"
1429,"improve",9,"ENG"
1430,"incredible",9,"ENG"
1431,"injury",9,"ENG"
1432,"interested",9,"ENG"
1433,"island",9,"ENG"
1434,"itself",9,"ENG"
1435,"jail",9,"ENG"
1436,"join",9,"ENG"
1437,"jones",9,"ENG"
1438,"judges",9,"ENG"
1439,"lack",9,"ENG"
1440,"lawsuit",9,"ENG"
1441,"let",9,"ENG"
1442,"lived",9,"ENG"
1443,"managed",9,"ENG"
1444,"match",9,"ENG"
1445,"meant",9,"ENG"
1446,"middle",9,"ENG"
1447,"minute",9,"ENG"
1448,"monitoring",9,"ENG"
1449,"net",9,"ENG"
1450,"nevada",9,"ENG"
1451,"nfl",9,"ENG"
1452,"nor",9,"ENG"
1453,"notice",9,"ENG"
1454,"obama",9,"ENG"
1455,"opened",9,"ENG"
1456,"options",9,"ENG"
1457,"parts",9,"ENG"
1458,"paying",9,"ENG"
1459,"perfect",9,"ENG"
1460,"peter",9,"ENG"
1461,"phone",9,"ENG"
1462,"physical",9,"ENG"
1463,"plays",9,"ENG"
1464,"policies",9,"ENG"
1465,"politics",9,"ENG"
1466,"port",9,"ENG"
1467,"posted",9,"ENG"
1468,"practice",9,"ENG"
1469,"prepared",9,"ENG"
1470,"prices",9,"ENG"
1471,"professional",9,"ENG"
1472,"professor",9,"ENG"
1473,"programs",9,"ENG"
1474,"projects",9,"ENG"
1475,"reach",9,"ENG"
1476,"reached",9,"ENG"
1477,"restaurants",9,"ENG"
1478,"returning",9,"ENG"
1479,"scheduled",9,"ENG"
1480,"science",9,"ENG"
1481,"screen",9,"ENG"
1482,"sea",9,"ENG"
1483,"seats",9,"ENG"
1484,"sense",9,"ENG"
1485,"serving",9,"ENG"
1486,"session",9,"ENG"
1487,"song",9,"ENG"
1488,"sound",9,"ENG"
1489,"spent",9,"ENG"
1490,"staying",9,"ENG"
1491,"temperature",9,"ENG"
1492,"thousands",9,"ENG"
1493,"title",9,"ENG"
1494,"tour",9,"ENG"
1495,"type",9,"ENG"
1496,"unable",9,"ENG"
1497,"urged",9,"ENG"
1498,"users",9,"ENG"
1499,"usually",9,"ENG"
1500,"value",9,"ENG"
1501,"visitors",9,"ENG"
1502,"voter",9,"ENG"
1503,"votes",9,"ENG"
1504,"walked",9,"ENG"
1505,"weight",9,"ENG"
1506,"widespread",9,"ENG"
1507,"william",9,"ENG"
1508,"winning",9,"ENG"
1509,"wins",9,"ENG"
1510,"wish",9,"ENG"
1511,"works",9,"ENG"
1512,"worldwide",9,"ENG"
1513,"worry",9,"ENG"
1514,"zero",9,"ENG"
1515,"250",8,"ENG"
1516,"33",8,"ENG"
1517,"35",8,"ENG"
1518,"41",8,"ENG"
1519,"800",8,"ENG"
1520,"abc",8,"ENG"
1521,"achieve",8,"ENG"
1522,"actual",8,"ENG"
1523,"admitted",8,"ENG"
1524,"agree",8,"ENG"
1525,"alcohol",8,"ENG"
1526,"allowing",8,"ENG"
1527,"amazing",8,"ENG"
1528,"announcement",8,"ENG"
1529,"ap",8,"ENG"
1530,"appearance",8,"ENG"
1531,"appeared",8,"ENG"
1532,"approximately",8,"ENG"
1533,"art",8,"ENG"
1534,"artist",8,"ENG"
1535,"asia",8,"ENG"
1536,"associated",8,"ENG"
1537,"attack",8,"ENG"
1538,"audience",8,"ENG"
1539,"awards",8,"ENG"
1540,"bar",8,"ENG"
1541,"beat",8,"ENG"
1542,"becomes",8,"ENG"
1543,"believed",8,"ENG"
1544,"ben",8,"ENG"
1545,"breaking",8,"ENG"
1546,"bringing",8,"ENG"
1547,"broad",8,"ENG"
1548,"buying",8,"ENG"
1549,"catch",8,"ENG"
1550,"category",8,"ENG"
1551,"charge",8,"ENG"
1552,"coast",8,"ENG"
1553,"color",8,"ENG"
1554,"commitment",8,"ENG"
1555,"complaints",8,"ENG"
1556,"complex",8,"ENG"
1557,"construction",8,"ENG"
1558,"contract",8,"ENG"
1559,"conversation",8,"ENG"
1560,"couldn",8,"ENG"
1561,"counter",8,"ENG"
1562,"crew",8,"ENG"
1563,"crime",8,"ENG"
1564,"de",8,"ENG"
1565,"deadly",8,"ENG"
1566,"debate",8,"ENG"
1567,"defeat",8,"ENG"
1568,"directors",8,"ENG"
1569,"discovered",8,"ENG"
1570,"discuss",8,"ENG"
1571,"display",8,"ENG"
1572,"eastern",8,"ENG"
1573,"elite",8,"ENG"
1574,"empty",8,"ENG"
1575,"ended",8,"ENG"
1576,"enforcement",8,"ENG"
1577,"environmental",8,"ENG"
1578,"equipment",8,"ENG"
1579,"era",8,"ENG"
1580,"estimated",8,"ENG"
1581,"feet",8,"ENG"
1582,"fell",8,"ENG"
1583,"finance",8,"ENG"
1584,"forced",8,"ENG"
1585,"forces",8,"ENG"
1586,"forget",8,"ENG"
1587,"foundation",8,"ENG"
1588,"freedom",8,"ENG"
1589,"fully",8,"ENG"
1590,"fun",8,"ENG"
1591,"giant",8,"ENG"
1592,"gives",8,"ENG"
1593,"gov",8,"ENG"
1594,"greater",8,"ENG"
1595,"grow",8,"ENG"
1596,"guidelines",8,"ENG"
1597,"happening",8,"ENG"
1598,"hockey",8,"ENG"
1599,"houses",8,"ENG"
1600,"incidents",8,"ENG"
1601,"increasingly",8,"ENG"
1602,"intelligence",8,"ENG"
1603,"investors",8,"ENG"
1604,"japan",8,"ENG"
1605,"japanese",8,"ENG"
1606,"kevin",8,"ENG"
1607,"labor",8,"ENG"
1608,"larger",8,"ENG"
1609,"limit",8,"ENG"
1610,"located",8,"ENG"
1611,"magic",8,"ENG"
1612,"massive",8,"ENG"
1613,"matches",8,"ENG"
1614,"message",8,"ENG"
1615,"mike",8,"ENG"
1616,"minnesota",8,"ENG"
1617,"missing",8,"ENG"
1618,"mystery",8,"ENG"
1619,"nature",8,"ENG"
1620,"network",8,"ENG"
1621,"normal",8,"ENG"
1622,"note",8,"ENG"
1623,"outdoor",8,"ENG"
1624,"owners",8,"ENG"
1625,"owns",8,"ENG"
1626,"page",8,"ENG"
1627,"paper",8,"ENG"
1628,"parliament",8,"ENG"
1629,"pass",8,"ENG"
1630,"picked",8,"ENG"
1631,"plenty",8,"ENG"
1632,"polls",8,"ENG"
1633,"premier",8,"ENG"
1634,"pro",8,"ENG"
1635,"protest",8,"ENG"
1636,"proud",8,"ENG"
1637,"putting",8,"ENG"
1638,"quality",8,"ENG"
1639,"queen",8,"ENG"
1640,"reactions",8,"ENG"
1641,"reasons",8,"ENG"
1642,"recovery",8,"ENG"
1643,"regions",8,"ENG"
1644,"regulations",8,"ENG"
1645,"relief",8,"ENG"
1646,"remote",8,"ENG"
1647,"republican",8,"ENG"
1648,"request",8,"ENG"
1649,"requires",8,"ENG"
1650,"resident",8,"ENG"
1651,"responsible",8,"ENG"
1652,"restaurant",8,"ENG"
1653,"ring",8,"ENG"
1654,"rs",8,"ENG"
1655,"sanders",8,"ENG"
1656,"santa",8,"ENG"
1657,"scientists",8,"ENG"
1658,"seemed",8,"ENG"
1659,"selling",8,"ENG"
1660,"send",8,"ENG"
1661,"setting",8,"ENG"
1662,"shelter",8,"ENG"
1663,"shown",8,"ENG"
1664,"shut",8,"ENG"
1665,"significantly",8,"ENG"
1666,"signs",8,"ENG"
1667,"skin",8,"ENG"
1668,"speed",8,"ENG"
1669,"sport",8,"ENG"
1670,"stores",8,"ENG"
1671,"streets",8,"ENG"
1672,"supposed",8,"ENG"
1673,"teacher",8,"ENG"
1674,"texas",8,"ENG"
1675,"thomas",8,"ENG"
1676,"turning",8,"ENG"
1677,"unemployment",8,"ENG"
1678,"vice",8,"ENG"
1679,"virginia",8,"ENG"
1680,"vulnerable",8,"ENG"
1681,"wait",8,"ENG"
1682,"wall",8,"ENG"
1683,"window",8,"ENG"
1684,"worried",8,"ENG"
1685,"write",8,"ENG"
1686,"www",8,"ENG"
1687,"36",7,"ENG"
1688,"38",7,"ENG"
1689,"47",7,"ENG"
1690,"49",7,"ENG"
1691,"62",7,"ENG"
1692,"80",7,"ENG"
1693,"90",7,"ENG"
1694,"absentee",7,"ENG"
1695,"accepted",7,"ENG"
1696,"acting",7,"ENG"
1697,"activities",7,"ENG"
1698,"advance",7,"ENG"
1699,"affairs",7,"ENG"
1700,"alleged",7,"ENG"
1701,"allows",7,"ENG"
1702,"alongside",7,"ENG"
1703,"angeles",7,"ENG"
1704,"animal",7,"ENG"
1705,"annual",7,"ENG"
1706,"apparently",7,"ENG"
1707,"appeal",7,"ENG"
1708,"applications",7,"ENG"
1709,"arizona",7,"ENG"
1710,"asking",7,"ENG"
1711,"attempts",7,"ENG"
1712,"basketball",7,"ENG"
1713,"battle",7,"ENG"
1714,"bloomberg",7,"ENG"
1715,"bottom",7,"ENG"
1716,"brand",7,"ENG"
1717,"busy",7,"ENG"
1718,"cancelled",7,"ENG"
1719,"card",7,"ENG"
1720,"carriers",7,"ENG"
1721,"centres",7,"ENG"
1722,"chain",7,"ENG"
1723,"chances",7,"ENG"
1724,"choice",7,"ENG"
1725,"civic",7,"ENG"
1726,"coaches",7,"ENG"
1727,"coal",7,"ENG"
1728,"colleagues",7,"ENG"
1729,"collins",7,"ENG"
1730,"combined",7,"ENG"
1731,"comments",7,"ENG"
1732,"compliance",7,"ENG"
1733,"concerned",7,"ENG"
1734,"connection",7,"ENG"
1735,"constitution",7,"ENG"
1736,"constitutional",7,"ENG"
1737,"corporate",7,"ENG"
1738,"creating",7,"ENG"
1739,"crowd",7,"ENG"
1740,"cup",7,"ENG"
1741,"cuts",7,"ENG"
1742,"cyber",7,"ENG"
1743,"deals",7,"ENG"
1744,"debut",7,"ENG"
1745,"deliver",7,"ENG"
1746,"democracy",7,"ENG"
1747,"developed",7,"ENG"
1748,"distance",7,"ENG"
1749,"doctors",7,"ENG"
1750,"draw",7,"ENG"
1751,"driving",7,"ENG"
1752,"duty",7,"ENG"
1753,"easily",7,"ENG"
1754,"elected",7,"ENG"
1755,"elements",7,"ENG"
1756,"encouraged",7,"ENG"
1757,"enjoy",7,"ENG"
1758,"equal",7,"ENG"
1759,"established",7,"ENG"
1760,"estimates",7,"ENG"
1761,"eventually",7,"ENG"
1762,"exactly",7,"ENG"
1763,"excited",7,"ENG"
1764,"express",7,"ENG"
1765,"extremely",7,"ENG"
1766,"facebook",7,"ENG"
1767,"faces",7,"ENG"
1768,"faith",7,"ENG"
1769,"faster",7,"ENG"
1770,"fear",7,"ENG"
1771,"features",7,"ENG"
1772,"fees",7,"ENG"
1773,"fighting",7,"ENG"
1774,"floyd",7,"ENG"
1775,"fresh",7,"ENG"
1776,"funeral",7,"ENG"
1777,"garda",7,"ENG"
1778,"gathered",7,"ENG"
1779,"german",7,"ENG"
1780,"governments",7,"ENG"
1781,"grants",7,"ENG"
1782,"guidance",7,"ENG"
1783,"h",7,"ENG"
1784,"hair",7,"ENG"
1785,"harris",7,"ENG"
1786,"helping",7,"ENG"
1787,"hiv",7,"ENG"
1788,"hoping",7,"ENG"
1789,"hotel",7,"ENG"
1790,"hotels",7,"ENG"
1791,"household",7,"ENG"
1792,"hundred",7,"ENG"
1793,"identity",7,"ENG"
1794,"images",7,"ENG"
1795,"imposed",7,"ENG"
1796,"infrastructure",7,"ENG"
1797,"initiative",7,"ENG"
1798,"internet",7,"ENG"
1799,"interview",7,"ENG"
1800,"introduced",7,"ENG"
1801,"isolate",7,"ENG"
1802,"items",7,"ENG"
1803,"jim",7,"ENG"
1804,"joe",7,"ENG"
1805,"joined",7,"ENG"
1806,"korea",7,"ENG"
1807,"laid",7,"ENG"
1808,"land",7,"ENG"
1809,"largest",7,"ENG"
1810,"launch",7,"ENG"
1811,"leadership",7,"ENG"
1812,"leads",7,"ENG"
1813,"leg",7,"ENG"
1814,"levels",7,"ENG"
1815,"library",7,"ENG"
1816,"los",7,"ENG"
1817,"lose",7,"ENG"
1818,"maintain",7,"ENG"
1819,"map",7,"ENG"
1820,"mental",7,"ENG"
1821,"mentioned",7,"ENG"
1822,"met",7,"ENG"
1823,"millions",7,"ENG"
1824,"mining",7,"ENG"
1825,"mistake",7,"ENG"
1826,"museum",7,"ENG"
1827,"n",7,"ENG"
1828,"nations",7,"ENG"
1829,"native",7,"ENG"
1830,"neighbors",7,"ENG"
1831,"novel",7,"ENG"
1832,"offers",7,"ENG"
1833,"offices",7,"ENG"
1834,"operation",7,"ENG"
1835,"opponents",7,"ENG"
1836,"orders",7,"ENG"
1837,"owned",7,"ENG"
1838,"participate",7,"ENG"
1839,"particular",7,"ENG"
1840,"payments",7,"ENG"
1841,"phase",7,"ENG"
1842,"plane",7,"ENG"
1843,"platforms",7,"ENG"
1844,"plus",7,"ENG"
1845,"preferred",7,"ENG"
1846,"prior",7,"ENG"
1847,"processing",7,"ENG"
1848,"profit",7,"ENG"
1849,"progress",7,"ENG"
1850,"progressive",7,"ENG"
1851,"prosecutors",7,"ENG"
1852,"providing",7,"ENG"
1853,"pull",7,"ENG"
1854,"pushing",7,"ENG"
1855,"raising",7,"ENG"
1856,"reaction",7,"ENG"
1857,"receive",7,"ENG"
1858,"receiving",7,"ENG"
1859,"registered",7,"ENG"
1860,"rejected",7,"ENG"
1861,"relations",7,"ENG"
1862,"remained",7,"ENG"
1863,"remove",7,"ENG"
1864,"reopen",7,"ENG"
1865,"reportedly",7,"ENG"
1866,"republicans",7,"ENG"
1867,"respond",7,"ENG"
1868,"rising",7,"ENG"
1869,"river",7,"ENG"
1870,"roles",7,"ENG"
1871,"rule",7,"ENG"
1872,"rural",7,"ENG"
1873,"russia",7,"ENG"
1874,"russian",7,"ENG"
1875,"sauce",7,"ENG"
1876,"scale",7,"ENG"
1877,"scored",7,"ENG"
1878,"seat",7,"ENG"
1879,"sessions",7,"ENG"
1880,"sharing",7,"ENG"
1881,"shift",7,"ENG"
1882,"ship",7,"ENG"
1883,"shopping",7,"ENG"
1884,"shouldn",7,"ENG"
1885,"showing",7,"ENG"
1886,"sick",7,"ENG"
1887,"sides",7,"ENG"
1888,"sites",7,"ENG"
1889,"sleep",7,"ENG"
1890,"snow",7,"ENG"
1891,"songs",7,"ENG"
1892,"sources",7,"ENG"
1893,"specific",7,"ENG"
1894,"specifically",7,"ENG"
1895,"spending",7,"ENG"
1896,"split",7,"ENG"
1897,"stadium",7,"ENG"
1898,"standards",7,"ENG"
1899,"steady",7,"ENG"
1900,"steal",7,"ENG"
1901,"streaming",7,"ENG"
1902,"style",7,"ENG"
1903,"successful",7,"ENG"
1904,"supported",7,"ENG"
1905,"surface",7,"ENG"
1906,"surprise",7,"ENG"
1907,"survey",7,"ENG"
1908,"suspects",7,"ENG"
1909,"talks",7,"ENG"
1910,"taylor",7,"ENG"
1911,"technologies",7,"ENG"
1912,"telling",7,"ENG"
1913,"thanks",7,"ENG"
1914,"tough",7,"ENG"
1915,"tournament",7,"ENG"
1916,"traditional",7,"ENG"
1917,"trail",7,"ENG"
1918,"transport",7,"ENG"
1919,"trip",7,"ENG"
1920,"truly",7,"ENG"
1921,"tweeted",7,"ENG"
1922,"twin",7,"ENG"
1923,"unknown",7,"ENG"
1924,"upper",7,"ENG"
1925,"victims",7,"ENG"
1926,"village",7,"ENG"
1927,"visit",7,"ENG"
1928,"wake",7,"ENG"
1929,"waters",7,"ENG"
1930,"weapon",7,"ENG"
1931,"welcome",7,"ENG"
1932,"willing",7,"ENG"
1933,"wind",7,"ENG"
1934,"winner",7,"ENG"
1935,"wore",7,"ENG"
1936,"worse",7,"ENG"
1937,"wouldn",7,"ENG"
1938,"writing",7,"ENG"
1939,"wuhan",7,"ENG"
1940,"yes",7,"ENG"
1941,"youth",7,"ENG"
1942,"zealand",7,"ENG"
1943,"1950s",6,"ENG"
1944,"2004",6,"ENG"
1945,"2011",6,"ENG"
1946,"2014",6,"ENG"
1947,"53",6,"ENG"
1948,"55",6,"ENG"
1949,"600",6,"ENG"
1950,"65",6,"ENG"
1951,"71",6,"ENG"
1952,"abroad",6,"ENG"
1953,"accused",6,"ENG"
1954,"activity",6,"ENG"
1955,"acts",6,"ENG"
1956,"admissions",6,"ENG"
1957,"adopted",6,"ENG"
1958,"afraid",6,"ENG"
1959,"agreed",6,"ENG"
1960,"aimed",6,"ENG"
1961,"airlines",6,"ENG"
1962,"ali",6,"ENG"
1963,"alive",6,"ENG"
1964,"alternative",6,"ENG"
1965,"ambassador",6,"ENG"
1966,"analysis",6,"ENG"
1967,"anthony",6,"ENG"
1968,"anywhere",6,"ENG"
1969,"apply",6,"ENG"
1970,"approached",6,"ENG"
1971,"argue",6,"ENG"
1972,"arsenal",6,"ENG"
1973,"attended",6,"ENG"
1974,"attracted",6,"ENG"
1975,"aug",6,"ENG"
1976,"aware",6,"ENG"
1977,"balance",6,"ENG"
1978,"band",6,"ENG"
1979,"banks",6,"ENG"
1980,"beaches",6,"ENG"
1981,"beings",6,"ENG"
1982,"benefit",6,"ENG"
1983,"bet",6,"ENG"
1984,"bird",6,"ENG"
1985,"bjp",6,"ENG"
1986,"bob",6,"ENG"
1987,"boost",6,"ENG"
1988,"boris",6,"ENG"
1989,"brett",6,"ENG"
1990,"brian",6,"ENG"
1991,"briefing",6,"ENG"
1992,"broken",6,"ENG"
1993,"businessman",6,"ENG"
1994,"camp",6,"ENG"
1995,"campaigns",6,"ENG"
1996,"canadian",6,"ENG"
1997,"captain",6,"ENG"
1998,"cast",6,"ENG"
1999,"celebrated",6,"ENG"
2000,"chairman",6,"ENG"
2001,"championship",6,"ENG"
2002,"charity",6,"ENG"
2003,"christmas",6,"ENG"
2004,"christopher",6,"ENG"
2005,"churches",6,"ENG"
2006,"clark",6,"ENG"
2007,"clean",6,"ENG"
2008,"coastal",6,"ENG"
2009,"collapse",6,"ENG"
2010,"competition",6,"ENG"
2011,"comply",6,"ENG"
2012,"conclusion",6,"ENG"
2013,"congressional",6,"ENG"
2014,"considers",6,"ENG"
2015,"consumer",6,"ENG"
2016,"contributed",6,"ENG"
2017,"cotton",6,"ENG"
2018,"crop",6,"ENG"
2019,"cross",6,"ENG"
2020,"currency",6,"ENG"
2021,"dates",6,"ENG"
2022,"david",6,"ENG"
2023,"debt",6,"ENG"
2024,"decline",6,"ENG"
2025,"deep",6,"ENG"
2026,"defensive",6,"ENG"
2027,"definitely",6,"ENG"
2028,"delay",6,"ENG"
2029,"delivery",6,"ENG"
2030,"deputy",6,"ENG"
2031,"design",6,"ENG"
2032,"desire",6,"ENG"
2033,"determined",6,"ENG"
2034,"develop",6,"ENG"
2035,"difference",6,"ENG"
2036,"directed",6,"ENG"
2037,"directly",6,"ENG"
2038,"disney",6,"ENG"
2039,"domestic",6,"ENG"
2040,"dozen",6,"ENG"
2041,"drawn",6,"ENG"
2042,"drivers",6,"ENG"
2043,"eagles",6,"ENG"
2044,"eating",6,"ENG"
2045,"educational",6,"ENG"
2046,"electric",6,"ENG"
2047,"elizabeth",6,"ENG"
2048,"engagement",6,"ENG"
2049,"engine",6,"ENG"
2050,"english",6,"ENG"
2051,"enter",6,"ENG"
2052,"eric",6,"ENG"
2053,"existing",6,"ENG"
2054,"experiences",6,"ENG"
2055,"experiencing",6,"ENG"
2056,"experts",6,"ENG"
2057,"exposed",6,"ENG"
2058,"exposure",6,"ENG"
2059,"failure",6,"ENG"
2060,"fair",6,"ENG"
2061,"fake",6,"ENG"
2062,"false",6,"ENG"
2063,"fat",6,"ENG"
2064,"fears",6,"ENG"
2065,"female",6,"ENG"
2066,"fields",6,"ENG"
2067,"figures",6,"ENG"
2068,"fired",6,"ENG"
2069,"fishing",6,"ENG"
2070,"fit",6,"ENG"
2071,"focused",6,"ENG"
2072,"fought",6,"ENG"
2073,"fox",6,"ENG"
2074,"french",6,"ENG"
2075,"gathering",6,"ENG"
2076,"generation",6,"ENG"
2077,"gold",6,"ENG"
2078,"golf",6,"ENG"
2079,"granted",6,"ENG"
2080,"grown",6,"ENG"
2081,"guard",6,"ENG"
2082,"guilty",6,"ENG"
2083,"gun",6,"ENG"
2084,"hear",6,"ENG"
2085,"hollywood",6,"ENG"
2086,"hong",6,"ENG"
2087,"housing",6,"ENG"
2088,"howard",6,"ENG"
2089,"identify",6,"ENG"
2090,"ill",6,"ENG"
2091,"immediate",6,"ENG"
2092,"inches",6,"ENG"
2093,"insisted",6,"ENG"
2094,"investing",6,"ENG"
2095,"ireland",6,"ENG"
2096,"italy",6,"ENG"
2097,"jan",6,"ENG"
2098,"journalist",6,"ENG"
2099,"journalists",6,"ENG"
2100,"journey",6,"ENG"
2101,"jump",6,"ENG"
2102,"jumped",6,"ENG"
2103,"junior",6,"ENG"
2104,"justin",6,"ENG"
2105,"kick",6,"ENG"
2106,"knowledge",6,"ENG"
2107,"knows",6,"ENG"
2108,"kong",6,"ENG"
2109,"la",6,"ENG"
2110,"lawyer",6,"ENG"
2111,"leave",6,"ENG"
2112,"legacy",6,"ENG"
2113,"legislature",6,"ENG"
2114,"llc",6,"ENG"
2115,"loan",6,"ENG"
2116,"magazine",6,"ENG"
2117,"main",6,"ENG"
2118,"married",6,"ENG"
2119,"materials",6,"ENG"
2120,"mexico",6,"ENG"
2121,"mine",6,"ENG"
2122,"minimal",6,"ENG"
2123,"miss",6,"ENG"
2124,"modern",6,"ENG"
2125,"moral",6,"ENG"
2126,"motor",6,"ENG"
2127,"named",6,"ENG"
2128,"nationwide",6,"ENG"
2129,"nice",6,"ENG"
2130,"offered",6,"ENG"
2131,"operate",6,"ENG"
2132,"operating",6,"ENG"
2133,"organizations",6,"ENG"
2134,"outbreaks",6,"ENG"
2135,"overseas",6,"ENG"
2136,"package",6,"ENG"
2137,"pain",6,"ENG"
2138,"pair",6,"ENG"
2139,"paris",6,"ENG"
2140,"particularly",6,"ENG"
2141,"passing",6,"ENG"
2142,"payment",6,"ENG"
2143,"peace",6,"ENG"
2144,"peak",6,"ENG"
2145,"penalty",6,"ENG"
2146,"persons",6,"ENG"
2147,"pilot",6,"ENG"
2148,"plant",6,"ENG"
2149,"platform",6,"ENG"
2150,"please",6,"ENG"
2151,"polling",6,"ENG"
2152,"pool",6,"ENG"
2153,"portion",6,"ENG"
2154,"posts",6,"ENG"
2155,"powerful",6,"ENG"
2156,"practices",6,"ENG"
2157,"pre",6,"ENG"
2158,"presented",6,"ENG"
2159,"producers",6,"ENG"
2160,"protective",6,"ENG"
2161,"protesters",6,"ENG"
2162,"providers",6,"ENG"
2163,"racist",6,"ENG"
2164,"ran",6,"ENG"
2165,"rapidly",6,"ENG"
2166,"rates",6,"ENG"
2167,"reading",6,"ENG"
2168,"reduce",6,"ENG"
2169,"reform",6,"ENG"
2170,"regularly",6,"ENG"
2171,"removed",6,"ENG"
2172,"rent",6,"ENG"
2173,"requests",6,"ENG"
2174,"requirements",6,"ENG"
2175,"responded",6,"ENG"
2176,"resulted",6,"ENG"
2177,"reveals",6,"ENG"
2178,"risks",6,"ENG"
2179,"safely",6,"ENG"
2180,"scenes",6,"ENG"
2181,"score",6,"ENG"
2182,"scotland",6,"ENG"
2183,"seemingly",6,"ENG"
2184,"sept",6,"ENG"
2185,"severely",6,"ENG"
2186,"sexual",6,"ENG"
2187,"sheriff",6,"ENG"
2188,"shooting",6,"ENG"
2189,"simple",6,"ENG"
2190,"singer",6,"ENG"
2191,"singing",6,"ENG"
2192,"sit",6,"ENG"
2193,"sitting",6,"ENG"
2194,"sometimes",6,"ENG"
2195,"sorry",6,"ENG"
2196,"sort",6,"ENG"
2197,"spain",6,"ENG"
2198,"spot",6,"ENG"
2199,"stated",6,"ENG"
2200,"stood",6,"ENG"
2201,"strategy",6,"ENG"
2202,"strength",6,"ENG"
2203,"success",6,"ENG"
2204,"supporting",6,"ENG"
2205,"surgery",6,"ENG"
2206,"suspended",6,"ENG"
2207,"talked",6,"ENG"
2208,"task",6,"ENG"
2209,"tells",6,"ENG"
2210,"thanksgiving",6,"ENG"
2211,"tim",6,"ENG"
2212,"tissue",6,"ENG"
2213,"treated",6,"ENG"
2214,"tree",6,"ENG"
2215,"trend",6,"ENG"
2216,"triple",6,"ENG"
2217,"units",6,"ENG"
2218,"unlike",6,"ENG"
2219,"updates",6,"ENG"
2220,"valley",6,"ENG"
2221,"viewers",6,"ENG"
2222,"views",6,"ENG"
2223,"viral",6,"ENG"
2224,"visual",6,"ENG"
2225,"vital",6,"ENG"
2226,"waiting",6,"ENG"
2227,"warrant",6,"ENG"
2228,"wars",6,"ENG"
2229,"watching",6,"ENG"
2230,"web",6,"ENG"
2231,"whatever",6,"ENG"
2232,"widely",6,"ENG"
2233,"wild",6,"ENG"
2234,"witness",6,"ENG"
2235,"wonder",6,"ENG"
2236,"words",6,"ENG"
2237,"worker",6,"ENG"
2238,"x",6,"ENG"
2239,"younger",6,"ENG"
2240,"yourself",6,"ENG"
2241,"zone",6,"ENG"
2242,"130",5,"ENG"
2243,"150",5,"ENG"
2244,"2000",5,"ENG"
2245,"2001",5,"ENG"
2246,"2012",5,"ENG"
2247,"32",5,"ENG"
2248,"34",5,"ENG"
2249,"37",5,"ENG"
2250,"39",5,"ENG"
2251,"43",5,"ENG"
2252,"44",5,"ENG"
2253,"45",5,"ENG"
2254,"48",5,"ENG"
2255,"51",5,"ENG"
2256,"54",5,"ENG"
2257,"57",5,"ENG"
2258,"63",5,"ENG"
2259,"700",5,"ENG"
2260,"74",5,"ENG"
2261,"75",5,"ENG"
2262,"93",5,"ENG"
2263,"â",5,"ENG"
2264,"abu",5,"ENG"
2265,"academic",5,"ENG"
2266,"achieved",5,"ENG"
2267,"admission",5,"ENG"
2268,"admit",5,"ENG"
2269,"advanced",5,"ENG"
2270,"advantage",5,"ENG"
2271,"advisors",5,"ENG"
2272,"aged",5,"ENG"
2273,"agenda",5,"ENG"
2274,"airline",5,"ENG"
2275,"alaska",5,"ENG"
2276,"album",5,"ENG"
2277,"alert",5,"ENG"
2278,"alice",5,"ENG"
2279,"anaheim",5,"ENG"
2280,"andy",5,"ENG"
2281,"anniversary",5,"ENG"
2282,"anyway",5,"ENG"
2283,"argued",5,"ENG"
2284,"armed",5,"ENG"
2285,"arms",5,"ENG"
2286,"artists",5,"ENG"
2287,"asian",5,"ENG"
2288,"assault",5,"ENG"
2289,"assistant",5,"ENG"
2290,"attacking",5,"ENG"
2291,"avenue",5,"ENG"
2292,"avoiding",5,"ENG"
2293,"backed",5,"ENG"
2294,"bail",5,"ENG"
2295,"baseball",5,"ENG"
2296,"basically",5,"ENG"
2297,"basis",5,"ENG"
2298,"bc",5,"ENG"
2299,"beach",5,"ENG"
2300,"bears",5,"ENG"
2301,"beating",5,"ENG"
2302,"beautiful",5,"ENG"
2303,"beauty",5,"ENG"
2304,"beef",5,"ENG"
2305,"beloved",5,"ENG"
2306,"bigger",5,"ENG"
2307,"bills",5,"ENG"
2308,"bishop",5,"ENG"
2309,"boat",5,"ENG"
2310,"boeing",5,"ENG"
2311,"booked",5,"ENG"
2312,"books",5,"ENG"
2313,"border",5,"ENG"
2314,"borders",5,"ENG"
2315,"bowl",5,"ENG"
2316,"boys",5,"ENG"
2317,"brooklyn",5,"ENG"
2318,"buffalo",5,"ENG"
2319,"buildings",5,"ENG"
2320,"burning",5,"ENG"
2321,"cabinet",5,"ENG"
2322,"calif",5,"ENG"
2323,"camera",5,"ENG"
2324,"campbell",5,"ENG"
2325,"cards",5,"ENG"
2326,"careful",5,"ENG"
2327,"cbd",5,"ENG"
2328,"chad",5,"ENG"
2329,"chair",5,"ENG"
2330,"champions",5,"ENG"
2331,"channel",5,"ENG"
2332,"chattanooga",5,"ENG"
2333,"cheap",5,"ENG"
2334,"citing",5,"ENG"
2335,"claiming",5,"ENG"
2336,"claire",5,"ENG"
2337,"clare",5,"ENG"
2338,"clash",5,"ENG"
2339,"clients",5,"ENG"
2340,"closely",5,"ENG"
2341,"coalition",5,"ENG"
2342,"comfort",5,"ENG"
2343,"communication",5,"ENG"
2344,"concept",5,"ENG"
2345,"confident",5,"ENG"
2346,"consequences",5,"ENG"
2347,"contain",5,"ENG"
2348,"content",5,"ENG"
2349,"convention",5,"ENG"
2350,"cooper",5,"ENG"
2351,"corp",5,"ENG"
2352,"councillor",5,"ENG"
2353,"covering",5,"ENG"
2354,"crash",5,"ENG"
2355,"crimes",5,"ENG"
2356,"crore",5,"ENG"
2357,"cruise",5,"ENG"
2358,"cuomo",5,"ENG"
2359,"customer",5,"ENG"
2360,"dance",5,"ENG"
2361,"danger",5,"ENG"
2362,"dc",5,"ENG"
2363,"dec",5,"ENG"
2364,"decisions",5,"ENG"
2365,"declared",5,"ENG"
2366,"declined",5,"ENG"
2367,"defined",5,"ENG"
2368,"delays",5,"ENG"
2369,"designer",5,"ENG"
2370,"destination",5,"ENG"
2371,"devices",5,"ENG"
2372,"dining",5,"ENG"
2373,"disabilities",5,"ENG"
2374,"diverse",5,"ENG"
2375,"division",5,"ENG"
2376,"documents",5,"ENG"
2377,"dogs",5,"ENG"
2378,"donation",5,"ENG"
2379,"donations",5,"ENG"
2380,"downtown",5,"ENG"
2381,"dozens",5,"ENG"
2382,"drinking",5,"ENG"
2383,"drinks",5,"ENG"
2384,"driven",5,"ENG"
2385,"drugs",5,"ENG"
2386,"editor",5,"ENG"
2387,"effectively",5,"ENG"
2388,"encounter",5,"ENG"
2389,"encourage",5,"ENG"
2390,"enjoyed",5,"ENG"
2391,"enjoying",5,"ENG"
2392,"ensuring",5,"ENG"
2393,"entirely",5,"ENG"
2394,"equality",5,"ENG"
2395,"equivalent",5,"ENG"
2396,"exchange",5,"ENG"
2397,"exercise",5,"ENG"
2398,"existence",5,"ENG"
2399,"expansion",5,"ENG"
2400,"expecting",5,"ENG"
2401,"expenses",5,"ENG"
2402,"experienced",5,"ENG"
2403,"exports",5,"ENG"
2404,"f",5,"ENG"
2405,"faced",5,"ENG"
2406,"farm",5,"ENG"
2407,"featuring",5,"ENG"
2408,"feb",5,"ENG"
2409,"fever",5,"ENG"
2410,"fighters",5,"ENG"
2411,"filled",5,"ENG"
2412,"finds",5,"ENG"
2413,"finish",5,"ENG"
2414,"fires",5,"ENG"
2415,"fish",5,"ENG"
2416,"fix",5,"ENG"
2417,"flying",5,"ENG"
2418,"footage",5,"ENG"
2419,"forecast",5,"ENG"
2420,"founded",5,"ENG"
2421,"franchise",5,"ENG"
2422,"francisco",5,"ENG"
2423,"frozen",5,"ENG"
2424,"fund",5,"ENG"
2425,"gatherings",5,"ENG"
2426,"genuine",5,"ENG"
2427,"germany",5,"ENG"
2428,"gift",5,"ENG"
2429,"goods",5,"ENG"
2430,"gotten",5,"ENG"
2431,"grant",5,"ENG"
2432,"grew",5,"ENG"
2433,"guests",5,"ENG"
2434,"guns",5,"ENG"
2435,"handed",5,"ENG"
2436,"happens",5,"ENG"
2437,"harry",5,"ENG"
2438,"headed",5,"ENG"
2439,"healthy",5,"ENG"
2440,"hell",5,"ENG"
2441,"highlighted",5,"ENG"
2442,"holding",5,"ENG"
2443,"holdings",5,"ENG"
2444,"holds",5,"ENG"
2445,"hopkins",5,"ENG"
2446,"hubei",5,"ENG"
2447,"hurt",5,"ENG"
2448,"illegal",5,"ENG"
2449,"illness",5,"ENG"
2450,"image",5,"ENG"
2451,"imagine",5,"ENG"
2452,"include",5,"ENG"
2453,"increasing",5,"ENG"
2454,"independent",5,"ENG"
2455,"index",5,"ENG"
2456,"informed",5,"ENG"
2457,"injured",5,"ENG"
2458,"innovation",5,"ENG"
2459,"innovative",5,"ENG"
2460,"insider",5,"ENG"
2461,"intended",5,"ENG"
2462,"interference",5,"ENG"
2463,"jersey",5,"ENG"
2464,"jewish",5,"ENG"
2465,"johns",5,"ENG"
2466,"keeps",5,"ENG"
2467,"kitchen",5,"ENG"
2468,"l",5,"ENG"
2469,"lagos",5,"ENG"
2470,"lakh",5,"ENG"
2471,"lands",5,"ENG"
2472,"language",5,"ENG"
2473,"largely",5,"ENG"
2474,"latter",5,"ENG"
2475,"lawmakers",5,"ENG"
2476,"lee",5,"ENG"
2477,"legislation",5,"ENG"
2478,"lesson",5,"ENG"
2479,"literally",5,"ENG"
2480,"locations",5,"ENG"
2481,"losses",5,"ENG"
2482,"loved",5,"ENG"
2483,"lucky",5,"ENG"
2484,"mainly",5,"ENG"
2485,"male",5,"ENG"
2486,"manage",5,"ENG"
2487,"manchester",5,"ENG"
2488,"mandate",5,"ENG"
2489,"mandatory",5,"ENG"
2490,"matters",5,"ENG"
2491,"maximum",5,"ENG"
2492,"meal",5,"ENG"
2493,"medicine",5,"ENG"
2494,"meetings",5,"ENG"
2495,"messages",5,"ENG"
2496,"michael",5,"ENG"
2497,"michigan",5,"ENG"
2498,"minority",5,"ENG"
2499,"mission",5,"ENG"
2500,"mix",5,"ENG"
2501,"montgomery",5,"ENG"
2502,"monument",5,"ENG"
2503,"movement",5,"ENG"
2504,"municipal",5,"ENG"
2505,"mutual",5,"ENG"
2506,"navy",5,"ENG"
2507,"networks",5,"ENG"
2508,"newly",5,"ENG"
2509,"nigerians",5,"ENG"
2510,"nov",5,"ENG"
2511,"nurses",5,"ENG"
2512,"obtained",5,"ENG"
2513,"occupied",5,"ENG"
2514,"occur",5,"ENG"
2515,"ocean",5,"ENG"
2516,"officially",5,"ENG"
2517,"ohio",5,"ENG"
2518,"older",5,"ENG"
2519,"opt",5,"ENG"
2520,"ordered",5,"ENG"
2521,"organisation",5,"ENG"
2522,"otherwise",5,"ENG"
2523,"ourselves",5,"ENG"
2524,"oxygen",5,"ENG"
2525,"pace",5,"ENG"
2526,"panel",5,"ENG"
2527,"parking",5,"ENG"
2528,"participated",5,"ENG"
2529,"partnership",5,"ENG"
2530,"pattern",5,"ENG"
2531,"permanent",5,"ENG"
2532,"photos",5,"ENG"
2533,"pitch",5,"ENG"
2534,"platelet",5,"ENG"
2535,"poor",5,"ENG"
2536,"positions",5,"ENG"
2537,"possession",5,"ENG"
2538,"potentially",5,"ENG"
2539,"poverty",5,"ENG"
2540,"ppe",5,"ENG"
2541,"praise",5,"ENG"
2542,"preventing",5,"ENG"
2543,"prince",5,"ENG"
2544,"princess",5,"ENG"
2545,"privacy",5,"ENG"
2546,"prize",5,"ENG"
2547,"properties",5,"ENG"
2548,"prove",5,"ENG"
2549,"publication",5,"ENG"
2550,"purchasing",5,"ENG"
2551,"pure",5,"ENG"
2552,"purpose",5,"ENG"
2553,"purposes",5,"ENG"
2554,"puts",5,"ENG"
2555,"quarantined",5,"ENG"
2556,"queens",5,"ENG"
2557,"races",5,"ENG"
2558,"ranked",5,"ENG"
2559,"rare",5,"ENG"
2560,"receives",5,"ENG"
2561,"reduced",5,"ENG"
2562,"regarding",5,"ENG"
2563,"regime",5,"ENG"
2564,"registration",5,"ENG"
2565,"regular",5,"ENG"
2566,"relatives",5,"ENG"
2567,"relevant",5,"ENG"
2568,"religion",5,"ENG"
2569,"remarks",5,"ENG"
2570,"reminder",5,"ENG"
2571,"reporting",5,"ENG"
2572,"represents",5,"ENG"
2573,"requiring",5,"ENG"
2574,"rescue",5,"ENG"
2575,"reserve",5,"ENG"
2576,"resolution",5,"ENG"
2577,"resulting",5,"ENG"
2578,"rice",5,"ENG"
2579,"robbery",5,"ENG"
2580,"roll",5,"ENG"
2581,"rooms",5,"ENG"
2582,"roughly",5,"ENG"
2583,"row",5,"ENG"
2584,"rush",5,"ENG"
2585,"russell",5,"ENG"
2586,"save",5,"ENG"
2587,"saved",5,"ENG"
2588,"scott",5,"ENG"
2589,"securities",5,"ENG"
2590,"seed",5,"ENG"
2591,"segment",5,"ENG"
2592,"senator",5,"ENG"
2593,"separate",5,"ENG"
2594,"seventh",5,"ENG"
2595,"sex",5,"ENG"
2596,"sheet",5,"ENG"
2597,"silence",5,"ENG"
2598,"singh",5,"ENG"
2599,"sister",5,"ENG"
2600,"skills",5,"ENG"
2601,"software",5,"ENG"
2602,"solid",5,"ENG"
2603,"somehow",5,"ENG"
2604,"soul",5,"ENG"
2605,"speaks",5,"ENG"
2606,"spirit",5,"ENG"
2607,"spokeswoman",5,"ENG"
2608,"square",5,"ENG"
2609,"stands",5,"ENG"
2610,"starts",5,"ENG"
2611,"status",5,"ENG"
2612,"stayed",5,"ENG"
2613,"stocks",5,"ENG"
2614,"stopping",5,"ENG"
2615,"stops",5,"ENG"
2616,"straight",5,"ENG"
2617,"struck",5,"ENG"
2618,"struggles",5,"ENG"
2619,"struggling",5,"ENG"
2620,"subsequently",5,"ENG"
2621,"suffered",5,"ENG"
2622,"suggests",5,"ENG"
2623,"supplies",5,"ENG"
2624,"supreme",5,"ENG"
2625,"surge",5,"ENG"
2626,"survive",5,"ENG"
2627,"switch",5,"ENG"
2628,"tally",5,"ENG"
2629,"targeted",5,"ENG"
2630,"tasks",5,"ENG"
2631,"teachers",5,"ENG"
2632,"teaches",5,"ENG"
2633,"television",5,"ENG"
2634,"temperatures",5,"ENG"
2635,"tennis",5,"ENG"
2636,"terrible",5,"ENG"
2637,"thank",5,"ENG"
2638,"theaters",5,"ENG"
2639,"theory",5,"ENG"
2640,"thinking",5,"ENG"
2641,"threatened",5,"ENG"
2642,"thus",5,"ENG"
2643,"ticket",5,"ENG"
2644,"tide",5,"ENG"
2645,"tied",5,"ENG"
2646,"ties",5,"ENG"
2647,"tired",5,"ENG"
2648,"toilet",5,"ENG"
2649,"toll",5,"ENG"
2650,"tony",5,"ENG"
2651,"trained",5,"ENG"
2652,"transaction",5,"ENG"
2653,"transfer",5,"ENG"
2654,"transition",5,"ENG"
2655,"transmission",5,"ENG"
2656,"transparency",5,"ENG"
2657,"treasury",5,"ENG"
2658,"trouble",5,"ENG"
2659,"truck",5,"ENG"
2660,"truth",5,"ENG"
2661,"tune",5,"ENG"
2662,"typically",5,"ENG"
2663,"understood",5,"ENG"
2664,"unit",5,"ENG"
2665,"valued",5,"ENG"
2666,"violation",5,"ENG"
2667,"visits",5,"ENG"
2668,"voted",5,"ENG"
2669,"wales",5,"ENG"
2670,"walking",5,"ENG"
2671,"ward",5,"ENG"
2672,"warm",5,"ENG"
2673,"wealth",5,"ENG"
2674,"weapons",5,"ENG"
2675,"western",5,"ENG"
2676,"wet",5,"ENG"
2677,"wood",5,"ENG"
2678,"worn",5,"ENG"
2679,"writes",5,"ENG"
2680,"wrong",5,"ENG"
2681,"yard",5,"ENG"
2682,"zacks",5,"ENG"
2683,"10th",4,"ENG"
2684,"111",4,"ENG"
2685,"1997",4,"ENG"
2686,"2013",4,"ENG"
2687,"21st",4,"ENG"
2688,"46",4,"ENG"
2689,"56",4,"ENG"
2690,"58",4,"ENG"
2691,"666",4,"ENG"
2692,"68",4,"ENG"
2693,"83",4,"ENG"
2694,"86",4,"ENG"
2695,"aaron",4,"ENG"
2696,"abbott",4,"ENG"
2697,"absence",4,"ENG"
2698,"absolutely",4,"ENG"
2699,"abuse",4,"ENG"
2700,"accurate",4,"ENG"
2701,"acknowledged",4,"ENG"
2702,"actions",4,"ENG"
2703,"ad",4,"ENG"
2704,"adams",4,"ENG"
2705,"adapted",4,"ENG"
2706,"administrative",4,"ENG"
2707,"adults",4,"ENG"
2708,"advisory",4,"ENG"
2709,"affect",4,"ENG"
2710,"affecting",4,"ENG"
2711,"agencies",4,"ENG"
2712,"aggressive",4,"ENG"
2713,"agriculture",4,"ENG"
2714,"amendments",4,"ENG"
2715,"amidst",4,"ENG"
2716,"angry",4,"ENG"
2717,"aniston",4,"ENG"
2718,"announcing",4,"ENG"
2719,"anymore",4,"ENG"
2720,"apc",4,"ENG"
2721,"applied",4,"ENG"
2722,"appointed",4,"ENG"
2723,"approaches",4,"ENG"
2724,"approval",4,"ENG"
2725,"arab",4,"ENG"
2726,"archbishop",4,"ENG"
2727,"arrangements",4,"ENG"
2728,"ashley",4,"ENG"
2729,"aspect",4,"ENG"
2730,"assessment",4,"ENG"
2731,"assist",4,"ENG"
2732,"assists",4,"ENG"
2733,"asthma",4,"ENG"
2734,"asymptomatic",4,"ENG"
2735,"atlantic",4,"ENG"
2736,"attacked",4,"ENG"
2737,"attacks",4,"ENG"
2738,"attend",4,"ENG"
2739,"audio",4,"ENG"
2740,"author",4,"ENG"
2741,"auto",4,"ENG"
2742,"availability",4,"ENG"
2743,"awarded",4,"ENG"
2744,"ba",4,"ENG"
2745,"backup",4,"ENG"
2746,"badly",4,"ENG"
2747,"bag",4,"ENG"
2748,"barack",4,"ENG"
2749,"barr",4,"ENG"
2750,"battery",4,"ENG"
2751,"bbc",4,"ENG"
2752,"becoming",4,"ENG"
2753,"begins",4,"ENG"
2754,"behalf",4,"ENG"
2755,"bemidji",4,"ENG"
2756,"bidaskclub",4,"ENG"
2757,"bihar",4,"ENG"
2758,"birth",4,"ENG"
2759,"birthday",4,"ENG"
2760,"blair",4,"ENG"
2761,"blown",4,"ENG"
2762,"bodies",4,"ENG"
2763,"bolsonaro",4,"ENG"
2764,"bonus",4,"ENG"
2765,"booth",4,"ENG"
2766,"boss",4,"ENG"
2767,"bosses",4,"ENG"
2768,"boxes",4,"ENG"
2769,"brad",4,"ENG"
2770,"brady",4,"ENG"
2771,"brandon",4,"ENG"
2772,"breakdown",4,"ENG"
2773,"broadcast",4,"ENG"
2774,"broncos",4,"ENG"
2775,"brutal",4,"ENG"
2776,"brutality",4,"ENG"
2777,"bulk",4,"ENG"
2778,"bullet",4,"ENG"
2779,"burglary",4,"ENG"
2780,"bus",4,"ENG"
2781,"canceled",4,"ENG"
2782,"cannabis",4,"ENG"
2783,"cape",4,"ENG"
2784,"capitalism",4,"ENG"
2785,"carried",4,"ENG"
2786,"casual",4,"ENG"
2787,"causes",4,"ENG"
2788,"cautious",4,"ENG"
2789,"celebrating",4,"ENG"
2790,"centers",4,"ENG"
2791,"cents",4,"ENG"
2792,"century",4,"ENG"
2793,"certain",4,"ENG"
2794,"challenging",4,"ENG"
2795,"chapters",4,"ENG"
2796,"charlie",4,"ENG"
2797,"charter",4,"ENG"
2798,"chase",4,"ENG"
2799,"chelsea",4,"ENG"
2800,"chicken",4,"ENG"
2801,"chloe",4,"ENG"
2802,"circumstances",4,"ENG"
2803,"citizen",4,"ENG"
2804,"classes",4,"ENG"
2805,"classic",4,"ENG"
2806,"clerk",4,"ENG"
2807,"cleveland",4,"ENG"
2808,"client",4,"ENG"
2809,"closure",4,"ENG"
2810,"closures",4,"ENG"
2811,"clothes",4,"ENG"
2812,"clothing",4,"ENG"
2813,"cloud",4,"ENG"
2814,"cluster",4,"ENG"
2815,"cnn",4,"ENG"
2816,"collaboration",4,"ENG"
2817,"collected",4,"ENG"
2818,"collection",4,"ENG"
2819,"columnist",4,"ENG"
2820,"combination",4,"ENG"
2821,"comeback",4,"ENG"
2822,"comedy",4,"ENG"
2823,"command",4,"ENG"
2824,"commented",4,"ENG"
2825,"commenting",4,"ENG"
2826,"communications",4,"ENG"
2827,"communist",4,"ENG"
2828,"complications",4,"ENG"
2829,"condition",4,"ENG"
2830,"confidence",4,"ENG"
2831,"confront",4,"ENG"
2832,"connect",4,"ENG"
2833,"connected",4,"ENG"
2834,"connecticut",4,"ENG"
2835,"conservative",4,"ENG"
2836,"contest",4,"ENG"
2837,"contrast",4,"ENG"
2838,"contributing",4,"ENG"
2839,"contribution",4,"ENG"
2840,"controversial",4,"ENG"
2841,"coordinator",4,"ENG"
2842,"corps",4,"ENG"
2843,"correction",4,"ENG"
2844,"cough",4,"ENG"
2845,"courage",4,"ENG"
2846,"courses",4,"ENG"
2847,"coverage",4,"ENG"
2848,"covered",4,"ENG"
2849,"covers",4,"ENG"
2850,"creative",4,"ENG"
2851,"criticism",4,"ENG"
2852,"crown",4,"ENG"
2853,"curriculum",4,"ENG"
2854,"cutting",4,"ENG"
2855,"cycle",4,"ENG"
2856,"dad",4,"ENG"
2857,"damaged",4,"ENG"
2858,"damages",4,"ENG"
2859,"dashboard",4,"ENG"
2860,"davis",4,"ENG"
2861,"deadline",4,"ENG"
2862,"deceased",4,"ENG"
2863,"decent",4,"ENG"
2864,"deemed",4,"ENG"
2865,"demonstration",4,"ENG"
2866,"deputies",4,"ENG"
2867,"determine",4,"ENG"
2868,"devastating",4,"ENG"
2869,"developing",4,"ENG"
2870,"diagnosed",4,"ENG"
2871,"die",4,"ENG"
2872,"dignity",4,"ENG"
2873,"dinner",4,"ENG"
2874,"directive",4,"ENG"
2875,"disappointment",4,"ENG"
2876,"discovery",4,"ENG"
2877,"discussions",4,"ENG"
2878,"distributed",4,"ENG"
2879,"distribution",4,"ENG"
2880,"districts",4,"ENG"
2881,"disturbing",4,"ENG"
2882,"document",4,"ENG"
2883,"dominance",4,"ENG"
2884,"dominated",4,"ENG"
2885,"doors",4,"ENG"
2886,"dose",4,"ENG"
2887,"doug",4,"ENG"
2888,"draft",4,"ENG"
2889,"drama",4,"ENG"
2890,"drink",4,"ENG"
2891,"dry",4,"ENG"
2892,"duo",4,"ENG"
2893,"dying",4,"ENG"
2894,"ears",4,"ENG"
2895,"eco",4,"ENG"
2896,"economics",4,"ENG"
2897,"effects",4,"ENG"
2898,"efficient",4,"ENG"
2899,"efficiently",4,"ENG"
2900,"eligible",4,"ENG"
2901,"elsewhere",4,"ENG"
2902,"embrace",4,"ENG"
2903,"emerged",4,"ENG"
2904,"emerging",4,"ENG"
2905,"emphasizing",4,"ENG"
2906,"employee",4,"ENG"
2907,"encouraging",4,"ENG"
2908,"enforce",4,"ENG"
2909,"entertainment",4,"ENG"
2910,"entry",4,"ENG"
2911,"epidemic",4,"ENG"
2912,"eps",4,"ENG"
2913,"epstein",4,"ENG"
2914,"equity",4,"ENG"
2915,"establishment",4,"ENG"
2916,"estate",4,"ENG"
2917,"estimate",4,"ENG"
2918,"etc",4,"ENG"
2919,"everyday",4,"ENG"
2920,"everywhere",4,"ENG"
2921,"ex",4,"ENG"
2922,"excellent",4,"ENG"
2923,"except",4,"ENG"
2924,"exceptions",4,"ENG"
2925,"executives",4,"ENG"
2926,"exemptions",4,"ENG"
2927,"expanded",4,"ENG"
2928,"expanding",4,"ENG"
2929,"expectations",4,"ENG"
2930,"explains",4,"ENG"
2931,"expose",4,"ENG"
2932,"expression",4,"ENG"
2933,"extreme",4,"ENG"
2934,"facing",4,"ENG"
2935,"fallen",4,"ENG"
2936,"familiar",4,"ENG"
2937,"fashion",4,"ENG"
2938,"fbi",4,"ENG"
2939,"fee",4,"ENG"
2940,"feelings",4,"ENG"
2941,"feels",4,"ENG"
2942,"fellow",4,"ENG"
2943,"festival",4,"ENG"
2944,"fifth",4,"ENG"
2945,"file",4,"ENG"
2946,"filing",4,"ENG"
2947,"filmed",4,"ENG"
2948,"firearm",4,"ENG"
2949,"firms",4,"ENG"
2950,"fitness",4,"ENG"
2951,"flag",4,"ENG"
2952,"floor",4,"ENG"
2953,"flow",4,"ENG"
2954,"flynn",4,"ENG"
2955,"folks",4,"ENG"
2956,"formed",4,"ENG"
2957,"forth",4,"ENG"
2958,"founder",4,"ENG"
2959,"france",4,"ENG"
2960,"francis",4,"ENG"
2961,"friendly",4,"ENG"
2962,"fulani",4,"ENG"
2963,"function",4,"ENG"
2964,"fury",4,"ENG"
2965,"galaxy",4,"ENG"
2966,"gang",4,"ENG"
2967,"garlic",4,"ENG"
2968,"gear",4,"ENG"
2969,"gender",4,"ENG"
2970,"generally",4,"ENG"
2971,"generated",4,"ENG"
2972,"ghana",4,"ENG"
2973,"glance",4,"ENG"
2974,"golden",4,"ENG"
2975,"gonna",4,"ENG"
2976,"gop",4,"ENG"
2977,"grandmother",4,"ENG"
2978,"gray",4,"ENG"
2979,"greatest",4,"ENG"
2980,"greece",4,"ENG"
2981,"grooming",4,"ENG"
2982,"guarantee",4,"ENG"
2983,"halt",4,"ENG"
2984,"hampshire",4,"ENG"
2985,"handful",4,"ENG"
2986,"happiness",4,"ENG"
2987,"harrison",4,"ENG"
2988,"hate",4,"ENG"
2989,"heading",4,"ENG"
2990,"highly",4,"ENG"
2991,"historic",4,"ENG"
2992,"historical",4,"ENG"
2993,"hole",4,"ENG"
2994,"homelessness",4,"ENG"
2995,"honest",4,"ENG"
2996,"honor",4,"ENG"
2997,"hoped",4,"ENG"
2998,"hopes",4,"ENG"
2999,"hornets",4,"ENG"
3000,"horse",4,"ENG"
3001,"hosted",4,"ENG"
3002,"houston",4,"ENG"
3003,"huawei",4,"ENG"
3004,"hudson",4,"ENG"
3005,"icon",4,"ENG"
3006,"ideal",4,"ENG"
3007,"ideas",4,"ENG"
3008,"ii",4,"ENG"
3009,"illegally",4,"ENG"
3010,"impeachment",4,"ENG"
3011,"implementation",4,"ENG"
3012,"implementing",4,"ENG"
3013,"improved",4,"ENG"
3014,"inclusive",4,"ENG"
3015,"indeed",4,"ENG"
3016,"industries",4,"ENG"
3017,"influence",4,"ENG"
3018,"initially",4,"ENG"
3019,"injuries",4,"ENG"
3020,"injustice",4,"ENG"
3021,"inquiry",4,"ENG"
3022,"insects",4,"ENG"
3023,"inspection",4,"ENG"
3024,"inspiration",4,"ENG"
3025,"instagram",4,"ENG"
3026,"institute",4,"ENG"
3027,"institution",4,"ENG"
3028,"intact",4,"ENG"
3029,"intent",4,"ENG"
3030,"interaction",4,"ENG"
3031,"interactive",4,"ENG"
3032,"interesting",4,"ENG"
3033,"interests",4,"ENG"
3034,"investigate",4,"ENG"
3035,"involving",4,"ENG"
3036,"iranian",4,"ENG"
3037,"islam",4,"ENG"
3038,"issuing",4,"ENG"
3039,"italian",4,"ENG"
3040,"item",4,"ENG"
3041,"j",4,"ENG"
3042,"jackson",4,"ENG"
3043,"jessica",4,"ENG"
3044,"jesus",4,"ENG"
3045,"jews",4,"ENG"
3046,"jogging",4,"ENG"
3047,"johannesburg",4,"ENG"
3048,"joining",4,"ENG"
3049,"joint",4,"ENG"
3050,"joke",4,"ENG"
3051,"joy",4,"ENG"
3052,"k",4,"ENG"
3053,"kent",4,"ENG"
3054,"keys",4,"ENG"
3055,"kid",4,"ENG"
3056,"kill",4,"ENG"
3057,"killing",4,"ENG"
3058,"kingdom",4,"ENG"
3059,"lady",4,"ENG"
3060,"landed",4,"ENG"
3061,"laws",4,"ENG"
3062,"le",4,"ENG"
3063,"lean",4,"ENG"
3064,"leaves",4,"ENG"
3065,"li",4,"ENG"
3066,"lifted",4,"ENG"
3067,"likes",4,"ENG"
3068,"links",4,"ENG"
3069,"location",4,"ENG"
3070,"looked",4,"ENG"
3071,"looms",4,"ENG"
3072,"lung",4,"ENG"
3073,"madison",4,"ENG"
3074,"maggie",4,"ENG"
3075,"marijuana",4,"ENG"
3076,"maritime",4,"ENG"
3077,"marketing",4,"ENG"
3078,"martin",4,"ENG"
3079,"massachusetts",4,"ENG"
3080,"meaning",4,"ENG"
3081,"menu",4,"ENG"
3082,"metal",4,"ENG"
3083,"miles",4,"ENG"
3084,"milk",4,"ENG"
3085,"miller",4,"ENG"
3086,"millimetres",4,"ENG"
3087,"mini",4,"ENG"
3088,"minor",4,"ENG"
3089,"missed",4,"ENG"
3090,"mode",4,"ENG"
3091,"models",4,"ENG"
3092,"momentum",4,"ENG"
3093,"monitor",4,"ENG"
3094,"monthly",4,"ENG"
3095,"moon",4,"ENG"
3096,"morrison",4,"ENG"
3097,"mount",4,"ENG"
3098,"mountain",4,"ENG"
3099,"names",4,"ENG"
3100,"nasdaq",4,"ENG"
3101,"naturally",4,"ENG"
3102,"nearby",4,"ENG"
3103,"nebraska",4,"ENG"
3104,"necessarily",4,"ENG"
3105,"neighbor",4,"ENG"
3106,"neighborhood",4,"ENG"
3107,"neighbouring",4,"ENG"
3108,"neighbours",4,"ENG"
3109,"neither",4,"ENG"
3110,"netflix",4,"ENG"
3111,"newton",4,"ENG"
3112,"nhs",4,"ENG"
3113,"nominee",4,"ENG"
3114,"nonprofit",4,"ENG"
3115,"normally",4,"ENG"
3116,"notification",4,"ENG"
3117,"nsw",4,"ENG"
3118,"nutrition",4,"ENG"
3119,"objective",4,"ENG"
3120,"operators",4,"ENG"
3121,"opposition",4,"ENG"
3122,"originally",4,"ENG"
3123,"outcomes",4,"ENG"
3124,"outfit",4,"ENG"
3125,"overcome",4,"ENG"
3126,"packed",4,"ENG"
3127,"pages",4,"ENG"
3128,"palestinian",4,"ENG"
3129,"panic",4,"ENG"
3130,"participants",4,"ENG"
3131,"participating",4,"ENG"
3132,"passes",4,"ENG"
3133,"pastor",4,"ENG"
3134,"patient",4,"ENG"
3135,"patriots",4,"ENG"
3136,"pedestrians",4,"ENG"
3137,"pennsylvania",4,"ENG"
3138,"perform",4,"ENG"
3139,"performances",4,"ENG"
3140,"permanently",4,"ENG"
3141,"permit",4,"ENG"
3142,"petition",4,"ENG"
3143,"pharmaceutical",4,"ENG"
3144,"phenomenon",4,"ENG"
3145,"phoenix",4,"ENG"
3146,"pittsburgh",4,"ENG"
3147,"plants",4,"ENG"
3148,"plasma",4,"ENG"
3149,"plastic",4,"ENG"
3150,"plot",4,"ENG"
3151,"pointed",4,"ENG"
3152,"poll",4,"ENG"
3153,"populations",4,"ENG"
3154,"poses",4,"ENG"
3155,"possibility",4,"ENG"
3156,"possibly",4,"ENG"
3157,"precautionary",4,"ENG"
3158,"preparedness",4,"ENG"
3159,"presence",4,"ENG"
3160,"presentation",4,"ENG"
3161,"presents",4,"ENG"
3162,"prevention",4,"ENG"
3163,"proceedings",4,"ENG"
3164,"proceeds",4,"ENG"
3165,"programme",4,"ENG"
3166,"promised",4,"ENG"
3167,"promises",4,"ENG"
3168,"pronounced",4,"ENG"
3169,"proper",4,"ENG"
3170,"properly",4,"ENG"
3171,"proposed",4,"ENG"
3172,"prospect",4,"ENG"
3173,"protecting",4,"ENG"
3174,"protection",4,"ENG"
3175,"protocols",4,"ENG"
3176,"psychological",4,"ENG"
3177,"publishing",4,"ENG"
3178,"punjab",4,"ENG"
3179,"pushed",4,"ENG"
3180,"quarterly",4,"ENG"
3181,"quest",4,"ENG"
3182,"questioning",4,"ENG"
3183,"quiet",4,"ENG"
3184,"quit",4,"ENG"
3185,"racial",4,"ENG"
3186,"radical",4,"ENG"
3187,"radio",4,"ENG"
3188,"raid",4,"ENG"
3189,"random",4,"ENG"
3190,"ranks",4,"ENG"
3191,"rapid",4,"ENG"
3192,"reads",4,"ENG"
3193,"realize",4,"ENG"
3194,"recommendation",4,"ENG"
3195,"recommended",4,"ENG"
3196,"recovering",4,"ENG"
3197,"reducing",4,"ENG"
3198,"reflect",4,"ENG"
3199,"refugees",4,"ENG"
3200,"refused",4,"ENG"
3201,"regional",4,"ENG"
3202,"regulation",4,"ENG"
3203,"relative",4,"ENG"
3204,"relatively",4,"ENG"
3205,"releases",4,"ENG"
3206,"remarkable",4,"ENG"
3207,"removing",4,"ENG"
3208,"renewed",4,"ENG"
3209,"reopened",4,"ENG"
3210,"rep",4,"ENG"
3211,"repair",4,"ENG"
3212,"repeated",4,"ENG"
3213,"replacement",4,"ENG"
3214,"reporters",4,"ENG"
3215,"represent",4,"ENG"
3216,"representing",4,"ENG"
3217,"republic",4,"ENG"
3218,"require",4,"ENG"
3219,"resignation",4,"ENG"
3220,"resort",4,"ENG"
3221,"resource",4,"ENG"
3222,"respective",4,"ENG"
3223,"retail",4,"ENG"
3224,"retirement",4,"ENG"
3225,"retreat",4,"ENG"
3226,"returns",4,"ENG"
3227,"revealing",4,"ENG"
3228,"revenue",4,"ENG"
3229,"reward",4,"ENG"
3230,"roads",4,"ENG"
3231,"rock",4,"ENG"
3232,"route",4,"ENG"
3233,"routine",4,"ENG"
3234,"ruling",4,"ENG"
3235,"runs",4,"ENG"
3236,"safer",4,"ENG"
3237,"salary",4,"ENG"
3238,"sanctions",4,"ENG"
3239,"sars",4,"ENG"
3240,"sat",4,"ENG"
3241,"scenario",4,"ENG"
3242,"schedule",4,"ENG"
3243,"seasons",4,"ENG"
3244,"seattle",4,"ENG"
3245,"secure",4,"ENG"
3246,"seeds",4,"ENG"
3247,"semester",4,"ENG"
3248,"sen",4,"ENG"
3249,"sending",4,"ENG"
3250,"seniors",4,"ENG"
3251,"seriously",4,"ENG"
3252,"serves",4,"ENG"
3253,"settings",4,"ENG"
3254,"severe",4,"ENG"
3255,"shaped",4,"ENG"
3256,"shipped",4,"ENG"
3257,"shoe",4,"ENG"
3258,"shop",4,"ENG"
3259,"shoppers",4,"ENG"
3260,"shortages",4,"ENG"
3261,"showcasing",4,"ENG"
3262,"shy",4,"ENG"
3263,"sir",4,"ENG"
3264,"size",4,"ENG"
3265,"ski",4,"ENG"
3266,"skill",4,"ENG"
3267,"slower",4,"ENG"
3268,"smoke",4,"ENG"
3269,"sneak",4,"ENG"
3270,"soccer",4,"ENG"
3271,"solve",4,"ENG"
3272,"somebody",4,"ENG"
3273,"soup",4,"ENG"
3274,"southeast",4,"ENG"
3275,"spanish",4,"ENG"
3276,"speaker",4,"ENG"
3277,"species",4,"ENG"
3278,"spike",4,"ENG"
3279,"spreading",4,"ENG"
3280,"staffing",4,"ENG"
3281,"standard",4,"ENG"
3282,"standing",4,"ENG"
3283,"startup",4,"ENG"
3284,"statements",4,"ENG"
3285,"statistics",4,"ENG"
3286,"steve",4,"ENG"
3287,"stressed",4,"ENG"
3288,"stretch",4,"ENG"
3289,"strict",4,"ENG"
3290,"strictly",4,"ENG"
3291,"strongly",4,"ENG"
3292,"struggle",4,"ENG"
3293,"stuff",4,"ENG"
3294,"submitted",4,"ENG"
3295,"substantial",4,"ENG"
3296,"suddenly",4,"ENG"
3297,"suffering",4,"ENG"
3298,"suggest",4,"ENG"
3299,"suit",4,"ENG"
3300,"surged",4,"ENG"
3301,"sustainable",4,"ENG"
3302,"sydney",4,"ENG"
3303,"tackle",4,"ENG"
3304,"tea",4,"ENG"
3305,"teaching",4,"ENG"
3306,"technical",4,"ENG"
3307,"temporarily",4,"ENG"
3308,"temporary",4,"ENG"
3309,"tend",4,"ENG"
3310,"tennessee",4,"ENG"
3311,"text",4,"ENG"
3312,"theater",4,"ENG"
3313,"theatre",4,"ENG"
3314,"theft",4,"ENG"
3315,"therapy",4,"ENG"
3316,"thinks",4,"ENG"
3317,"thousand",4,"ENG"
3318,"threatening",4,"ENG"
3319,"tight",4,"ENG"
3320,"tomorrow",4,"ENG"
3321,"tool",4,"ENG"
3322,"toronto",4,"ENG"
3323,"touch",4,"ENG"
3324,"tourists",4,"ENG"
3325,"towns",4,"ENG"
3326,"tracking",4,"ENG"
3327,"trading",4,"ENG"
3328,"traffic",4,"ENG"
3329,"tragedy",4,"ENG"
3330,"transit",4,"ENG"
3331,"tribunal",4,"ENG"
3332,"troops",4,"ENG"
3333,"tweet",4,"ENG"
3334,"ultimate",4,"ENG"
3335,"uncertainty",4,"ENG"
3336,"unions",4,"ENG"
3337,"unless",4,"ENG"
3338,"unlikely",4,"ENG"
3339,"unusual",4,"ENG"
3340,"updated",4,"ENG"
3341,"user",4,"ENG"
3342,"uses",4,"ENG"
3343,"utah",4,"ENG"
3344,"vaccines",4,"ENG"
3345,"vancouver",4,"ENG"
3346,"variety",4,"ENG"
3347,"vast",4,"ENG"
3348,"venture",4,"ENG"
3349,"vessels",4,"ENG"
3350,"victor",4,"ENG"
3351,"victories",4,"ENG"
3352,"videos",4,"ENG"
3353,"violate",4,"ENG"
3354,"visiting",4,"ENG"
3355,"volume",4,"ENG"
3356,"w",4,"ENG"
3357,"waits",4,"ENG"
3358,"waiver",4,"ENG"
3359,"walk",4,"ENG"
3360,"walmart",4,"ENG"
3361,"wanting",4,"ENG"
3362,"washing",4,"ENG"
3363,"waste",4,"ENG"
3364,"watched",4,"ENG"
3365,"weak",4,"ENG"
3366,"weekly",4,"ENG"
3367,"welfare",4,"ENG"
3368,"wellness",4,"ENG"
3369,"wells",4,"ENG"
3370,"windows",4,"ENG"
3371,"wing",4,"ENG"
3372,"wings",4,"ENG"
3373,"witnessed",4,"ENG"
3374,"wonderful",4,"ENG"
3375,"workforce",4,"ENG"
3376,"worship",4,"ENG"
3377,"wounded",4,"ENG"
3378,"wright",4,"ENG"
3379,"writers",4,"ENG"
3380,"wwe",4,"ENG"
3381,"yards",4,"ENG"
3382,"01",3,"ENG"
3383,"1000",3,"ENG"
3384,"124",3,"ENG"
3385,"1964",3,"ENG"
3386,"1975",3,"ENG"
3387,"1998",3,"ENG"
3388,"1999",3,"ENG"
3389,"2008",3,"ENG"
3390,"2010",3,"ENG"
3391,"30pm",3,"ENG"
3392,"350",3,"ENG"
3393,"3rd",3,"ENG"
3394,"450",3,"ENG"
3395,"52",3,"ENG"
3396,"59",3,"ENG"
3397,"61",3,"ENG"
3398,"64",3,"ENG"
3399,"650",3,"ENG"
3400,"66",3,"ENG"
3401,"72",3,"ENG"
3402,"7th",3,"ENG"
3403,"84",3,"ENG"
3404,"85",3,"ENG"
3405,"900",3,"ENG"
3406,"92",3,"ENG"
3407,"95",3,"ENG"
3408,"9th",3,"ENG"
3409,"ababa",3,"ENG"
3410,"abandoned",3,"ENG"
3411,"absorbed",3,"ENG"
3412,"abuja",3,"ENG"
3413,"abusive",3,"ENG"
3414,"academy",3,"ENG"
3415,"accepting",3,"ENG"
3416,"accessible",3,"ENG"
3417,"accident",3,"ENG"
3418,"accommodate",3,"ENG"
3419,"accomplish",3,"ENG"
3420,"accomplished",3,"ENG"
3421,"achieving",3,"ENG"
3422,"acquiring",3,"ENG"
3423,"activist",3,"ENG"
3424,"actors",3,"ENG"
3425,"adam",3,"ENG"
3426,"addis",3,"ENG"
3427,"addition",3,"ENG"
3428,"addressed",3,"ENG"
3429,"adelaide",3,"ENG"
3430,"adequately",3,"ENG"
3431,"adjust",3,"ENG"
3432,"adjusted",3,"ENG"
3433,"adjusting",3,"ENG"
3434,"administered",3,"ENG"
3435,"admittedly",3,"ENG"
3436,"advertising",3,"ENG"
3437,"adviser",3,"ENG"
3438,"advocates",3,"ENG"
3439,"affordable",3,"ENG"
3440,"afghanistan",3,"ENG"
3441,"afp",3,"ENG"
3442,"agent",3,"ENG"
3443,"ages",3,"ENG"
3444,"agricultural",3,"ENG"
3445,"ai",3,"ENG"
3446,"aide",3,"ENG"
3447,"aiken",3,"ENG"
3448,"ain",3,"ENG"
3449,"airbus",3,"ENG"
3450,"aired",3,"ENG"
3451,"alarm",3,"ENG"
3452,"alexander",3,"ENG"
3453,"alison",3,"ENG"
3454,"alliance",3,"ENG"
3455,"altogether",3,"ENG"
3456,"amber",3,"ENG"
3457,"ambitious",3,"ENG"
3458,"amy",3,"ENG"
3459,"anderson",3,"ENG"
3460,"angela",3,"ENG"
3461,"animated",3,"ENG"
3462,"ann",3,"ENG"
3463,"anna",3,"ENG"
3464,"anne",3,"ENG"
3465,"announce",3,"ENG"
3466,"answers",3,"ENG"
3467,"ant",3,"ENG"
3468,"antonio",3,"ENG"
3469,"anxiety",3,"ENG"
3470,"anytime",3,"ENG"
3471,"apartment",3,"ENG"
3472,"apparent",3,"ENG"
3473,"appearing",3,"ENG"
3474,"applying",3,"ENG"
3475,"appointment",3,"ENG"
3476,"appreciate",3,"ENG"
3477,"appreciation",3,"ENG"
3478,"apps",3,"ENG"
3479,"arc",3,"ENG"
3480,"arctic",3,"ENG"
3481,"arrival",3,"ENG"
3482,"arrive",3,"ENG"
3483,"arrives",3,"ENG"
3484,"arts",3,"ENG"
3485,"assam",3,"ENG"
3486,"assess",3,"ENG"
3487,"asset",3,"ENG"
3488,"assistance",3,"ENG"
3489,"associate",3,"ENG"
3490,"assume",3,"ENG"
3491,"assuming",3,"ENG"
3492,"atlanta",3,"ENG"
3493,"attempting",3,"ENG"
3494,"attendees",3,"ENG"
3495,"attending",3,"ENG"
3496,"attractive",3,"ENG"
3497,"aubrey",3,"ENG"
3498,"auction",3,"ENG"
3499,"austin",3,"ENG"
3500,"avail",3,"ENG"
3501,"awareness",3,"ENG"
3502,"azerbaijan",3,"ENG"
3503,"bachelor",3,"ENG"
3504,"backyard",3,"ENG"
3505,"bacteria",3,"ENG"
3506,"bailey",3,"ENG"
3507,"baker",3,"ENG"
3508,"banned",3,"ENG"
3509,"barcelona",3,"ENG"
3510,"barclays",3,"ENG"
3511,"barely",3,"ENG"
3512,"barker",3,"ENG"
3513,"barrel",3,"ENG"
3514,"barriers",3,"ENG"
3515,"bars",3,"ENG"
3516,"bathroom",3,"ENG"
3517,"bats",3,"ENG"
3518,"battleground",3,"ENG"
3519,"bayern",3,"ENG"
3520,"beans",3,"ENG"
3521,"bear",3,"ENG"
3522,"bed",3,"ENG"
3523,"bedroom",3,"ENG"
3524,"beds",3,"ENG"
3525,"behavior",3,"ENG"
3526,"beirut",3,"ENG"
3527,"belarus",3,"ENG"
3528,"belief",3,"ENG"
3529,"bell",3,"ENG"
3530,"beneath",3,"ENG"
3531,"bengal",3,"ENG"
3532,"benjamin",3,"ENG"
3533,"berlin",3,"ENG"
3534,"bernie",3,"ENG"
3535,"betting",3,"ENG"
3536,"betts",3,"ENG"
3537,"bikes",3,"ENG"
3538,"billionaire",3,"ENG"
3539,"billy",3,"ENG"
3540,"bin",3,"ENG"
3541,"birds",3,"ENG"
3542,"birmingham",3,"ENG"
3543,"bitcoin",3,"ENG"
3544,"blame",3,"ENG"
3545,"blasio",3,"ENG"
3546,"blow",3,"ENG"
3547,"boasts",3,"ENG"
3548,"bollywood",3,"ENG"
3549,"bomb",3,"ENG"
3550,"bone",3,"ENG"
3551,"bonuses",3,"ENG"
3552,"bottle",3,"ENG"
3553,"bought",3,"ENG"
3554,"boundaries",3,"ENG"
3555,"bourbon",3,"ENG"
3556,"bradley",3,"ENG"
3557,"brave",3,"ENG"
3558,"bread",3,"ENG"
3559,"breath",3,"ENG"
3560,"breathing",3,"ENG"
3561,"brendan",3,"ENG"
3562,"brick",3,"ENG"
3563,"brief",3,"ENG"
3564,"briefly",3,"ENG"
3565,"brien",3,"ENG"
3566,"brilliant",3,"ENG"
3567,"brisbane",3,"ENG"
3568,"broader",3,"ENG"
3569,"broadway",3,"ENG"
3570,"brothers",3,"ENG"
3571,"bryan",3,"ENG"
3572,"bryant",3,"ENG"
3573,"buhari",3,"ENG"
3574,"burden",3,"ENG"
3575,"burn",3,"ENG"
3576,"byron",3,"ENG"
3577,"cabot",3,"ENG"
3578,"cairo",3,"ENG"
3579,"cal",3,"ENG"
3580,"calgary",3,"ENG"
3581,"callahan",3,"ENG"
3582,"cameras",3,"ENG"
3583,"cameron",3,"ENG"
3584,"camps",3,"ENG"
3585,"cancellation",3,"ENG"
3586,"cancer",3,"ENG"
3587,"canyon",3,"ENG"
3588,"cap",3,"ENG"
3589,"capabilities",3,"ENG"
3590,"capped",3,"ENG"
3591,"captured",3,"ENG"
3592,"carefully",3,"ENG"
3593,"carpet",3,"ENG"
3594,"carter",3,"ENG"
3595,"casualty",3,"ENG"
3596,"catholic",3,"ENG"
3597,"cattle",3,"ENG"
3598,"ceasefire",3,"ENG"
3599,"cebu",3,"ENG"
3600,"celebrate",3,"ENG"
3601,"celebrities",3,"ENG"
3602,"cell",3,"ENG"
3603,"certified",3,"ENG"
3604,"challenged",3,"ENG"
3605,"chamber",3,"ENG"
3606,"champion",3,"ENG"
3607,"championships",3,"ENG"
3608,"chaos",3,"ENG"
3609,"chapter",3,"ENG"
3610,"chargers",3,"ENG"
3611,"charities",3,"ENG"
3612,"charlotte",3,"ENG"
3613,"checks",3,"ENG"
3614,"cheese",3,"ENG"
3615,"chemicals",3,"ENG"
3616,"chemistry",3,"ENG"
3617,"childcare",3,"ENG"
3618,"chill",3,"ENG"
3619,"chips",3,"ENG"
3620,"choosing",3,"ENG"
3621,"chose",3,"ENG"
3622,"christ",3,"ENG"
3623,"christians",3,"ENG"
3624,"cindy",3,"ENG"
3625,"circle",3,"ENG"
3626,"circuit",3,"ENG"
3627,"civilians",3,"ENG"
3628,"claimed",3,"ENG"
3629,"clarence",3,"ENG"
3630,"classical",3,"ENG"
3631,"cleaning",3,"ENG"
3632,"clifford",3,"ENG"
3633,"clinic",3,"ENG"
3634,"clip",3,"ENG"
3635,"clubs",3,"ENG"
3636,"clue",3,"ENG"
3637,"coin",3,"ENG"
3638,"cole",3,"ENG"
3639,"coleman",3,"ENG"
3640,"colin",3,"ENG"
3641,"collin",3,"ENG"
3642,"columbus",3,"ENG"
3643,"comfortable",3,"ENG"
3644,"comics",3,"ENG"
3645,"commissioned",3,"ENG"
3646,"committing",3,"ENG"
3647,"communicable",3,"ENG"
3648,"commuters",3,"ENG"
3649,"compassionate",3,"ENG"
3650,"compensation",3,"ENG"
3651,"competing",3,"ENG"
3652,"complained",3,"ENG"
3653,"complaint",3,"ENG"
3654,"concert",3,"ENG"
3655,"concluded",3,"ENG"
3656,"conducting",3,"ENG"
3657,"confidential",3,"ENG"
3658,"confirm",3,"ENG"
3659,"conflict",3,"ENG"
3660,"conflicting",3,"ENG"
3661,"confronted",3,"ENG"
3662,"consistent",3,"ENG"
3663,"constable",3,"ENG"
3664,"consumption",3,"ENG"
3665,"contacted",3,"ENG"
3666,"contemporary",3,"ENG"
3667,"contests",3,"ENG"
3668,"contributions",3,"ENG"
3669,"controls",3,"ENG"
3670,"converted",3,"ENG"
3671,"cooler",3,"ENG"
3672,"corey",3,"ENG"
3673,"corporation",3,"ENG"
3674,"correspondent",3,"ENG"
3675,"cory",3,"ENG"
3676,"cottage",3,"ENG"
3677,"counted",3,"ENG"
3678,"countless",3,"ENG"
3679,"courthouse",3,"ENG"
3680,"coverings",3,"ENG"
3681,"crashes",3,"ENG"
3682,"crazy",3,"ENG"
3683,"creepy",3,"ENG"
3684,"cricket",3,"ENG"
3685,"cried",3,"ENG"
3686,"criteria",3,"ENG"
3687,"criticized",3,"ENG"
3688,"critics",3,"ENG"
3689,"cronin",3,"ENG"
3690,"culinary",3,"ENG"
3691,"cultural",3,"ENG"
3692,"curb",3,"ENG"
3693,"curbing",3,"ENG"
3694,"custody",3,"ENG"
3695,"dallas",3,"ENG"
3696,"dangerous",3,"ENG"
3697,"dated",3,"ENG"
3698,"dawn",3,"ENG"
3699,"dealing",3,"ENG"
3700,"dean",3,"ENG"
3701,"debts",3,"ENG"
3702,"decide",3,"ENG"
3703,"deck",3,"ENG"
3704,"declare",3,"ENG"
3705,"decreased",3,"ENG"
3706,"deeper",3,"ENG"
3707,"defeated",3,"ENG"
3708,"defender",3,"ENG"
3709,"defending",3,"ENG"
3710,"deficit",3,"ENG"
3711,"definition",3,"ENG"
3712,"degeneres",3,"ENG"
3713,"degree",3,"ENG"
3714,"delaware",3,"ENG"
3715,"delegation",3,"ENG"
3716,"delicious",3,"ENG"
3717,"delivering",3,"ENG"
3718,"democrat",3,"ENG"
3719,"demonstrated",3,"ENG"
3720,"demonstrations",3,"ENG"
3721,"dennis",3,"ENG"
3722,"denver",3,"ENG"
3723,"deny",3,"ENG"
3724,"deployed",3,"ENG"
3725,"depth",3,"ENG"
3726,"derek",3,"ENG"
3727,"description",3,"ENG"
3728,"despair",3,"ENG"
3729,"destinations",3,"ENG"
3730,"destroyed",3,"ENG"
3731,"destruction",3,"ENG"
3732,"detail",3,"ENG"
3733,"detention",3,"ENG"
3734,"detroit",3,"ENG"
3735,"dhabi",3,"ENG"
3736,"dialogue",3,"ENG"
3737,"differently",3,"ENG"
3738,"direction",3,"ENG"
3739,"disappointed",3,"ENG"
3740,"disappointing",3,"ENG"
3741,"discover",3,"ENG"
3742,"dismissed",3,"ENG"
3743,"disputes",3,"ENG"
3744,"distress",3,"ENG"
3745,"distressed",3,"ENG"
3746,"diversity",3,"ENG"
3747,"dividend",3,"ENG"
3748,"documented",3,"ENG"
3749,"doj",3,"ENG"
3750,"dominic",3,"ENG"
3751,"donate",3,"ENG"
3752,"donated",3,"ENG"
3753,"donating",3,"ENG"
3754,"doubt",3,"ENG"
3755,"downing",3,"ENG"
3756,"dramatic",3,"ENG"
3757,"dramatically",3,"ENG"
3758,"dreams",3,"ENG"
3759,"dress",3,"ENG"
3760,"dresses",3,"ENG"
3761,"dropping",3,"ENG"
3762,"drove",3,"ENG"
3763,"dump",3,"ENG"
3764,"dutch",3,"ENG"
3765,"earbuds",3,"ENG"
3766,"earth",3,"ENG"
3767,"easier",3,"ENG"
3768,"eats",3,"ENG"
3769,"ed",3,"ENG"
3770,"edmonton",3,"ENG"
3771,"edward",3,"ENG"
3772,"edwards",3,"ENG"
3773,"ekers",3,"ENG"
3774,"electricity",3,"ENG"
3775,"eliminate",3,"ENG"
3776,"elimination",3,"ENG"
3777,"emma",3,"ENG"
3778,"emotional",3,"ENG"
3779,"empathy",3,"ENG"
3780,"enable",3,"ENG"
3781,"ends",3,"ENG"
3782,"enemies",3,"ENG"
3783,"enhance",3,"ENG"
3784,"ensured",3,"ENG"
3785,"entering",3,"ENG"
3786,"entrepreneurs",3,"ENG"
3787,"equities",3,"ENG"
3788,"escaped",3,"ENG"
3789,"espn",3,"ENG"
3790,"essentially",3,"ENG"
3791,"establish",3,"ENG"
3792,"et",3,"ENG"
3793,"ethnic",3,"ENG"
3794,"euro",3,"ENG"
3795,"exact",3,"ENG"
3796,"examination",3,"ENG"
3797,"exceed",3,"ENG"
3798,"exceeds",3,"ENG"
3799,"exchanges",3,"ENG"
3800,"exciting",3,"ENG"
3801,"exclusion",3,"ENG"
3802,"exclusively",3,"ENG"
3803,"excuses",3,"ENG"
3804,"exhibition",3,"ENG"
3805,"exist",3,"ENG"
3806,"expensive",3,"ENG"
3807,"explain",3,"ENG"
3808,"extended",3,"ENG"
3809,"extending",3,"ENG"
3810,"extradition",3,"ENG"
3811,"factors",3,"ENG"
3812,"facts",3,"ENG"
3813,"falls",3,"ENG"
3814,"fame",3,"ENG"
3815,"fatalities",3,"ENG"
3816,"fate",3,"ENG"
3817,"fauci",3,"ENG"
3818,"favour",3,"ENG"
3819,"fda",3,"ENG"
3820,"featured",3,"ENG"
3821,"federation",3,"ENG"
3822,"feed",3,"ENG"
3823,"felony",3,"ENG"
3824,"fence",3,"ENG"
3825,"festive",3,"ENG"
3826,"fewer",3,"ENG"
3827,"fiasco",3,"ENG"
3828,"fighter",3,"ENG"
3829,"filings",3,"ENG"
3830,"fill",3,"ENG"
3831,"filming",3,"ENG"
3832,"firefighters",3,"ENG"
3833,"fiscal",3,"ENG"
3834,"flash",3,"ENG"
3835,"flat",3,"ENG"
3836,"flights",3,"ENG"
3837,"flood",3,"ENG"
3838,"flooded",3,"ENG"
3839,"flooding",3,"ENG"
3840,"focusing",3,"ENG"
3841,"follows",3,"ENG"
3842,"forests",3,"ENG"
3843,"forgotten",3,"ENG"
3844,"formal",3,"ENG"
3845,"forms",3,"ENG"
3846,"fort",3,"ENG"
3847,"forthcoming",3,"ENG"
3848,"forum",3,"ENG"
3849,"fragile",3,"ENG"
3850,"frank",3,"ENG"
3851,"freezing",3,"ENG"
3852,"frequently",3,"ENG"
3853,"freshman",3,"ENG"
3854,"funded",3,"ENG"
3855,"funny",3,"ENG"
3856,"g",3,"ENG"
3857,"gained",3,"ENG"
3858,"gains",3,"ENG"
3859,"gaming",3,"ENG"
3860,"garcia",3,"ENG"
3861,"garden",3,"ENG"
3862,"garrison",3,"ENG"
3863,"generate",3,"ENG"
3864,"globally",3,"ENG"
3865,"globe",3,"ENG"
3866,"goose",3,"ENG"
3867,"governors",3,"ENG"
3868,"govt",3,"ENG"
3869,"grace",3,"ENG"
3870,"graduate",3,"ENG"
3871,"grand",3,"ENG"
3872,"grandchildren",3,"ENG"
3873,"grandparents",3,"ENG"
3874,"grocery",3,"ENG"
3875,"gross",3,"ENG"
3876,"grows",3,"ENG"
3877,"guaranteed",3,"ENG"
3878,"guards",3,"ENG"
3879,"guest",3,"ENG"
3880,"gut",3,"ENG"
3881,"guy",3,"ENG"
3882,"guyana",3,"ENG"
3883,"habit",3,"ENG"
3884,"hammer",3,"ENG"
3885,"handle",3,"ENG"
3886,"handling",3,"ENG"
3887,"hanging",3,"ENG"
3888,"hardly",3,"ENG"
3889,"hawks",3,"ENG"
3890,"hay",3,"ENG"
3891,"headline",3,"ENG"
3892,"headquarters",3,"ENG"
3893,"healing",3,"ENG"
3894,"hectare",3,"ENG"
3895,"hedge",3,"ENG"
3896,"helps",3,"ENG"
3897,"heroes",3,"ENG"
3898,"hike",3,"ENG"
3899,"hills",3,"ENG"
3900,"hint",3,"ENG"
3901,"hired",3,"ENG"
3902,"hits",3,"ENG"
3903,"holidays",3,"ENG"
3904,"holy",3,"ENG"
3905,"homage",3,"ENG"
3906,"homeless",3,"ENG"
3907,"honda",3,"ENG"
3908,"hopeful",3,"ENG"
3909,"horses",3,"ENG"
3910,"hospitalizations",3,"ENG"
3911,"hospitalized",3,"ENG"
3912,"hotline",3,"ENG"
3913,"hse",3,"ENG"
3914,"humanitarian",3,"ENG"
3915,"humans",3,"ENG"
3916,"id",3,"ENG"
3917,"identical",3,"ENG"
3918,"illinois",3,"ENG"
3919,"impacts",3,"ENG"
3920,"impaired",3,"ENG"
3921,"importance",3,"ENG"
3922,"imported",3,"ENG"
3923,"impossible",3,"ENG"
3924,"improving",3,"ENG"
3925,"inadequate",3,"ENG"
3926,"inch",3,"ENG"
3927,"incompetence",3,"ENG"
3928,"incomplete",3,"ENG"
3929,"incumbent",3,"ENG"
3930,"independence",3,"ENG"
3931,"indicates",3,"ENG"
3932,"indoors",3,"ENG"
3933,"inform",3,"ENG"
3934,"input",3,"ENG"
3935,"insists",3,"ENG"
3936,"inspector",3,"ENG"
3937,"inspired",3,"ENG"
3938,"installed",3,"ENG"
3939,"institutions",3,"ENG"
3940,"intentions",3,"ENG"
3941,"interfering",3,"ENG"
3942,"interior",3,"ENG"
3943,"internal",3,"ENG"
3944,"intersection",3,"ENG"
3945,"introducing",3,"ENG"
3946,"inventory",3,"ENG"
3947,"investments",3,"ENG"
3948,"investor",3,"ENG"
3949,"involve",3,"ENG"
3950,"irish",3,"ENG"
3951,"islamic",3,"ENG"
3952,"islands",3,"ENG"
3953,"israeli",3,"ENG"
3954,"jacket",3,"ENG"
3955,"jason",3,"ENG"
3956,"jay",3,"ENG"
3957,"jeffrey",3,"ENG"
3958,"jill",3,"ENG"
3959,"jordan",3,"ENG"
3960,"joseph",3,"ENG"
3961,"josh",3,"ENG"
3962,"journal",3,"ENG"
3963,"katie",3,"ENG"
3964,"kelly",3,"ENG"
3965,"kicked",3,"ENG"
3966,"kilometres",3,"ENG"
3967,"kim",3,"ENG"
3968,"kissing",3,"ENG"
3969,"knock",3,"ENG"
3970,"landing",3,"ENG"
3971,"las",3,"ENG"
3972,"lasting",3,"ENG"
3973,"lawmaker",3,"ENG"
3974,"lawn",3,"ENG"
3975,"layering",3,"ENG"
3976,"leather",3,"ENG"
3977,"lebanon",3,"ENG"
3978,"legendary",3,"ENG"
3979,"legion",3,"ENG"
3980,"legislative",3,"ENG"
3981,"legislators",3,"ENG"
3982,"leicester",3,"ENG"
3983,"leipzig",3,"ENG"
3984,"lessons",3,"ENG"
3985,"letting",3,"ENG"
3986,"liability",3,"ENG"
3987,"licensing",3,"ENG"
3988,"lift",3,"ENG"
3989,"lighting",3,"ENG"
3990,"lightly",3,"ENG"
3991,"limits",3,"ENG"
3992,"limpopo",3,"ENG"
3993,"listening",3,"ENG"
3994,"livelihood",3,"ENG"
3995,"load",3,"ENG"
3996,"loans",3,"ENG"
3997,"lock",3,"ENG"
3998,"lockdowns",3,"ENG"
3999,"lodge",3,"ENG"
4000,"loose",3,"ENG"
4001,"lord",3,"ENG"
4002,"lottery",3,"ENG"
4003,"louisiana",3,"ENG"
4004,"luck",3,"ENG"
4005,"luxury",3,"ENG"
4006,"lying",3,"ENG"
4007,"lynn",3,"ENG"
4008,"maine",3,"ENG"
4009,"maintained",3,"ENG"
4010,"maker",3,"ENG"
4011,"managers",3,"ENG"
4012,"managing",3,"ENG"
4013,"manner",3,"ENG"
4014,"manufacturers",3,"ENG"
4015,"manufacturing",3,"ENG"
4016,"margaret",3,"ENG"
4017,"margin",3,"ENG"
4018,"maria",3,"ENG"
4019,"marine",3,"ENG"
4020,"marks",3,"ENG"
4021,"mary",3,"ENG"
4022,"matthew",3,"ENG"
4023,"meals",3,"ENG"
4024,"meanwhile",3,"ENG"
4025,"medicare",3,"ENG"
4026,"medium",3,"ENG"
4027,"meghan",3,"ENG"
4028,"melbourne",3,"ENG"
4029,"mentally",3,"ENG"
4030,"mention",3,"ENG"
4031,"mentor",3,"ENG"
4032,"merit",3,"ENG"
4033,"metre",3,"ENG"
4034,"miami",3,"ENG"
4035,"microsoft",3,"ENG"
4036,"midlands",3,"ENG"
4037,"migrants",3,"ENG"
4038,"migration",3,"ENG"
4039,"ministerial",3,"ENG"
4040,"mitchell",3,"ENG"
4041,"mom",3,"ENG"
4042,"moments",3,"ENG"
4043,"monetary",3,"ENG"
4044,"monitors",3,"ENG"
4045,"moore",3,"ENG"
4046,"mosques",3,"ENG"
4047,"motion",3,"ENG"
4048,"mps",3,"ENG"
4049,"muhammad",3,"ENG"
4050,"multi",3,"ENG"
4051,"mum",3,"ENG"
4052,"mumbai",3,"ENG"
4053,"munich",3,"ENG"
4054,"mural",3,"ENG"
4055,"murphy",3,"ENG"
4056,"murray",3,"ENG"
4057,"musician",3,"ENG"
4058,"nabbed",3,"ENG"
4059,"nationally",3,"ENG"
4060,"nationals",3,"ENG"
4061,"nato",3,"ENG"
4062,"nba",3,"ENG"
4063,"ncaa",3,"ENG"
4064,"negotiations",3,"ENG"
4065,"neighbourhood",3,"ENG"
4066,"neutral",3,"ENG"
4067,"newest",3,"ENG"
4068,"newfoundland",3,"ENG"
4069,"newman",3,"ENG"
4070,"newspaper",3,"ENG"
4071,"nhl",3,"ENG"
4072,"niche",3,"ENG"
4073,"nintendo",3,"ENG"
4074,"nominees",3,"ENG"
4075,"normality",3,"ENG"
4076,"northeast",3,"ENG"
4077,"notes",3,"ENG"
4078,"noting",3,"ENG"
4079,"numerous",3,"ENG"
4080,"nurse",3,"ENG"
4081,"oak",3,"ENG"
4082,"objects",3,"ENG"
4083,"observe",3,"ENG"
4084,"obvious",3,"ENG"
4085,"obviously",3,"ENG"
4086,"occurs",3,"ENG"
4087,"odd",3,"ENG"
4088,"offences",3,"ENG"
4089,"offenders",3,"ENG"
4090,"offensive",3,"ENG"
4091,"offerings",3,"ENG"
4092,"offshore",3,"ENG"
4093,"olympic",3,"ENG"
4094,"op",3,"ENG"
4095,"operator",3,"ENG"
4096,"opportunities",3,"ENG"
4097,"optimism",3,"ENG"
4098,"optimistic",3,"ENG"
4099,"orange",3,"ENG"
4100,"ordinary",3,"ENG"
4101,"oriented",3,"ENG"
4102,"origin",3,"ENG"
4103,"outcome",3,"ENG"
4104,"overnight",3,"ENG"
4105,"overwhelmed",3,"ENG"
4106,"packaging",3,"ENG"
4107,"papers",3,"ENG"
4108,"parent",3,"ENG"
4109,"pdp",3,"ENG"
4110,"peaceful",3,"ENG"
4111,"pedestrian",3,"ENG"
4112,"pending",3,"ENG"
4113,"peoples",3,"ENG"
4114,"percentage",3,"ENG"
4115,"performed",3,"ENG"
4116,"perspective",3,"ENG"
4117,"pete",3,"ENG"
4118,"peyton",3,"ENG"
4119,"pfizer",3,"ENG"
4120,"pga",3,"ENG"
4121,"philip",3,"ENG"
4122,"philippine",3,"ENG"
4123,"philippines",3,"ENG"
4124,"phones",3,"ENG"
4125,"photographs",3,"ENG"
4126,"phrase",3,"ENG"
4127,"physics",3,"ENG"
4128,"pieces",3,"ENG"
4129,"pillow",3,"ENG"
4130,"pills",3,"ENG"
4131,"pioneer",3,"ENG"
4132,"placed",3,"ENG"
4133,"planet",3,"ENG"
4134,"planting",3,"ENG"
4135,"plc",3,"ENG"
4136,"pollard",3,"ENG"
4137,"positioned",3,"ENG"
4138,"postal",3,"ENG"
4139,"potato",3,"ENG"
4140,"poultry",3,"ENG"
4141,"pound",3,"ENG"
4142,"pounds",3,"ENG"
4143,"powered",3,"ENG"
4144,"pray",3,"ENG"
4145,"precautions",3,"ENG"
4146,"predict",3,"ENG"
4147,"premises",3,"ENG"
4148,"preparing",3,"ENG"
4149,"preserve",3,"ENG"
4150,"principle",3,"ENG"
4151,"prioritize",3,"ENG"
4152,"priority",3,"ENG"
4153,"privilege",3,"ENG"
4154,"procurement",3,"ENG"
4155,"professionals",3,"ENG"
4156,"profile",3,"ENG"
4157,"programmes",3,"ENG"
4158,"prominent",3,"ENG"
4159,"promotion",3,"ENG"
4160,"prompted",3,"ENG"
4161,"propaganda",3,"ENG"
4162,"proportion",3,"ENG"
4163,"proposal",3,"ENG"
4164,"prosecutor",3,"ENG"
4165,"protections",3,"ENG"
4166,"protocol",3,"ENG"
4167,"publicly",3,"ENG"
4168,"pulling",3,"ENG"
4169,"purchased",3,"ENG"
4170,"purely",3,"ENG"
4171,"pursue",3,"ENG"
4172,"qb",3,"ENG"
4173,"qualified",3,"ENG"
4174,"quarterback",3,"ENG"
4175,"queer",3,"ENG"
4176,"questionable",3,"ENG"
4177,"questioned",3,"ENG"
4178,"r",3,"ENG"
4179,"rage",3,"ENG"
4180,"railway",3,"ENG"
4181,"ramp",3,"ENG"
4182,"rangers",3,"ENG"
4183,"ranging",3,"ENG"
4184,"ratio",3,"ENG"
4185,"react",3,"ENG"
4186,"reacted",3,"ENG"
4187,"reasonable",3,"ENG"
4188,"rebounds",3,"ENG"
4189,"recalled",3,"ENG"
4190,"receiver",3,"ENG"
4191,"recession",3,"ENG"
4192,"recipient",3,"ENG"
4193,"recognized",3,"ENG"
4194,"recommendations",3,"ENG"
4195,"recording",3,"ENG"
4196,"records",3,"ENG"
4197,"recoveries",3,"ENG"
4198,"reflecting",3,"ENG"
4199,"reforestation",3,"ENG"
4200,"reggae",3,"ENG"
4201,"relate",3,"ENG"
4202,"relied",3,"ENG"
4203,"relies",3,"ENG"
4204,"remaining",3,"ENG"
4205,"renewable",3,"ENG"
4206,"repeatedly",3,"ENG"
4207,"replace",3,"ENG"
4208,"reporter",3,"ENG"
4209,"representative",3,"ENG"
4210,"requested",3,"ENG"
4211,"residence",3,"ENG"
4212,"residential",3,"ENG"
4213,"resistance",3,"ENG"
4214,"respectively",3,"ENG"
4215,"responders",3,"ENG"
4216,"responsibility",3,"ENG"
4217,"resume",3,"ENG"
4218,"reuters",3,"ENG"
4219,"reveal",3,"ENG"
4220,"reviewing",3,"ENG"
4221,"richer",3,"ENG"
4222,"riot",3,"ENG"
4223,"robertson",3,"ENG"
4224,"rolled",3,"ENG"
4225,"roof",3,"ENG"
4226,"roster",3,"ENG"
4227,"rough",3,"ENG"
4228,"ruled",3,"ENG"
4229,"rushed",3,"ENG"
4230,"ryan",3,"ENG"
4231,"sale",3,"ENG"
4232,"sam",3,"ENG"
4233,"samsung",3,"ENG"
4234,"scammers",3,"ENG"
4235,"scarce",3,"ENG"
4236,"scientific",3,"ENG"
4237,"scores",3,"ENG"
4238,"scottish",3,"ENG"
4239,"scrambling",3,"ENG"
4240,"scrutiny",3,"ENG"
4241,"searches",3,"ENG"
4242,"searching",3,"ENG"
4243,"seconds",3,"ENG"
4244,"section",3,"ENG"
4245,"secular",3,"ENG"
4246,"seized",3,"ENG"
4247,"semi",3,"ENG"
4248,"sentences",3,"ENG"
4249,"sentiment",3,"ENG"
4250,"sesame",3,"ENG"
4251,"sets",3,"ENG"
4252,"shifted",3,"ENG"
4253,"shifting",3,"ENG"
4254,"shoes",3,"ENG"
4255,"shoot",3,"ENG"
4256,"shortage",3,"ENG"
4257,"shorten",3,"ENG"
4258,"shots",3,"ENG"
4259,"shoulders",3,"ENG"
4260,"sidewalks",3,"ENG"
4261,"signed",3,"ENG"
4262,"silent",3,"ENG"
4263,"silver",3,"ENG"
4264,"sits",3,"ENG"
4265,"sixth",3,"ENG"
4266,"skeleton",3,"ENG"
4267,"skilled",3,"ENG"
4268,"skip",3,"ENG"
4269,"skywalker",3,"ENG"
4270,"sleeping",3,"ENG"
4271,"slightly",3,"ENG"
4272,"slip",3,"ENG"
4273,"slowed",3,"ENG"
4274,"sluggish",3,"ENG"
4275,"smart",3,"ENG"
4276,"smell",3,"ENG"
4277,"sneeze",3,"ENG"
4278,"soap",3,"ENG"
4279,"soaring",3,"ENG"
4280,"sobering",3,"ENG"
4281,"socially",3,"ENG"
4282,"soft",3,"ENG"
4283,"soldier",3,"ENG"
4284,"soldiers",3,"ENG"
4285,"solution",3,"ENG"
4286,"somewhere",3,"ENG"
4287,"sop",3,"ENG"
4288,"sounding",3,"ENG"
4289,"soundtrack",3,"ENG"
4290,"sox",3,"ENG"
4291,"spaces",3,"ENG"
4292,"specialist",3,"ENG"
4293,"sponsored",3,"ENG"
4294,"spots",3,"ENG"
4295,"sprayed",3,"ENG"
4296,"squad",3,"ENG"
4297,"stable",3,"ENG"
4298,"stacked",3,"ENG"
4299,"stark",3,"ENG"
4300,"stars",3,"ENG"
4301,"stations",3,"ENG"
4302,"statue",3,"ENG"
4303,"stays",3,"ENG"
4304,"steel",3,"ENG"
4305,"steering",3,"ENG"
4306,"stepped",3,"ENG"
4307,"stepping",3,"ENG"
4308,"stevens",3,"ENG"
4309,"stick",3,"ENG"
4310,"stimulus",3,"ENG"
4311,"stolen",3,"ENG"
4312,"stone",3,"ENG"
4313,"storms",3,"ENG"
4314,"stormy",3,"ENG"
4315,"strain",3,"ENG"
4316,"strange",3,"ENG"
4317,"strategically",3,"ENG"
4318,"strategies",3,"ENG"
4319,"striker",3,"ENG"
4320,"structure",3,"ENG"
4321,"struggled",3,"ENG"
4322,"stuck",3,"ENG"
4323,"styles",3,"ENG"
4324,"subjects",3,"ENG"
4325,"successor",3,"ENG"
4326,"sun",3,"ENG"
4327,"superior",3,"ENG"
4328,"supermarkets",3,"ENG"
4329,"surrounding",3,"ENG"
4330,"surveillance",3,"ENG"
4331,"sussex",3,"ENG"
4332,"swimming",3,"ENG"
4333,"swiss",3,"ENG"
4334,"tables",3,"ENG"
4335,"takeover",3,"ENG"
4336,"tale",3,"ENG"
4337,"talents",3,"ENG"
4338,"targets",3,"ENG"
4339,"tariffs",3,"ENG"
4340,"teammates",3,"ENG"
4341,"teeth",3,"ENG"
4342,"tehran",3,"ENG"
4343,"ten",3,"ENG"
4344,"tensions",3,"ENG"
4345,"territory",3,"ENG"
4346,"therapeutics",3,"ENG"
4347,"therefore",3,"ENG"
4348,"thirty",3,"ENG"
4349,"tigray",3,"ENG"
4350,"till",3,"ENG"
4351,"tiny",3,"ENG"
4352,"titles",3,"ENG"
4353,"tom",3,"ENG"
4354,"tonight",3,"ENG"
4355,"tons",3,"ENG"
4356,"tools",3,"ENG"
4357,"topped",3,"ENG"
4358,"totally",3,"ENG"
4359,"tougher",3,"ENG"
4360,"tourist",3,"ENG"
4361,"tracker",3,"ENG"
4362,"trafficking",3,"ENG"
4363,"tragic",3,"ENG"
4364,"train",3,"ENG"
4365,"transferred",3,"ENG"
4366,"transported",3,"ENG"
4367,"travelled",3,"ENG"
4368,"travellers",3,"ENG"
4369,"travelling",3,"ENG"
4370,"treat",3,"ENG"
4371,"treatments",3,"ENG"
4372,"trends",3,"ENG"
4373,"trials",3,"ENG"
4374,"trick",3,"ENG"
4375,"tries",3,"ENG"
4376,"trophy",3,"ENG"
4377,"turkey",3,"ENG"
4378,"turns",3,"ENG"
4379,"twelve",3,"ENG"
4380,"twist",3,"ENG"
4381,"twists",3,"ENG"
4382,"un",3,"ENG"
4383,"understands",3,"ENG"
4384,"unidentified",3,"ENG"
4385,"universe",3,"ENG"
4386,"universities",3,"ENG"
4387,"unveiled",3,"ENG"
4388,"upgraded",3,"ENG"
4389,"uphold",3,"ENG"
4390,"urban",3,"ENG"
4391,"urgent",3,"ENG"
4392,"vacation",3,"ENG"
4393,"vacuum",3,"ENG"
4394,"valentine",3,"ENG"
4395,"valuable",3,"ENG"
4396,"vegas",3,"ENG"
4397,"venue",3,"ENG"
4398,"veteran",3,"ENG"
4399,"vigorously",3,"ENG"
4400,"violated",3,"ENG"
4401,"violating",3,"ENG"
4402,"violent",3,"ENG"
4403,"vitamin",3,"ENG"
4404,"voice",3,"ENG"
4405,"von",3,"ENG"
4406,"walls",3,"ENG"
4407,"wally",3,"ENG"
4408,"wanna",3,"ENG"
4409,"wary",3,"ENG"
4410,"wash",3,"ENG"
4411,"weaker",3,"ENG"
4412,"weren",3,"ENG"
4413,"whatsapp",3,"ENG"
4414,"whenever",3,"ENG"
4415,"wildlife",3,"ENG"
4416,"williams",3,"ENG"
4417,"wine",3,"ENG"
4418,"winners",3,"ENG"
4419,"winnipeg",3,"ENG"
4420,"wireless",3,"ENG"
4421,"wishes",3,"ENG"
4422,"withdraw",3,"ENG"
4423,"wolf",3,"ENG"
4424,"woods",3,"ENG"
4425,"workplace",3,"ENG"
4426,"writer",3,"ENG"
4427,"wyoming",3,"ENG"
4428,"xi",3,"ENG"
4429,"yield",3,"ENG"
4430,"yoga",3,"ENG"
4431,"zoom",3,"ENG"
4432,"02",2,"ENG"
4433,"063",2,"ENG"
4434,"105",2,"ENG"
4435,"10am",2,"ENG"
4436,"110",2,"ENG"
4437,"116",2,"ENG"
4438,"125",2,"ENG"
4439,"131",2,"ENG"
4440,"132",2,"ENG"
4441,"139",2,"ENG"
4442,"13th",2,"ENG"
4443,"153",2,"ENG"
4444,"15th",2,"ENG"
4445,"170",2,"ENG"
4446,"17th",2,"ENG"
4447,"180",2,"ENG"
4448,"1800",2,"ENG"
4449,"186",2,"ENG"
4450,"1948",2,"ENG"
4451,"1960",2,"ENG"
4452,"1969",2,"ENG"
4453,"1970s",2,"ENG"
4454,"1973",2,"ENG"
4455,"1980s",2,"ENG"
4456,"1984",2,"ENG"
4457,"1993",2,"ENG"
4458,"1995",2,"ENG"
4459,"19th",2,"ENG"
4460,"2000s",2,"ENG"
4461,"2003",2,"ENG"
4462,"2006",2,"ENG"
4463,"2022",2,"ENG"
4464,"20th",2,"ENG"
4465,"220",2,"ENG"
4466,"227",2,"ENG"
4467,"23rd",2,"ENG"
4468,"240",2,"ENG"
4469,"24th",2,"ENG"
4470,"25th",2,"ENG"
4471,"260",2,"ENG"
4472,"27th",2,"ENG"
4473,"280",2,"ENG"
4474,"28th",2,"ENG"
4475,"325",2,"ENG"
4476,"362",2,"ENG"
4477,"400",2,"ENG"
4478,"440",2,"ENG"
4479,"525",2,"ENG"
4480,"530",2,"ENG"
4481,"5700",2,"ENG"
4482,"5g",2,"ENG"
4483,"609",2,"ENG"
4484,"67",2,"ENG"
4485,"69",2,"ENG"
4486,"692",2,"ENG"
4487,"6th",2,"ENG"
4488,"76",2,"ENG"
4489,"77",2,"ENG"
4490,"81",2,"ENG"
4491,"87",2,"ENG"
4492,"88",2,"ENG"
4493,"89",2,"ENG"
4494,"94",2,"ENG"
4495,"96",2,"ENG"
4496,"aa",2,"ENG"
4497,"aana",2,"ENG"
4498,"abby",2,"ENG"
4499,"aberdeen",2,"ENG"
4500,"abigail",2,"ENG"
4501,"abiola",2,"ENG"
4502,"abruptly",2,"ENG"
4503,"abundance",2,"ENG"
4504,"abused",2,"ENG"
4505,"accelerate",2,"ENG"
4506,"accelerated",2,"ENG"
4507,"accelerating",2,"ENG"
4508,"acceptable",2,"ENG"
4509,"accepts",2,"ENG"
4510,"accessibility",2,"ENG"
4511,"accidents",2,"ENG"
4512,"accommodation",2,"ENG"
4513,"accordingly",2,"ENG"
4514,"accountability",2,"ENG"
4515,"accusations",2,"ENG"
4516,"accusing",2,"ENG"
4517,"aces",2,"ENG"
4518,"aching",2,"ENG"
4519,"acknowledging",2,"ENG"
4520,"acted",2,"ENG"
4521,"actively",2,"ENG"
4522,"activision",2,"ENG"
4523,"activism",2,"ENG"
4524,"activists",2,"ENG"
4525,"actress",2,"ENG"
4526,"addresses",2,"ENG"
4527,"adjustments",2,"ENG"
4528,"administrator",2,"ENG"
4529,"adorned",2,"ENG"
4530,"adrienne",2,"ENG"
4531,"adult",2,"ENG"
4532,"advances",2,"ENG"
4533,"adventures",2,"ENG"
4534,"adverse",2,"ENG"
4535,"advise",2,"ENG"
4536,"advised",2,"ENG"
4537,"advisers",2,"ENG"
4538,"advocacy",2,"ENG"
4539,"advocate",2,"ENG"
4540,"aerial",2,"ENG"
4541,"aew",2,"ENG"
4542,"affects",2,"ENG"
4543,"affiliate",2,"ENG"
4544,"afford",2,"ENG"
4545,"afghan",2,"ENG"
4546,"africans",2,"ENG"
4547,"agents",2,"ENG"
4548,"agm",2,"ENG"
4549,"agreements",2,"ENG"
4550,"aided",2,"ENG"
4551,"aids",2,"ENG"
4552,"aims",2,"ENG"
4553,"airasia",2,"ENG"
4554,"airplane",2,"ENG"
4555,"airtasker",2,"ENG"
4556,"airtel",2,"ENG"
4557,"airways",2,"ENG"
4558,"aker",2,"ENG"
4559,"akwesasne",2,"ENG"
4560,"albany",2,"ENG"
4561,"albert",2,"ENG"
4562,"alexandra",2,"ENG"
4563,"alhaji",2,"ENG"
4564,"alien",2,"ENG"
4565,"alight",2,"ENG"
4566,"aligned",2,"ENG"
4567,"allen",2,"ENG"
4568,"allies",2,"ENG"
4569,"allocated",2,"ENG"
4570,"alpa",2,"ENG"
4571,"alpha",2,"ENG"
4572,"alphabet",2,"ENG"
4573,"alter",2,"ENG"
4574,"altius",2,"ENG"
4575,"amanda",2,"ENG"
4576,"amazingly",2,"ENG"
4577,"amc",2,"ENG"
4578,"amd",2,"ENG"
4579,"amended",2,"ENG"
4580,"amendment",2,"ENG"
4581,"amenities",2,"ENG"
4582,"amnesty",2,"ENG"
4583,"ana",2,"ENG"
4584,"analyst",2,"ENG"
4585,"analytics",2,"ENG"
4586,"anchor",2,"ENG"
4587,"andre",2,"ENG"
4588,"andrea",2,"ENG"
4589,"andrews",2,"ENG"
4590,"ang",2,"ENG"
4591,"angel",2,"ENG"
4592,"anger",2,"ENG"
4593,"annually",2,"ENG"
4594,"anonymous",2,"ENG"
4595,"anson",2,"ENG"
4596,"answered",2,"ENG"
4597,"antibiotics",2,"ENG"
4598,"anticipate",2,"ENG"
4599,"antics",2,"ENG"
4600,"anybody",2,"ENG"
4601,"apartments",2,"ENG"
4602,"apology",2,"ENG"
4603,"appearances",2,"ENG"
4604,"appetite",2,"ENG"
4605,"applicants",2,"ENG"
4606,"appropriate",2,"ENG"
4607,"approving",2,"ENG"
4608,"arbitration",2,"ENG"
4609,"architecture",2,"ENG"
4610,"arena",2,"ENG"
4611,"arguing",2,"ENG"
4612,"ari",2,"ENG"
4613,"ariana",2,"ENG"
4614,"arians",2,"ENG"
4615,"ark",2,"ENG"
4616,"arlington",2,"ENG"
4617,"arnold",2,"ENG"
4618,"arraigned",2,"ENG"
4619,"arrests",2,"ENG"
4620,"arriving",2,"ENG"
4621,"arrow",2,"ENG"
4622,"arteta",2,"ENG"
4623,"arthritis",2,"ENG"
4624,"artificial",2,"ENG"
4625,"artillery",2,"ENG"
4626,"ashton",2,"ENG"
4627,"aspects",2,"ENG"
4628,"aspiring",2,"ENG"
4629,"assets",2,"ENG"
4630,"assisted",2,"ENG"
4631,"assurances",2,"ENG"
4632,"assured",2,"ENG"
4633,"athlete",2,"ENG"
4634,"athletes",2,"ENG"
4635,"atmosphere",2,"ENG"
4636,"attached",2,"ENG"
4637,"attendant",2,"ENG"
4638,"atticus",2,"ENG"
4639,"attitude",2,"ENG"
4640,"attraction",2,"ENG"
4641,"attributed",2,"ENG"
4642,"auburn",2,"ENG"
4643,"auckland",2,"ENG"
4644,"audit",2,"ENG"
4645,"australians",2,"ENG"
4646,"authorized",2,"ENG"
4647,"avalon",2,"ENG"
4648,"avatar",2,"ENG"
4649,"averse",2,"ENG"
4650,"aviation",2,"ENG"
4651,"avoided",2,"ENG"
4652,"awaiting",2,"ENG"
4653,"awaits",2,"ENG"
4654,"awkward",2,"ENG"
4655,"backdrop",2,"ENG"
4656,"background",2,"ENG"
4657,"backlogged",2,"ENG"
4658,"backpack",2,"ENG"
4659,"bafta",2,"ENG"
4660,"bags",2,"ENG"
4661,"bakalova",2,"ENG"
4662,"bake",2,"ENG"
4663,"baked",2,"ENG"
4664,"bald",2,"ENG"
4665,"baldwin",2,"ENG"
4666,"bancorp",2,"ENG"
4667,"banking",2,"ENG"
4668,"banning",2,"ENG"
4669,"barbados",2,"ENG"
4670,"barbara",2,"ENG"
4671,"barber",2,"ENG"
4672,"barnes",2,"ENG"
4673,"baron",2,"ENG"
4674,"barred",2,"ENG"
4675,"barrett",2,"ENG"
4676,"barrier",2,"ENG"
4677,"basel",2,"ENG"
4678,"basement",2,"ENG"
4679,"bases",2,"ENG"
4680,"basin",2,"ENG"
4681,"basket",2,"ENG"
4682,"bathrooms",2,"ENG"
4683,"bauchi",2,"ENG"
4684,"bcci",2,"ENG"
4685,"bci",2,"ENG"
4686,"bean",2,"ENG"
4687,"beast",2,"ENG"
4688,"beck",2,"ENG"
4689,"behavioral",2,"ENG"
4690,"behaviour",2,"ENG"
4691,"belarusian",2,"ENG"
4692,"belichick",2,"ENG"
4693,"believing",2,"ENG"
4694,"bella",2,"ENG"
4695,"bello",2,"ENG"
4696,"belong",2,"ENG"
4697,"belt",2,"ENG"
4698,"benches",2,"ENG"
4699,"benchmark",2,"ENG"
4700,"beneficial",2,"ENG"
4701,"bengaluru",2,"ENG"
4702,"bennett",2,"ENG"
4703,"benny",2,"ENG"
4704,"bentley",2,"ENG"
4705,"benton",2,"ENG"
4706,"bermuda",2,"ENG"
4707,"bernard",2,"ENG"
4708,"bessler",2,"ENG"
4709,"beth",2,"ENG"
4710,"beware",2,"ENG"
4711,"beyoncé",2,"ENG"
4712,"bhutan",2,"ENG"
4713,"bid",2,"ENG"
4714,"bike",2,"ENG"
4715,"billboard",2,"ENG"
4716,"billions",2,"ENG"
4717,"binance",2,"ENG"
4718,"biontech",2,"ENG"
4719,"biotech",2,"ENG"
4720,"bipartisan",2,"ENG"
4721,"bite",2,"ENG"
4722,"bizarre",2,"ENG"
4723,"blackpink",2,"ENG"
4724,"blade",2,"ENG"
4725,"blake",2,"ENG"
4726,"blast",2,"ENG"
4727,"blasted",2,"ENG"
4728,"bleach",2,"ENG"
4729,"bleak",2,"ENG"
4730,"blend",2,"ENG"
4731,"blindsided",2,"ENG"
4732,"blitz",2,"ENG"
4733,"blitzpredict",2,"ENG"
4734,"blizzard",2,"ENG"
4735,"blocks",2,"ENG"
4736,"blond",2,"ENG"
4737,"blowing",2,"ENG"
4738,"blues",2,"ENG"
4739,"bnb",2,"ENG"
4740,"boards",2,"ENG"
4741,"bobby",2,"ENG"
4742,"bombers",2,"ENG"
4743,"bonds",2,"ENG"
4744,"bonny",2,"ENG"
4745,"booker",2,"ENG"
4746,"boosting",2,"ENG"
4747,"borrell",2,"ENG"
4748,"bottles",2,"ENG"
4749,"bounce",2,"ENG"
4750,"bound",2,"ENG"
4751,"bowing",2,"ENG"
4752,"bowled",2,"ENG"
4753,"brace",2,"ENG"
4754,"brain",2,"ENG"
4755,"brainerd",2,"ENG"
4756,"branch",2,"ENG"
4757,"branches",2,"ENG"
4758,"branding",2,"ENG"
4759,"breaches",2,"ENG"
4760,"breakout",2,"ENG"
4761,"breaks",2,"ENG"
4762,"breathtaking",2,"ENG"
4763,"breeze",2,"ENG"
4764,"brent",2,"ENG"
4765,"breweries",2,"ENG"
4766,"brewers",2,"ENG"
4767,"brics",2,"ENG"
4768,"brides",2,"ENG"
4769,"bridges",2,"ENG"
4770,"briefings",2,"ENG"
4771,"bright",2,"ENG"
4772,"brighton",2,"ENG"
4773,"brilliantly",2,"ENG"
4774,"broadcasters",2,"ENG"
4775,"broadly",2,"ENG"
4776,"brody",2,"ENG"
4777,"brook",2,"ENG"
4778,"bruce",2,"ENG"
4779,"brunswick",2,"ENG"
4780,"btu",2,"ENG"
4781,"budgets",2,"ENG"
4782,"buds",2,"ENG"
4783,"bududa",2,"ENG"
4784,"buffer",2,"ENG"
4785,"bulba",2,"ENG"
4786,"bulgaria",2,"ENG"
4787,"bullock",2,"ENG"
4788,"bulls",2,"ENG"
4789,"bunch",2,"ENG"
4790,"bureau",2,"ENG"
4791,"burger",2,"ENG"
4792,"burglaries",2,"ENG"
4793,"buried",2,"ENG"
4794,"bushfire",2,"ENG"
4795,"businessmen",2,"ENG"
4796,"bustee",2,"ENG"
4797,"buttigieg",2,"ENG"
4798,"caare",2,"ENG"
4799,"cafe",2,"ENG"
4800,"caitlin",2,"ENG"
4801,"calculate",2,"ENG"
4802,"calendar",2,"ENG"
4803,"callaway",2,"ENG"
4804,"callers",2,"ENG"
4805,"calm",2,"ENG"
4806,"cam",2,"ENG"
4807,"cameroon",2,"ENG"
4808,"campaigners",2,"ENG"
4809,"campuses",2,"ENG"
4810,"canadians",2,"ENG"
4811,"cancellations",2,"ENG"
4812,"candace",2,"ENG"
4813,"candid",2,"ENG"
4814,"candle",2,"ENG"
4815,"cane",2,"ENG"
4816,"canon",2,"ENG"
4817,"canterbury",2,"ENG"
4818,"capability",2,"ENG"
4819,"capable",2,"ENG"
4820,"capitalization",2,"ENG"
4821,"capitol",2,"ENG"
4822,"captivity",2,"ENG"
4823,"carbon",2,"ENG"
4824,"caremongers",2,"ENG"
4825,"cargoes",2,"ENG"
4826,"caring",2,"ENG"
4827,"carlos",2,"ENG"
4828,"carlsen",2,"ENG"
4829,"carol",2,"ENG"
4830,"carrier",2,"ENG"
4831,"carrillo",2,"ENG"
4832,"carrot",2,"ENG"
4833,"carved",2,"ENG"
4834,"carving",2,"ENG"
4835,"casa",2,"ENG"
4836,"cass",2,"ENG"
4837,"catalogue",2,"ENG"
4838,"catcher",2,"ENG"
4839,"catches",2,"ENG"
4840,"catherine",2,"ENG"
4841,"cathy",2,"ENG"
4842,"cats",2,"ENG"
4843,"cbr",2,"ENG"
4844,"cctv",2,"ENG"
4845,"cdc",2,"ENG"
4846,"cedis",2,"ENG"
4847,"ceiling",2,"ENG"
4848,"celebration",2,"ENG"
4849,"celebrity",2,"ENG"
4850,"cells",2,"ENG"
4851,"cement",2,"ENG"
4852,"centners",2,"ENG"
4853,"centralized",2,"ENG"
4854,"certification",2,"ENG"
4855,"chains",2,"ENG"
4856,"challenger",2,"ENG"
4857,"champs",2,"ENG"
4858,"chancellor",2,"ENG"
4859,"channels",2,"ENG"
4860,"chanting",2,"ENG"
4861,"chaotic",2,"ENG"
4862,"charger",2,"ENG"
4863,"charging",2,"ENG"
4864,"chart",2,"ENG"
4865,"chat",2,"ENG"
4866,"chauvin",2,"ENG"
4867,"checkpoints",2,"ENG"
4868,"cheeky",2,"ENG"
4869,"cheers",2,"ENG"
4870,"chef",2,"ENG"
4871,"chest",2,"ENG"
4872,"chhath",2,"ENG"
4873,"chile",2,"ENG"
4874,"chilean",2,"ENG"
4875,"chocolate",2,"ENG"
4876,"chop",2,"ENG"
4877,"chrislip",2,"ENG"
4878,"christine",2,"ENG"
4879,"cigarette",2,"ENG"
4880,"cincinnati",2,"ENG"
4881,"cited",2,"ENG"
4882,"citigroup",2,"ENG"
4883,"civilian",2,"ENG"
4884,"clarity",2,"ENG"
4885,"clarke",2,"ENG"
4886,"classroom",2,"ENG"
4887,"clayton",2,"ENG"
4888,"cleckley",2,"ENG"
4889,"clement",2,"ENG"
4890,"clever",2,"ENG"
4891,"clinched",2,"ENG"
4892,"clinesmith",2,"ENG"
4893,"clinical",2,"ENG"
4894,"clips",2,"ENG"
4895,"clock",2,"ENG"
4896,"closest",2,"ENG"
4897,"cloth",2,"ENG"
4898,"clouded",2,"ENG"
4899,"clunky",2,"ENG"
4900,"clutch",2,"ENG"
4901,"cng",2,"ENG"
4902,"coached",2,"ENG"
4903,"coaching",2,"ENG"
4904,"code",2,"ENG"
4905,"codes",2,"ENG"
4906,"cody",2,"ENG"
4907,"coffee",2,"ENG"
4908,"cognitive",2,"ENG"
4909,"cohen",2,"ENG"
4910,"coins",2,"ENG"
4911,"collaborate",2,"ENG"
4912,"collaborators",2,"ENG"
4913,"collars",2,"ENG"
4914,"colleague",2,"ENG"
4915,"collect",2,"ENG"
4916,"collective",2,"ENG"
4917,"cologne",2,"ENG"
4918,"columbia",2,"ENG"
4919,"combat",2,"ENG"
4920,"combating",2,"ENG"
4921,"combining",2,"ENG"
4922,"comcast",2,"ENG"
4923,"comedian",2,"ENG"
4924,"comforting",2,"ENG"
4925,"comic",2,"ENG"
4926,"commanding",2,"ENG"
4927,"commerce",2,"ENG"
4928,"commissioners",2,"ENG"
4929,"commit",2,"ENG"
4930,"communal",2,"ENG"
4931,"communicating",2,"ENG"
4932,"comparatively",2,"ENG"
4933,"compares",2,"ENG"
4934,"comparing",2,"ENG"
4935,"compelling",2,"ENG"
4936,"competitive",2,"ENG"
4937,"competitors",2,"ENG"
4938,"complain",2,"ENG"
4939,"complexities",2,"ENG"
4940,"complied",2,"ENG"
4941,"compost",2,"ENG"
4942,"compound",2,"ENG"
4943,"comprised",2,"ENG"
4944,"compromised",2,"ENG"
4945,"compulsory",2,"ENG"
4946,"concealed",2,"ENG"
4947,"concession",2,"ENG"
4948,"condo",2,"ENG"
4949,"conduct",2,"ENG"
4950,"conferences",2,"ENG"
4951,"conferencing",2,"ENG"
4952,"confessed",2,"ENG"
4953,"confirms",2,"ENG"
4954,"confrontation",2,"ENG"
4955,"confused",2,"ENG"
4956,"conner",2,"ENG"
4957,"consecutive",2,"ENG"
4958,"consensus",2,"ENG"
4959,"consent",2,"ENG"
4960,"consequently",2,"ENG"
4961,"conservationist",2,"ENG"
4962,"conservatives",2,"ENG"
4963,"considerable",2,"ENG"
4964,"consideration",2,"ENG"
4965,"considerations",2,"ENG"
4966,"consistently",2,"ENG"
4967,"consists",2,"ENG"
4968,"console",2,"ENG"
4969,"consolidation",2,"ENG"
4970,"constant",2,"ENG"
4971,"constituency",2,"ENG"
4972,"constituents",2,"ENG"
4973,"constructed",2,"ENG"
4974,"consultations",2,"ENG"
4975,"consume",2,"ENG"
4976,"container",2,"ENG"
4977,"containing",2,"ENG"
4978,"contemplated",2,"ENG"
4979,"contenders",2,"ENG"
4980,"contested",2,"ENG"
4981,"continent",2,"ENG"
4982,"continuity",2,"ENG"
4983,"continuously",2,"ENG"
4984,"contracted",2,"ENG"
4985,"contracting",2,"ENG"
4986,"contractors",2,"ENG"
4987,"contrary",2,"ENG"
4988,"contribute",2,"ENG"
4989,"controlled",2,"ENG"
4990,"controlling",2,"ENG"
4991,"controversy",2,"ENG"
4992,"convenient",2,"ENG"
4993,"conventional",2,"ENG"
4994,"conversations",2,"ENG"
4995,"convicted",2,"ENG"
4996,"convictions",2,"ENG"
4997,"convince",2,"ENG"
4998,"conway",2,"ENG"
4999,"cooking",2,"ENG"
5000,"cool",2,"ENG"
5001,"cooperate",2,"ENG"
5002,"cop",2,"ENG"
5003,"cope",2,"ENG"
5004,"copy",2,"ENG"
5005,"corbin",2,"ENG"
5006,"cordial",2,"ENG"
5007,"corn",2,"ENG"
5008,"corona",2,"ENG"
5009,"coronil",2,"ENG"
5010,"correctional",2,"ENG"
5011,"corrections",2,"ENG"
5012,"corrigan",2,"ENG"
5013,"corrupt",2,"ENG"
5014,"cortez",2,"ENG"
5015,"counsel",2,"ENG"
5016,"counterparts",2,"ENG"
5017,"counting",2,"ENG"
5018,"counts",2,"ENG"
5019,"courtyard",2,"ENG"
5020,"covenant",2,"ENG"
5021,"cows",2,"ENG"
5022,"coyote",2,"ENG"
5023,"cpc",2,"ENG"
5024,"cpu",2,"ENG"
5025,"craig",2,"ENG"
5026,"crashed",2,"ENG"
5027,"craved",2,"ENG"
5028,"crawford",2,"ENG"
5029,"crawley",2,"ENG"
5030,"creates",2,"ENG"
5031,"creation",2,"ENG"
5032,"creator",2,"ENG"
5033,"credible",2,"ENG"
5034,"criminals",2,"ENG"
5035,"crispr",2,"ENG"
5036,"criticised",2,"ENG"
5037,"crosses",2,"ENG"
5038,"crowded",2,"ENG"
5039,"crowds",2,"ENG"
5040,"crowned",2,"ENG"
5041,"crucial",2,"ENG"
5042,"crude",2,"ENG"
5043,"cruises",2,"ENG"
5044,"crying",2,"ENG"
5045,"cu",2,"ENG"
5046,"cures",2,"ENG"
5047,"curfew",2,"ENG"
5048,"curiosity",2,"ENG"
5049,"cursed",2,"ENG"
5050,"curtailed",2,"ENG"
5051,"curve",2,"ENG"
5052,"daca",2,"ENG"
5053,"dakota",2,"ENG"
5054,"dan",2,"ENG"
5055,"dana",2,"ENG"
5056,"danbury",2,"ENG"
5057,"dances",2,"ENG"
5058,"dancing",2,"ENG"
5059,"daniel",2,"ENG"
5060,"darkness",2,"ENG"
5061,"darkwing",2,"ENG"
5062,"davao",2,"ENG"
5063,"dawson",2,"ENG"
5064,"deadlines",2,"ENG"
5065,"debated",2,"ENG"
5066,"debuted",2,"ENG"
5067,"debuts",2,"ENG"
5068,"decides",2,"ENG"
5069,"declarations",2,"ENG"
5070,"declaring",2,"ENG"
5071,"declines",2,"ENG"
5072,"declining",2,"ENG"
5073,"decrees",2,"ENG"
5074,"dedicated",2,"ENG"
5075,"dee",2,"ENG"
5076,"deer",2,"ENG"
5077,"defendant",2,"ENG"
5078,"deferred",2,"ENG"
5079,"delayed",2,"ENG"
5080,"deliberate",2,"ENG"
5081,"delivers",2,"ENG"
5082,"dell",2,"ENG"
5083,"delta",2,"ENG"
5084,"demanding",2,"ENG"
5085,"demands",2,"ENG"
5086,"demetriou",2,"ENG"
5087,"demons",2,"ENG"
5088,"denise",2,"ENG"
5089,"denying",2,"ENG"
5090,"departments",2,"ENG"
5091,"deploy",2,"ENG"
5092,"derby",2,"ENG"
5093,"deserted",2,"ENG"
5094,"deserve",2,"ENG"
5095,"designers",2,"ENG"
5096,"desperate",2,"ENG"
5097,"desperately",2,"ENG"
5098,"destroy",2,"ENG"
5099,"detailed",2,"ENG"
5100,"detected",2,"ENG"
5101,"detective",2,"ENG"
5102,"detectives",2,"ENG"
5103,"determination",2,"ENG"
5104,"devastated",2,"ENG"
5105,"developer",2,"ENG"
5106,"developmental",2,"ENG"
5107,"developments",2,"ENG"
5108,"device",2,"ENG"
5109,"devised",2,"ENG"
5110,"devolution",2,"ENG"
5111,"dhaka",2,"ENG"
5112,"diabetes",2,"ENG"
5113,"diapers",2,"ENG"
5114,"diego",2,"ENG"
5115,"differences",2,"ENG"
5116,"differentiation",2,"ENG"
5117,"difficulty",2,"ENG"
5118,"digitally",2,"ENG"
5119,"dim",2,"ENG"
5120,"ding",2,"ENG"
5121,"diplomat",2,"ENG"
5122,"diplomatic",2,"ENG"
5123,"dire",2,"ENG"
5124,"directing",2,"ENG"
5125,"directorate",2,"ENG"
5126,"disability",2,"ENG"
5127,"disadvantaged",2,"ENG"
5128,"disapprove",2,"ENG"
5129,"disaster",2,"ENG"
5130,"discipline",2,"ENG"
5131,"disclaimer",2,"ENG"
5132,"disclosure",2,"ENG"
5133,"discredit",2,"ENG"
5134,"discrimination",2,"ENG"
5135,"discussion",2,"ENG"
5136,"diseases",2,"ENG"
5137,"dispatched",2,"ENG"
5138,"disproportionate",2,"ENG"
5139,"dispute",2,"ENG"
5140,"distinguished",2,"ENG"
5141,"disturbed",2,"ENG"
5142,"dive",2,"ENG"
5143,"divide",2,"ENG"
5144,"divisive",2,"ENG"
5145,"dj",2,"ENG"
5146,"dodge",2,"ENG"
5147,"dolphins",2,"ENG"
5148,"dominant",2,"ENG"
5149,"dominating",2,"ENG"
5150,"donkey",2,"ENG"
5151,"doon",2,"ENG"
5152,"dorm",2,"ENG"
5153,"doubling",2,"ENG"
5154,"douglas",2,"ENG"
5155,"downgraded",2,"ENG"
5156,"drawing",2,"ENG"
5157,"drawings",2,"ENG"
5158,"drives",2,"ENG"
5159,"drops",2,"ENG"
5160,"drummer",2,"ENG"
5161,"duke",2,"ENG"
5162,"durham",2,"ENG"
5163,"dust",2,"ENG"
5164,"duterte",2,"ENG"
5165,"eager",2,"ENG"
5166,"earned",2,"ENG"
5167,"earrings",2,"ENG"
5168,"ease",2,"ENG"
5169,"eased",2,"ENG"
5170,"easter",2,"ENG"
5171,"economies",2,"ENG"
5172,"economist",2,"ENG"
5173,"editing",2,"ENG"
5174,"editorial",2,"ENG"
5175,"eggs",2,"ENG"
5176,"el",2,"ENG"
5177,"elaborate",2,"ENG"
5178,"elbow",2,"ENG"
5179,"elderly",2,"ENG"
5180,"elders",2,"ENG"
5181,"electors",2,"ENG"
5182,"electrical",2,"ENG"
5183,"electronic",2,"ENG"
5184,"elementary",2,"ENG"
5185,"elephants",2,"ENG"
5186,"eliminated",2,"ENG"
5187,"eliminating",2,"ENG"
5188,"eliot",2,"ENG"
5189,"elk",2,"ENG"
5190,"elliott",2,"ENG"
5191,"emails",2,"ENG"
5192,"embarrassment",2,"ENG"
5193,"embassy",2,"ENG"
5194,"emerge",2,"ENG"
5195,"emirates",2,"ENG"
5196,"emoji",2,"ENG"
5197,"emotion",2,"ENG"
5198,"emotions",2,"ENG"
5199,"empire",2,"ENG"
5200,"employed",2,"ENG"
5201,"employer",2,"ENG"
5202,"employment",2,"ENG"
5203,"empower",2,"ENG"
5204,"enacted",2,"ENG"
5205,"encountered",2,"ENG"
5206,"encouragement",2,"ENG"
5207,"encryption",2,"ENG"
5208,"endgame",2,"ENG"
5209,"endure",2,"ENG"
5210,"enforcing",2,"ENG"
5211,"engage",2,"ENG"
5212,"engaging",2,"ENG"
5213,"engineer",2,"ENG"
5214,"engines",2,"ENG"
5215,"enrolled",2,"ENG"
5216,"ensued",2,"ENG"
5217,"enters",2,"ENG"
5218,"entertained",2,"ENG"
5219,"entitled",2,"ENG"
5220,"entrance",2,"ENG"
5221,"envelope",2,"ENG"
5222,"environments",2,"ENG"
5223,"epicenter",2,"ENG"
5224,"equally",2,"ENG"
5225,"equitable",2,"ENG"
5226,"erasmus",2,"ENG"
5227,"error",2,"ENG"
5228,"escalating",2,"ENG"
5229,"estranged",2,"ENG"
5230,"etf",2,"ENG"
5231,"etfs",2,"ENG"
5232,"ethical",2,"ENG"
5233,"evacuate",2,"ENG"
5234,"evacuated",2,"ENG"
5235,"evacuation",2,"ENG"
5236,"evergreen",2,"ENG"
5237,"everybody",2,"ENG"
5238,"eviction",2,"ENG"
5239,"evident",2,"ENG"
5240,"evolved",2,"ENG"
5241,"examples",2,"ENG"
5242,"exams",2,"ENG"
5243,"exceptional",2,"ENG"
5244,"exhausted",2,"ENG"
5245,"exhibiting",2,"ENG"
5246,"existed",2,"ENG"
5247,"exit",2,"ENG"
5248,"expand",2,"ENG"
5249,"expense",2,"ENG"
5250,"experimental",2,"ENG"
5251,"experiments",2,"ENG"
5252,"expert",2,"ENG"
5253,"explores",2,"ENG"
5254,"explosives",2,"ENG"
5255,"exported",2,"ENG"
5256,"exporter",2,"ENG"
5257,"expressing",2,"ENG"
5258,"expressway",2,"ENG"
5259,"extend",2,"ENG"
5260,"extensions",2,"ENG"
5261,"extent",2,"ENG"
5262,"external",2,"ENG"
5263,"extraordinary",2,"ENG"
5264,"f1",2,"ENG"
5265,"fabricated",2,"ENG"
5266,"factor",2,"ENG"
5267,"faculty",2,"ENG"
5268,"fades",2,"ENG"
5269,"fail",2,"ENG"
5270,"failing",2,"ENG"
5271,"failings",2,"ENG"
5272,"faithful",2,"ENG"
5273,"falsehoods",2,"ENG"
5274,"familiarity",2,"ENG"
5275,"famous",2,"ENG"
5276,"fargo",2,"ENG"
5277,"farmer",2,"ENG"
5278,"farms",2,"ENG"
5279,"fatal",2,"ENG"
5280,"fault",2,"ENG"
5281,"favor",2,"ENG"
5282,"favorites",2,"ENG"
5283,"favourite",2,"ENG"
5284,"fc",2,"ENG"
5285,"fe",2,"ENG"
5286,"feasible",2,"ENG"
5287,"fed",2,"ENG"
5288,"feeble",2,"ENG"
5289,"feeds",2,"ENG"
5290,"fellowship",2,"ENG"
5291,"ferris",2,"ENG"
5292,"fibrin",2,"ENG"
5293,"fiction",2,"ENG"
5294,"files",2,"ENG"
5295,"fills",2,"ENG"
5296,"filmmaker",2,"ENG"
5297,"filmmaking",2,"ENG"
5298,"finals",2,"ENG"
5299,"financing",2,"ENG"
5300,"finding",2,"ENG"
5301,"findings",2,"ENG"
5302,"finest",2,"ENG"
5303,"finishers",2,"ENG"
5304,"firefighter",2,"ENG"
5305,"firing",2,"ENG"
5306,"firmly",2,"ENG"
5307,"fisheries",2,"ENG"
5308,"fits",2,"ENG"
5309,"fitted",2,"ENG"
5310,"fitzgerald",2,"ENG"
5311,"fixed",2,"ENG"
5312,"flames",2,"ENG"
5313,"flatten",2,"ENG"
5314,"fleeing",2,"ENG"
5315,"fleet",2,"ENG"
5316,"fleming",2,"ENG"
5317,"flexibility",2,"ENG"
5318,"flipping",2,"ENG"
5319,"floated",2,"ENG"
5320,"floating",2,"ENG"
5321,"flock",2,"ENG"
5322,"flour",2,"ENG"
5323,"flu",2,"ENG"
5324,"fond",2,"ENG"
5325,"foods",2,"ENG"
5326,"fool",2,"ENG"
5327,"foothills",2,"ENG"
5328,"ford",2,"ENG"
5329,"foregoing",2,"ENG"
5330,"fortune",2,"ENG"
5331,"founders",2,"ENG"
5332,"foxx",2,"ENG"
5333,"fraction",2,"ENG"
5334,"fragmentation",2,"ENG"
5335,"frame",2,"ENG"
5336,"framework",2,"ENG"
5337,"franchises",2,"ENG"
5338,"franklin",2,"ENG"
5339,"fraught",2,"ENG"
5340,"freeman",2,"ENG"
5341,"frequent",2,"ENG"
5342,"fridge",2,"ENG"
5343,"friendships",2,"ENG"
5344,"frog",2,"ENG"
5345,"frontline",2,"ENG"
5346,"fronts",2,"ENG"
5347,"frost",2,"ENG"
5348,"fruman",2,"ENG"
5349,"fuel",2,"ENG"
5350,"fulfill",2,"ENG"
5351,"functionality",2,"ENG"
5352,"fundamental",2,"ENG"
5353,"fundraising",2,"ENG"
5354,"fusion",2,"ENG"
5355,"gallery",2,"ENG"
5356,"gantz",2,"ENG"
5357,"gap",2,"ENG"
5358,"garba",2,"ENG"
5359,"garbage",2,"ENG"
5360,"gardaí",2,"ENG"
5361,"gardner",2,"ENG"
5362,"garner",2,"ENG"
5363,"garnered",2,"ENG"
5364,"gate",2,"ENG"
5365,"gates",2,"ENG"
5366,"gateway",2,"ENG"
5367,"gather",2,"ENG"
5368,"gavin",2,"ENG"
5369,"gazette",2,"ENG"
5370,"gdp",2,"ENG"
5371,"gel",2,"ENG"
5372,"genetic",2,"ENG"
5373,"gentle",2,"ENG"
5374,"giants",2,"ENG"
5375,"gifted",2,"ENG"
5376,"girlfriend",2,"ENG"
5377,"gizzard",2,"ENG"
5378,"glad",2,"ENG"
5379,"glaring",2,"ENG"
5380,"glasgow",2,"ENG"
5381,"glass",2,"ENG"
5382,"glasses",2,"ENG"
5383,"glen",2,"ENG"
5384,"gloves",2,"ENG"
5385,"goa",2,"ENG"
5386,"gomez",2,"ENG"
5387,"goodwin",2,"ENG"
5388,"governance",2,"ENG"
5389,"governing",2,"ENG"
5390,"gown",2,"ENG"
5391,"grabbed",2,"ENG"
5392,"grade",2,"ENG"
5393,"gradually",2,"ENG"
5394,"graduating",2,"ENG"
5395,"graphics",2,"ENG"
5396,"grass",2,"ENG"
5397,"grateful",2,"ENG"
5398,"gratitude",2,"ENG"
5399,"graveside",2,"ENG"
5400,"greek",2,"ENG"
5401,"greens",2,"ENG"
5402,"greenwood",2,"ENG"
5403,"greyhounds",2,"ENG"
5404,"grief",2,"ENG"
5405,"grinding",2,"ENG"
5406,"groin",2,"ENG"
5407,"gst",2,"ENG"
5408,"guam",2,"ENG"
5409,"guide",2,"ENG"
5410,"guided",2,"ENG"
5411,"guild",2,"ENG"
5412,"gw",2,"ENG"
5413,"gwen",2,"ENG"
5414,"gym",2,"ENG"
5415,"gypsy",2,"ENG"
5416,"habits",2,"ENG"
5417,"hacker",2,"ENG"
5418,"hadn",2,"ENG"
5419,"haley",2,"ENG"
5420,"halfway",2,"ENG"
5421,"halliday",2,"ENG"
5422,"hamid",2,"ENG"
5423,"hamilton",2,"ENG"
5424,"hander",2,"ENG"
5425,"handgun",2,"ENG"
5426,"handing",2,"ENG"
5427,"hang",2,"ENG"
5428,"hanged",2,"ENG"
5429,"harder",2,"ENG"
5430,"harsh",2,"ENG"
5431,"hart",2,"ENG"
5432,"harvested",2,"ENG"
5433,"haryana",2,"ENG"
5434,"hatfield",2,"ENG"
5435,"haul",2,"ENG"
5436,"hawker",2,"ENG"
5437,"hazardous",2,"ENG"
5438,"headache",2,"ENG"
5439,"header",2,"ENG"
5440,"heads",2,"ENG"
5441,"heated",2,"ENG"
5442,"heathrow",2,"ENG"
5443,"heavily",2,"ENG"
5444,"heavyweight",2,"ENG"
5445,"heels",2,"ENG"
5446,"helen",2,"ENG"
5447,"helpful",2,"ENG"
5448,"hemsworth",2,"ENG"
5449,"hence",2,"ENG"
5450,"heritage",2,"ENG"
5451,"hero",2,"ENG"
5452,"hershey",2,"ENG"
5453,"hey",2,"ENG"
5454,"hezbollah",2,"ENG"
5455,"hi",2,"ENG"
5456,"highland",2,"ENG"
5457,"hitting",2,"ENG"
5458,"hogan",2,"ENG"
5459,"homeowners",2,"ENG"
5460,"honestly",2,"ENG"
5461,"honored",2,"ENG"
5462,"hood",2,"ENG"
5463,"hopefully",2,"ENG"
5464,"horrific",2,"ENG"
5465,"hosts",2,"ENG"
5466,"housed",2,"ENG"
5467,"households",2,"ENG"
5468,"housekeepers",2,"ENG"
5469,"hove",2,"ENG"
5470,"hover",2,"ENG"
5471,"hovering",2,"ENG"
5472,"hughs",2,"ENG"
5473,"hui",2,"ENG"
5474,"humanity",2,"ENG"
5475,"humble",2,"ENG"
5476,"humboldt",2,"ENG"
5477,"hung",2,"ENG"
5478,"hunter",2,"ENG"
5479,"hurricane",2,"ENG"
5480,"hv",2,"ENG"
5481,"hwy",2,"ENG"
5482,"hybrid",2,"ENG"
5483,"hydroxychloroquine",2,"ENG"
5484,"hygiene",2,"ENG"
5485,"hypocrisy",2,"ENG"
5486,"ian",2,"ENG"
5487,"ibrahim",2,"ENG"
5488,"iconic",2,"ENG"
5489,"identifying",2,"ENG"
5490,"ignorant",2,"ENG"
5491,"ignored",2,"ENG"
5492,"iii",2,"ENG"
5493,"il",2,"ENG"
5494,"illnesses",2,"ENG"
5495,"immigrant",2,"ENG"
5496,"immigrants",2,"ENG"
5497,"impending",2,"ENG"
5498,"imperial",2,"ENG"
5499,"implemented",2,"ENG"
5500,"implications",2,"ENG"
5501,"implying",2,"ENG"
5502,"imprisonment",2,"ENG"
5503,"improvement",2,"ENG"
5504,"ina",2,"ENG"
5505,"incapacitated",2,"ENG"
5506,"incarcerated",2,"ENG"
5507,"incorrect",2,"ENG"
5508,"increases",2,"ENG"
5509,"incredibly",2,"ENG"
5510,"indians",2,"ENG"
5511,"indicated",2,"ENG"
5512,"indicating",2,"ENG"
5513,"indicator",2,"ENG"
5514,"indie",2,"ENG"
5515,"individually",2,"ENG"
5516,"indo",2,"ENG"
5517,"indoor",2,"ENG"
5518,"indore",2,"ENG"
5519,"induced",2,"ENG"
5520,"industrial",2,"ENG"
5521,"inec",2,"ENG"
5522,"inevitably",2,"ENG"
5523,"infectious",2,"ENG"
5524,"inflation",2,"ENG"
5525,"influx",2,"ENG"
5526,"ingredients",2,"ENG"
5527,"initiatives",2,"ENG"
5528,"injected",2,"ENG"
5529,"inmate",2,"ENG"
5530,"inn",2,"ENG"
5531,"inner",2,"ENG"
5532,"insist",2,"ENG"
5533,"instance",2,"ENG"
5534,"instances",2,"ENG"
5535,"instant",2,"ENG"
5536,"institutional",2,"ENG"
5537,"instruction",2,"ENG"
5538,"instructions",2,"ENG"
5539,"instrument",2,"ENG"
5540,"insult",2,"ENG"
5541,"insurgency",2,"ENG"
5542,"insurgents",2,"ENG"
5543,"intel",2,"ENG"
5544,"intend",2,"ENG"
5545,"intense",2,"ENG"
5546,"intensify",2,"ENG"
5547,"intensive",2,"ENG"
5548,"intention",2,"ENG"
5549,"interact",2,"ENG"
5550,"interacting",2,"ENG"
5551,"interim",2,"ENG"
5552,"interpret",2,"ENG"
5553,"intriguing",2,"ENG"
5554,"introduction",2,"ENG"
5555,"investigating",2,"ENG"
5556,"investigations",2,"ENG"
5557,"investigators",2,"ENG"
5558,"invited",2,"ENG"
5559,"ioc",2,"ENG"
5560,"ipo",2,"ENG"
5561,"irabu",2,"ENG"
5562,"iraq",2,"ENG"
5563,"iraqi",2,"ENG"
5564,"irate",2,"ENG"
5565,"iris",2,"ENG"
5566,"irrigation",2,"ENG"
5567,"irvine",2,"ENG"
5568,"isolated",2,"ENG"
5569,"isolating",2,"ENG"
5570,"israelis",2,"ENG"
5571,"itv",2,"ENG"
5572,"ivy",2,"ENG"
5573,"jack",2,"ENG"
5574,"jaguars",2,"ENG"
5575,"jam",2,"ENG"
5576,"jamaica",2,"ENG"
5577,"jammu",2,"ENG"
5578,"janata",2,"ENG"
5579,"jar",2,"ENG"
5580,"jazz",2,"ENG"
5581,"jefferson",2,"ENG"
5582,"jennifer",2,"ENG"
5583,"jenny",2,"ENG"
5584,"jerry",2,"ENG"
5585,"jet",2,"ENG"
5586,"jets",2,"ENG"
5587,"johnny",2,"ENG"
5588,"jokes",2,"ENG"
5589,"jose",2,"ENG"
5590,"jr",2,"ENG"
5591,"judged",2,"ENG"
5592,"judicial",2,"ENG"
5593,"judiciary",2,"ENG"
5594,"jumping",2,"ENG"
5595,"juneteenth",2,"ENG"
5596,"juniors",2,"ENG"
5597,"jurassic",2,"ENG"
5598,"jury",2,"ENG"
5599,"juvenile",2,"ENG"
5600,"kansas",2,"ENG"
5601,"karachi",2,"ENG"
5602,"karma",2,"ENG"
5603,"kate",2,"ENG"
5604,"kearny",2,"ENG"
5605,"keen",2,"ENG"
5606,"kemp",2,"ENG"
5607,"kenai",2,"ENG"
5608,"kennedy",2,"ENG"
5609,"keto",2,"ENG"
5610,"khan",2,"ENG"
5611,"killers",2,"ENG"
5612,"killings",2,"ENG"
5613,"kingston",2,"ENG"
5614,"kiphire",2,"ENG"
5615,"kiwi",2,"ENG"
5616,"klobuchar",2,"ENG"
5617,"knee",2,"ENG"
5618,"knees",2,"ENG"
5619,"knocked",2,"ENG"
5620,"knocking",2,"ENG"
5621,"korean",2,"ENG"
5622,"kosher",2,"ENG"
5623,"kumar",2,"ENG"
5624,"kunu",2,"ENG"
5625,"kurth",2,"ENG"
5626,"kwame",2,"ENG"
5627,"kwazulu",2,"ENG"
5628,"laboratory",2,"ENG"
5629,"labour",2,"ENG"
5630,"labrador",2,"ENG"
5631,"lacked",2,"ENG"
5632,"lakes",2,"ENG"
5633,"landlords",2,"ENG"
5634,"landscape",2,"ENG"
5635,"lanes",2,"ENG"
5636,"lanka",2,"ENG"
5637,"lara",2,"ENG"
5638,"larue",2,"ENG"
5639,"lastly",2,"ENG"
5640,"latinx",2,"ENG"
5641,"laughed",2,"ENG"
5642,"laughing",2,"ENG"
5643,"laughter",2,"ENG"
5644,"laura",2,"ENG"
5645,"lauren",2,"ENG"
5646,"lawrence",2,"ENG"
5647,"lawyers",2,"ENG"
5648,"lay",2,"ENG"
5649,"layup",2,"ENG"
5650,"leaked",2,"ENG"
5651,"leaning",2,"ENG"
5652,"learns",2,"ENG"
5653,"lease",2,"ENG"
5654,"legitimate",2,"ENG"
5655,"legs",2,"ENG"
5656,"lemonade",2,"ENG"
5657,"lenders",2,"ENG"
5658,"lending",2,"ENG"
5659,"lethbridge",2,"ENG"
5660,"lets",2,"ENG"
5661,"leukocyte",2,"ENG"
5662,"lewis",2,"ENG"
5663,"lgbt",2,"ENG"
5664,"liberal",2,"ENG"
5665,"liberty",2,"ENG"
5666,"license",2,"ENG"
5667,"licensed",2,"ENG"
5668,"lieutenant",2,"ENG"
5669,"lifelong",2,"ENG"
5670,"lifestyle",2,"ENG"
5671,"lights",2,"ENG"
5672,"limiting",2,"ENG"
5673,"lindahl",2,"ENG"
5674,"link",2,"ENG"
5675,"linked",2,"ENG"
5676,"lisa",2,"ENG"
5677,"listen",2,"ENG"
5678,"listings",2,"ENG"
5679,"liverpool",2,"ENG"
5680,"livestock",2,"ENG"
5681,"lloyd",2,"ENG"
5682,"loaded",2,"ENG"
5683,"loadouts",2,"ENG"
5684,"locally",2,"ENG"
5685,"locals",2,"ENG"
5686,"locker",2,"ENG"
5687,"lodged",2,"ENG"
5688,"logic",2,"ENG"
5689,"longest",2,"ENG"
5690,"longtime",2,"ENG"
5691,"looting",2,"ENG"
5692,"loses",2,"ENG"
5693,"lovely",2,"ENG"
5694,"lovers",2,"ENG"
5695,"loving",2,"ENG"
5696,"lowered",2,"ENG"
5697,"ltd",2,"ENG"
5698,"lunch",2,"ENG"
5699,"lungs",2,"ENG"
5700,"lyon",2,"ENG"
5701,"macbook",2,"ENG"
5702,"machines",2,"ENG"
5703,"madrid",2,"ENG"
5704,"magazines",2,"ENG"
5705,"magistrate",2,"ENG"
5706,"magistrates",2,"ENG"
5707,"mahesh",2,"ENG"
5708,"maidstone",2,"ENG"
5709,"maiduguri",2,"ENG"
5710,"mainland",2,"ENG"
5711,"maintaining",2,"ENG"
5712,"maintains",2,"ENG"
5713,"majoring",2,"ENG"
5714,"malls",2,"ENG"
5715,"maltese",2,"ENG"
5716,"manipulation",2,"ENG"
5717,"manufacturer",2,"ENG"
5718,"marathon",2,"ENG"
5719,"marble",2,"ENG"
5720,"marc",2,"ENG"
5721,"marched",2,"ENG"
5722,"marked",2,"ENG"
5723,"markey",2,"ENG"
5724,"marquee",2,"ENG"
5725,"marshall",2,"ENG"
5726,"masking",2,"ENG"
5727,"masses",2,"ENG"
5728,"master",2,"ENG"
5729,"matching",2,"ENG"
5730,"math",2,"ENG"
5731,"max",2,"ENG"
5732,"mc",2,"ENG"
5733,"mcdonald",2,"ENG"
5734,"meadows",2,"ENG"
5735,"meaningful",2,"ENG"
5736,"meat",2,"ENG"
5737,"median",2,"ENG"
5738,"medically",2,"ENG"
5739,"medication",2,"ENG"
5740,"meets",2,"ENG"
5741,"mega",2,"ENG"
5742,"melissa",2,"ENG"
5743,"melton",2,"ENG"
5744,"memo",2,"ENG"
5745,"memorable",2,"ENG"
5746,"memories",2,"ENG"
5747,"mendocino",2,"ENG"
5748,"mep",2,"ENG"
5749,"mercer",2,"ENG"
5750,"mess",2,"ENG"
5751,"messaging",2,"ENG"
5752,"method",2,"ENG"
5753,"methods",2,"ENG"
5754,"mexican",2,"ENG"
5755,"mi5",2,"ENG"
5756,"mick",2,"ENG"
5757,"midday",2,"ENG"
5758,"midnight",2,"ENG"
5759,"midst",2,"ENG"
5760,"milestone",2,"ENG"
5761,"mill",2,"ENG"
5762,"minds",2,"ENG"
5763,"mined",2,"ENG"
5764,"mineral",2,"ENG"
5765,"minimize",2,"ENG"
5766,"minimum",2,"ENG"
5767,"minogue",2,"ENG"
5768,"minus",2,"ENG"
5769,"mischievous",2,"ENG"
5770,"mismanagement",2,"ENG"
5771,"misplaced",2,"ENG"
5772,"misses",2,"ENG"
5773,"mitigate",2,"ENG"
5774,"mixed",2,"ENG"
5775,"mlb",2,"ENG"
5776,"mobile",2,"ENG"
5777,"moderate",2,"ENG"
5778,"modi",2,"ENG"
5779,"mohammed",2,"ENG"
5780,"mohawk",2,"ENG"
5781,"monica",2,"ENG"
5782,"monitored",2,"ENG"
5783,"montana",2,"ENG"
5784,"montreal",2,"ENG"
5785,"moose",2,"ENG"
5786,"morally",2,"ENG"
5787,"morgan",2,"ENG"
5788,"moscow",2,"ENG"
5789,"mosquitoes",2,"ENG"
5790,"motivated",2,"ENG"
5791,"motshekga",2,"ENG"
5792,"movements",2,"ENG"
5793,"msi",2,"ENG"
5794,"msp",2,"ENG"
5795,"mud",2,"ENG"
5796,"munchie",2,"ENG"
5797,"murdered",2,"ENG"
5798,"murders",2,"ENG"
5799,"murky",2,"ENG"
5800,"muscle",2,"ENG"
5801,"museums",2,"ENG"
5802,"musical",2,"ENG"
5803,"musicians",2,"ENG"
5804,"muslim",2,"ENG"
5805,"myriad",2,"ENG"
5806,"mysterious",2,"ENG"
5807,"myth",2,"ENG"
5808,"nail",2,"ENG"
5809,"naira",2,"ENG"
5810,"naming",2,"ENG"
5811,"nancy",2,"ENG"
5812,"narita",2,"ENG"
5813,"narrow",2,"ENG"
5814,"nash",2,"ENG"
5815,"nasty",2,"ENG"
5816,"natal",2,"ENG"
5817,"naval",2,"ENG"
5818,"navalny",2,"ENG"
5819,"navarro",2,"ENG"
5820,"nazi",2,"ENG"
5821,"ncdc",2,"ENG"
5822,"ndp",2,"ENG"
5823,"neared",2,"ENG"
5824,"neck",2,"ENG"
5825,"needing",2,"ENG"
5826,"needy",2,"ENG"
5827,"neglected",2,"ENG"
5828,"netanyahu",2,"ENG"
5829,"neural",2,"ENG"
5830,"newsnight",2,"ENG"
5831,"newsom",2,"ENG"
5832,"niece",2,"ENG"
5833,"nielsen",2,"ENG"
5834,"niger",2,"ENG"
5835,"nigerian",2,"ENG"
5836,"nightmare",2,"ENG"
5837,"ninth",2,"ENG"
5838,"nkrumah",2,"ENG"
5839,"noa",2,"ENG"
5840,"nobody",2,"ENG"
5841,"nominated",2,"ENG"
5842,"nomination",2,"ENG"
5843,"nonviolent",2,"ENG"
5844,"noon",2,"ENG"
5845,"northeastern",2,"ENG"
5846,"nose",2,"ENG"
5847,"noses",2,"ENG"
5848,"npr",2,"ENG"
5849,"nuanced",2,"ENG"
5850,"nursing",2,"ENG"
5851,"nyse",2,"ENG"
5852,"objection",2,"ENG"
5853,"observation",2,"ENG"
5854,"observations",2,"ENG"
5855,"observatory",2,"ENG"
5856,"observed",2,"ENG"
5857,"occasionally",2,"ENG"
5858,"odds",2,"ENG"
5859,"odeh",2,"ENG"
5860,"odoi",2,"ENG"
5861,"offence",2,"ENG"
5862,"offense",2,"ENG"
5863,"offseason",2,"ENG"
5864,"offside",2,"ENG"
5865,"oftentimes",2,"ENG"
5866,"ok",2,"ENG"
5867,"oliver",2,"ENG"
5868,"olympian",2,"ENG"
5869,"olympics",2,"ENG"
5870,"omaha",2,"ENG"
5871,"onset",2,"ENG"
5872,"ontario",2,"ENG"
5873,"opener",2,"ENG"
5874,"openly",2,"ENG"
5875,"opens",2,"ENG"
5876,"operational",2,"ENG"
5877,"opinion",2,"ENG"
5878,"opinions",2,"ENG"
5879,"opposed",2,"ENG"
5880,"opposite",2,"ENG"
5881,"opted",2,"ENG"
5882,"ordinance",2,"ENG"
5883,"org",2,"ENG"
5884,"organisations",2,"ENG"
5885,"orientation",2,"ENG"
5886,"orlando",2,"ENG"
5887,"orleans",2,"ENG"
5888,"osinbajo",2,"ENG"
5889,"ottawa",2,"ENG"
5890,"ought",2,"ENG"
5891,"ounces",2,"ENG"
5892,"outdoors",2,"ENG"
5893,"outing",2,"ENG"
5894,"outlet",2,"ENG"
5895,"outlook",2,"ENG"
5896,"outrageous",2,"ENG"
5897,"overlooked",2,"ENG"
5898,"oversee",2,"ENG"
5899,"overtime",2,"ENG"
5900,"overweight",2,"ENG"
5901,"overwhelming",2,"ENG"
5902,"overwhelmingly",2,"ENG"
5903,"owe",2,"ENG"
5904,"owens",2,"ENG"
5905,"ownership",2,"ENG"
5906,"pac",2,"ENG"
5907,"pacific",2,"ENG"
5908,"packages",2,"ENG"
5909,"pad",2,"ENG"
5910,"pahuja",2,"ENG"
5911,"painful",2,"ENG"
5912,"painted",2,"ENG"
5913,"paired",2,"ENG"
5914,"palmer",2,"ENG"
5915,"pan",2,"ENG"
5916,"panthers",2,"ENG"
5917,"pants",2,"ENG"
5918,"par",2,"ENG"
5919,"parade",2,"ENG"
5920,"paradise",2,"ENG"
5921,"paramount",2,"ENG"
5922,"parastatals",2,"ENG"
5923,"parish",2,"ENG"
5924,"parramatta",2,"ENG"
5925,"participation",2,"ENG"
5926,"partisan",2,"ENG"
5927,"partners",2,"ENG"
5928,"passion",2,"ENG"
5929,"passionate",2,"ENG"
5930,"pat",2,"ENG"
5931,"paths",2,"ENG"
5932,"patience",2,"ENG"
5933,"patrick",2,"ENG"
5934,"patronage",2,"ENG"
5935,"patrons",2,"ENG"
5936,"paul",2,"ENG"
5937,"pause",2,"ENG"
5938,"peacefully",2,"ENG"
5939,"pediatric",2,"ENG"
5940,"peek",2,"ENG"
5941,"pelosi",2,"ENG"
5942,"penalties",2,"ENG"
5943,"peninsula",2,"ENG"
5944,"pension",2,"ENG"
5945,"pentagon",2,"ENG"
5946,"pepper",2,"ENG"
5947,"peppers",2,"ENG"
5948,"perceived",2,"ENG"
5949,"perez",2,"ENG"
5950,"performers",2,"ENG"
5951,"permission",2,"ENG"
5952,"permitted",2,"ENG"
5953,"perry",2,"ENG"
5954,"persistent",2,"ENG"
5955,"persona",2,"ENG"
5956,"personalities",2,"ENG"
5957,"personality",2,"ENG"
5958,"persuade",2,"ENG"
5959,"pertaining",2,"ENG"
5960,"pet",2,"ENG"
5961,"petroleum",2,"ENG"
5962,"pets",2,"ENG"
5963,"pharma",2,"ENG"
5964,"phases",2,"ENG"
5965,"physically",2,"ENG"
5966,"picking",2,"ENG"
5967,"pictured",2,"ENG"
5968,"pictures",2,"ENG"
5969,"pilots",2,"ENG"
5970,"pin",2,"ENG"
5971,"pinto",2,"ENG"
5972,"pirates",2,"ENG"
5973,"pitching",2,"ENG"
5974,"pitt",2,"ENG"
5975,"placement",2,"ENG"
5976,"placing",2,"ENG"
5977,"plague",2,"ENG"
5978,"plainly",2,"ENG"
5979,"plate",2,"ENG"
5980,"plates",2,"ENG"
5981,"playoff",2,"ENG"
5982,"plea",2,"ENG"
5983,"pleaded",2,"ENG"
5984,"pleas",2,"ENG"
5985,"pleasant",2,"ENG"
5986,"pledges",2,"ENG"
5987,"pneumonia",2,"ENG"
5988,"pocketing",2,"ENG"
5989,"pointer",2,"ENG"
5990,"pointers",2,"ENG"
5991,"poison",2,"ENG"
5992,"pokemon",2,"ENG"
5993,"policing",2,"ENG"
5994,"politically",2,"ENG"
5995,"politician",2,"ENG"
5996,"politicians",2,"ENG"
5997,"pollinator",2,"ENG"
5998,"pollution",2,"ENG"
5999,"polo",2,"ENG"
6000,"pompeo",2,"ENG"
6001,"pop",2,"ENG"
6002,"pope",2,"ENG"
6003,"popping",2,"ENG"
6004,"portal",2,"ENG"
6005,"porter",2,"ENG"
6006,"portfolio",2,"ENG"
6007,"portions",2,"ENG"
6008,"portrait",2,"ENG"
6009,"portray",2,"ENG"
6010,"portrayal",2,"ENG"
6011,"ports",2,"ENG"
6012,"portsmouth",2,"ENG"
6013,"posing",2,"ENG"
6014,"positively",2,"ENG"
6015,"postage",2,"ENG"
6016,"posting",2,"ENG"
6017,"practically",2,"ENG"
6018,"practicing",2,"ENG"
6019,"pradesh",2,"ENG"
6020,"praising",2,"ENG"
6021,"prayer",2,"ENG"
6022,"preach",2,"ENG"
6023,"precaution",2,"ENG"
6024,"preceded",2,"ENG"
6025,"precedent",2,"ENG"
6026,"precious",2,"ENG"
6027,"preference",2,"ENG"
6028,"pregnant",2,"ENG"
6029,"premature",2,"ENG"
6030,"presenter",2,"ENG"
6031,"presenting",2,"ENG"
6032,"pressed",2,"ENG"
6033,"pressures",2,"ENG"
6034,"pressuring",2,"ENG"
6035,"prestigious",2,"ENG"
6036,"presumably",2,"ENG"
6037,"prevalence",2,"ENG"
6038,"prevent",2,"ENG"
6039,"prevents",2,"ENG"
6040,"principal",2,"ENG"
6041,"prints",2,"ENG"
6042,"prisoners",2,"ENG"
6043,"pritzker",2,"ENG"
6044,"privately",2,"ENG"
6045,"privileges",2,"ENG"
6046,"probe",2,"ENG"
6047,"procedures",2,"ENG"
6048,"proceeded",2,"ENG"
6049,"procession",2,"ENG"
6050,"produce",2,"ENG"
6051,"producer",2,"ENG"
6052,"product",2,"ENG"
6053,"productions",2,"ENG"
6054,"prof",2,"ENG"
6055,"profession",2,"ENG"
6056,"profits",2,"ENG"
6057,"prohibiting",2,"ENG"
6058,"projected",2,"ENG"
6059,"prominence",2,"ENG"
6060,"promising",2,"ENG"
6061,"promoted",2,"ENG"
6062,"prompt",2,"ENG"
6063,"prompting",2,"ENG"
6064,"proof",2,"ENG"
6065,"prospects",2,"ENG"
6066,"prostate",2,"ENG"
6067,"proudly",2,"ENG"
6068,"proven",2,"ENG"
6069,"proves",2,"ENG"
6070,"provincial",2,"ENG"
6071,"provision",2,"ENG"
6072,"pt",2,"ENG"
6073,"pub",2,"ENG"
6074,"publisher",2,"ENG"
6075,"pubs",2,"ENG"
6076,"puja",2,"ENG"
6077,"pump",2,"ENG"
6078,"punitive",2,"ENG"
6079,"pupils",2,"ENG"
6080,"purchase",2,"ENG"
6081,"purchases",2,"ENG"
6082,"puzzle",2,"ENG"
6083,"q",2,"ENG"
6084,"quad",2,"ENG"
6085,"quantity",2,"ENG"
6086,"quarterfinal",2,"ENG"
6087,"quarters",2,"ENG"
6088,"quick",2,"ENG"
6089,"quietly",2,"ENG"
6090,"quo",2,"ENG"
6091,"quoted",2,"ENG"
6092,"raab",2,"ENG"
6093,"rabe",2,"ENG"
6094,"racing",2,"ENG"
6095,"racism",2,"ENG"
6096,"rail",2,"ENG"
6097,"rallies",2,"ENG"
6098,"rampant",2,"ENG"
6099,"ranch",2,"ENG"
6100,"randall",2,"ENG"
6101,"ranking",2,"ENG"
6102,"ransom",2,"ENG"
6103,"rape",2,"ENG"
6104,"rapper",2,"ENG"
6105,"rat",2,"ENG"
6106,"ratings",2,"ENG"
6107,"rational",2,"ENG"
6108,"raw",2,"ENG"
6109,"ray",2,"ENG"
6110,"rbi",2,"ENG"
6111,"reaching",2,"ENG"
6112,"realised",2,"ENG"
6113,"realities",2,"ENG"
6114,"realized",2,"ENG"
6115,"reasoning",2,"ENG"
6116,"recalls",2,"ENG"
6117,"receipts",2,"ENG"
6118,"recipes",2,"ENG"
6119,"recognition",2,"ENG"
6120,"recounted",2,"ENG"
6121,"recreation",2,"ENG"
6122,"recruited",2,"ENG"
6123,"recycle",2,"ENG"
6124,"reddick",2,"ENG"
6125,"redeem",2,"ENG"
6126,"ref",2,"ENG"
6127,"referendum",2,"ENG"
6128,"reflected",2,"ENG"
6129,"reflection",2,"ENG"
6130,"refrain",2,"ENG"
6131,"regard",2,"ENG"
6132,"regardless",2,"ENG"
6133,"regina",2,"ENG"
6134,"register",2,"ENG"
6135,"regulators",2,"ENG"
6136,"reigning",2,"ENG"
6137,"reissued",2,"ENG"
6138,"reiterated",2,"ENG"
6139,"reject",2,"ENG"
6140,"rejoice",2,"ENG"
6141,"relax",2,"ENG"
6142,"reliable",2,"ENG"
6143,"reliant",2,"ENG"
6144,"relocate",2,"ENG"
6145,"relocated",2,"ENG"
6146,"relying",2,"ENG"
6147,"remainder",2,"ENG"
6148,"remarked",2,"ENG"
6149,"removal",2,"ENG"
6150,"renaissance",2,"ENG"
6151,"renee",2,"ENG"
6152,"renovation",2,"ENG"
6153,"renowned",2,"ENG"
6154,"rented",2,"ENG"
6155,"repercussions",2,"ENG"
6156,"replicate",2,"ENG"
6157,"representatives",2,"ENG"
6158,"requesting",2,"ENG"
6159,"requirement",2,"ENG"
6160,"rescheduled",2,"ENG"
6161,"rescued",2,"ENG"
6162,"researchers",2,"ENG"
6163,"residency",2,"ENG"
6164,"resign",2,"ENG"
6165,"resigned",2,"ENG"
6166,"resist",2,"ENG"
6167,"resisting",2,"ENG"
6168,"resolutions",2,"ENG"
6169,"respects",2,"ENG"
6170,"respondents",2,"ENG"
6171,"responsibilities",2,"ENG"
6172,"restless",2,"ENG"
6173,"restoration",2,"ENG"
6174,"restrooms",2,"ENG"
6175,"rests",2,"ENG"
6176,"retailers",2,"ENG"
6177,"retired",2,"ENG"
6178,"revamped",2,"ENG"
6179,"revelation",2,"ENG"
6180,"reverse",2,"ENG"
6181,"revived",2,"ENG"
6182,"revolution",2,"ENG"
6183,"rhetoric",2,"ENG"
6184,"richard",2,"ENG"
6185,"richest",2,"ENG"
6186,"rick",2,"ENG"
6187,"rides",2,"ENG"
6188,"riding",2,"ENG"
6189,"rifle",2,"ENG"
6190,"riley",2,"ENG"
6191,"rink",2,"ENG"
6192,"riots",2,"ENG"
6193,"ripped",2,"ENG"
6194,"risky",2,"ENG"
6195,"rob",2,"ENG"
6196,"robot",2,"ENG"
6197,"robots",2,"ENG"
6198,"robust",2,"ENG"
6199,"rocks",2,"ENG"
6200,"rodeo",2,"ENG"
6201,"rodgers",2,"ENG"
6202,"rohingya",2,"ENG"
6203,"rome",2,"ENG"
6204,"roosevelt",2,"ENG"
6205,"rosa",2,"ENG"
6206,"ross",2,"ENG"
6207,"rosters",2,"ENG"
6208,"rotation",2,"ENG"
6209,"rounded",2,"ENG"
6210,"royalty",2,"ENG"
6211,"rss",2,"ENG"
6212,"rubber",2,"ENG"
6213,"ruined",2,"ENG"
6214,"runner",2,"ENG"
6215,"rushing",2,"ENG"
6216,"s20",2,"ENG"
6217,"sa",2,"ENG"
6218,"sad",2,"ENG"
6219,"sage",2,"ENG"
6220,"saints",2,"ENG"
6221,"sake",2,"ENG"
6222,"salons",2,"ENG"
6223,"sampling",2,"ENG"
6224,"sandeep",2,"ENG"
6225,"sandra",2,"ENG"
6226,"sandwich",2,"ENG"
6227,"sandwiches",2,"ENG"
6228,"sanitisers",2,"ENG"
6229,"sanitizers",2,"ENG"
6230,"sanitizing",2,"ENG"
6231,"saudi",2,"ENG"
6232,"saving",2,"ENG"
6233,"scandal",2,"ENG"
6234,"scare",2,"ENG"
6235,"scary",2,"ENG"
6236,"scenarios",2,"ENG"
6237,"schedules",2,"ENG"
6238,"schemes",2,"ENG"
6239,"schultz",2,"ENG"
6240,"scientist",2,"ENG"
6241,"scoring",2,"ENG"
6242,"scorpion",2,"ENG"
6243,"screens",2,"ENG"
6244,"screenshot",2,"ENG"
6245,"scrum",2,"ENG"
6246,"searched",2,"ENG"
6247,"seasonal",2,"ENG"
6248,"seated",2,"ENG"
6249,"sebastian",2,"ENG"
6250,"secondary",2,"ENG"
6251,"secret",2,"ENG"
6252,"secured",2,"ENG"
6253,"seek",2,"ENG"
6254,"segmental",2,"ENG"
6255,"select",2,"ENG"
6256,"selena",2,"ENG"
6257,"selfish",2,"ENG"
6258,"selflessly",2,"ENG"
6259,"sentence",2,"ENG"
6260,"sentenced",2,"ENG"
6261,"serbia",2,"ENG"
6262,"serene",2,"ENG"
6263,"sergeant",2,"ENG"
6264,"seriousness",2,"ENG"
6265,"servant",2,"ENG"
6266,"servings",2,"ENG"
6267,"settlement",2,"ENG"
6268,"seventeen",2,"ENG"
6269,"sewing",2,"ENG"
6270,"shanghai",2,"ENG"
6271,"shareholders",2,"ENG"
6272,"shark",2,"ENG"
6273,"sharma",2,"ENG"
6274,"sharp",2,"ENG"
6275,"sheets",2,"ENG"
6276,"shehba",2,"ENG"
6277,"shelly",2,"ENG"
6278,"shi",2,"ENG"
6279,"shine",2,"ENG"
6280,"ships",2,"ENG"
6281,"shirts",2,"ENG"
6282,"shock",2,"ENG"
6283,"shocked",2,"ENG"
6284,"shocking",2,"ENG"
6285,"shorter",2,"ENG"
6286,"shoulder",2,"ENG"
6287,"showdown",2,"ENG"
6288,"shutdown",2,"ENG"
6289,"siblings",2,"ENG"
6290,"sideline",2,"ENG"
6291,"sidewalk",2,"ENG"
6292,"sideways",2,"ENG"
6293,"sierra",2,"ENG"
6294,"similarly",2,"ENG"
6295,"simultaneously",2,"ENG"
6296,"singapore",2,"ENG"
6297,"sirens",2,"ENG"
6298,"skeptical",2,"ENG"
6299,"skepticism",2,"ENG"
6300,"slowing",2,"ENG"
6301,"slowly",2,"ENG"
6302,"slumped",2,"ENG"
6303,"smackdown",2,"ENG"
6304,"smartphone",2,"ENG"
6305,"smarts",2,"ENG"
6306,"smolevichi",2,"ENG"
6307,"smoothly",2,"ENG"
6308,"snell",2,"ENG"
6309,"sniper",2,"ENG"
6310,"snowmobile",2,"ENG"
6311,"snyder",2,"ENG"
6312,"soar",2,"ENG"
6313,"soared",2,"ENG"
6314,"sober",2,"ENG"
6315,"soil",2,"ENG"
6316,"solar",2,"ENG"
6317,"sole",2,"ENG"
6318,"soleimani",2,"ENG"
6319,"solidarity",2,"ENG"
6320,"solo",2,"ENG"
6321,"sons",2,"ENG"
6322,"sony",2,"ENG"
6323,"sophomore",2,"ENG"
6324,"sorts",2,"ENG"
6325,"sought",2,"ENG"
6326,"southwest",2,"ENG"
6327,"soviet",2,"ENG"
6328,"soviets",2,"ENG"
6329,"sparked",2,"ENG"
6330,"speakers",2,"ENG"
6331,"spear",2,"ENG"
6332,"spectacle",2,"ENG"
6333,"speculated",2,"ENG"
6334,"speculation",2,"ENG"
6335,"speeches",2,"ENG"
6336,"speeds",2,"ENG"
6337,"spell",2,"ENG"
6338,"spice",2,"ENG"
6339,"spider",2,"ENG"
6340,"spin",2,"ENG"
6341,"spinning",2,"ENG"
6342,"spitting",2,"ENG"
6343,"spoken",2,"ENG"
6344,"sponsor",2,"ENG"
6345,"springs",2,"ENG"
6346,"sri",2,"ENG"
6347,"stab",2,"ENG"
6348,"stadiums",2,"ENG"
6349,"staffed",2,"ENG"
6350,"stages",2,"ENG"
6351,"stairs",2,"ENG"
6352,"stall",2,"ENG"
6353,"stanford",2,"ENG"
6354,"stanley",2,"ENG"
6355,"starred",2,"ENG"
6356,"starter",2,"ENG"
6357,"stationed",2,"ENG"
6358,"stealing",2,"ENG"
6359,"steepest",2,"ENG"
6360,"stem",2,"ENG"
6361,"stew",2,"ENG"
6362,"stewart",2,"ENG"
6363,"sticking",2,"ENG"
6364,"sticks",2,"ENG"
6365,"stirring",2,"ENG"
6366,"stirs",2,"ENG"
6367,"stole",2,"ENG"
6368,"stomach",2,"ENG"
6369,"stones",2,"ENG"
6370,"storage",2,"ENG"
6371,"stored",2,"ENG"
6372,"straightforward",2,"ENG"
6373,"strategic",2,"ENG"
6374,"streak",2,"ENG"
6375,"stress",2,"ENG"
6376,"stretches",2,"ENG"
6377,"strongest",2,"ENG"
6378,"stuart",2,"ENG"
6379,"studios",2,"ENG"
6380,"stunning",2,"ENG"
6381,"sub",2,"ENG"
6382,"submit",2,"ENG"
6383,"subsequent",2,"ENG"
6384,"substance",2,"ENG"
6385,"substances",2,"ENG"
6386,"succeed",2,"ENG"
6387,"successfully",2,"ENG"
6388,"succession",2,"ENG"
6389,"sudden",2,"ENG"
6390,"suffer",2,"ENG"
6391,"sugar",2,"ENG"
6392,"suggested",2,"ENG"
6393,"suicidal",2,"ENG"
6394,"suicide",2,"ENG"
6395,"suits",2,"ENG"
6396,"sullivan",2,"ENG"
6397,"summit",2,"ENG"
6398,"summoned",2,"ENG"
6399,"superman",2,"ENG"
6400,"supplied",2,"ENG"
6401,"suppressing",2,"ENG"
6402,"supremacist",2,"ENG"
6403,"surely",2,"ENG"
6404,"surfaced",2,"ENG"
6405,"surfer",2,"ENG"
6406,"surprised",2,"ENG"
6407,"surrendered",2,"ENG"
6408,"surrounded",2,"ENG"
6409,"survived",2,"ENG"
6410,"survivor",2,"ENG"
6411,"susceptible",2,"ENG"
6412,"suspected",2,"ENG"
6413,"suspicious",2,"ENG"
6414,"sustain",2,"ENG"
6415,"swallowing",2,"ENG"
6416,"swear",2,"ENG"
6417,"sweet",2,"ENG"
6418,"swept",2,"ENG"
6419,"swim",2,"ENG"
6420,"swing",2,"ENG"
6421,"symbolic",2,"ENG"
6422,"syndrome",2,"ENG"
6423,"syria",2,"ENG"
6424,"tab",2,"ENG"
6425,"tablets",2,"ENG"
6426,"taboo",2,"ENG"
6427,"tackles",2,"ENG"
6428,"tagged",2,"ENG"
6429,"tagovailoa",2,"ENG"
6430,"tait",2,"ENG"
6431,"taiwan",2,"ENG"
6432,"taliban",2,"ENG"
6433,"tall",2,"ENG"
6434,"tampa",2,"ENG"
6435,"targeting",2,"ENG"
6436,"taste",2,"ENG"
6437,"taught",2,"ENG"
6438,"taxes",2,"ENG"
6439,"taxpayer",2,"ENG"
6440,"tayshia",2,"ENG"
6441,"teach",2,"ENG"
6442,"teamwork",2,"ENG"
6443,"tearing",2,"ENG"
6444,"teaser",2,"ENG"
6445,"techniques",2,"ENG"
6446,"teddy",2,"ENG"
6447,"teen",2,"ENG"
6448,"teenager",2,"ENG"
6449,"telescope",2,"ENG"
6450,"temple",2,"ENG"
6451,"tender",2,"ENG"
6452,"tense",2,"ENG"
6453,"tents",2,"ENG"
6454,"terrain",2,"ENG"
6455,"territories",2,"ENG"
6456,"terrorism",2,"ENG"
6457,"terrorist",2,"ENG"
6458,"terrorists",2,"ENG"
6459,"tesla",2,"ENG"
6460,"testified",2,"ENG"
6461,"testimonial",2,"ENG"
6462,"thankful",2,"ENG"
6463,"theatres",2,"ENG"
6464,"themes",2,"ENG"
6465,"therapists",2,"ENG"
6466,"thermal",2,"ENG"
6467,"thick",2,"ENG"
6468,"thor",2,"ENG"
6469,"thoroughly",2,"ENG"
6470,"thoughts",2,"ENG"
6471,"thrashed",2,"ENG"
6472,"threats",2,"ENG"
6473,"threshold",2,"ENG"
6474,"throws",2,"ENG"
6475,"tickets",2,"ENG"
6476,"tie",2,"ENG"
6477,"tier",2,"ENG"
6478,"tiger",2,"ENG"
6479,"tigers",2,"ENG"
6480,"tightened",2,"ENG"
6481,"timely",2,"ENG"
6482,"titled",2,"ENG"
6483,"titular",2,"ENG"
6484,"token",2,"ENG"
6485,"tommy",2,"ENG"
6486,"topic",2,"ENG"
6487,"torres",2,"ENG"
6488,"toss",2,"ENG"
6489,"touching",2,"ENG"
6490,"towel",2,"ENG"
6491,"tower",2,"ENG"
6492,"towers",2,"ENG"
6493,"toxic",2,"ENG"
6494,"toyota",2,"ENG"
6495,"trace",2,"ENG"
6496,"tracing",2,"ENG"
6497,"tradition",2,"ENG"
6498,"traditionally",2,"ENG"
6499,"traditions",2,"ENG"
6500,"traitors",2,"ENG"
6501,"transactions",2,"ENG"
6502,"transfers",2,"ENG"
6503,"transformation",2,"ENG"
6504,"transgender",2,"ENG"
6505,"transportation",2,"ENG"
6506,"trap",2,"ENG"
6507,"trapped",2,"ENG"
6508,"trash",2,"ENG"
6509,"traumatic",2,"ENG"
6510,"travelers",2,"ENG"
6511,"travels",2,"ENG"
6512,"treating",2,"ENG"
6513,"treaty",2,"ENG"
6514,"trees",2,"ENG"
6515,"tremendous",2,"ENG"
6516,"tremendously",2,"ENG"
6517,"tribune",2,"ENG"
6518,"triggered",2,"ENG"
6519,"trillion",2,"ENG"
6520,"trio",2,"ENG"
6521,"trips",2,"ENG"
6522,"troopers",2,"ENG"
6523,"trucks",2,"ENG"
6524,"trudeau",2,"ENG"
6525,"trumpism",2,"ENG"
6526,"trusted",2,"ENG"
6527,"tumultuous",2,"ENG"
6528,"turing",2,"ENG"
6529,"turnout",2,"ENG"
6530,"ubisoft",2,"ENG"
6531,"ucla",2,"ENG"
6532,"uganda",2,"ENG"
6533,"ugly",2,"ENG"
6534,"ukraine",2,"ENG"
6535,"unaware",2,"ENG"
6536,"uncertainties",2,"ENG"
6537,"unclear",2,"ENG"
6538,"uncomfortable",2,"ENG"
6539,"understanding",2,"ENG"
6540,"undertaken",2,"ENG"
6541,"underway",2,"ENG"
6542,"underwent",2,"ENG"
6543,"undo",2,"ENG"
6544,"unemployed",2,"ENG"
6545,"unexpected",2,"ENG"
6546,"unfold",2,"ENG"
6547,"unity",2,"ENG"
6548,"universal",2,"ENG"
6549,"unleashing",2,"ENG"
6550,"unofficial",2,"ENG"
6551,"unsure",2,"ENG"
6552,"upset",2,"ENG"
6553,"upwards",2,"ENG"
6554,"urgency",2,"ENG"
6555,"urgently",2,"ENG"
6556,"urges",2,"ENG"
6557,"urging",2,"ENG"
6558,"usac",2,"ENG"
6559,"useful",2,"ENG"
6560,"utilities",2,"ENG"
6561,"utilized",2,"ENG"
6562,"v",2,"ENG"
6563,"vacancy",2,"ENG"
6564,"vaccination",2,"ENG"
6565,"valid",2,"ENG"
6566,"vandalism",2,"ENG"
6567,"vegetables",2,"ENG"
6568,"ventilators",2,"ENG"
6569,"vera",2,"ENG"
6570,"verified",2,"ENG"
6571,"verify",2,"ENG"
6572,"veto",2,"ENG"
6573,"viable",2,"ENG"
6574,"vienna",2,"ENG"
6575,"viewing",2,"ENG"
6576,"villains",2,"ENG"
6577,"vince",2,"ENG"
6578,"vindicated",2,"ENG"
6579,"violations",2,"ENG"
6580,"viruses",2,"ENG"
6581,"visible",2,"ENG"
6582,"visited",2,"ENG"
6583,"vocation",2,"ENG"
6584,"vodafone",2,"ENG"
6585,"volatile",2,"ENG"
6586,"volta",2,"ENG"
6587,"voluntarily",2,"ENG"
6588,"voluntary",2,"ENG"
6589,"volunteer",2,"ENG"
6590,"wages",2,"ENG"
6591,"walks",2,"ENG"
6592,"wallpaper",2,"ENG"
6593,"walsh",2,"ENG"
6594,"walz",2,"ENG"
6595,"warmth",2,"ENG"
6596,"warren",2,"ENG"
6597,"wasted",2,"ENG"
6598,"watches",2,"ENG"
6599,"wears",2,"ENG"
6600,"websites",2,"ENG"
6601,"wedding",2,"ENG"
6602,"weed",2,"ENG"
6603,"weighed",2,"ENG"
6604,"welcomed",2,"ENG"
6605,"wheat",2,"ENG"
6606,"whichever",2,"ENG"
6607,"whopping",2,"ENG"
6608,"willow",2,"ENG"
6609,"winds",2,"ENG"
6610,"wiping",2,"ENG"
6611,"wisdom",2,"ENG"
6612,"wiser",2,"ENG"
6613,"withdrawing",2,"ENG"
6614,"witnesses",2,"ENG"
6615,"wondering",2,"ENG"
6616,"wounds",2,"ENG"
6617,"yankees",2,"ENG"
6618,"yeah",2,"ENG"
6619,"yearly",2,"ENG"
6620,"yelled",2,"ENG"
6621,"yoda",2,"ENG"
6622,"yorkers",2,"ENG"
6623,"yorkshire",2,"ENG"
6624,"yuan",2,"ENG"
6625,"ywca",2,"ENG"
6626,"zach",2,"ENG"
6627,"zenith",2,"ENG"
6628,"zoo",2,"ENG"
6629,"zuckerberg",2,"ENG"
6630,"zuko",2,"ENG"
6631,"zw",2,"ENG"
6632,"zwl",2,"ENG"
