"wordID","word","frequency","language"
1,"a",9827,"HUN"
2,"az",3527,"HUN"
3,"és",1697,"HUN"
4,"hogy",1215,"HUN"
5,"is",1183,"HUN"
6,"nem",670,"HUN"
7,"egy",656,"HUN"
8,"szerint",406,"HUN"
9,"meg",356,"HUN"
10,"de",316,"HUN"
11,"volt",313,"HUN"
12,"már",263,"HUN"
13,"azt",261,"HUN"
14,"még",240,"HUN"
15,"el",215,"HUN"
16,"csak",214,"HUN"
17,"pedig",214,"HUN"
18,"ki",208,"HUN"
19,"magyar",194,"HUN"
20,"több",192,"HUN"
21,"van",182,"HUN"
22,"mint",173,"HUN"
23,"két",167,"HUN"
24,"be",159,"HUN"
25,"1",153,"HUN"
26,"miatt",150,"HUN"
27,"majd",149,"HUN"
28,"orosz",145,"HUN"
29,"ez",140,"HUN"
30,"sem",140,"HUN"
31,"így",137,"HUN"
32,"után",137,"HUN"
33,"új",136,"HUN"
34,"vagy",135,"HUN"
35,"azonban",134,"HUN"
36,"nagy",134,"HUN"
37,"között",131,"HUN"
38,"ami",128,"HUN"
39,"első",124,"HUN"
40,"egyik",123,"HUN"
41,"kell",123,"HUN"
42,"aki",121,"HUN"
43,"ha",117,"HUN"
44,"olyan",117,"HUN"
45,"fel",114,"HUN"
46,"2",111,"HUN"
47,"lehet",111,"HUN"
48,"lesz",110,"HUN"
49,"arra",104,"HUN"
50,"úgy",102,"HUN"
51,"éves",101,"HUN"
52,"százalékkal",101,"HUN"
53,"most",99,"HUN"
54,"5",98,"HUN"
55,"ezer",97,"HUN"
56,"akkor",96,"HUN"
57,"minden",96,"HUN"
58,"3",95,"HUN"
59,"milliárd",95,"HUN"
60,"amikor",92,"HUN"
61,"millió",92,"HUN"
62,"európai",91,"HUN"
63,"mert",91,"HUN"
64,"valamint",89,"HUN"
65,"amely",88,"HUN"
66,"számára",86,"HUN"
67,"kormány",84,"HUN"
68,"mellett",84,"HUN"
69,"forint",83,"HUN"
70,"ukrán",83,"HUN"
71,"mondta",82,"HUN"
72,"ben",80,"HUN"
73,"év",78,"HUN"
74,"előtt",77,"HUN"
75,"alatt",75,"HUN"
76,"es",75,"HUN"
77,"második",75,"HUN"
78,"arról",74,"HUN"
79,"6",73,"HUN"
80,"által",73,"HUN"
81,"óta",73,"HUN"
82,"én",72,"HUN"
83,"ezt",72,"HUN"
84,"ugyanis",72,"HUN"
85,"0",69,"HUN"
86,"férfi",69,"HUN"
87,"három",69,"HUN"
88,"más",69,"HUN"
89,"s",69,"HUN"
90,"4",67,"HUN"
91,"viszont",67,"HUN"
92,"százalékos",66,"HUN"
93,"9",65,"HUN"
94,"át",65,"HUN"
95,"nagyon",65,"HUN"
96,"bár",64,"HUN"
97,"10",63,"HUN"
98,"ahol",63,"HUN"
99,"hiszen",63,"HUN"
100,"idén",63,"HUN"
101,"akik",62,"HUN"
102,"le",62,"HUN"
103,"amerikai",61,"HUN"
104,"15",58,"HUN"
105,"8",57,"HUN"
106,"akár",57,"HUN"
107,"amit",57,"HUN"
108,"egyre",57,"HUN"
109,"illetve",57,"HUN"
110,"jó",57,"HUN"
111,"lett",57,"HUN"
112,"nemzeti",57,"HUN"
113,"sok",56,"HUN"
114,"elmúlt",55,"HUN"
115,"közölte",55,"HUN"
116,"alapján",53,"HUN"
117,"ország",53,"HUN"
118,"során",53,"HUN"
119,"7",52,"HUN"
120,"közül",52,"HUN"
121,"való",52,"HUN"
122,"annak",51,"HUN"
123,"ban",51,"HUN"
124,"e",51,"HUN"
125,"százalék",51,"HUN"
126,"teljes",51,"HUN"
127,"ilyen",50,"HUN"
128,"saját",50,"HUN"
129,"ellen",49,"HUN"
130,"ezért",49,"HUN"
131,"hazai",49,"HUN"
132,"míg",49,"HUN"
133,"vannak",49,"HUN"
134,"2021",48,"HUN"
135,"együtt",48,"HUN"
136,"hanem",48,"HUN"
137,"legnagyobb",48,"HUN"
138,"nincs",48,"HUN"
139,"álló",47,"HUN"
140,"2022",46,"HUN"
141,"hozzá",46,"HUN"
142,"mi",46,"HUN"
143,"mindig",46,"HUN"
144,"nélkül",46,"HUN"
145,"például",46,"HUN"
146,"további",46,"HUN"
147,"volna",46,"HUN"
148,"ám",45,"HUN"
149,"eddig",45,"HUN"
150,"következő",45,"HUN"
151,"követően",45,"HUN"
152,"nagyobb",45,"HUN"
153,"nemzetközi",45,"HUN"
154,"újabb",45,"HUN"
155,"20",44,"HUN"
156,"ahogy",44,"HUN"
157,"cég",44,"HUN"
158,"jól",44,"HUN"
159,"európa",43,"HUN"
160,"képest",43,"HUN"
161,"négy",43,"HUN"
162,"12",42,"HUN"
163,"azzal",42,"HUN"
164,"elnök",42,"HUN"
165,"fontos",42,"HUN"
166,"helyi",42,"HUN"
167,"korábban",42,"HUN"
168,"ott",42,"HUN"
169,"továbbra",42,"HUN"
170,"áll",41,"HUN"
171,"egyesült",41,"HUN"
172,"itt",41,"HUN"
173,"háború",40,"HUN"
174,"került",40,"HUN"
175,"nap",40,"HUN"
176,"re",40,"HUN"
177,"szemben",40,"HUN"
178,"tovább",40,"HUN"
179,"ezzel",39,"HUN"
180,"harmadik",39,"HUN"
181,"írja",39,"HUN"
182,"közösségi",39,"HUN"
183,"történt",39,"HUN"
184,"voltak",39,"HUN"
185,"elleni",38,"HUN"
186,"jelenleg",38,"HUN"
187,"kellett",38,"HUN"
188,"magát",38,"HUN"
189,"megyei",38,"HUN"
190,"amelyek",37,"HUN"
191,"azért",37,"HUN"
192,"emberek",37,"HUN"
193,"lévő",37,"HUN"
194,"miniszterelnök",37,"HUN"
195,"részt",37,"HUN"
196,"30",36,"HUN"
197,"bizottság",36,"HUN"
198,"című",36,"HUN"
199,"korábbi",36,"HUN"
200,"25",35,"HUN"
201,"éppen",35,"HUN"
202,"rendőrség",35,"HUN"
203,"tavaly",35,"HUN"
204,"végén",35,"HUN"
205,"világ",35,"HUN"
206,"abban",34,"HUN"
207,"adott",34,"HUN"
208,"elmondta",34,"HUN"
209,"ember",34,"HUN"
210,"jelent",34,"HUN"
211,"kapott",34,"HUN"
212,"ma",34,"HUN"
213,"18",33,"HUN"
214,"50",33,"HUN"
215,"as",33,"HUN"
216,"elnöke",33,"HUN"
217,"mivel",33,"HUN"
218,"ne",33,"HUN"
219,"szinte",33,"HUN"
220,"11",32,"HUN"
221,"13",32,"HUN"
222,"17",32,"HUN"
223,"19",32,"HUN"
224,"azóta",32,"HUN"
225,"december",32,"HUN"
226,"először",32,"HUN"
227,"helyen",32,"HUN"
228,"hét",32,"HUN"
229,"héten",32,"HUN"
230,"katonai",32,"HUN"
231,"milyen",32,"HUN"
232,"mintegy",32,"HUN"
233,"ő",32,"HUN"
234,"szóló",32,"HUN"
235,"án",31,"HUN"
236,"bank",31,"HUN"
237,"beszélt",31,"HUN"
238,"egész",31,"HUN"
239,"érdekében",31,"HUN"
240,"érkezett",31,"HUN"
241,"forintot",31,"HUN"
242,"inkább",31,"HUN"
243,"kis",31,"HUN"
244,"magas",31,"HUN"
245,"magyarország",31,"HUN"
246,"német",31,"HUN"
247,"oroszország",31,"HUN"
248,"túl",31,"HUN"
249,"uniós",31,"HUN"
250,"vezető",31,"HUN"
251,"16",30,"HUN"
252,"2020",30,"HUN"
253,"21",30,"HUN"
254,"ahhoz",30,"HUN"
255,"állt",30,"HUN"
256,"azok",30,"HUN"
257,"aztán",30,"HUN"
258,"ebben",30,"HUN"
259,"ellenére",30,"HUN"
260,"ennek",30,"HUN"
261,"ezen",30,"HUN"
262,"gazdasági",30,"HUN"
263,"jelentős",30,"HUN"
264,"magyarországon",30,"HUN"
265,"nőtt",30,"HUN"
266,"sikerült",30,"HUN"
267,"számos",30,"HUN"
268,"szeptember",30,"HUN"
269,"szintén",30,"HUN"
270,"tart",30,"HUN"
271,"24",29,"HUN"
272,"egyébként",29,"HUN"
273,"emelkedett",29,"HUN"
274,"fél",29,"HUN"
275,"helyzet",29,"HUN"
276,"idei",29,"HUN"
277,"kapcsolatban",29,"HUN"
278,"közel",29,"HUN"
279,"másik",29,"HUN"
280,"piaci",29,"HUN"
281,"tett",29,"HUN"
282,"ugyanakkor",29,"HUN"
283,"város",29,"HUN"
284,"vasárnap",29,"HUN"
285,"amelyet",28,"HUN"
286,"csökkent",28,"HUN"
287,"csütörtökön",28,"HUN"
288,"legalább",28,"HUN"
289,"maga",28,"HUN"
290,"öt",28,"HUN"
291,"sokan",28,"HUN"
292,"százaléka",28,"HUN"
293,"újra",28,"HUN"
294,"ukrajna",28,"HUN"
295,"utóbbi",28,"HUN"
296,"100",27,"HUN"
297,"államok",27,"HUN"
298,"család",27,"HUN"
299,"elő",27,"HUN"
300,"este",27,"HUN"
301,"eu",27,"HUN"
302,"felé",27,"HUN"
303,"hosszú",27,"HUN"
304,"jelentette",27,"HUN"
305,"közös",27,"HUN"
306,"lehetett",27,"HUN"
307,"női",27,"HUN"
308,"rendőrök",27,"HUN"
309,"sokkal",27,"HUN"
310,"szervezet",27,"HUN"
311,"tette",27,"HUN"
312,"utolsó",27,"HUN"
313,"végül",27,"HUN"
314,"vezetője",27,"HUN"
315,"2023",26,"HUN"
316,"belül",26,"HUN"
317,"brit",26,"HUN"
318,"elején",26,"HUN"
319,"ért",26,"HUN"
320,"esetében",26,"HUN"
321,"euró",26,"HUN"
322,"hétfőn",26,"HUN"
323,"kisebb",26,"HUN"
324,"legjobb",26,"HUN"
325,"miközben",26,"HUN"
326,"mind",26,"HUN"
327,"néhány",26,"HUN"
328,"nő",26,"HUN"
329,"péter",26,"HUN"
330,"t",26,"HUN"
331,"teljesen",26,"HUN"
332,"védelmi",26,"HUN"
333,"2019",25,"HUN"
334,"biztonsági",25,"HUN"
335,"csapat",25,"HUN"
336,"dr",25,"HUN"
337,"egyelőre",25,"HUN"
338,"i",25,"HUN"
339,"köszönhetően",25,"HUN"
340,"közötti",25,"HUN"
341,"különösen",25,"HUN"
342,"lászló",25,"HUN"
343,"mti",25,"HUN"
344,"őket",25,"HUN"
345,"országos",25,"HUN"
346,"program",25,"HUN"
347,"száma",25,"HUN"
348,"szükség",25,"HUN"
349,"vállalat",25,"HUN"
350,"vissza",25,"HUN"
351,"általában",24,"HUN"
352,"augusztus",24,"HUN"
353,"azon",24,"HUN"
354,"csaknem",24,"HUN"
355,"debreceni",24,"HUN"
356,"elég",24,"HUN"
357,"előző",24,"HUN"
358,"évben",24,"HUN"
359,"fő",24,"HUN"
360,"globális",24,"HUN"
361,"idő",24,"HUN"
362,"jár",24,"HUN"
363,"jövő",24,"HUN"
364,"keresztül",24,"HUN"
365,"később",24,"HUN"
366,"legyen",24,"HUN"
367,"neki",24,"HUN"
368,"pénteken",24,"HUN"
369,"szombaton",24,"HUN"
370,"tartott",24,"HUN"
371,"többek",24,"HUN"
372,"ukrajnai",24,"HUN"
373,"zrt",24,"HUN"
374,"40",23,"HUN"
375,"azonnal",23,"HUN"
376,"hatalmas",23,"HUN"
377,"kapcsolatos",23,"HUN"
378,"kiderült",23,"HUN"
379,"napi",23,"HUN"
380,"oldalán",23,"HUN"
381,"összesen",23,"HUN"
382,"pénzügyi",23,"HUN"
383,"részét",23,"HUN"
384,"súlyos",23,"HUN"
385,"szerzett",23,"HUN"
386,"tudja",23,"HUN"
387,"április",22,"HUN"
388,"budapesti",22,"HUN"
389,"csoport",22,"HUN"
390,"egészen",22,"HUN"
391,"erős",22,"HUN"
392,"erre",22,"HUN"
393,"éve",22,"HUN"
394,"évvel",22,"HUN"
395,"ezek",22,"HUN"
396,"fiatal",22,"HUN"
397,"fog",22,"HUN"
398,"hangsúlyozta",22,"HUN"
399,"hivatalos",22,"HUN"
400,"indult",22,"HUN"
401,"infláció",22,"HUN"
402,"ismét",22,"HUN"
403,"kedden",22,"HUN"
404,"keleti",22,"HUN"
405,"magasabb",22,"HUN"
406,"nyugati",22,"HUN"
407,"önkormányzat",22,"HUN"
408,"se",22,"HUN"
409,"szerdán",22,"HUN"
410,"többször",22,"HUN"
411,"tudják",22,"HUN"
412,"várható",22,"HUN"
413,"azokat",21,"HUN"
414,"benne",21,"HUN"
415,"dél",21,"HUN"
416,"egyetem",21,"HUN"
417,"egyetlen",21,"HUN"
418,"életét",21,"HUN"
419,"évek",21,"HUN"
420,"fok",21,"HUN"
421,"folyamatosan",21,"HUN"
422,"forintos",21,"HUN"
423,"hasonló",21,"HUN"
424,"jelentősen",21,"HUN"
425,"kevesebb",21,"HUN"
426,"köztük",21,"HUN"
427,"legfontosabb",21,"HUN"
428,"mai",21,"HUN"
429,"maradt",21,"HUN"
430,"mindenki",21,"HUN"
431,"múlt",21,"HUN"
432,"napokban",21,"HUN"
433,"nemcsak",21,"HUN"
434,"óra",21,"HUN"
435,"szakmai",21,"HUN"
436,"szenvedett",21,"HUN"
437,"válogatott",21,"HUN"
438,"14",20,"HUN"
439,"200",20,"HUN"
440,"baleset",20,"HUN"
441,"csapatok",20,"HUN"
442,"egészségügyi",20,"HUN"
443,"egyes",20,"HUN"
444,"érkező",20,"HUN"
445,"ezúttal",20,"HUN"
446,"férfit",20,"HUN"
447,"írta",20,"HUN"
448,"írták",20,"HUN"
449,"játék",20,"HUN"
450,"jelenlegi",20,"HUN"
451,"jobb",20,"HUN"
452,"kínai",20,"HUN"
453,"különböző",20,"HUN"
454,"leginkább",20,"HUN"
455,"mindössze",20,"HUN"
456,"miután",20,"HUN"
457,"módon",20,"HUN"
458,"nagyjából",20,"HUN"
459,"oroszok",20,"HUN"
460,"ra",20,"HUN"
461,"rá",20,"HUN"
462,"része",20,"HUN"
463,"szó",20,"HUN"
464,"szükséges",20,"HUN"
465,"vagyis",20,"HUN"
466,"végéig",20,"HUN"
467,"22",19,"HUN"
468,"27",19,"HUN"
469,"ad",19,"HUN"
470,"alá",19,"HUN"
471,"alig",19,"HUN"
472,"azaz",19,"HUN"
473,"bizonyos",19,"HUN"
474,"cégek",19,"HUN"
475,"együttes",19,"HUN"
476,"helyett",19,"HUN"
477,"hogyan",19,"HUN"
478,"időben",19,"HUN"
479,"iskola",19,"HUN"
480,"készült",19,"HUN"
481,"közelében",19,"HUN"
482,"megfelelő",19,"HUN"
483,"megjelent",19,"HUN"
484,"miniszter",19,"HUN"
485,"nyert",19,"HUN"
486,"os",19,"HUN"
487,"pár",19,"HUN"
488,"putyin",19,"HUN"
489,"ráadásul",19,"HUN"
490,"román",19,"HUN"
491,"szinten",19,"HUN"
492,"található",19,"HUN"
493,"tehát",19,"HUN"
494,"tíz",19,"HUN"
495,"tűzoltók",19,"HUN"
496,"35",18,"HUN"
497,"60",18,"HUN"
498,"alkalommal",18,"HUN"
499,"amelynek",18,"HUN"
500,"esemény",18,"HUN"
501,"esett",18,"HUN"
502,"ezeket",18,"HUN"
503,"francia",18,"HUN"
504,"gáz",18,"HUN"
505,"hat",18,"HUN"
506,"ig",18,"HUN"
507,"istván",18,"HUN"
508,"koronavírus",18,"HUN"
509,"közé",18,"HUN"
510,"külföldi",18,"HUN"
511,"lakossági",18,"HUN"
512,"legmagasabb",18,"HUN"
513,"lesznek",18,"HUN"
514,"minisztérium",18,"HUN"
515,"november",18,"HUN"
516,"orbán",18,"HUN"
517,"segítségével",18,"HUN"
518,"területen",18,"HUN"
519,"tudott",18,"HUN"
520,"vált",18,"HUN"
521,"városban",18,"HUN"
522,"23",17,"HUN"
523,"26",17,"HUN"
524,"állam",17,"HUN"
525,"állami",17,"HUN"
526,"ár",17,"HUN"
527,"ára",17,"HUN"
528,"esetben",17,"HUN"
529,"esetén",17,"HUN"
530,"forintra",17,"HUN"
531,"fővárosi",17,"HUN"
532,"hagyományos",17,"HUN"
533,"hatóságok",17,"HUN"
534,"hu",17,"HUN"
535,"járvány",17,"HUN"
536,"képviselő",17,"HUN"
537,"kereskedelmi",17,"HUN"
538,"következtében",17,"HUN"
539,"központi",17,"HUN"
540,"legtöbb",17,"HUN"
541,"mely",17,"HUN"
542,"mit",17,"HUN"
543,"mol",17,"HUN"
544,"oldalon",17,"HUN"
545,"olvasható",17,"HUN"
546,"össze",17,"HUN"
547,"politikai",17,"HUN"
548,"soha",17,"HUN"
549,"sor",17,"HUN"
550,"szél",17,"HUN"
551,"született",17,"HUN"
552,"vagyok",17,"HUN"
553,"vagyunk",17,"HUN"
554,"150",16,"HUN"
555,"alakul",16,"HUN"
556,"állítólag",16,"HUN"
557,"autó",16,"HUN"
558,"célja",16,"HUN"
559,"egykori",16,"HUN"
560,"ellenzéki",16,"HUN"
561,"en",16,"HUN"
562,"években",16,"HUN"
563,"felelős",16,"HUN"
564,"figyelmet",16,"HUN"
565,"gyakran",16,"HUN"
566,"hadsereg",16,"HUN"
567,"havi",16,"HUN"
568,"hol",16,"HUN"
569,"hozott",16,"HUN"
570,"jobban",16,"HUN"
571,"kellene",16,"HUN"
572,"keretében",16,"HUN"
573,"kerül",16,"HUN"
574,"körében",16,"HUN"
575,"körülbelül",16,"HUN"
576,"közben",16,"HUN"
577,"látható",16,"HUN"
578,"lépett",16,"HUN"
579,"marad",16,"HUN"
580,"mindent",16,"HUN"
581,"mostani",16,"HUN"
582,"nyolc",16,"HUN"
583,"országok",16,"HUN"
584,"összes",16,"HUN"
585,"rendkívül",16,"HUN"
586,"rendszer",16,"HUN"
587,"szabad",16,"HUN"
588,"számít",16,"HUN"
589,"százalékra",16,"HUN"
590,"tagjai",16,"HUN"
591,"tartó",16,"HUN"
592,"tavalyi",16,"HUN"
593,"technológiai",16,"HUN"
594,"területén",16,"HUN"
595,"the",16,"HUN"
596,"török",16,"HUN"
597,"vett",16,"HUN"
598,"70",15,"HUN"
599,"addig",15,"HUN"
600,"adta",15,"HUN"
601,"akit",15,"HUN"
602,"annyira",15,"HUN"
603,"budapest",15,"HUN"
604,"délután",15,"HUN"
605,"digitális",15,"HUN"
606,"dollár",15,"HUN"
607,"előbb",15,"HUN"
608,"előtti",15,"HUN"
609,"elsősorban",15,"HUN"
610,"embert",15,"HUN"
611,"esti",15,"HUN"
612,"északi",15,"HUN"
613,"fogja",15,"HUN"
614,"gazdaság",15,"HUN"
615,"hőmérséklet",15,"HUN"
616,"hónap",15,"HUN"
617,"január",15,"HUN"
618,"július",15,"HUN"
619,"június",15,"HUN"
620,"képes",15,"HUN"
621,"kérdés",15,"HUN"
622,"kezdte",15,"HUN"
623,"komoly",15,"HUN"
624,"labdarúgó",15,"HUN"
625,"lenne",15,"HUN"
626,"magyarok",15,"HUN"
627,"mégis",15,"HUN"
628,"mindkét",15,"HUN"
629,"nehéz",15,"HUN"
630,"nevezte",15,"HUN"
631,"nevű",15,"HUN"
632,"pontos",15,"HUN"
633,"rossz",15,"HUN"
634,"rövid",15,"HUN"
635,"sőt",15,"HUN"
636,"szövetség",15,"HUN"
637,"tagja",15,"HUN"
638,"tartozó",15,"HUN"
639,"termékek",15,"HUN"
640,"természetesen",15,"HUN"
641,"valójában",15,"HUN"
642,"adatai",14,"HUN"
643,"általános",14,"HUN"
644,"amennyiben",14,"HUN"
645,"árak",14,"HUN"
646,"baj",14,"HUN"
647,"bajnoki",14,"HUN"
648,"bíróság",14,"HUN"
649,"borítókép",14,"HUN"
650,"délelőtt",14,"HUN"
651,"dollárral",14,"HUN"
652,"döntött",14,"HUN"
653,"eddigi",14,"HUN"
654,"egyéb",14,"HUN"
655,"egyéni",14,"HUN"
656,"egyszer",14,"HUN"
657,"említett",14,"HUN"
658,"erdélyi",14,"HUN"
659,"eredeti",14,"HUN"
660,"értéke",14,"HUN"
661,"eseményen",14,"HUN"
662,"európában",14,"HUN"
663,"évre",14,"HUN"
664,"facebook",14,"HUN"
665,"fehér",14,"HUN"
666,"forgalom",14,"HUN"
667,"gdp",14,"HUN"
668,"hasonlóan",14,"HUN"
669,"hónapokban",14,"HUN"
670,"idején",14,"HUN"
671,"igazán",14,"HUN"
672,"járó",14,"HUN"
673,"józsef",14,"HUN"
674,"kft",14,"HUN"
675,"körüli",14,"HUN"
676,"közlése",14,"HUN"
677,"külügyminiszter",14,"HUN"
678,"lakosság",14,"HUN"
679,"lengyel",14,"HUN"
680,"magyarországi",14,"HUN"
681,"megerősítette",14,"HUN"
682,"miért",14,"HUN"
683,"nyugat",14,"HUN"
684,"olasz",14,"HUN"
685,"órától",14,"HUN"
686,"otthon",14,"HUN"
687,"politikus",14,"HUN"
688,"rendelkező",14,"HUN"
689,"rengeteg",14,"HUN"
690,"részvények",14,"HUN"
691,"segítséget",14,"HUN"
692,"szakértők",14,"HUN"
693,"számolt",14,"HUN"
694,"szankciók",14,"HUN"
695,"százalékot",14,"HUN"
696,"szerepel",14,"HUN"
697,"találtak",14,"HUN"
698,"többet",14,"HUN"
699,"többi",14,"HUN"
700,"továbbá",14,"HUN"
701,"utca",14,"HUN"
702,"üzleti",14,"HUN"
703,"valóban",14,"HUN"
704,"vendégek",14,"HUN"
705,"viktor",14,"HUN"
706,"víz",14,"HUN"
707,"zajló",14,"HUN"
708,"29",13,"HUN"
709,"80",13,"HUN"
710,"adó",13,"HUN"
711,"amivel",13,"HUN"
712,"átlagosan",13,"HUN"
713,"bajnokság",13,"HUN"
714,"családi",13,"HUN"
715,"csupán",13,"HUN"
716,"déli",13,"HUN"
717,"egyaránt",13,"HUN"
718,"egyértelműen",13,"HUN"
719,"eset",13,"HUN"
720,"esetleges",13,"HUN"
721,"ezután",13,"HUN"
722,"fele",13,"HUN"
723,"fidesz",13,"HUN"
724,"györgy",13,"HUN"
725,"helyszínen",13,"HUN"
726,"hivatal",13,"HUN"
727,"hónapban",13,"HUN"
728,"igazi",13,"HUN"
729,"igen",13,"HUN"
730,"jelen",13,"HUN"
731,"jelenti",13,"HUN"
732,"jellemzően",13,"HUN"
733,"jogi",13,"HUN"
734,"jött",13,"HUN"
735,"jóval",13,"HUN"
736,"jutott",13,"HUN"
737,"kap",13,"HUN"
738,"kívül",13,"HUN"
739,"közép",13,"HUN"
740,"közlekedési",13,"HUN"
741,"közleményében",13,"HUN"
742,"közösen",13,"HUN"
743,"közt",13,"HUN"
744,"látszik",13,"HUN"
745,"lehetőséget",13,"HUN"
746,"május",13,"HUN"
747,"melynek",13,"HUN"
748,"mértékben",13,"HUN"
749,"minél",13,"HUN"
750,"mnb",13,"HUN"
751,"működő",13,"HUN"
752,"nato",13,"HUN"
753,"nélküli",13,"HUN"
754,"nyerte",13,"HUN"
755,"okozott",13,"HUN"
756,"okozta",13,"HUN"
757,"online",13,"HUN"
758,"óráig",13,"HUN"
759,"órakor",13,"HUN"
760,"összeget",13,"HUN"
761,"pályán",13,"HUN"
762,"parlamenti",13,"HUN"
763,"perc",13,"HUN"
764,"persze",13,"HUN"
765,"piacon",13,"HUN"
766,"pozitív",13,"HUN"
767,"reggel",13,"HUN"
768,"rendelkezik",13,"HUN"
769,"származó",13,"HUN"
770,"száz",13,"HUN"
771,"színész",13,"HUN"
772,"tartanak",13,"HUN"
773,"tartják",13,"HUN"
774,"tudnak",13,"HUN"
775,"tudta",13,"HUN"
776,"varga",13,"HUN"
777,"várja",13,"HUN"
778,"vette",13,"HUN"
779,"vonatkozó",13,"HUN"
780,"zajlik",13,"HUN"
781,"2017",12,"HUN"
782,"28",12,"HUN"
783,"300",12,"HUN"
784,"adták",12,"HUN"
785,"állnak",12,"HUN"
786,"átlagos",12,"HUN"
787,"attila",12,"HUN"
788,"attól",12,"HUN"
789,"azután",12,"HUN"
790,"bajnok",12,"HUN"
791,"belső",12,"HUN"
792,"covid",12,"HUN"
793,"dolgozik",12,"HUN"
794,"eljárás",12,"HUN"
795,"előre",12,"HUN"
796,"eurót",12,"HUN"
797,"ezelőtt",12,"HUN"
798,"fekete",12,"HUN"
799,"feletti",12,"HUN"
800,"ferenc",12,"HUN"
801,"fiú",12,"HUN"
802,"földgáz",12,"HUN"
803,"főleg",12,"HUN"
804,"forinttal",12,"HUN"
805,"gyermekek",12,"HUN"
806,"hatással",12,"HUN"
807,"hivatásos",12,"HUN"
808,"hivatkozva",12,"HUN"
809,"instagram",12,"HUN"
810,"intézet",12,"HUN"
811,"jános",12,"HUN"
812,"jegybank",12,"HUN"
813,"kapcsán",12,"HUN"
814,"kapta",12,"HUN"
815,"képet",12,"HUN"
816,"kérdésre",12,"HUN"
817,"kevésbé",12,"HUN"
818,"kiállítás",12,"HUN"
819,"kórházba",12,"HUN"
820,"körül",12,"HUN"
821,"köztársasági",12,"HUN"
822,"közzétett",12,"HUN"
823,"külső",12,"HUN"
824,"lap",12,"HUN"
825,"mások",12,"HUN"
826,"meghalt",12,"HUN"
827,"modern",12,"HUN"
828,"mögött",12,"HUN"
829,"n",12,"HUN"
830,"nappal",12,"HUN"
831,"nyílt",12,"HUN"
832,"nyilvánosságra",12,"HUN"
833,"október",12,"HUN"
834,"őt",12,"HUN"
835,"párt",12,"HUN"
836,"polgármester",12,"HUN"
837,"régi",12,"HUN"
838,"rendőr",12,"HUN"
839,"révén",12,"HUN"
840,"semmi",12,"HUN"
841,"szabolcs",12,"HUN"
842,"százalékát",12,"HUN"
843,"személyes",12,"HUN"
844,"tartja",12,"HUN"
845,"téli",12,"HUN"
846,"tudták",12,"HUN"
847,"tűnik",12,"HUN"
848,"úgynevezett",12,"HUN"
849,"valami",12,"HUN"
850,"választási",12,"HUN"
851,"vele",12,"HUN"
852,"vezet",12,"HUN"
853,"500",11,"HUN"
854,"alacsonyabb",11,"HUN"
855,"alakult",11,"HUN"
856,"alapvetően",11,"HUN"
857,"államtitkár",11,"HUN"
858,"amelyben",11,"HUN"
859,"aminek",11,"HUN"
860,"amire",11,"HUN"
861,"aránya",11,"HUN"
862,"azoknak",11,"HUN"
863,"biztos",11,"HUN"
864,"budapesten",11,"HUN"
865,"cél",11,"HUN"
866,"dolgozó",11,"HUN"
867,"dolgozók",11,"HUN"
868,"döntés",11,"HUN"
869,"elérhető",11,"HUN"
870,"elől",11,"HUN"
871,"emelte",11,"HUN"
872,"énekesnő",11,"HUN"
873,"energiaárak",11,"HUN"
874,"ennél",11,"HUN"
875,"épp",11,"HUN"
876,"érintett",11,"HUN"
877,"erők",11,"HUN"
878,"érte",11,"HUN"
879,"eső",11,"HUN"
880,"észak",11,"HUN"
881,"felett",11,"HUN"
882,"főkapitányság",11,"HUN"
883,"folyamán",11,"HUN"
884,"gyerekek",11,"HUN"
885,"gyermek",11,"HUN"
886,"hamarosan",11,"HUN"
887,"hatására",11,"HUN"
888,"hír",11,"HUN"
889,"ideje",11,"HUN"
890,"időszak",11,"HUN"
891,"index",11,"HUN"
892,"ingyenes",11,"HUN"
893,"intézmény",11,"HUN"
894,"ipari",11,"HUN"
895,"ismert",11,"HUN"
896,"jövőre",11,"HUN"
897,"k",11,"HUN"
898,"készül",11,"HUN"
899,"kialakult",11,"HUN"
900,"kiemelte",11,"HUN"
901,"kormányfő",11,"HUN"
902,"kormányzati",11,"HUN"
903,"körülmények",11,"HUN"
904,"közlemény",11,"HUN"
905,"közölték",11,"HUN"
906,"kulturális",11,"HUN"
907,"kutatók",11,"HUN"
908,"lány",11,"HUN"
909,"látni",11,"HUN"
910,"lép",11,"HUN"
911,"létre",11,"HUN"
912,"munka",11,"HUN"
913,"népszerű",11,"HUN"
914,"nettó",11,"HUN"
915,"nincsenek",11,"HUN"
916,"növekvő",11,"HUN"
917,"nyári",11,"HUN"
918,"nyáron",11,"HUN"
919,"olimpiai",11,"HUN"
920,"országgyűlési",11,"HUN"
921,"parlament",11,"HUN"
922,"régió",11,"HUN"
923,"rendszeresen",11,"HUN"
924,"róla",11,"HUN"
925,"sokáig",11,"HUN"
926,"szakemberek",11,"HUN"
927,"szép",11,"HUN"
928,"szeretne",11,"HUN"
929,"támogatást",11,"HUN"
930,"támogatja",11,"HUN"
931,"tartani",11,"HUN"
932,"tegnap",11,"HUN"
933,"tervek",11,"HUN"
934,"tonna",11,"HUN"
935,"tudjuk",11,"HUN"
936,"ugyan",11,"HUN"
937,"ügyben",11,"HUN"
938,"unió",11,"HUN"
939,"ünnepi",11,"HUN"
940,"úton",11,"HUN"
941,"valamilyen",11,"HUN"
942,"valószínűleg",11,"HUN"
943,"végre",11,"HUN"
944,"vettek",11,"HUN"
945,"vezetés",11,"HUN"
946,"zenei",11,"HUN"
947,"2014",10,"HUN"
948,"2018",10,"HUN"
949,"2024",10,"HUN"
950,"33",10,"HUN"
951,"37",10,"HUN"
952,"43",10,"HUN"
953,"45",10,"HUN"
954,"600",10,"HUN"
955,"75",10,"HUN"
956,"800",10,"HUN"
957,"90",10,"HUN"
958,"aktuális",10,"HUN"
959,"amelyeket",10,"HUN"
960,"annyi",10,"HUN"
961,"áprilisban",10,"HUN"
962,"árfolyam",10,"HUN"
963,"áron",10,"HUN"
964,"átlag",10,"HUN"
965,"b",10,"HUN"
966,"befektetési",10,"HUN"
967,"bejelentette",10,"HUN"
968,"beszámolója",10,"HUN"
969,"biztosítja",10,"HUN"
970,"családok",10,"HUN"
971,"csapata",10,"HUN"
972,"cseh",10,"HUN"
973,"derül",10,"HUN"
974,"egyáltalán",10,"HUN"
975,"egyesület",10,"HUN"
976,"egymással",10,"HUN"
977,"egyszerű",10,"HUN"
978,"éjjel",10,"HUN"
979,"élelmiszer",10,"HUN"
980,"eszköz",10,"HUN"
981,"eszközök",10,"HUN"
982,"évente",10,"HUN"
983,"évet",10,"HUN"
984,"évi",10,"HUN"
985,"fiatalok",10,"HUN"
986,"fogalmazott",10,"HUN"
987,"fognak",10,"HUN"
988,"főként",10,"HUN"
989,"föld",10,"HUN"
990,"gábor",10,"HUN"
991,"hajdú",10,"HUN"
992,"hatóság",10,"HUN"
993,"ház",10,"HUN"
994,"helyzetet",10,"HUN"
995,"hétfő",10,"HUN"
996,"honlapján",10,"HUN"
997,"hoz",10,"HUN"
998,"hozta",10,"HUN"
999,"ideig",10,"HUN"
1000,"inflációs",10,"HUN"
1001,"játékos",10,"HUN"
1002,"játszott",10,"HUN"
1003,"jövőben",10,"HUN"
1004,"kal",10,"HUN"
1005,"kaptak",10,"HUN"
1006,"kelet",10,"HUN"
1007,"képesek",10,"HUN"
1008,"képviselők",10,"HUN"
1009,"kérte",10,"HUN"
1010,"kicsit",10,"HUN"
1011,"kifejezetten",10,"HUN"
1012,"klub",10,"HUN"
1013,"környékén",10,"HUN"
1014,"legfőbb",10,"HUN"
1015,"lehetőség",10,"HUN"
1016,"magukat",10,"HUN"
1017,"másfél",10,"HUN"
1018,"megfelelően",10,"HUN"
1019,"megújuló",10,"HUN"
1020,"megye",10,"HUN"
1021,"megyében",10,"HUN"
1022,"mellé",10,"HUN"
1023,"microsoft",10,"HUN"
1024,"mindenkinek",10,"HUN"
1025,"mintha",10,"HUN"
1026,"miskolci",10,"HUN"
1027,"mondja",10,"HUN"
1028,"moszkva",10,"HUN"
1029,"mutat",10,"HUN"
1030,"mutatja",10,"HUN"
1031,"művész",10,"HUN"
1032,"nak",10,"HUN"
1033,"napon",10,"HUN"
1034,"negyedik",10,"HUN"
1035,"new",10,"HUN"
1036,"nézve",10,"HUN"
1037,"országban",10,"HUN"
1038,"osztrák",10,"HUN"
1039,"pénz",10,"HUN"
1040,"percben",10,"HUN"
1041,"playstation",10,"HUN"
1042,"projekt",10,"HUN"
1043,"reggeli",10,"HUN"
1044,"részén",10,"HUN"
1045,"rosszul",10,"HUN"
1046,"sándor",10,"HUN"
1047,"segít",10,"HUN"
1048,"segíteni",10,"HUN"
1049,"sepsi",10,"HUN"
1050,"sofőr",10,"HUN"
1051,"sokat",10,"HUN"
1052,"svájci",10,"HUN"
1053,"szakember",10,"HUN"
1054,"százalékponttal",10,"HUN"
1055,"szent",10,"HUN"
1056,"szereplő",10,"HUN"
1057,"szociális",10,"HUN"
1058,"szól",10,"HUN"
1059,"szolgáltató",10,"HUN"
1060,"tájékoztatása",10,"HUN"
1061,"talán",10,"HUN"
1062,"tárca",10,"HUN"
1063,"társadalmi",10,"HUN"
1064,"tartozik",10,"HUN"
1065,"terv",10,"HUN"
1066,"tesz",10,"HUN"
1067,"teszi",10,"HUN"
1068,"től",10,"HUN"
1069,"történő",10,"HUN"
1070,"tud",10,"HUN"
1071,"tudni",10,"HUN"
1072,"tudunk",10,"HUN"
1073,"tüzet",10,"HUN"
1074,"valaki",10,"HUN"
1075,"valamivel",10,"HUN"
1076,"várhatóan",10,"HUN"
1077,"várják",10,"HUN"
1078,"városi",10,"HUN"
1079,"végére",10,"HUN"
1080,"végi",10,"HUN"
1081,"végzett",10,"HUN"
1082,"venni",10,"HUN"
1083,"verseny",10,"HUN"
1084,"vlagyimir",10,"HUN"
1085,"zárt",10,"HUN"
1086,"zöld",10,"HUN"
1087,"zoltán",10,"HUN"
1088,"000",9,"HUN"
1089,"31",9,"HUN"
1090,"32",9,"HUN"
1091,"39",9,"HUN"
1092,"47",9,"HUN"
1093,"51",9,"HUN"
1094,"adnak",9,"HUN"
1095,"akar",9,"HUN"
1096,"aktív",9,"HUN"
1097,"alacsony",9,"HUN"
1098,"alatti",9,"HUN"
1099,"álltak",9,"HUN"
1100,"amíg",9,"HUN"
1101,"andrás",9,"HUN"
1102,"angol",9,"HUN"
1103,"annyit",9,"HUN"
1104,"baloldal",9,"HUN"
1105,"bármilyen",9,"HUN"
1106,"beszámolt",9,"HUN"
1107,"beteg",9,"HUN"
1108,"boldog",9,"HUN"
1109,"bors",9,"HUN"
1110,"debrecen",9,"HUN"
1111,"dolgozott",9,"HUN"
1112,"dollárra",9,"HUN"
1113,"dolog",9,"HUN"
1114,"duna",9,"HUN"
1115,"egymás",9,"HUN"
1116,"elektromos",9,"HUN"
1117,"elismerte",9,"HUN"
1118,"ellátási",9,"HUN"
1119,"élő",9,"HUN"
1120,"embereket",9,"HUN"
1121,"emelkedése",9,"HUN"
1122,"emiatt",9,"HUN"
1123,"érinti",9,"HUN"
1124,"erősödött",9,"HUN"
1125,"február",9,"HUN"
1126,"feladatok",9,"HUN"
1127,"film",9,"HUN"
1128,"friss",9,"HUN"
1129,"google",9,"HUN"
1130,"használt",9,"HUN"
1131,"időjárás",9,"HUN"
1132,"időszakban",9,"HUN"
1133,"ifjúsági",9,"HUN"
1134,"igaz",9,"HUN"
1135,"ii",9,"HUN"
1136,"írt",9,"HUN"
1137,"jármű",9,"HUN"
1138,"kamatok",9,"HUN"
1139,"kezdődött",9,"HUN"
1140,"kiemelt",9,"HUN"
1141,"kiemelten",9,"HUN"
1142,"kilenc",9,"HUN"
1143,"királyság",9,"HUN"
1144,"kiváló",9,"HUN"
1145,"kizárólag",9,"HUN"
1146,"kossuth",9,"HUN"
1147,"kötött",9,"HUN"
1148,"közepén",9,"HUN"
1149,"közösség",9,"HUN"
1150,"központ",9,"HUN"
1151,"közvetlen",9,"HUN"
1152,"külön",9,"HUN"
1153,"különleges",9,"HUN"
1154,"lakás",9,"HUN"
1155,"látott",9,"HUN"
1156,"legtöbben",9,"HUN"
1157,"legutóbbi",9,"HUN"
1158,"lehetne",9,"HUN"
1159,"lehetővé",9,"HUN"
1160,"májusban",9,"HUN"
1161,"március",9,"HUN"
1162,"márciusban",9,"HUN"
1163,"mennyiségű",9,"HUN"
1164,"mérkőzést",9,"HUN"
1165,"méteres",9,"HUN"
1166,"mikor",9,"HUN"
1167,"miszerint",9,"HUN"
1168,"munkálatok",9,"HUN"
1169,"mutatott",9,"HUN"
1170,"nappali",9,"HUN"
1171,"növekedése",9,"HUN"
1172,"októberben",9,"HUN"
1173,"önkormányzati",9,"HUN"
1174,"óriási",9,"HUN"
1175,"ös",9,"HUN"
1176,"összeg",9,"HUN"
1177,"otthont",9,"HUN"
1178,"pályára",9,"HUN"
1179,"péntek",9,"HUN"
1180,"percig",9,"HUN"
1181,"piros",9,"HUN"
1182,"regionális",9,"HUN"
1183,"rendelkezésre",9,"HUN"
1184,"rendezvény",9,"HUN"
1185,"rendkívüli",9,"HUN"
1186,"részében",9,"HUN"
1187,"reuters",9,"HUN"
1188,"segíti",9,"HUN"
1189,"sorozat",9,"HUN"
1190,"szankciókat",9,"HUN"
1191,"szempontjából",9,"HUN"
1192,"szerdai",9,"HUN"
1193,"szerinte",9,"HUN"
1194,"szervezetek",9,"HUN"
1195,"szolgálat",9,"HUN"
1196,"szombat",9,"HUN"
1197,"szövetségi",9,"HUN"
1198,"sztár",9,"HUN"
1199,"találkozott",9,"HUN"
1200,"támadás",9,"HUN"
1201,"tamás",9,"HUN"
1202,"társaság",9,"HUN"
1203,"tartotta",9,"HUN"
1204,"tengeri",9,"HUN"
1205,"tervezett",9,"HUN"
1206,"tettek",9,"HUN"
1207,"tibor",9,"HUN"
1208,"tóth",9,"HUN"
1209,"ugyancsak",9,"HUN"
1210,"ügynökség",9,"HUN"
1211,"utcai",9,"HUN"
1212,"ütközés",9,"HUN"
1213,"üzemanyag",9,"HUN"
1214,"választ",9,"HUN"
1215,"várt",9,"HUN"
1216,"vasárnapi",9,"HUN"
1217,"vb",9,"HUN"
1218,"véli",9,"HUN"
1219,"vesz",9,"HUN"
1220,"vezetett",9,"HUN"
1221,"x",9,"HUN"
1222,"zenész",9,"HUN"
1223,"1000",8,"HUN"
1224,"2000",8,"HUN"
1225,"2008",8,"HUN"
1226,"2016",8,"HUN"
1227,"54",8,"HUN"
1228,"55",8,"HUN"
1229,"59",8,"HUN"
1230,"85",8,"HUN"
1231,"95",8,"HUN"
1232,"adatok",8,"HUN"
1233,"ahogyan",8,"HUN"
1234,"akiknek",8,"HUN"
1235,"alapvető",8,"HUN"
1236,"áldozatok",8,"HUN"
1237,"amellyel",8,"HUN"
1238,"amint",8,"HUN"
1239,"an",8,"HUN"
1240,"arab",8,"HUN"
1241,"árat",8,"HUN"
1242,"árfolyama",8,"HUN"
1243,"balázs",8,"HUN"
1244,"baloldali",8,"HUN"
1245,"bele",8,"HUN"
1246,"betegség",8,"HUN"
1247,"biztosan",8,"HUN"
1248,"csökken",8,"HUN"
1249,"deac",8,"HUN"
1250,"dolgozni",8,"HUN"
1251,"ebből",8,"HUN"
1252,"egyet",8,"HUN"
1253,"egyetemi",8,"HUN"
1254,"együttműködés",8,"HUN"
1255,"éjszakai",8,"HUN"
1256,"elé",8,"HUN"
1257,"élet",8,"HUN"
1258,"életében",8,"HUN"
1259,"elhunyt",8,"HUN"
1260,"eljárást",8,"HUN"
1261,"emellett",8,"HUN"
1262,"energia",8,"HUN"
1263,"érdemes",8,"HUN"
1264,"eredmény",8,"HUN"
1265,"érkezik",8,"HUN"
1266,"érték",8,"HUN"
1267,"érvényes",8,"HUN"
1268,"falu",8,"HUN"
1269,"fekvő",8,"HUN"
1270,"felől",8,"HUN"
1271,"fizikai",8,"HUN"
1272,"folytatódik",8,"HUN"
1273,"folytatta",8,"HUN"
1274,"forgalma",8,"HUN"
1275,"források",8,"HUN"
1276,"fős",8,"HUN"
1277,"fotó",8,"HUN"
1278,"gyengült",8,"HUN"
1279,"gyorsan",8,"HUN"
1280,"harcok",8,"HUN"
1281,"hez",8,"HUN"
1282,"idejére",8,"HUN"
1283,"idők",8,"HUN"
1284,"időt",8,"HUN"
1285,"igénybe",8,"HUN"
1286,"illeti",8,"HUN"
1287,"immár",8,"HUN"
1288,"iránt",8,"HUN"
1289,"ismertette",8,"HUN"
1290,"járt",8,"HUN"
1291,"jelentése",8,"HUN"
1292,"jelentkezett",8,"HUN"
1293,"jelezte",8,"HUN"
1294,"jelölt",8,"HUN"
1295,"katonák",8,"HUN"
1296,"kék",8,"HUN"
1297,"kép",8,"HUN"
1298,"kerültek",8,"HUN"
1299,"kiadott",8,"HUN"
1300,"kijev",8,"HUN"
1301,"konfliktus",8,"HUN"
1302,"kora",8,"HUN"
1303,"korai",8,"HUN"
1304,"közleményben",8,"HUN"
1305,"közönség",8,"HUN"
1306,"látják",8,"HUN"
1307,"látták",8,"HUN"
1308,"látványos",8,"HUN"
1309,"legújabb",8,"HUN"
1310,"lehetséges",8,"HUN"
1311,"lényegében",8,"HUN"
1312,"lépnek",8,"HUN"
1313,"manchester",8,"HUN"
1314,"maradtak",8,"HUN"
1315,"meghatározó",8,"HUN"
1316,"megy",8,"HUN"
1317,"mellette",8,"HUN"
1318,"melletti",8,"HUN"
1319,"melyek",8,"HUN"
1320,"miként",8,"HUN"
1321,"mindenkit",8,"HUN"
1322,"mire",8,"HUN"
1323,"munkát",8,"HUN"
1324,"munkatársai",8,"HUN"
1325,"műszaki",8,"HUN"
1326,"mutatják",8,"HUN"
1327,"napján",8,"HUN"
1328,"negatív",8,"HUN"
1329,"negyedévben",8,"HUN"
1330,"nekünk",8,"HUN"
1331,"néven",8,"HUN"
1332,"növekszik",8,"HUN"
1333,"nyomon",8,"HUN"
1334,"ők",8,"HUN"
1335,"oroszországi",8,"HUN"
1336,"országot",8,"HUN"
1337,"orvosi",8,"HUN"
1338,"orvosok",8,"HUN"
1339,"pandémia",8,"HUN"
1340,"pont",8,"HUN"
1341,"református",8,"HUN"
1342,"részben",8,"HUN"
1343,"richter",8,"HUN"
1344,"senki",8,"HUN"
1345,"sikeres",8,"HUN"
1346,"sikerrel",8,"HUN"
1347,"szakértő",8,"HUN"
1348,"számított",8,"HUN"
1349,"százalékon",8,"HUN"
1350,"százalékuk",8,"HUN"
1351,"székely",8,"HUN"
1352,"személyi",8,"HUN"
1353,"szempontból",8,"HUN"
1354,"szerb",8,"HUN"
1355,"szerepe",8,"HUN"
1356,"szerepet",8,"HUN"
1357,"szeretnék",8,"HUN"
1358,"szervezők",8,"HUN"
1359,"találkozón",8,"HUN"
1360,"talált",8,"HUN"
1361,"távon",8,"HUN"
1362,"tényleg",8,"HUN"
1363,"termelés",8,"HUN"
1364,"tették",8,"HUN"
1365,"töltött",8,"HUN"
1366,"történelmi",8,"HUN"
1367,"tulajdonosa",8,"HUN"
1368,"twitter",8,"HUN"
1369,"ügy",8,"HUN"
1370,"utcában",8,"HUN"
1371,"válaszadók",8,"HUN"
1372,"vállalati",8,"HUN"
1373,"vállalatok",8,"HUN"
1374,"vállalkozások",8,"HUN"
1375,"végső",8,"HUN"
1376,"vel",8,"HUN"
1377,"vezetők",8,"HUN"
1378,"zajlott",8,"HUN"
1379,"250",7,"HUN"
1380,"400",7,"HUN"
1381,"48",7,"HUN"
1382,"700",7,"HUN"
1383,"ádám",7,"HUN"
1384,"adják",7,"HUN"
1385,"adni",7,"HUN"
1386,"akinek",7,"HUN"
1387,"akkoriban",7,"HUN"
1388,"alapítvány",7,"HUN"
1389,"állampolgár",7,"HUN"
1390,"állandó",7,"HUN"
1391,"amelyen",7,"HUN"
1392,"áram",7,"HUN"
1393,"arénában",7,"HUN"
1394,"azokra",7,"HUN"
1395,"ázsiai",7,"HUN"
1396,"bereg",7,"HUN"
1397,"bihar",7,"HUN"
1398,"biztonságos",7,"HUN"
1399,"biztosítani",7,"HUN"
1400,"brüsszeli",7,"HUN"
1401,"céllal",7,"HUN"
1402,"cserébe",7,"HUN"
1403,"csökkenteni",7,"HUN"
1404,"david",7,"HUN"
1405,"decemberben",7,"HUN"
1406,"diákok",7,"HUN"
1407,"dolláros",7,"HUN"
1408,"dollárt",7,"HUN"
1409,"egyebek",7,"HUN"
1410,"egyedi",7,"HUN"
1411,"együttese",7,"HUN"
1412,"ekkor",7,"HUN"
1413,"éles",7,"HUN"
1414,"életet",7,"HUN"
1415,"élményt",7,"HUN"
1416,"elnöki",7,"HUN"
1417,"érdekes",7,"HUN"
1418,"érdeklődők",7,"HUN"
1419,"érkeztek",7,"HUN"
1420,"erősen",7,"HUN"
1421,"erről",7,"HUN"
1422,"esetet",7,"HUN"
1423,"ettől",7,"HUN"
1424,"fegyveres",7,"HUN"
1425,"felében",7,"HUN"
1426,"felhasználók",7,"HUN"
1427,"felnőtt",7,"HUN"
1428,"felső",7,"HUN"
1429,"feltehetően",7,"HUN"
1430,"fenntartható",7,"HUN"
1431,"férje",7,"HUN"
1432,"figyelembe",7,"HUN"
1433,"fogyasztók",7,"HUN"
1434,"folyamatban",7,"HUN"
1435,"folyamatos",7,"HUN"
1436,"folytatásban",7,"HUN"
1437,"forintért",7,"HUN"
1438,"függetlenül",7,"HUN"
1439,"gyerek",7,"HUN"
1440,"gyors",7,"HUN"
1441,"háborús",7,"HUN"
1442,"halála",7,"HUN"
1443,"hamarabb",7,"HUN"
1444,"hány",7,"HUN"
1445,"hát",7,"HUN"
1446,"házban",7,"HUN"
1447,"helyén",7,"HUN"
1448,"helyet",7,"HUN"
1449,"helyre",7,"HUN"
1450,"helyszínre",7,"HUN"
1451,"hiába",7,"HUN"
1452,"híd",7,"HUN"
1453,"híres",7,"HUN"
1454,"hírt",7,"HUN"
1455,"hírül",7,"HUN"
1456,"holland",7,"HUN"
1457,"ideiglenes",7,"HUN"
1458,"idős",7,"HUN"
1459,"igény",7,"HUN"
1460,"iii",7,"HUN"
1461,"interneten",7,"HUN"
1462,"ismeretlen",7,"HUN"
1463,"ítélet",7,"HUN"
1464,"izraeli",7,"HUN"
1465,"javaslatot",7,"HUN"
1466,"jutottak",7,"HUN"
1467,"kapcsolatot",7,"HUN"
1468,"kárpátaljai",7,"HUN"
1469,"katolikus",7,"HUN"
1470,"keddi",7,"HUN"
1471,"képviselője",7,"HUN"
1472,"kereslet",7,"HUN"
1473,"kérik",7,"HUN"
1474,"készülnek",7,"HUN"
1475,"kétszer",7,"HUN"
1476,"kezdtek",7,"HUN"
1477,"kiírt",7,"HUN"
1478,"kívüli",7,"HUN"
1479,"kocsi",7,"HUN"
1480,"költségvetési",7,"HUN"
1481,"konkrét",7,"HUN"
1482,"könnyen",7,"HUN"
1483,"könnyű",7,"HUN"
1484,"kor",7,"HUN"
1485,"kötelező",7,"HUN"
1486,"kovács",7,"HUN"
1487,"következményei",7,"HUN"
1488,"követő",7,"HUN"
1489,"közeli",7,"HUN"
1490,"közelmúltban",7,"HUN"
1491,"közlekedés",7,"HUN"
1492,"közzé",7,"HUN"
1493,"legfeljebb",7,"HUN"
1494,"legfrissebb",7,"HUN"
1495,"lelki",7,"HUN"
1496,"londoni",7,"HUN"
1497,"máté",7,"HUN"
1498,"megalapozott",7,"HUN"
1499,"meghaladja",7,"HUN"
1500,"megjelenése",7,"HUN"
1501,"megoldás",7,"HUN"
1502,"menekült",7,"HUN"
1503,"menekültek",7,"HUN"
1504,"mihály",7,"HUN"
1505,"milliárdos",7,"HUN"
1506,"milliós",7,"HUN"
1507,"mindenképpen",7,"HUN"
1508,"modell",7,"HUN"
1509,"mondani",7,"HUN"
1510,"működik",7,"HUN"
1511,"munkáját",7,"HUN"
1512,"műsor",7,"HUN"
1513,"műsorában",7,"HUN"
1514,"mutatta",7,"HUN"
1515,"napig",7,"HUN"
1516,"nav",7,"HUN"
1517,"nb",7,"HUN"
1518,"nehezebb",7,"HUN"
1519,"németország",7,"HUN"
1520,"nemrég",7,"HUN"
1521,"nevet",7,"HUN"
1522,"nyomás",7,"HUN"
1523,"nyújtott",7,"HUN"
1524,"oda",7,"HUN"
1525,"oka",7,"HUN"
1526,"on",7,"HUN"
1527,"országokban",7,"HUN"
1528,"ősszel",7,"HUN"
1529,"ot",7,"HUN"
1530,"otp",7,"HUN"
1531,"p",7,"HUN"
1532,"park",7,"HUN"
1533,"pc",7,"HUN"
1534,"pénteki",7,"HUN"
1535,"piac",7,"HUN"
1536,"plusz",7,"HUN"
1537,"politika",7,"HUN"
1538,"ponton",7,"HUN"
1539,"pontosan",7,"HUN"
1540,"portál",7,"HUN"
1541,"pozsonyi",7,"HUN"
1542,"rádió",7,"HUN"
1543,"rendelkeznek",7,"HUN"
1544,"részeként",7,"HUN"
1545,"rezsicsökkentés",7,"HUN"
1546,"ritkán",7,"HUN"
1547,"római",7,"HUN"
1548,"sajtó",7,"HUN"
1549,"spanyol",7,"HUN"
1550,"speciális",7,"HUN"
1551,"szám",7,"HUN"
1552,"számol",7,"HUN"
1553,"szatmár",7,"HUN"
1554,"szén",7,"HUN"
1555,"szeretnének",7,"HUN"
1556,"szerződés",7,"HUN"
1557,"szexuális",7,"HUN"
1558,"színésznő",7,"HUN"
1559,"szívesen",7,"HUN"
1560,"szovjet",7,"HUN"
1561,"szülők",7,"HUN"
1562,"találkozó",7,"HUN"
1563,"találták",7,"HUN"
1564,"támogatás",7,"HUN"
1565,"támogatta",7,"HUN"
1566,"tapasztalt",7,"HUN"
1567,"tárgyalások",7,"HUN"
1568,"tartottak",7,"HUN"
1569,"technológia",7,"HUN"
1570,"tény",7,"HUN"
1571,"tervei",7,"HUN"
1572,"többen",7,"HUN"
1573,"többnyire",7,"HUN"
1574,"többsége",7,"HUN"
1575,"tökéletes",7,"HUN"
1576,"történet",7,"HUN"
1577,"történik",7,"HUN"
1578,"tragikus",7,"HUN"
1579,"tudtak",7,"HUN"
1580,"ukrajnában",7,"HUN"
1581,"ukrajnából",7,"HUN"
1582,"utcán",7,"HUN"
1583,"vádlott",7,"HUN"
1584,"vajon",7,"HUN"
1585,"valós",7,"HUN"
1586,"vár",7,"HUN"
1587,"várnak",7,"HUN"
1588,"velük",7,"HUN"
1589,"vesztette",7,"HUN"
1590,"vették",7,"HUN"
1591,"vezérigazgatója",7,"HUN"
1592,"vezette",7,"HUN"
1593,"vezettek",7,"HUN"
1594,"viszonyítva",7,"HUN"
1595,"viszonylag",7,"HUN"
1596,"vizet",7,"HUN"
1597,"xbox",7,"HUN"
1598,"zuhant",7,"HUN"
1599,"160",6,"HUN"
1600,"34",6,"HUN"
1601,"41",6,"HUN"
1602,"abból",6,"HUN"
1603,"adatokat",6,"HUN"
1604,"akad",6,"HUN"
1605,"alaposan",6,"HUN"
1606,"alkalmas",6,"HUN"
1607,"állapotban",6,"HUN"
1608,"állította",6,"HUN"
1609,"alternatív",6,"HUN"
1610,"amióta",6,"HUN"
1611,"anna",6,"HUN"
1612,"anyag",6,"HUN"
1613,"anyagok",6,"HUN"
1614,"apple",6,"HUN"
1615,"arány",6,"HUN"
1616,"augusztusban",6,"HUN"
1617,"ausztria",6,"HUN"
1618,"autót",6,"HUN"
1619,"azonos",6,"HUN"
1620,"bajnokok",6,"HUN"
1621,"bajnokságban",6,"HUN"
1622,"bal",6,"HUN"
1623,"balesetet",6,"HUN"
1624,"balesethez",6,"HUN"
1625,"banki",6,"HUN"
1626,"barátok",6,"HUN"
1627,"bármit",6,"HUN"
1628,"bátran",6,"HUN"
1629,"becslések",6,"HUN"
1630,"beruházások",6,"HUN"
1631,"biden",6,"HUN"
1632,"biztosít",6,"HUN"
1633,"biztosított",6,"HUN"
1634,"blikk",6,"HUN"
1635,"borsod",6,"HUN"
1636,"bűnügyi",6,"HUN"
1637,"büszke",6,"HUN"
1638,"címet",6,"HUN"
1639,"civil",6,"HUN"
1640,"családja",6,"HUN"
1641,"csatlakozott",6,"HUN"
1642,"csendes",6,"HUN"
1643,"csoda",6,"HUN"
1644,"csökkentésére",6,"HUN"
1645,"demokratikus",6,"HUN"
1646,"díj",6,"HUN"
1647,"dolgoznak",6,"HUN"
1648,"döntése",6,"HUN"
1649,"döntést",6,"HUN"
1650,"döntő",6,"HUN"
1651,"édesanya",6,"HUN"
1652,"édesanyja",6,"HUN"
1653,"egyben",6,"HUN"
1654,"egyedülálló",6,"HUN"
1655,"egymást",6,"HUN"
1656,"egyúttal",6,"HUN"
1657,"ehhez",6,"HUN"
1658,"él",6,"HUN"
1659,"elárulta",6,"HUN"
1660,"eleje",6,"HUN"
1661,"élelmiszerek",6,"HUN"
1662,"elérte",6,"HUN"
1663,"éli",6,"HUN"
1664,"ellenzék",6,"HUN"
1665,"élmény",6,"HUN"
1666,"élt",6,"HUN"
1667,"élte",6,"HUN"
1668,"emelkedtek",6,"HUN"
1669,"emlékeztetett",6,"HUN"
1670,"énekes",6,"HUN"
1671,"energetikai",6,"HUN"
1672,"ensz",6,"HUN"
1673,"épületet",6,"HUN"
1674,"értelmében",6,"HUN"
1675,"esetleg",6,"HUN"
1676,"esik",6,"HUN"
1677,"euróra",6,"HUN"
1678,"eurós",6,"HUN"
1679,"éven",6,"HUN"
1680,"évig",6,"HUN"
1681,"ezekben",6,"HUN"
1682,"fa",6,"HUN"
1683,"facebookon",6,"HUN"
1684,"fc",6,"HUN"
1685,"feladat",6,"HUN"
1686,"felhívta",6,"HUN"
1687,"felül",6,"HUN"
1688,"fideszes",6,"HUN"
1689,"fizetni",6,"HUN"
1690,"fogadja",6,"HUN"
1691,"fölé",6,"HUN"
1692,"folyamat",6,"HUN"
1693,"folyó",6,"HUN"
1694,"folytatott",6,"HUN"
1695,"forduló",6,"HUN"
1696,"főre",6,"HUN"
1697,"forintról",6,"HUN"
1698,"formában",6,"HUN"
1699,"formájában",6,"HUN"
1700,"franciaország",6,"HUN"
1701,"fut",6,"HUN"
1702,"gergely",6,"HUN"
1703,"gimnázium",6,"HUN"
1704,"gondolta",6,"HUN"
1705,"gyakorlatilag",6,"HUN"
1706,"gyanú",6,"HUN"
1707,"gyermeket",6,"HUN"
1708,"győztes",6,"HUN"
1709,"h",6,"HUN"
1710,"hangulatban",6,"HUN"
1711,"hangzott",6,"HUN"
1712,"használják",6,"HUN"
1713,"határ",6,"HUN"
1714,"hatása",6,"HUN"
1715,"hatásai",6,"HUN"
1716,"hatósági",6,"HUN"
1717,"hazaiak",6,"HUN"
1718,"helyettes",6,"HUN"
1719,"helyszíni",6,"HUN"
1720,"helyzetben",6,"HUN"
1721,"hetekben",6,"HUN"
1722,"hétfői",6,"HUN"
1723,"hírek",6,"HUN"
1724,"hivatalosan",6,"HUN"
1725,"hónapra",6,"HUN"
1726,"hozták",6,"HUN"
1727,"hozzátéve",6,"HUN"
1728,"ideiglenesen",6,"HUN"
1729,"idézte",6,"HUN"
1730,"igazgató",6,"HUN"
1731,"imre",6,"HUN"
1732,"indított",6,"HUN"
1733,"indul",6,"HUN"
1734,"információk",6,"HUN"
1735,"intézkedés",6,"HUN"
1736,"irányba",6,"HUN"
1737,"iroda",6,"HUN"
1738,"japán",6,"HUN"
1739,"járművek",6,"HUN"
1740,"játékosok",6,"HUN"
1741,"játékot",6,"HUN"
1742,"játszani",6,"HUN"
1743,"játszottak",6,"HUN"
1744,"jegyzett",6,"HUN"
1745,"jelentés",6,"HUN"
1746,"jelentett",6,"HUN"
1747,"jelentettek",6,"HUN"
1748,"jén",6,"HUN"
1749,"jön",6,"HUN"
1750,"jótékonysági",6,"HUN"
1751,"kamat",6,"HUN"
1752,"kapcsolatok",6,"HUN"
1753,"kapcsolódó",6,"HUN"
1754,"károly",6,"HUN"
1755,"katasztrófavédelmi",6,"HUN"
1756,"katona",6,"HUN"
1757,"kerékpáros",6,"HUN"
1758,"kért",6,"HUN"
1759,"kész",6,"HUN"
1760,"készülő",6,"HUN"
1761,"kettős",6,"HUN"
1762,"kezdete",6,"HUN"
1763,"kezdeti",6,"HUN"
1764,"kezdték",6,"HUN"
1765,"kezdve",6,"HUN"
1766,"kézilabda",6,"HUN"
1767,"kialakulhat",6,"HUN"
1768,"királynő",6,"HUN"
1769,"kisfiú",6,"HUN"
1770,"kommunikációs",6,"HUN"
1771,"könyvtár",6,"HUN"
1772,"konzervatív",6,"HUN"
1773,"körben",6,"HUN"
1774,"koreai",6,"HUN"
1775,"kórház",6,"HUN"
1776,"kórházban",6,"HUN"
1777,"korlátozott",6,"HUN"
1778,"kormányt",6,"HUN"
1779,"környezetben",6,"HUN"
1780,"környezetvédelmi",6,"HUN"
1781,"közvetlenül",6,"HUN"
1782,"kreml",6,"HUN"
1783,"külügyminisztérium",6,"HUN"
1784,"kupát",6,"HUN"
1785,"lássa",6,"HUN"
1786,"legerősebb",6,"HUN"
1787,"legutóbb",6,"HUN"
1788,"lehető",6,"HUN"
1789,"lejt",6,"HUN"
1790,"letartóztatását",6,"HUN"
1791,"létesítmény",6,"HUN"
1792,"maguk",6,"HUN"
1793,"majdnem",6,"HUN"
1794,"makói",6,"HUN"
1795,"média",6,"HUN"
1796,"megállapodást",6,"HUN"
1797,"meglepő",6,"HUN"
1798,"meglévő",6,"HUN"
1799,"megmaradt",6,"HUN"
1800,"megszállt",6,"HUN"
1801,"megváltozott",6,"HUN"
1802,"menekülteket",6,"HUN"
1803,"mennyit",6,"HUN"
1804,"ment",6,"HUN"
1805,"mérkőzés",6,"HUN"
1806,"messze",6,"HUN"
1807,"mesterséges",6,"HUN"
1808,"mészáros",6,"HUN"
1809,"mieink",6,"HUN"
1810,"mielőtt",6,"HUN"
1811,"minimális",6,"HUN"
1812,"mondták",6,"HUN"
1813,"monetáris",6,"HUN"
1814,"munkaerő",6,"HUN"
1815,"munkatársa",6,"HUN"
1816,"munkavállalók",6,"HUN"
1817,"nagyszerű",6,"HUN"
1818,"napok",6,"HUN"
1819,"napra",6,"HUN"
1820,"nekik",6,"HUN"
1821,"nél",6,"HUN"
1822,"nemrégiben",6,"HUN"
1823,"nők",6,"HUN"
1824,"növekedést",6,"HUN"
1825,"novemberi",6,"HUN"
1826,"nukleáris",6,"HUN"
1827,"nyertes",6,"HUN"
1828,"nyíregyháza",6,"HUN"
1829,"nyitott",6,"HUN"
1830,"nyújtanak",6,"HUN"
1831,"of",6,"HUN"
1832,"okoz",6,"HUN"
1833,"onnan",6,"HUN"
1834,"operatív",6,"HUN"
1835,"őrizetbe",6,"HUN"
1836,"örök",6,"HUN"
1837,"osztotta",6,"HUN"
1838,"ötödik",6,"HUN"
1839,"partján",6,"HUN"
1840,"pénzt",6,"HUN"
1841,"polgármestere",6,"HUN"
1842,"próbálta",6,"HUN"
1843,"probléma",6,"HUN"
1844,"reagált",6,"HUN"
1845,"régóta",6,"HUN"
1846,"rendezvényen",6,"HUN"
1847,"rendőrkapitányság",6,"HUN"
1848,"rendszert",6,"HUN"
1849,"rész",6,"HUN"
1850,"résztvevők",6,"HUN"
1851,"rögtön",6,"HUN"
1852,"rtl",6,"HUN"
1853,"sajnos",6,"HUN"
1854,"semmilyen",6,"HUN"
1855,"sérült",6,"HUN"
1856,"stabil",6,"HUN"
1857,"szabó",6,"HUN"
1858,"számítanak",6,"HUN"
1859,"számot",6,"HUN"
1860,"százalékban",6,"HUN"
1861,"széles",6,"HUN"
1862,"személyek",6,"HUN"
1863,"szerepelt",6,"HUN"
1864,"szerződést",6,"HUN"
1865,"szezonban",6,"HUN"
1866,"szintet",6,"HUN"
1867,"szintre",6,"HUN"
1868,"szintű",6,"HUN"
1869,"szlovák",6,"HUN"
1870,"szolnoki",6,"HUN"
1871,"szót",6,"HUN"
1872,"szóvivő",6,"HUN"
1873,"szűk",6,"HUN"
1874,"szünet",6,"HUN"
1875,"tájékoztatást",6,"HUN"
1876,"tájékoztatott",6,"HUN"
1877,"tájékoztatta",6,"HUN"
1878,"találkozót",6,"HUN"
1879,"találta",6,"HUN"
1880,"támogatott",6,"HUN"
1881,"tanács",6,"HUN"
1882,"tartózkodó",6,"HUN"
1883,"telekom",6,"HUN"
1884,"télen",6,"HUN"
1885,"termék",6,"HUN"
1886,"termelése",6,"HUN"
1887,"tervezi",6,"HUN"
1888,"teszik",6,"HUN"
1889,"tó",6,"HUN"
1890,"tökéletesen",6,"HUN"
1891,"tól",6,"HUN"
1892,"történteket",6,"HUN"
1893,"törvény",6,"HUN"
1894,"törvényszék",6,"HUN"
1895,"trump",6,"HUN"
1896,"tudományos",6,"HUN"
1897,"tulajdonos",6,"HUN"
1898,"túlzott",6,"HUN"
1899,"tüzérségi",6,"HUN"
1900,"ugyanúgy",6,"HUN"
1901,"újpest",6,"HUN"
1902,"ukránok",6,"HUN"
1903,"united",6,"HUN"
1904,"usa",6,"HUN"
1905,"vakcina",6,"HUN"
1906,"válasz",6,"HUN"
1907,"választás",6,"HUN"
1908,"választáson",6,"HUN"
1909,"vállalkozó",6,"HUN"
1910,"vállalkozók",6,"HUN"
1911,"vállalta",6,"HUN"
1912,"valódi",6,"HUN"
1913,"változás",6,"HUN"
1914,"változást",6,"HUN"
1915,"változó",6,"HUN"
1916,"várta",6,"HUN"
1917,"vásárolni",6,"HUN"
1918,"véget",6,"HUN"
1919,"vegyes",6,"HUN"
1920,"veszélyt",6,"HUN"
1921,"veszi",6,"HUN"
1922,"vesznek",6,"HUN"
1923,"vezeti",6,"HUN"
1924,"videó",6,"HUN"
1925,"világban",6,"HUN"
1926,"villamosenergia",6,"HUN"
1927,"vitték",6,"HUN"
1928,"voltunk",6,"HUN"
1929,"vonatkozóan",6,"HUN"
1930,"vonultak",6,"HUN"
1931,"zárult",6,"HUN"
1932,"130",5,"HUN"
1933,"180",5,"HUN"
1934,"2003",5,"HUN"
1935,"2011",5,"HUN"
1936,"2012",5,"HUN"
1937,"2025",5,"HUN"
1938,"38",5,"HUN"
1939,"42",5,"HUN"
1940,"46",5,"HUN"
1941,"49",5,"HUN"
1942,"53",5,"HUN"
1943,"56",5,"HUN"
1944,"62",5,"HUN"
1945,"68",5,"HUN"
1946,"69",5,"HUN"
1947,"81",5,"HUN"
1948,"93",5,"HUN"
1949,"97",5,"HUN"
1950,"abaúj",5,"HUN"
1951,"abba",5,"HUN"
1952,"abu",5,"HUN"
1953,"adtak",5,"HUN"
1954,"ágazat",5,"HUN"
1955,"ahonnan",5,"HUN"
1956,"ai",5,"HUN"
1957,"akarnak",5,"HUN"
1958,"akart",5,"HUN"
1959,"alakítja",5,"HUN"
1960,"alakulása",5,"HUN"
1961,"alapuló",5,"HUN"
1962,"alelnöke",5,"HUN"
1963,"alkalmazott",5,"HUN"
1964,"államokban",5,"HUN"
1965,"állatok",5,"HUN"
1966,"állítása",5,"HUN"
1967,"állítják",5,"HUN"
1968,"alól",5,"HUN"
1969,"általuk",5,"HUN"
1970,"amiben",5,"HUN"
1971,"amitől",5,"HUN"
1972,"amúgy",5,"HUN"
1973,"anikó",5,"HUN"
1974,"anyagi",5,"HUN"
1975,"árának",5,"HUN"
1976,"arany",5,"HUN"
1977,"arányban",5,"HUN"
1978,"asszony",5,"HUN"
1979,"autósok",5,"HUN"
1980,"autóval",5,"HUN"
1981,"aznap",5,"HUN"
1982,"bajnokságon",5,"HUN"
1983,"balatoni",5,"HUN"
1984,"bankok",5,"HUN"
1985,"bárki",5,"HUN"
1986,"bármikor",5,"HUN"
1987,"barna",5,"HUN"
1988,"beavatkozás",5,"HUN"
1989,"bejelentés",5,"HUN"
1990,"bejelentést",5,"HUN"
1991,"békés",5,"HUN"
1992,"belga",5,"HUN"
1993,"bence",5,"HUN"
1994,"benedek",5,"HUN"
1995,"bennünket",5,"HUN"
1996,"bent",5,"HUN"
1997,"benyújtani",5,"HUN"
1998,"bérleti",5,"HUN"
1999,"beruházás",5,"HUN"
2000,"beruházást",5,"HUN"
2001,"bírósági",5,"HUN"
2002,"bizonyult",5,"HUN"
2003,"biztonságot",5,"HUN"
2004,"bőven",5,"HUN"
2005,"brüsszel",5,"HUN"
2006,"bűncselekmény",5,"HUN"
2007,"buszok",5,"HUN"
2008,"cégeknek",5,"HUN"
2009,"célzó",5,"HUN"
2010,"civilek",5,"HUN"
2011,"csapatot",5,"HUN"
2012,"csatorna",5,"HUN"
2013,"csökkenti",5,"HUN"
2014,"csütörtök",5,"HUN"
2015,"csütörtöki",5,"HUN"
2016,"dán",5,"HUN"
2017,"darab",5,"HUN"
2018,"dávid",5,"HUN"
2019,"díjat",5,"HUN"
2020,"dollárról",5,"HUN"
2021,"döntését",5,"HUN"
2022,"döntöttek",5,"HUN"
2023,"drága",5,"HUN"
2024,"drágább",5,"HUN"
2025,"egyike",5,"HUN"
2026,"egyikük",5,"HUN"
2027,"egymásra",5,"HUN"
2028,"egyrészt",5,"HUN"
2029,"egység",5,"HUN"
2030,"egyszerre",5,"HUN"
2031,"éjszaka",5,"HUN"
2032,"elektronikus",5,"HUN"
2033,"élen",5,"HUN"
2034,"élén",5,"HUN"
2035,"eljuttatott",5,"HUN"
2036,"ellátás",5,"HUN"
2037,"elvesztette",5,"HUN"
2038,"embereknek",5,"HUN"
2039,"embernek",5,"HUN"
2040,"emberrel",5,"HUN"
2041,"emelkedés",5,"HUN"
2042,"emelkedik",5,"HUN"
2043,"emelkednek",5,"HUN"
2044,"emelkedő",5,"HUN"
2045,"emelt",5,"HUN"
2046,"energiát",5,"HUN"
2047,"engedély",5,"HUN"
2048,"ennyi",5,"HUN"
2049,"ennyire",5,"HUN"
2050,"enyhe",5,"HUN"
2051,"építeni",5,"HUN"
2052,"épül",5,"HUN"
2053,"épületében",5,"HUN"
2054,"épületek",5,"HUN"
2055,"eredetileg",5,"HUN"
2056,"eredményeként",5,"HUN"
2057,"érezte",5,"HUN"
2058,"érintettek",5,"HUN"
2059,"erste",5,"HUN"
2060,"értékben",5,"HUN"
2061,"értékű",5,"HUN"
2062,"érvényben",5,"HUN"
2063,"et",5,"HUN"
2064,"export",5,"HUN"
2065,"ezren",5,"HUN"
2066,"fák",5,"HUN"
2067,"faluban",5,"HUN"
2068,"fejét",5,"HUN"
2069,"fejezte",5,"HUN"
2070,"fejlesztett",5,"HUN"
2071,"feladata",5,"HUN"
2072,"felesége",5,"HUN"
2073,"félidő",5,"HUN"
2074,"feljebb",5,"HUN"
2075,"felmelegedés",5,"HUN"
2076,"feltétlenül",5,"HUN"
2077,"felvételt",5,"HUN"
2078,"fenn",5,"HUN"
2079,"fenti",5,"HUN"
2080,"ferencváros",5,"HUN"
2081,"férfiak",5,"HUN"
2082,"figyelmét",5,"HUN"
2083,"foglalkozik",5,"HUN"
2084,"foglalkozó",5,"HUN"
2085,"fogyasztói",5,"HUN"
2086,"fokkal",5,"HUN"
2087,"folyik",5,"HUN"
2088,"folytatja",5,"HUN"
2089,"fordulójában",5,"HUN"
2090,"fotót",5,"HUN"
2091,"főügyészség",5,"HUN"
2092,"fővárosban",5,"HUN"
2093,"ft",5,"HUN"
2094,"független",5,"HUN"
2095,"gázt",5,"HUN"
2096,"gyakorlat",5,"HUN"
2097,"gyártó",5,"HUN"
2098,"gyerekeket",5,"HUN"
2099,"gyönyörű",5,"HUN"
2100,"győzelem",5,"HUN"
2101,"gyurcsány",5,"HUN"
2102,"hajnalban",5,"HUN"
2103,"hálózat",5,"HUN"
2104,"hangsúlyozza",5,"HUN"
2105,"hangulatot",5,"HUN"
2106,"háromszor",5,"HUN"
2107,"használható",5,"HUN"
2108,"használja",5,"HUN"
2109,"használnak",5,"HUN"
2110,"használni",5,"HUN"
2111,"határon",5,"HUN"
2112,"határozat",5,"HUN"
2113,"határozott",5,"HUN"
2114,"haza",5,"HUN"
2115,"házaspár",5,"HUN"
2116,"házat",5,"HUN"
2117,"helye",5,"HUN"
2118,"helyszín",5,"HUN"
2119,"helyt",5,"HUN"
2120,"helyzetét",5,"HUN"
2121,"hetek",5,"HUN"
2122,"heti",5,"HUN"
2123,"hiánya",5,"HUN"
2124,"hihetetlen",5,"HUN"
2125,"hitelt",5,"HUN"
2126,"hölgy",5,"HUN"
2127,"hozza",5,"HUN"
2128,"hozzájuk",5,"HUN"
2129,"humanitárius",5,"HUN"
2130,"húsz",5,"HUN"
2131,"ideális",5,"HUN"
2132,"idővel",5,"HUN"
2133,"igazából",5,"HUN"
2134,"igazgatója",5,"HUN"
2135,"igazgatóság",5,"HUN"
2136,"igyekezett",5,"HUN"
2137,"igyekszik",5,"HUN"
2138,"ikonikus",5,"HUN"
2139,"illegális",5,"HUN"
2140,"illetékes",5,"HUN"
2141,"illetően",5,"HUN"
2142,"incidens",5,"HUN"
2143,"influenza",5,"HUN"
2144,"információi",5,"HUN"
2145,"informatikai",5,"HUN"
2146,"innovatív",5,"HUN"
2147,"interjúban",5,"HUN"
2148,"intézkedések",5,"HUN"
2149,"inváziója",5,"HUN"
2150,"iránti",5,"HUN"
2151,"itthon",5,"HUN"
2152,"j",5,"HUN"
2153,"járművet",5,"HUN"
2154,"játékok",5,"HUN"
2155,"javára",5,"HUN"
2156,"jelenség",5,"HUN"
2157,"jelentések",5,"HUN"
2158,"jelenthet",5,"HUN"
2159,"jellemző",5,"HUN"
2160,"jogszabály",5,"HUN"
2161,"judit",5,"HUN"
2162,"júliusban",5,"HUN"
2163,"jut",5,"HUN"
2164,"jutni",5,"HUN"
2165,"kampány",5,"HUN"
2166,"kapnak",5,"HUN"
2167,"kapus",5,"HUN"
2168,"karácsony",5,"HUN"
2169,"károkat",5,"HUN"
2170,"káros",5,"HUN"
2171,"kárt",5,"HUN"
2172,"kata",5,"HUN"
2173,"képviselői",5,"HUN"
2174,"kérésére",5,"HUN"
2175,"készítettek",5,"HUN"
2176,"készülék",5,"HUN"
2177,"készültek",5,"HUN"
2178,"kevés",5,"HUN"
2179,"kevesebbet",5,"HUN"
2180,"kezdi",5,"HUN"
2181,"kezdődik",5,"HUN"
2182,"kiadások",5,"HUN"
2183,"kialakított",5,"HUN"
2184,"kicsi",5,"HUN"
2185,"kiderül",5,"HUN"
2186,"kifejtette",5,"HUN"
2187,"kijelentette",5,"HUN"
2188,"kijevi",5,"HUN"
2189,"kilométeres",5,"HUN"
2190,"kilométerre",5,"HUN"
2191,"kiment",5,"HUN"
2192,"kísérlet",5,"HUN"
2193,"kiskereskedelmi",5,"HUN"
2194,"kislány",5,"HUN"
2195,"kiss",5,"HUN"
2196,"kitért",5,"HUN"
2197,"költözött",5,"HUN"
2198,"kommunikáció",5,"HUN"
2199,"kommunista",5,"HUN"
2200,"komolyan",5,"HUN"
2201,"konferencia",5,"HUN"
2202,"kormánya",5,"HUN"
2203,"köszöntötte",5,"HUN"
2204,"követi",5,"HUN"
2205,"követői",5,"HUN"
2206,"közbeszerzési",5,"HUN"
2207,"közlekedő",5,"HUN"
2208,"közleménye",5,"HUN"
2209,"közölt",5,"HUN"
2210,"közreműködésével",5,"HUN"
2211,"ksh",5,"HUN"
2212,"különbség",5,"HUN"
2213,"kúria",5,"HUN"
2214,"kutatói",5,"HUN"
2215,"la",5,"HUN"
2216,"lakásban",5,"HUN"
2217,"lakó",5,"HUN"
2218,"lánc",5,"HUN"
2219,"lányok",5,"HUN"
2220,"lányt",5,"HUN"
2221,"láthatta",5,"HUN"
2222,"látja",5,"HUN"
2223,"látta",5,"HUN"
2224,"legalacsonyabb",5,"HUN"
2225,"legnépszerűbb",5,"HUN"
2226,"légvédelem",5,"HUN"
2227,"lehetősége",5,"HUN"
2228,"lenni",5,"HUN"
2229,"levegő",5,"HUN"
2230,"lezárták",5,"HUN"
2231,"liga",5,"HUN"
2232,"ligája",5,"HUN"
2233,"listája",5,"HUN"
2234,"logisztikai",5,"HUN"
2235,"los",5,"HUN"
2236,"lőtt",5,"HUN"
2237,"m",5,"HUN"
2238,"magára",5,"HUN"
2239,"magyarországra",5,"HUN"
2240,"mára",5,"HUN"
2241,"márton",5,"HUN"
2242,"maximum",5,"HUN"
2243,"meccs",5,"HUN"
2244,"médiában",5,"HUN"
2245,"megelőző",5,"HUN"
2246,"megfordult",5,"HUN"
2247,"megkérdezett",5,"HUN"
2248,"megkérdezettek",5,"HUN"
2249,"megkezdődött",5,"HUN"
2250,"meglehetősen",5,"HUN"
2251,"megnövekedett",5,"HUN"
2252,"megnyerte",5,"HUN"
2253,"megsérült",5,"HUN"
2254,"megszállás",5,"HUN"
2255,"megszerzése",5,"HUN"
2256,"megvan",5,"HUN"
2257,"melegebb",5,"HUN"
2258,"melyet",5,"HUN"
2259,"mennyi",5,"HUN"
2260,"mentőszolgálat",5,"HUN"
2261,"mértéke",5,"HUN"
2262,"meta",5,"HUN"
2263,"méter",5,"HUN"
2264,"mezőgazdasági",5,"HUN"
2265,"mkb",5,"HUN"
2266,"mondjuk",5,"HUN"
2267,"mondott",5,"HUN"
2268,"money",5,"HUN"
2269,"működése",5,"HUN"
2270,"működnek",5,"HUN"
2271,"múlva",5,"HUN"
2272,"munkába",5,"HUN"
2273,"munkavégzés",5,"HUN"
2274,"műsorvezető",5,"HUN"
2275,"mutató",5,"HUN"
2276,"mutatták",5,"HUN"
2277,"művelődési",5,"HUN"
2278,"művészeti",5,"HUN"
2279,"múzeum",5,"HUN"
2280,"nála",5,"HUN"
2281,"napja",5,"HUN"
2282,"napot",5,"HUN"
2283,"négyzetméteres",5,"HUN"
2284,"nehézségek",5,"HUN"
2285,"néhol",5,"HUN"
2286,"nekem",5,"HUN"
2287,"neve",5,"HUN"
2288,"nevét",5,"HUN"
2289,"normál",5,"HUN"
2290,"növekedés",5,"HUN"
2291,"növekedési",5,"HUN"
2292,"novemberben",5,"HUN"
2293,"nyelvű",5,"HUN"
2294,"nyertek",5,"HUN"
2295,"nyilatkozta",5,"HUN"
2296,"nyilván",5,"HUN"
2297,"nyitva",5,"HUN"
2298,"nyomán",5,"HUN"
2299,"nyomozást",5,"HUN"
2300,"nyújt",5,"HUN"
2301,"okból",5,"HUN"
2302,"októberében",5,"HUN"
2303,"oldal",5,"HUN"
2304,"oltás",5,"HUN"
2305,"önkéntes",5,"HUN"
2306,"órával",5,"HUN"
2307,"örömmel",5,"HUN"
2308,"oroszországot",5,"HUN"
2309,"országba",5,"HUN"
2310,"országgyűlés",5,"HUN"
2311,"oscar",5,"HUN"
2312,"összefogás",5,"HUN"
2313,"összegű",5,"HUN"
2314,"ötéves",5,"HUN"
2315,"otthonában",5,"HUN"
2316,"óvoda",5,"HUN"
2317,"párbeszéd",5,"HUN"
2318,"pénzből",5,"HUN"
2319,"petőfi",5,"HUN"
2320,"piacok",5,"HUN"
2321,"pontokat",5,"HUN"
2322,"prémium",5,"HUN"
2323,"problémákat",5,"HUN"
2324,"programokat",5,"HUN"
2325,"programot",5,"HUN"
2326,"projektet",5,"HUN"
2327,"rajta",5,"HUN"
2328,"rakéta",5,"HUN"
2329,"ráta",5,"HUN"
2330,"reális",5,"HUN"
2331,"régebben",5,"HUN"
2332,"régiós",5,"HUN"
2333,"regisztráltak",5,"HUN"
2334,"reméli",5,"HUN"
2335,"rendezték",5,"HUN"
2336,"részére",5,"HUN"
2337,"részéről",5,"HUN"
2338,"részletes",5,"HUN"
2339,"revolut",5,"HUN"
2340,"robbanás",5,"HUN"
2341,"robbant",5,"HUN"
2342,"románia",5,"HUN"
2343,"segített",5,"HUN"
2344,"segítik",5,"HUN"
2345,"show",5,"HUN"
2346,"sikeresen",5,"HUN"
2347,"simon",5,"HUN"
2348,"sokszor",5,"HUN"
2349,"sport",5,"HUN"
2350,"sportoló",5,"HUN"
2351,"statisztikai",5,"HUN"
2352,"stratégiai",5,"HUN"
2353,"stúdió",5,"HUN"
2354,"sütjük",5,"HUN"
2355,"sz",5,"HUN"
2356,"szabályok",5,"HUN"
2357,"szállást",5,"HUN"
2358,"számának",5,"HUN"
2359,"számíthatunk",5,"HUN"
2360,"számoltak",5,"HUN"
2361,"számunkra",5,"HUN"
2362,"szankciós",5,"HUN"
2363,"szánt",5,"HUN"
2364,"százalékról",5,"HUN"
2365,"szeged",5,"HUN"
2366,"szegedi",5,"HUN"
2367,"személyesen",5,"HUN"
2368,"szempont",5,"HUN"
2369,"szenvednek",5,"HUN"
2370,"szeptemberi",5,"HUN"
2371,"szeretné",5,"HUN"
2372,"szerintem",5,"HUN"
2373,"szervező",5,"HUN"
2374,"szerző",5,"HUN"
2375,"szezon",5,"HUN"
2376,"szilágyi",5,"HUN"
2377,"színház",5,"HUN"
2378,"színpadra",5,"HUN"
2379,"szolgálatot",5,"HUN"
2380,"szolgáltatás",5,"HUN"
2381,"szóvivője",5,"HUN"
2382,"sztárban",5,"HUN"
2383,"táborban",5,"HUN"
2384,"tagjainak",5,"HUN"
2385,"támadó",5,"HUN"
2386,"támogatások",5,"HUN"
2387,"tanulmány",5,"HUN"
2388,"tárcavezető",5,"HUN"
2389,"társadalom",5,"HUN"
2390,"távol",5,"HUN"
2391,"tekintve",5,"HUN"
2392,"település",5,"HUN"
2393,"településen",5,"HUN"
2394,"teljesítményt",5,"HUN"
2395,"tér",5,"HUN"
2396,"téren",5,"HUN"
2397,"termés",5,"HUN"
2398,"térségben",5,"HUN"
2399,"tervez",5,"HUN"
2400,"test",5,"HUN"
2401,"testület",5,"HUN"
2402,"típusú",5,"HUN"
2403,"titokban",5,"HUN"
2404,"tizenkét",5,"HUN"
2405,"tízezer",5,"HUN"
2406,"tőle",5,"HUN"
2407,"törekszik",5,"HUN"
2408,"története",5,"HUN"
2409,"tragédia",5,"HUN"
2410,"tudom",5,"HUN"
2411,"turisták",5,"HUN"
2412,"ukrajnának",5,"HUN"
2413,"ült",5,"HUN"
2414,"út",5,"HUN"
2415,"utána",5,"HUN"
2416,"utat",5,"HUN"
2417,"utazási",5,"HUN"
2418,"üzemeltető",5,"HUN"
2419,"vádolta",5,"HUN"
2420,"válaszul",5,"HUN"
2421,"válik",5,"HUN"
2422,"vallomást",5,"HUN"
2423,"valóság",5,"HUN"
2424,"valószínű",5,"HUN"
2425,"városból",5,"HUN"
2426,"vásárolt",5,"HUN"
2427,"védett",5,"HUN"
2428,"vége",5,"HUN"
2429,"vehető",5,"HUN"
2430,"véleményét",5,"HUN"
2431,"vendége",5,"HUN"
2432,"veszélyben",5,"HUN"
2433,"veszik",5,"HUN"
2434,"vevő",5,"HUN"
2435,"vezetése",5,"HUN"
2436,"vezetői",5,"HUN"
2437,"viharos",5,"HUN"
2438,"világon",5,"HUN"
2439,"virtuális",5,"HUN"
2440,"vitte",5,"HUN"
2441,"vizsgálatot",5,"HUN"
2442,"vonatkozik",5,"HUN"
2443,"vörös",5,"HUN"
2444,"york",5,"HUN"
2445,"záráshoz",5,"HUN"
2446,"zárta",5,"HUN"
2447,"zemplén",5,"HUN"
2448,"zenekar",5,"HUN"
2449,"zsolt",5,"HUN"
2450,"05",4,"HUN"
2451,"112",4,"HUN"
2452,"1200",4,"HUN"
2453,"2006",4,"HUN"
2454,"2015",4,"HUN"
2455,"220",4,"HUN"
2456,"36",4,"HUN"
2457,"3d",4,"HUN"
2458,"52",4,"HUN"
2459,"57",4,"HUN"
2460,"58",4,"HUN"
2461,"61",4,"HUN"
2462,"66",4,"HUN"
2463,"74",4,"HUN"
2464,"78",4,"HUN"
2465,"92",4,"HUN"
2466,"94",4,"HUN"
2467,"99",4,"HUN"
2468,"abszolút",4,"HUN"
2469,"adat",4,"HUN"
2470,"adatait",4,"HUN"
2471,"adventi",4,"HUN"
2472,"afázia",4,"HUN"
2473,"agresszív",4,"HUN"
2474,"agy",4,"HUN"
2475,"ajánlatot",4,"HUN"
2476,"akadémia",4,"HUN"
2477,"akarja",4,"HUN"
2478,"akiket",4,"HUN"
2479,"akivel",4,"HUN"
2480,"akkori",4,"HUN"
2481,"akkumulátorok",4,"HUN"
2482,"ákos",4,"HUN"
2483,"alakulását",4,"HUN"
2484,"alakultak",4,"HUN"
2485,"alapító",4,"HUN"
2486,"alapon",4,"HUN"
2487,"alapú",4,"HUN"
2488,"áldozata",4,"HUN"
2489,"alighanem",4,"HUN"
2490,"alkoholt",4,"HUN"
2491,"alkotó",4,"HUN"
2492,"államfő",4,"HUN"
2493,"állampapír",4,"HUN"
2494,"állampolgárok",4,"HUN"
2495,"állapota",4,"HUN"
2496,"álláspontja",4,"HUN"
2497,"állították",4,"HUN"
2498,"amellett",4,"HUN"
2499,"amelyeknek",4,"HUN"
2500,"amiatt",4,"HUN"
2501,"amiért",4,"HUN"
2502,"amik",4,"HUN"
2503,"angeles",4,"HUN"
2504,"annál",4,"HUN"
2505,"anyuka",4,"HUN"
2506,"apró",4,"HUN"
2507,"árakat",4,"HUN"
2508,"áramlat",4,"HUN"
2509,"áramtalanítják",4,"HUN"
2510,"árbevétel",4,"HUN"
2511,"árfolyamon",4,"HUN"
2512,"átadott",4,"HUN"
2513,"atlétikai",4,"HUN"
2514,"ausztrál",4,"HUN"
2515,"autók",4,"HUN"
2516,"azokról",4,"HUN"
2517,"azonnali",4,"HUN"
2518,"balaton",4,"HUN"
2519,"bálint",4,"HUN"
2520,"balti",4,"HUN"
2521,"bank360",4,"HUN"
2522,"beadását",4,"HUN"
2523,"becslése",4,"HUN"
2524,"beismerő",4,"HUN"
2525,"bejelentett",4,"HUN"
2526,"bekerült",4,"HUN"
2527,"bekövetkezett",4,"HUN"
2528,"belügyminisztérium",4,"HUN"
2529,"belüli",4,"HUN"
2530,"bemutatott",4,"HUN"
2531,"benzin",4,"HUN"
2532,"beszámolók",4,"HUN"
2533,"beszédében",4,"HUN"
2534,"beszédet",4,"HUN"
2535,"beszél",4,"HUN"
2536,"beszerzési",4,"HUN"
2537,"betegek",4,"HUN"
2538,"betéti",4,"HUN"
2539,"bevételt",4,"HUN"
2540,"bevonásával",4,"HUN"
2541,"bizonytalan",4,"HUN"
2542,"biztonságára",4,"HUN"
2543,"biztosítanak",4,"HUN"
2544,"biztosítása",4,"HUN"
2545,"biztosítási",4,"HUN"
2546,"biztosítják",4,"HUN"
2547,"biztosította",4,"HUN"
2548,"blizzard",4,"HUN"
2549,"bmw",4,"HUN"
2550,"bő",4,"HUN"
2551,"ból",4,"HUN"
2552,"bonyolult",4,"HUN"
2553,"bőrébe",4,"HUN"
2554,"bosch",4,"HUN"
2555,"brent",4,"HUN"
2556,"britanniában",4,"HUN"
2557,"brüsszelben",4,"HUN"
2558,"bűnösnek",4,"HUN"
2559,"bux",4,"HUN"
2560,"cargill",4,"HUN"
2561,"céges",4,"HUN"
2562,"céget",4,"HUN"
2563,"cégnek",4,"HUN"
2564,"célba",4,"HUN"
2565,"celsius",4,"HUN"
2566,"célú",4,"HUN"
2567,"célunk",4,"HUN"
2568,"corvinus",4,"HUN"
2569,"csaba",4,"HUN"
2570,"családnak",4,"HUN"
2571,"családot",4,"HUN"
2572,"csalók",4,"HUN"
2573,"csapadék",4,"HUN"
2574,"csapatával",4,"HUN"
2575,"csapatban",4,"HUN"
2576,"csapódott",4,"HUN"
2577,"csinálni",4,"HUN"
2578,"csökkenés",4,"HUN"
2579,"csökkentése",4,"HUN"
2580,"debrecenben",4,"HUN"
2581,"délnyugati",4,"HUN"
2582,"dice",4,"HUN"
2583,"díjak",4,"HUN"
2584,"díjas",4,"HUN"
2585,"dmitro",4,"HUN"
2586,"dolgokat",4,"HUN"
2587,"donald",4,"HUN"
2588,"dönt",4,"HUN"
2589,"drágult",4,"HUN"
2590,"drámai",4,"HUN"
2591,"drónok",4,"HUN"
2592,"dunaújvárosi",4,"HUN"
2593,"édesapa",4,"HUN"
2594,"egyedül",4,"HUN"
2595,"egyenesen",4,"HUN"
2596,"egymásba",4,"HUN"
2597,"egységben",4,"HUN"
2598,"egységes",4,"HUN"
2599,"egyszerűen",4,"HUN"
2600,"eladott",4,"HUN"
2601,"elegendő",4,"HUN"
2602,"elejére",4,"HUN"
2603,"elemzése",4,"HUN"
2604,"elérhetővé",4,"HUN"
2605,"életbe",4,"HUN"
2606,"élete",4,"HUN"
2607,"életre",4,"HUN"
2608,"életüket",4,"HUN"
2609,"elfogadhatatlan",4,"HUN"
2610,"elfogadhatatlannak",4,"HUN"
2611,"elfogott",4,"HUN"
2612,"elhagyni",4,"HUN"
2613,"elindult",4,"HUN"
2614,"elismerést",4,"HUN"
2615,"elképesztő",4,"HUN"
2616,"elkerülése",4,"HUN"
2617,"elkövetett",4,"HUN"
2618,"elkövető",4,"HUN"
2619,"ellene",4,"HUN"
2620,"ellenfél",4,"HUN"
2621,"ellenőrző",4,"HUN"
2622,"elmaradt",4,"HUN"
2623,"elmenekült",4,"HUN"
2624,"elment",4,"HUN"
2625,"elmondása",4,"HUN"
2626,"előadást",4,"HUN"
2627,"előállították",4,"HUN"
2628,"élőben",4,"HUN"
2629,"előnyben",4,"HUN"
2630,"előnye",4,"HUN"
2631,"előtérbe",4,"HUN"
2632,"előzetes",4,"HUN"
2633,"eltűnt",4,"HUN"
2634,"emberi",4,"HUN"
2635,"emelkedését",4,"HUN"
2636,"ep",4,"HUN"
2637,"épülő",4,"HUN"
2638,"épült",4,"HUN"
2639,"equilor",4,"HUN"
2640,"ér",4,"HUN"
2641,"érdeklődőket",4,"HUN"
2642,"érdemben",4,"HUN"
2643,"érdemi",4,"HUN"
2644,"erdőbe",4,"HUN"
2645,"eredménye",4,"HUN"
2646,"érezhető",4,"HUN"
2647,"érhető",4,"HUN"
2648,"érkeznek",4,"HUN"
2649,"erősítette",4,"HUN"
2650,"értékek",4,"HUN"
2651,"érthető",4,"HUN"
2652,"érzékeny",4,"HUN"
2653,"esély",4,"HUN"
2654,"esetről",4,"HUN"
2655,"eskü",4,"HUN"
2656,"északkeleti",4,"HUN"
2657,"eszközöket",4,"HUN"
2658,"eszter",4,"HUN"
2659,"európát",4,"HUN"
2660,"euróval",4,"HUN"
2661,"éva",4,"HUN"
2662,"évad",4,"HUN"
2663,"évesen",4,"HUN"
2664,"évtizede",4,"HUN"
2665,"extra",4,"HUN"
2666,"ezáltal",4,"HUN"
2667,"ezeken",4,"HUN"
2668,"ezelőtti",4,"HUN"
2669,"f",4,"HUN"
2670,"fábián",4,"HUN"
2671,"fájdalmas",4,"HUN"
2672,"faktor",4,"HUN"
2673,"fegyvert",4,"HUN"
2674,"fehérek",4,"HUN"
2675,"fejében",4,"HUN"
2676,"fejlesztéséhez",4,"HUN"
2677,"fejlesztését",4,"HUN"
2678,"fejlett",4,"HUN"
2679,"felek",4,"HUN"
2680,"felére",4,"HUN"
2681,"felét",4,"HUN"
2682,"felhasználó",4,"HUN"
2683,"felhasználóknak",4,"HUN"
2684,"felhős",4,"HUN"
2685,"felhőzet",4,"HUN"
2686,"felmérés",4,"HUN"
2687,"felnőttek",4,"HUN"
2688,"felsorolt",4,"HUN"
2689,"feltételeket",4,"HUN"
2690,"feltételezett",4,"HUN"
2691,"felügyelete",4,"HUN"
2692,"felújított",4,"HUN"
2693,"felvonultató",4,"HUN"
2694,"férjével",4,"HUN"
2695,"fesztivál",4,"HUN"
2696,"fia",4,"HUN"
2697,"filmes",4,"HUN"
2698,"fizet",4,"HUN"
2699,"fogadják",4,"HUN"
2700,"fogadott",4,"HUN"
2701,"foglalkozni",4,"HUN"
2702,"fogyasztás",4,"HUN"
2703,"földi",4,"HUN"
2704,"folyón",4,"HUN"
2705,"folytat",4,"HUN"
2706,"folytatódnak",4,"HUN"
2707,"fontosnak",4,"HUN"
2708,"főpolgármester",4,"HUN"
2709,"fordulóban",4,"HUN"
2710,"fordult",4,"HUN"
2711,"forgalomban",4,"HUN"
2712,"forradalom",4,"HUN"
2713,"forrás",4,"HUN"
2714,"főt",4,"HUN"
2715,"frissen",4,"HUN"
2716,"fronton",4,"HUN"
2717,"ftc",4,"HUN"
2718,"függ",4,"HUN"
2719,"gólt",4,"HUN"
2720,"gond",4,"HUN"
2721,"gondolja",4,"HUN"
2722,"gondolni",4,"HUN"
2723,"grand",4,"HUN"
2724,"gulyás",4,"HUN"
2725,"gyakorló",4,"HUN"
2726,"gyakrabban",4,"HUN"
2727,"gyanúsítottak",4,"HUN"
2728,"gyengülése",4,"HUN"
2729,"gyermekével",4,"HUN"
2730,"győztese",4,"HUN"
2731,"háborút",4,"HUN"
2732,"hagyta",4,"HUN"
2733,"hajdúszoboszló",4,"HUN"
2734,"hajrában",4,"HUN"
2735,"halálos",4,"HUN"
2736,"hangsúlyozva",4,"HUN"
2737,"harci",4,"HUN"
2738,"harry",4,"HUN"
2739,"hasznos",4,"HUN"
2740,"hatályba",4,"HUN"
2741,"hatályos",4,"HUN"
2742,"határszakaszon",4,"HUN"
2743,"hatást",4,"HUN"
2744,"hazánk",4,"HUN"
2745,"hely",4,"HUN"
2746,"helyenként",4,"HUN"
2747,"helyére",4,"HUN"
2748,"helyezik",4,"HUN"
2749,"helyreállítási",4,"HUN"
2750,"helyszínelés",4,"HUN"
2751,"helyzete",4,"HUN"
2752,"herceg",4,"HUN"
2753,"hétben",4,"HUN"
2754,"hete",4,"HUN"
2755,"hétfőtől",4,"HUN"
2756,"hétvégén",4,"HUN"
2757,"hétvégi",4,"HUN"
2758,"heves",4,"HUN"
2759,"hiány",4,"HUN"
2760,"hideg",4,"HUN"
2761,"híreket",4,"HUN"
2762,"hisz",4,"HUN"
2763,"hitel",4,"HUN"
2764,"hitelkamatok",4,"HUN"
2765,"hivatala",4,"HUN"
2766,"hívta",4,"HUN"
2767,"hívtak",4,"HUN"
2768,"hó",4,"HUN"
2769,"hónapig",4,"HUN"
2770,"horvát",4,"HUN"
2771,"horváth",4,"HUN"
2772,"horvátok",4,"HUN"
2773,"hosszabb",4,"HUN"
2774,"hosszabbításban",4,"HUN"
2775,"hozni",4,"HUN"
2776,"hozzájárul",4,"HUN"
2777,"hozzátette",4,"HUN"
2778,"idegen",4,"HUN"
2779,"időkben",4,"HUN"
2780,"időre",4,"HUN"
2781,"igyekeznek",4,"HUN"
2782,"ilyenkor",4,"HUN"
2783,"indította",4,"HUN"
2784,"induló",4,"HUN"
2785,"információ",4,"HUN"
2786,"ingatlan",4,"HUN"
2787,"intelligens",4,"HUN"
2788,"intenzív",4,"HUN"
2789,"interaktív",4,"HUN"
2790,"intézkedéseket",4,"HUN"
2791,"ip",4,"HUN"
2792,"irányadó",4,"HUN"
2793,"író",4,"HUN"
2794,"irodalmi",4,"HUN"
2795,"iskolába",4,"HUN"
2796,"iskolában",4,"HUN"
2797,"ismerte",4,"HUN"
2798,"isten",4,"HUN"
2799,"italok",4,"HUN"
2800,"james",4,"HUN"
2801,"januárban",4,"HUN"
2802,"járásbíróság",4,"HUN"
2803,"járhat",4,"HUN"
2804,"járműveket",4,"HUN"
2805,"játékosa",4,"HUN"
2806,"játsszák",4,"HUN"
2807,"játszik",4,"HUN"
2808,"játszó",4,"HUN"
2809,"javaslat",4,"HUN"
2810,"javaslatát",4,"HUN"
2811,"javasolta",4,"HUN"
2812,"jegyzése",4,"HUN"
2813,"jelentésében",4,"HUN"
2814,"jelentették",4,"HUN"
2815,"jelentősebb",4,"HUN"
2816,"jelezték",4,"HUN"
2817,"jobbik",4,"HUN"
2818,"johnson",4,"HUN"
2819,"jönnek",4,"HUN"
2820,"jót",4,"HUN"
2821,"júniusban",4,"HUN"
2822,"kabinet",4,"HUN"
2823,"kamatozású",4,"HUN"
2824,"kancellár",4,"HUN"
2825,"kapja",4,"HUN"
2826,"kapják",4,"HUN"
2827,"karácsonyi",4,"HUN"
2828,"katonákat",4,"HUN"
2829,"kb",4,"HUN"
2830,"kedvenc",4,"HUN"
2831,"képek",4,"HUN"
2832,"képeket",4,"HUN"
2833,"képen",4,"HUN"
2834,"képviselteti",4,"HUN"
2835,"kér",4,"HUN"
2836,"keresett",4,"HUN"
2837,"kereskedelem",4,"HUN"
2838,"keresletet",4,"HUN"
2839,"keresztény",4,"HUN"
2840,"kértek",4,"HUN"
2841,"kérték",4,"HUN"
2842,"kerülnek",4,"HUN"
2843,"kerülni",4,"HUN"
2844,"késő",4,"HUN"
2845,"kétoldalú",4,"HUN"
2846,"kezdett",4,"HUN"
2847,"kibocsátott",4,"HUN"
2848,"kiegészítő",4,"HUN"
2849,"kiegészítője",4,"HUN"
2850,"kiemelkedő",4,"HUN"
2851,"kifejezés",4,"HUN"
2852,"kilencvenes",4,"HUN"
2853,"királyi",4,"HUN"
2854,"kísérő",4,"HUN"
2855,"kissé",4,"HUN"
2856,"kitörése",4,"HUN"
2857,"kívánja",4,"HUN"
2858,"kivételt",4,"HUN"
2859,"klasszikus",4,"HUN"
2860,"kőbánya",4,"HUN"
2861,"kockázatot",4,"HUN"
2862,"kocsiból",4,"HUN"
2863,"költött",4,"HUN"
2864,"költségeit",4,"HUN"
2865,"költségek",4,"HUN"
2866,"könyv",4,"HUN"
2867,"körbe",4,"HUN"
2868,"kormánynak",4,"HUN"
2869,"kormánypárti",4,"HUN"
2870,"kormányzat",4,"HUN"
2871,"környezeti",4,"HUN"
2872,"korrupciós",4,"HUN"
2873,"kovászna",4,"HUN"
2874,"következik",4,"HUN"
2875,"közeljövőben",4,"HUN"
2876,"közigazgatási",4,"HUN"
2877,"közlönyben",4,"HUN"
2878,"közülük",4,"HUN"
2879,"kulcsfontosságú",4,"HUN"
2880,"külföldön",4,"HUN"
2881,"külföldre",4,"HUN"
2882,"különféle",4,"HUN"
2883,"kültéri",4,"HUN"
2884,"kultúra",4,"HUN"
2885,"kutatás",4,"HUN"
2886,"kutatások",4,"HUN"
2887,"kutató",4,"HUN"
2888,"kutya",4,"HUN"
2889,"küzd",4,"HUN"
2890,"küzdelem",4,"HUN"
2891,"kwh",4,"HUN"
2892,"l",4,"HUN"
2893,"lakosok",4,"HUN"
2894,"lakosú",4,"HUN"
2895,"lapunk",4,"HUN"
2896,"lát",4,"HUN"
2897,"láthatóan",4,"HUN"
2898,"legalábbis",4,"HUN"
2899,"leggyakoribb",4,"HUN"
2900,"légierő",4,"HUN"
2901,"legjelentősebb",4,"HUN"
2902,"legyenek",4,"HUN"
2903,"legyőzte",4,"HUN"
2904,"lehetőségét",4,"HUN"
2905,"lengyelország",4,"HUN"
2906,"lépéseket",4,"HUN"
2907,"lépést",4,"HUN"
2908,"léptek",4,"HUN"
2909,"leszek",4,"HUN"
2910,"lista",4,"HUN"
2911,"magam",4,"HUN"
2912,"makó",4,"HUN"
2913,"maradnak",4,"HUN"
2914,"maradni",4,"HUN"
2915,"márciusi",4,"HUN"
2916,"márki",4,"HUN"
2917,"másnap",4,"HUN"
2918,"mást",4,"HUN"
2919,"meccset",4,"HUN"
2920,"megállapodás",4,"HUN"
2921,"megbízott",4,"HUN"
2922,"megélénkül",4,"HUN"
2923,"megerősítették",4,"HUN"
2924,"méghozzá",4,"HUN"
2925,"megírta",4,"HUN"
2926,"megjegyezte",4,"HUN"
2927,"megjelentek",4,"HUN"
2928,"megmenteni",4,"HUN"
2929,"megnyert",4,"HUN"
2930,"megpróbálják",4,"HUN"
2931,"megszokott",4,"HUN"
2932,"megtartott",4,"HUN"
2933,"megtörtént",4,"HUN"
2934,"megtudta",4,"HUN"
2935,"meleg",4,"HUN"
2936,"mellkasi",4,"HUN"
2937,"mennek",4,"HUN"
2938,"menni",4,"HUN"
2939,"mentén",4,"HUN"
2940,"mercedes",4,"HUN"
2941,"mérkőzésen",4,"HUN"
2942,"merült",4,"HUN"
2943,"mesélt",4,"HUN"
2944,"mesélte",4,"HUN"
2945,"meteorológiai",4,"HUN"
2946,"miklós",4,"HUN"
2947,"milliárdot",4,"HUN"
2948,"millióra",4,"HUN"
2949,"milliót",4,"HUN"
2950,"minap",4,"HUN"
2951,"mindennapi",4,"HUN"
2952,"minimum",4,"HUN"
2953,"minket",4,"HUN"
2954,"mínusz",4,"HUN"
2955,"miskolc",4,"HUN"
2956,"miskolcon",4,"HUN"
2957,"mobilos",4,"HUN"
2958,"modellt",4,"HUN"
2959,"mozi",4,"HUN"
2960,"mozognak",4,"HUN"
2961,"működött",4,"HUN"
2962,"nagyrészt",4,"HUN"
2963,"náluk",4,"HUN"
2964,"napról",4,"HUN"
2965,"nébih",4,"HUN"
2966,"negyed",4,"HUN"
2967,"négyzetméter",4,"HUN"
2968,"négyzetméterár",4,"HUN"
2969,"nek",4,"HUN"
2970,"németek",4,"HUN"
2971,"németországban",4,"HUN"
2972,"nemi",4,"HUN"
2973,"nép",4,"HUN"
2974,"netflix",4,"HUN"
2975,"nevelő",4,"HUN"
2976,"nevezett",4,"HUN"
2977,"nőnek",4,"HUN"
2978,"nőt",4,"HUN"
2979,"nőttek",4,"HUN"
2980,"növelése",4,"HUN"
2981,"nvi",4,"HUN"
2982,"nyár",4,"HUN"
2983,"nyilatkozat",4,"HUN"
2984,"nyilatkozott",4,"HUN"
2985,"nyíregyházi",4,"HUN"
2986,"nyomást",4,"HUN"
2987,"nyomozás",4,"HUN"
2988,"nyomozók",4,"HUN"
2989,"nyugalomra",4,"HUN"
2990,"nyújtani",4,"HUN"
2991,"ok",4,"HUN"
2992,"okozhat",4,"HUN"
2993,"okoznak",4,"HUN"
2994,"oktatás",4,"HUN"
2995,"oktatási",4,"HUN"
2996,"olaj",4,"HUN"
2997,"oldali",4,"HUN"
2998,"oltani",4,"HUN"
2999,"omikron",4,"HUN"
3000,"önálló",4,"HUN"
3001,"one",4,"HUN"
3002,"önkéntesek",4,"HUN"
3003,"órákig",4,"HUN"
3004,"órás",4,"HUN"
3005,"oroszbarát",4,"HUN"
3006,"oroszországban",4,"HUN"
3007,"őszén",4,"HUN"
3008,"paks",4,"HUN"
3009,"pályázat",4,"HUN"
3010,"pályázatot",4,"HUN"
3011,"papírok",4,"HUN"
3012,"párbeszédre",4,"HUN"
3013,"párizsi",4,"HUN"
3014,"pártok",4,"HUN"
3015,"pedagógus",4,"HUN"
3016,"pedagógusok",4,"HUN"
3017,"példa",4,"HUN"
3018,"példát",4,"HUN"
3019,"pénzügyminiszter",4,"HUN"
3020,"piacra",4,"HUN"
3021,"polgári",4,"HUN"
3022,"politikusa",4,"HUN"
3023,"pontot",4,"HUN"
3024,"por",4,"HUN"
3025,"porsche",4,"HUN"
3026,"portálon",4,"HUN"
3027,"poszt",4,"HUN"
3028,"posztban",4,"HUN"
3029,"pro",4,"HUN"
3030,"próbálja",4,"HUN"
3031,"próbált",4,"HUN"
3032,"próbáltak",4,"HUN"
3033,"problémák",4,"HUN"
3034,"profi",4,"HUN"
3035,"püspök",4,"HUN"
3036,"rajongók",4,"HUN"
3037,"rájuk",4,"HUN"
3038,"reagálva",4,"HUN"
3039,"real",4,"HUN"
3040,"rég",4,"HUN"
3041,"régiót",4,"HUN"
3042,"remekül",4,"HUN"
3043,"rendben",4,"HUN"
3044,"rendelet",4,"HUN"
3045,"rendelkezésére",4,"HUN"
3046,"rendezik",4,"HUN"
3047,"rendező",4,"HUN"
3048,"rendeztek",4,"HUN"
3049,"rendezvényt",4,"HUN"
3050,"rendőrséggel",4,"HUN"
3051,"rendszerben",4,"HUN"
3052,"rendszerek",4,"HUN"
3053,"részleteket",4,"HUN"
3054,"rezsicsökkentést",4,"HUN"
3055,"ritka",4,"HUN"
3056,"románok",4,"HUN"
3057,"rosszabb",4,"HUN"
3058,"ryanair",4,"HUN"
3059,"sajtótájékoztatón",4,"HUN"
3060,"sárga",4,"HUN"
3061,"sávban",4,"HUN"
3062,"sebességgel",4,"HUN"
3063,"segítségét",4,"HUN"
3064,"sepsiszentgyörgyi",4,"HUN"
3065,"sic",4,"HUN"
3066,"sikerre",4,"HUN"
3067,"sikert",4,"HUN"
3068,"sincs",4,"HUN"
3069,"sony",4,"HUN"
3070,"sorban",4,"HUN"
3071,"sorra",4,"HUN"
3072,"sportcsarnokban",4,"HUN"
3073,"stadionban",4,"HUN"
3074,"startup",4,"HUN"
3075,"súlyosan",4,"HUN"
3076,"sürgősségi",4,"HUN"
3077,"svéd",4,"HUN"
3078,"szabott",4,"HUN"
3079,"szakaszt",4,"HUN"
3080,"szakértői",4,"HUN"
3081,"szállító",4,"HUN"
3082,"szállítottak",4,"HUN"
3083,"számok",4,"HUN"
3084,"számtalan",4,"HUN"
3085,"számú",4,"HUN"
3086,"számukra",4,"HUN"
3087,"származik",4,"HUN"
3088,"szaúdi",4,"HUN"
3089,"szavazatok",4,"HUN"
3090,"század",4,"HUN"
3091,"székhelyű",4,"HUN"
3092,"szektorban",4,"HUN"
3093,"személy",4,"HUN"
3094,"személyt",4,"HUN"
3095,"szerelem",4,"HUN"
3096,"szerencsére",4,"HUN"
3097,"szeretett",4,"HUN"
3098,"szereti",4,"HUN"
3099,"szeretik",4,"HUN"
3100,"szerinti",4,"HUN"
3101,"szert",4,"HUN"
3102,"szét",4,"HUN"
3103,"sziget",4,"HUN"
3104,"szigorú",4,"HUN"
3105,"szijjártó",4,"HUN"
3106,"színpadon",4,"HUN"
3107,"szívét",4,"HUN"
3108,"szlovén",4,"HUN"
3109,"szokás",4,"HUN"
3110,"szokatlan",4,"HUN"
3111,"szokott",4,"HUN"
3112,"szoktam",4,"HUN"
3113,"szolgáló",4,"HUN"
3114,"szolgáltatások",4,"HUN"
3115,"szolgáltatók",4,"HUN"
3116,"szombati",4,"HUN"
3117,"szoros",4,"HUN"
3118,"szovjetunió",4,"HUN"
3119,"szüksége",4,"HUN"
3120,"szülő",4,"HUN"
3121,"tábor",4,"HUN"
3122,"tagállam",4,"HUN"
3123,"találkozhatnak",4,"HUN"
3124,"találkozik",4,"HUN"
3125,"támadtak",4,"HUN"
3126,"támogatási",4,"HUN"
3127,"támogató",4,"HUN"
3128,"tanácsadó",4,"HUN"
3129,"tanácsának",4,"HUN"
3130,"tartalmaz",4,"HUN"
3131,"tartalmazó",4,"HUN"
3132,"tartós",4,"HUN"
3133,"tartották",4,"HUN"
3134,"távoli",4,"HUN"
3135,"távú",4,"HUN"
3136,"te",4,"HUN"
3137,"tegyen",4,"HUN"
3138,"teheti",4,"HUN"
3139,"telepített",4,"HUN"
3140,"televízió",4,"HUN"
3141,"teli",4,"HUN"
3142,"teljesített",4,"HUN"
3143,"teljesítménye",4,"HUN"
3144,"temetőben",4,"HUN"
3145,"tenger",4,"HUN"
3146,"tenni",4,"HUN"
3147,"tények",4,"HUN"
3148,"terjedő",4,"HUN"
3149,"termelési",4,"HUN"
3150,"terrorista",4,"HUN"
3151,"térség",4,"HUN"
3152,"területi",4,"HUN"
3153,"terveztek",4,"HUN"
3154,"tesznek",4,"HUN"
3155,"tesztet",4,"HUN"
3156,"tevékenység",4,"HUN"
3157,"tevékenységet",4,"HUN"
3158,"tisztviselők",4,"HUN"
3159,"többé",4,"HUN"
3160,"többség",4,"HUN"
3161,"tölti",4,"HUN"
3162,"történetének",4,"HUN"
3163,"történhet",4,"HUN"
3164,"törvényben",4,"HUN"
3165,"tőzsdei",4,"HUN"
3166,"tőzsdén",4,"HUN"
3167,"tüntetők",4,"HUN"
3168,"tűz",4,"HUN"
3169,"tv",4,"HUN"
3170,"tv2",4,"HUN"
3171,"ugrott",4,"HUN"
3172,"ukrajnába",4,"HUN"
3173,"ukrajnát",4,"HUN"
3174,"ünnep",4,"HUN"
3175,"utak",4,"HUN"
3176,"utalt",4,"HUN"
3177,"utáni",4,"HUN"
3178,"utas",4,"HUN"
3179,"utaztak",4,"HUN"
3180,"útján",4,"HUN"
3181,"útszakaszon",4,"HUN"
3182,"útvonal",4,"HUN"
3183,"üzlet",4,"HUN"
3184,"üzletek",4,"HUN"
3185,"üzletember",4,"HUN"
3186,"val",4,"HUN"
3187,"valamit",4,"HUN"
3188,"válaszolta",4,"HUN"
3189,"választani",4,"HUN"
3190,"vállalkozás",4,"HUN"
3191,"valósul",4,"HUN"
3192,"valószínűséggel",4,"HUN"
3193,"válság",4,"HUN"
3194,"váltott",4,"HUN"
3195,"változatlanul",4,"HUN"
3196,"városok",4,"HUN"
3197,"városokban",4,"HUN"
3198,"vártnál",4,"HUN"
3199,"vásárlási",4,"HUN"
3200,"vásárol",4,"HUN"
3201,"vasúti",4,"HUN"
3202,"védelmére",4,"HUN"
3203,"végét",4,"HUN"
3204,"végeznek",4,"HUN"
3205,"vegyen",4,"HUN"
3206,"végzi",4,"HUN"
3207,"végzik",4,"HUN"
3208,"vélekedett",4,"HUN"
3209,"velem",4,"HUN"
3210,"velünk",4,"HUN"
3211,"vendégeit",4,"HUN"
3212,"vereséget",4,"HUN"
3213,"versenyen",4,"HUN"
3214,"versenyző",4,"HUN"
3215,"versenyzők",4,"HUN"
3216,"veszélye",4,"HUN"
3217,"vezérkar",4,"HUN"
3218,"vezetésével",4,"HUN"
3219,"világháború",4,"HUN"
3220,"világjárvány",4,"HUN"
3221,"világszerte",4,"HUN"
3222,"vírus",4,"HUN"
3223,"visszatér",4,"HUN"
3224,"visszavonult",4,"HUN"
3225,"viszonya",4,"HUN"
3226,"vízbe",4,"HUN"
3227,"vizes",4,"HUN"
3228,"vizsgálat",4,"HUN"
3229,"vizsgálják",4,"HUN"
3230,"vizsgálták",4,"HUN"
3231,"vk",4,"HUN"
3232,"volkswagen",4,"HUN"
3233,"west",4,"HUN"
3234,"who",4,"HUN"
3235,"www",4,"HUN"
3236,"youtube",4,"HUN"
3237,"zay",4,"HUN"
3238,"zongora",4,"HUN"
3239,"zsűri",4,"HUN"
3240,"01",3,"HUN"
3241,"102",3,"HUN"
3242,"103",3,"HUN"
3243,"110",3,"HUN"
3244,"120",3,"HUN"
3245,"139",3,"HUN"
3246,"140",3,"HUN"
3247,"1970",3,"HUN"
3248,"1991",3,"HUN"
3249,"2002",3,"HUN"
3250,"2009",3,"HUN"
3251,"2010",3,"HUN"
3252,"2013",3,"HUN"
3253,"2026",3,"HUN"
3254,"2030",3,"HUN"
3255,"205",3,"HUN"
3256,"3000",3,"HUN"
3257,"395",3,"HUN"
3258,"450",3,"HUN"
3259,"4ig",3,"HUN"
3260,"72",3,"HUN"
3261,"76",3,"HUN"
3262,"79",3,"HUN"
3263,"83",3,"HUN"
3264,"900",3,"HUN"
3265,"adatbázis",3,"HUN"
3266,"adatokhoz",3,"HUN"
3267,"adja",3,"HUN"
3268,"adminisztratív",3,"HUN"
3269,"adósság",3,"HUN"
3270,"ágazati",3,"HUN"
3271,"aggasztó",3,"HUN"
3272,"agrárminisztérium",3,"HUN"
3273,"agyon",3,"HUN"
3274,"ajánlat",3,"HUN"
3275,"ajánlott",3,"HUN"
3276,"ajánlotta",3,"HUN"
3277,"akarják",3,"HUN"
3278,"akaró",3,"HUN"
3279,"akció",3,"HUN"
3280,"akikkel",3,"HUN"
3281,"akkora",3,"HUN"
3282,"aktívan",3,"HUN"
3283,"alább",3,"HUN"
3284,"alábbi",3,"HUN"
3285,"aláhúzta",3,"HUN"
3286,"alakították",3,"HUN"
3287,"alapkamatot",3,"HUN"
3288,"alapos",3,"HUN"
3289,"alattiak",3,"HUN"
3290,"albumot",3,"HUN"
3291,"áldozat",3,"HUN"
3292,"áldozatainak",3,"HUN"
3293,"áldozatot",3,"HUN"
3294,"alkalmából",3,"HUN"
3295,"alkalmazás",3,"HUN"
3296,"alkotását",3,"HUN"
3297,"alkotások",3,"HUN"
3298,"alkotók",3,"HUN"
3299,"államtitkára",3,"HUN"
3300,"állapotát",3,"HUN"
3301,"állásfoglalás",3,"HUN"
3302,"álláspontját",3,"HUN"
3303,"állított",3,"HUN"
3304,"alma",3,"HUN"
3305,"alsó",3,"HUN"
3306,"általa",3,"HUN"
3307,"általunk",3,"HUN"
3308,"alul",3,"HUN"
3309,"amatőr",3,"HUN"
3310,"ambrus",3,"HUN"
3311,"ameddig",3,"HUN"
3312,"amelyből",3,"HUN"
3313,"amelyekkel",3,"HUN"
3314,"amelyik",3,"HUN"
3315,"amelyre",3,"HUN"
3316,"amihez",3,"HUN"
3317,"amiről",3,"HUN"
3318,"andrea",3,"HUN"
3319,"antalyában",3,"HUN"
3320,"arábia",3,"HUN"
3321,"aratott",3,"HUN"
3322,"árbevétele",3,"HUN"
3323,"arca",3,"HUN"
3324,"arcát",3,"HUN"
3325,"áremelkedést",3,"HUN"
3326,"argentína",3,"HUN"
3327,"asztalitenisz",3,"HUN"
3328,"átadni",3,"HUN"
3329,"átlagban",3,"HUN"
3330,"átlépte",3,"HUN"
3331,"átmeneti",3,"HUN"
3332,"atomerőmű",3,"HUN"
3333,"atv",3,"HUN"
3334,"auchan",3,"HUN"
3335,"ausztrália",3,"HUN"
3336,"autókat",3,"HUN"
3337,"autópálya",3,"HUN"
3338,"azáltal",3,"HUN"
3339,"azelőtt",3,"HUN"
3340,"azonosított",3,"HUN"
3341,"balesetben",3,"HUN"
3342,"balett",3,"HUN"
3343,"balra",3,"HUN"
3344,"barátja",3,"HUN"
3345,"báv",3,"HUN"
3346,"bázison",3,"HUN"
3347,"bázisponttal",3,"HUN"
3348,"beindult",3,"HUN"
3349,"bejárta",3,"HUN"
3350,"bejelentették",3,"HUN"
3351,"bejelentkezés",3,"HUN"
3352,"bejutott",3,"HUN"
3353,"békében",3,"HUN"
3354,"békét",3,"HUN"
3355,"belőle",3,"HUN"
3356,"belügyminiszter",3,"HUN"
3357,"benz",3,"HUN"
3358,"benzinárstop",3,"HUN"
3359,"bérek",3,"HUN"
3360,"berlin",3,"HUN"
3361,"beszámoltunk",3,"HUN"
3362,"beteget",3,"HUN"
3363,"betegnek",3,"HUN"
3364,"betegsége",3,"HUN"
3365,"bevenni",3,"HUN"
3366,"bevezetése",3,"HUN"
3367,"bevezetett",3,"HUN"
3368,"big",3,"HUN"
3369,"bírálta",3,"HUN"
3370,"bíró",3,"HUN"
3371,"bírságot",3,"HUN"
3372,"birtokában",3,"HUN"
3373,"birtokán",3,"HUN"
3374,"bizonytalanság",3,"HUN"
3375,"biztonsága",3,"HUN"
3376,"biztonságát",3,"HUN"
3377,"biztosra",3,"HUN"
3378,"boltokban",3,"HUN"
3379,"bondár",3,"HUN"
3380,"boris",3,"HUN"
3381,"borsnak",3,"HUN"
3382,"bosznia",3,"HUN"
3383,"bővíteni",3,"HUN"
3384,"bővül",3,"HUN"
3385,"bowl",3,"HUN"
3386,"brady",3,"HUN"
3387,"bruttó",3,"HUN"
3388,"busz",3,"HUN"
3389,"campus",3,"HUN"
3390,"cégeket",3,"HUN"
3391,"céljából",3,"HUN"
3392,"célok",3,"HUN"
3393,"célokat",3,"HUN"
3394,"charles",3,"HUN"
3395,"chelsea",3,"HUN"
3396,"china",3,"HUN"
3397,"cikk",3,"HUN"
3398,"cikke",3,"HUN"
3399,"címmel",3,"HUN"
3400,"címvédő",3,"HUN"
3401,"cio",3,"HUN"
3402,"cirkuszi",3,"HUN"
3403,"com",3,"HUN"
3404,"családban",3,"HUN"
3405,"családjával",3,"HUN"
3406,"csalás",3,"HUN"
3407,"csillagászati",3,"HUN"
3408,"csinos",3,"HUN"
3409,"csökkenése",3,"HUN"
3410,"csomópont",3,"HUN"
3411,"csoportba",3,"HUN"
3412,"csoportban",3,"HUN"
3413,"csoportjának",3,"HUN"
3414,"csupa",3,"HUN"
3415,"csuti",3,"HUN"
3416,"csütörtökre",3,"HUN"
3417,"dalt",3,"HUN"
3418,"dax",3,"HUN"
3419,"dc",3,"HUN"
3420,"decemberében",3,"HUN"
3421,"demki",3,"HUN"
3422,"demográfiai",3,"HUN"
3423,"demokrata",3,"HUN"
3424,"derült",3,"HUN"
3425,"déryné",3,"HUN"
3426,"diákokat",3,"HUN"
3427,"digitalizáció",3,"HUN"
3428,"diplomáciai",3,"HUN"
3429,"diplomata",3,"HUN"
3430,"diplomaták",3,"HUN"
3431,"diplomatát",3,"HUN"
3432,"disney",3,"HUN"
3433,"dk",3,"HUN"
3434,"dnyeper",3,"HUN"
3435,"dnyipro",3,"HUN"
3436,"dokumentumok",3,"HUN"
3437,"dokumentumot",3,"HUN"
3438,"dolga",3,"HUN"
3439,"dolgoztak",3,"HUN"
3440,"dollárból",3,"HUN"
3441,"dologra",3,"HUN"
3442,"döntőben",3,"HUN"
3443,"donyeck",3,"HUN"
3444,"draghi",3,"HUN"
3445,"drónt",3,"HUN"
3446,"dvsc",3,"HUN"
3447,"eb",3,"HUN"
3448,"ebbe",3,"HUN"
3449,"édesapja",3,"HUN"
3450,"edzés",3,"HUN"
3451,"egészíti",3,"HUN"
3452,"égő",3,"HUN"
3453,"egyből",3,"HUN"
3454,"egyéniben",3,"HUN"
3455,"egyénileg",3,"HUN"
3456,"egyértelmű",3,"HUN"
3457,"egyesek",3,"HUN"
3458,"egyesével",3,"HUN"
3459,"egyházi",3,"HUN"
3460,"egyházzal",3,"HUN"
3461,"egymáshoz",3,"HUN"
3462,"egymillió",3,"HUN"
3463,"egyszeri",3,"HUN"
3464,"együttműködésben",3,"HUN"
3465,"eközben",3,"HUN"
3466,"elejét",3,"HUN"
3467,"élelmiszerlánc",3,"HUN"
3468,"eleme",3,"HUN"
3469,"elemezte",3,"HUN"
3470,"elemzők",3,"HUN"
3471,"elengedhetetlen",3,"HUN"
3472,"élénk",3,"HUN"
3473,"elérni",3,"HUN"
3474,"elért",3,"HUN"
3475,"életéről",3,"HUN"
3476,"életük",3,"HUN"
3477,"életveszélyes",3,"HUN"
3478,"eleve",3,"HUN"
3479,"elfogadott",3,"HUN"
3480,"elhunytak",3,"HUN"
3481,"élik",3,"HUN"
3482,"éljen",3,"HUN"
3483,"éljenek",3,"HUN"
3484,"elképzelhető",3,"HUN"
3485,"elkezdte",3,"HUN"
3486,"elkezdtem",3,"HUN"
3487,"elkötelezett",3,"HUN"
3488,"ellátó",3,"HUN"
3489,"ellátott",3,"HUN"
3490,"ellenében",3,"HUN"
3491,"ellenfele",3,"HUN"
3492,"ellenőrzés",3,"HUN"
3493,"ellentétben",3,"HUN"
3494,"elmenekülni",3,"HUN"
3495,"élni",3,"HUN"
3496,"elnökkel",3,"HUN"
3497,"elnöknek",3,"HUN"
3498,"elnyert",3,"HUN"
3499,"előadó",3,"HUN"
3500,"előbbi",3,"HUN"
3501,"előfordul",3,"HUN"
3502,"előny",3,"HUN"
3503,"előnyös",3,"HUN"
3504,"előrejelzések",3,"HUN"
3505,"elsődleges",3,"HUN"
3506,"elsőfokú",3,"HUN"
3507,"elte",3,"HUN"
3508,"eltöltött",3,"HUN"
3509,"elutasította",3,"HUN"
3510,"elvárás",3,"HUN"
3511,"elvették",3,"HUN"
3512,"elvileg",3,"HUN"
3513,"embere",3,"HUN"
3514,"emberre",3,"HUN"
3515,"emelkedéssel",3,"HUN"
3516,"emelkedhet",3,"HUN"
3517,"emlékezett",3,"HUN"
3518,"emlékeztet",3,"HUN"
3519,"enged",3,"HUN"
3520,"építési",3,"HUN"
3521,"építettünk",3,"HUN"
3522,"épület",3,"HUN"
3523,"épületszárny",3,"HUN"
3524,"eredmények",3,"HUN"
3525,"eredményt",3,"HUN"
3526,"eredő",3,"HUN"
3527,"éreztem",3,"HUN"
3528,"éri",3,"HUN"
3529,"érintő",3,"HUN"
3530,"érkezését",3,"HUN"
3531,"érmet",3,"HUN"
3532,"érő",3,"HUN"
3533,"erősebbé",3,"HUN"
3534,"erősíti",3,"HUN"
3535,"erősítse",3,"HUN"
3536,"erősödik",3,"HUN"
3537,"erővel",3,"HUN"
3538,"értékelése",3,"HUN"
3539,"értékelésének",3,"HUN"
3540,"értékelt",3,"HUN"
3541,"értékes",3,"HUN"
3542,"értékesítési",3,"HUN"
3543,"értéket",3,"HUN"
3544,"értelemben",3,"HUN"
3545,"érzi",3,"HUN"
3546,"érzik",3,"HUN"
3547,"eséllyel",3,"HUN"
3548,"esélye",3,"HUN"
3549,"esélyt",3,"HUN"
3550,"események",3,"HUN"
3551,"esetlegesen",3,"HUN"
3552,"esettel",3,"HUN"
3553,"esetükben",3,"HUN"
3554,"est",3,"HUN"
3555,"estig",3,"HUN"
3556,"étterem",3,"HUN"
3557,"étteremben",3,"HUN"
3558,"euróövezet",3,"HUN"
3559,"európába",3,"HUN"
3560,"euróról",3,"HUN"
3561,"évekre",3,"HUN"
3562,"évesek",3,"HUN"
3563,"évhez",3,"HUN"
3564,"évről",3,"HUN"
3565,"évszakhoz",3,"HUN"
3566,"évszázad",3,"HUN"
3567,"évtized",3,"HUN"
3568,"évtizedes",3,"HUN"
3569,"ezekhez",3,"HUN"
3570,"ezekre",3,"HUN"
3571,"ezres",3,"HUN"
3572,"fagy",3,"HUN"
3573,"fajta",3,"HUN"
3574,"falvakban",3,"HUN"
3575,"fanni",3,"HUN"
3576,"fegyverek",3,"HUN"
3577,"fegyveresek",3,"HUN"
3578,"fej",3,"HUN"
3579,"fejezi",3,"HUN"
3580,"fejlesztésének",3,"HUN"
3581,"fejlesztették",3,"HUN"
3582,"feladatokat",3,"HUN"
3583,"felelte",3,"HUN"
3584,"feleségem",3,"HUN"
3585,"felfelé",3,"HUN"
3586,"felhasználása",3,"HUN"
3587,"felhasználói",3,"HUN"
3588,"felhasználóval",3,"HUN"
3589,"felhívni",3,"HUN"
3590,"félidőben",3,"HUN"
3591,"felkészült",3,"HUN"
3592,"felkészülve",3,"HUN"
3593,"fellépett",3,"HUN"
3594,"félmillió",3,"HUN"
3595,"félnek",3,"HUN"
3596,"felrobbant",3,"HUN"
3597,"feltételeinek",3,"HUN"
3598,"feltörekvő",3,"HUN"
3599,"felújítani",3,"HUN"
3600,"felvételek",3,"HUN"
3601,"felvételen",3,"HUN"
3602,"fenntartott",3,"HUN"
3603,"fent",3,"HUN"
3604,"fenyegető",3,"HUN"
3605,"fényt",3,"HUN"
3606,"férfiaknál",3,"HUN"
3607,"fertőzöttek",3,"HUN"
3608,"fertőzöttet",3,"HUN"
3609,"festett",3,"HUN"
3610,"fi",3,"HUN"
3611,"fiatalnak",3,"HUN"
3612,"fiatalon",3,"HUN"
3613,"figyelemmel",3,"HUN"
3614,"figyelik",3,"HUN"
3615,"filmet",3,"HUN"
3616,"finom",3,"HUN"
3617,"fizetés",3,"HUN"
3618,"fizetések",3,"HUN"
3619,"fizetési",3,"HUN"
3620,"fizetett",3,"HUN"
3621,"fizetnie",3,"HUN"
3622,"focista",3,"HUN"
3623,"fogadták",3,"HUN"
3624,"fogják",3,"HUN"
3625,"fogta",3,"HUN"
3626,"fogy",3,"HUN"
3627,"fogyasztása",3,"HUN"
3628,"fokozatos",3,"HUN"
3629,"fokozott",3,"HUN"
3630,"földgázt",3,"HUN"
3631,"földön",3,"HUN"
3632,"földrajzi",3,"HUN"
3633,"földtani",3,"HUN"
3634,"fordított",3,"HUN"
3635,"fordulást",3,"HUN"
3636,"fordulatot",3,"HUN"
3637,"fordulhat",3,"HUN"
3638,"fordulnak",3,"HUN"
3639,"forgalmat",3,"HUN"
3640,"forgalmi",3,"HUN"
3641,"forgalomba",3,"HUN"
3642,"forintba",3,"HUN"
3643,"formája",3,"HUN"
3644,"fotók",3,"HUN"
3645,"fotókat",3,"HUN"
3646,"főváros",3,"HUN"
3647,"franchise",3,"HUN"
3648,"franciák",3,"HUN"
3649,"frank",3,"HUN"
3650,"ftse",3,"HUN"
3651,"függvényében",3,"HUN"
3652,"furcsa",3,"HUN"
3653,"futamon",3,"HUN"
3654,"futball",3,"HUN"
3655,"futballista",3,"HUN"
3656,"g",3,"HUN"
3657,"game",3,"HUN"
3658,"games",3,"HUN"
3659,"gazdag",3,"HUN"
3660,"gazdára",3,"HUN"
3661,"gázolaj",3,"HUN"
3662,"gép",3,"HUN"
3663,"gépesített",3,"HUN"
3664,"gól",3,"HUN"
3665,"gondolják",3,"HUN"
3666,"group",3,"HUN"
3667,"gyakorlati",3,"HUN"
3668,"gyalog",3,"HUN"
3669,"gyanús",3,"HUN"
3670,"gyanúsítottként",3,"HUN"
3671,"gyár",3,"HUN"
3672,"gyártású",3,"HUN"
3673,"gyereket",3,"HUN"
3674,"gyermeknek",3,"HUN"
3675,"gyermekük",3,"HUN"
3676,"gyermekvédelmi",3,"HUN"
3677,"gyilkos",3,"HUN"
3678,"gyöngyösi",3,"HUN"
3679,"győri",3,"HUN"
3680,"gyorsabb",3,"HUN"
3681,"gyorsabban",3,"HUN"
3682,"győzelme",3,"HUN"
3683,"győzelmet",3,"HUN"
3684,"győzte",3,"HUN"
3685,"gyűjtött",3,"HUN"
3686,"gyuri",3,"HUN"
3687,"háborúban",3,"HUN"
3688,"háborúk",3,"HUN"
3689,"háborúról",3,"HUN"
3690,"hagyja",3,"HUN"
3691,"hagyomány",3,"HUN"
3692,"hagyott",3,"HUN"
3693,"hajlamos",3,"HUN"
3694,"hajléktalanok",3,"HUN"
3695,"halál",3,"HUN"
3696,"hallani",3,"HUN"
3697,"hallgatta",3,"HUN"
3698,"hálóba",3,"HUN"
3699,"hálózatok",3,"HUN"
3700,"halt",3,"HUN"
3701,"haltak",3,"HUN"
3702,"hangulat",3,"HUN"
3703,"hárította",3,"HUN"
3704,"háromszéki",3,"HUN"
3705,"használatát",3,"HUN"
3706,"használta",3,"HUN"
3707,"használtak",3,"HUN"
3708,"használták",3,"HUN"
3709,"hatalmi",3,"HUN"
3710,"hatalom",3,"HUN"
3711,"hatalomra",3,"HUN"
3712,"határokon",3,"HUN"
3713,"határozottan",3,"HUN"
3714,"határt",3,"HUN"
3715,"hatások",3,"HUN"
3716,"hatású",3,"HUN"
3717,"hatodik",3,"HUN"
3718,"havas",3,"HUN"
3719,"havonta",3,"HUN"
3720,"házak",3,"HUN"
3721,"hazánkban",3,"HUN"
3722,"házi",3,"HUN"
3723,"házigazdák",3,"HUN"
3724,"háztartások",3,"HUN"
3725,"hektáros",3,"HUN"
3726,"helyeken",3,"HUN"
3727,"helyezett",3,"HUN"
3728,"helyeztek",3,"HUN"
3729,"helyiek",3,"HUN"
3730,"helyszínt",3,"HUN"
3731,"helyzetekben",3,"HUN"
3732,"helyzetre",3,"HUN"
3733,"hetedik",3,"HUN"
3734,"héttel",3,"HUN"
3735,"hibázott",3,"HUN"
3736,"hibrid",3,"HUN"
3737,"hidat",3,"HUN"
3738,"hidegebb",3,"HUN"
3739,"himars",3,"HUN"
3740,"híradó",3,"HUN"
3741,"hirdetési",3,"HUN"
3742,"hírportál",3,"HUN"
3743,"hirtelen",3,"HUN"
3744,"hírügynökség",3,"HUN"
3745,"hitelek",3,"HUN"
3746,"hitt",3,"HUN"
3747,"hívott",3,"HUN"
3748,"hívták",3,"HUN"
3749,"hódmezővásárhelyi",3,"HUN"
3750,"hőhullámok",3,"HUN"
3751,"holoda",3,"HUN"
3752,"hónapon",3,"HUN"
3753,"hónappal",3,"HUN"
3754,"honvéd",3,"HUN"
3755,"honvédség",3,"HUN"
3756,"hőség",3,"HUN"
3757,"hőségriasztás",3,"HUN"
3758,"hr",3,"HUN"
3759,"hullám",3,"HUN"
3760,"húzta",3,"HUN"
3761,"idejű",3,"HUN"
3762,"identitás",3,"HUN"
3763,"időjárási",3,"HUN"
3764,"időnként",3,"HUN"
3765,"időről",3,"HUN"
3766,"idősebb",3,"HUN"
3767,"idősek",3,"HUN"
3768,"időszakos",3,"HUN"
3769,"időszakra",3,"HUN"
3770,"igazolt",3,"HUN"
3771,"igazság",3,"HUN"
3772,"igent",3,"HUN"
3773,"ígérő",3,"HUN"
3774,"ígérte",3,"HUN"
3775,"ikreket",3,"HUN"
3776,"imf",3,"HUN"
3777,"import",3,"HUN"
3778,"indiai",3,"HUN"
3779,"indítottak",3,"HUN"
3780,"indok",3,"HUN"
3781,"inflációt",3,"HUN"
3782,"információkat",3,"HUN"
3783,"információt",3,"HUN"
3784,"infrastruktúra",3,"HUN"
3785,"ingyenesen",3,"HUN"
3786,"interactive",3,"HUN"
3787,"interjú",3,"HUN"
3788,"intézmények",3,"HUN"
3789,"iphone",3,"HUN"
3790,"irányába",3,"HUN"
3791,"irányítja",3,"HUN"
3792,"irányt",3,"HUN"
3793,"irányuló",3,"HUN"
3794,"írásban",3,"HUN"
3795,"írásbeli",3,"HUN"
3796,"írásos",3,"HUN"
3797,"iratok",3,"HUN"
3798,"iskolai",3,"HUN"
3799,"island",3,"HUN"
3800,"ismertek",3,"HUN"
3801,"ismertetett",3,"HUN"
3802,"ittas",3,"HUN"
3803,"izabella",3,"HUN"
3804,"izgalmas",3,"HUN"
3805,"jakab",3,"HUN"
3806,"járatok",3,"HUN"
3807,"járnak",3,"HUN"
3808,"jártak",3,"HUN"
3809,"játéknapján",3,"HUN"
3810,"játékokat",3,"HUN"
3811,"játszanak",3,"HUN"
3812,"játszható",3,"HUN"
3813,"javaslatokat",3,"HUN"
3814,"javasolt",3,"HUN"
3815,"javítása",3,"HUN"
3816,"javítja",3,"HUN"
3817,"jegyében",3,"HUN"
3818,"jegyezte",3,"HUN"
3819,"jelek",3,"HUN"
3820,"jeleket",3,"HUN"
3821,"jelenléte",3,"HUN"
3822,"jelenléttel",3,"HUN"
3823,"jelentenek",3,"HUN"
3824,"jelentését",3,"HUN"
3825,"jelentést",3,"HUN"
3826,"jelentkezik",3,"HUN"
3827,"jelentkeztek",3,"HUN"
3828,"jelez",3,"HUN"
3829,"jelezve",3,"HUN"
3830,"jellegű",3,"HUN"
3831,"jellegzetes",3,"HUN"
3832,"jelölte",3,"HUN"
3833,"jelöltet",3,"HUN"
3834,"jen",3,"HUN"
3835,"jétől",3,"HUN"
3836,"jobboldali",3,"HUN"
3837,"jóvá",3,"HUN"
3838,"jóváhagyta",3,"HUN"
3839,"jövedelme",3,"HUN"
3840,"jövőbeli",3,"HUN"
3841,"juttatás",3,"HUN"
3842,"kálmán",3,"HUN"
3843,"kamara",3,"HUN"
3844,"kamatdöntés",3,"HUN"
3845,"kapcsolatokat",3,"HUN"
3846,"kapcsolt",3,"HUN"
3847,"kapni",3,"HUN"
3848,"kaptunk",3,"HUN"
3849,"kár",3,"HUN"
3850,"kastély",3,"HUN"
3851,"katalin",3,"HUN"
3852,"katari",3,"HUN"
3853,"kazah",3,"HUN"
3854,"kdnp",3,"HUN"
3855,"kedves",3,"HUN"
3856,"kedvezményes",3,"HUN"
3857,"kedvező",3,"HUN"
3858,"kedvezően",3,"HUN"
3859,"kényszerül",3,"HUN"
3860,"képzés",3,"HUN"
3861,"kérdésben",3,"HUN"
3862,"kérdést",3,"HUN"
3863,"keresi",3,"HUN"
3864,"kereskedők",3,"HUN"
3865,"kereste",3,"HUN"
3866,"kerestek",3,"HUN"
3867,"kéri",3,"HUN"
3868,"kerítés",3,"HUN"
3869,"kérnek",3,"HUN"
3870,"kerület",3,"HUN"
3871,"kerületi",3,"HUN"
3872,"kerülne",3,"HUN"
3873,"készítenek",3,"HUN"
3874,"kétharmada",3,"HUN"
3875,"kétmillió",3,"HUN"
3876,"kétnapos",3,"HUN"
3877,"kétséges",3,"HUN"
3878,"kettő",3,"HUN"
3879,"kettőt",3,"HUN"
3880,"keveset",3,"HUN"
3881,"kezdeményezéshez",3,"HUN"
3882,"kezdeményezést",3,"HUN"
3883,"kezdik",3,"HUN"
3884,"kezében",3,"HUN"
3885,"kezelése",3,"HUN"
3886,"kezelték",3,"HUN"
3887,"kézműves",3,"HUN"
3888,"kiadásai",3,"HUN"
3889,"kialakítani",3,"HUN"
3890,"kiberbiztonsági",3,"HUN"
3891,"kicsik",3,"HUN"
3892,"kiesés",3,"HUN"
3893,"kihívás",3,"HUN"
3894,"kihívások",3,"HUN"
3895,"kikapott",3,"HUN"
3896,"kilogrammos",3,"HUN"
3897,"kilométernyire",3,"HUN"
3898,"kína",3,"HUN"
3899,"kínában",3,"HUN"
3900,"kinga",3,"HUN"
3901,"király",3,"HUN"
3902,"királynőt",3,"HUN"
3903,"kirobbanása",3,"HUN"
3904,"kisebbségek",3,"HUN"
3905,"kiskereskedelemben",3,"HUN"
3906,"kitüntetést",3,"HUN"
3907,"kiválóan",3,"HUN"
3908,"kívánt",3,"HUN"
3909,"kiviteli",3,"HUN"
3910,"klinikai",3,"HUN"
3911,"km",3,"HUN"
3912,"ko",3,"HUN"
3913,"köbméter",3,"HUN"
3914,"köbméterenkénti",3,"HUN"
3915,"kockázatos",3,"HUN"
3916,"kollégium",3,"HUN"
3917,"költségei",3,"HUN"
3918,"költségvetés",3,"HUN"
3919,"kommentek",3,"HUN"
3920,"kommunisták",3,"HUN"
3921,"könnyedén",3,"HUN"
3922,"kontinens",3,"HUN"
3923,"konzolokra",3,"HUN"
3924,"kőolaj",3,"HUN"
3925,"kör",3,"HUN"
3926,"korábbinál",3,"HUN"
3927,"köre",3,"HUN"
3928,"koreaiak",3,"HUN"
3929,"kórházi",3,"HUN"
3930,"kormányzó",3,"HUN"
3931,"kormányzója",3,"HUN"
3932,"környékéről",3,"HUN"
3933,"környezet",3,"HUN"
3934,"környezetet",3,"HUN"
3935,"korszerű",3,"HUN"
3936,"körű",3,"HUN"
3937,"körülményeit",3,"HUN"
3938,"körzet",3,"HUN"
3939,"köszönetet",3,"HUN"
3940,"köszönhető",3,"HUN"
3941,"koszovói",3,"HUN"
3942,"követendő",3,"HUN"
3943,"követett",3,"HUN"
3944,"következett",3,"HUN"
3945,"következményekkel",3,"HUN"
3946,"követni",3,"HUN"
3947,"követték",3,"HUN"
3948,"követve",3,"HUN"
3949,"közelgő",3,"HUN"
3950,"közepétől",3,"HUN"
3951,"közepette",3,"HUN"
3952,"középkori",3,"HUN"
3953,"közlekedést",3,"HUN"
3954,"közlekedők",3,"HUN"
3955,"közönségnek",3,"HUN"
3956,"központban",3,"HUN"
3957,"köztársaság",3,"HUN"
3958,"közúti",3,"HUN"
3959,"közvélemény",3,"HUN"
3960,"közzétette",3,"HUN"
3961,"kristóf",3,"HUN"
3962,"krisztián",3,"HUN"
3963,"krónikus",3,"HUN"
3964,"külhoni",3,"HUN"
3965,"kupa",3,"HUN"
3966,"kutatási",3,"HUN"
3967,"kutyák",3,"HUN"
3968,"küzdelemsorozat",3,"HUN"
3969,"lajos",3,"HUN"
3970,"lakáscélú",3,"HUN"
3971,"lakást",3,"HUN"
3972,"lakott",3,"HUN"
3973,"landol",3,"HUN"
3974,"lángokat",3,"HUN"
3975,"lánya",3,"HUN"
3976,"lapunkat",3,"HUN"
3977,"lapunknak",3,"HUN"
3978,"lassan",3,"HUN"
3979,"lássanak",3,"HUN"
3980,"láthattunk",3,"HUN"
3981,"látogatók",3,"HUN"
3982,"látunk",3,"HUN"
3983,"leadott",3,"HUN"
3984,"leány",3,"HUN"
3985,"legendák",3,"HUN"
3986,"legendás",3,"HUN"
3987,"legends",3,"HUN"
3988,"leghíresebb",3,"HUN"
3989,"légi",3,"HUN"
3990,"legkésőbb",3,"HUN"
3991,"legkisebb",3,"HUN"
3992,"legsikeresebb",3,"HUN"
3993,"legsúlyosabb",3,"HUN"
3994,"legszebb",3,"HUN"
3995,"lehessen",3,"HUN"
3996,"lehetetlen",3,"HUN"
3997,"lehetnek",3,"HUN"
3998,"lehetőségek",3,"HUN"
3999,"lehetőségeket",3,"HUN"
4000,"lehetőséggel",3,"HUN"
4001,"lélek",3,"HUN"
4002,"lelkes",3,"HUN"
4003,"lengyelországi",3,"HUN"
4004,"lépés",3,"HUN"
4005,"lépni",3,"HUN"
4006,"lettek",3,"HUN"
4007,"levő",3,"HUN"
4008,"lezajlott",3,"HUN"
4009,"lila",3,"HUN"
4010,"liter",3,"HUN"
4011,"lőtte",3,"HUN"
4012,"lövését",3,"HUN"
4013,"lukács",3,"HUN"
4014,"m0",3,"HUN"
4015,"macron",3,"HUN"
4016,"madrid",3,"HUN"
4017,"magának",3,"HUN"
4018,"magával",3,"HUN"
4019,"magyarázat",3,"HUN"
4020,"magyarázta",3,"HUN"
4021,"magyarországért",3,"HUN"
4022,"magyarországgal",3,"HUN"
4023,"magyarországról",3,"HUN"
4024,"máig",3,"HUN"
4025,"marcell",3,"HUN"
4026,"margit",3,"HUN"
4027,"maria",3,"HUN"
4028,"máris",3,"HUN"
4029,"márka",3,"HUN"
4030,"márpedig",3,"HUN"
4031,"mátyás",3,"HUN"
4032,"máv",3,"HUN"
4033,"max",3,"HUN"
4034,"maximális",3,"HUN"
4035,"medencét",3,"HUN"
4036,"megállapodott",3,"HUN"
4037,"megállni",3,"HUN"
4038,"megállt",3,"HUN"
4039,"megannyi",3,"HUN"
4040,"megbízható",3,"HUN"
4041,"megerősített",3,"HUN"
4042,"megfelel",3,"HUN"
4043,"meghaladják",3,"HUN"
4044,"megindult",3,"HUN"
4045,"megítélése",3,"HUN"
4046,"megkapja",3,"HUN"
4047,"megkapta",3,"HUN"
4048,"megkezdte",3,"HUN"
4049,"megköszönte",3,"HUN"
4050,"megközelítőleg",3,"HUN"
4051,"megmutatta",3,"HUN"
4052,"megnyerni",3,"HUN"
4053,"megoldások",3,"HUN"
4054,"megoldásokat",3,"HUN"
4055,"megosztotta",3,"HUN"
4056,"megpróbált",3,"HUN"
4057,"megszakadt",3,"HUN"
4058,"megtalálható",3,"HUN"
4059,"megtenni",3,"HUN"
4060,"megtörténhet",3,"HUN"
4061,"megugró",3,"HUN"
4062,"megújult",3,"HUN"
4063,"megvalósítani",3,"HUN"
4064,"megvalósult",3,"HUN"
4065,"megváltoztatta",3,"HUN"
4066,"megvizsgálták",3,"HUN"
4067,"mekkora",3,"HUN"
4068,"mellettük",3,"HUN"
4069,"mély",3,"HUN"
4070,"melyben",3,"HUN"
4071,"memória",3,"HUN"
4072,"menedzsment",3,"HUN"
4073,"mentális",3,"HUN"
4074,"menteni",3,"HUN"
4075,"mentés",3,"HUN"
4076,"mentők",3,"HUN"
4077,"mentőt",3,"HUN"
4078,"meredek",3,"HUN"
4079,"méretei",3,"HUN"
4080,"méretű",3,"HUN"
4081,"merre",3,"HUN"
4082,"mesés",3,"HUN"
4083,"méterről",3,"HUN"
4084,"mhz",3,"HUN"
4085,"mikolajiv",3,"HUN"
4086,"mikulás",3,"HUN"
4087,"mindenféle",3,"HUN"
4088,"mindez",3,"HUN"
4089,"mindezt",3,"HUN"
4090,"mindhárom",3,"HUN"
4091,"mindketten",3,"HUN"
4092,"mini",3,"HUN"
4093,"miniszterelnöki",3,"HUN"
4094,"minőségi",3,"HUN"
4095,"minthogy",3,"HUN"
4096,"mód",3,"HUN"
4097,"módosításáról",3,"HUN"
4098,"módot",3,"HUN"
4099,"mögötti",3,"HUN"
4100,"molnár",3,"HUN"
4101,"mond",3,"HUN"
4102,"monkey",3,"HUN"
4103,"mostanában",3,"HUN"
4104,"mozgalom",3,"HUN"
4105,"mozgása",3,"HUN"
4106,"mszp",3,"HUN"
4107,"működés",3,"HUN"
4108,"működését",3,"HUN"
4109,"működni",3,"HUN"
4110,"múltban",3,"HUN"
4111,"munkahely",3,"HUN"
4112,"munkájával",3,"HUN"
4113,"munkanélküliek",3,"HUN"
4114,"mutatkozik",3,"HUN"
4115,"mutatkozott",3,"HUN"
4116,"mutattak",3,"HUN"
4117,"műtét",3,"HUN"
4118,"múzeumban",3,"HUN"
4119,"nagydíjat",3,"HUN"
4120,"nagyszabású",3,"HUN"
4121,"nálunk",3,"HUN"
4122,"napban",3,"HUN"
4123,"napelemes",3,"HUN"
4124,"napirenden",3,"HUN"
4125,"napjaiban",3,"HUN"
4126,"naponta",3,"HUN"
4127,"napvilágot",3,"HUN"
4128,"nbc",3,"HUN"
4129,"negyedévében",3,"HUN"
4130,"negyedéves",3,"HUN"
4131,"nehammer",3,"HUN"
4132,"nélkülözhetetlen",3,"HUN"
4133,"németországi",3,"HUN"
4134,"némi",3,"HUN"
4135,"népi",3,"HUN"
4136,"népszavazást",3,"HUN"
4137,"népszerűbb",3,"HUN"
4138,"név",3,"HUN"
4139,"nevében",3,"HUN"
4140,"nevezték",3,"HUN"
4141,"néz",3,"HUN"
4142,"nézni",3,"HUN"
4143,"nhl",3,"HUN"
4144,"no",3,"HUN"
4145,"nóra",3,"HUN"
4146,"norbert",3,"HUN"
4147,"nőre",3,"HUN"
4148,"növekedni",3,"HUN"
4149,"növeli",3,"HUN"
4150,"növelik",3,"HUN"
4151,"növelni",3,"HUN"
4152,"növelő",3,"HUN"
4153,"növelte",3,"HUN"
4154,"növények",3,"HUN"
4155,"nyereség",3,"HUN"
4156,"nyerni",3,"HUN"
4157,"nyersolaj",3,"HUN"
4158,"nyílik",3,"HUN"
4159,"nyilvánosan",3,"HUN"
4160,"nyolcadik",3,"HUN"
4161,"nyomot",3,"HUN"
4162,"nyomozó",3,"HUN"
4163,"nyrt",3,"HUN"
4164,"nyugdíjas",3,"HUN"
4165,"okán",3,"HUN"
4166,"okát",3,"HUN"
4167,"okos",3,"HUN"
4168,"okozó",3,"HUN"
4169,"olaszok",3,"HUN"
4170,"olaszország",3,"HUN"
4171,"olcsó",3,"HUN"
4172,"olcsóbb",3,"HUN"
4173,"oldalaikon",3,"HUN"
4174,"oldalára",3,"HUN"
4175,"ön",3,"HUN"
4176,"opel",3,"HUN"
4177,"óráktól",3,"HUN"
4178,"órán",3,"HUN"
4179,"órát",3,"HUN"
4180,"oroszországból",3,"HUN"
4181,"oroszországgal",3,"HUN"
4182,"orsolya",3,"HUN"
4183,"országokat",3,"HUN"
4184,"orvos",3,"HUN"
4185,"összefogva",3,"HUN"
4186,"összértéke",3,"HUN"
4187,"összetört",3,"HUN"
4188,"összevetésben",3,"HUN"
4189,"őszintén",3,"HUN"
4190,"osztály",3,"HUN"
4191,"ösztönzi",3,"HUN"
4192,"osztott",3,"HUN"
4193,"ötezer",3,"HUN"
4194,"ötlet",3,"HUN"
4195,"pakisztán",3,"HUN"
4196,"pakisztáni",3,"HUN"
4197,"pál",3,"HUN"
4198,"palota",3,"HUN"
4199,"pályafutása",3,"HUN"
4200,"pályázati",3,"HUN"
4201,"pályázók",3,"HUN"
4202,"páncélozott",3,"HUN"
4203,"papír",3,"HUN"
4204,"papp",3,"HUN"
4205,"parlamentben",3,"HUN"
4206,"parlamentnek",3,"HUN"
4207,"páros",3,"HUN"
4208,"parti",3,"HUN"
4209,"párti",3,"HUN"
4210,"pcr",3,"HUN"
4211,"pécs",3,"HUN"
4212,"pekingben",3,"HUN"
4213,"percek",3,"HUN"
4214,"pest",3,"HUN"
4215,"piacán",3,"HUN"
4216,"pillanatok",3,"HUN"
4217,"platform",3,"HUN"
4218,"platformon",3,"HUN"
4219,"platformra",3,"HUN"
4220,"pluszban",3,"HUN"
4221,"polgármesteri",3,"HUN"
4222,"police",3,"HUN"
4223,"politikailag",3,"HUN"
4224,"politikáját",3,"HUN"
4225,"pop",3,"HUN"
4226,"premier",3,"HUN"
4227,"privát",3,"HUN"
4228,"próbára",3,"HUN"
4229,"problémát",3,"HUN"
4230,"produkció",3,"HUN"
4231,"programban",3,"HUN"
4232,"programja",3,"HUN"
4233,"programjának",3,"HUN"
4234,"programok",3,"HUN"
4235,"rajongói",3,"HUN"
4236,"rakéták",3,"HUN"
4237,"rangsorban",3,"HUN"
4238,"rangú",3,"HUN"
4239,"rapper",3,"HUN"
4240,"recesszió",3,"HUN"
4241,"reggelre",3,"HUN"
4242,"régióban",3,"HUN"
4243,"rekord",3,"HUN"
4244,"rekordmértékű",3,"HUN"
4245,"reményt",3,"HUN"
4246,"rendelkezett",3,"HUN"
4247,"rendelte",3,"HUN"
4248,"rendészeti",3,"HUN"
4249,"rendezett",3,"HUN"
4250,"rendhagyó",3,"HUN"
4251,"rendőrkapitányságra",3,"HUN"
4252,"rendőrséget",3,"HUN"
4253,"rendre",3,"HUN"
4254,"repülőgépet",3,"HUN"
4255,"részese",3,"HUN"
4256,"részvénypiac",3,"HUN"
4257,"rezsicsökkentett",3,"HUN"
4258,"rivális",3,"HUN"
4259,"rizs",3,"HUN"
4260,"roland",3,"HUN"
4261,"romantikus",3,"HUN"
4262,"sajtótájékoztatót",3,"HUN"
4263,"san",3,"HUN"
4264,"sas",3,"HUN"
4265,"sd",3,"HUN"
4266,"sebészeti",3,"HUN"
4267,"segítette",3,"HUN"
4268,"segítő",3,"HUN"
4269,"semleges",3,"HUN"
4270,"semmiféle",3,"HUN"
4271,"semmit",3,"HUN"
4272,"sérüléseket",3,"HUN"
4273,"sérülést",3,"HUN"
4274,"shane",3,"HUN"
4275,"sipos",3,"HUN"
4276,"sokak",3,"HUN"
4277,"sokféle",3,"HUN"
4278,"sorolta",3,"HUN"
4279,"soron",3,"HUN"
4280,"sorozatban",3,"HUN"
4281,"sosem",3,"HUN"
4282,"sportolók",3,"HUN"
4283,"sporttelep",3,"HUN"
4284,"stábja",3,"HUN"
4285,"starlink",3,"HUN"
4286,"start",3,"HUN"
4287,"strand",3,"HUN"
4288,"stratégia",3,"HUN"
4289,"stratégiát",3,"HUN"
4290,"sugárzás",3,"HUN"
4291,"súlyosabb",3,"HUN"
4292,"super",3,"HUN"
4293,"svédország",3,"HUN"
4294,"szabadban",3,"HUN"
4295,"szabadság",3,"HUN"
4296,"szabályozási",3,"HUN"
4297,"szabályozást",3,"HUN"
4298,"szabálysértés",3,"HUN"
4299,"szabályt",3,"HUN"
4300,"szabolcsi",3,"HUN"
4301,"szakaszon",3,"HUN"
4302,"szakemberhiány",3,"HUN"
4303,"szakmát",3,"HUN"
4304,"szakosodott",3,"HUN"
4305,"szakszervezet",3,"HUN"
4306,"szakszervezetek",3,"HUN"
4307,"szálláshelyek",3,"HUN"
4308,"szállított",3,"HUN"
4309,"szállították",3,"HUN"
4310,"számát",3,"HUN"
4311,"számítani",3,"HUN"
4312,"számíthat",3,"HUN"
4313,"számító",3,"HUN"
4314,"számolnak",3,"HUN"
4315,"számolva",3,"HUN"
4316,"száraz",3,"HUN"
4317,"származású",3,"HUN"
4318,"szaúd",3,"HUN"
4319,"széchenyi",3,"HUN"
4320,"székelyföldi",3,"HUN"
4321,"szélesebb",3,"HUN"
4322,"szélsőséges",3,"HUN"
4323,"szembe",3,"HUN"
4324,"szembeni",3,"HUN"
4325,"szembesülnek",3,"HUN"
4326,"szeme",3,"HUN"
4327,"személyautó",3,"HUN"
4328,"személyzet",3,"HUN"
4329,"szemközti",3,"HUN"
4330,"szemmel",3,"HUN"
4331,"szerda",3,"HUN"
4332,"szerelmes",3,"HUN"
4333,"szerelmesek",3,"HUN"
4334,"szerencs",3,"HUN"
4335,"szerencsés",3,"HUN"
4336,"szerepelnek",3,"HUN"
4337,"szerepvállalását",3,"HUN"
4338,"szeres",3,"HUN"
4339,"szeretet",3,"HUN"
4340,"szeretnénk",3,"HUN"
4341,"szerette",3,"HUN"
4342,"szerte",3,"HUN"
4343,"szervezésében",3,"HUN"
4344,"szervezetet",3,"HUN"
4345,"szervezett",3,"HUN"
4346,"szigorúbb",3,"HUN"
4347,"szilveszter",3,"HUN"
4348,"szín",3,"HUN"
4349,"színes",3,"HUN"
4350,"színészek",3,"HUN"
4351,"szint",3,"HUN"
4352,"szintje",3,"HUN"
4353,"színvonalas",3,"HUN"
4354,"szív",3,"HUN"
4355,"szlovákia",3,"HUN"
4356,"szokatlanul",3,"HUN"
4357,"szőke",3,"HUN"
4358,"szólnak",3,"HUN"
4359,"szólt",3,"HUN"
4360,"szomorú",3,"HUN"
4361,"szor",3,"HUN"
4362,"szorosan",3,"HUN"
4363,"szükségük",3,"HUN"
4364,"szülei",3,"HUN"
4365,"szüleivel",3,"HUN"
4366,"születésű",3,"HUN"
4367,"születik",3,"HUN"
4368,"szünetel",3,"HUN"
4369,"szürke",3,"HUN"
4370,"szúrta",3,"HUN"
4371,"tábornok",3,"HUN"
4372,"tagállamok",3,"HUN"
4373,"tagú",3,"HUN"
4374,"takács",3,"HUN"
4375,"találat",3,"HUN"
4376,"találkozóra",3,"HUN"
4377,"találkoztunk",3,"HUN"
4378,"találni",3,"HUN"
4379,"támadásban",3,"HUN"
4380,"támadások",3,"HUN"
4381,"támogatása",3,"HUN"
4382,"támogatását",3,"HUN"
4383,"támogatásával",3,"HUN"
4384,"támogatták",3,"HUN"
4385,"tanulója",3,"HUN"
4386,"tapasztalatai",3,"HUN"
4387,"tárgyak",3,"HUN"
4388,"tárgyalási",3,"HUN"
4389,"tárgyalásokat",3,"HUN"
4390,"tárgyalásokra",3,"HUN"
4391,"tárlat",3,"HUN"
4392,"társasági",3,"HUN"
4393,"tartalmakat",3,"HUN"
4394,"tartományban",3,"HUN"
4395,"tartózkodnak",3,"HUN"
4396,"tavaszán",3,"HUN"
4397,"technika",3,"HUN"
4398,"technikum",3,"HUN"
4399,"tegnapi",3,"HUN"
4400,"tegye",3,"HUN"
4401,"tehet",3,"HUN"
4402,"tehetséges",3,"HUN"
4403,"tekinteni",3,"HUN"
4404,"tekintetében",3,"HUN"
4405,"tekinthető",3,"HUN"
4406,"tekintik",3,"HUN"
4407,"településeken",3,"HUN"
4408,"települést",3,"HUN"
4409,"teljesít",3,"HUN"
4410,"teljesítése",3,"HUN"
4411,"téma",3,"HUN"
4412,"temérdek",3,"HUN"
4413,"tendenciát",3,"HUN"
4414,"tenné",3,"HUN"
4415,"térben",3,"HUN"
4416,"teremtett",3,"HUN"
4417,"terén",3,"HUN"
4418,"teret",3,"HUN"
4419,"terjedt",3,"HUN"
4420,"termékeik",3,"HUN"
4421,"termelői",3,"HUN"
4422,"termelt",3,"HUN"
4423,"természetes",3,"HUN"
4424,"térségében",3,"HUN"
4425,"tért",3,"HUN"
4426,"terület",3,"HUN"
4427,"területek",3,"HUN"
4428,"területre",3,"HUN"
4429,"tervezik",3,"HUN"
4430,"tervezték",3,"HUN"
4431,"tesla",3,"HUN"
4432,"testvérek",3,"HUN"
4433,"teteje",3,"HUN"
4434,"tétel",3,"HUN"
4435,"tevékenykedő",3,"HUN"
4436,"tiktok",3,"HUN"
4437,"tilos",3,"HUN"
4438,"tim",3,"HUN"
4439,"tiszta",3,"HUN"
4440,"titkos",3,"HUN"
4441,"többe",3,"HUN"
4442,"többségében",3,"HUN"
4443,"többségi",3,"HUN"
4444,"tölt",3,"HUN"
4445,"tölteni",3,"HUN"
4446,"tőlük",3,"HUN"
4447,"tömeg",3,"HUN"
4448,"top",3,"HUN"
4449,"törlesztési",3,"HUN"
4450,"történetet",3,"HUN"
4451,"törvényeket",3,"HUN"
4452,"törvényszéken",3,"HUN"
4453,"törzs",3,"HUN"
4454,"tour",3,"HUN"
4455,"tőzsde",3,"HUN"
4456,"trailer",3,"HUN"
4457,"tudatta",3,"HUN"
4458,"tudomány",3,"HUN"
4459,"tudomást",3,"HUN"
4460,"tudtuk",3,"HUN"
4461,"tulajdonjogát",3,"HUN"
4462,"tulajdonosok",3,"HUN"
4463,"túli",3,"HUN"
4464,"tungsram",3,"HUN"
4465,"tűnt",3,"HUN"
4466,"twitteren",3,"HUN"
4467,"two",3,"HUN"
4468,"ubisoft",3,"HUN"
4469,"udvarán",3,"HUN"
4470,"ugyanazt",3,"HUN"
4471,"ugyanezt",3,"HUN"
4472,"ugye",3,"HUN"
4473,"ügyében",3,"HUN"
4474,"ügyekben",3,"HUN"
4475,"ügyész",3,"HUN"
4476,"ügyészi",3,"HUN"
4477,"ügyészség",3,"HUN"
4478,"ügylet",3,"HUN"
4479,"újság",3,"HUN"
4480,"ukrajnával",3,"HUN"
4481,"ülésén",3,"HUN"
4482,"ülést",3,"HUN"
4483,"unesco",3,"HUN"
4484,"unióban",3,"HUN"
4485,"ünnepelte",3,"HUN"
4486,"úr",3,"HUN"
4487,"utal",3,"HUN"
4488,"utalni",3,"HUN"
4489,"utasa",3,"HUN"
4490,"utasok",3,"HUN"
4491,"utazások",3,"HUN"
4492,"utazik",3,"HUN"
4493,"utazott",3,"HUN"
4494,"úti",3,"HUN"
4495,"ütközött",3,"HUN"
4496,"útnak",3,"HUN"
4497,"útra",3,"HUN"
4498,"útszakaszt",3,"HUN"
4499,"üzem",3,"HUN"
4500,"üzletág",3,"HUN"
4501,"vádolt",3,"HUN"
4502,"vágta",3,"HUN"
4503,"vagyon",3,"HUN"
4504,"valaha",3,"HUN"
4505,"válaszolva",3,"HUN"
4506,"választások",3,"HUN"
4507,"választják",3,"HUN"
4508,"választókat",3,"HUN"
4509,"választópolgár",3,"HUN"
4510,"válhatnak",3,"HUN"
4511,"vállalják",3,"HUN"
4512,"válogatottal",3,"HUN"
4513,"valósággal",3,"HUN"
4514,"váltak",3,"HUN"
4515,"változások",3,"HUN"
4516,"változatát",3,"HUN"
4517,"változott",3,"HUN"
4518,"vámhivatal",3,"HUN"
4519,"várakozások",3,"HUN"
4520,"várakozásoknak",3,"HUN"
4521,"várni",3,"HUN"
4522,"váró",3,"HUN"
4523,"várost",3,"HUN"
4524,"várva",3,"HUN"
4525,"vásárlás",3,"HUN"
4526,"védelme",3,"HUN"
4527,"védőoltást",3,"HUN"
4528,"végez",3,"HUN"
4529,"végezni",3,"HUN"
4530,"végezte",3,"HUN"
4531,"végig",3,"HUN"
4532,"végrehajtó",3,"HUN"
4533,"végrehajtott",3,"HUN"
4534,"vehetett",3,"HUN"
4535,"veheti",3,"HUN"
4536,"velencei",3,"HUN"
4537,"vélik",3,"HUN"
4538,"vendégeket",3,"HUN"
4539,"verbális",3,"HUN"
4540,"vereség",3,"HUN"
4541,"versenyeztek",3,"HUN"
4542,"veszélyezteti",3,"HUN"
4543,"veszítették",3,"HUN"
4544,"veszprém",3,"HUN"
4545,"veszteségek",3,"HUN"
4546,"véve",3,"HUN"
4547,"vezényelt",3,"HUN"
4548,"vezetéken",3,"HUN"
4549,"vezetést",3,"HUN"
4550,"vezethet",3,"HUN"
4551,"vezetni",3,"HUN"
4552,"vezetőjét",3,"HUN"
4553,"vezetősége",3,"HUN"
4554,"vidéki",3,"HUN"
4555,"videókat",3,"HUN"
4556,"videót",3,"HUN"
4557,"viki",3,"HUN"
4558,"világát",3,"HUN"
4559,"világbajnoki",3,"HUN"
4560,"világbajnokság",3,"HUN"
4561,"világbajnokságon",3,"HUN"
4562,"világgazdaság",3,"HUN"
4563,"világörökségi",3,"HUN"
4564,"világos",3,"HUN"
4565,"világszínvonalú",3,"HUN"
4566,"virradó",3,"HUN"
4567,"visszaesett",3,"HUN"
4568,"visszalépett",3,"HUN"
4569,"vittek",3,"HUN"
4570,"vízilabda",3,"HUN"
4571,"vizsgálatok",3,"HUN"
4572,"vizsgálja",3,"HUN"
4573,"vizsgálta",3,"HUN"
4574,"vizsgát",3,"HUN"
4575,"vizuális",3,"HUN"
4576,"vízumot",3,"HUN"
4577,"vodafone",3,"HUN"
4578,"vonattal",3,"HUN"
4579,"vont",3,"HUN"
4580,"vonuló",3,"HUN"
4581,"vonzó",3,"HUN"
4582,"vw",3,"HUN"
4583,"w",3,"HUN"
4584,"white",3,"HUN"
4585,"wta",3,"HUN"
4586,"xxi",3,"HUN"
4587,"zelenszkij",3,"HUN"
4588,"zene",3,"HUN"
4589,"zsidó",3,"HUN"
4590,"02",2,"HUN"
4591,"04",2,"HUN"
4592,"0488",2,"HUN"
4593,"09",2,"HUN"
4594,"105",2,"HUN"
4595,"106",2,"HUN"
4596,"113",2,"HUN"
4597,"1400",2,"HUN"
4598,"155",2,"HUN"
4599,"157",2,"HUN"
4600,"1800",2,"HUN"
4601,"1848",2,"HUN"
4602,"1926",2,"HUN"
4603,"1950",2,"HUN"
4604,"1958",2,"HUN"
4605,"1960",2,"HUN"
4606,"1969",2,"HUN"
4607,"1978",2,"HUN"
4608,"1981",2,"HUN"
4609,"1983",2,"HUN"
4610,"1986",2,"HUN"
4611,"1994",2,"HUN"
4612,"1995",2,"HUN"
4613,"1996",2,"HUN"
4614,"2001",2,"HUN"
4615,"2004",2,"HUN"
4616,"2007",2,"HUN"
4617,"2027",2,"HUN"
4618,"203",2,"HUN"
4619,"209",2,"HUN"
4620,"258",2,"HUN"
4621,"268",2,"HUN"
4622,"299",2,"HUN"
4623,"311",2,"HUN"
4624,"360",2,"HUN"
4625,"3600",2,"HUN"
4626,"372",2,"HUN"
4627,"377",2,"HUN"
4628,"394",2,"HUN"
4629,"417",2,"HUN"
4630,"4500",2,"HUN"
4631,"455",2,"HUN"
4632,"460",2,"HUN"
4633,"480",2,"HUN"
4634,"4k",2,"HUN"
4635,"6200",2,"HUN"
4636,"63",2,"HUN"
4637,"64",2,"HUN"
4638,"77",2,"HUN"
4639,"82",2,"HUN"
4640,"84",2,"HUN"
4641,"86",2,"HUN"
4642,"87",2,"HUN"
4643,"89",2,"HUN"
4644,"98",2,"HUN"
4645,"abbahagyta",2,"HUN"
4646,"abramovics",2,"HUN"
4647,"activision",2,"HUN"
4648,"adagot",2,"HUN"
4649,"adam",2,"HUN"
4650,"ádámot",2,"HUN"
4651,"adás",2,"HUN"
4652,"adásában",2,"HUN"
4653,"adataiból",2,"HUN"
4654,"adatbázisba",2,"HUN"
4655,"adatokban",2,"HUN"
4656,"adatvédelmi",2,"HUN"
4657,"áder",2,"HUN"
4658,"adjon",2,"HUN"
4659,"adná",2,"HUN"
4660,"adnan",2,"HUN"
4661,"adniuk",2,"HUN"
4662,"adóhatóság",2,"HUN"
4663,"adományt",2,"HUN"
4664,"adót",2,"HUN"
4665,"adunk",2,"HUN"
4666,"ady",2,"HUN"
4667,"afgán",2,"HUN"
4668,"afrika",2,"HUN"
4669,"afrikában",2,"HUN"
4670,"ag",2,"HUN"
4671,"ágazatban",2,"HUN"
4672,"aggodalmát",2,"HUN"
4673,"ahelyett",2,"HUN"
4674,"áhított",2,"HUN"
4675,"ahova",2,"HUN"
4676,"airlines",2,"HUN"
4677,"ajánlások",2,"HUN"
4678,"ajánlást",2,"HUN"
4679,"ajánlatokat",2,"HUN"
4680,"ajánlják",2,"HUN"
4681,"ajánljuk",2,"HUN"
4682,"ajtót",2,"HUN"
4683,"akadályozta",2,"HUN"
4684,"akadályt",2,"HUN"
4685,"akadnak",2,"HUN"
4686,"akadt",2,"HUN"
4687,"akármennyire",2,"HUN"
4688,"akartak",2,"HUN"
4689,"akciójában",2,"HUN"
4690,"akiknél",2,"HUN"
4691,"akikre",2,"HUN"
4692,"akinél",2,"HUN"
4693,"akkumulátorral",2,"HUN"
4694,"aklát",2,"HUN"
4695,"aktívak",2,"HUN"
4696,"akvizíciók",2,"HUN"
4697,"al",2,"HUN"
4698,"alacsonyabban",2,"HUN"
4699,"aláírások",2,"HUN"
4700,"alakítani",2,"HUN"
4701,"alakítást",2,"HUN"
4702,"alakító",2,"HUN"
4703,"alakját",2,"HUN"
4704,"alakulat",2,"HUN"
4705,"alakulhat",2,"HUN"
4706,"alanyok",2,"HUN"
4707,"alap",2,"HUN"
4708,"alapanyag",2,"HUN"
4709,"alapanyagok",2,"HUN"
4710,"alapítani",2,"HUN"
4711,"alapítványnál",2,"HUN"
4712,"alapítványt",2,"HUN"
4713,"alapjai",2,"HUN"
4714,"alapkamat",2,"HUN"
4715,"alapokra",2,"HUN"
4716,"alapterületű",2,"HUN"
4717,"albániában",2,"HUN"
4718,"alegysége",2,"HUN"
4719,"alekszandr",2,"HUN"
4720,"alelnök",2,"HUN"
4721,"alexandra",2,"HUN"
4722,"alföld",2,"HUN"
4723,"alföldi",2,"HUN"
4724,"alföldön",2,"HUN"
4725,"alkalmak",2,"HUN"
4726,"alkalmat",2,"HUN"
4727,"alkalmával",2,"HUN"
4728,"alkalmazásában",2,"HUN"
4729,"alkalmazások",2,"HUN"
4730,"alkalmazni",2,"HUN"
4731,"alkalmazottak",2,"HUN"
4732,"alkalmazottakat",2,"HUN"
4733,"alkalom",2,"HUN"
4734,"alkoholos",2,"HUN"
4735,"alkotás",2,"HUN"
4736,"all",2,"HUN"
4737,"állambeli",2,"HUN"
4738,"államnak",2,"HUN"
4739,"államokból",2,"HUN"
4740,"állampolgárságú",2,"HUN"
4741,"államtitkárnak",2,"HUN"
4742,"államtitkárt",2,"HUN"
4743,"állapították",2,"HUN"
4744,"állás",2,"HUN"
4745,"állása",2,"HUN"
4746,"állást",2,"HUN"
4747,"állat",2,"HUN"
4748,"állati",2,"HUN"
4749,"állatkert",2,"HUN"
4750,"állhat",2,"HUN"
4751,"állít",2,"HUN"
4752,"állítja",2,"HUN"
4753,"állítottak",2,"HUN"
4754,"álljon",2,"HUN"
4755,"állni",2,"HUN"
4756,"állománya",2,"HUN"
4757,"állomása",2,"HUN"
4758,"állomást",2,"HUN"
4759,"állták",2,"HUN"
4760,"álmosd",2,"HUN"
4761,"alpolgármestere",2,"HUN"
4762,"amazon",2,"HUN"
4763,"amelyeken",2,"HUN"
4764,"amelyhez",2,"HUN"
4765,"amerikában",2,"HUN"
4766,"amibe",2,"HUN"
4767,"amiből",2,"HUN"
4768,"amiket",2,"HUN"
4769,"amin",2,"HUN"
4770,"amy",2,"HUN"
4771,"and",2,"HUN"
4772,"andi",2,"HUN"
4773,"andrzej",2,"HUN"
4774,"anett",2,"HUN"
4775,"ankarában",2,"HUN"
4776,"annektálta",2,"HUN"
4777,"anno",2,"HUN"
4778,"anthony",2,"HUN"
4779,"antonio",2,"HUN"
4780,"anya",2,"HUN"
4781,"anyaga",2,"HUN"
4782,"anyagokat",2,"HUN"
4783,"apa",2,"HUN"
4784,"apai",2,"HUN"
4785,"apját",2,"HUN"
4786,"ápolják",2,"HUN"
4787,"áprilisi",2,"HUN"
4788,"áprilistól",2,"HUN"
4789,"árakhoz",2,"HUN"
4790,"áramot",2,"HUN"
4791,"áramtalanították",2,"HUN"
4792,"aranyból",2,"HUN"
4793,"aranyérmet",2,"HUN"
4794,"aranyérmét",2,"HUN"
4795,"arányszám",2,"HUN"
4796,"árbevételt",2,"HUN"
4797,"áremelkedés",2,"HUN"
4798,"aréna",2,"HUN"
4799,"árfolyamok",2,"HUN"
4800,"argentin",2,"HUN"
4801,"argentínában",2,"HUN"
4802,"árokba",2,"HUN"
4803,"árpád",2,"HUN"
4804,"artemis",2,"HUN"
4805,"áruforgalom",2,"HUN"
4806,"áruház",2,"HUN"
4807,"árujelzők",2,"HUN"
4808,"árulkodó",2,"HUN"
4809,"árulta",2,"HUN"
4810,"ascher",2,"HUN"
4811,"ásványgyapot",2,"HUN"
4812,"ásványi",2,"HUN"
4813,"asx",2,"HUN"
4814,"aszály",2,"HUN"
4815,"aszályok",2,"HUN"
4816,"asztal",2,"HUN"
4817,"asztronauta",2,"HUN"
4818,"átalakulás",2,"HUN"
4819,"átélt",2,"HUN"
4820,"átfogó",2,"HUN"
4821,"átjáró",2,"HUN"
4822,"atkák",2,"HUN"
4823,"átlagár",2,"HUN"
4824,"átlagbér",2,"HUN"
4825,"átlagértéke",2,"HUN"
4826,"átlaggal",2,"HUN"
4827,"átlagnál",2,"HUN"
4828,"átmenetileg",2,"HUN"
4829,"átnyúló",2,"HUN"
4830,"átszámítva",2,"HUN"
4831,"audi",2,"HUN"
4832,"aur",2,"HUN"
4833,"aurora",2,"HUN"
4834,"ausztriában",2,"HUN"
4835,"autentikus",2,"HUN"
4836,"autóbuszon",2,"HUN"
4837,"autógyártók",2,"HUN"
4838,"autóipar",2,"HUN"
4839,"autójában",2,"HUN"
4840,"automata",2,"HUN"
4841,"automatikus",2,"HUN"
4842,"automatikusan",2,"HUN"
4843,"awards",2,"HUN"
4844,"azeri",2,"HUN"
4845,"azonosítottak",2,"HUN"
4846,"azonosítóval",2,"HUN"
4847,"ázsiában",2,"HUN"
4848,"azure",2,"HUN"
4849,"backbone",2,"HUN"
4850,"bácsit",2,"HUN"
4851,"bajba",2,"HUN"
4852,"bajnokin",2,"HUN"
4853,"bajnokságot",2,"HUN"
4854,"bajt",2,"HUN"
4855,"bakondi",2,"HUN"
4856,"balesettel",2,"HUN"
4857,"balhé",2,"HUN"
4858,"balközép",2,"HUN"
4859,"banda",2,"HUN"
4860,"bankcsoport",2,"HUN"
4861,"bankoknak",2,"HUN"
4862,"bántalmazást",2,"HUN"
4863,"bántó",2,"HUN"
4864,"barátai",2,"HUN"
4865,"barátjaként",2,"HUN"
4866,"barátjával",2,"HUN"
4867,"barátnője",2,"HUN"
4868,"barbara",2,"HUN"
4869,"barcelona",2,"HUN"
4870,"bardocz",2,"HUN"
4871,"bármerre",2,"HUN"
4872,"bármire",2,"HUN"
4873,"bartók",2,"HUN"
4874,"bátor",2,"HUN"
4875,"bázishatások",2,"HUN"
4876,"bbc",2,"HUN"
4877,"beadást",2,"HUN"
4878,"beavatkozások",2,"HUN"
4879,"bebizonyították",2,"HUN"
4880,"bécsben",2,"HUN"
4881,"becsüli",2,"HUN"
4882,"becsülik",2,"HUN"
4883,"becsült",2,"HUN"
4884,"beépítése",2,"HUN"
4885,"beérkezett",2,"HUN"
4886,"befejezte",2,"HUN"
4887,"befektetői",2,"HUN"
4888,"befektetők",2,"HUN"
4889,"befogadó",2,"HUN"
4890,"befolyásolhatják",2,"HUN"
4891,"befolyt",2,"HUN"
4892,"behozott",2,"HUN"
4893,"beindulhat",2,"HUN"
4894,"bejegyzése",2,"HUN"
4895,"bejelentési",2,"HUN"
4896,"béke",2,"HUN"
4897,"békefi",2,"HUN"
4898,"béla",2,"HUN"
4899,"beleegyezése",2,"HUN"
4900,"beleértve",2,"HUN"
4901,"belép",2,"HUN"
4902,"belépők",2,"HUN"
4903,"beléptetettek",2,"HUN"
4904,"beleszeretett",2,"HUN"
4905,"belföldi",2,"HUN"
4906,"bella",2,"HUN"
4907,"belsejét",2,"HUN"
4908,"belügyi",2,"HUN"
4909,"bélyegét",2,"HUN"
4910,"bement",2,"HUN"
4911,"bemutató",2,"HUN"
4912,"bemutatók",2,"HUN"
4913,"bemutatva",2,"HUN"
4914,"benyújtott",2,"HUN"
4915,"benzinár",2,"HUN"
4916,"benzines",2,"HUN"
4917,"bérbeadásból",2,"HUN"
4918,"berendezett",2,"HUN"
4919,"berki",2,"HUN"
4920,"berlini",2,"HUN"
4921,"bérlők",2,"HUN"
4922,"beruházási",2,"HUN"
4923,"beszállítói",2,"HUN"
4924,"beszállítókkal",2,"HUN"
4925,"beszéde",2,"HUN"
4926,"beszélgetés",2,"HUN"
4927,"beszélgetést",2,"HUN"
4928,"beszélgetett",2,"HUN"
4929,"beszélnek",2,"HUN"
4930,"beszélve",2,"HUN"
4931,"beszerzésével",2,"HUN"
4932,"betegeket",2,"HUN"
4933,"betegeskedett",2,"HUN"
4934,"betegséggel",2,"HUN"
4935,"beterjesztett",2,"HUN"
4936,"betöltött",2,"HUN"
4937,"bevallottak",2,"HUN"
4938,"bevált",2,"HUN"
4939,"bevándorlók",2,"HUN"
4940,"bevásárlóközpont",2,"HUN"
4941,"bevásárlóközpontban",2,"HUN"
4942,"bevétel",2,"HUN"
4943,"bevétele",2,"HUN"
4944,"bevételeinek",2,"HUN"
4945,"bevételeit",2,"HUN"
4946,"bevetette",2,"HUN"
4947,"bevethető",2,"HUN"
4948,"bevezetik",2,"HUN"
4949,"bevont",2,"HUN"
4950,"bezárt",2,"HUN"
4951,"bibliai",2,"HUN"
4952,"bihari",2,"HUN"
4953,"bikák",2,"HUN"
4954,"biológiai",2,"HUN"
4955,"bírják",2,"HUN"
4956,"bírnak",2,"HUN"
4957,"birodalom",2,"HUN"
4958,"bírói",2,"HUN"
4959,"bírónő",2,"HUN"
4960,"bírósághoz",2,"HUN"
4961,"bírság",2,"HUN"
4962,"bizalmat",2,"HUN"
4963,"bizalommal",2,"HUN"
4964,"bizarr",2,"HUN"
4965,"bízik",2,"HUN"
4966,"bizonnyal",2,"HUN"
4967,"bizony",2,"HUN"
4968,"bizonyára",2,"HUN"
4969,"bizonyítást",2,"HUN"
4970,"bizonyítékot",2,"HUN"
4971,"bizonyítja",2,"HUN"
4972,"bizonyították",2,"HUN"
4973,"bizottságának",2,"HUN"
4974,"bizottsággal",2,"HUN"
4975,"bizottsághoz",2,"HUN"
4976,"bizottságot",2,"HUN"
4977,"bízták",2,"HUN"
4978,"biztatást",2,"HUN"
4979,"biztatta",2,"HUN"
4980,"biztonság",2,"HUN"
4981,"biztonságban",2,"HUN"
4982,"biztosa",2,"HUN"
4983,"biztosítva",2,"HUN"
4984,"bkk",2,"HUN"
4985,"bl",2,"HUN"
4986,"blikknek",2,"HUN"
4987,"blinken",2,"HUN"
4988,"bloomberg",2,"HUN"
4989,"board",2,"HUN"
4990,"bob",2,"HUN"
4991,"bocskai",2,"HUN"
4992,"bogi",2,"HUN"
4993,"bognár",2,"HUN"
4994,"bok",2,"HUN"
4995,"ből",2,"HUN"
4996,"boltok",2,"HUN"
4997,"bolygó",2,"HUN"
4998,"bombaként",2,"HUN"
4999,"bombázások",2,"HUN"
5000,"borított",2,"HUN"
5001,"borongós",2,"HUN"
5002,"bőrrák",2,"HUN"
5003,"bort",2,"HUN"
5004,"börtönbüntetést",2,"HUN"
5005,"börtönnel",2,"HUN"
5006,"borúsabbak",2,"HUN"
5007,"borzalmas",2,"HUN"
5008,"bőséges",2,"HUN"
5009,"bosszút",2,"HUN"
5010,"boston",2,"HUN"
5011,"botond",2,"HUN"
5012,"botrány",2,"HUN"
5013,"bővítése",2,"HUN"
5014,"bővítették",2,"HUN"
5015,"bővítik",2,"HUN"
5016,"bővült",2,"HUN"
5017,"box",2,"HUN"
5018,"boy",2,"HUN"
5019,"brassó",2,"HUN"
5020,"brexit",2,"HUN"
5021,"britannia",2,"HUN"
5022,"britney",2,"HUN"
5023,"bronzérmet",2,"HUN"
5024,"brown",2,"HUN"
5025,"buckingham",2,"HUN"
5026,"búcsút",2,"HUN"
5027,"budai",2,"HUN"
5028,"budapestre",2,"HUN"
5029,"bújt",2,"HUN"
5030,"bújva",2,"HUN"
5031,"bükki",2,"HUN"
5032,"bulgária",2,"HUN"
5033,"bumix",2,"HUN"
5034,"bűncselekmények",2,"HUN"
5035,"büntetés",2,"HUN"
5036,"büntethetik",2,"HUN"
5037,"burgonya",2,"HUN"
5038,"büszkék",2,"HUN"
5039,"büszkén",2,"HUN"
5040,"búza",2,"HUN"
5041,"c",2,"HUN"
5042,"ce",2,"HUN"
5043,"cége",2,"HUN"
5044,"céljainak",2,"HUN"
5045,"célját",2,"HUN"
5046,"célkitűzés",2,"HUN"
5047,"célokra",2,"HUN"
5048,"célzott",2,"HUN"
5049,"centiméteres",2,"HUN"
5050,"centit",2,"HUN"
5051,"challenger",2,"HUN"
5052,"chilei",2,"HUN"
5053,"cikkből",2,"HUN"
5054,"cikkéből",2,"HUN"
5055,"ciklus",2,"HUN"
5056,"címe",2,"HUN"
5057,"ciprus",2,"HUN"
5058,"city",2,"HUN"
5059,"civilt",2,"HUN"
5060,"cívisvárosban",2,"HUN"
5061,"cloud",2,"HUN"
5062,"cm",2,"HUN"
5063,"cps",2,"HUN"
5064,"cristiano",2,"HUN"
5065,"cry",2,"HUN"
5066,"csabai",2,"HUN"
5067,"csakhogy",2,"HUN"
5068,"csakis",2,"HUN"
5069,"családjában",2,"HUN"
5070,"családját",2,"HUN"
5071,"családokat",2,"HUN"
5072,"csanád",2,"HUN"
5073,"csapásainak",2,"HUN"
5074,"csapatához",2,"HUN"
5075,"csapatai",2,"HUN"
5076,"csapatának",2,"HUN"
5077,"csapatát",2,"HUN"
5078,"csapatmunka",2,"HUN"
5079,"csapatnak",2,"HUN"
5080,"csapatokat",2,"HUN"
5081,"csapattal",2,"HUN"
5082,"csatára",2,"HUN"
5083,"csatlakozási",2,"HUN"
5084,"csatlakozik",2,"HUN"
5085,"csatlakozni",2,"HUN"
5086,"csatornák",2,"HUN"
5087,"csatornán",2,"HUN"
5088,"csehország",2,"HUN"
5089,"csehországban",2,"HUN"
5090,"cseppfolyósított",2,"HUN"
5091,"cserélik",2,"HUN"
5092,"cserélte",2,"HUN"
5093,"csernobili",2,"HUN"
5094,"csíkszeredai",2,"HUN"
5095,"csilla",2,"HUN"
5096,"csillag",2,"HUN"
5097,"csinál",2,"HUN"
5098,"csípés",2,"HUN"
5099,"csökkenésének",2,"HUN"
5100,"csökkenést",2,"HUN"
5101,"csökkenő",2,"HUN"
5102,"csökkentették",2,"HUN"
5103,"csökkentheti",2,"HUN"
5104,"csökkentik",2,"HUN"
5105,"csökkentse",2,"HUN"
5106,"csomag",2,"HUN"
5107,"csoportja",2,"HUN"
5108,"csoportokat",2,"HUN"
5109,"csoportra",2,"HUN"
5110,"csoportról",2,"HUN"
5111,"csúcs",2,"HUN"
5112,"csúcsot",2,"HUN"
5113,"csúnya",2,"HUN"
5114,"csúnyán",2,"HUN"
5115,"csúszás",2,"HUN"
5116,"csúszik",2,"HUN"
5117,"ct",2,"HUN"
5118,"cunami",2,"HUN"
5119,"cw",2,"HUN"
5120,"d",2,"HUN"
5121,"dacára",2,"HUN"
5122,"dal",2,"HUN"
5123,"dalárda",2,"HUN"
5124,"dánia",2,"HUN"
5125,"dániai",2,"HUN"
5126,"dániel",2,"HUN"
5127,"darabja",2,"HUN"
5128,"darabot",2,"HUN"
5129,"dave",2,"HUN"
5130,"debrecenbe",2,"HUN"
5131,"délnyugat",2,"HUN"
5132,"délre",2,"HUN"
5133,"délutáni",2,"HUN"
5134,"délutánig",2,"HUN"
5135,"depresszióban",2,"HUN"
5136,"design",2,"HUN"
5137,"deutsche",2,"HUN"
5138,"devops",2,"HUN"
5139,"diagnosztikai",2,"HUN"
5140,"diákjai",2,"HUN"
5141,"diákjaival",2,"HUN"
5142,"diana",2,"HUN"
5143,"die",2,"HUN"
5144,"digital",2,"HUN"
5145,"díja",2,"HUN"
5146,"díját",2,"HUN"
5147,"díjazása",2,"HUN"
5148,"díjjal",2,"HUN"
5149,"díjmentesen",2,"HUN"
5150,"díjra",2,"HUN"
5151,"dinnye",2,"HUN"
5152,"diósgyőr",2,"HUN"
5153,"dioxid",2,"HUN"
5154,"divat",2,"HUN"
5155,"dízel",2,"HUN"
5156,"dkse",2,"HUN"
5157,"döbbenetes",2,"HUN"
5158,"dobott",2,"HUN"
5159,"dobta",2,"HUN"
5160,"dobták",2,"HUN"
5161,"dóczy",2,"HUN"
5162,"dokumentumfilm",2,"HUN"
5163,"dolgát",2,"HUN"
5164,"dolgozói",2,"HUN"
5165,"dolgozókért",2,"HUN"
5166,"dolgozta",2,"HUN"
5167,"dolláron",2,"HUN"
5168,"dőlt",2,"HUN"
5169,"dóm",2,"HUN"
5170,"domi",2,"HUN"
5171,"domináns",2,"HUN"
5172,"dominikán",2,"HUN"
5173,"dömötör",2,"HUN"
5174,"döntenek",2,"HUN"
5175,"döntések",2,"HUN"
5176,"döntéshozók",2,"HUN"
5177,"döntésnek",2,"HUN"
5178,"döntéssel",2,"HUN"
5179,"döntetlen",2,"HUN"
5180,"döntője",2,"HUN"
5181,"donyecki",2,"HUN"
5182,"dóra",2,"HUN"
5183,"dow",2,"HUN"
5184,"dózsa",2,"HUN"
5185,"dpa",2,"HUN"
5186,"drágulása",2,"HUN"
5187,"drágultak",2,"HUN"
5188,"drasztikus",2,"HUN"
5189,"dse",2,"HUN"
5190,"dunántúlon",2,"HUN"
5191,"dunaújváros",2,"HUN"
5192,"durva",2,"HUN"
5193,"durván",2,"HUN"
5194,"dynamics",2,"HUN"
5195,"dzsungel",2,"HUN"
5196,"é",2,"HUN"
5197,"ea",2,"HUN"
5198,"eddigiek",2,"HUN"
5199,"édes",2,"HUN"
5200,"édesanyám",2,"HUN"
5201,"édesanyját",2,"HUN"
5202,"edzett",2,"HUN"
5203,"egészében",2,"HUN"
5204,"egészségének",2,"HUN"
5205,"egészséges",2,"HUN"
5206,"egészségügyet",2,"HUN"
5207,"égett",2,"HUN"
5208,"egyenlő",2,"HUN"
5209,"egyetemista",2,"HUN"
5210,"egyetértett",2,"HUN"
5211,"egyezmény",2,"HUN"
5212,"egyeztetés",2,"HUN"
5213,"egyeztetett",2,"HUN"
5214,"egyfajta",2,"HUN"
5215,"egyharmada",2,"HUN"
5216,"egyházkerület",2,"HUN"
5217,"egyhetes",2,"HUN"
5218,"egykor",2,"HUN"
5219,"egymástól",2,"HUN"
5220,"egynapos",2,"HUN"
5221,"egysége",2,"HUN"
5222,"egységesen",2,"HUN"
5223,"egységét",2,"HUN"
5224,"együttműködését",2,"HUN"
5225,"együttműködési",2,"HUN"
5226,"egzotikus",2,"HUN"
5227,"ehelyett",2,"HUN"
5228,"ei",2,"HUN"
5229,"éjfélig",2,"HUN"
5230,"éjszakák",2,"HUN"
5231,"éjszakán",2,"HUN"
5232,"ekb",2,"HUN"
5233,"eladás",2,"HUN"
5234,"eladások",2,"HUN"
5235,"eladni",2,"HUN"
5236,"electronic",2,"HUN"
5237,"elégedetlen",2,"HUN"
5238,"elégedett",2,"HUN"
5239,"eleget",2,"HUN"
5240,"elektronikai",2,"HUN"
5241,"élelmiszereket",2,"HUN"
5242,"élelmiszert",2,"HUN"
5243,"elemek",2,"HUN"
5244,"elemzés",2,"HUN"
5245,"elemzésében",2,"HUN"
5246,"elemzője",2,"HUN"
5247,"elérésében",2,"HUN"
5248,"elérhetők",2,"HUN"
5249,"elérje",2,"HUN"
5250,"elérnie",2,"HUN"
5251,"életben",2,"HUN"
5252,"életébe",2,"HUN"
5253,"életformát",2,"HUN"
5254,"életmód",2,"HUN"
5255,"élettel",2,"HUN"
5256,"elfogadására",2,"HUN"
5257,"elgázolta",2,"HUN"
5258,"elhagyott",2,"HUN"
5259,"elhagyta",2,"HUN"
5260,"elhajtott",2,"HUN"
5261,"elhanyagolható",2,"HUN"
5262,"elhasznált",2,"HUN"
5263,"elhelyezett",2,"HUN"
5264,"elindítása",2,"HUN"
5265,"elindított",2,"HUN"
5266,"elindul",2,"HUN"
5267,"elit",2,"HUN"
5268,"eljárási",2,"HUN"
5269,"eljárások",2,"HUN"
5270,"eljárásrendje",2,"HUN"
5271,"eljutást",2,"HUN"
5272,"eljutott",2,"HUN"
5273,"elkapta",2,"HUN"
5274,"elképzelhetetlen",2,"HUN"
5275,"elkerülhető",2,"HUN"
5276,"elkerülő",2,"HUN"
5277,"elkészült",2,"HUN"
5278,"elkészültek",2,"HUN"
5279,"elkezdett",2,"HUN"
5280,"elkezdődnek",2,"HUN"
5281,"elkezdődött",2,"HUN"
5282,"elkezdtük",2,"HUN"
5283,"elkövetése",2,"HUN"
5284,"elkövetők",2,"HUN"
5285,"elkövetőt",2,"HUN"
5286,"ellátása",2,"HUN"
5287,"ellátásbiztonság",2,"HUN"
5288,"ellenes",2,"HUN"
5289,"ellenfelét",2,"HUN"
5290,"ellenőrzési",2,"HUN"
5291,"ellenőrzésük",2,"HUN"
5292,"ellenőrzik",2,"HUN"
5293,"ellenség",2,"HUN"
5294,"ellentét",2,"HUN"
5295,"elmarad",2,"HUN"
5296,"élményét",2,"HUN"
5297,"elmesélte",2,"HUN"
5298,"elmondott",2,"HUN"
5299,"elmozdulást",2,"HUN"
5300,"élnek",2,"HUN"
5301,"elnevezésű",2,"HUN"
5302,"elnökének",2,"HUN"
5303,"elnökével",2,"HUN"
5304,"elnököt",2,"HUN"
5305,"elnöksége",2,"HUN"
5306,"elnöktől",2,"HUN"
5307,"elnyerte",2,"HUN"
5308,"előadás",2,"HUN"
5309,"előadását",2,"HUN"
5310,"előállításához",2,"HUN"
5311,"előállított",2,"HUN"
5312,"előbbit",2,"HUN"
5313,"előestéjén",2,"HUN"
5314,"előfizetői",2,"HUN"
5315,"előfordult",2,"HUN"
5316,"élők",2,"HUN"
5317,"előkészítési",2,"HUN"
5318,"előkészítő",2,"HUN"
5319,"élőknek",2,"HUN"
5320,"előnnyel",2,"HUN"
5321,"előnyei",2,"HUN"
5322,"előnyt",2,"HUN"
5323,"elősegíti",2,"HUN"
5324,"előtte",2,"HUN"
5325,"előttem",2,"HUN"
5326,"elővigyázatossági",2,"HUN"
5327,"előzetesen",2,"HUN"
5328,"előzetesét",2,"HUN"
5329,"elrendelte",2,"HUN"
5330,"elrendelték",2,"HUN"
5331,"elsejétől",2,"HUN"
5332,"elsírja",2,"HUN"
5333,"elsőbbségi",2,"HUN"
5334,"elsődlegesen",2,"HUN"
5335,"elszenvedett",2,"HUN"
5336,"eltávolítása",2,"HUN"
5337,"eltelt",2,"HUN"
5338,"eltér",2,"HUN"
5339,"eltérő",2,"HUN"
5340,"eltörölte",2,"HUN"
5341,"élünk",2,"HUN"
5342,"elutasítják",2,"HUN"
5343,"elütötte",2,"HUN"
5344,"elvárások",2,"HUN"
5345,"élve",2,"HUN"
5346,"elvenni",2,"HUN"
5347,"elveszett",2,"HUN"
5348,"elvesztésére",2,"HUN"
5349,"elvesztett",2,"HUN"
5350,"elvitte",2,"HUN"
5351,"emberekre",2,"HUN"
5352,"emberen",2,"HUN"
5353,"emelése",2,"HUN"
5354,"emeletes",2,"HUN"
5355,"emelhet",2,"HUN"
5356,"emeli",2,"HUN"
5357,"emelkedéséhez",2,"HUN"
5358,"emelkedésének",2,"HUN"
5359,"emelkedésnek",2,"HUN"
5360,"emelni",2,"HUN"
5361,"emeltek",2,"HUN"
5362,"emelték",2,"HUN"
5363,"emésztése",2,"HUN"
5364,"emírségek",2,"HUN"
5365,"emírségekben",2,"HUN"
5366,"emlegetett",2,"HUN"
5367,"emléke",2,"HUN"
5368,"emlékére",2,"HUN"
5369,"emlékezetes",2,"HUN"
5370,"emlékezik",2,"HUN"
5371,"emlékezni",2,"HUN"
5372,"emmi",2,"HUN"
5373,"endre",2,"HUN"
5374,"énekesnőt",2,"HUN"
5375,"energiahordozó",2,"HUN"
5376,"energiatakarékos",2,"HUN"
5377,"engedélyt",2,"HUN"
5378,"engedjék",2,"HUN"
5379,"engem",2,"HUN"
5380,"england",2,"HUN"
5381,"ennyit",2,"HUN"
5382,"ennyivel",2,"HUN"
5383,"entertainment",2,"HUN"
5384,"enyhébb",2,"HUN"
5385,"enyhén",2,"HUN"
5386,"eötvös",2,"HUN"
5387,"epic",2,"HUN"
5388,"épített",2,"HUN"
5389,"építette",2,"HUN"
5390,"építettek",2,"HUN"
5391,"építőipar",2,"HUN"
5392,"épületben",2,"HUN"
5393,"épületből",2,"HUN"
5394,"épülete",2,"HUN"
5395,"erasmus",2,"HUN"
5396,"érdekeire",2,"HUN"
5397,"érdekességek",2,"HUN"
5398,"érdeklődésére",2,"HUN"
5399,"érdeklődésünkre",2,"HUN"
5400,"érdeklődik",2,"HUN"
5401,"érdemli",2,"HUN"
5402,"erdő",2,"HUN"
5403,"erdogan",2,"HUN"
5404,"eredményeket",2,"HUN"
5405,"eredményéről",2,"HUN"
5406,"eredményes",2,"HUN"
5407,"eredményesen",2,"HUN"
5408,"eredményét",2,"HUN"
5409,"eredménytelenül",2,"HUN"
5410,"ereje",2,"HUN"
5411,"érintik",2,"HUN"
5412,"erkélyen",2,"HUN"
5413,"érkezni",2,"HUN"
5414,"érkezők",2,"HUN"
5415,"erőkkel",2,"HUN"
5416,"erőmű",2,"HUN"
5417,"erősebb",2,"HUN"
5418,"erősek",2,"HUN"
5419,"erősödni",2,"HUN"
5420,"erősödtek",2,"HUN"
5421,"erősségű",2,"HUN"
5422,"erőszak",2,"HUN"
5423,"erőszakos",2,"HUN"
5424,"erőt",2,"HUN"
5425,"erőteljes",2,"HUN"
5426,"erőteljesebb",2,"HUN"
5427,"értékeket",2,"HUN"
5428,"értékekkel",2,"HUN"
5429,"értékelik",2,"HUN"
5430,"értékelte",2,"HUN"
5431,"értékelték",2,"HUN"
5432,"értékesítés",2,"HUN"
5433,"értéktár",2,"HUN"
5434,"értesülései",2,"HUN"
5435,"értesült",2,"HUN"
5436,"érve",2,"HUN"
5437,"érvelése",2,"HUN"
5438,"érvényesíteni",2,"HUN"
5439,"érzékelő",2,"HUN"
5440,"érzelmileg",2,"HUN"
5441,"érződik",2,"HUN"
5442,"erzsébet",2,"HUN"
5443,"esélyesként",2,"HUN"
5444,"esést",2,"HUN"
5445,"esetek",2,"HUN"
5446,"esetekben",2,"HUN"
5447,"esetre",2,"HUN"
5448,"esküvő",2,"HUN"
5449,"estek",2,"HUN"
5450,"estéken",2,"HUN"
5451,"estén",2,"HUN"
5452,"estétől",2,"HUN"
5453,"északkeleten",2,"HUN"
5454,"északnyugat",2,"HUN"
5455,"eszerint",2,"HUN"
5456,"észlelte",2,"HUN"
5457,"észrevette",2,"HUN"
5458,"észt",2,"HUN"
5459,"esztendő",2,"HUN"
5460,"esztendőben",2,"HUN"
5461,"esztendős",2,"HUN"
5462,"étel",2,"HUN"
5463,"ételek",2,"HUN"
5464,"étrend",2,"HUN"
5465,"euróban",2,"HUN"
5466,"euróhoz",2,"HUN"
5467,"europe",2,"HUN"
5468,"eurostat",2,"HUN"
5469,"eurózóna",2,"HUN"
5470,"évada",2,"HUN"
5471,"évekhez",2,"HUN"
5472,"évfordulóját",2,"HUN"
5473,"évtizedben",2,"HUN"
5474,"évtizedek",2,"HUN"
5475,"exkluzív",2,"HUN"
5476,"extraliga",2,"HUN"
5477,"extrém",2,"HUN"
5478,"ezekből",2,"HUN"
5479,"ezektől",2,"HUN"
5480,"ezerre",2,"HUN"
5481,"ezüst",2,"HUN"
5482,"fából",2,"HUN"
5483,"facto",2,"HUN"
5484,"fagypont",2,"HUN"
5485,"fakadt",2,"HUN"
5486,"fal",2,"HUN"
5487,"fali",2,"HUN"
5488,"falusi",2,"HUN"
5489,"fának",2,"HUN"
5490,"fantasztikus",2,"HUN"
5491,"far",2,"HUN"
5492,"farkas",2,"HUN"
5493,"fát",2,"HUN"
5494,"fazekas",2,"HUN"
5495,"fázisában",2,"HUN"
5496,"fbi",2,"HUN"
5497,"fda",2,"HUN"
5498,"februárban",2,"HUN"
5499,"februárja",2,"HUN"
5500,"februártól",2,"HUN"
5501,"fed",2,"HUN"
5502,"fedélzetén",2,"HUN"
5503,"fedezni",2,"HUN"
5504,"fedezték",2,"HUN"
5505,"fedte",2,"HUN"
5506,"fegyverállományának",2,"HUN"
5507,"fegyvereket",2,"HUN"
5508,"fehérorosz",2,"HUN"
5509,"fejébe",2,"HUN"
5510,"fejenként",2,"HUN"
5511,"fejér",2,"HUN"
5512,"fejezetet",2,"HUN"
5513,"fejlesztés",2,"HUN"
5514,"fejlesztésében",2,"HUN"
5515,"fejlesztésével",2,"HUN"
5516,"fejlesztési",2,"HUN"
5517,"fejlesztéssel",2,"HUN"
5518,"fejlesztettek",2,"HUN"
5519,"fejlesztő",2,"HUN"
5520,"fejlődéséhez",2,"HUN"
5521,"fejlődő",2,"HUN"
5522,"fejünket",2,"HUN"
5523,"fékezték",2,"HUN"
5524,"feladatnak",2,"HUN"
5525,"feladatunk",2,"HUN"
5526,"felderítő",2,"HUN"
5527,"féle",2,"HUN"
5528,"feledkezzünk",2,"HUN"
5529,"felel",2,"HUN"
5530,"felelnek",2,"HUN"
5531,"felelőse",2,"HUN"
5532,"felelősségi",2,"HUN"
5533,"felelősségre",2,"HUN"
5534,"felelőtlen",2,"HUN"
5535,"felénél",2,"HUN"
5536,"feleség",2,"HUN"
5537,"felesleges",2,"HUN"
5538,"féléves",2,"HUN"
5539,"félezer",2,"HUN"
5540,"felfedezése",2,"HUN"
5541,"felfedezést",2,"HUN"
5542,"felfüggesztését",2,"HUN"
5543,"felfüggesztette",2,"HUN"
5544,"felhagyott",2,"HUN"
5545,"felhalmozott",2,"HUN"
5546,"felhasználású",2,"HUN"
5547,"felhasználják",2,"HUN"
5548,"felhasznált",2,"HUN"
5549,"felhőalapú",2,"HUN"
5550,"felhozott",2,"HUN"
5551,"félidei",2,"HUN"
5552,"felidézte",2,"HUN"
5553,"félidős",2,"HUN"
5554,"felirat",2,"HUN"
5555,"feljogosító",2,"HUN"
5556,"feljött",2,"HUN"
5557,"felkérésére",2,"HUN"
5558,"felkérést",2,"HUN"
5559,"felkészülés",2,"HUN"
5560,"felkészülést",2,"HUN"
5561,"fellebbezett",2,"HUN"
5562,"fellép",2,"HUN"
5563,"fellépés",2,"HUN"
5564,"fellépése",2,"HUN"
5565,"fellépést",2,"HUN"
5566,"felmentést",2,"HUN"
5567,"felmérésből",2,"HUN"
5568,"felnőtté",2,"HUN"
5569,"feloldása",2,"HUN"
5570,"felszámolását",2,"HUN"
5571,"felszínén",2,"HUN"
5572,"felszólította",2,"HUN"
5573,"feltétele",2,"HUN"
5574,"feltételnek",2,"HUN"
5575,"feltöltése",2,"HUN"
5576,"feltöltött",2,"HUN"
5577,"felügyelők",2,"HUN"
5578,"felújítása",2,"HUN"
5579,"felületen",2,"HUN"
5580,"felváltva",2,"HUN"
5581,"felvehető",2,"HUN"
5582,"felvétel",2,"HUN"
5583,"felvételét",2,"HUN"
5584,"felvették",2,"HUN"
5585,"félvezető",2,"HUN"
5586,"félvezetők",2,"HUN"
5587,"fém",2,"HUN"
5588,"fémjelzett",2,"HUN"
5589,"fennállása",2,"HUN"
5590,"fennállásának",2,"HUN"
5591,"fenntartotta",2,"HUN"
5592,"fentebb",2,"HUN"
5593,"fényében",2,"HUN"
5594,"fenyegetés",2,"HUN"
5595,"fenyegetőzött",2,"HUN"
5596,"férfival",2,"HUN"
5597,"ferihegyi",2,"HUN"
5598,"férj",2,"HUN"
5599,"férjét",2,"HUN"
5600,"fertőzések",2,"HUN"
5601,"fertőzéses",2,"HUN"
5602,"festenek",2,"HUN"
5603,"festmény",2,"HUN"
5604,"feszes",2,"HUN"
5605,"feszültség",2,"HUN"
5606,"fiataloknak",2,"HUN"
5607,"figyeljen",2,"HUN"
5608,"figyeljünk",2,"HUN"
5609,"figyelmeztet",2,"HUN"
5610,"figyelmeztetnek",2,"HUN"
5611,"figyelmeztető",2,"HUN"
5612,"filmek",2,"HUN"
5613,"finálé",2,"HUN"
5614,"finnország",2,"HUN"
5615,"finnországi",2,"HUN"
5616,"finomak",2,"HUN"
5617,"fiókban",2,"HUN"
5618,"firefox",2,"HUN"
5619,"firtató",2,"HUN"
5620,"fix",2,"HUN"
5621,"fizetniük",2,"HUN"
5622,"fizetőeszközt",2,"HUN"
5623,"fizetőképességi",2,"HUN"
5624,"fizettek",2,"HUN"
5625,"flóra",2,"HUN"
5626,"floridai",2,"HUN"
5627,"főbb",2,"HUN"
5628,"föderáció",2,"HUN"
5629,"főépület",2,"HUN"
5630,"fogalmaztak",2,"HUN"
5631,"foglalja",2,"HUN"
5632,"foglalkoztatás",2,"HUN"
5633,"foglalt",2,"HUN"
5634,"fogunk",2,"HUN"
5635,"fogyasztási",2,"HUN"
5636,"fogyasztásig",2,"HUN"
5637,"fogyasztó",2,"HUN"
5638,"fogyasztóiár",2,"HUN"
5639,"fogyasztókat",2,"HUN"
5640,"fogyasztóknak",2,"HUN"
5641,"fogyasztóvédelmi",2,"HUN"
5642,"fogyott",2,"HUN"
5643,"fokos",2,"HUN"
5644,"fokozottan",2,"HUN"
5645,"fokú",2,"HUN"
5646,"fókuszál",2,"HUN"
5647,"fókuszban",2,"HUN"
5648,"föl",2,"HUN"
5649,"földrengés",2,"HUN"
5650,"fölösleges",2,"HUN"
5651,"folyamatok",2,"HUN"
5652,"folyamatokat",2,"HUN"
5653,"folyamatot",2,"HUN"
5654,"folytatás",2,"HUN"
5655,"folytatása",2,"HUN"
5656,"folytatásra",2,"HUN"
5657,"folytatják",2,"HUN"
5658,"folytató",2,"HUN"
5659,"folytatták",2,"HUN"
5660,"folyton",2,"HUN"
5661,"főnök",2,"HUN"
5662,"fontosabb",2,"HUN"
5663,"fontosságáról",2,"HUN"
5664,"fontot",2,"HUN"
5665,"for",2,"HUN"
5666,"ford",2,"HUN"
5667,"fordít",2,"HUN"
5668,"fordította",2,"HUN"
5669,"fordul",2,"HUN"
5670,"forgalmuk",2,"HUN"
5671,"forgalomból",2,"HUN"
5672,"forgatáson",2,"HUN"
5673,"forgatókönyvek",2,"HUN"
5674,"forintban",2,"HUN"
5675,"forintig",2,"HUN"
5676,"forintnak",2,"HUN"
5677,"forrásból",2,"HUN"
5678,"forrásokat",2,"HUN"
5679,"fortnite",2,"HUN"
5680,"fórum",2,"HUN"
5681,"fosszilis",2,"HUN"
5682,"főszereplő",2,"HUN"
5683,"főszereplője",2,"HUN"
5684,"főszerkesztője",2,"HUN"
5685,"főtanácsadója",2,"HUN"
5686,"főtitkára",2,"HUN"
5687,"fotón",2,"HUN"
5688,"fővállalkozó",2,"HUN"
5689,"fővárosába",2,"HUN"
5690,"fővárosában",2,"HUN"
5691,"frakcióvezetője",2,"HUN"
5692,"france",2,"HUN"
5693,"frankkal",2,"HUN"
5694,"frekvenciák",2,"HUN"
5695,"frekvenciát",2,"HUN"
5696,"frissítéseket",2,"HUN"
5697,"frizbi",2,"HUN"
5698,"frontálisan",2,"HUN"
5699,"frontra",2,"HUN"
5700,"függés",2,"HUN"
5701,"fűnyíró",2,"HUN"
5702,"futamidő",2,"HUN"
5703,"futamot",2,"HUN"
5704,"fűtés",2,"HUN"
5705,"fűtési",2,"HUN"
5706,"futó",2,"HUN"
5707,"futott",2,"HUN"
5708,"fűtött",2,"HUN"
5709,"futsal",2,"HUN"
5710,"füves",2,"HUN"
5711,"g7",2,"HUN"
5712,"gábort",2,"HUN"
5713,"gabriel",2,"HUN"
5714,"gál",2,"HUN"
5715,"garantáljuk",2,"HUN"
5716,"garantált",2,"HUN"
5717,"gárdát",2,"HUN"
5718,"gas",2,"HUN"
5719,"gasztronómiai",2,"HUN"
5720,"gazda",2,"HUN"
5721,"gazdagabbá",2,"HUN"
5722,"gazdák",2,"HUN"
5723,"gazdálkodók",2,"HUN"
5724,"gazdaságfejlesztési",2,"HUN"
5725,"gazdaságilag",2,"HUN"
5726,"gazdaságok",2,"HUN"
5727,"gazdát",2,"HUN"
5728,"gazprom",2,"HUN"
5729,"gázszámlája",2,"HUN"
5730,"gázszolgáltató",2,"HUN"
5731,"gázvezeték",2,"HUN"
5732,"gázzal",2,"HUN"
5733,"generációs",2,"HUN"
5734,"gergő",2,"HUN"
5735,"géza",2,"HUN"
5736,"glamour",2,"HUN"
5737,"globálisan",2,"HUN"
5738,"golden",2,"HUN"
5739,"gólját",2,"HUN"
5740,"góljával",2,"HUN"
5741,"gólra",2,"HUN"
5742,"gondokkal",2,"HUN"
5743,"gondolata",2,"HUN"
5744,"gondolkodnak",2,"HUN"
5745,"gondolom",2,"HUN"
5746,"gondoltak",2,"HUN"
5747,"gondolták",2,"HUN"
5748,"gondoltam",2,"HUN"
5749,"gondos",2,"HUN"
5750,"gondoskodjon",2,"HUN"
5751,"gondoskodni",2,"HUN"
5752,"gondot",2,"HUN"
5753,"görög",2,"HUN"
5754,"görögország",2,"HUN"
5755,"görögországban",2,"HUN"
5756,"gotham",2,"HUN"
5757,"gps",2,"HUN"
5758,"grammos",2,"HUN"
5759,"grandiózus",2,"HUN"
5760,"gránit",2,"HUN"
5761,"gravitációs",2,"HUN"
5762,"gvh",2,"HUN"
5763,"gw",2,"HUN"
5764,"gyakori",2,"HUN"
5765,"gyakoriságának",2,"HUN"
5766,"gyanúja",2,"HUN"
5767,"gyanúsítottat",2,"HUN"
5768,"gyártás",2,"HUN"
5769,"gyártásában",2,"HUN"
5770,"gyártási",2,"HUN"
5771,"gyártmányú",2,"HUN"
5772,"gyártott",2,"HUN"
5773,"gyászolókat",2,"HUN"
5774,"gyerekeknek",2,"HUN"
5775,"gyerekük",2,"HUN"
5776,"gyergyói",2,"HUN"
5777,"gyermekei",2,"HUN"
5778,"gyermekének",2,"HUN"
5779,"gyermekükkel",2,"HUN"
5780,"gyilkosság",2,"HUN"
5781,"gyógyszer",2,"HUN"
5782,"gyógyszereknél",2,"HUN"
5783,"gyöngy",2,"HUN"
5784,"győr",2,"HUN"
5785,"gyorskorcsolya",2,"HUN"
5786,"győzelmét",2,"HUN"
5787,"győző",2,"HUN"
5788,"győzött",2,"HUN"
5789,"gyula",2,"HUN"
5790,"gyűlnek",2,"HUN"
5791,"gyűlt",2,"HUN"
5792,"gyümölcsök",2,"HUN"
5793,"gyűrűt",2,"HUN"
5794,"hadállásai",2,"HUN"
5795,"hadgyakorlatok",2,"HUN"
5796,"hadműveletek",2,"HUN"
5797,"hadseregben",2,"HUN"
5798,"hagy",2,"HUN"
5799,"hagyják",2,"HUN"
5800,"hagynia",2,"HUN"
5801,"hagyták",2,"HUN"
5802,"hajdúböszörményi",2,"HUN"
5803,"hajdúságiak",2,"HUN"
5804,"hajlamosak",2,"HUN"
5805,"hajnal",2,"HUN"
5806,"hajó",2,"HUN"
5807,"hajrájában",2,"HUN"
5808,"hajtanak",2,"HUN"
5809,"hajtó",2,"HUN"
5810,"hajtott",2,"HUN"
5811,"hála",2,"HUN"
5812,"halad",2,"HUN"
5813,"haladéktalanul",2,"HUN"
5814,"haladta",2,"HUN"
5815,"haláláról",2,"HUN"
5816,"hall",2,"HUN"
5817,"hallgat",2,"HUN"
5818,"hallgatók",2,"HUN"
5819,"hallgatták",2,"HUN"
5820,"hallható",2,"HUN"
5821,"halom",2,"HUN"
5822,"halott",2,"HUN"
5823,"hálózatba",2,"HUN"
5824,"hamar",2,"HUN"
5825,"hangoztatni",2,"HUN"
5826,"hangsúlyos",2,"HUN"
5827,"harcjárművet",2,"HUN"
5828,"harckocsit",2,"HUN"
5829,"harcokban",2,"HUN"
5830,"harcol",2,"HUN"
5831,"harkiv",2,"HUN"
5832,"harmad",2,"HUN"
5833,"harmadát",2,"HUN"
5834,"hármas",2,"HUN"
5835,"harminc",2,"HUN"
5836,"háromfős",2,"HUN"
5837,"hárommillió",2,"HUN"
5838,"háromszék",2,"HUN"
5839,"háromszintes",2,"HUN"
5840,"használ",2,"HUN"
5841,"használatával",2,"HUN"
5842,"használatos",2,"HUN"
5843,"használatra",2,"HUN"
5844,"háta",2,"HUN"
5845,"határain",2,"HUN"
5846,"határátkelőhelyen",2,"HUN"
5847,"határozatát",2,"HUN"
5848,"határozatot",2,"HUN"
5849,"határvadász",2,"HUN"
5850,"hatás",2,"HUN"
5851,"hatásainak",2,"HUN"
5852,"hatását",2,"HUN"
5853,"hatékonyabb",2,"HUN"
5854,"hatékonyan",2,"HUN"
5855,"hatótávolságának",2,"HUN"
5856,"hatott",2,"HUN"
5857,"hátra",2,"HUN"
5858,"hátralevő",2,"HUN"
5859,"hátralévő",2,"HUN"
5860,"hátsó",2,"HUN"
5861,"háttér",2,"HUN"
5862,"háttérben",2,"HUN"
5863,"hátterében",2,"HUN"
5864,"hatvan",2,"HUN"
5865,"havazás",2,"HUN"
5866,"háza",2,"HUN"
5867,"házában",2,"HUN"
5868,"hazaért",2,"HUN"
5869,"hazaértem",2,"HUN"
5870,"hazánkba",2,"HUN"
5871,"házasság",2,"HUN"
5872,"házigazda",2,"HUN"
5873,"házkutatást",2,"HUN"
5874,"házon",2,"HUN"
5875,"háztartás",2,"HUN"
5876,"hdr",2,"HUN"
5877,"hegedűs",2,"HUN"
5878,"hegyen",2,"HUN"
5879,"hegyimentők",2,"HUN"
5880,"hektáron",2,"HUN"
5881,"helikopter",2,"HUN"
5882,"helsinki",2,"HUN"
5883,"helyes",2,"HUN"
5884,"helyezést",2,"HUN"
5885,"helyezettje",2,"HUN"
5886,"helyezi",2,"HUN"
5887,"helyezték",2,"HUN"
5888,"helyreállítására",2,"HUN"
5889,"helyről",2,"HUN"
5890,"helyszíne",2,"HUN"
5891,"helyszínei",2,"HUN"
5892,"helyszínét",2,"HUN"
5893,"helyzetbe",2,"HUN"
5894,"helyzettől",2,"HUN"
5895,"hercegi",2,"HUN"
5896,"herszon",2,"HUN"
5897,"hetében",2,"HUN"
5898,"hetente",2,"HUN"
5899,"hetet",2,"HUN"
5900,"hétköznapi",2,"HUN"
5901,"hétvége",2,"HUN"
5902,"hetvenéves",2,"HUN"
5903,"hevesebb",2,"HUN"
5904,"hiányában",2,"HUN"
5905,"hiányára",2,"HUN"
5906,"hiányosságok",2,"HUN"
5907,"hiányt",2,"HUN"
5908,"hiányzik",2,"HUN"
5909,"hibáztatta",2,"HUN"
5910,"hídon",2,"HUN"
5911,"hihetetlenül",2,"HUN"
5912,"himalája",2,"HUN"
5913,"hip",2,"HUN"
5914,"hirdettek",2,"HUN"
5915,"híre",2,"HUN"
5916,"hírszerzési",2,"HUN"
5917,"hiszi",2,"HUN"
5918,"hitelállomány",2,"HUN"
5919,"hiteleknek",2,"HUN"
5920,"hiteleknél",2,"HUN"
5921,"hiteles",2,"HUN"
5922,"hívja",2,"HUN"
5923,"hívják",2,"HUN"
5924,"hívni",2,"HUN"
5925,"hold",2,"HUN"
5926,"holder",2,"HUN"
5927,"hollandia",2,"HUN"
5928,"holtan",2,"HUN"
5929,"holttest",2,"HUN"
5930,"hónaphoz",2,"HUN"
5931,"hónapja",2,"HUN"
5932,"hónapos",2,"HUN"
5933,"hónaptól",2,"HUN"
5934,"hongkongi",2,"HUN"
5935,"honvédelmi",2,"HUN"
5936,"hop",2,"HUN"
5937,"hőségben",2,"HUN"
5938,"hosszabbítás",2,"HUN"
5939,"hosszabbított",2,"HUN"
5940,"hosszútávon",2,"HUN"
5941,"hosszútávú",2,"HUN"
5942,"hőt",2,"HUN"
5943,"hotel",2,"HUN"
5944,"hotels",2,"HUN"
5945,"hozatal",2,"HUN"
5946,"hozna",2,"HUN"
5947,"hozzájárulnak",2,"HUN"
5948,"hozzánk",2,"HUN"
5949,"hozzon",2,"HUN"
5950,"hpe",2,"HUN"
5951,"hszi",2,"HUN"
5952,"https",2,"HUN"
5953,"hulladék",2,"HUN"
5954,"hulladékot",2,"HUN"
5955,"hullámok",2,"HUN"
5956,"hunga",2,"HUN"
5957,"hungary",2,"HUN"
5958,"hunor",2,"HUN"
5959,"hunter",2,"HUN"
5960,"hűséget",2,"HUN"
5961,"húsok",2,"HUN"
5962,"húzódik",2,"HUN"
5963,"húzott",2,"HUN"
5964,"hyundai",2,"HUN"
5965,"ibm",2,"HUN"
5966,"ice",2,"HUN"
5967,"id",2,"HUN"
5968,"ide",2,"HUN"
5969,"ideértve",2,"HUN"
5970,"idegenbeli",2,"HUN"
5971,"idegenben",2,"HUN"
5972,"idény",2,"HUN"
5973,"idényben",2,"HUN"
5974,"idéz",2,"HUN"
5975,"idézett",2,"HUN"
5976,"időközben",2,"HUN"
5977,"időn",2,"HUN"
5978,"időnk",2,"HUN"
5979,"időszakokban",2,"HUN"
5980,"igazgatási",2,"HUN"
5981,"igazgatósága",2,"HUN"
5982,"igazolást",2,"HUN"
5983,"igazolta",2,"HUN"
5984,"igazoltak",2,"HUN"
5985,"igazságügyi",2,"HUN"
5986,"igencsak",2,"HUN"
5987,"igényeinek",2,"HUN"
5988,"igényelhetnek",2,"HUN"
5989,"igénylő",2,"HUN"
5990,"ígérik",2,"HUN"
5991,"ígérkezik",2,"HUN"
5992,"ígért",2,"HUN"
5993,"ígérték",2,"HUN"
5994,"igyekeztek",2,"HUN"
5995,"ihletet",2,"HUN"
5996,"ikrek",2,"HUN"
5997,"ikszelt",2,"HUN"
5998,"ildikó",2,"HUN"
5999,"illő",2,"HUN"
6000,"ilyet",2,"HUN"
6001,"incidensek",2,"HUN"
6002,"independent",2,"HUN"
6003,"indexe",2,"HUN"
6004,"indexek",2,"HUN"
6005,"indexeket",2,"HUN"
6006,"india",2,"HUN"
6007,"indít",2,"HUN"
6008,"indítani",2,"HUN"
6009,"indítványnak",2,"HUN"
6010,"indítványozta",2,"HUN"
6011,"indoklás",2,"HUN"
6012,"indulás",2,"HUN"
6013,"indulásakor",2,"HUN"
6014,"indultak",2,"HUN"
6015,"inflációja",2,"HUN"
6016,"inflációtól",2,"HUN"
6017,"influenszer",2,"HUN"
6018,"információszabadság",2,"HUN"
6019,"informatika",2,"HUN"
6020,"ingadoztak",2,"HUN"
6021,"ingatlanban",2,"HUN"
6022,"ingatlanok",2,"HUN"
6023,"ingatlanokat",2,"HUN"
6024,"innen",2,"HUN"
6025,"instagramon",2,"HUN"
6026,"intelligencia",2,"HUN"
6027,"intenzitással",2,"HUN"
6028,"intenzívebbé",2,"HUN"
6029,"internet",2,"HUN"
6030,"internetes",2,"HUN"
6031,"internetfüggőség",2,"HUN"
6032,"internetre",2,"HUN"
6033,"intervenció",2,"HUN"
6034,"intézete",2,"HUN"
6035,"intézett",2,"HUN"
6036,"intézményből",2,"HUN"
6037,"intézményeknek",2,"HUN"
6038,"intim",2,"HUN"
6039,"ion",2,"HUN"
6040,"ipar",2,"HUN"
6041,"iparág",2,"HUN"
6042,"iparági",2,"HUN"
6043,"ipsos",2,"HUN"
6044,"irán",2,"HUN"
6045,"irányában",2,"HUN"
6046,"irányból",2,"HUN"
6047,"irányítása",2,"HUN"
6048,"irányítását",2,"HUN"
6049,"irányította",2,"HUN"
6050,"írása",2,"HUN"
6051,"írják",2,"HUN"
6052,"írnak",2,"HUN"
6053,"írországi",2,"HUN"
6054,"isk",2,"HUN"
6055,"iskolák",2,"HUN"
6056,"ismerete",2,"HUN"
6057,"ismerős",2,"HUN"
6058,"ismerőse",2,"HUN"
6059,"ismerősök",2,"HUN"
6060,"ismertették",2,"HUN"
6061,"istálló",2,"HUN"
6062,"isteni",2,"HUN"
6063,"it",2,"HUN"
6064,"ital",2,"HUN"
6065,"italokat",2,"HUN"
6066,"ítéli",2,"HUN"
6067,"ítélt",2,"HUN"
6068,"ittassága",2,"HUN"
6069,"izgalmakat",2,"HUN"
6070,"izrael",2,"HUN"
6071,"izraelben",2,"HUN"
6072,"jack",2,"HUN"
6073,"januári",2,"HUN"
6074,"japánban",2,"HUN"
6075,"járásban",2,"HUN"
6076,"járuljon",2,"HUN"
6077,"járult",2,"HUN"
6078,"játékában",2,"HUN"
6079,"játékban",2,"HUN"
6080,"játékost",2,"HUN"
6081,"játékrész",2,"HUN"
6082,"játékvezető",2,"HUN"
6083,"játszmát",2,"HUN"
6084,"játszották",2,"HUN"
6085,"javak",2,"HUN"
6086,"javarészt",2,"HUN"
6087,"javaslatára",2,"HUN"
6088,"javasolják",2,"HUN"
6089,"javítani",2,"HUN"
6090,"javítás",2,"HUN"
6091,"javulás",2,"HUN"
6092,"javulást",2,"HUN"
6093,"jégkorong",2,"HUN"
6094,"jegy",2,"HUN"
6095,"jegyet",2,"HUN"
6096,"jelei",2,"HUN"
6097,"jelentkezését",2,"HUN"
6098,"jelentkeznek",2,"HUN"
6099,"jelentkező",2,"HUN"
6100,"jelentősége",2,"HUN"
6101,"jelet",2,"HUN"
6102,"jellemezte",2,"HUN"
6103,"jelölteket",2,"HUN"
6104,"jelöltje",2,"HUN"
6105,"jelölttel",2,"HUN"
6106,"jelzés",2,"HUN"
6107,"jelzett",2,"HUN"
6108,"jobbak",2,"HUN"
6109,"jobbára",2,"HUN"
6110,"joe",2,"HUN"
6111,"jog",2,"HUN"
6112,"joga",2,"HUN"
6113,"jogait",2,"HUN"
6114,"jogállamisági",2,"HUN"
6115,"jogát",2,"HUN"
6116,"jogellenesen",2,"HUN"
6117,"joggal",2,"HUN"
6118,"jogosító",2,"HUN"
6119,"jogosulatlan",2,"HUN"
6120,"jogsértést",2,"HUN"
6121,"jogszabályok",2,"HUN"
6122,"jogú",2,"HUN"
6123,"john",2,"HUN"
6124,"jótékony",2,"HUN"
6125,"jövedelmét",2,"HUN"
6126,"jövőbeni",2,"HUN"
6127,"jövőjét",2,"HUN"
6128,"juhart",2,"HUN"
6129,"junior",2,"HUN"
6130,"júniusi",2,"HUN"
6131,"jutalékot",2,"HUN"
6132,"ka",2,"HUN"
6133,"kabinetfőnökével",2,"HUN"
6134,"kádár",2,"HUN"
6135,"kaland",2,"HUN"
6136,"kaliforniai",2,"HUN"
6137,"kalkulált",2,"HUN"
6138,"kálvin",2,"HUN"
6139,"kamata",2,"HUN"
6140,"kamatemelés",2,"HUN"
6141,"kamatemelések",2,"HUN"
6142,"kamatot",2,"HUN"
6143,"kamatperiódusú",2,"HUN"
6144,"kamatstop",2,"HUN"
6145,"kamera",2,"HUN"
6146,"kamerája",2,"HUN"
6147,"kamerák",2,"HUN"
6148,"kamion",2,"HUN"
6149,"kampányolt",2,"HUN"
6150,"kampányt",2,"HUN"
6151,"kapacitás",2,"HUN"
6152,"kapacitása",2,"HUN"
6153,"kapacitások",2,"HUN"
6154,"kapcsolata",2,"HUN"
6155,"kapcsolatát",2,"HUN"
6156,"kapcsolódik",2,"HUN"
6157,"kaphat",2,"HUN"
6158,"kaphatják",2,"HUN"
6159,"kapható",2,"HUN"
6160,"kapitány",2,"HUN"
6161,"kapitánya",2,"HUN"
6162,"kapjanak",2,"HUN"
6163,"kaposvár",2,"HUN"
6164,"káposztát",2,"HUN"
6165,"kapták",2,"HUN"
6166,"kaptam",2,"HUN"
6167,"kapu",2,"HUN"
6168,"kapuját",2,"HUN"
6169,"kapunk",2,"HUN"
6170,"kapusa",2,"HUN"
6171,"kapusként",2,"HUN"
6172,"kar",2,"HUN"
6173,"karácsonykor",2,"HUN"
6174,"karakterek",2,"HUN"
6175,"karakterünk",2,"HUN"
6176,"karantén",2,"HUN"
6177,"karjaiban",2,"HUN"
6178,"karl",2,"HUN"
6179,"karöltve",2,"HUN"
6180,"karrierutat",2,"HUN"
6181,"kaszált",2,"HUN"
6182,"katás",2,"HUN"
6183,"katasztrofális",2,"HUN"
6184,"katasztrófavédelem",2,"HUN"
6185,"kategória",2,"HUN"
6186,"kategóriában",2,"HUN"
6187,"kategóriás",2,"HUN"
6188,"katonája",2,"HUN"
6189,"katonát",2,"HUN"
6190,"kattintva",2,"HUN"
6191,"kávéház",2,"HUN"
6192,"kedvéért",2,"HUN"
6193,"kedvelték",2,"HUN"
6194,"kedvesét",2,"HUN"
6195,"kedvezmény",2,"HUN"
6196,"kedvezmények",2,"HUN"
6197,"keletkezett",2,"HUN"
6198,"kellő",2,"HUN"
6199,"kellően",2,"HUN"
6200,"kelt",2,"HUN"
6201,"keltő",2,"HUN"
6202,"kemény",2,"HUN"
6203,"keményebb",2,"HUN"
6204,"keményen",2,"HUN"
6205,"kémiai",2,"HUN"
6206,"kéne",2,"HUN"
6207,"kényelmesebb",2,"HUN"
6208,"kényelmi",2,"HUN"
6209,"kényszer",2,"HUN"
6210,"kénytelen",2,"HUN"
6211,"képernyő",2,"HUN"
6212,"képernyőkre",2,"HUN"
6213,"képezi",2,"HUN"
6214,"képezik",2,"HUN"
6215,"képviselőház",2,"HUN"
6216,"képviselőinek",2,"HUN"
6217,"képviselőivel",2,"HUN"
6218,"képviselte",2,"HUN"
6219,"kérdése",2,"HUN"
6220,"kérdésekre",2,"HUN"
6221,"kérdésére",2,"HUN"
6222,"kérdésünkre",2,"HUN"
6223,"kérdezte",2,"HUN"
6224,"kérdezték",2,"HUN"
6225,"kérelem",2,"HUN"
6226,"keres",2,"HUN"
6227,"kereset",2,"HUN"
6228,"keresik",2,"HUN"
6229,"kereskedési",2,"HUN"
6230,"keresleti",2,"HUN"
6231,"keresnek",2,"HUN"
6232,"keresni",2,"HUN"
6233,"kereszteződésénél",2,"HUN"
6234,"keretből",2,"HUN"
6235,"kérhetik",2,"HUN"
6236,"kert",2,"HUN"
6237,"kertjében",2,"HUN"
6238,"kerületeket",2,"HUN"
6239,"kerülhet",2,"HUN"
6240,"kerüljön",2,"HUN"
6241,"kerülő",2,"HUN"
6242,"késés",2,"HUN"
6243,"későn",2,"HUN"
6244,"késsel",2,"HUN"
6245,"készíteni",2,"HUN"
6246,"készítjük",2,"HUN"
6247,"készítmények",2,"HUN"
6248,"készletek",2,"HUN"
6249,"készüléket",2,"HUN"
6250,"kétezer",2,"HUN"
6251,"kétségtelenül",2,"HUN"
6252,"kétszáz",2,"HUN"
6253,"kevesebben",2,"HUN"
6254,"kevesen",2,"HUN"
6255,"kezdeményezés",2,"HUN"
6256,"kezdeményezte",2,"HUN"
6257,"kezdetben",2,"HUN"
6258,"kezdetén",2,"HUN"
6259,"kezdő",2,"HUN"
6260,"kezdődő",2,"HUN"
6261,"kezdtük",2,"HUN"
6262,"keze",2,"HUN"
6263,"kezelés",2,"HUN"
6264,"kezelnek",2,"HUN"
6265,"kezelni",2,"HUN"
6266,"kézzelfogható",2,"HUN"
6267,"kiadás",2,"HUN"
6268,"kiadása",2,"HUN"
6269,"kiadta",2,"HUN"
6270,"kialakítását",2,"HUN"
6271,"kialakítottak",2,"HUN"
6272,"kiállítási",2,"HUN"
6273,"kiállítások",2,"HUN"
6274,"kiállításon",2,"HUN"
6275,"kidobták",2,"HUN"
6276,"kiegészítőt",2,"HUN"
6277,"kiegyensúlyozott",2,"HUN"
6278,"kiemelve",2,"HUN"
6279,"kiépítése",2,"HUN"
6280,"kiestek",2,"HUN"
6281,"kifejlesztett",2,"HUN"
6282,"kifogásai",2,"HUN"
6283,"kifogást",2,"HUN"
6284,"kihívásokkal",2,"HUN"
6285,"kiírás",2,"HUN"
6286,"kiírta",2,"HUN"
6287,"kijelölt",2,"HUN"
6288,"kijevben",2,"HUN"
6289,"kijut",2,"HUN"
6290,"kijutó",2,"HUN"
6291,"kikerült",2,"HUN"
6292,"kikiáltási",2,"HUN"
6293,"kikötő",2,"HUN"
6294,"kilométer",2,"HUN"
6295,"kilométerrel",2,"HUN"
6296,"kilőtt",2,"HUN"
6297,"kilowatt",2,"HUN"
6298,"kimagasló",2,"HUN"
6299,"kimenetelű",2,"HUN"
6300,"kimenteni",2,"HUN"
6301,"kimerült",2,"HUN"
6302,"kimondottan",2,"HUN"
6303,"kimondta",2,"HUN"
6304,"kínálatának",2,"HUN"
6305,"kínálnak",2,"HUN"
6306,"kínának",2,"HUN"
6307,"kincsvadász",2,"HUN"
6308,"kinevezett",2,"HUN"
6309,"kint",2,"HUN"
6310,"kisadózó",2,"HUN"
6311,"kisebbik",2,"HUN"
6312,"kisebbségi",2,"HUN"
6313,"kisegítő",2,"HUN"
6314,"kísérhetik",2,"HUN"
6315,"kísérletet",2,"HUN"
6316,"kisfia",2,"HUN"
6317,"kiskorú",2,"HUN"
6318,"kiskorúak",2,"HUN"
6319,"kislányával",2,"HUN"
6320,"kislányukat",2,"HUN"
6321,"kispest",2,"HUN"
6322,"kiszabását",2,"HUN"
6323,"kiszabott",2,"HUN"
6324,"kitartanak",2,"HUN"
6325,"kiterjesztésével",2,"HUN"
6326,"kitette",2,"HUN"
6327,"kitettség",2,"HUN"
6328,"kitört",2,"HUN"
6329,"kitűzött",2,"HUN"
6330,"kiválasztott",2,"HUN"
6331,"kíván",2,"HUN"
6332,"kívánatosnak",2,"HUN"
6333,"kivetnivalót",2,"HUN"
6334,"kivizsgálásával",2,"HUN"
6335,"kizárt",2,"HUN"
6336,"kkv",2,"HUN"
6337,"klinikán",2,"HUN"
6338,"klipben",2,"HUN"
6339,"knights",2,"HUN"
6340,"koalíció",2,"HUN"
6341,"köbméteres",2,"HUN"
6342,"köbméternyi",2,"HUN"
6343,"kockázatát",2,"HUN"
6344,"kockázati",2,"HUN"
6345,"kockázatokkal",2,"HUN"
6346,"kocsis",2,"HUN"
6347,"kocsival",2,"HUN"
6348,"ködben",2,"HUN"
6349,"kohász",2,"HUN"
6350,"kohézió",2,"HUN"
6351,"kölcsey",2,"HUN"
6352,"költenek",2,"HUN"
6353,"költözhetett",2,"HUN"
6354,"költöztek",2,"HUN"
6355,"költségvetésből",2,"HUN"
6356,"költségvetését",2,"HUN"
6357,"komment",2,"HUN"
6358,"komolyabb",2,"HUN"
6359,"komplexum",2,"HUN"
6360,"konferencián",2,"HUN"
6361,"konkrétan",2,"HUN"
6362,"könnyebb",2,"HUN"
6363,"kontinensen",2,"HUN"
6364,"kontrasztanyag",2,"HUN"
6365,"kónya",2,"HUN"
6366,"könyvet",2,"HUN"
6367,"könyvtárosok",2,"HUN"
6368,"konzultáció",2,"HUN"
6369,"korában",2,"HUN"
6370,"korábbihoz",2,"HUN"
6371,"korán",2,"HUN"
6372,"korántsem",2,"HUN"
6373,"kordában",2,"HUN"
6374,"köré",2,"HUN"
6375,"korea",2,"HUN"
6376,"koreában",2,"HUN"
6377,"korlátot",2,"HUN"
6378,"korlátozása",2,"HUN"
6379,"korlátozások",2,"HUN"
6380,"korlátozza",2,"HUN"
6381,"kormányhivatal",2,"HUN"
6382,"kormányok",2,"HUN"
6383,"kormánypárt",2,"HUN"
6384,"kormányzás",2,"HUN"
6385,"környék",2,"HUN"
6386,"környékét",2,"HUN"
6387,"környéki",2,"HUN"
6388,"környezetekre",2,"HUN"
6389,"környezetre",2,"HUN"
6390,"környezetünk",2,"HUN"
6391,"korona",2,"HUN"
6392,"korosztály",2,"HUN"
6393,"körözött",2,"HUN"
6394,"korszak",2,"HUN"
6395,"korszerűsítését",2,"HUN"
6396,"kortárs",2,"HUN"
6397,"körültekintően",2,"HUN"
6398,"kosárlabda",2,"HUN"
6399,"kospi",2,"HUN"
6400,"köszönnek",2,"HUN"
6401,"köszöntőjében",2,"HUN"
6402,"koszorút",2,"HUN"
6403,"kosztanaj",2,"HUN"
6404,"köteles",2,"HUN"
6405,"kötelesek",2,"HUN"
6406,"kötelezettség",2,"HUN"
6407,"kötelezően",2,"HUN"
6408,"kötetet",2,"HUN"
6409,"köthető",2,"HUN"
6410,"kötöttek",2,"HUN"
6411,"kovásznai",2,"HUN"
6412,"követelt",2,"HUN"
6413,"követését",2,"HUN"
6414,"követik",2,"HUN"
6415,"következmény",2,"HUN"
6416,"következményeit",2,"HUN"
6417,"következményeivel",2,"HUN"
6418,"következők",2,"HUN"
6419,"következtetni",2,"HUN"
6420,"követte",2,"HUN"
6421,"közbeszédben",2,"HUN"
6422,"közbeszerzést",2,"HUN"
6423,"köze",2,"HUN"
6424,"közelebb",2,"HUN"
6425,"közeledő",2,"HUN"
6426,"közepéig",2,"HUN"
6427,"középiskolások",2,"HUN"
6428,"középpályán",2,"HUN"
6429,"középső",2,"HUN"
6430,"középvállalkozások",2,"HUN"
6431,"közgazdász",2,"HUN"
6432,"közlekedésben",2,"HUN"
6433,"közlöny",2,"HUN"
6434,"közöltek",2,"HUN"
6435,"közösségek",2,"HUN"
6436,"közösségépítő",2,"HUN"
6437,"közösségnek",2,"HUN"
6438,"központjában",2,"HUN"
6439,"központot",2,"HUN"
6440,"közreadott",2,"HUN"
6441,"község",2,"HUN"
6442,"közszolgálati",2,"HUN"
6443,"közterület",2,"HUN"
6444,"közterületi",2,"HUN"
6445,"közti",2,"HUN"
6446,"közügyektől",2,"HUN"
6447,"közük",2,"HUN"
6448,"közvetítésével",2,"HUN"
6449,"közvetítő",2,"HUN"
6450,"kreatív",2,"HUN"
6451,"kreatívan",2,"HUN"
6452,"krímet",2,"HUN"
6453,"kriptodeviza",2,"HUN"
6454,"krisztus",2,"HUN"
6455,"kritika",2,"HUN"
6456,"kritikus",2,"HUN"
6457,"kritikusnak",2,"HUN"
6458,"kse",2,"HUN"
6459,"küld",2,"HUN"
6460,"küldött",2,"HUN"
6461,"küldöttség",2,"HUN"
6462,"kuleba",2,"HUN"
6463,"külgazdasági",2,"HUN"
6464,"külkereskedelmi",2,"HUN"
6465,"különös",2,"HUN"
6466,"külpolitikai",2,"HUN"
6467,"kultúrotthon",2,"HUN"
6468,"kun",2,"HUN"
6469,"kurucok",2,"HUN"
6470,"kurzus",2,"HUN"
6471,"kutatása",2,"HUN"
6472,"kutatásban",2,"HUN"
6473,"kutatásból",2,"HUN"
6474,"küzdelmeit",2,"HUN"
6475,"küzdelmet",2,"HUN"
6476,"küzdenek",2,"HUN"
6477,"küzdő",2,"HUN"
6478,"küzdöttek",2,"HUN"
6479,"kvázi",2,"HUN"
6480,"kvóták",2,"HUN"
6481,"lába",2,"HUN"
6482,"lábánál",2,"HUN"
6483,"labda",2,"HUN"
6484,"labdarúgás",2,"HUN"
6485,"labdát",2,"HUN"
6486,"lábon",2,"HUN"
6487,"lakások",2,"HUN"
6488,"lakhelye",2,"HUN"
6489,"lakóépületek",2,"HUN"
6490,"lakóház",2,"HUN"
6491,"lakóinak",2,"HUN"
6492,"lakóingatlanok",2,"HUN"
6493,"lakók",2,"HUN"
6494,"lakosa",2,"HUN"
6495,"lakosai",2,"HUN"
6496,"lakosságra",2,"HUN"
6497,"lakost",2,"HUN"
6498,"lám",2,"HUN"
6499,"láncok",2,"HUN"
6500,"landolt",2,"HUN"
6501,"lángok",2,"HUN"
6502,"lapnak",2,"HUN"
6503,"laptop",2,"HUN"
6504,"lásd",2,"HUN"
6505,"lassulása",2,"HUN"
6506,"láthatja",2,"HUN"
6507,"láthatjuk",2,"HUN"
6508,"látogatást",2,"HUN"
6509,"látogató",2,"HUN"
6510,"látogatott",2,"HUN"
6511,"látom",2,"HUN"
6512,"látszólagos",2,"HUN"
6513,"láttán",2,"HUN"
6514,"látvány",2,"HUN"
6515,"lavrov",2,"HUN"
6516,"lázadók",2,"HUN"
6517,"lázár",2,"HUN"
6518,"league",2,"HUN"
6519,"leányvállalata",2,"HUN"
6520,"lebedevs",2,"HUN"
6521,"lebonyolítása",2,"HUN"
6522,"led",2,"HUN"
6523,"ledobja",2,"HUN"
6524,"leeds",2,"HUN"
6525,"leendő",2,"HUN"
6526,"lefelé",2,"HUN"
6527,"lefoglalt",2,"HUN"
6528,"lefoglalták",2,"HUN"
6529,"legelső",2,"HUN"
6530,"legelterjedtebb",2,"HUN"
6531,"legenda",2,"HUN"
6532,"legérzékenyebb",2,"HUN"
6533,"legfontosabbak",2,"HUN"
6534,"leghosszabb",2,"HUN"
6535,"legismertebb",2,"HUN"
6536,"légitársaság",2,"HUN"
6537,"legjobban",2,"HUN"
6538,"legkedveltebb",2,"HUN"
6539,"légköri",2,"HUN"
6540,"legközelebb",2,"HUN"
6541,"legközelebbi",2,"HUN"
6542,"legmélyebb",2,"HUN"
6543,"legrégebbi",2,"HUN"
6544,"legrosszabb",2,"HUN"
6545,"legtöbbször",2,"HUN"
6546,"légvédelmi",2,"HUN"
6547,"lehetőségeit",2,"HUN"
6548,"lehetőségünk",2,"HUN"
6549,"lej",2,"HUN"
6550,"lejáró",2,"HUN"
6551,"lejjebb",2,"HUN"
6552,"lejjel",2,"HUN"
6553,"lékai",2,"HUN"
6554,"lelkészek",2,"HUN"
6555,"lelkét",2,"HUN"
6556,"lelőtt",2,"HUN"
6557,"lengyelek",2,"HUN"
6558,"lengyelországba",2,"HUN"
6559,"lennének",2,"HUN"
6560,"lennénk",2,"HUN"
6561,"lent",2,"HUN"
6562,"lényeg",2,"HUN"
6563,"lényege",2,"HUN"
6564,"lényeges",2,"HUN"
6565,"lépésre",2,"HUN"
6566,"lépéssel",2,"HUN"
6567,"léphetnek",2,"HUN"
6568,"lépő",2,"HUN"
6569,"leszakadt",2,"HUN"
6570,"létesítmények",2,"HUN"
6571,"letette",2,"HUN"
6572,"létezni",2,"HUN"
6573,"létrehozása",2,"HUN"
6574,"létrehozását",2,"HUN"
6575,"létrehozásával",2,"HUN"
6576,"létrehozta",2,"HUN"
6577,"létrejövő",2,"HUN"
6578,"létszáma",2,"HUN"
6579,"levegőn",2,"HUN"
6580,"levegőt",2,"HUN"
6581,"levél",2,"HUN"
6582,"levéltár",2,"HUN"
6583,"levente",2,"HUN"
6584,"lezárását",2,"HUN"
6585,"lezáró",2,"HUN"
6586,"lezárt",2,"HUN"
6587,"lezuhant",2,"HUN"
6588,"lg",2,"HUN"
6589,"liberális",2,"HUN"
6590,"ligában",2,"HUN"
6591,"líra",2,"HUN"
6592,"listáján",2,"HUN"
6593,"listájára",2,"HUN"
6594,"listán",2,"HUN"
6595,"liszt",2,"HUN"
6596,"literenkénti",2,"HUN"
6597,"lítium",2,"HUN"
6598,"liza",2,"HUN"
6599,"lng",2,"HUN"
6600,"lőfegyverrel",2,"HUN"
6601,"lökések",2,"HUN"
6602,"loki",2,"HUN"
6603,"londonban",2,"HUN"
6604,"lopás",2,"HUN"
6605,"loránd",2,"HUN"
6606,"lőttek",2,"HUN"
6607,"lőtték",2,"HUN"
6608,"louis",2,"HUN"
6609,"lovak",2,"HUN"
6610,"lovasok",2,"HUN"
6611,"lövése",2,"HUN"
6612,"lövészdandár",2,"HUN"
6613,"luca",2,"HUN"
6614,"luhanszk",2,"HUN"
6615,"m1",2,"HUN"
6616,"m3",2,"HUN"
6617,"macqueen",2,"HUN"
6618,"madár",2,"HUN"
6619,"magába",2,"HUN"
6620,"magában",2,"HUN"
6621,"magához",2,"HUN"
6622,"magasra",2,"HUN"
6623,"magazin",2,"HUN"
6624,"mágneses",2,"HUN"
6625,"magukra",2,"HUN"
6626,"magukról",2,"HUN"
6627,"magunkat",2,"HUN"
6628,"magyarázatot",2,"HUN"
6629,"magyarázták",2,"HUN"
6630,"magyarnak",2,"HUN"
6631,"magyarokat",2,"HUN"
6632,"magyarokkal",2,"HUN"
6633,"magyarországot",2,"HUN"
6634,"magyarra",2,"HUN"
6635,"maia",2,"HUN"
6636,"mailben",2,"HUN"
6637,"major",2,"HUN"
6638,"manapság",2,"HUN"
6639,"maps",2,"HUN"
6640,"mar",2,"HUN"
6641,"maradék",2,"HUN"
6642,"maradhat",2,"HUN"
6643,"maradjon",2,"HUN"
6644,"maradunk",2,"HUN"
6645,"maradványait",2,"HUN"
6646,"márciusra",2,"HUN"
6647,"marek",2,"HUN"
6648,"mariupoli",2,"HUN"
6649,"márkájú",2,"HUN"
6650,"mármint",2,"HUN"
6651,"marokkói",2,"HUN"
6652,"mars",2,"HUN"
6653,"mártélyi",2,"HUN"
6654,"marvel",2,"HUN"
6655,"másfélszeresére",2,"HUN"
6656,"máshol",2,"HUN"
6657,"másikra",2,"HUN"
6658,"másként",2,"HUN"
6659,"máskor",2,"HUN"
6660,"másodfokú",2,"HUN"
6661,"másrészt",2,"HUN"
6662,"másról",2,"HUN"
6663,"mással",2,"HUN"
6664,"maszkok",2,"HUN"
6665,"maszkot",2,"HUN"
6666,"mától",2,"HUN"
6667,"mcdonald",2,"HUN"
6668,"meccsen",2,"HUN"
6669,"meccsét",2,"HUN"
6670,"mechanikai",2,"HUN"
6671,"medencébe",2,"HUN"
6672,"medencében",2,"HUN"
6673,"media",2,"HUN"
6674,"medve",2,"HUN"
6675,"megadásáról",2,"HUN"
6676,"megakadályozni",2,"HUN"
6677,"megállapítása",2,"HUN"
6678,"megállapította",2,"HUN"
6679,"megállapodásokat",2,"HUN"
6680,"megawatt",2,"HUN"
6681,"megbeszélésen",2,"HUN"
6682,"megbeszélést",2,"HUN"
6683,"megelőzése",2,"HUN"
6684,"megelőzően",2,"HUN"
6685,"megelőzve",2,"HUN"
6686,"megemlékezésen",2,"HUN"
6687,"megérkezett",2,"HUN"
6688,"megerősítettek",2,"HUN"
6689,"megerősíti",2,"HUN"
6690,"megfelelnek",2,"HUN"
6691,"megfogható",2,"HUN"
6692,"meggyőző",2,"HUN"
6693,"meghajtású",2,"HUN"
6694,"meghaladta",2,"HUN"
6695,"meghirdetett",2,"HUN"
6696,"meghozott",2,"HUN"
6697,"megígérte",2,"HUN"
6698,"megindítása",2,"HUN"
6699,"megindulását",2,"HUN"
6700,"megint",2,"HUN"
6701,"megjegyzésekkel",2,"HUN"
6702,"megjelenés",2,"HUN"
6703,"megjelenését",2,"HUN"
6704,"megjelenésével",2,"HUN"
6705,"megjelenési",2,"HUN"
6706,"megjelenő",2,"HUN"
6707,"megkérdezték",2,"HUN"
6708,"megkezdése",2,"HUN"
6709,"megkezdett",2,"HUN"
6710,"megkezdték",2,"HUN"
6711,"megkönnyíti",2,"HUN"
6712,"megkötés",2,"HUN"
6713,"megköveteli",2,"HUN"
6714,"meglátják",2,"HUN"
6715,"meglepetésre",2,"HUN"
6716,"megmarad",2,"HUN"
6717,"megmondani",2,"HUN"
6718,"megnövelte",2,"HUN"
6719,"megnyílt",2,"HUN"
6720,"megnyitva",2,"HUN"
6721,"megnyugvást",2,"HUN"
6722,"megoldani",2,"HUN"
6723,"megoldást",2,"HUN"
6724,"megöltek",2,"HUN"
6725,"megosztott",2,"HUN"
6726,"mégpedig",2,"HUN"
6727,"megpróbálta",2,"HUN"
6728,"megpróbáltak",2,"HUN"
6729,"mégsem",2,"HUN"
6730,"megsemmisítésére",2,"HUN"
6731,"megsemmisítve",2,"HUN"
6732,"megsemmisült",2,"HUN"
6733,"megszerezhető",2,"HUN"
6734,"megszerezte",2,"HUN"
6735,"megszerzett",2,"HUN"
6736,"megszületett",2,"HUN"
6737,"megszűnt",2,"HUN"
6738,"megszüntette",2,"HUN"
6739,"megtalálásához",2,"HUN"
6740,"megtalálták",2,"HUN"
6741,"megtámadása",2,"HUN"
6742,"megtanult",2,"HUN"
6743,"megtartani",2,"HUN"
6744,"megteremtése",2,"HUN"
6745,"megtesz",2,"HUN"
6746,"megtette",2,"HUN"
6747,"megtudtuk",2,"HUN"
6748,"megvalósításának",2,"HUN"
6749,"megvalósított",2,"HUN"
6750,"megvásárlása",2,"HUN"
6751,"megvédeni",2,"HUN"
6752,"megvédenie",2,"HUN"
6753,"megvenni",2,"HUN"
6754,"megviselte",2,"HUN"
6755,"megvizsgálta",2,"HUN"
6756,"megyéből",2,"HUN"
6757,"megyeszékhely",2,"HUN"
6758,"méhek",2,"HUN"
6759,"mekh",2,"HUN"
6760,"melinda",2,"HUN"
6761,"melléktevékenységek",2,"HUN"
6762,"mellyel",2,"HUN"
6763,"méltó",2,"HUN"
6764,"méltósága",2,"HUN"
6765,"melyből",2,"HUN"
6766,"melyekkel",2,"HUN"
6767,"mélyen",2,"HUN"
6768,"melyik",2,"HUN"
6769,"mélyponton",2,"HUN"
6770,"melyre",2,"HUN"
6771,"mélységi",2,"HUN"
6772,"menedéket",2,"HUN"
6773,"menekülteknek",2,"HUN"
6774,"menekültekre",2,"HUN"
6775,"menekültnek",2,"HUN"
6776,"menetrend",2,"HUN"
6777,"menjünk",2,"HUN"
6778,"mennyiért",2,"HUN"
6779,"mennyiség",2,"HUN"
6780,"mennyisége",2,"HUN"
6781,"mennyiséget",2,"HUN"
6782,"mennyiségnek",2,"HUN"
6783,"mentek",2,"HUN"
6784,"mentésirányító",2,"HUN"
6785,"mentést",2,"HUN"
6786,"mentettek",2,"HUN"
6787,"menti",2,"HUN"
6788,"mér",2,"HUN"
6789,"mérete",2,"HUN"
6790,"meríteni",2,"HUN"
6791,"merjenek",2,"HUN"
6792,"mérkőzésén",2,"HUN"
6793,"mérkőzött",2,"HUN"
6794,"merkúr",2,"HUN"
6795,"mérnöki",2,"HUN"
6796,"mérsékelt",2,"HUN"
6797,"messi",2,"HUN"
6798,"mesterségesen",2,"HUN"
6799,"mészárlás",2,"HUN"
6800,"meteorok",2,"HUN"
6801,"méteren",2,"HUN"
6802,"méterre",2,"HUN"
6803,"métert",2,"HUN"
6804,"mezőgazdaság",2,"HUN"
6805,"mezőkövesdi",2,"HUN"
6806,"mezőnyben",2,"HUN"
6807,"mezt",2,"HUN"
6808,"mfor",2,"HUN"
6809,"miatta",2,"HUN"
6810,"miatti",2,"HUN"
6811,"miből",2,"HUN"
6812,"michael",2,"HUN"
6813,"micro",2,"HUN"
6814,"migrációs",2,"HUN"
6815,"mikó",2,"HUN"
6816,"millióan",2,"HUN"
6817,"millióval",2,"HUN"
6818,"mindannyian",2,"HUN"
6819,"mindegyike",2,"HUN"
6820,"mindemellett",2,"HUN"
6821,"mindenben",2,"HUN"
6822,"mindenen",2,"HUN"
6823,"mindenhol",2,"HUN"
6824,"mindenképp",2,"HUN"
6825,"mindenre",2,"HUN"
6826,"mindenütt",2,"HUN"
6827,"mindezek",2,"HUN"
6828,"minimálisan",2,"HUN"
6829,"miniszterelnökség",2,"HUN"
6830,"miniszteri",2,"HUN"
6831,"minisztériuma",2,"HUN"
6832,"minőségű",2,"HUN"
6833,"minősül",2,"HUN"
6834,"mintát",2,"HUN"
6835,"mirage",2,"HUN"
6836,"mm",2,"HUN"
6837,"mobil",2,"HUN"
6838,"módban",2,"HUN"
6839,"modelleket",2,"HUN"
6840,"modellel",2,"HUN"
6841,"módja",2,"HUN"
6842,"módjukban",2,"HUN"
6843,"módosításával",2,"HUN"
6844,"módosította",2,"HUN"
6845,"módszer",2,"HUN"
6846,"mögé",2,"HUN"
6847,"mokka",2,"HUN"
6848,"moldovai",2,"HUN"
6849,"momentum",2,"HUN"
6850,"mondhatom",2,"HUN"
6851,"mondván",2,"HUN"
6852,"montenegróban",2,"HUN"
6853,"montenegrói",2,"HUN"
6854,"moratórium",2,"HUN"
6855,"mostantól",2,"HUN"
6856,"moszkvai",2,"HUN"
6857,"moszkvának",2,"HUN"
6858,"motor",2,"HUN"
6859,"mozdult",2,"HUN"
6860,"mózes",2,"HUN"
6861,"mozgás",2,"HUN"
6862,"mozgását",2,"HUN"
6863,"mozgott",2,"HUN"
6864,"moziban",2,"HUN"
6865,"mozifilm",2,"HUN"
6866,"mozikban",2,"HUN"
6867,"mozogtak",2,"HUN"
6868,"mta",2,"HUN"
6869,"mtk",2,"HUN"
6870,"műfordító",2,"HUN"
6871,"működéséhez",2,"HUN"
6872,"működésének",2,"HUN"
6873,"működtetéséhez",2,"HUN"
6874,"munkaadók",2,"HUN"
6875,"munkacsoportot",2,"HUN"
6876,"munkaerőpiaci",2,"HUN"
6877,"munkaerőt",2,"HUN"
6878,"munkahelyét",2,"HUN"
6879,"munkája",2,"HUN"
6880,"munkájukat",2,"HUN"
6881,"munkák",2,"HUN"
6882,"munkákat",2,"HUN"
6883,"munkálatokat",2,"HUN"
6884,"munkanélküliségi",2,"HUN"
6885,"munkatársak",2,"HUN"
6886,"musk",2,"HUN"
6887,"műsorban",2,"HUN"
6888,"műsort",2,"HUN"
6889,"muszáj",2,"HUN"
6890,"műszakban",2,"HUN"
6891,"mutatnak",2,"HUN"
6892,"mutatni",2,"HUN"
6893,"mutatók",2,"HUN"
6894,"műtrágya",2,"HUN"
6895,"művek",2,"HUN"
6896,"művészek",2,"HUN"
6897,"művészetek",2,"HUN"
6898,"mvm",2,"HUN"
6899,"nacionalista",2,"HUN"
6900,"nádai",2,"HUN"
6901,"nadrágot",2,"HUN"
6902,"nagykövet",2,"HUN"
6903,"nagyközönség",2,"HUN"
6904,"nagyot",2,"HUN"
6905,"nagypontosságú",2,"HUN"
6906,"nagyra",2,"HUN"
6907,"nagyságrendileg",2,"HUN"
6908,"nagyszálló",2,"HUN"
6909,"nál",2,"HUN"
6910,"napilap",2,"HUN"
6911,"napjára",2,"HUN"
6912,"napló",2,"HUN"
6913,"napnak",2,"HUN"
6914,"napos",2,"HUN"
6915,"napsütés",2,"HUN"
6916,"nasa",2,"HUN"
6917,"nasdaq",2,"HUN"
6918,"nedves",2,"HUN"
6919,"negatívba",2,"HUN"
6920,"negyede",2,"HUN"
6921,"negyedév",2,"HUN"
6922,"négyes",2,"HUN"
6923,"négyszer",2,"HUN"
6924,"négyzetméteren",2,"HUN"
6925,"néha",2,"HUN"
6926,"néhai",2,"HUN"
6927,"néhányan",2,"HUN"
6928,"nehezíti",2,"HUN"
6929,"nemek",2,"HUN"
6930,"németh",2,"HUN"
6931,"németországba",2,"HUN"
6932,"nemhogy",2,"HUN"
6933,"némileg",2,"HUN"
6934,"nemzet",2,"HUN"
6935,"nemzetbiztonsági",2,"HUN"
6936,"nemzetgazdasági",2,"HUN"
6937,"nemzetgyűlési",2,"HUN"
6938,"nemzetiségi",2,"HUN"
6939,"népegészségügyi",2,"HUN"
6940,"népesség",2,"HUN"
6941,"népszámlálás",2,"HUN"
6942,"népszavazás",2,"HUN"
6943,"népszavazáson",2,"HUN"
6944,"népszerűsége",2,"HUN"
6945,"népzene",2,"HUN"
6946,"netezők",2,"HUN"
6947,"nevada",2,"HUN"
6948,"nevezi",2,"HUN"
6949,"next",2,"HUN"
6950,"nézeteltérések",2,"HUN"
6951,"nézte",2,"HUN"
6952,"nft",2,"HUN"
6953,"ngo",2,"HUN"
6954,"nicolae",2,"HUN"
6955,"nikkei",2,"HUN"
6956,"nincsen",2,"HUN"
6957,"nnk",2,"HUN"
6958,"nógrád",2,"HUN"
6959,"nógrádi",2,"HUN"
6960,"noha",2,"HUN"
6961,"nőket",2,"HUN"
6962,"normális",2,"HUN"
6963,"novak",2,"HUN"
6964,"novák",2,"HUN"
6965,"növekedésére",2,"HUN"
6966,"növekedését",2,"HUN"
6967,"növekedhet",2,"HUN"
6968,"növelésével",2,"HUN"
6969,"növelheti",2,"HUN"
6970,"növeljék",2,"HUN"
6971,"nulla",2,"HUN"
6972,"nyárra",2,"HUN"
6973,"nyelv",2,"HUN"
6974,"nyelvén",2,"HUN"
6975,"nyereménye",2,"HUN"
6976,"nyereséget",2,"HUN"
6977,"nyernek",2,"HUN"
6978,"nyersanyag",2,"HUN"
6979,"nyertese",2,"HUN"
6980,"nyílászárókat",2,"HUN"
6981,"nyilatkozatok",2,"HUN"
6982,"nyilatkozni",2,"HUN"
6983,"nyilatkozó",2,"HUN"
6984,"nyíltan",2,"HUN"
6985,"nyilvános",2,"HUN"
6986,"nyilvántartásba",2,"HUN"
6987,"nyírbátori",2,"HUN"
6988,"nyíregyházára",2,"HUN"
6989,"nyit",2,"HUN"
6990,"nyitni",2,"HUN"
6991,"nyitó",2,"HUN"
6992,"nyitottak",2,"HUN"
6993,"nyomott",2,"HUN"
6994,"nyomozások",2,"HUN"
6995,"nyomozati",2,"HUN"
6996,"nyomozói",2,"HUN"
6997,"nyugalmazott",2,"HUN"
6998,"nyugdíj",2,"HUN"
6999,"nyugdíjasok",2,"HUN"
7000,"nyugdíjba",2,"HUN"
7001,"nyugodtan",2,"HUN"
7002,"nyugvó",2,"HUN"
7003,"nyújtó",2,"HUN"
7004,"nyújtottak",2,"HUN"
7005,"nyújtsanak",2,"HUN"
7006,"nyúl",2,"HUN"
7007,"o",2,"HUN"
7008,"ob",2,"HUN"
7009,"óceánba",2,"HUN"
7010,"odafigyel",2,"HUN"
7011,"odáig",2,"HUN"
7012,"okok",2,"HUN"
7013,"okot",2,"HUN"
7014,"okoztak",2,"HUN"
7015,"oktatást",2,"HUN"
7016,"októberi",2,"HUN"
7017,"olajárak",2,"HUN"
7018,"olajra",2,"HUN"
7019,"oľano",2,"HUN"
7020,"old",2,"HUN"
7021,"oldala",2,"HUN"
7022,"oldalakat",2,"HUN"
7023,"oldalakon",2,"HUN"
7024,"oldalát",2,"HUN"
7025,"oldalnyi",2,"HUN"
7026,"oligarcha",2,"HUN"
7027,"olimpián",2,"HUN"
7028,"olimpiára",2,"HUN"
7029,"ölt",2,"HUN"
7030,"oltalom",2,"HUN"
7031,"oltóanyagot",2,"HUN"
7032,"olvasók",2,"HUN"
7033,"omega",2,"HUN"
7034,"omsz",2,"HUN"
7035,"önkényes",2,"HUN"
7036,"önkormányzatok",2,"HUN"
7037,"önmagát",2,"HUN"
7038,"önmagával",2,"HUN"
7039,"open",2,"HUN"
7040,"opten",2,"HUN"
7041,"optimista",2,"HUN"
7042,"opus",2,"HUN"
7043,"órákon",2,"HUN"
7044,"óránként",2,"HUN"
7045,"öreg",2,"HUN"
7046,"óriás",2,"HUN"
7047,"őrizni",2,"HUN"
7048,"őrök",2,"HUN"
7049,"örökség",2,"HUN"
7050,"örökségvédelmi",2,"HUN"
7051,"örömre",2,"HUN"
7052,"oroszlány",2,"HUN"
7053,"oroszországtól",2,"HUN"
7054,"országa",2,"HUN"
7055,"országában",2,"HUN"
7056,"országból",2,"HUN"
7057,"országnak",2,"HUN"
7058,"országokból",2,"HUN"
7059,"országoknak",2,"HUN"
7060,"országrészben",2,"HUN"
7061,"országszerte",2,"HUN"
7062,"örülök",2,"HUN"
7063,"orvosa",2,"HUN"
7064,"őrzött",2,"HUN"
7065,"ősi",2,"HUN"
7066,"osk",2,"HUN"
7067,"összdíjazású",2,"HUN"
7068,"összeállítású",2,"HUN"
7069,"összecsapás",2,"HUN"
7070,"összefonódott",2,"HUN"
7071,"összefüggő",2,"HUN"
7072,"összegben",2,"HUN"
7073,"összegből",2,"HUN"
7074,"összegeket",2,"HUN"
7075,"összegyűlt",2,"HUN"
7076,"összehasonlításban",2,"HUN"
7077,"összehasonlítási",2,"HUN"
7078,"összejött",2,"HUN"
7079,"összeköltözést",2,"HUN"
7080,"összekötve",2,"HUN"
7081,"összesítése",2,"HUN"
7082,"összességében",2,"HUN"
7083,"összeszedett",2,"HUN"
7084,"összetevő",2,"HUN"
7085,"összetevők",2,"HUN"
7086,"összhangban",2,"HUN"
7087,"ősz",2,"HUN"
7088,"őszinte",2,"HUN"
7089,"osztálya",2,"HUN"
7090,"osztályán",2,"HUN"
7091,"osztályának",2,"HUN"
7092,"osztályok",2,"HUN"
7093,"ősztől",2,"HUN"
7094,"ösztönzik",2,"HUN"
7095,"ötleteket",2,"HUN"
7096,"ötletet",2,"HUN"
7097,"ötmillió",2,"HUN"
7098,"ötöde",2,"HUN"
7099,"ötödét",2,"HUN"
7100,"ötödikként",2,"HUN"
7101,"ötször",2,"HUN"
7102,"ötszörös",2,"HUN"
7103,"otthonkorszerűsítési",2,"HUN"
7104,"otthonról",2,"HUN"
7105,"otthonukat",2,"HUN"
7106,"ötven",2,"HUN"
7107,"övezet",2,"HUN"
7108,"óvják",2,"HUN"
7109,"óvodás",2,"HUN"
7110,"oxigént",2,"HUN"
7111,"özvegy",2,"HUN"
7112,"páciensek",2,"HUN"
7113,"palack",2,"HUN"
7114,"pályaudvar",2,"HUN"
7115,"pályázatának",2,"HUN"
7116,"pályázatok",2,"HUN"
7117,"pályázaton",2,"HUN"
7118,"pannon",2,"HUN"
7119,"panoráma",2,"HUN"
7120,"pap",2,"HUN"
7121,"paprikás",2,"HUN"
7122,"para",2,"HUN"
7123,"paradox",2,"HUN"
7124,"párbeszédes",2,"HUN"
7125,"párbeszédet",2,"HUN"
7126,"párjával",2,"HUN"
7127,"parlagfű",2,"HUN"
7128,"parlamentbe",2,"HUN"
7129,"parlamentet",2,"HUN"
7130,"párosok",2,"HUN"
7131,"pártelnök",2,"HUN"
7132,"pártfogó",2,"HUN"
7133,"pártja",2,"HUN"
7134,"partnere",2,"HUN"
7135,"partnerek",2,"HUN"
7136,"partnerség",2,"HUN"
7137,"pártot",2,"HUN"
7138,"párttal",2,"HUN"
7139,"pass",2,"HUN"
7140,"pattant",2,"HUN"
7141,"paul",2,"HUN"
7142,"példáját",2,"HUN"
7143,"példányt",2,"HUN"
7144,"példátlan",2,"HUN"
7145,"péntekig",2,"HUN"
7146,"pénzbírsággal",2,"HUN"
7147,"pénzek",2,"HUN"
7148,"pénzmosás",2,"HUN"
7149,"pénzzel",2,"HUN"
7150,"percen",2,"HUN"
7151,"percet",2,"HUN"
7152,"percre",2,"HUN"
7153,"pesszimista",2,"HUN"
7154,"peter",2,"HUN"
7155,"péternek",2,"HUN"
7156,"petra",2,"HUN"
7157,"pgnig",2,"HUN"
7158,"piacokon",2,"HUN"
7159,"piacot",2,"HUN"
7160,"pihenni",2,"HUN"
7161,"pillanat",2,"HUN"
7162,"pilóta",2,"HUN"
7163,"pletykák",2,"HUN"
7164,"podcast",2,"HUN"
7165,"pofont",2,"HUN"
7166,"polat",2,"HUN"
7167,"polgármesterjelölt",2,"HUN"
7168,"politikája",2,"HUN"
7169,"politikusok",2,"HUN"
7170,"politikust",2,"HUN"
7171,"pontok",2,"HUN"
7172,"pörög",2,"HUN"
7173,"portugália",2,"HUN"
7174,"posztoltak",2,"HUN"
7175,"poszton",2,"HUN"
7176,"posztot",2,"HUN"
7177,"potter",2,"HUN"
7178,"pozíció",2,"HUN"
7179,"pozícióját",2,"HUN"
7180,"pozsonyban",2,"HUN"
7181,"prágai",2,"HUN"
7182,"pravda",2,"HUN"
7183,"próbálják",2,"HUN"
7184,"próbálnak",2,"HUN"
7185,"problémái",2,"HUN"
7186,"problémája",2,"HUN"
7187,"problémákról",2,"HUN"
7188,"producer",2,"HUN"
7189,"produkciója",2,"HUN"
7190,"professzora",2,"HUN"
7191,"programból",2,"HUN"
7192,"programokkal",2,"HUN"
7193,"programokon",2,"HUN"
7194,"programról",2,"HUN"
7195,"projektben",2,"HUN"
7196,"projektek",2,"HUN"
7197,"protestáns",2,"HUN"
7198,"protokoll",2,"HUN"
7199,"ps",2,"HUN"
7200,"ps5",2,"HUN"
7201,"pte",2,"HUN"
7202,"puskás",2,"HUN"
7203,"puszta",2,"HUN"
7204,"pusztán",2,"HUN"
7205,"racionális",2,"HUN"
7206,"ragaszkodik",2,"HUN"
7207,"raiffeisen",2,"HUN"
7208,"rajthoz",2,"HUN"
7209,"rakétát",2,"HUN"
7210,"rám",2,"HUN"
7211,"rámutatott",2,"HUN"
7212,"rányomta",2,"HUN"
7213,"rászoruló",2,"HUN"
7214,"rátért",2,"HUN"
7215,"rávenni",2,"HUN"
7216,"reagálnak",2,"HUN"
7217,"reagáltak",2,"HUN"
7218,"red",2,"HUN"
7219,"reggelire",2,"HUN"
7220,"regisztráció",2,"HUN"
7221,"regisztrációhoz",2,"HUN"
7222,"rejlik",2,"HUN"
7223,"rejlő",2,"HUN"
7224,"rejtélyes",2,"HUN"
7225,"rekedt",2,"HUN"
7226,"releváns",2,"HUN"
7227,"rend",2,"HUN"
7228,"rendeletek",2,"HUN"
7229,"rendeletet",2,"HUN"
7230,"rendelt",2,"HUN"
7231,"rendes",2,"HUN"
7232,"rendesen",2,"HUN"
7233,"rendeznek",2,"HUN"
7234,"rendeződnek",2,"HUN"
7235,"rendezte",2,"HUN"
7236,"rendezvénysorozat",2,"HUN"
7237,"rendjét",2,"HUN"
7238,"rendőrségi",2,"HUN"
7239,"rendőrségnek",2,"HUN"
7240,"rendőrségre",2,"HUN"
7241,"rendőrt",2,"HUN"
7242,"rendszereket",2,"HUN"
7243,"rendszerekkel",2,"HUN"
7244,"rendszerint",2,"HUN"
7245,"rengés",2,"HUN"
7246,"rengeteget",2,"HUN"
7247,"reptereken",2,"HUN"
7248,"republikánus",2,"HUN"
7249,"repülőtéren",2,"HUN"
7250,"részből",2,"HUN"
7251,"részének",2,"HUN"
7252,"részesedéssel",2,"HUN"
7253,"részesei",2,"HUN"
7254,"részletei",2,"HUN"
7255,"részletekben",2,"HUN"
7256,"résztvevő",2,"HUN"
7257,"részvényei",2,"HUN"
7258,"részvénypiacon",2,"HUN"
7259,"részvényt",2,"HUN"
7260,"részvénytársaság",2,"HUN"
7261,"részvétel",2,"HUN"
7262,"részvételével",2,"HUN"
7263,"rezsi",2,"HUN"
7264,"rezsivédett",2,"HUN"
7265,"riasztotta",2,"HUN"
7266,"riasztották",2,"HUN"
7267,"richard",2,"HUN"
7268,"richárd",2,"HUN"
7269,"rico",2,"HUN"
7270,"riportere",2,"HUN"
7271,"ritkább",2,"HUN"
7272,"riválisa",2,"HUN"
7273,"ro",2,"HUN"
7274,"robbanások",2,"HUN"
7275,"robbanást",2,"HUN"
7276,"robert",2,"HUN"
7277,"róbert",2,"HUN"
7278,"rogán",2,"HUN"
7279,"rögzített",2,"HUN"
7280,"rögzítették",2,"HUN"
7281,"roku",2,"HUN"
7282,"ról",2,"HUN"
7283,"ről",2,"HUN"
7284,"róluk",2,"HUN"
7285,"romák",2,"HUN"
7286,"románc",2,"HUN"
7287,"romániában",2,"HUN"
7288,"romániai",2,"HUN"
7289,"romba",2,"HUN"
7290,"romlott",2,"HUN"
7291,"rontott",2,"HUN"
7292,"röplabda",2,"HUN"
7293,"rosszindulatú",2,"HUN"
7294,"rövidebb",2,"HUN"
7295,"rutin",2,"HUN"
7296,"saint",2,"HUN"
7297,"sajátos",2,"HUN"
7298,"salakpályás",2,"HUN"
7299,"sandbox",2,"HUN"
7300,"sanghaji",2,"HUN"
7301,"sarat",2,"HUN"
7302,"sávba",2,"HUN"
7303,"sávon",2,"HUN"
7304,"sberbank",2,"HUN"
7305,"schneider",2,"HUN"
7306,"science",2,"HUN"
7307,"sebesség",2,"HUN"
7308,"séf",2,"HUN"
7309,"segélyhívó",2,"HUN"
7310,"segélyt",2,"HUN"
7311,"segítenek",2,"HUN"
7312,"segítettek",2,"HUN"
7313,"segítőik",2,"HUN"
7314,"segítségére",2,"HUN"
7315,"segítséggel",2,"HUN"
7316,"sepsiszentgyörgyön",2,"HUN"
7317,"series",2,"HUN"
7318,"sérülés",2,"HUN"
7319,"sérülése",2,"HUN"
7320,"sérültek",2,"HUN"
7321,"séta",2,"HUN"
7322,"sétálva",2,"HUN"
7323,"shaoang",2,"HUN"
7324,"shell",2,"HUN"
7325,"sikeredett",2,"HUN"
7326,"sikeréhez",2,"HUN"
7327,"sikerei",2,"HUN"
7328,"sikerül",2,"HUN"
7329,"siófok",2,"HUN"
7330,"sir",2,"HUN"
7331,"sírva",2,"HUN"
7332,"slágereket",2,"HUN"
7333,"slide",2,"HUN"
7334,"smart",2,"HUN"
7335,"sofőrje",2,"HUN"
7336,"sofőrrel",2,"HUN"
7337,"software",2,"HUN"
7338,"sohasem",2,"HUN"
7339,"sokfélék",2,"HUN"
7340,"sol",2,"HUN"
7341,"sommer",2,"HUN"
7342,"somogyi",2,"HUN"
7343,"soproni",2,"HUN"
7344,"sora",2,"HUN"
7345,"sorba",2,"HUN"
7346,"soros",2,"HUN"
7347,"sorozatos",2,"HUN"
7348,"sorozatot",2,"HUN"
7349,"sötét",2,"HUN"
7350,"sötétkék",2,"HUN"
7351,"spórolás",2,"HUN"
7352,"spórolt",2,"HUN"
7353,"sportcsarnok",2,"HUN"
7354,"sportolásra",2,"HUN"
7355,"sportos",2,"HUN"
7356,"stabilabb",2,"HUN"
7357,"stabilan",2,"HUN"
7358,"stadion",2,"HUN"
7359,"star",2,"HUN"
7360,"statisztika",2,"HUN"
7361,"steamen",2,"HUN"
7362,"stone",2,"HUN"
7363,"strapabíró",2,"HUN"
7364,"streamingszolgáltató",2,"HUN"
7365,"street",2,"HUN"
7366,"stresszt",2,"HUN"
7367,"struktúrát",2,"HUN"
7368,"studios",2,"HUN"
7369,"sújtja",2,"HUN"
7370,"sújtott",2,"HUN"
7371,"sújtotta",2,"HUN"
7372,"súllyal",2,"HUN"
7373,"süllyedt",2,"HUN"
7374,"súlyú",2,"HUN"
7375,"sürgős",2,"HUN"
7376,"sűrű",2,"HUN"
7377,"sűrűn",2,"HUN"
7378,"sütőben",2,"HUN"
7379,"svédországban",2,"HUN"
7380,"szabadságharc",2,"HUN"
7381,"szabadságvesztés",2,"HUN"
7382,"szabályai",2,"HUN"
7383,"szabályokat",2,"HUN"
7384,"szabályosan",2,"HUN"
7385,"szabályozás",2,"HUN"
7386,"szabályozó",2,"HUN"
7387,"szabványok",2,"HUN"
7388,"szaga",2,"HUN"
7389,"szakadár",2,"HUN"
7390,"szakasz",2,"HUN"
7391,"szakaszának",2,"HUN"
7392,"szakembereit",2,"HUN"
7393,"szakítás",2,"HUN"
7394,"szakképző",2,"HUN"
7395,"szaklapban",2,"HUN"
7396,"szakma",2,"HUN"
7397,"szakmában",2,"HUN"
7398,"szállás",2,"HUN"
7399,"szállhat",2,"HUN"
7400,"szállítás",2,"HUN"
7401,"szállítása",2,"HUN"
7402,"szállításához",2,"HUN"
7403,"szállítását",2,"HUN"
7404,"szállításban",2,"HUN"
7405,"szállítási",2,"HUN"
7406,"szállnak",2,"HUN"
7407,"szálloda",2,"HUN"
7408,"szállt",2,"HUN"
7409,"számai",2,"HUN"
7410,"számításai",2,"HUN"
7411,"számítási",2,"HUN"
7412,"számítástechnikát",2,"HUN"
7413,"számíthatnak",2,"HUN"
7414,"számítógépes",2,"HUN"
7415,"számítottak",2,"HUN"
7416,"számítva",2,"HUN"
7417,"számlájára",2,"HUN"
7418,"számláló",2,"HUN"
7419,"számottevő",2,"HUN"
7420,"számvevőszék",2,"HUN"
7421,"szankcióra",2,"HUN"
7422,"szánni",2,"HUN"
7423,"szárazság",2,"HUN"
7424,"szatmári",2,"HUN"
7425,"szavára",2,"HUN"
7426,"szavazás",2,"HUN"
7427,"szavazat",2,"HUN"
7428,"szavazatot",2,"HUN"
7429,"szavazhattak",2,"HUN"
7430,"szavazni",2,"HUN"
7431,"szavazó",2,"HUN"
7432,"szavaztak",2,"HUN"
7433,"százalékánál",2,"HUN"
7434,"százalékosan",2,"HUN"
7435,"százalékosra",2,"HUN"
7436,"százéves",2,"HUN"
7437,"százezer",2,"HUN"
7438,"százhalombattai",2,"HUN"
7439,"székelyföld",2,"HUN"
7440,"székesfehérvár",2,"HUN"
7441,"székesfehérváron",2,"HUN"
7442,"szektor",2,"HUN"
7443,"szélén",2,"HUN"
7444,"széleskörű",2,"HUN"
7445,"szelet",2,"HUN"
7446,"széll",2,"HUN"
7447,"szélső",2,"HUN"
7448,"személyeknek",2,"HUN"
7449,"személyenként",2,"HUN"
7450,"személyéről",2,"HUN"
7451,"személyre",2,"HUN"
7452,"szemes",2,"HUN"
7453,"szemet",2,"HUN"
7454,"szemetet",2,"HUN"
7455,"szemle",2,"HUN"
7456,"szempontokat",2,"HUN"
7457,"szemünk",2,"HUN"
7458,"széna",2,"HUN"
7459,"szenátus",2,"HUN"
7460,"szenátusban",2,"HUN"
7461,"szenior",2,"HUN"
7462,"szenved",2,"HUN"
7463,"szenvedő",2,"HUN"
7464,"szépen",2,"HUN"
7465,"szépségkirálynő",2,"HUN"
7466,"szeptemberében",2,"HUN"
7467,"szerbiában",2,"HUN"
7468,"szerelmeseit",2,"HUN"
7469,"szerelt",2,"HUN"
7470,"szerelvény",2,"HUN"
7471,"szerencse",2,"HUN"
7472,"szerencsejáték",2,"HUN"
7473,"szerencsi",2,"HUN"
7474,"szerény",2,"HUN"
7475,"szerep",2,"HUN"
7476,"szereplői",2,"HUN"
7477,"szereplők",2,"HUN"
7478,"szereplőknek",2,"HUN"
7479,"szeret",2,"HUN"
7480,"szeretni",2,"HUN"
7481,"szerettek",2,"HUN"
7482,"szerezte",2,"HUN"
7483,"szereztünk",2,"HUN"
7484,"szergej",2,"HUN"
7485,"szerkezetet",2,"HUN"
7486,"szerves",2,"HUN"
7487,"szervezetben",2,"HUN"
7488,"szervezeteket",2,"HUN"
7489,"szervezeti",2,"HUN"
7490,"szerveztek",2,"HUN"
7491,"szerződésben",2,"HUN"
7492,"szerződése",2,"HUN"
7493,"szerzője",2,"HUN"
7494,"szeszes",2,"HUN"
7495,"szettben",2,"HUN"
7496,"szezonálisan",2,"HUN"
7497,"szezont",2,"HUN"
7498,"szigeteken",2,"HUN"
7499,"szigetország",2,"HUN"
7500,"szigetvári",2,"HUN"
7501,"szigorítások",2,"HUN"
7502,"szigorítják",2,"HUN"
7503,"szilveszterre",2,"HUN"
7504,"szimfonikus",2,"HUN"
7505,"színek",2,"HUN"
7506,"színekben",2,"HUN"
7507,"színészi",2,"HUN"
7508,"színésznője",2,"HUN"
7509,"színfalak",2,"HUN"
7510,"szintig",2,"HUN"
7511,"szintjét",2,"HUN"
7512,"szintről",2,"HUN"
7513,"színvonala",2,"HUN"
7514,"színvonalú",2,"HUN"
7515,"szituációban",2,"HUN"
7516,"szíve",2,"HUN"
7517,"szlovákiában",2,"HUN"
7518,"szlovákiai",2,"HUN"
7519,"szlovéniában",2,"HUN"
7520,"szobában",2,"HUN"
7521,"szobapincér",2,"HUN"
7522,"szóbeli",2,"HUN"
7523,"szobor",2,"HUN"
7524,"szocialista",2,"HUN"
7525,"szocializmus",2,"HUN"
7526,"szoftvereket",2,"HUN"
7527,"szögezte",2,"HUN"
7528,"szokásos",2,"HUN"
7529,"szokták",2,"HUN"
7530,"szolgál",2,"HUN"
7531,"szolgálja",2,"HUN"
7532,"szolgáltatásai",2,"HUN"
7533,"szolgáltatásait",2,"HUN"
7534,"szólítja",2,"HUN"
7535,"szólította",2,"HUN"
7536,"szőlőt",2,"HUN"
7537,"szóltak",2,"HUN"
7538,"szorgalmazott",2,"HUN"
7539,"szorgalmazza",2,"HUN"
7540,"szorítás",2,"HUN"
7541,"szörös",2,"HUN"
7542,"szorul",2,"HUN"
7543,"szövetsége",2,"HUN"
7544,"szövetségese",2,"HUN"
7545,"szövetségnek",2,"HUN"
7546,"sztárja",2,"HUN"
7547,"szte",2,"HUN"
7548,"sztrájkba",2,"HUN"
7549,"szu",2,"HUN"
7550,"szükségleteik",2,"HUN"
7551,"szülés",2,"HUN"
7552,"születtek",2,"HUN"
7553,"szülőket",2,"HUN"
7554,"szumi",2,"HUN"
7555,"szünetre",2,"HUN"
7556,"szupermarketekben",2,"HUN"
7557,"szurkolói",2,"HUN"
7558,"szúrt",2,"HUN"
7559,"tabella",2,"HUN"
7560,"tabellát",2,"HUN"
7561,"tagadja",2,"HUN"
7562,"tagországok",2,"HUN"
7563,"tájakon",2,"HUN"
7564,"tájékoztatás",2,"HUN"
7565,"tajvan",2,"HUN"
7566,"take",2,"HUN"
7567,"taktikai",2,"HUN"
7568,"talál",2,"HUN"
7569,"találatával",2,"HUN"
7570,"találhatóak",2,"HUN"
7571,"találja",2,"HUN"
7572,"találjon",2,"HUN"
7573,"találnak",2,"HUN"
7574,"találunk",2,"HUN"
7575,"támadással",2,"HUN"
7576,"támadója",2,"HUN"
7577,"támogat",2,"HUN"
7578,"támogatására",2,"HUN"
7579,"támogatni",2,"HUN"
7580,"támogatói",2,"HUN"
7581,"tanácsa",2,"HUN"
7582,"tanácsadója",2,"HUN"
7583,"tanácsnak",2,"HUN"
7584,"tanácsolja",2,"HUN"
7585,"tanárokat",2,"HUN"
7586,"táncegyüttes",2,"HUN"
7587,"táncos",2,"HUN"
7588,"tanítványai",2,"HUN"
7589,"tanulmányt",2,"HUN"
7590,"tanulmányterv",2,"HUN"
7591,"tanulmányukban",2,"HUN"
7592,"tanuló",2,"HUN"
7593,"tanulói",2,"HUN"
7594,"tapasztalat",2,"HUN"
7595,"tapasztalata",2,"HUN"
7596,"tapasztalatok",2,"HUN"
7597,"tapasztalható",2,"HUN"
7598,"tar",2,"HUN"
7599,"tár",2,"HUN"
7600,"tárgyaláson",2,"HUN"
7601,"tárgyaljon",2,"HUN"
7602,"tárolására",2,"HUN"
7603,"társadalmilag",2,"HUN"
7604,"társával",2,"HUN"
7605,"társuk",2,"HUN"
7606,"tartalék",2,"HUN"
7607,"tartalmazhat",2,"HUN"
7608,"tartalmazza",2,"HUN"
7609,"tartását",2,"HUN"
7610,"tartjuk",2,"HUN"
7611,"tartósan",2,"HUN"
7612,"tartottam",2,"HUN"
7613,"tartózkodásra",2,"HUN"
7614,"tartózkodott",2,"HUN"
7615,"tartozott",2,"HUN"
7616,"tartóztattak",2,"HUN"
7617,"tartsák",2,"HUN"
7618,"tartva",2,"HUN"
7619,"táskák",2,"HUN"
7620,"tasnádi",2,"HUN"
7621,"táv",2,"HUN"
7622,"tavasszal",2,"HUN"
7623,"tavasz",2,"HUN"
7624,"tavaszi",2,"HUN"
7625,"távolabb",2,"HUN"
7626,"távolságot",2,"HUN"
7627,"távozását",2,"HUN"
7628,"távozott",2,"HUN"
7629,"team",2,"HUN"
7630,"teams",2,"HUN"
7631,"teátrum",2,"HUN"
7632,"tech",2,"HUN"
7633,"technológiája",2,"HUN"
7634,"technológiákat",2,"HUN"
7635,"technológiának",2,"HUN"
7636,"technológiát",2,"HUN"
7637,"teendője",2,"HUN"
7638,"téged",2,"HUN"
7639,"tégláson",2,"HUN"
7640,"tegyék",2,"HUN"
7641,"tegyenek",2,"HUN"
7642,"tehergépkocsi",2,"HUN"
7643,"tekintetben",2,"HUN"
7644,"tekintettel",2,"HUN"
7645,"tél",2,"HUN"
7646,"telefonja",2,"HUN"
7647,"telefonon",2,"HUN"
7648,"telefont",2,"HUN"
7649,"telek",2,"HUN"
7650,"telepítést",2,"HUN"
7651,"települések",2,"HUN"
7652,"településrendezési",2,"HUN"
7653,"településről",2,"HUN"
7654,"településszerkezeti",2,"HUN"
7655,"televíziós",2,"HUN"
7656,"teljesíteni",2,"HUN"
7657,"teljesíteniük",2,"HUN"
7658,"teljesítik",2,"HUN"
7659,"teljesítménnyel",2,"HUN"
7660,"teljesítményű",2,"HUN"
7661,"telt",2,"HUN"
7662,"témában",2,"HUN"
7663,"templom",2,"HUN"
7664,"tendert",2,"HUN"
7665,"tengerbe",2,"HUN"
7666,"tengeren",2,"HUN"
7667,"tengerparti",2,"HUN"
7668,"tenisztornán",2,"HUN"
7669,"tenniük",2,"HUN"
7670,"ténnyel",2,"HUN"
7671,"ténylegesen",2,"HUN"
7672,"téri",2,"HUN"
7673,"terjed",2,"HUN"
7674,"termékenységi",2,"HUN"
7675,"termeléshez",2,"HUN"
7676,"természeti",2,"HUN"
7677,"természettudományi",2,"HUN"
7678,"termett",2,"HUN"
7679,"terror",2,"HUN"
7680,"térségekben",2,"HUN"
7681,"térséget",2,"HUN"
7682,"térségi",2,"HUN"
7683,"területe",2,"HUN"
7684,"területein",2,"HUN"
7685,"területeken",2,"HUN"
7686,"területére",2,"HUN"
7687,"területét",2,"HUN"
7688,"terve",2,"HUN"
7689,"tervet",2,"HUN"
7690,"tervezés",2,"HUN"
7691,"tessék",2,"HUN"
7692,"testet",2,"HUN"
7693,"testi",2,"HUN"
7694,"tesztek",2,"HUN"
7695,"teszteket",2,"HUN"
7696,"tesztelés",2,"HUN"
7697,"teszünk",2,"HUN"
7698,"tét",2,"HUN"
7699,"tétele",2,"HUN"
7700,"tettem",2,"HUN"
7701,"tettre",2,"HUN"
7702,"tevékenysége",2,"HUN"
7703,"texas",2,"HUN"
7704,"thuróczy",2,"HUN"
7705,"ti",2,"HUN"
7706,"tilalmat",2,"HUN"
7707,"tiltakozott",2,"HUN"
7708,"tiltsák",2,"HUN"
7709,"times",2,"HUN"
7710,"tinédzser",2,"HUN"
7711,"típusát",2,"HUN"
7712,"tisza",2,"HUN"
7713,"tisztában",2,"HUN"
7714,"tisztább",2,"HUN"
7715,"tisztázatlan",2,"HUN"
7716,"tiszteletben",2,"HUN"
7717,"tiszteletes",2,"HUN"
7718,"tisztelettel",2,"HUN"
7719,"tisztelni",2,"HUN"
7720,"tisztességes",2,"HUN"
7721,"tisztségviselők",2,"HUN"
7722,"titka",2,"HUN"
7723,"titkára",2,"HUN"
7724,"titokzatos",2,"HUN"
7725,"tizedikes",2,"HUN"
7726,"tizenhárom",2,"HUN"
7727,"tizenhét",2,"HUN"
7728,"tizenöt",2,"HUN"
7729,"többféle",2,"HUN"
7730,"többségű",2,"HUN"
7731,"többszörösen",2,"HUN"
7732,"tobol",2,"HUN"
7733,"toborozni",2,"HUN"
7734,"tojás",2,"HUN"
7735,"töltési",2,"HUN"
7736,"töltik",2,"HUN"
7737,"töltőállomás",2,"HUN"
7738,"töltöttek",2,"HUN"
7739,"tom",2,"HUN"
7740,"tömegből",2,"HUN"
7741,"tömeges",2,"HUN"
7742,"toplista",2,"HUN"
7743,"tör",2,"HUN"
7744,"tordai",2,"HUN"
7745,"töretlenül",2,"HUN"
7746,"torlódás",2,"HUN"
7747,"tornán",2,"HUN"
7748,"törnek",2,"HUN"
7749,"törökországi",2,"HUN"
7750,"történelem",2,"HUN"
7751,"történetében",2,"HUN"
7752,"törvények",2,"HUN"
7753,"totális",2,"HUN"
7754,"továbbiakban",2,"HUN"
7755,"továbbjutott",2,"HUN"
7756,"tőzsdéken",2,"HUN"
7757,"trendek",2,"HUN"
7758,"trianoni",2,"HUN"
7759,"trikót",2,"HUN"
7760,"tucat",2,"HUN"
7761,"tudás",2,"HUN"
7762,"tudásra",2,"HUN"
7763,"tudatos",2,"HUN"
7764,"tudatosság",2,"HUN"
7765,"tudhatnak",2,"HUN"
7766,"tudjanak",2,"HUN"
7767,"tudna",2,"HUN"
7768,"tudós",2,"HUN"
7769,"tudósítója",2,"HUN"
7770,"tudósok",2,"HUN"
7771,"tudtunk",2,"HUN"
7772,"tükrében",2,"HUN"
7773,"tulajdonítottak",2,"HUN"
7774,"tulajdonló",2,"HUN"
7775,"tulajdonosai",2,"HUN"
7776,"tulajdonú",2,"HUN"
7777,"túllépni",2,"HUN"
7778,"túlmenően",2,"HUN"
7779,"túlságosan",2,"HUN"
7780,"tündék",2,"HUN"
7781,"tündének",2,"HUN"
7782,"tünetek",2,"HUN"
7783,"tünetekkel",2,"HUN"
7784,"tunéziai",2,"HUN"
7785,"türelmesen",2,"HUN"
7786,"turistát",2,"HUN"
7787,"tusup",2,"HUN"
7788,"tűzoltói",2,"HUN"
7789,"tűzoltókat",2,"HUN"
7790,"tűzoltóság",2,"HUN"
7791,"tűzszerész",2,"HUN"
7792,"u",2,"HUN"
7793,"u19",2,"HUN"
7794,"udvarára",2,"HUN"
7795,"udvaron",2,"HUN"
7796,"üdvözölte",2,"HUN"
7797,"üggyel",2,"HUN"
7798,"ugrottak",2,"HUN"
7799,"ugyanabban",2,"HUN"
7800,"ugyanazon",2,"HUN"
7801,"ugyanolyan",2,"HUN"
7802,"ügyészségi",2,"HUN"
7803,"ügyfelei",2,"HUN"
7804,"ügyfelek",2,"HUN"
7805,"ügyletei",2,"HUN"
7806,"ügyleti",2,"HUN"
7807,"ügyvédje",2,"HUN"
7808,"ügyvezető",2,"HUN"
7809,"újfehértó",2,"HUN"
7810,"újfent",2,"HUN"
7811,"újraépíteni",2,"HUN"
7812,"újságírók",2,"HUN"
7813,"újságírókat",2,"HUN"
7814,"újságíróknak",2,"HUN"
7815,"újszülött",2,"HUN"
7816,"újult",2,"HUN"
7817,"ukrajinszka",2,"HUN"
7818,"ukránoknak",2,"HUN"
7819,"ül",2,"HUN"
7820,"ülésen",2,"HUN"
7821,"ülnie",2,"HUN"
7822,"ültettek",2,"HUN"
7823,"ultimate",2,"HUN"
7824,"ultrahang",2,"HUN"
7825,"ültünk",2,"HUN"
7826,"ún",2,"HUN"
7827,"uncharted",2,"HUN"
7828,"union",2,"HUN"
7829,"unitárius",2,"HUN"
7830,"univerzum",2,"HUN"
7831,"ünnepekre",2,"HUN"
7832,"ünnepélyes",2,"HUN"
7833,"unokázós",2,"HUN"
7834,"uralkodóhoz",2,"HUN"
7835,"uránt",2,"HUN"
7836,"üres",2,"HUN"
7837,"úszóedző",2,"HUN"
7838,"uta",2,"HUN"
7839,"utakon",2,"HUN"
7840,"utalnak",2,"HUN"
7841,"utaló",2,"HUN"
7842,"utasszállító",2,"HUN"
7843,"utazni",2,"HUN"
7844,"utazó",2,"HUN"
7845,"utcára",2,"HUN"
7846,"ütemben",2,"HUN"
7847,"útja",2,"HUN"
7848,"útjára",2,"HUN"
7849,"útját",2,"HUN"
7850,"utóbb",2,"HUN"
7851,"utóbbit",2,"HUN"
7852,"utoljára",2,"HUN"
7853,"ütött",2,"HUN"
7854,"ütötte",2,"HUN"
7855,"útvonalon",2,"HUN"
7856,"útzár",2,"HUN"
7857,"uv",2,"HUN"
7858,"üzemanyagárak",2,"HUN"
7859,"üzenetek",2,"HUN"
7860,"üzletét",2,"HUN"
7861,"uzoni",2,"HUN"
7862,"v",2,"HUN"
7863,"v4na",2,"HUN"
7864,"vád",2,"HUN"
7865,"vádlottak",2,"HUN"
7866,"vádolják",2,"HUN"
7867,"vágott",2,"HUN"
7868,"vágyók",2,"HUN"
7869,"vagyoni",2,"HUN"
7870,"vágyott",2,"HUN"
7871,"vajdasági",2,"HUN"
7872,"vakcinák",2,"HUN"
7873,"valahova",2,"HUN"
7874,"valamelyik",2,"HUN"
7875,"valamennyi",2,"HUN"
7876,"válás",2,"HUN"
7877,"válása",2,"HUN"
7878,"válaszolni",2,"HUN"
7879,"válaszolók",2,"HUN"
7880,"válaszolt",2,"HUN"
7881,"választása",2,"HUN"
7882,"választásokat",2,"HUN"
7883,"választásokon",2,"HUN"
7884,"választást",2,"HUN"
7885,"választók",2,"HUN"
7886,"választópolgárok",2,"HUN"
7887,"választott",2,"HUN"
7888,"választottak",2,"HUN"
7889,"választották",2,"HUN"
7890,"választottja",2,"HUN"
7891,"váljanak",2,"HUN"
7892,"vállalatnak",2,"HUN"
7893,"vállalatoknak",2,"HUN"
7894,"vállalja",2,"HUN"
7895,"vállalkozik",2,"HUN"
7896,"vállalkozott",2,"HUN"
7897,"vállalná",2,"HUN"
7898,"vallja",2,"HUN"
7899,"vallomása",2,"HUN"
7900,"váltó",2,"HUN"
7901,"váltotta",2,"HUN"
7902,"változása",2,"HUN"
7903,"változata",2,"HUN"
7904,"változatban",2,"HUN"
7905,"változatlan",2,"HUN"
7906,"változik",2,"HUN"
7907,"valuta",2,"HUN"
7908,"várakozás",2,"HUN"
7909,"várandós",2,"HUN"
7910,"váratlan",2,"HUN"
7911,"variáns",2,"HUN"
7912,"vármegyére",2,"HUN"
7913,"városa",2,"HUN"
7914,"városának",2,"HUN"
7915,"városháza",2,"HUN"
7916,"városnak",2,"HUN"
7917,"városokat",2,"HUN"
7918,"városon",2,"HUN"
7919,"városunk",2,"HUN"
7920,"városvezetés",2,"HUN"
7921,"varroa",2,"HUN"
7922,"varsó",2,"HUN"
7923,"várták",2,"HUN"
7924,"vásárlóerejét",2,"HUN"
7925,"vásárlók",2,"HUN"
7926,"vasárnapra",2,"HUN"
7927,"vásárolhatják",2,"HUN"
7928,"vasas",2,"HUN"
7929,"vasúttársaság",2,"HUN"
7930,"védelem",2,"HUN"
7931,"védelméről",2,"HUN"
7932,"védi",2,"HUN"
7933,"védő",2,"HUN"
7934,"védőoltások",2,"HUN"
7935,"végeredményt",2,"HUN"
7936,"végignézte",2,"HUN"
7937,"végrehajtói",2,"HUN"
7938,"végtagok",2,"HUN"
7939,"vegye",2,"HUN"
7940,"vegyenek",2,"HUN"
7941,"vegyesen",2,"HUN"
7942,"végzettséget",2,"HUN"
7943,"végző",2,"HUN"
7944,"vehetnek",2,"HUN"
7945,"veke",2,"HUN"
7946,"vélemény",2,"HUN"
7947,"véletlen",2,"HUN"
7948,"vélhetően",2,"HUN"
7949,"vendég",2,"HUN"
7950,"vendégéjszakát",2,"HUN"
7951,"vendéglátók",2,"HUN"
7952,"ventures",2,"HUN"
7953,"vera",2,"HUN"
7954,"vereséggel",2,"HUN"
7955,"verseit",2,"HUN"
7956,"verseket",2,"HUN"
7957,"versenyhivatal",2,"HUN"
7958,"versenypiaci",2,"HUN"
7959,"versenyre",2,"HUN"
7960,"verték",2,"HUN"
7961,"vesszük",2,"HUN"
7962,"veszélyes",2,"HUN"
7963,"veszélyeztetett",2,"HUN"
7964,"veszélyeztetné",2,"HUN"
7965,"veszettség",2,"HUN"
7966,"veszített",2,"HUN"
7967,"veszprémi",2,"HUN"
7968,"vesztesége",2,"HUN"
7969,"vetett",2,"HUN"
7970,"vetítik",2,"HUN"
7971,"vevők",2,"HUN"
7972,"vezeték",2,"HUN"
7973,"vezetékes",2,"HUN"
7974,"vezetését",2,"HUN"
7975,"vezethetnek",2,"HUN"
7976,"vezetőinek",2,"HUN"
7977,"vezetőjének",2,"HUN"
7978,"viadalon",2,"HUN"
7979,"vicces",2,"HUN"
7980,"vidék",2,"HUN"
7981,"vidékfejlesztési",2,"HUN"
7982,"videón",2,"HUN"
7983,"vigyázzunk",2,"HUN"
7984,"világba",2,"HUN"
7985,"világbajnok",2,"HUN"
7986,"világbajnokságot",2,"HUN"
7987,"világot",2,"HUN"
7988,"villámgyorsan",2,"HUN"
7989,"villamos",2,"HUN"
7990,"villamost",2,"HUN"
7991,"viselő",2,"HUN"
7992,"viselt",2,"HUN"
7993,"visszafogottabb",2,"HUN"
7994,"visszatértek",2,"HUN"
7995,"viszi",2,"HUN"
7996,"viszik",2,"HUN"
7997,"vita",2,"HUN"
7998,"vitt",2,"HUN"
7999,"vívó",2,"HUN"
8000,"vívódásának",2,"HUN"
8001,"vízben",2,"HUN"
8002,"vízelvezető",2,"HUN"
8003,"vízhiány",2,"HUN"
8004,"vízpótlására",2,"HUN"
8005,"vizsgálatra",2,"HUN"
8006,"vizsgálni",2,"HUN"
8007,"vízzel",2,"HUN"
8008,"voksoláson",2,"HUN"
8009,"volodimir",2,"HUN"
8010,"voltam",2,"HUN"
8011,"volumene",2,"HUN"
8012,"von",2,"HUN"
8013,"vonat",2,"HUN"
8014,"vonatkozásában",2,"HUN"
8015,"vonaton",2,"HUN"
8016,"vonja",2,"HUN"
8017,"vonta",2,"HUN"
8018,"vonták",2,"HUN"
8019,"vpn",2,"HUN"
8020,"vr",2,"HUN"
8021,"war",2,"HUN"
8022,"warhammer",2,"HUN"
8023,"washington",2,"HUN"
8024,"watt",2,"HUN"
8025,"web",2,"HUN"
8026,"webb",2,"HUN"
8027,"weben",2,"HUN"
8028,"williams",2,"HUN"
8029,"workshopot",2,"HUN"
8030,"yorkban",2,"HUN"
8031,"z",2,"HUN"
8032,"zalaegerszegi",2,"HUN"
8033,"záporeső",2,"HUN"
8034,"zaporizzsja",2,"HUN"
8035,"zárásaként",2,"HUN"
8036,"zárni",2,"HUN"
8037,"zártak",2,"HUN"
8038,"zárták",2,"HUN"
8039,"zárva",2,"HUN"
8040,"zászlóalj",2,"HUN"
8041,"zavarok",2,"HUN"
8042,"zavartalan",2,"HUN"
8043,"zebra",2,"HUN"
8044,"zloty",2,"HUN"
8045,"zöldterület",2,"HUN"
8046,"zoltánnak",2,"HUN"
8047,"zongorista",2,"HUN"
8048,"zsarolóvírus",2,"HUN"
8049,"zsófi",2,"HUN"
8050,"zsonglőr",2,"HUN"
8051,"zsugorodott",2,"HUN"
8052,"zuglói",2,"HUN"
8053,"zyxel",2,"HUN"
