"wordID","word","frequency","language"
1,"die",2452,"DEU"
2,"der",2410,"DEU"
3,"und",1534,"DEU"
4,"in",1410,"DEU"
5,"auch",899,"DEU"
6,"auf",886,"DEU"
7,"den",880,"DEU"
8,"das",839,"DEU"
9,"am",747,"DEU"
10,"mit",694,"DEU"
11,"zu",689,"DEU"
12,"von",681,"DEU"
13,"für",601,"DEU"
14,"bei",600,"DEU"
15,"im",595,"DEU"
16,"es",594,"DEU"
17,"sich",580,"DEU"
18,"ein",557,"DEU"
19,"ist",520,"DEU"
20,"dem",512,"DEU"
21,"als",506,"DEU"
22,"eine",490,"DEU"
23,"aber",484,"DEU"
24,"nicht",473,"DEU"
25,"an",455,"DEU"
26,"des",438,"DEU"
27,"er",365,"DEU"
28,"sie",356,"DEU"
29,"aus",337,"DEU"
30,"werden",328,"DEU"
31,"dass",320,"DEU"
32,"um",286,"DEU"
33,"hat",282,"DEU"
34,"noch",276,"DEU"
35,"wird",268,"DEU"
36,"nach",262,"DEU"
37,"sind",259,"DEU"
38,"einem",253,"DEU"
39,"einer",250,"DEU"
40,"einen",227,"DEU"
41,"vor",227,"DEU"
42,"wie",220,"DEU"
43,"bis",217,"DEU"
44,"zum",217,"DEU"
45,"man",213,"DEU"
46,"war",206,"DEU"
47,"nur",205,"DEU"
48,"haben",191,"DEU"
49,"da",185,"DEU"
50,"ich",185,"DEU"
51,"dann",182,"DEU"
52,"damit",181,"DEU"
53,"so",176,"DEU"
54,"dabei",175,"DEU"
55,"wir",174,"DEU"
56,"corona",173,"DEU"
57,"wurde",173,"DEU"
58,"über",170,"DEU"
59,"oder",166,"DEU"
60,"mehr",159,"DEU"
61,"sein",149,"DEU"
62,"gegen",142,"DEU"
63,"zur",142,"DEU"
64,"beim",137,"DEU"
65,"bereits",129,"DEU"
66,"wenn",128,"DEU"
67,"wieder",126,"DEU"
68,"ab",125,"DEU"
69,"hatte",125,"DEU"
70,"alle",123,"DEU"
71,"sei",120,"DEU"
72,"habe",115,"DEU"
73,"durch",113,"DEU"
74,"allerdings",111,"DEU"
75,"können",110,"DEU"
76,"prozent",108,"DEU"
77,"gibt",106,"DEU"
78,"kann",106,"DEU"
79,"dafür",102,"DEU"
80,"seine",101,"DEU"
81,"unter",101,"DEU"
82,"euro",97,"DEU"
83,"wurden",93,"DEU"
84,"menschen",91,"DEU"
85,"ihre",90,"DEU"
86,"schon",90,"DEU"
87,"soll",90,"DEU"
88,"geht",88,"DEU"
89,"muss",88,"DEU"
90,"keine",87,"DEU"
91,"außerdem",84,"DEU"
92,"waren",84,"DEU"
93,"zwei",84,"DEU"
94,"1",83,"DEU"
95,"berlin",83,"DEU"
96,"immer",83,"DEU"
97,"vom",83,"DEU"
98,"ende",81,"DEU"
99,"diese",80,"DEU"
100,"sehr",77,"DEU"
101,"was",77,"DEU"
102,"dieser",76,"DEU"
103,"nun",73,"DEU"
104,"uhr",73,"DEU"
105,"worden",72,"DEU"
106,"alles",70,"DEU"
107,"andere",70,"DEU"
108,"jetzt",69,"DEU"
109,"anderen",68,"DEU"
110,"2",66,"DEU"
111,"diesem",66,"DEU"
112,"rund",66,"DEU"
113,"drei",65,"DEU"
114,"ersten",65,"DEU"
115,"jahr",65,"DEU"
116,"eines",63,"DEU"
117,"besonders",62,"DEU"
118,"gut",62,"DEU"
119,"hier",62,"DEU"
120,"seit",62,"DEU"
121,"müssen",61,"DEU"
122,"will",61,"DEU"
123,"zeit",61,"DEU"
124,"ihrer",60,"DEU"
125,"montag",60,"DEU"
126,"sagte",60,"DEU"
127,"seiner",60,"DEU"
128,"steht",60,"DEU"
129,"coronavirus",59,"DEU"
130,"uns",58,"DEU"
131,"3",57,"DEU"
132,"ihr",57,"DEU"
133,"neue",57,"DEU"
134,"sollen",56,"DEU"
135,"000",55,"DEU"
136,"deutschland",55,"DEU"
137,"ohne",55,"DEU"
138,"etwa",54,"DEU"
139,"hatten",54,"DEU"
140,"ihren",54,"DEU"
141,"neuen",53,"DEU"
142,"sowie",53,"DEU"
143,"polizei",52,"DEU"
144,"jahre",51,"DEU"
145,"pandemie",51,"DEU"
146,"sonntag",51,"DEU"
147,"weiter",51,"DEU"
148,"also",50,"DEU"
149,"dienstag",50,"DEU"
150,"weitere",50,"DEU"
151,"donnerstag",49,"DEU"
152,"jahren",49,"DEU"
153,"mal",49,"DEU"
154,"ob",49,"DEU"
155,"seien",49,"DEU"
156,"selbst",49,"DEU"
157,"stadt",49,"DEU"
158,"wegen",49,"DEU"
159,"20",48,"DEU"
160,"2020",48,"DEU"
161,"eu",48,"DEU"
162,"sagt",48,"DEU"
163,"bislang",47,"DEU"
164,"ihn",47,"DEU"
165,"seinem",47,"DEU"
166,"viel",47,"DEU"
167,"viele",47,"DEU"
168,"30",46,"DEU"
169,"leben",46,"DEU"
170,"samstag",46,"DEU"
171,"ins",45,"DEU"
172,"kam",45,"DEU"
173,"darüber",44,"DEU"
174,"etwas",44,"DEU"
175,"gab",44,"DEU"
176,"zwischen",44,"DEU"
177,"aktuell",43,"DEU"
178,"allem",43,"DEU"
179,"cdu",43,"DEU"
180,"krise",43,"DEU"
181,"aufgrund",42,"DEU"
182,"beide",42,"DEU"
183,"danach",42,"DEU"
184,"doch",42,"DEU"
185,"freitag",42,"DEU"
186,"nichts",42,"DEU"
187,"ganz",41,"DEU"
188,"jedoch",41,"DEU"
189,"stehen",41,"DEU"
190,"derzeit",40,"DEU"
191,"könnte",40,"DEU"
192,"us",40,"DEU"
193,"4",39,"DEU"
194,"beiden",39,"DEU"
195,"dpa",39,"DEU"
196,"kein",39,"DEU"
197,"werde",39,"DEU"
198,"15",38,"DEU"
199,"daher",38,"DEU"
200,"frage",38,"DEU"
201,"kommt",38,"DEU"
202,"laut",38,"DEU"
203,"mittwoch",38,"DEU"
204,"sollte",38,"DEU"
205,"vergangenen",38,"DEU"
206,"5",37,"DEU"
207,"anfang",37,"DEU"
208,"angesichts",37,"DEU"
209,"bayern",37,"DEU"
210,"machen",37,"DEU"
211,"0",36,"DEU"
212,"19",36,"DEU"
213,"allein",36,"DEU"
214,"bisher",36,"DEU"
215,"deutschen",36,"DEU"
216,"kommen",36,"DEU"
217,"damals",35,"DEU"
218,"davon",35,"DEU"
219,"dort",35,"DEU"
220,"mann",35,"DEU"
221,"mich",35,"DEU"
222,"möglich",35,"DEU"
223,"weg",35,"DEU"
224,"dieses",34,"DEU"
225,"frau",34,"DEU"
226,"heute",34,"DEU"
227,"lassen",34,"DEU"
228,"lässt",34,"DEU"
229,"seinen",34,"DEU"
230,"seite",34,"DEU"
231,"ihm",33,"DEU"
232,"ja",33,"DEU"
233,"keinen",33,"DEU"
234,"konnte",33,"DEU"
235,"personen",33,"DEU"
236,"teil",33,"DEU"
237,"dazu",32,"DEU"
238,"deutlich",32,"DEU"
239,"diesen",32,"DEU"
240,"erst",32,"DEU"
241,"fast",32,"DEU"
242,"mai",32,"DEU"
243,"märz",32,"DEU"
244,"unternehmen",32,"DEU"
245,"wo",32,"DEU"
246,"zehn",32,"DEU"
247,"17",31,"DEU"
248,"18",31,"DEU"
249,"25",31,"DEU"
250,"bleiben",31,"DEU"
251,"darauf",31,"DEU"
252,"einige",31,"DEU"
253,"einmal",31,"DEU"
254,"große",31,"DEU"
255,"hinaus",31,"DEU"
256,"könnten",31,"DEU"
257,"sogar",31,"DEU"
258,"während",31,"DEU"
259,"weil",31,"DEU"
260,"anders",30,"DEU"
261,"ging",30,"DEU"
262,"großen",30,"DEU"
263,"jahres",30,"DEU"
264,"s",30,"DEU"
265,"welt",30,"DEU"
266,"wochenende",30,"DEU"
267,"würden",30,"DEU"
268,"14",29,"DEU"
269,"allen",29,"DEU"
270,"april",29,"DEU"
271,"erste",29,"DEU"
272,"gehen",29,"DEU"
273,"gewesen",29,"DEU"
274,"hätte",29,"DEU"
275,"jährige",29,"DEU"
276,"stand",29,"DEU"
277,"straße",29,"DEU"
278,"usa",29,"DEU"
279,"vier",29,"DEU"
280,"wäre",29,"DEU"
281,"11",28,"DEU"
282,"beispiel",28,"DEU"
283,"covid",28,"DEU"
284,"erklärt",28,"DEU"
285,"mir",28,"DEU"
286,"platz",28,"DEU"
287,"spielen",28,"DEU"
288,"tagen",28,"DEU"
289,"weiterhin",28,"DEU"
290,"wollen",28,"DEU"
291,"16",27,"DEU"
292,"biden",27,"DEU"
293,"china",27,"DEU"
294,"dadurch",27,"DEU"
295,"darf",27,"DEU"
296,"denen",27,"DEU"
297,"fünf",27,"DEU"
298,"hätten",27,"DEU"
299,"ihrem",27,"DEU"
300,"insgesamt",27,"DEU"
301,"kommenden",27,"DEU"
302,"millionen",27,"DEU"
303,"sehen",27,"DEU"
304,"sieht",27,"DEU"
305,"trotz",27,"DEU"
306,"wochen",27,"DEU"
307,"zweiten",27,"DEU"
308,"10",26,"DEU"
309,"8",26,"DEU"
310,"aktuellen",26,"DEU"
311,"daran",26,"DEU"
312,"denn",26,"DEU"
313,"lange",26,"DEU"
314,"musste",26,"DEU"
315,"nächsten",26,"DEU"
316,"sondern",26,"DEU"
317,"spiel",26,"DEU"
318,"tag",26,"DEU"
319,"thema",26,"DEU"
320,"trainer",26,"DEU"
321,"vielen",26,"DEU"
322,"woche",26,"DEU"
323,"2021",25,"DEU"
324,"6",25,"DEU"
325,"acht",25,"DEU"
326,"august",25,"DEU"
327,"bekannt",25,"DEU"
328,"deshalb",25,"DEU"
329,"deutsche",25,"DEU"
330,"februar",25,"DEU"
331,"gilt",25,"DEU"
332,"ihnen",25,"DEU"
333,"kinder",25,"DEU"
334,"klar",25,"DEU"
335,"letzten",25,"DEU"
336,"online",25,"DEU"
337,"rolle",25,"DEU"
338,"saison",25,"DEU"
339,"sollten",25,"DEU"
340,"zahl",25,"DEU"
341,"anderem",24,"DEU"
342,"arbeiten",24,"DEU"
343,"gegenüber",24,"DEU"
344,"geld",24,"DEU"
345,"macht",24,"DEU"
346,"oktober",24,"DEU"
347,"stark",24,"DEU"
348,"team",24,"DEU"
349,"würde",24,"DEU"
350,"2019",23,"DEU"
351,"7",23,"DEU"
352,"besser",23,"DEU"
353,"bevor",23,"DEU"
354,"ebenfalls",23,"DEU"
355,"entwicklung",23,"DEU"
356,"fall",23,"DEU"
357,"geben",23,"DEU"
358,"grund",23,"DEU"
359,"januar",23,"DEU"
360,"konnten",23,"DEU"
361,"münchen",23,"DEU"
362,"trump",23,"DEU"
363,"wohl",23,"DEU"
364,"zurück",23,"DEU"
365,"24",22,"DEU"
366,"dürfte",22,"DEU"
367,"eher",22,"DEU"
368,"fc",22,"DEU"
369,"frauen",22,"DEU"
370,"halten",22,"DEU"
371,"juli",22,"DEU"
372,"juni",22,"DEU"
373,"kunden",22,"DEU"
374,"kurz",22,"DEU"
375,"spd",22,"DEU"
376,"tage",22,"DEU"
377,"weiteren",22,"DEU"
378,"zunächst",22,"DEU"
379,"13",21,"DEU"
380,"22",21,"DEU"
381,"ähnlich",21,"DEU"
382,"bleibt",21,"DEU"
383,"blick",21,"DEU"
384,"dezember",21,"DEU"
385,"finden",21,"DEU"
386,"fußball",21,"DEU"
387,"gegeben",21,"DEU"
388,"gemeinsam",21,"DEU"
389,"liegt",21,"DEU"
390,"maßnahmen",21,"DEU"
391,"nehmen",21,"DEU"
392,"präsident",21,"DEU"
393,"pro",21,"DEU"
394,"regierung",21,"DEU"
395,"12",20,"DEU"
396,"afx",20,"DEU"
397,"auto",20,"DEU"
398,"betroffen",20,"DEU"
399,"dank",20,"DEU"
400,"darin",20,"DEU"
401,"dies",20,"DEU"
402,"dürfen",20,"DEU"
403,"je",20,"DEU"
404,"jeder",20,"DEU"
405,"kleine",20,"DEU"
406,"november",20,"DEU"
407,"schnell",20,"DEU"
408,"statt",20,"DEU"
409,"stellen",20,"DEU"
410,"virus",20,"DEU"
411,"wenig",20,"DEU"
412,"weniger",20,"DEU"
413,"wollte",20,"DEU"
414,"zahlen",20,"DEU"
415,"zudem",20,"DEU"
416,"100",19,"DEU"
417,"21",19,"DEU"
418,"50",19,"DEU"
419,"bereich",19,"DEU"
420,"berliner",19,"DEU"
421,"dagegen",19,"DEU"
422,"dollar",19,"DEU"
423,"einfach",19,"DEU"
424,"folgen",19,"DEU"
425,"gemacht",19,"DEU"
426,"gerade",19,"DEU"
427,"haus",19,"DEU"
428,"hause",19,"DEU"
429,"heißt",19,"DEU"
430,"lage",19,"DEU"
431,"länder",19,"DEU"
432,"mehrere",19,"DEU"
433,"mussten",19,"DEU"
434,"patienten",19,"DEU"
435,"september",19,"DEU"
436,"sofort",19,"DEU"
437,"sorgen",19,"DEU"
438,"wichtig",19,"DEU"
439,"wirklich",19,"DEU"
440,"zeigt",19,"DEU"
441,"aktie",18,"DEU"
442,"ansonsten",18,"DEU"
443,"berichtet",18,"DEU"
444,"bild",18,"DEU"
445,"christian",18,"DEU"
446,"du",18,"DEU"
447,"einsatz",18,"DEU"
448,"entscheidung",18,"DEU"
449,"erhalten",18,"DEU"
450,"europa",18,"DEU"
451,"familie",18,"DEU"
452,"hilfe",18,"DEU"
453,"jährigen",18,"DEU"
454,"kleinen",18,"DEU"
455,"land",18,"DEU"
456,"lockdown",18,"DEU"
457,"österreich",18,"DEU"
458,"schwer",18,"DEU"
459,"stelle",18,"DEU"
460,"teilte",18,"DEU"
461,"tun",18,"DEU"
462,"wert",18,"DEU"
463,"zusammen",18,"DEU"
464,"23",17,"DEU"
465,"angebot",17,"DEU"
466,"anschließend",17,"DEU"
467,"bad",17,"DEU"
468,"behörden",17,"DEU"
469,"bekommen",17,"DEU"
470,"darum",17,"DEU"
471,"de",17,"DEU"
472,"e",17,"DEU"
473,"endlich",17,"DEU"
474,"erneut",17,"DEU"
475,"europäischen",17,"DEU"
476,"findet",17,"DEU"
477,"helfen",17,"DEU"
478,"männer",17,"DEU"
479,"mitarbeiter",17,"DEU"
480,"richtung",17,"DEU"
481,"sechs",17,"DEU"
482,"setzt",17,"DEU"
483,"situation",17,"DEU"
484,"staaten",17,"DEU"
485,"verfügung",17,"DEU"
486,"weiß",17,"DEU"
487,"wien",17,"DEU"
488,"zukunft",17,"DEU"
489,"26",16,"DEU"
490,"45",16,"DEU"
491,"ärzte",16,"DEU"
492,"bald",16,"DEU"
493,"beamten",16,"DEU"
494,"bilder",16,"DEU"
495,"brüssel",16,"DEU"
496,"bund",16,"DEU"
497,"bürger",16,"DEU"
498,"bürgermeister",16,"DEU"
499,"eigenen",16,"DEU"
500,"erklärte",16,"DEU"
501,"fest",16,"DEU"
502,"gar",16,"DEU"
503,"gekommen",16,"DEU"
504,"läuft",16,"DEU"
505,"merkel",16,"DEU"
506,"michael",16,"DEU"
507,"milliarden",16,"DEU"
508,"mindestens",16,"DEU"
509,"mitte",16,"DEU"
510,"möglichkeit",16,"DEU"
511,"nacht",16,"DEU"
512,"öffentlichen",16,"DEU"
513,"opfer",16,"DEU"
514,"positiv",16,"DEU"
515,"reisen",16,"DEU"
516,"stunden",16,"DEU"
517,"test",16,"DEU"
518,"tragen",16,"DEU"
519,"unsere",16,"DEU"
520,"weit",16,"DEU"
521,"welche",16,"DEU"
522,"zeigen",16,"DEU"
523,"zuvor",16,"DEU"
524,"zwar",16,"DEU"
525,"40",15,"DEU"
526,"9",15,"DEU"
527,"abend",15,"DEU"
528,"alte",15,"DEU"
529,"angaben",15,"DEU"
530,"bundesliga",15,"DEU"
531,"bundesregierung",15,"DEU"
532,"darunter",15,"DEU"
533,"deren",15,"DEU"
534,"dritten",15,"DEU"
535,"genau",15,"DEU"
536,"genommen",15,"DEU"
537,"gute",15,"DEU"
538,"hand",15,"DEU"
539,"hieß",15,"DEU"
540,"hinter",15,"DEU"
541,"kamen",15,"DEU"
542,"kaum",15,"DEU"
543,"kind",15,"DEU"
544,"könne",15,"DEU"
545,"kraft",15,"DEU"
546,"natürlich",15,"DEU"
547,"neben",15,"DEU"
548,"nie",15,"DEU"
549,"nimmt",15,"DEU"
550,"offenbar",15,"DEU"
551,"oft",15,"DEU"
552,"ort",15,"DEU"
553,"politik",15,"DEU"
554,"recht",15,"DEU"
555,"region",15,"DEU"
556,"spieler",15,"DEU"
557,"st",15,"DEU"
558,"stattfinden",15,"DEU"
559,"studie",15,"DEU"
560,"verein",15,"DEU"
561,"vergleich",15,"DEU"
562,"verloren",15,"DEU"
563,"video",15,"DEU"
564,"vorerst",15,"DEU"
565,"wasser",15,"DEU"
566,"00",14,"DEU"
567,"all",14,"DEU"
568,"angst",14,"DEU"
569,"app",14,"DEU"
570,"apple",14,"DEU"
571,"arbeit",14,"DEU"
572,"baden",14,"DEU"
573,"besondere",14,"DEU"
574,"besten",14,"DEU"
575,"betrieb",14,"DEU"
576,"daraus",14,"DEU"
577,"dessen",14,"DEU"
578,"entstand",14,"DEU"
579,"fahrer",14,"DEU"
580,"fälle",14,"DEU"
581,"infektionen",14,"DEU"
582,"internet",14,"DEU"
583,"kopf",14,"DEU"
584,"ländern",14,"DEU"
585,"letzte",14,"DEU"
586,"medien",14,"DEU"
587,"monaten",14,"DEU"
588,"morgen",14,"DEU"
589,"müsse",14,"DEU"
590,"nächste",14,"DEU"
591,"präsidenten",14,"DEU"
592,"quarantäne",14,"DEU"
593,"regeln",14,"DEU"
594,"sagen",14,"DEU"
595,"sicht",14,"DEU"
596,"sprecher",14,"DEU"
597,"tor",14,"DEU"
598,"treffen",14,"DEU"
599,"unterstützung",14,"DEU"
600,"vater",14,"DEU"
601,"verlassen",14,"DEU"
602,"zufolge",14,"DEU"
603,"zuletzt",14,"DEU"
604,"60",13,"DEU"
605,"alexander",13,"DEU"
606,"alten",13,"DEU"
607,"angela",13,"DEU"
608,"bank",13,"DEU"
609,"beginn",13,"DEU"
610,"besucher",13,"DEU"
611,"blieb",13,"DEU"
612,"chef",13,"DEU"
613,"dortmund",13,"DEU"
614,"eigentlich",13,"DEU"
615,"eltern",13,"DEU"
616,"erreichen",13,"DEU"
617,"erstmals",13,"DEU"
618,"fiel",13,"DEU"
619,"gebe",13,"DEU"
620,"geplant",13,"DEU"
621,"geschlossen",13,"DEU"
622,"jungen",13,"DEU"
623,"kontrolle",13,"DEU"
624,"kosten",13,"DEU"
625,"kritik",13,"DEU"
626,"kritisiert",13,"DEU"
627,"liga",13,"DEU"
628,"mannschaft",13,"DEU"
629,"meine",13,"DEU"
630,"partei",13,"DEU"
631,"partie",13,"DEU"
632,"pause",13,"DEU"
633,"per",13,"DEU"
634,"punkte",13,"DEU"
635,"schule",13,"DEU"
636,"schweizer",13,"DEU"
637,"sicher",13,"DEU"
638,"sport",13,"DEU"
639,"stellt",13,"DEU"
640,"straßen",13,"DEU"
641,"täter",13,"DEU"
642,"wahl",13,"DEU"
643,"29",12,"DEU"
644,"31",12,"DEU"
645,"70",12,"DEU"
646,"a",12,"DEU"
647,"abstand",12,"DEU"
648,"afd",12,"DEU"
649,"aktiv",12,"DEU"
650,"aller",12,"DEU"
651,"art",12,"DEU"
652,"auswirkungen",12,"DEU"
653,"autos",12,"DEU"
654,"betroffenen",12,"DEU"
655,"bisschen",12,"DEU"
656,"daniel",12,"DEU"
657,"eigene",12,"DEU"
658,"ergebnisse",12,"DEU"
659,"ernst",12,"DEU"
660,"fans",12,"DEU"
661,"fragen",12,"DEU"
662,"gebiet",12,"DEU"
663,"gebracht",12,"DEU"
664,"gemeldet",12,"DEU"
665,"geplante",12,"DEU"
666,"geschichte",12,"DEU"
667,"getestet",12,"DEU"
668,"geworden",12,"DEU"
669,"gruppe",12,"DEU"
670,"hält",12,"DEU"
671,"handelt",12,"DEU"
672,"hoch",12,"DEU"
673,"kampf",12,"DEU"
674,"kreis",12,"DEU"
675,"lediglich",12,"DEU"
676,"leute",12,"DEU"
677,"licht",12,"DEU"
678,"lief",12,"DEU"
679,"masken",12,"DEU"
680,"meisten",12,"DEU"
681,"meter",12,"DEU"
682,"minuten",12,"DEU"
683,"mittlerweile",12,"DEU"
684,"neu",12,"DEU"
685,"neuinfektionen",12,"DEU"
686,"neun",12,"DEU"
687,"öffnen",12,"DEU"
688,"paar",12,"DEU"
689,"problem",12,"DEU"
690,"probleme",12,"DEU"
691,"russland",12,"DEU"
692,"schaden",12,"DEU"
693,"seiten",12,"DEU"
694,"sieben",12,"DEU"
695,"sieg",12,"DEU"
696,"solche",12,"DEU"
697,"sommer",12,"DEU"
698,"twitter",12,"DEU"
699,"unterstützen",12,"DEU"
700,"vielleicht",12,"DEU"
701,"vortag",12,"DEU"
702,"wirtschaft",12,"DEU"
703,"ziel",12,"DEU"
704,"2018",11,"DEU"
705,"28",11,"DEU"
706,"aktien",11,"DEU"
707,"aktuelle",11,"DEU"
708,"alter",11,"DEU"
709,"augen",11,"DEU"
710,"bayer",11,"DEU"
711,"befinden",11,"DEU"
712,"beispielsweise",11,"DEU"
713,"bereit",11,"DEU"
714,"bevölkerung",11,"DEU"
715,"bin",11,"DEU"
716,"bitte",11,"DEU"
717,"bühne",11,"DEU"
718,"chance",11,"DEU"
719,"co",11,"DEU"
720,"erster",11,"DEU"
721,"erwartet",11,"DEU"
722,"fallen",11,"DEU"
723,"foto",11,"DEU"
724,"gefunden",11,"DEU"
725,"gelten",11,"DEU"
726,"gerne",11,"DEU"
727,"gleich",11,"DEU"
728,"guten",11,"DEU"
729,"hälfte",11,"DEU"
730,"hamburg",11,"DEU"
731,"höhe",11,"DEU"
732,"informationen",11,"DEU"
733,"jähriger",11,"DEU"
734,"jeweils",11,"DEU"
735,"knapp",11,"DEU"
736,"kollegen",11,"DEU"
737,"krankenhaus",11,"DEU"
738,"lang",11,"DEU"
739,"längst",11,"DEU"
740,"league",11,"DEU"
741,"markt",11,"DEU"
742,"peter",11,"DEU"
743,"pkw",11,"DEU"
744,"politiker",11,"DEU"
745,"polizisten",11,"DEU"
746,"programm",11,"DEU"
747,"raum",11,"DEU"
748,"rechts",11,"DEU"
749,"richtig",11,"DEU"
750,"setzen",11,"DEU"
751,"sicherheit",11,"DEU"
752,"später",11,"DEU"
753,"spielte",11,"DEU"
754,"steigen",11,"DEU"
755,"stück",11,"DEU"
756,"system",11,"DEU"
757,"teilweise",11,"DEU"
758,"unser",11,"DEU"
759,"unserer",11,"DEU"
760,"verhalten",11,"DEU"
761,"verletzt",11,"DEU"
762,"versorgung",11,"DEU"
763,"warum",11,"DEU"
764,"wichtige",11,"DEU"
765,"wolle",11,"DEU"
766,"zeigte",11,"DEU"
767,"2014",10,"DEU"
768,"2017",10,"DEU"
769,"27",10,"DEU"
770,"65",10,"DEU"
771,"aktion",10,"DEU"
772,"ändert",10,"DEU"
773,"angekündigt",10,"DEU"
774,"b",10,"DEU"
775,"basis",10,"DEU"
776,"bedeutet",10,"DEU"
777,"bericht",10,"DEU"
778,"borussia",10,"DEU"
779,"bremen",10,"DEU"
780,"bringen",10,"DEU"
781,"bvb",10,"DEU"
782,"coach",10,"DEU"
783,"csu",10,"DEU"
784,"daraufhin",10,"DEU"
785,"deutschlands",10,"DEU"
786,"druck",10,"DEU"
787,"eben",10,"DEU"
788,"erfolg",10,"DEU"
789,"experten",10,"DEU"
790,"fand",10,"DEU"
791,"festgestellt",10,"DEU"
792,"firmen",10,"DEU"
793,"fotos",10,"DEU"
794,"frankreich",10,"DEU"
795,"führen",10,"DEU"
796,"führt",10,"DEU"
797,"gemeinde",10,"DEU"
798,"gemeinsamen",10,"DEU"
799,"genug",10,"DEU"
800,"gespräch",10,"DEU"
801,"gestellt",10,"DEU"
802,"gewinnen",10,"DEU"
803,"groß",10,"DEU"
804,"größte",10,"DEU"
805,"grün",10,"DEU"
806,"grünen",10,"DEU"
807,"handeln",10,"DEU"
808,"italien",10,"DEU"
809,"jene",10,"DEU"
810,"kaufen",10,"DEU"
811,"klare",10,"DEU"
812,"klub",10,"DEU"
813,"köln",10,"DEU"
814,"künftig",10,"DEU"
815,"landkreis",10,"DEU"
816,"lesen",10,"DEU"
817,"liegen",10,"DEU"
818,"ließ",10,"DEU"
819,"links",10,"DEU"
820,"mein",10,"DEU"
821,"möchte",10,"DEU"
822,"monate",10,"DEU"
823,"müssten",10,"DEU"
824,"nachdem",10,"DEU"
825,"nachrichten",10,"DEU"
826,"namen",10,"DEU"
827,"nennt",10,"DEU"
828,"nrw",10,"DEU"
829,"nutzen",10,"DEU"
830,"offen",10,"DEU"
831,"person",10,"DEU"
832,"positiven",10,"DEU"
833,"produkte",10,"DEU"
834,"schluss",10,"DEU"
835,"schön",10,"DEU"
836,"seines",10,"DEU"
837,"sohn",10,"DEU"
838,"solle",10,"DEU"
839,"spiele",10,"DEU"
840,"stadion",10,"DEU"
841,"start",10,"DEU"
842,"stets",10,"DEU"
843,"tests",10,"DEU"
844,"the",10,"DEU"
845,"thomas",10,"DEU"
846,"training",10,"DEU"
847,"trotzdem",10,"DEU"
848,"trumps",10,"DEU"
849,"unfall",10,"DEU"
850,"union",10,"DEU"
851,"weltweit",10,"DEU"
852,"wm",10,"DEU"
853,"wolfgang",10,"DEU"
854,"zahlreiche",10,"DEU"
855,"zeitung",10,"DEU"
856,"ziehen",10,"DEU"
857,"zürich",10,"DEU"
858,"zweite",10,"DEU"
859,"400",9,"DEU"
860,"amazon",9,"DEU"
861,"amerikanischen",9,"DEU"
862,"anfrage",9,"DEU"
863,"angeblich",9,"DEU"
864,"arbeitet",9,"DEU"
865,"ausland",9,"DEU"
866,"autofahrer",9,"DEU"
867,"begonnen",9,"DEU"
868,"bietet",9,"DEU"
869,"bundeskanzlerin",9,"DEU"
870,"dahin",9,"DEU"
871,"daneben",9,"DEU"
872,"direkt",9,"DEU"
873,"durchgeführt",9,"DEU"
874,"einigen",9,"DEU"
875,"entdeckt",9,"DEU"
876,"erreicht",9,"DEU"
877,"fahrbahn",9,"DEU"
878,"festgenommen",9,"DEU"
879,"film",9,"DEU"
880,"firma",9,"DEU"
881,"franken",9,"DEU"
882,"frei",9,"DEU"
883,"ganze",9,"DEU"
884,"gebaut",9,"DEU"
885,"gefahr",9,"DEU"
886,"gefallen",9,"DEU"
887,"gegner",9,"DEU"
888,"geschäft",9,"DEU"
889,"geschäfte",9,"DEU"
890,"gespielt",9,"DEU"
891,"google",9,"DEU"
892,"gründen",9,"DEU"
893,"gruppen",9,"DEU"
894,"heraus",9,"DEU"
895,"herbst",9,"DEU"
896,"idee",9,"DEU"
897,"ihres",9,"DEU"
898,"interesse",9,"DEU"
899,"internationalen",9,"DEU"
900,"inzwischen",9,"DEU"
901,"joe",9,"DEU"
902,"kandidaten",9,"DEU"
903,"kirche",9,"DEU"
904,"kommission",9,"DEU"
905,"komplett",9,"DEU"
906,"lag",9,"DEU"
907,"machte",9,"DEU"
908,"meiner",9,"DEU"
909,"meist",9,"DEU"
910,"neuer",9,"DEU"
911,"new",9,"DEU"
912,"niemand",9,"DEU"
913,"obwohl",9,"DEU"
914,"öffentlichkeit",9,"DEU"
915,"open",9,"DEU"
916,"pressekonferenz",9,"DEU"
917,"rede",9,"DEU"
918,"regel",9,"DEU"
919,"scheint",9,"DEU"
920,"schutz",9,"DEU"
921,"schwarzen",9,"DEU"
922,"schwere",9,"DEU"
923,"schweren",9,"DEU"
924,"service",9,"DEU"
925,"setzte",9,"DEU"
926,"sorge",9,"DEU"
927,"spielt",9,"DEU"
928,"startet",9,"DEU"
929,"steigenden",9,"DEU"
930,"termin",9,"DEU"
931,"ums",9,"DEU"
932,"verkehrsunfall",9,"DEU"
933,"vorbei",9,"DEU"
934,"vorgehen",9,"DEU"
935,"vorstand",9,"DEU"
936,"vorstellung",9,"DEU"
937,"walter",9,"DEU"
938,"weißen",9,"DEU"
939,"wer",9,"DEU"
940,"wichtigsten",9,"DEU"
941,"zeiten",9,"DEU"
942,"zusätzliche",9,"DEU"
943,"zuschauer",9,"DEU"
944,"33",8,"DEU"
945,"38",8,"DEU"
946,"amt",8,"DEU"
947,"andererseits",8,"DEU"
948,"anderes",8,"DEU"
949,"angriff",8,"DEU"
950,"anspruch",8,"DEU"
951,"anstieg",8,"DEU"
952,"aufgenommen",8,"DEU"
953,"ausbreitung",8,"DEU"
954,"aussagen",8,"DEU"
955,"begann",8,"DEU"
956,"beginnt",8,"DEU"
957,"begleitet",8,"DEU"
958,"beraten",8,"DEU"
959,"berichtete",8,"DEU"
960,"beschlossen",8,"DEU"
961,"beste",8,"DEU"
962,"besteht",8,"DEU"
963,"betont",8,"DEU"
964,"betonte",8,"DEU"
965,"bewohner",8,"DEU"
966,"braucht",8,"DEU"
967,"bringt",8,"DEU"
968,"club",8,"DEU"
969,"daten",8,"DEU"
970,"drittel",8,"DEU"
971,"dürften",8,"DEU"
972,"ehe",8,"DEU"
973,"einzelnen",8,"DEU"
974,"entfernt",8,"DEU"
975,"erinnern",8,"DEU"
976,"fahren",8,"DEU"
977,"fährt",8,"DEU"
978,"fahrzeug",8,"DEU"
979,"fdp",8,"DEU"
980,"feuer",8,"DEU"
981,"fokus",8,"DEU"
982,"fordern",8,"DEU"
983,"fordert",8,"DEU"
984,"frank",8,"DEU"
985,"fuhr",8,"DEU"
986,"führte",8,"DEU"
987,"gast",8,"DEU"
988,"gäste",8,"DEU"
989,"gedanken",8,"DEU"
990,"gefühl",8,"DEU"
991,"gemeinsame",8,"DEU"
992,"genutzt",8,"DEU"
993,"geöffnet",8,"DEU"
994,"geräte",8,"DEU"
995,"gericht",8,"DEU"
996,"gesellschaft",8,"DEU"
997,"gesprochen",8,"DEU"
998,"gestartet",8,"DEU"
999,"gingen",8,"DEU"
1000,"gleichzeitig",8,"DEU"
1001,"glück",8,"DEU"
1002,"großbritannien",8,"DEU"
1003,"gutes",8,"DEU"
1004,"hart",8,"DEU"
1005,"hauptstadt",8,"DEU"
1006,"hin",8,"DEU"
1007,"hoffnung",8,"DEU"
1008,"hohe",8,"DEU"
1009,"innenstadt",8,"DEU"
1010,"insbesondere",8,"DEU"
1011,"jedes",8,"DEU"
1012,"koch",8,"DEU"
1013,"kontakt",8,"DEU"
1014,"konzern",8,"DEU"
1015,"kurs",8,"DEU"
1016,"l",8,"DEU"
1017,"lehrer",8,"DEU"
1018,"leicht",8,"DEU"
1019,"liebe",8,"DEU"
1020,"los",8,"DEU"
1021,"mag",8,"DEU"
1022,"mail",8,"DEU"
1023,"meinen",8,"DEU"
1024,"meint",8,"DEU"
1025,"menge",8,"DEU"
1026,"ministerpräsidenten",8,"DEU"
1027,"mutter",8,"DEU"
1028,"nahe",8,"DEU"
1029,"nämlich",8,"DEU"
1030,"oben",8,"DEU"
1031,"offiziellen",8,"DEU"
1032,"plötzlich",8,"DEU"
1033,"preis",8,"DEU"
1034,"projekt",8,"DEU"
1035,"prozess",8,"DEU"
1036,"rahmen",8,"DEU"
1037,"registriert",8,"DEU"
1038,"rein",8,"DEU"
1039,"risiko",8,"DEU"
1040,"samt",8,"DEU"
1041,"sars",8,"DEU"
1042,"schauen",8,"DEU"
1043,"schlag",8,"DEU"
1044,"schlecht",8,"DEU"
1045,"schließlich",8,"DEU"
1046,"schulen",8,"DEU"
1047,"schüler",8,"DEU"
1048,"serie",8,"DEU"
1049,"sogenannten",8,"DEU"
1050,"sonst",8,"DEU"
1051,"sowohl",8,"DEU"
1052,"sprechen",8,"DEU"
1053,"sprecherin",8,"DEU"
1054,"starken",8,"DEU"
1055,"steigt",8,"DEU"
1056,"stunde",8,"DEU"
1057,"tatsächlich",8,"DEU"
1058,"tochter",8,"DEU"
1059,"tod",8,"DEU"
1060,"treten",8,"DEU"
1061,"tür",8,"DEU"
1062,"umgang",8,"DEU"
1063,"verdient",8,"DEU"
1064,"verzichten",8,"DEU"
1065,"weise",8,"DEU"
1066,"wenige",8,"DEU"
1067,"werder",8,"DEU"
1068,"werte",8,"DEU"
1069,"winter",8,"DEU"
1070,"wissen",8,"DEU"
1071,"württemberg",8,"DEU"
1072,"zeitraum",8,"DEU"
1073,"zumindest",8,"DEU"
1074,"zusammenarbeit",8,"DEU"
1075,"300",7,"DEU"
1076,"32",7,"DEU"
1077,"34",7,"DEU"
1078,"37",7,"DEU"
1079,"52",7,"DEU"
1080,"58",7,"DEU"
1081,"80",7,"DEU"
1082,"90",7,"DEU"
1083,"alt",7,"DEU"
1084,"alternativen",7,"DEU"
1085,"anderer",7,"DEU"
1086,"andreas",7,"DEU"
1087,"angeboten",7,"DEU"
1088,"anleger",7,"DEU"
1089,"anschluss",7,"DEU"
1090,"ausgerechnet",7,"DEU"
1091,"bahn",7,"DEU"
1092,"ball",7,"DEU"
1093,"barcelona",7,"DEU"
1094,"beitrag",7,"DEU"
1095,"bekam",7,"DEU"
1096,"berichten",7,"DEU"
1097,"beschränkungen",7,"DEU"
1098,"besonderen",7,"DEU"
1099,"bestätigt",7,"DEU"
1100,"bestätigte",7,"DEU"
1101,"betriebe",7,"DEU"
1102,"bieten",7,"DEU"
1103,"boden",7,"DEU"
1104,"bord",7,"DEU"
1105,"brachte",7,"DEU"
1106,"brandenburg",7,"DEU"
1107,"bundespräsident",7,"DEU"
1108,"bundesweit",7,"DEU"
1109,"champions",7,"DEU"
1110,"dax",7,"DEU"
1111,"debatte",7,"DEU"
1112,"denken",7,"DEU"
1113,"deutscher",7,"DEU"
1114,"dritte",7,"DEU"
1115,"ebenso",7,"DEU"
1116,"einrichtungen",7,"DEU"
1117,"entwicklungen",7,"DEU"
1118,"erhöht",7,"DEU"
1119,"erinnert",7,"DEU"
1120,"ermittlungen",7,"DEU"
1121,"ermöglichen",7,"DEU"
1122,"erstes",7,"DEU"
1123,"fehlen",7,"DEU"
1124,"feuerwehr",7,"DEU"
1125,"folge",7,"DEU"
1126,"forschung",7,"DEU"
1127,"freien",7,"DEU"
1128,"frühen",7,"DEU"
1129,"funktioniert",7,"DEU"
1130,"galt",7,"DEU"
1131,"gefragt",7,"DEU"
1132,"gehabt",7,"DEU"
1133,"gehört",7,"DEU"
1134,"gelang",7,"DEU"
1135,"genügend",7,"DEU"
1136,"geplanten",7,"DEU"
1137,"geraten",7,"DEU"
1138,"geringer",7,"DEU"
1139,"gesagt",7,"DEU"
1140,"gesamte",7,"DEU"
1141,"geschäftsführer",7,"DEU"
1142,"geschickt",7,"DEU"
1143,"gesehen",7,"DEU"
1144,"gesperrt",7,"DEU"
1145,"gewählt",7,"DEU"
1146,"gewann",7,"DEU"
1147,"gipfel",7,"DEU"
1148,"grad",7,"DEU"
1149,"griff",7,"DEU"
1150,"grossen",7,"DEU"
1151,"großer",7,"DEU"
1152,"größten",7,"DEU"
1153,"guter",7,"DEU"
1154,"hände",7,"DEU"
1155,"handel",7,"DEU"
1156,"heutigen",7,"DEU"
1157,"hilft",7,"DEU"
1158,"hören",7,"DEU"
1159,"infektionszahlen",7,"DEU"
1160,"innerhalb",7,"DEU"
1161,"jemand",7,"DEU"
1162,"jeweiligen",7,"DEU"
1163,"junge",7,"DEU"
1164,"kanzlerin",7,"DEU"
1165,"karriere",7,"DEU"
1166,"kilometer",7,"DEU"
1167,"kliniken",7,"DEU"
1168,"krankenhäuser",7,"DEU"
1169,"landgericht",7,"DEU"
1170,"lieber",7,"DEU"
1171,"linken",7,"DEU"
1172,"management",7,"DEU"
1173,"marke",7,"DEU"
1174,"markus",7,"DEU"
1175,"maskenpflicht",7,"DEU"
1176,"maximal",7,"DEU"
1177,"meinung",7,"DEU"
1178,"messe",7,"DEU"
1179,"mitarbeitern",7,"DEU"
1180,"mittel",7,"DEU"
1181,"mittwochabend",7,"DEU"
1182,"modell",7,"DEU"
1183,"mögliche",7,"DEU"
1184,"möglichst",7,"DEU"
1185,"monat",7,"DEU"
1186,"müller",7,"DEU"
1187,"münchner",7,"DEU"
1188,"mund",7,"DEU"
1189,"negativ",7,"DEU"
1190,"not",7,"DEU"
1191,"österreicher",7,"DEU"
1192,"partner",7,"DEU"
1193,"pc",7,"DEU"
1194,"plattform",7,"DEU"
1195,"plätze",7,"DEU"
1196,"plus",7,"DEU"
1197,"praxis",7,"DEU"
1198,"reaktion",7,"DEU"
1199,"regionen",7,"DEU"
1200,"reihe",7,"DEU"
1201,"rheinland",7,"DEU"
1202,"roten",7,"DEU"
1203,"rückkehr",7,"DEU"
1204,"runde",7,"DEU"
1205,"russischen",7,"DEU"
1206,"samstagabend",7,"DEU"
1207,"sanktionen",7,"DEU"
1208,"schleswig",7,"DEU"
1209,"scholz",7,"DEU"
1210,"schreibt",7,"DEU"
1211,"schrieb",7,"DEU"
1212,"schweiz",7,"DEU"
1213,"see",7,"DEU"
1214,"sehe",7,"DEU"
1215,"sender",7,"DEU"
1216,"sendung",7,"DEU"
1217,"show",7,"DEU"
1218,"software",7,"DEU"
1219,"sorgt",7,"DEU"
1220,"soweit",7,"DEU"
1221,"spahn",7,"DEU"
1222,"staatlichen",7,"DEU"
1223,"staatsanwaltschaft",7,"DEU"
1224,"städten",7,"DEU"
1225,"standen",7,"DEU"
1226,"stärker",7,"DEU"
1227,"steinmeier",7,"DEU"
1228,"stellte",7,"DEU"
1229,"stuttgart",7,"DEU"
1230,"suche",7,"DEU"
1231,"täglich",7,"DEU"
1232,"teams",7,"DEU"
1233,"teilnehmer",7,"DEU"
1234,"tiere",7,"DEU"
1235,"titel",7,"DEU"
1236,"todesfälle",7,"DEU"
1237,"tote",7,"DEU"
1238,"tour",7,"DEU"
1239,"türkei",7,"DEU"
1240,"u",7,"DEU"
1241,"unten",7,"DEU"
1242,"urlaub",7,"DEU"
1243,"verantwortung",7,"DEU"
1244,"vereine",7,"DEU"
1245,"verhandlungen",7,"DEU"
1246,"verletzte",7,"DEU"
1247,"verstärkt",7,"DEU"
1248,"versuchen",7,"DEU"
1249,"versuchte",7,"DEU"
1250,"verzeichnet",7,"DEU"
1251,"verzichtet",7,"DEU"
1252,"viertel",7,"DEU"
1253,"vierten",7,"DEU"
1254,"voll",7,"DEU"
1255,"vorgestellt",7,"DEU"
1256,"warten",7,"DEU"
1257,"wege",7,"DEU"
1258,"weiteres",7,"DEU"
1259,"westfalen",7,"DEU"
1260,"wetter",7,"DEU"
1261,"wohnung",7,"DEU"
1262,"worte",7,"DEU"
1263,"zuerst",7,"DEU"
1264,"zuhause",7,"DEU"
1265,"zweifel",7,"DEU"
1266,"2016",6,"DEU"
1267,"36",6,"DEU"
1268,"42",6,"DEU"
1269,"500",6,"DEU"
1270,"abgeordnete",6,"DEU"
1271,"abgesehen",6,"DEU"
1272,"abseits",6,"DEU"
1273,"achten",6,"DEU"
1274,"ähnliches",6,"DEU"
1275,"alleine",6,"DEU"
1276,"allgemein",6,"DEU"
1277,"alltag",6,"DEU"
1278,"alternative",6,"DEU"
1279,"andrea",6,"DEU"
1280,"angesprochen",6,"DEU"
1281,"angreifer",6,"DEU"
1282,"anhänger",6,"DEU"
1283,"ankara",6,"DEU"
1284,"anlass",6,"DEU"
1285,"ans",6,"DEU"
1286,"antwortete",6,"DEU"
1287,"arbeitete",6,"DEU"
1288,"aufgabe",6,"DEU"
1289,"auflagen",6,"DEU"
1290,"außerhalb",6,"DEU"
1291,"baustelle",6,"DEU"
1292,"bedeutung",6,"DEU"
1293,"bedient",6,"DEU"
1294,"bedingungen",6,"DEU"
1295,"behandelt",6,"DEU"
1296,"behandlung",6,"DEU"
1297,"belarus",6,"DEU"
1298,"beobachter",6,"DEU"
1299,"besitzer",6,"DEU"
1300,"beteiligten",6,"DEU"
1301,"bewusst",6,"DEU"
1302,"beziehungsweise",6,"DEU"
1303,"bmw",6,"DEU"
1304,"brand",6,"DEU"
1305,"braunschweig",6,"DEU"
1306,"bundesrat",6,"DEU"
1307,"bzw",6,"DEU"
1308,"charlotte",6,"DEU"
1309,"cov",6,"DEU"
1310,"dahinter",6,"DEU"
1311,"davor",6,"DEU"
1312,"demokraten",6,"DEU"
1313,"dennoch",6,"DEU"
1314,"deswegen",6,"DEU"
1315,"dient",6,"DEU"
1316,"dir",6,"DEU"
1317,"direkten",6,"DEU"
1318,"droht",6,"DEU"
1319,"eins",6,"DEU"
1320,"einsetzen",6,"DEU"
1321,"elf",6,"DEU"
1322,"erfahrungen",6,"DEU"
1323,"erfurt",6,"DEU"
1324,"ergebnis",6,"DEU"
1325,"ermittler",6,"DEU"
1326,"erwarten",6,"DEU"
1327,"essen",6,"DEU"
1328,"ex",6,"DEU"
1329,"facebook",6,"DEU"
1330,"fahrt",6,"DEU"
1331,"falls",6,"DEU"
1332,"fällt",6,"DEU"
1333,"farben",6,"DEU"
1334,"fenster",6,"DEU"
1335,"fertig",6,"DEU"
1336,"flughafen",6,"DEU"
1337,"frankfurt",6,"DEU"
1338,"französischen",6,"DEU"
1339,"freitagabend",6,"DEU"
1340,"freuen",6,"DEU"
1341,"freunden",6,"DEU"
1342,"freut",6,"DEU"
1343,"friedrich",6,"DEU"
1344,"froh",6,"DEU"
1345,"führung",6,"DEU"
1346,"gaben",6,"DEU"
1347,"gearbeitet",6,"DEU"
1348,"gefahren",6,"DEU"
1349,"gehandelt",6,"DEU"
1350,"gehören",6,"DEU"
1351,"gemeinderat",6,"DEU"
1352,"georg",6,"DEU"
1353,"gerät",6,"DEU"
1354,"gesicht",6,"DEU"
1355,"gesundheit",6,"DEU"
1356,"getroffen",6,"DEU"
1357,"gezeigt",6,"DEU"
1358,"grenzen",6,"DEU"
1359,"handelte",6,"DEU"
1360,"haushalt",6,"DEU"
1361,"haushalte",6,"DEU"
1362,"hertha",6,"DEU"
1363,"hervor",6,"DEU"
1364,"hingegen",6,"DEU"
1365,"hoffen",6,"DEU"
1366,"homeoffice",6,"DEU"
1367,"infiziert",6,"DEU"
1368,"infizierte",6,"DEU"
1369,"infizierten",6,"DEU"
1370,"innen",6,"DEU"
1371,"instagram",6,"DEU"
1372,"iran",6,"DEU"
1373,"is",6,"DEU"
1374,"jahrhundert",6,"DEU"
1375,"jeden",6,"DEU"
1376,"kapitän",6,"DEU"
1377,"keinerlei",6,"DEU"
1378,"kindern",6,"DEU"
1379,"klasse",6,"DEU"
1380,"klein",6,"DEU"
1381,"könig",6,"DEU"
1382,"konzept",6,"DEU"
1383,"körper",6,"DEU"
1384,"künstler",6,"DEU"
1385,"landesregierung",6,"DEU"
1386,"länger",6,"DEU"
1387,"legen",6,"DEU"
1388,"leipzig",6,"DEU"
1389,"liste",6,"DEU"
1390,"lösung",6,"DEU"
1391,"löwen",6,"DEU"
1392,"mädchen",6,"DEU"
1393,"madrid",6,"DEU"
1394,"metern",6,"DEU"
1395,"migranten",6,"DEU"
1396,"mitteilte",6,"DEU"
1397,"möglichen",6,"DEU"
1398,"moment",6,"DEU"
1399,"nachfrage",6,"DEU"
1400,"nahmen",6,"DEU"
1401,"nannte",6,"DEU"
1402,"nationalspieler",6,"DEU"
1403,"nein",6,"DEU"
1404,"norden",6,"DEU"
1405,"nordrhein",6,"DEU"
1406,"notwendig",6,"DEU"
1407,"of",6,"DEU"
1408,"olaf",6,"DEU"
1409,"passieren",6,"DEU"
1410,"passiert",6,"DEU"
1411,"pläne",6,"DEU"
1412,"polen",6,"DEU"
1413,"profi",6,"DEU"
1414,"prognose",6,"DEU"
1415,"prüfen",6,"DEU"
1416,"qualität",6,"DEU"
1417,"quartal",6,"DEU"
1418,"reagiert",6,"DEU"
1419,"rechte",6,"DEU"
1420,"reihen",6,"DEU"
1421,"reise",6,"DEU"
1422,"rennen",6,"DEU"
1423,"richtige",6,"DEU"
1424,"risiken",6,"DEU"
1425,"rki",6,"DEU"
1426,"robert",6,"DEU"
1427,"ruhig",6,"DEU"
1428,"schaffen",6,"DEU"
1429,"schätzungen",6,"DEU"
1430,"schritt",6,"DEU"
1431,"schützen",6,"DEU"
1432,"selten",6,"DEU"
1433,"sodass",6,"DEU"
1434,"sogenannte",6,"DEU"
1435,"somit",6,"DEU"
1436,"sozialen",6,"DEU"
1437,"späten",6,"DEU"
1438,"spricht",6,"DEU"
1439,"ständig",6,"DEU"
1440,"star",6,"DEU"
1441,"stefan",6,"DEU"
1442,"stieg",6,"DEU"
1443,"still",6,"DEU"
1444,"super",6,"DEU"
1445,"szene",6,"DEU"
1446,"tat",6,"DEU"
1447,"technik",6,"DEU"
1448,"teilt",6,"DEU"
1449,"theater",6,"DEU"
1450,"tore",6,"DEU"
1451,"toten",6,"DEU"
1452,"treffer",6,"DEU"
1453,"trifft",6,"DEU"
1454,"tv",6,"DEU"
1455,"überhaupt",6,"DEU"
1456,"überprüfen",6,"DEU"
1457,"überzeugt",6,"DEU"
1458,"unbekannten",6,"DEU"
1459,"unserem",6,"DEU"
1460,"unterschiede",6,"DEU"
1461,"up",6,"DEU"
1462,"verkauf",6,"DEU"
1463,"veröffentlichung",6,"DEU"
1464,"verschiedenen",6,"DEU"
1465,"verständnis",6,"DEU"
1466,"versuch",6,"DEU"
1467,"vertrauen",6,"DEU"
1468,"vertreten",6,"DEU"
1469,"verwaltung",6,"DEU"
1470,"voller",6,"DEU"
1471,"vorbereitet",6,"DEU"
1472,"vorher",6,"DEU"
1473,"vorstellen",6,"DEU"
1474,"wann",6,"DEU"
1475,"wären",6,"DEU"
1476,"weder",6,"DEU"
1477,"weiterer",6,"DEU"
1478,"wenigen",6,"DEU"
1479,"wiener",6,"DEU"
1480,"windows",6,"DEU"
1481,"wirtschaftlichen",6,"DEU"
1482,"wunsch",6,"DEU"
1483,"x",6,"DEU"
1484,"zug",6,"DEU"
1485,"zusammenhang",6,"DEU"
1486,"04",5,"DEU"
1487,"2001",5,"DEU"
1488,"41",5,"DEU"
1489,"43",5,"DEU"
1490,"55",5,"DEU"
1491,"59",5,"DEU"
1492,"600",5,"DEU"
1493,"66",5,"DEU"
1494,"74",5,"DEU"
1495,"88",5,"DEU"
1496,"93",5,"DEU"
1497,"â",5,"DEU"
1498,"abends",5,"DEU"
1499,"abgesagt",5,"DEU"
1500,"air",5,"DEU"
1501,"al",5,"DEU"
1502,"album",5,"DEU"
1503,"aldi",5,"DEU"
1504,"ältere",5,"DEU"
1505,"alternativ",5,"DEU"
1506,"anbieten",5,"DEU"
1507,"andernfalls",5,"DEU"
1508,"änderung",5,"DEU"
1509,"anfangs",5,"DEU"
1510,"angebote",5,"DEU"
1511,"angeklagte",5,"DEU"
1512,"angestellte",5,"DEU"
1513,"anne",5,"DEU"
1514,"apropos",5,"DEU"
1515,"arbeitgeber",5,"DEU"
1516,"arbeitslosigkeit",5,"DEU"
1517,"aufgerufen",5,"DEU"
1518,"auflösung",5,"DEU"
1519,"aufmerksam",5,"DEU"
1520,"aufnehmen",5,"DEU"
1521,"auftreten",5,"DEU"
1522,"ausgesetzt",5,"DEU"
1523,"ausgesprochen",5,"DEU"
1524,"ausschließlich",5,"DEU"
1525,"äußerst",5,"DEU"
1526,"ausstattung",5,"DEU"
1527,"ausstellung",5,"DEU"
1528,"baby",5,"DEU"
1529,"bach",5,"DEU"
1530,"band",5,"DEU"
1531,"banken",5,"DEU"
1532,"barbara",5,"DEU"
1533,"basketball",5,"DEU"
1534,"bayerns",5,"DEU"
1535,"beamte",5,"DEU"
1536,"bedeute",5,"DEU"
1537,"befragung",5,"DEU"
1538,"berater",5,"DEU"
1539,"beschluss",5,"DEU"
1540,"bestimmt",5,"DEU"
1541,"bestimmte",5,"DEU"
1542,"bestimmungen",5,"DEU"
1543,"besuch",5,"DEU"
1544,"beteiligen",5,"DEU"
1545,"betrieben",5,"DEU"
1546,"bewegung",5,"DEU"
1547,"bildhinweis",5,"DEU"
1548,"bisherigen",5,"DEU"
1549,"black",5,"DEU"
1550,"botschaft",5,"DEU"
1551,"brach",5,"DEU"
1552,"britischen",5,"DEU"
1553,"buch",5,"DEU"
1554,"bürgern",5,"DEU"
1555,"busse",5,"DEU"
1556,"bußgeld",5,"DEU"
1557,"chancen",5,"DEU"
1558,"chaos",5,"DEU"
1559,"chefin",5,"DEU"
1560,"chris",5,"DEU"
1561,"clubs",5,"DEU"
1562,"dach",5,"DEU"
1563,"demonstranten",5,"DEU"
1564,"deutliche",5,"DEU"
1565,"dich",5,"DEU"
1566,"digitalisierung",5,"DEU"
1567,"dinge",5,"DEU"
1568,"diskutiert",5,"DEU"
1569,"diverse",5,"DEU"
1570,"donald",5,"DEU"
1571,"donnerstagabend",5,"DEU"
1572,"draußen",5,"DEU"
1573,"dringend",5,"DEU"
1574,"dürfe",5,"DEU"
1575,"ebene",5,"DEU"
1576,"effektiv",5,"DEU"
1577,"egal",5,"DEU"
1578,"eigenes",5,"DEU"
1579,"eindruck",5,"DEU"
1580,"eingesetzt",5,"DEU"
1581,"einhaltung",5,"DEU"
1582,"einiges",5,"DEU"
1583,"einrichtung",5,"DEU"
1584,"einst",5,"DEU"
1585,"einwohner",5,"DEU"
1586,"einzige",5,"DEU"
1587,"empfiehlt",5,"DEU"
1588,"england",5,"DEU"
1589,"entscheidenden",5,"DEU"
1590,"entschieden",5,"DEU"
1591,"erfolgen",5,"DEU"
1592,"erfüllt",5,"DEU"
1593,"ergibt",5,"DEU"
1594,"erkennen",5,"DEU"
1595,"erlassen",5,"DEU"
1596,"erlaubt",5,"DEU"
1597,"eröffnung",5,"DEU"
1598,"erwartungen",5,"DEU"
1599,"erzählen",5,"DEU"
1600,"explosion",5,"DEU"
1601,"familien",5,"DEU"
1602,"fanden",5,"DEU"
1603,"feiern",5,"DEU"
1604,"fernsehen",5,"DEU"
1605,"festival",5,"DEU"
1606,"fit",5,"DEU"
1607,"flick",5,"DEU"
1608,"folgte",5,"DEU"
1609,"form",5,"DEU"
1610,"forscher",5,"DEU"
1611,"fraktion",5,"DEU"
1612,"freunde",5,"DEU"
1613,"früher",5,"DEU"
1614,"frühjahr",5,"DEU"
1615,"gedacht",5,"DEU"
1616,"gefährdet",5,"DEU"
1617,"gefährlich",5,"DEU"
1618,"gefordert",5,"DEU"
1619,"geführt",5,"DEU"
1620,"gehalten",5,"DEU"
1621,"gehe",5,"DEU"
1622,"genauso",5,"DEU"
1623,"gern",5,"DEU"
1624,"geschwindigkeit",5,"DEU"
1625,"gesetzlichen",5,"DEU"
1626,"gestern",5,"DEU"
1627,"gestorben",5,"DEU"
1628,"gesund",5,"DEU"
1629,"getötet",5,"DEU"
1630,"gewissen",5,"DEU"
1631,"gewonnen",5,"DEU"
1632,"glaube",5,"DEU"
1633,"grosse",5,"DEU"
1634,"großes",5,"DEU"
1635,"grüne",5,"DEU"
1636,"halben",5,"DEU"
1637,"halle",5,"DEU"
1638,"hast",5,"DEU"
1639,"heimspiel",5,"DEU"
1640,"her",5,"DEU"
1641,"herausforderung",5,"DEU"
1642,"heuer",5,"DEU"
1643,"hierfür",5,"DEU"
1644,"hinblick",5,"DEU"
1645,"hintergrund",5,"DEU"
1646,"hinweisen",5,"DEU"
1647,"hinzu",5,"DEU"
1648,"höher",5,"DEU"
1649,"holen",5,"DEU"
1650,"holstein",5,"DEU"
1651,"holte",5,"DEU"
1652,"home",5,"DEU"
1653,"hotel",5,"DEU"
1654,"hotels",5,"DEU"
1655,"ii",5,"DEU"
1656,"impfstoff",5,"DEU"
1657,"infektion",5,"DEU"
1658,"inflation",5,"DEU"
1659,"informiert",5,"DEU"
1660,"inneren",5,"DEU"
1661,"innovationen",5,"DEU"
1662,"interessierte",5,"DEU"
1663,"investoren",5,"DEU"
1664,"italienischen",5,"DEU"
1665,"jede",5,"DEU"
1666,"jemanden",5,"DEU"
1667,"jener",5,"DEU"
1668,"job",5,"DEU"
1669,"jobs",5,"DEU"
1670,"jones",5,"DEU"
1671,"journalisten",5,"DEU"
1672,"kader",5,"DEU"
1673,"keller",5,"DEU"
1674,"klassischen",5,"DEU"
1675,"kommentar",5,"DEU"
1676,"konkrete",5,"DEU"
1677,"kontrolliert",5,"DEU"
1678,"krankheit",5,"DEU"
1679,"kündigte",5,"DEU"
1680,"landes",5,"DEU"
1681,"landwirtschaft",5,"DEU"
1682,"langen",5,"DEU"
1683,"lauf",5,"DEU"
1684,"legte",5,"DEU"
1685,"leider",5,"DEU"
1686,"leistung",5,"DEU"
1687,"leiter",5,"DEU"
1688,"letztlich",5,"DEU"
1689,"leverkusen",5,"DEU"
1690,"linie",5,"DEU"
1691,"machten",5,"DEU"
1692,"mancher",5,"DEU"
1693,"männern",5,"DEU"
1694,"maske",5,"DEU"
1695,"maßnahme",5,"DEU"
1696,"max",5,"DEU"
1697,"mehreren",5,"DEU"
1698,"mehrfach",5,"DEU"
1699,"mehrheit",5,"DEU"
1700,"meinem",5,"DEU"
1701,"meister",5,"DEU"
1702,"mike",5,"DEU"
1703,"minus",5,"DEU"
1704,"modelle",5,"DEU"
1705,"möglicherweise",5,"DEU"
1706,"möglichkeiten",5,"DEU"
1707,"momentan",5,"DEU"
1708,"montagmorgen",5,"DEU"
1709,"münster",5,"DEU"
1710,"museum",5,"DEU"
1711,"müsste",5,"DEU"
1712,"nachmittag",5,"DEU"
1713,"nähe",5,"DEU"
1714,"netflix",5,"DEU"
1715,"netz",5,"DEU"
1716,"neues",5,"DEU"
1717,"niveau",5,"DEU"
1718,"nötig",5,"DEU"
1719,"nutzer",5,"DEU"
1720,"nutzung",5,"DEU"
1721,"œ",5,"DEU"
1722,"öfter",5,"DEU"
1723,"ohnehin",5,"DEU"
1724,"ordnung",5,"DEU"
1725,"parkplatz",5,"DEU"
1726,"parteien",5,"DEU"
1727,"performance",5,"DEU"
1728,"pfalz",5,"DEU"
1729,"planen",5,"DEU"
1730,"politische",5,"DEU"
1731,"politischen",5,"DEU"
1732,"privaten",5,"DEU"
1733,"profis",5,"DEU"
1734,"protest",5,"DEU"
1735,"publikum",5,"DEU"
1736,"punkt",5,"DEU"
1737,"rang",5,"DEU"
1738,"raus",5,"DEU"
1739,"reduziert",5,"DEU"
1740,"regelmäßig",5,"DEU"
1741,"regierungschef",5,"DEU"
1742,"regional",5,"DEU"
1743,"reichen",5,"DEU"
1744,"republik",5,"DEU"
1745,"republikaner",5,"DEU"
1746,"sachsen",5,"DEU"
1747,"salzburg",5,"DEU"
1748,"samsung",5,"DEU"
1749,"schalke",5,"DEU"
1750,"schauspieler",5,"DEU"
1751,"scheinen",5,"DEU"
1752,"schlechte",5,"DEU"
1753,"schließen",5,"DEU"
1754,"schloss",5,"DEU"
1755,"schneller",5,"DEU"
1756,"schreiben",5,"DEU"
1757,"schumacher",5,"DEU"
1758,"schwarz",5,"DEU"
1759,"sichern",5,"DEU"
1760,"sitzen",5,"DEU"
1761,"smart",5,"DEU"
1762,"söder",5,"DEU"
1763,"soldaten",5,"DEU"
1764,"sonnabend",5,"DEU"
1765,"sonntagabend",5,"DEU"
1766,"sorgte",5,"DEU"
1767,"spitze",5,"DEU"
1768,"spö",5,"DEU"
1769,"sprach",5,"DEU"
1770,"spuren",5,"DEU"
1771,"staat",5,"DEU"
1772,"standort",5,"DEU"
1773,"stärksten",5,"DEU"
1774,"stecken",5,"DEU"
1775,"stellten",5,"DEU"
1776,"stimmen",5,"DEU"
1777,"stimmt",5,"DEU"
1778,"stimmung",5,"DEU"
1779,"strafraum",5,"DEU"
1780,"strategie",5,"DEU"
1781,"suchen",5,"DEU"
1782,"sv",5,"DEU"
1783,"symptome",5,"DEU"
1784,"t",5,"DEU"
1785,"tausend",5,"DEU"
1786,"tausende",5,"DEU"
1787,"teilnehmen",5,"DEU"
1788,"teilnehmern",5,"DEU"
1789,"testen",5,"DEU"
1790,"themen",5,"DEU"
1791,"thüringen",5,"DEU"
1792,"tief",5,"DEU"
1793,"tirol",5,"DEU"
1794,"top",5,"DEU"
1795,"touristen",5,"DEU"
1796,"traf",5,"DEU"
1797,"trägt",5,"DEU"
1798,"trat",5,"DEU"
1799,"umfassenden",5,"DEU"
1800,"umfrage",5,"DEU"
1801,"umsatz",5,"DEU"
1802,"umsetzung",5,"DEU"
1803,"unbekannte",5,"DEU"
1804,"unterstützt",5,"DEU"
1805,"unterwegs",5,"DEU"
1806,"unwahrscheinlich",5,"DEU"
1807,"update",5,"DEU"
1808,"v",5,"DEU"
1809,"veranstalter",5,"DEU"
1810,"veranstaltung",5,"DEU"
1811,"veranstaltungen",5,"DEU"
1812,"verbessern",5,"DEU"
1813,"verbot",5,"DEU"
1814,"verbraucher",5,"DEU"
1815,"verbunden",5,"DEU"
1816,"vergangenheit",5,"DEU"
1817,"verhindert",5,"DEU"
1818,"verkehr",5,"DEU"
1819,"vermutlich",5,"DEU"
1820,"veröffentlicht",5,"DEU"
1821,"veröffentlichten",5,"DEU"
1822,"verschoben",5,"DEU"
1823,"versichert",5,"DEU"
1824,"version",5,"DEU"
1825,"verstöße",5,"DEU"
1826,"vertrag",5,"DEU"
1827,"virtuellen",5,"DEU"
1828,"völlig",5,"DEU"
1829,"voran",5,"DEU"
1830,"voraussetzungen",5,"DEU"
1831,"vorgaben",5,"DEU"
1832,"vorjahr",5,"DEU"
1833,"vorliegen",5,"DEU"
1834,"vorsitzende",5,"DEU"
1835,"wagen",5,"DEU"
1836,"weiße",5,"DEU"
1837,"welchen",5,"DEU"
1838,"welcher",5,"DEU"
1839,"wichtigen",5,"DEU"
1840,"wichtiger",5,"DEU"
1841,"wirkt",5,"DEU"
1842,"wollten",5,"DEU"
1843,"womöglich",5,"DEU"
1844,"wuhan",5,"DEU"
1845,"york",5,"DEU"
1846,"zählen",5,"DEU"
1847,"zeichen",5,"DEU"
1848,"zeigten",5,"DEU"
1849,"zusätzlich",5,"DEU"
1850,"zuständig",5,"DEU"
1851,"zwölf",5,"DEU"
1852,"06",4,"DEU"
1853,"150",4,"DEU"
1854,"2010",4,"DEU"
1855,"2015",4,"DEU"
1856,"2022",4,"DEU"
1857,"2025",4,"DEU"
1858,"2030",4,"DEU"
1859,"3000",4,"DEU"
1860,"35",4,"DEU"
1861,"39",4,"DEU"
1862,"46",4,"DEU"
1863,"48",4,"DEU"
1864,"62",4,"DEU"
1865,"64",4,"DEU"
1866,"75",4,"DEU"
1867,"800",4,"DEU"
1868,"96",4,"DEU"
1869,"abgeordneten",4,"DEU"
1870,"abgeordneter",4,"DEU"
1871,"abhängig",4,"DEU"
1872,"abo",4,"DEU"
1873,"abstandsregeln",4,"DEU"
1874,"ag",4,"DEU"
1875,"ägypten",4,"DEU"
1876,"airbus",4,"DEU"
1877,"aktive",4,"DEU"
1878,"aktivieren",4,"DEU"
1879,"alex",4,"DEU"
1880,"alkohol",4,"DEU"
1881,"amerika",4,"DEU"
1882,"amerikanerin",4,"DEU"
1883,"amtsgericht",4,"DEU"
1884,"analyse",4,"DEU"
1885,"analysten",4,"DEU"
1886,"anbieter",4,"DEU"
1887,"ändern",4,"DEU"
1888,"anerkannt",4,"DEU"
1889,"angefangen",4,"DEU"
1890,"angehalten",4,"DEU"
1891,"angehörigen",4,"DEU"
1892,"angeklagten",4,"DEU"
1893,"angeschlagen",4,"DEU"
1894,"anhand",4,"DEU"
1895,"anlässlich",4,"DEU"
1896,"anmeldung",4,"DEU"
1897,"annegret",4,"DEU"
1898,"ansteckung",4,"DEU"
1899,"ansteckungsgefahr",4,"DEU"
1900,"antreten",4,"DEU"
1901,"antwort",4,"DEU"
1902,"antworten",4,"DEU"
1903,"anwohner",4,"DEU"
1904,"anzeichen",4,"DEU"
1905,"anzeige",4,"DEU"
1906,"arbeitnehmer",4,"DEU"
1907,"arena",4,"DEU"
1908,"ärger",4,"DEU"
1909,"artikel",4,"DEU"
1910,"attackiert",4,"DEU"
1911,"aufhalten",4,"DEU"
1912,"aufrechterhalten",4,"DEU"
1913,"aufs",4,"DEU"
1914,"auftrag",4,"DEU"
1915,"auftritt",4,"DEU"
1916,"auge",4,"DEU"
1917,"ausbau",4,"DEU"
1918,"ausbildung",4,"DEU"
1919,"ausgestattet",4,"DEU"
1920,"außen",4,"DEU"
1921,"außer",4,"DEU"
1922,"auswahl",4,"DEU"
1923,"auswärtige",4,"DEU"
1924,"auszusetzen",4,"DEU"
1925,"autor",4,"DEU"
1926,"axel",4,"DEU"
1927,"bau",4,"DEU"
1928,"bauen",4,"DEU"
1929,"beendet",4,"DEU"
1930,"befindet",4,"DEU"
1931,"beginnen",4,"DEU"
1932,"begrenzt",4,"DEU"
1933,"behörde",4,"DEU"
1934,"beides",4,"DEU"
1935,"beiträge",4,"DEU"
1936,"beitragen",4,"DEU"
1937,"belegen",4,"DEU"
1938,"beliebt",4,"DEU"
1939,"benjamin",4,"DEU"
1940,"benötigt",4,"DEU"
1941,"benutzen",4,"DEU"
1942,"beobachtet",4,"DEU"
1943,"bereitet",4,"DEU"
1944,"berichteten",4,"DEU"
1945,"beschädigt",4,"DEU"
1946,"beschäftigte",4,"DEU"
1947,"besetzt",4,"DEU"
1948,"betroffene",4,"DEU"
1949,"bezahlen",4,"DEU"
1950,"bezeichnet",4,"DEU"
1951,"beziehung",4,"DEU"
1952,"beziehungen",4,"DEU"
1953,"bezirk",4,"DEU"
1954,"bezug",4,"DEU"
1955,"bielefeld",4,"DEU"
1956,"big",4,"DEU"
1957,"bilanz",4,"DEU"
1958,"binnen",4,"DEU"
1959,"bio",4,"DEU"
1960,"birgit",4,"DEU"
1961,"blut",4,"DEU"
1962,"boeing",4,"DEU"
1963,"börse",4,"DEU"
1964,"börsen",4,"DEU"
1965,"branche",4,"DEU"
1966,"brauchen",4,"DEU"
1967,"britische",4,"DEU"
1968,"brutal",4,"DEU"
1969,"bundesgesundheitsminister",4,"DEU"
1970,"bundesland",4,"DEU"
1971,"bundesländer",4,"DEU"
1972,"bundestag",4,"DEU"
1973,"ca",4,"DEU"
1974,"carl",4,"DEU"
1975,"carolina",4,"DEU"
1976,"cheftrainer",4,"DEU"
1977,"christus",4,"DEU"
1978,"co2",4,"DEU"
1979,"coronakrise",4,"DEU"
1980,"credit",4,"DEU"
1981,"cyberpunk",4,"DEU"
1982,"daimler",4,"DEU"
1983,"danke",4,"DEU"
1984,"david",4,"DEU"
1985,"definitiv",4,"DEU"
1986,"dein",4,"DEU"
1987,"demnach",4,"DEU"
1988,"demnächst",4,"DEU"
1989,"demonstration",4,"DEU"
1990,"demonstrationen",4,"DEU"
1991,"derweil",4,"DEU"
1992,"design",4,"DEU"
1993,"details",4,"DEU"
1994,"deutsch",4,"DEU"
1995,"dfb",4,"DEU"
1996,"dfl",4,"DEU"
1997,"dienstagabend",4,"DEU"
1998,"diesmal",4,"DEU"
1999,"digital",4,"DEU"
2000,"digitalen",4,"DEU"
2001,"distanz",4,"DEU"
2002,"dow",4,"DEU"
2003,"duisburg",4,"DEU"
2004,"duo",4,"DEU"
2005,"durchaus",4,"DEU"
2006,"durchschnitt",4,"DEU"
2007,"durften",4,"DEU"
2008,"dutzende",4,"DEU"
2009,"eh",4,"DEU"
2010,"ehemaliger",4,"DEU"
2011,"eindämmung",4,"DEU"
2012,"eindeutig",4,"DEU"
2013,"eineinhalb",4,"DEU"
2014,"einfluss",4,"DEU"
2015,"einführung",4,"DEU"
2016,"eingehalten",4,"DEU"
2017,"einig",4,"DEU"
2018,"einstellen",4,"DEU"
2019,"einstimmig",4,"DEU"
2020,"einstufung",4,"DEU"
2021,"eintrafen",4,"DEU"
2022,"einzelne",4,"DEU"
2023,"einzuhalten",4,"DEU"
2024,"eng",4,"DEU"
2025,"englisch",4,"DEU"
2026,"entdecken",4,"DEU"
2027,"entfallen",4,"DEU"
2028,"entscheidet",4,"DEU"
2029,"entscheidungen",4,"DEU"
2030,"entschied",4,"DEU"
2031,"entschuldigen",4,"DEU"
2032,"entstehen",4,"DEU"
2033,"entsteht",4,"DEU"
2034,"entwickelt",4,"DEU"
2035,"entwickler",4,"DEU"
2036,"epidemie",4,"DEU"
2037,"ereignis",4,"DEU"
2038,"erfahrung",4,"DEU"
2039,"erfasst",4,"DEU"
2040,"erfolgreich",4,"DEU"
2041,"erforderlich",4,"DEU"
2042,"erhält",4,"DEU"
2043,"erheblichen",4,"DEU"
2044,"erhielt",4,"DEU"
2045,"erhöhten",4,"DEU"
2046,"erklären",4,"DEU"
2047,"erklärung",4,"DEU"
2048,"erkrankt",4,"DEU"
2049,"erkrankte",4,"DEU"
2050,"erkrankung",4,"DEU"
2051,"erwarte",4,"DEU"
2052,"erwischt",4,"DEU"
2053,"erzählt",4,"DEU"
2054,"erzielte",4,"DEU"
2055,"event",4,"DEU"
2056,"fahne",4,"DEU"
2057,"fahrzeuge",4,"DEU"
2058,"fakten",4,"DEU"
2059,"fallzahlen",4,"DEU"
2060,"falsche",4,"DEU"
2061,"fehler",4,"DEU"
2062,"fehlt",4,"DEU"
2063,"feststellen",4,"DEU"
2064,"finanziellen",4,"DEU"
2065,"flügel",4,"DEU"
2066,"flugzeug",4,"DEU"
2067,"forderung",4,"DEU"
2068,"format",4,"DEU"
2069,"fortuna",4,"DEU"
2070,"franz",4,"DEU"
2071,"freistaat",4,"DEU"
2072,"freude",4,"DEU"
2073,"fritz",4,"DEU"
2074,"früheren",4,"DEU"
2075,"frühstück",4,"DEU"
2076,"fühlt",4,"DEU"
2077,"fuß",4,"DEU"
2078,"fußballer",4,"DEU"
2079,"gastgeber",4,"DEU"
2080,"gates",4,"DEU"
2081,"gebäude",4,"DEU"
2082,"geblieben",4,"DEU"
2083,"geboten",4,"DEU"
2084,"gedenken",4,"DEU"
2085,"geeinigt",4,"DEU"
2086,"gegangen",4,"DEU"
2087,"geholt",4,"DEU"
2088,"gehörte",4,"DEU"
2089,"gehweg",4,"DEU"
2090,"gekämpft",4,"DEU"
2091,"geklappt",4,"DEU"
2092,"gekürt",4,"DEU"
2093,"gelassen",4,"DEU"
2094,"geldstrafe",4,"DEU"
2095,"gelegen",4,"DEU"
2096,"gelegt",4,"DEU"
2097,"gelernt",4,"DEU"
2098,"geltende",4,"DEU"
2099,"generell",4,"DEU"
2100,"geräusche",4,"DEU"
2101,"gerufen",4,"DEU"
2102,"gesamten",4,"DEU"
2103,"geschossen",4,"DEU"
2104,"geschrieben",4,"DEU"
2105,"gesichert",4,"DEU"
2106,"gestalten",4,"DEU"
2107,"gesundheitssystem",4,"DEU"
2108,"getan",4,"DEU"
2109,"getesteten",4,"DEU"
2110,"getragen",4,"DEU"
2111,"gewannen",4,"DEU"
2112,"gewarnt",4,"DEU"
2113,"gewinne",4,"DEU"
2114,"gewinnt",4,"DEU"
2115,"gewohnt",4,"DEU"
2116,"gezogen",4,"DEU"
2117,"glaubt",4,"DEU"
2118,"gleiche",4,"DEU"
2119,"glücklich",4,"DEU"
2120,"größe",4,"DEU"
2121,"größere",4,"DEU"
2122,"großteil",4,"DEU"
2123,"grundlage",4,"DEU"
2124,"gymnasium",4,"DEU"
2125,"hafen",4,"DEU"
2126,"halb",4,"DEU"
2127,"halt",4,"DEU"
2128,"handy",4,"DEU"
2129,"hansi",4,"DEU"
2130,"häufig",4,"DEU"
2131,"heimat",4,"DEU"
2132,"hermann",4,"DEU"
2133,"herz",4,"DEU"
2134,"hilfen",4,"DEU"
2135,"hilfsprogramme",4,"DEU"
2136,"hofft",4,"DEU"
2137,"hohen",4,"DEU"
2138,"hoher",4,"DEU"
2139,"hsv",4,"DEU"
2140,"hund",4,"DEU"
2141,"hunde",4,"DEU"
2142,"hundert",4,"DEU"
2143,"hygiene",4,"DEU"
2144,"hygienekonzept",4,"DEU"
2145,"hygienemaßnahmen",4,"DEU"
2146,"immerhin",4,"DEU"
2147,"index",4,"DEU"
2148,"industrie",4,"DEU"
2149,"infolge",4,"DEU"
2150,"infrastruktur",4,"DEU"
2151,"inklusive",4,"DEU"
2152,"internationale",4,"DEU"
2153,"investieren",4,"DEU"
2154,"inzidenz",4,"DEU"
2155,"irgendwie",4,"DEU"
2156,"jahresende",4,"DEU"
2157,"jährlich",4,"DEU"
2158,"jahrzehnten",4,"DEU"
2159,"james",4,"DEU"
2160,"jedem",4,"DEU"
2161,"jedenfalls",4,"DEU"
2162,"jens",4,"DEU"
2163,"joachim",4,"DEU"
2164,"johann",4,"DEU"
2165,"john",4,"DEU"
2166,"josef",4,"DEU"
2167,"jüngsten",4,"DEU"
2168,"kabinett",4,"DEU"
2169,"kämpfen",4,"DEU"
2170,"karl",4,"DEU"
2171,"kennzeichen",4,"DEU"
2172,"kerzen",4,"DEU"
2173,"klären",4,"DEU"
2174,"kleinere",4,"DEU"
2175,"klimaschutz",4,"DEU"
2176,"klinik",4,"DEU"
2177,"klubs",4,"DEU"
2178,"kohfeldt",4,"DEU"
2179,"komme",4,"DEU"
2180,"kontakte",4,"DEU"
2181,"kontrollen",4,"DEU"
2182,"konzerns",4,"DEU"
2183,"konzert",4,"DEU"
2184,"kostenlos",4,"DEU"
2185,"krachte",4,"DEU"
2186,"krank",4,"DEU"
2187,"krankenkasse",4,"DEU"
2188,"kreuz",4,"DEU"
2189,"krieg",4,"DEU"
2190,"küche",4,"DEU"
2191,"kugel",4,"DEU"
2192,"künftigen",4,"DEU"
2193,"kursziel",4,"DEU"
2194,"kurzem",4,"DEU"
2195,"kurzer",4,"DEU"
2196,"landesweit",4,"DEU"
2197,"landete",4,"DEU"
2198,"lasse",4,"DEU"
2199,"laufen",4,"DEU"
2200,"laura",4,"DEU"
2201,"lausanne",4,"DEU"
2202,"lebens",4,"DEU"
2203,"leichte",4,"DEU"
2204,"leiden",4,"DEU"
2205,"leisten",4,"DEU"
2206,"leuten",4,"DEU"
2207,"leyen",4,"DEU"
2208,"liebsten",4,"DEU"
2209,"liefern",4,"DEU"
2210,"linke",4,"DEU"
2211,"lkw",4,"DEU"
2212,"lockerungen",4,"DEU"
2213,"lokal",4,"DEU"
2214,"lokalen",4,"DEU"
2215,"lösen",4,"DEU"
2216,"ludwig",4,"DEU"
2217,"luft",4,"DEU"
2218,"lufthansa",4,"DEU"
2219,"lukaschenko",4,"DEU"
2220,"m",4,"DEU"
2221,"mache",4,"DEU"
2222,"magazin",4,"DEU"
2223,"manchen",4,"DEU"
2224,"manchmal",4,"DEU"
2225,"mannschaften",4,"DEU"
2226,"maria",4,"DEU"
2227,"martin",4,"DEU"
2228,"marvel",4,"DEU"
2229,"massiv",4,"DEU"
2230,"mediziner",4,"DEU"
2231,"meistens",4,"DEU"
2232,"meldete",4,"DEU"
2233,"millionenstadt",4,"DEU"
2234,"ministerpräsident",4,"DEU"
2235,"missachtung",4,"DEU"
2236,"mitarbeitenden",4,"DEU"
2237,"mitarbeiterinnen",4,"DEU"
2238,"miteinander",4,"DEU"
2239,"mitgeteilt",4,"DEU"
2240,"mitglieder",4,"DEU"
2241,"mitnehmen",4,"DEU"
2242,"mitteilung",4,"DEU"
2243,"mitteln",4,"DEU"
2244,"mitten",4,"DEU"
2245,"mobile",4,"DEU"
2246,"möglicher",4,"DEU"
2247,"musik",4,"DEU"
2248,"mutmaßlichen",4,"DEU"
2249,"nachfolger",4,"DEU"
2250,"nachgewiesen",4,"DEU"
2251,"nachwuchs",4,"DEU"
2252,"näher",4,"DEU"
2253,"nahverkehr",4,"DEU"
2254,"nase",4,"DEU"
2255,"nationalen",4,"DEU"
2256,"negativen",4,"DEU"
2257,"nennen",4,"DEU"
2258,"neubau",4,"DEU"
2259,"news",4,"DEU"
2260,"niederlage",4,"DEU"
2261,"nina",4,"DEU"
2262,"nochmals",4,"DEU"
2263,"nord",4,"DEU"
2264,"nürnberg",4,"DEU"
2265,"nutzern",4,"DEU"
2266,"o",4,"DEU"
2267,"oberen",4,"DEU"
2268,"öffentlich",4,"DEU"
2269,"offiziell",4,"DEU"
2270,"oliver",4,"DEU"
2271,"oma",4,"DEU"
2272,"option",4,"DEU"
2273,"organisation",4,"DEU"
2274,"orten",4,"DEU"
2275,"ostern",4,"DEU"
2276,"österreichischen",4,"DEU"
2277,"österreichs",4,"DEU"
2278,"outperform",4,"DEU"
2279,"övp",4,"DEU"
2280,"pariser",4,"DEU"
2281,"parlament",4,"DEU"
2282,"partnern",4,"DEU"
2283,"party",4,"DEU"
2284,"pass",4,"DEU"
2285,"personal",4,"DEU"
2286,"persönliche",4,"DEU"
2287,"pfarrer",4,"DEU"
2288,"pfingsten",4,"DEU"
2289,"pflicht",4,"DEU"
2290,"phänomen",4,"DEU"
2291,"philipp",4,"DEU"
2292,"plan",4,"DEU"
2293,"plattformen",4,"DEU"
2294,"pleite",4,"DEU"
2295,"politisch",4,"DEU"
2296,"polizist",4,"DEU"
2297,"pop",4,"DEU"
2298,"position",4,"DEU"
2299,"posten",4,"DEU"
2300,"präsentieren",4,"DEU"
2301,"prime",4,"DEU"
2302,"produktion",4,"DEU"
2303,"prüfungen",4,"DEU"
2304,"punkten",4,"DEU"
2305,"qualifikation",4,"DEU"
2306,"raketen",4,"DEU"
2307,"ramelow",4,"DEU"
2308,"reaktionen",4,"DEU"
2309,"real",4,"DEU"
2310,"rechnen",4,"DEU"
2311,"rechtlich",4,"DEU"
2312,"reden",4,"DEU"
2313,"regierungen",4,"DEU"
2314,"regionale",4,"DEU"
2315,"reichlich",4,"DEU"
2316,"relativ",4,"DEU"
2317,"rest",4,"DEU"
2318,"richtlinien",4,"DEU"
2319,"rollt",4,"DEU"
2320,"rot",4,"DEU"
2321,"rtl",4,"DEU"
2322,"rückgang",4,"DEU"
2323,"rückschlüsse",4,"DEU"
2324,"rücktritt",4,"DEU"
2325,"rufen",4,"DEU"
2326,"ruhen",4,"DEU"
2327,"ryanair",4,"DEU"
2328,"sah",4,"DEU"
2329,"salzburger",4,"DEU"
2330,"samstagmorgen",4,"DEU"
2331,"sämtliche",4,"DEU"
2332,"sanders",4,"DEU"
2333,"scharf",4,"DEU"
2334,"schauspielerin",4,"DEU"
2335,"schiedsrichter",4,"DEU"
2336,"schlägt",4,"DEU"
2337,"schlicht",4,"DEU"
2338,"schlug",4,"DEU"
2339,"schmidt",4,"DEU"
2340,"schnee",4,"DEU"
2341,"schnelle",4,"DEU"
2342,"schnitt",4,"DEU"
2343,"schwierig",4,"DEU"
2344,"sebastian",4,"DEU"
2345,"seitdem",4,"DEU"
2346,"senat",4,"DEU"
2347,"senatsverwaltung",4,"DEU"
2348,"senioren",4,"DEU"
2349,"setzten",4,"DEU"
2350,"sg",4,"DEU"
2351,"sicheren",4,"DEU"
2352,"sichergestellt",4,"DEU"
2353,"sinnvoll",4,"DEU"
2354,"sitz",4,"DEU"
2355,"skeptisch",4,"DEU"
2356,"smartphones",4,"DEU"
2357,"solcher",4,"DEU"
2358,"solidarität",4,"DEU"
2359,"songs",4,"DEU"
2360,"sonntagnachmittag",4,"DEU"
2361,"spannend",4,"DEU"
2362,"spät",4,"DEU"
2363,"spitzenreiter",4,"DEU"
2364,"spüren",4,"DEU"
2365,"städte",4,"DEU"
2366,"städtischen",4,"DEU"
2367,"stärken",4,"DEU"
2368,"stars",4,"DEU"
2369,"steckt",4,"DEU"
2370,"stellvertreter",4,"DEU"
2371,"steuern",4,"DEU"
2372,"steuerzahler",4,"DEU"
2373,"stiftung",4,"DEU"
2374,"stil",4,"DEU"
2375,"stolz",4,"DEU"
2376,"streit",4,"DEU"
2377,"strom",4,"DEU"
2378,"suchte",4,"DEU"
2379,"suisse",4,"DEU"
2380,"syrien",4,"DEU"
2381,"szenario",4,"DEU"
2382,"tages",4,"DEU"
2383,"tätig",4,"DEU"
2384,"technischen",4,"DEU"
2385,"teilen",4,"DEU"
2386,"telefon",4,"DEU"
2387,"temperaturen",4,"DEU"
2388,"teppich",4,"DEU"
2389,"text",4,"DEU"
2390,"thüringer",4,"DEU"
2391,"tickets",4,"DEU"
2392,"tiefen",4,"DEU"
2393,"tier",4,"DEU"
2394,"to",4,"DEU"
2395,"tonnen",4,"DEU"
2396,"toren",4,"DEU"
2397,"tragödie",4,"DEU"
2398,"trainieren",4,"DEU"
2399,"trainingslager",4,"DEU"
2400,"traten",4,"DEU"
2401,"tritt",4,"DEU"
2402,"trug",4,"DEU"
2403,"truppen",4,"DEU"
2404,"tschechien",4,"DEU"
2405,"türkischen",4,"DEU"
2406,"überfordert",4,"DEU"
2407,"übernehmen",4,"DEU"
2408,"überraschende",4,"DEU"
2409,"übrigens",4,"DEU"
2410,"ufer",4,"DEU"
2411,"umfeld",4,"DEU"
2412,"umstellung",4,"DEU"
2413,"unabhängig",4,"DEU"
2414,"unbedingt",4,"DEU"
2415,"unentschieden",4,"DEU"
2416,"unglück",4,"DEU"
2417,"untersucht",4,"DEU"
2418,"untersuchung",4,"DEU"
2419,"urteil",4,"DEU"
2420,"vehement",4,"DEU"
2421,"verabschiedet",4,"DEU"
2422,"verändert",4,"DEU"
2423,"verantwortlich",4,"DEU"
2424,"verboten",4,"DEU"
2425,"verbreiten",4,"DEU"
2426,"verbreitung",4,"DEU"
2427,"verdacht",4,"DEU"
2428,"verdienen",4,"DEU"
2429,"verfassung",4,"DEU"
2430,"verfügt",4,"DEU"
2431,"verglichen",4,"DEU"
2432,"verheiratet",4,"DEU"
2433,"verlängert",4,"DEU"
2434,"verlängerung",4,"DEU"
2435,"verlangt",4,"DEU"
2436,"verliert",4,"DEU"
2437,"verlor",4,"DEU"
2438,"vermehrt",4,"DEU"
2439,"vermuten",4,"DEU"
2440,"verordnung",4,"DEU"
2441,"versammelten",4,"DEU"
2442,"verschiedene",4,"DEU"
2443,"verstehen",4,"DEU"
2444,"verstorbenen",4,"DEU"
2445,"verstoß",4,"DEU"
2446,"versuche",4,"DEU"
2447,"versuchten",4,"DEU"
2448,"vertreter",4,"DEU"
2449,"verwenden",4,"DEU"
2450,"verwendet",4,"DEU"
2451,"verzögert",4,"DEU"
2452,"via",4,"DEU"
2453,"videokonferenz",4,"DEU"
2454,"videos",4,"DEU"
2455,"vordergrund",4,"DEU"
2456,"vorgänge",4,"DEU"
2457,"vorgesehen",4,"DEU"
2458,"vorhanden",4,"DEU"
2459,"vormittag",4,"DEU"
2460,"vorn",4,"DEU"
2461,"vorsitzenden",4,"DEU"
2462,"vorteil",4,"DEU"
2463,"vw",4,"DEU"
2464,"wagner",4,"DEU"
2465,"warnte",4,"DEU"
2466,"wdr",4,"DEU"
2467,"website",4,"DEU"
2468,"weihnachten",4,"DEU"
2469,"weitgehend",4,"DEU"
2470,"wende",4,"DEU"
2471,"werfen",4,"DEU"
2472,"wiederaufbau",4,"DEU"
2473,"wirft",4,"DEU"
2474,"wirtschaftliche",4,"DEU"
2475,"wissenschaft",4,"DEU"
2476,"wünsche",4,"DEU"
2477,"wusste",4,"DEU"
2478,"www",4,"DEU"
2479,"xbox",4,"DEU"
2480,"zählt",4,"DEU"
2481,"zeitpunkt",4,"DEU"
2482,"zieht",4,"DEU"
2483,"zog",4,"DEU"
2484,"zogen",4,"DEU"
2485,"zoll",4,"DEU"
2486,"zoo",4,"DEU"
2487,"zufrieden",4,"DEU"
2488,"zugang",4,"DEU"
2489,"zukünftig",4,"DEU"
2490,"zunehmend",4,"DEU"
2491,"zweimal",4,"DEU"
2492,"zweiter",4,"DEU"
2493,"02",3,"DEU"
2494,"05",3,"DEU"
2495,"08",3,"DEU"
2496,"1000",3,"DEU"
2497,"110",3,"DEU"
2498,"120",3,"DEU"
2499,"130",3,"DEU"
2500,"1500",3,"DEU"
2501,"160",3,"DEU"
2502,"1991",3,"DEU"
2503,"1992",3,"DEU"
2504,"2006",3,"DEU"
2505,"2007",3,"DEU"
2506,"2008",3,"DEU"
2507,"2011",3,"DEU"
2508,"2012",3,"DEU"
2509,"2077",3,"DEU"
2510,"239",3,"DEU"
2511,"44",3,"DEU"
2512,"5000",3,"DEU"
2513,"51",3,"DEU"
2514,"53",3,"DEU"
2515,"54",3,"DEU"
2516,"57",3,"DEU"
2517,"700",3,"DEU"
2518,"79",3,"DEU"
2519,"81",3,"DEU"
2520,"82",3,"DEU"
2521,"84",3,"DEU"
2522,"89",3,"DEU"
2523,"98",3,"DEU"
2524,"a2",3,"DEU"
2525,"abermals",3,"DEU"
2526,"abgelehnt",3,"DEU"
2527,"abgestimmt",3,"DEU"
2528,"abkommen",3,"DEU"
2529,"absage",3,"DEU"
2530,"absagen",3,"DEU"
2531,"abschied",3,"DEU"
2532,"absolut",3,"DEU"
2533,"absolviert",3,"DEU"
2534,"abzug",3,"DEU"
2535,"ach",3,"DEU"
2536,"adac",3,"DEU"
2537,"adresse",3,"DEU"
2538,"agentur",3,"DEU"
2539,"ahnen",3,"DEU"
2540,"ähnliche",3,"DEU"
2541,"akademie",3,"DEU"
2542,"akteure",3,"DEU"
2543,"aktiven",3,"DEU"
2544,"aktivisten",3,"DEU"
2545,"aktivitäten",3,"DEU"
2546,"akzeptanz",3,"DEU"
2547,"alkoholisierte",3,"DEU"
2548,"amerikanische",3,"DEU"
2549,"amsterdam",3,"DEU"
2550,"amtskollegen",3,"DEU"
2551,"analyser",3,"DEU"
2552,"analyst",3,"DEU"
2553,"änderungen",3,"DEU"
2554,"andré",3,"DEU"
2555,"anfing",3,"DEU"
2556,"angegriffen",3,"DEU"
2557,"angehörige",3,"DEU"
2558,"angelique",3,"DEU"
2559,"angestellt",3,"DEU"
2560,"ankommen",3,"DEU"
2561,"ankündigung",3,"DEU"
2562,"ankündigungen",3,"DEU"
2563,"anlage",3,"DEU"
2564,"anlagen",3,"DEU"
2565,"anna",3,"DEU"
2566,"anpassungen",3,"DEU"
2567,"anscheinend",3,"DEU"
2568,"ansicht",3,"DEU"
2569,"anstatt",3,"DEU"
2570,"anstehende",3,"DEU"
2571,"anteil",3,"DEU"
2572,"antifa",3,"DEU"
2573,"antrag",3,"DEU"
2574,"anziehungskraft",3,"DEU"
2575,"appelliert",3,"DEU"
2576,"apps",3,"DEU"
2577,"arbeitsmarkt",3,"DEU"
2578,"arbeitsplatz",3,"DEU"
2579,"ard",3,"DEU"
2580,"ärgert",3,"DEU"
2581,"argumente",3,"DEU"
2582,"armee",3,"DEU"
2583,"armen",3,"DEU"
2584,"armin",3,"DEU"
2585,"arzt",3,"DEU"
2586,"aspekte",3,"DEU"
2587,"aufeinandertreffen",3,"DEU"
2588,"auffällig",3,"DEU"
2589,"aufgehalten",3,"DEU"
2590,"aufgehoben",3,"DEU"
2591,"aufsehen",3,"DEU"
2592,"aufseiten",3,"DEU"
2593,"auftakt",3,"DEU"
2594,"ausbrüche",3,"DEU"
2595,"ausdauer",3,"DEU"
2596,"ausgehen",3,"DEU"
2597,"ausgenommen",3,"DEU"
2598,"ausgetragen",3,"DEU"
2599,"ausnahme",3,"DEU"
2600,"ausnahmezustand",3,"DEU"
2601,"ausreichende",3,"DEU"
2602,"ausrüstung",3,"DEU"
2603,"aussage",3,"DEU"
2604,"aussehen",3,"DEU"
2605,"außenminister",3,"DEU"
2606,"ausserdem",3,"DEU"
2607,"äußerte",3,"DEU"
2608,"ausstellungen",3,"DEU"
2609,"auswärts",3,"DEU"
2610,"ausweg",3,"DEU"
2611,"auszugehen",3,"DEU"
2612,"autobahn",3,"DEU"
2613,"automatisch",3,"DEU"
2614,"az",3,"DEU"
2615,"bahnhof",3,"DEU"
2616,"bälle",3,"DEU"
2617,"barrel",3,"DEU"
2618,"bars",3,"DEU"
2619,"battle",3,"DEU"
2620,"baum",3,"DEU"
2621,"beachten",3,"DEU"
2622,"beantragt",3,"DEU"
2623,"beauftragt",3,"DEU"
2624,"bedarf",3,"DEU"
2625,"beelen",3,"DEU"
2626,"befand",3,"DEU"
2627,"befürworter",3,"DEU"
2628,"beginne",3,"DEU"
2629,"begriff",3,"DEU"
2630,"behoben",3,"DEU"
2631,"beinahe",3,"DEU"
2632,"bekämen",3,"DEU"
2633,"bekannte",3,"DEU"
2634,"bekannten",3,"DEU"
2635,"beklagen",3,"DEU"
2636,"bekommt",3,"DEU"
2637,"belassen",3,"DEU"
2638,"belässt",3,"DEU"
2639,"belastet",3,"DEU"
2640,"belegt",3,"DEU"
2641,"belegte",3,"DEU"
2642,"benzin",3,"DEU"
2643,"beratung",3,"DEU"
2644,"bereichen",3,"DEU"
2645,"berger",3,"DEU"
2646,"berichte",3,"DEU"
2647,"bern",3,"DEU"
2648,"bernhard",3,"DEU"
2649,"bernie",3,"DEU"
2650,"berücksichtigung",3,"DEU"
2651,"berufen",3,"DEU"
2652,"beruht",3,"DEU"
2653,"beschäftigt",3,"DEU"
2654,"beschimpft",3,"DEU"
2655,"besitzt",3,"DEU"
2656,"bestehenden",3,"DEU"
2657,"besuchern",3,"DEU"
2658,"besucht",3,"DEU"
2659,"beta",3,"DEU"
2660,"betreut",3,"DEU"
2661,"betreuung",3,"DEU"
2662,"bevorstehenden",3,"DEU"
2663,"bewegt",3,"DEU"
2664,"beweis",3,"DEU"
2665,"bianca",3,"DEU"
2666,"bier",3,"DEU"
2667,"bikes",3,"DEU"
2668,"bilden",3,"DEU"
2669,"bildern",3,"DEU"
2670,"bildung",3,"DEU"
2671,"bill",3,"DEU"
2672,"bist",3,"DEU"
2673,"bittet",3,"DEU"
2674,"blau",3,"DEU"
2675,"bleibe",3,"DEU"
2676,"bochum",3,"DEU"
2677,"bonn",3,"DEU"
2678,"bonner",3,"DEU"
2679,"börsenschluss",3,"DEU"
2680,"bosse",3,"DEU"
2681,"brauche",3,"DEU"
2682,"braun",3,"DEU"
2683,"bremer",3,"DEU"
2684,"bremse",3,"DEU"
2685,"brexit",3,"DEU"
2686,"britney",3,"DEU"
2687,"budget",3,"DEU"
2688,"bundes",3,"DEU"
2689,"bundesaußenminister",3,"DEU"
2690,"bundespolizisten",3,"DEU"
2691,"bundesstaaten",3,"DEU"
2692,"bundestagspräsident",3,"DEU"
2693,"büros",3,"DEU"
2694,"business",3,"DEU"
2695,"bussen",3,"DEU"
2696,"carlos",3,"DEU"
2697,"center",3,"DEU"
2698,"chancenlos",3,"DEU"
2699,"charles",3,"DEU"
2700,"chief",3,"DEU"
2701,"chinas",3,"DEU"
2702,"chinesische",3,"DEU"
2703,"christoph",3,"DEU"
2704,"city",3,"DEU"
2705,"computer",3,"DEU"
2706,"d",3,"DEU"
2707,"dachte",3,"DEU"
2708,"daniela",3,"DEU"
2709,"darstellt",3,"DEU"
2710,"ddr",3,"DEU"
2711,"debatten",3,"DEU"
2712,"demokratie",3,"DEU"
2713,"demonstrierten",3,"DEU"
2714,"denkt",3,"DEU"
2715,"di",3,"DEU"
2716,"differenzen",3,"DEU"
2717,"direktor",3,"DEU"
2718,"discovery",3,"DEU"
2719,"donnerstagmorgen",3,"DEU"
2720,"dortige",3,"DEU"
2721,"dran",3,"DEU"
2722,"drehen",3,"DEU"
2723,"drehte",3,"DEU"
2724,"drogen",3,"DEU"
2725,"drogeneinfluss",3,"DEU"
2726,"drosten",3,"DEU"
2727,"dunklen",3,"DEU"
2728,"durfte",3,"DEU"
2729,"düsseldorf",3,"DEU"
2730,"dynamik",3,"DEU"
2731,"echtes",3,"DEU"
2732,"eckball",3,"DEU"
2733,"edition",3,"DEU"
2734,"ehemalige",3,"DEU"
2735,"ehemaligen",3,"DEU"
2736,"eigener",3,"DEU"
2737,"einbruch",3,"DEU"
2738,"eingeladen",3,"DEU"
2739,"eingelegt",3,"DEU"
2740,"eingezogen",3,"DEU"
2741,"eingreifen",3,"DEU"
2742,"einigung",3,"DEU"
2743,"einkaufen",3,"DEU"
2744,"einkehren",3,"DEU"
2745,"einreise",3,"DEU"
2746,"einsam",3,"DEU"
2747,"einsatzkräfte",3,"DEU"
2748,"einschränkung",3,"DEU"
2749,"einschränkungen",3,"DEU"
2750,"einschreiben",3,"DEU"
2751,"einstieg",3,"DEU"
2752,"einzelhandel",3,"DEU"
2753,"einzudämmen",3,"DEU"
2754,"eis",3,"DEU"
2755,"eishockey",3,"DEU"
2756,"elektronische",3,"DEU"
2757,"elfmeter",3,"DEU"
2758,"empfehlungen",3,"DEU"
2759,"energie",3,"DEU"
2760,"energien",3,"DEU"
2761,"entscheiden",3,"DEU"
2762,"entspannung",3,"DEU"
2763,"entsprechend",3,"DEU"
2764,"entsprechende",3,"DEU"
2765,"entsprechenden",3,"DEU"
2766,"entwarnung",3,"DEU"
2767,"entwickeln",3,"DEU"
2768,"entwickelte",3,"DEU"
2769,"erfolgt",3,"DEU"
2770,"ergänzt",3,"DEU"
2771,"ergänzte",3,"DEU"
2772,"ergebnislos",3,"DEU"
2773,"erhältlich",3,"DEU"
2774,"erkannt",3,"DEU"
2775,"erkrankten",3,"DEU"
2776,"erleben",3,"DEU"
2777,"erneuten",3,"DEU"
2778,"eröffnete",3,"DEU"
2779,"erreger",3,"DEU"
2780,"errichtet",3,"DEU"
2781,"erscheinen",3,"DEU"
2782,"erscheint",3,"DEU"
2783,"etliche",3,"DEU"
2784,"euch",3,"DEU"
2785,"europas",3,"DEU"
2786,"exakt",3,"DEU"
2787,"existenz",3,"DEU"
2788,"extra",3,"DEU"
2789,"facetten",3,"DEU"
2790,"fahnder",3,"DEU"
2791,"fällen",3,"DEU"
2792,"falsch",3,"DEU"
2793,"fass",3,"DEU"
2794,"fassung",3,"DEU"
2795,"favoriten",3,"DEU"
2796,"feier",3,"DEU"
2797,"feuerwehrleute",3,"DEU"
2798,"fifa",3,"DEU"
2799,"figur",3,"DEU"
2800,"filmen",3,"DEU"
2801,"finale",3,"DEU"
2802,"finde",3,"DEU"
2803,"flieger",3,"DEU"
2804,"florian",3,"DEU"
2805,"florida",3,"DEU"
2806,"flüchtete",3,"DEU"
2807,"flüchtlinge",3,"DEU"
2808,"folgende",3,"DEU"
2809,"folgt",3,"DEU"
2810,"folie",3,"DEU"
2811,"forderten",3,"DEU"
2812,"förderung",3,"DEU"
2813,"forderungen",3,"DEU"
2814,"formel",3,"DEU"
2815,"foundation",3,"DEU"
2816,"fragte",3,"DEU"
2817,"fraktionschef",3,"DEU"
2818,"france",3,"DEU"
2819,"freiheit",3,"DEU"
2820,"freiwillige",3,"DEU"
2821,"frischen",3,"DEU"
2822,"früh",3,"DEU"
2823,"frühere",3,"DEU"
2824,"fügte",3,"DEU"
2825,"fund",3,"DEU"
2826,"fünften",3,"DEU"
2827,"funktionen",3,"DEU"
2828,"funktionieren",3,"DEU"
2829,"fürchtet",3,"DEU"
2830,"fußgänger",3,"DEU"
2831,"gaia",3,"DEU"
2832,"galerie",3,"DEU"
2833,"gallen",3,"DEU"
2834,"gang",3,"DEU"
2835,"garten",3,"DEU"
2836,"gebraucht",3,"DEU"
2837,"gefährliche",3,"DEU"
2838,"gefolgt",3,"DEU"
2839,"gegenseite",3,"DEU"
2840,"gegründet",3,"DEU"
2841,"geholfen",3,"DEU"
2842,"gehörten",3,"DEU"
2843,"gelben",3,"DEU"
2844,"gelder",3,"DEU"
2845,"gelegenen",3,"DEU"
2846,"geliefert",3,"DEU"
2847,"gelingt",3,"DEU"
2848,"geltenden",3,"DEU"
2849,"gemeinden",3,"DEU"
2850,"genannt",3,"DEU"
2851,"genesen",3,"DEU"
2852,"george",3,"DEU"
2853,"geprüft",3,"DEU"
2854,"gerechnet",3,"DEU"
2855,"gerettet",3,"DEU"
2856,"gerichtshof",3,"DEU"
2857,"geriet",3,"DEU"
2858,"gering",3,"DEU"
2859,"geruch",3,"DEU"
2860,"geschaffen",3,"DEU"
2861,"geschäften",3,"DEU"
2862,"geschäftsführung",3,"DEU"
2863,"geschätzt",3,"DEU"
2864,"geschehen",3,"DEU"
2865,"geschichten",3,"DEU"
2866,"gesetz",3,"DEU"
2867,"gesetzt",3,"DEU"
2868,"gestiegen",3,"DEU"
2869,"gestimmt",3,"DEU"
2870,"gestoßen",3,"DEU"
2871,"gesucht",3,"DEU"
2872,"gesundheits",3,"DEU"
2873,"gesunken",3,"DEU"
2874,"gewalt",3,"DEU"
2875,"gewässer",3,"DEU"
2876,"gewerkschaft",3,"DEU"
2877,"gewinn",3,"DEU"
2878,"gewöhnen",3,"DEU"
2879,"gezählt",3,"DEU"
2880,"gitarre",3,"DEU"
2881,"gladbeck",3,"DEU"
2882,"glauben",3,"DEU"
2883,"gleichen",3,"DEU"
2884,"gleichnamigen",3,"DEU"
2885,"gleichstellung",3,"DEU"
2886,"globalen",3,"DEU"
2887,"golf",3,"DEU"
2888,"gott",3,"DEU"
2889,"gottesdienst",3,"DEU"
2890,"gottesdienste",3,"DEU"
2891,"grand",3,"DEU"
2892,"gremium",3,"DEU"
2893,"grenze",3,"DEU"
2894,"grenzt",3,"DEU"
2895,"grippe",3,"DEU"
2896,"großem",3,"DEU"
2897,"gründe",3,"DEU"
2898,"grundschulen",3,"DEU"
2899,"h",3,"DEU"
2900,"halbe",3,"DEU"
2901,"halbzeit",3,"DEU"
2902,"hamburger",3,"DEU"
2903,"händler",3,"DEU"
2904,"hannover",3,"DEU"
2905,"hardware",3,"DEU"
2906,"harten",3,"DEU"
2907,"hartnäckig",3,"DEU"
2908,"häufigsten",3,"DEU"
2909,"hauses",3,"DEU"
2910,"heiko",3,"DEU"
2911,"heiße",3,"DEU"
2912,"heißen",3,"DEU"
2913,"helden",3,"DEU"
2914,"herne",3,"DEU"
2915,"herr",3,"DEU"
2916,"herrscht",3,"DEU"
2917,"herstellung",3,"DEU"
2918,"herzen",3,"DEU"
2919,"hierzulande",3,"DEU"
2920,"himmel",3,"DEU"
2921,"hinsichtlich",3,"DEU"
2922,"hinspiel",3,"DEU"
2923,"hinterher",3,"DEU"
2924,"hinweis",3,"DEU"
2925,"hinweise",3,"DEU"
2926,"höchsten",3,"DEU"
2927,"hochzeit",3,"DEU"
2928,"hoffe",3,"DEU"
2929,"höhere",3,"DEU"
2930,"höheren",3,"DEU"
2931,"hotspot",3,"DEU"
2932,"https",3,"DEU"
2933,"hunderte",3,"DEU"
2934,"ideen",3,"DEU"
2935,"impfstoffs",3,"DEU"
2936,"impfung",3,"DEU"
2937,"indem",3,"DEU"
2938,"indes",3,"DEU"
2939,"infektionsgeschehen",3,"DEU"
2940,"inhaber",3,"DEU"
2941,"inhalt",3,"DEU"
2942,"insassen",3,"DEU"
2943,"inseln",3,"DEU"
2944,"installiert",3,"DEU"
2945,"instituts",3,"DEU"
2946,"interessen",3,"DEU"
2947,"interessiert",3,"DEU"
2948,"investitionen",3,"DEU"
2949,"ios",3,"DEU"
2950,"irgendwo",3,"DEU"
2951,"israel",3,"DEU"
2952,"israelischen",3,"DEU"
2953,"jänner",3,"DEU"
2954,"japan",3,"DEU"
2955,"jean",3,"DEU"
2956,"jederzeit",3,"DEU"
2957,"jugendliche",3,"DEU"
2958,"julian",3,"DEU"
2959,"junger",3,"DEU"
2960,"jury",3,"DEU"
2961,"justiz",3,"DEU"
2962,"k",3,"DEU"
2963,"kamera",3,"DEU"
2964,"kämpfer",3,"DEU"
2965,"kanal",3,"DEU"
2966,"kanton",3,"DEU"
2967,"kantonalen",3,"DEU"
2968,"kapazitäten",3,"DEU"
2969,"karlsruher",3,"DEU"
2970,"karrenbauer",3,"DEU"
2971,"karten",3,"DEU"
2972,"katholischen",3,"DEU"
2973,"katzen",3,"DEU"
2974,"keinem",3,"DEU"
2975,"kemmerich",3,"DEU"
2976,"kennen",3,"DEU"
2977,"kerber",3,"DEU"
2978,"kevin",3,"DEU"
2979,"kim",3,"DEU"
2980,"kimmich",3,"DEU"
2981,"kino",3,"DEU"
2982,"kita",3,"DEU"
2983,"klagenfurt",3,"DEU"
2984,"klarheit",3,"DEU"
2985,"kleiner",3,"DEU"
2986,"klingt",3,"DEU"
2987,"km",3,"DEU"
2988,"köhler",3,"DEU"
2989,"kollegin",3,"DEU"
2990,"kommentaren",3,"DEU"
2991,"kommentieren",3,"DEU"
2992,"kommunikation",3,"DEU"
2993,"kompromiss",3,"DEU"
2994,"kongress",3,"DEU"
2995,"kontaktpersonen",3,"DEU"
2996,"kontext",3,"DEU"
2997,"kontrollieren",3,"DEU"
2998,"kostenlose",3,"DEU"
2999,"kostet",3,"DEU"
3000,"kottbusser",3,"DEU"
3001,"kramp",3,"DEU"
3002,"kreisen",3,"DEU"
3003,"kretschmann",3,"DEU"
3004,"kriegen",3,"DEU"
3005,"krisen",3,"DEU"
3006,"kritisch",3,"DEU"
3007,"kritisieren",3,"DEU"
3008,"kritisierte",3,"DEU"
3009,"kunde",3,"DEU"
3010,"kundgebung",3,"DEU"
3011,"kundin",3,"DEU"
3012,"künstlerin",3,"DEU"
3013,"kurzarbeit",3,"DEU"
3014,"kurzfristig",3,"DEU"
3015,"kürzlich",3,"DEU"
3016,"küste",3,"DEU"
3017,"ländlichen",3,"DEU"
3018,"langer",3,"DEU"
3019,"längerem",3,"DEU"
3020,"langsam",3,"DEU"
3021,"lastwagen",3,"DEU"
3022,"laufe",3,"DEU"
3023,"lebensmitteln",3,"DEU"
3024,"leer",3,"DEU"
3025,"legt",3,"DEU"
3026,"leichten",3,"DEU"
3027,"leinwand",3,"DEU"
3028,"leistungen",3,"DEU"
3029,"leitindex",3,"DEU"
3030,"lernen",3,"DEU"
3031,"level",3,"DEU"
3032,"lives",3,"DEU"
3033,"logo",3,"DEU"
3034,"london",3,"DEU"
3035,"lösten",3,"DEU"
3036,"lugano",3,"DEU"
3037,"luigi",3,"DEU"
3038,"maas",3,"DEU"
3039,"mahnte",3,"DEU"
3040,"manager",3,"DEU"
3041,"mangels",3,"DEU"
3042,"mannschaftstraining",3,"DEU"
3043,"marcel",3,"DEU"
3044,"mario",3,"DEU"
3045,"mark",3,"DEU"
3046,"marken",3,"DEU"
3047,"märkte",3,"DEU"
3048,"marktplatz",3,"DEU"
3049,"martina",3,"DEU"
3050,"massentests",3,"DEU"
3051,"matter",3,"DEU"
3052,"matthias",3,"DEU"
3053,"mauer",3,"DEU"
3054,"mcgregor",3,"DEU"
3055,"media",3,"DEU"
3056,"medizinische",3,"DEU"
3057,"medizinischen",3,"DEU"
3058,"meer",3,"DEU"
3059,"meinte",3,"DEU"
3060,"meldet",3,"DEU"
3061,"mengen",3,"DEU"
3062,"mercedes",3,"DEU"
3063,"merkels",3,"DEU"
3064,"merz",3,"DEU"
3065,"messer",3,"DEU"
3066,"methoden",3,"DEU"
3067,"minimieren",3,"DEU"
3068,"minute",3,"DEU"
3069,"mio",3,"DEU"
3070,"mitarbeiterin",3,"DEU"
3071,"mittelmeer",3,"DEU"
3072,"mittwochnachmittag",3,"DEU"
3073,"möchten",3,"DEU"
3074,"montagnachmittag",3,"DEU"
3075,"montags",3,"DEU"
3076,"morgigen",3,"DEU"
3077,"motorrad",3,"DEU"
3078,"motorradfahrer",3,"DEU"
3079,"msv",3,"DEU"
3080,"müll",3,"DEU"
3081,"mundschutz",3,"DEU"
3082,"museums",3,"DEU"
3083,"mutmaßliche",3,"DEU"
3084,"nachbar",3,"DEU"
3085,"nachbarland",3,"DEU"
3086,"nachbarn",3,"DEU"
3087,"nachgedacht",3,"DEU"
3088,"nachhaltige",3,"DEU"
3089,"nachhaltigen",3,"DEU"
3090,"nachhaltigkeit",3,"DEU"
3091,"nachricht",3,"DEU"
3092,"nahm",3,"DEU"
3093,"nation",3,"DEU"
3094,"nato",3,"DEU"
3095,"ndr",3,"DEU"
3096,"neckertal",3,"DEU"
3097,"niederösterreich",3,"DEU"
3098,"niedersachsen",3,"DEU"
3099,"niemals",3,"DEU"
3100,"nikolaus",3,"DEU"
3101,"nordsee",3,"DEU"
3102,"normalität",3,"DEU"
3103,"nübel",3,"DEU"
3104,"nummer",3,"DEU"
3105,"nunmehr",3,"DEU"
3106,"nutzt",3,"DEU"
3107,"nutzte",3,"DEU"
3108,"oberbürgermeister",3,"DEU"
3109,"oberliga",3,"DEU"
3110,"oberste",3,"DEU"
3111,"offenen",3,"DEU"
3112,"offensichtlich",3,"DEU"
3113,"officer",3,"DEU"
3114,"offizielle",3,"DEU"
3115,"öffnungszeiten",3,"DEU"
3116,"öl",3,"DEU"
3117,"onkel",3,"DEU"
3118,"oppositionellen",3,"DEU"
3119,"optimistisch",3,"DEU"
3120,"organisationen",3,"DEU"
3121,"organisatoren",3,"DEU"
3122,"organisieren",3,"DEU"
3123,"organisiert",3,"DEU"
3124,"orte",3,"DEU"
3125,"örtlichen",3,"DEU"
3126,"ortszeit",3,"DEU"
3127,"ost",3,"DEU"
3128,"osten",3,"DEU"
3129,"p",3,"DEU"
3130,"papier",3,"DEU"
3131,"paraguay",3,"DEU"
3132,"paris",3,"DEU"
3133,"park",3,"DEU"
3134,"parlaments",3,"DEU"
3135,"partys",3,"DEU"
3136,"passagiere",3,"DEU"
3137,"passen",3,"DEU"
3138,"persönlich",3,"DEU"
3139,"petition",3,"DEU"
3140,"pflege",3,"DEU"
3141,"philippe",3,"DEU"
3142,"plänen",3,"DEU"
3143,"plant",3,"DEU"
3144,"planung",3,"DEU"
3145,"planungssicherheit",3,"DEU"
3146,"plätzen",3,"DEU"
3147,"pokal",3,"DEU"
3148,"politischer",3,"DEU"
3149,"positive",3,"DEU"
3150,"post",3,"DEU"
3151,"postete",3,"DEU"
3152,"premiere",3,"DEU"
3153,"print",3,"DEU"
3154,"private",3,"DEU"
3155,"produziert",3,"DEU"
3156,"queen",3,"DEU"
3157,"r",3,"DEU"
3158,"rachel",3,"DEU"
3159,"radio",3,"DEU"
3160,"rand",3,"DEU"
3161,"rande",3,"DEU"
3162,"rassismus",3,"DEU"
3163,"rassistischen",3,"DEU"
3164,"rb",3,"DEU"
3165,"reagieren",3,"DEU"
3166,"rechnet",3,"DEU"
3167,"rechten",3,"DEU"
3168,"reduzieren",3,"DEU"
3169,"regelung",3,"DEU"
3170,"regen",3,"DEU"
3171,"regionalligist",3,"DEU"
3172,"reine",3,"DEU"
3173,"respekt",3,"DEU"
3174,"restaurants",3,"DEU"
3175,"revue",3,"DEU"
3176,"richtet",3,"DEU"
3177,"richtigen",3,"DEU"
3178,"richtlinie",3,"DEU"
3179,"riesen",3,"DEU"
3180,"ring",3,"DEU"
3181,"risikogebiete",3,"DEU"
3182,"road",3,"DEU"
3183,"royale",3,"DEU"
3184,"ruf",3,"DEU"
3185,"s20",3,"DEU"
3186,"sache",3,"DEU"
3187,"satz",3,"DEU"
3188,"säulen",3,"DEU"
3189,"schau",3,"DEU"
3190,"schäuble",3,"DEU"
3191,"schicke",3,"DEU"
3192,"schießt",3,"DEU"
3193,"schiff",3,"DEU"
3194,"schließe",3,"DEU"
3195,"schließung",3,"DEU"
3196,"schöne",3,"DEU"
3197,"schönen",3,"DEU"
3198,"schritte",3,"DEU"
3199,"schuljahr",3,"DEU"
3200,"schulschließungen",3,"DEU"
3201,"schutzausrüstung",3,"DEU"
3202,"schwächen",3,"DEU"
3203,"schwärmte",3,"DEU"
3204,"schwedische",3,"DEU"
3205,"seinerzeit",3,"DEU"
3206,"seitens",3,"DEU"
3207,"sektor",3,"DEU"
3208,"sekunden",3,"DEU"
3209,"selben",3,"DEU"
3210,"seltener",3,"DEU"
3211,"series",3,"DEU"
3212,"sicherlich",3,"DEU"
3213,"siegen",3,"DEU"
3214,"sieger",3,"DEU"
3215,"silvester",3,"DEU"
3216,"simon",3,"DEU"
3217,"sinn",3,"DEU"
3218,"sitzt",3,"DEU"
3219,"sitzung",3,"DEU"
3220,"sky",3,"DEU"
3221,"smartphone",3,"DEU"
3222,"social",3,"DEU"
3223,"sofern",3,"DEU"
3224,"sozialwohnungen",3,"DEU"
3225,"sp",3,"DEU"
3226,"spears",3,"DEU"
3227,"spekuliert",3,"DEU"
3228,"spezielle",3,"DEU"
3229,"spielern",3,"DEU"
3230,"spieltag",3,"DEU"
3231,"spirit",3,"DEU"
3232,"spontan",3,"DEU"
3233,"sprache",3,"DEU"
3234,"staatliche",3,"DEU"
3235,"staats",3,"DEU"
3236,"stadtteil",3,"DEU"
3237,"standorte",3,"DEU"
3238,"starkes",3,"DEU"
3239,"startete",3,"DEU"
3240,"stattfindet",3,"DEU"
3241,"status",3,"DEU"
3242,"stehe",3,"DEU"
3243,"steigender",3,"DEU"
3244,"stephan",3,"DEU"
3245,"sterben",3,"DEU"
3246,"stetig",3,"DEU"
3247,"stößt",3,"DEU"
3248,"strecke",3,"DEU"
3249,"streichen",3,"DEU"
3250,"streifen",3,"DEU"
3251,"strengen",3,"DEU"
3252,"stress",3,"DEU"
3253,"strich",3,"DEU"
3254,"strikt",3,"DEU"
3255,"stuhl",3,"DEU"
3256,"stünden",3,"DEU"
3257,"stürmer",3,"DEU"
3258,"stürzen",3,"DEU"
3259,"sucht",3,"DEU"
3260,"summe",3,"DEU"
3261,"supermarkt",3,"DEU"
3262,"superstar",3,"DEU"
3263,"tagesordnung",3,"DEU"
3264,"tageszeitung",3,"DEU"
3265,"talent",3,"DEU"
3266,"talente",3,"DEU"
3267,"tatsache",3,"DEU"
3268,"teile",3,"DEU"
3269,"teilnahme",3,"DEU"
3270,"teils",3,"DEU"
3271,"telegram",3,"DEU"
3272,"tempo",3,"DEU"
3273,"termine",3,"DEU"
3274,"tesla",3,"DEU"
3275,"testspiel",3,"DEU"
3276,"teurer",3,"DEU"
3277,"tiefe",3,"DEU"
3278,"tiktok",3,"DEU"
3279,"time",3,"DEU"
3280,"times",3,"DEU"
3281,"tobias",3,"DEU"
3282,"tödlich",3,"DEU"
3283,"torwart",3,"DEU"
3284,"tot",3,"DEU"
3285,"totalschaden",3,"DEU"
3286,"traditionelle",3,"DEU"
3287,"trafen",3,"DEU"
3288,"traum",3,"DEU"
3289,"trier",3,"DEU"
3290,"trikot",3,"DEU"
3291,"tropfen",3,"DEU"
3292,"turnier",3,"DEU"
3293,"tut",3,"DEU"
3294,"überarbeitet",3,"DEU"
3295,"überblick",3,"DEU"
3296,"übergang",3,"DEU"
3297,"übernommen",3,"DEU"
3298,"überschritten",3,"DEU"
3299,"überstanden",3,"DEU"
3300,"übertragen",3,"DEU"
3301,"übrigen",3,"DEU"
3302,"umgehen",3,"DEU"
3303,"umsetzen",3,"DEU"
3304,"umso",3,"DEU"
3305,"umstritten",3,"DEU"
3306,"umzug",3,"DEU"
3307,"unbekannt",3,"DEU"
3308,"unbekannter",3,"DEU"
3309,"universität",3,"DEU"
3310,"unklar",3,"DEU"
3311,"unmöglich",3,"DEU"
3312,"unseres",3,"DEU"
3313,"unterhaltung",3,"DEU"
3314,"unternehmens",3,"DEU"
3315,"unternehmer",3,"DEU"
3316,"unterrichtet",3,"DEU"
3317,"unterscheiden",3,"DEU"
3318,"unterschiedliche",3,"DEU"
3319,"unterstützer",3,"DEU"
3320,"unterzeichnet",3,"DEU"
3321,"ursprünglich",3,"DEU"
3322,"ursula",3,"DEU"
3323,"usb",3,"DEU"
3324,"veränderungen",3,"DEU"
3325,"verband",3,"DEU"
3326,"verbessert",3,"DEU"
3327,"verbinden",3,"DEU"
3328,"verbindet",3,"DEU"
3329,"verbindung",3,"DEU"
3330,"verbrechen",3,"DEU"
3331,"verbreitet",3,"DEU"
3332,"verbringen",3,"DEU"
3333,"verdächtige",3,"DEU"
3334,"verdiente",3,"DEU"
3335,"vereinbart",3,"DEU"
3336,"verfahren",3,"DEU"
3337,"verfolgen",3,"DEU"
3338,"vergangene",3,"DEU"
3339,"vergrößert",3,"DEU"
3340,"verkaufsverbot",3,"DEU"
3341,"verkauft",3,"DEU"
3342,"verkündete",3,"DEU"
3343,"verlangen",3,"DEU"
3344,"verlängern",3,"DEU"
3345,"verlauf",3,"DEU"
3346,"verlieren",3,"DEU"
3347,"verluste",3,"DEU"
3348,"veröffentlichen",3,"DEU"
3349,"verpflichtet",3,"DEU"
3350,"verrät",3,"DEU"
3351,"verschärft",3,"DEU"
3352,"verschiebung",3,"DEU"
3353,"versetzt",3,"DEU"
3354,"versorgt",3,"DEU"
3355,"versteckt",3,"DEU"
3356,"versteht",3,"DEU"
3357,"verstorben",3,"DEU"
3358,"versucht",3,"DEU"
3359,"verteilt",3,"DEU"
3360,"verursachte",3,"DEU"
3361,"verurteilt",3,"DEU"
3362,"verwies",3,"DEU"
3363,"vfl",3,"DEU"
3364,"vhs",3,"DEU"
3365,"vieler",3,"DEU"
3366,"vieles",3,"DEU"
3367,"viertelstunde",3,"DEU"
3368,"vize",3,"DEU"
3369,"vogel",3,"DEU"
3370,"volkswagen",3,"DEU"
3371,"volle",3,"DEU"
3372,"vollständige",3,"DEU"
3373,"vorbereitung",3,"DEU"
3374,"vorgenommen",3,"DEU"
3375,"vorgesetzten",3,"DEU"
3376,"vorläufigen",3,"DEU"
3377,"vorliegenden",3,"DEU"
3378,"vornherein",3,"DEU"
3379,"vorschlag",3,"DEU"
3380,"vorschriften",3,"DEU"
3381,"vorsitzender",3,"DEU"
3382,"vorwurf",3,"DEU"
3383,"vorzubereiten",3,"DEU"
3384,"w",3,"DEU"
3385,"wächst",3,"DEU"
3386,"waffen",3,"DEU"
3387,"wahlen",3,"DEU"
3388,"wahlkampf",3,"DEU"
3389,"wahren",3,"DEU"
3390,"wahrscheinlichkeit",3,"DEU"
3391,"wald",3,"DEU"
3392,"wars",3,"DEU"
3393,"wartete",3,"DEU"
3394,"washington",3,"DEU"
3395,"waymo",3,"DEU"
3396,"webseite",3,"DEU"
3397,"wechsel",3,"DEU"
3398,"wechseln",3,"DEU"
3399,"weile",3,"DEU"
3400,"wenngleich",3,"DEU"
3401,"wesentlich",3,"DEU"
3402,"weshalb",3,"DEU"
3403,"west",3,"DEU"
3404,"wiederholt",3,"DEU"
3405,"wiederum",3,"DEU"
3406,"wiederwahl",3,"DEU"
3407,"wieso",3,"DEU"
3408,"willkommen",3,"DEU"
3409,"winfried",3,"DEU"
3410,"wirklichkeit",3,"DEU"
3411,"wirtschaftlicher",3,"DEU"
3412,"wirtschaftskrise",3,"DEU"
3413,"wisse",3,"DEU"
3414,"wlan",3,"DEU"
3415,"wobei",3,"DEU"
3416,"wochenenden",3,"DEU"
3417,"wolf",3,"DEU"
3418,"wolfsburg",3,"DEU"
3419,"wonach",3,"DEU"
3420,"wort",3,"DEU"
3421,"wovon",3,"DEU"
3422,"wut",3,"DEU"
3423,"zahlreichen",3,"DEU"
3424,"zahlungen",3,"DEU"
3425,"zdf",3,"DEU"
3426,"zeichnete",3,"DEU"
3427,"zeitgleich",3,"DEU"
3428,"zentraler",3,"DEU"
3429,"zentrum",3,"DEU"
3430,"ziele",3,"DEU"
3431,"ziemlich",3,"DEU"
3432,"zugelassen",3,"DEU"
3433,"zugleich",3,"DEU"
3434,"zukünftigen",3,"DEU"
3435,"zunehmen",3,"DEU"
3436,"zurückgefahren",3,"DEU"
3437,"zurückgegangen",3,"DEU"
3438,"zurückgetreten",3,"DEU"
3439,"zusätzlichen",3,"DEU"
3440,"zustand",3,"DEU"
3441,"01",2,"DEU"
3442,"07",2,"DEU"
3443,"09",2,"DEU"
3444,"093",2,"DEU"
3445,"113",2,"DEU"
3446,"125",2,"DEU"
3447,"131",2,"DEU"
3448,"135",2,"DEU"
3449,"168",2,"DEU"
3450,"170",2,"DEU"
3451,"1840",2,"DEU"
3452,"1978",2,"DEU"
3453,"1995",2,"DEU"
3454,"200",2,"DEU"
3455,"2000",2,"DEU"
3456,"2002",2,"DEU"
3457,"2005",2,"DEU"
3458,"2009",2,"DEU"
3459,"2040",2,"DEU"
3460,"2500",2,"DEU"
3461,"319",2,"DEU"
3462,"3d",2,"DEU"
3463,"440",2,"DEU"
3464,"49",2,"DEU"
3465,"4k",2,"DEU"
3466,"500gb",2,"DEU"
3467,"56",2,"DEU"
3468,"574",2,"DEU"
3469,"5g",2,"DEU"
3470,"61",2,"DEU"
3471,"72",2,"DEU"
3472,"737",2,"DEU"
3473,"78",2,"DEU"
3474,"85",2,"DEU"
3475,"87",2,"DEU"
3476,"900",2,"DEU"
3477,"92",2,"DEU"
3478,"94",2,"DEU"
3479,"95",2,"DEU"
3480,"97",2,"DEU"
3481,"979",2,"DEU"
3482,"99",2,"DEU"
3483,"aachen",2,"DEU"
3484,"aalen",2,"DEU"
3485,"aaron",2,"DEU"
3486,"abbremsen",2,"DEU"
3487,"abbruch",2,"DEU"
3488,"abenteuer",2,"DEU"
3489,"abgaben",2,"DEU"
3490,"abgebrochen",2,"DEU"
3491,"abgegeben",2,"DEU"
3492,"abgehalten",2,"DEU"
3493,"abgelaufen",2,"DEU"
3494,"abgelöst",2,"DEU"
3495,"abgreifen",2,"DEU"
3496,"ablehnen",2,"DEU"
3497,"ablehnung",2,"DEU"
3498,"absatz",2,"DEU"
3499,"abschließende",2,"DEU"
3500,"abschluss",2,"DEU"
3501,"abschlüsse",2,"DEU"
3502,"abschneiden",2,"DEU"
3503,"abschnitt",2,"DEU"
3504,"absolvieren",2,"DEU"
3505,"absprache",2,"DEU"
3506,"absteiger",2,"DEU"
3507,"abstieg",2,"DEU"
3508,"abstiegskampf",2,"DEU"
3509,"abstimmung",2,"DEU"
3510,"abstimmungen",2,"DEU"
3511,"abu",2,"DEU"
3512,"abverlangen",2,"DEU"
3513,"abwarten",2,"DEU"
3514,"abwehrspieler",2,"DEU"
3515,"access",2,"DEU"
3516,"account",2,"DEU"
3517,"achiko",2,"DEU"
3518,"achim",2,"DEU"
3519,"ad",2,"DEU"
3520,"add",2,"DEU"
3521,"adele",2,"DEU"
3522,"adressiert",2,"DEU"
3523,"adrian",2,"DEU"
3524,"afp",2,"DEU"
3525,"afrika",2,"DEU"
3526,"aggressiven",2,"DEU"
3527,"agrarpolitik",2,"DEU"
3528,"ahmad",2,"DEU"
3529,"ahnt",2,"DEU"
3530,"aida",2,"DEU"
3531,"airbnb",2,"DEU"
3532,"akk",2,"DEU"
3533,"aktualisiert",2,"DEU"
3534,"aktualisierte",2,"DEU"
3535,"aktuelles",2,"DEU"
3536,"akut",2,"DEU"
3537,"alaba",2,"DEU"
3538,"albas",2,"DEU"
3539,"albert",2,"DEU"
3540,"alexej",2,"DEU"
3541,"alfons",2,"DEU"
3542,"alfonso",2,"DEU"
3543,"alfter",2,"DEU"
3544,"algarve",2,"DEU"
3545,"allenfalls",2,"DEU"
3546,"allgemeine",2,"DEU"
3547,"allzeithoch",2,"DEU"
3548,"allzu",2,"DEU"
3549,"alpen",2,"DEU"
3550,"altkreis",2,"DEU"
3551,"altstadt",2,"DEU"
3552,"alzheimer",2,"DEU"
3553,"amd",2,"DEU"
3554,"amerikaner",2,"DEU"
3555,"amerikanern",2,"DEU"
3556,"amherd",2,"DEU"
3557,"amigos",2,"DEU"
3558,"amtes",2,"DEU"
3559,"amtierende",2,"DEU"
3560,"amtsinhaber",2,"DEU"
3561,"analysieren",2,"DEU"
3562,"analystin",2,"DEU"
3563,"andauernd",2,"DEU"
3564,"anderswo",2,"DEU"
3565,"andrej",2,"DEU"
3566,"aneinander",2,"DEU"
3567,"anfangen",2,"DEU"
3568,"anforderungen",2,"DEU"
3569,"anfragen",2,"DEU"
3570,"anführer",2,"DEU"
3571,"angebliche",2,"DEU"
3572,"angeführt",2,"DEU"
3573,"angegeben",2,"DEU"
3574,"angeht",2,"DEU"
3575,"angekommen",2,"DEU"
3576,"angekündigte",2,"DEU"
3577,"angelegt",2,"DEU"
3578,"angelegten",2,"DEU"
3579,"angemeldeten",2,"DEU"
3580,"angeordnet",2,"DEU"
3581,"anger",2,"DEU"
3582,"angeschaut",2,"DEU"
3583,"angesehen",2,"DEU"
3584,"angesetzt",2,"DEU"
3585,"angespannt",2,"DEU"
3586,"angesteckt",2,"DEU"
3587,"angezeigt",2,"DEU"
3588,"angrenzende",2,"DEU"
3589,"angriffe",2,"DEU"
3590,"angriffen",2,"DEU"
3591,"anhaltende",2,"DEU"
3592,"anhängern",2,"DEU"
3593,"anke",2,"DEU"
3594,"anklage",2,"DEU"
3595,"anlauf",2,"DEU"
3596,"anlegen",2,"DEU"
3597,"anliegen",2,"DEU"
3598,"anlieger",2,"DEU"
3599,"anmelden",2,"DEU"
3600,"ann",2,"DEU"
3601,"anpfiff",2,"DEU"
3602,"anschauen",2,"DEU"
3603,"anschaut",2,"DEU"
3604,"anschlägen",2,"DEU"
3605,"anschliessend",2,"DEU"
3606,"anschlussstelle",2,"DEU"
3607,"anspielung",2,"DEU"
3608,"anstalten",2,"DEU"
3609,"anstecken",2,"DEU"
3610,"ansteckungen",2,"DEU"
3611,"ansteckungsrisiko",2,"DEU"
3612,"ansteigen",2,"DEU"
3613,"anstelle",2,"DEU"
3614,"anthony",2,"DEU"
3615,"anton",2,"DEU"
3616,"antonio",2,"DEU"
3617,"anträge",2,"DEU"
3618,"antwortet",2,"DEU"
3619,"anwalt",2,"DEU"
3620,"anwälte",2,"DEU"
3621,"anwälten",2,"DEU"
3622,"anwesen",2,"DEU"
3623,"anwesend",2,"DEU"
3624,"anwesenden",2,"DEU"
3625,"anzahl",2,"DEU"
3626,"apa",2,"DEU"
3627,"äpfel",2,"DEU"
3628,"appelle",2,"DEU"
3629,"applaus",2,"DEU"
3630,"aprilia",2,"DEU"
3631,"arbeiter",2,"DEU"
3632,"arbeitsalltag",2,"DEU"
3633,"arbeitskreis",2,"DEU"
3634,"arbeitslosen",2,"DEU"
3635,"arbeitsplätze",2,"DEU"
3636,"arbeitsverhältnis",2,"DEU"
3637,"architekt",2,"DEU"
3638,"archivbild",2,"DEU"
3639,"argentinien",2,"DEU"
3640,"argumentieren",2,"DEU"
3641,"arm",2,"DEU"
3642,"ärmsten",2,"DEU"
3643,"arnstadt",2,"DEU"
3644,"ärztin",2,"DEU"
3645,"asghari",2,"DEU"
3646,"asien",2,"DEU"
3647,"aspekten",2,"DEU"
3648,"assad",2,"DEU"
3649,"asset",2,"DEU"
3650,"assoziiert",2,"DEU"
3651,"asunción",2,"DEU"
3652,"at",2,"DEU"
3653,"athleten",2,"DEU"
3654,"atlantik",2,"DEU"
3655,"atlantikküste",2,"DEU"
3656,"atlas",2,"DEU"
3657,"atlético",2,"DEU"
3658,"atp",2,"DEU"
3659,"attackierte",2,"DEU"
3660,"attentat",2,"DEU"
3661,"attraktiv",2,"DEU"
3662,"audi",2,"DEU"
3663,"aufbringen",2,"DEU"
3664,"aufbruch",2,"DEU"
3665,"aufenthalt",2,"DEU"
3666,"aufführungen",2,"DEU"
3667,"aufgebaut",2,"DEU"
3668,"aufgefunden",2,"DEU"
3669,"aufgestellt",2,"DEU"
3670,"aufgestockt",2,"DEU"
3671,"aufklärung",2,"DEU"
3672,"aufkommen",2,"DEU"
3673,"auflösen",2,"DEU"
3674,"aufnahmen",2,"DEU"
3675,"aufschlag",2,"DEU"
3676,"aufstieg",2,"DEU"
3677,"aufwand",2,"DEU"
3678,"aufzunehmen",2,"DEU"
3679,"augsburg",2,"DEU"
3680,"ausbruch",2,"DEU"
3681,"ausdrücklich",2,"DEU"
3682,"ausfällt",2,"DEU"
3683,"ausflug",2,"DEU"
3684,"ausgaben",2,"DEU"
3685,"ausgangsbeschränkungen",2,"DEU"
3686,"ausgangslage",2,"DEU"
3687,"ausgangssperre",2,"DEU"
3688,"ausgearbeitet",2,"DEU"
3689,"ausgebildet",2,"DEU"
3690,"ausgebucht",2,"DEU"
3691,"ausgegeben",2,"DEU"
3692,"ausgerichtet",2,"DEU"
3693,"ausgeschlossen",2,"DEU"
3694,"ausgesehen",2,"DEU"
3695,"ausgestellt",2,"DEU"
3696,"ausgestrahlt",2,"DEU"
3697,"ausgetauscht",2,"DEU"
3698,"ausgewertet",2,"DEU"
3699,"ausgezeichnet",2,"DEU"
3700,"ausländische",2,"DEU"
3701,"auslösen",2,"DEU"
3702,"ausmaß",2,"DEU"
3703,"ausnahmefällen",2,"DEU"
3704,"ausnahmen",2,"DEU"
3705,"ausreichen",2,"DEU"
3706,"ausreichenden",2,"DEU"
3707,"ausreise",2,"DEU"
3708,"aussendung",2,"DEU"
3709,"außenpolitik",2,"DEU"
3710,"äußern",2,"DEU"
3711,"äußerungen",2,"DEU"
3712,"äusserungen",2,"DEU"
3713,"aussieht",2,"DEU"
3714,"aussteigen",2,"DEU"
3715,"austausch",2,"DEU"
3716,"austauschen",2,"DEU"
3717,"australien",2,"DEU"
3718,"ausüben",2,"DEU"
3719,"ausweichen",2,"DEU"
3720,"auszuschließen",2,"DEU"
3721,"auszutauschen",2,"DEU"
3722,"autoren",2,"DEU"
3723,"autorität",2,"DEU"
3724,"avm",2,"DEU"
3725,"award",2,"DEU"
3726,"aws",2,"DEU"
3727,"baader",2,"DEU"
3728,"bagdad",2,"DEU"
3729,"bahnen",2,"DEU"
3730,"bale",2,"DEU"
3731,"ballbesitz",2,"DEU"
3732,"banditen",2,"DEU"
3733,"bands",2,"DEU"
3734,"bargeld",2,"DEU"
3735,"barlach",2,"DEU"
3736,"barrierefreiheit",2,"DEU"
3737,"basel",2,"DEU"
3738,"baskets",2,"DEU"
3739,"bastien",2,"DEU"
3740,"bat",2,"DEU"
3741,"batterien",2,"DEU"
3742,"bauarbeiten",2,"DEU"
3743,"baubranche",2,"DEU"
3744,"bauch",2,"DEU"
3745,"baumgartner",2,"DEU"
3746,"bauwerk",2,"DEU"
3747,"bayerische",2,"DEU"
3748,"bayerischen",2,"DEU"
3749,"bc",2,"DEU"
3750,"beantworten",2,"DEU"
3751,"becker",2,"DEU"
3752,"bedeckt",2,"DEU"
3753,"bedeuten",2,"DEU"
3754,"bedeutendsten",2,"DEU"
3755,"bedroht",2,"DEU"
3756,"bedürftige",2,"DEU"
3757,"beeinflussen",2,"DEU"
3758,"beendete",2,"DEU"
3759,"beethoven",2,"DEU"
3760,"befanden",2,"DEU"
3761,"befragten",2,"DEU"
3762,"befund",2,"DEU"
3763,"befunden",2,"DEU"
3764,"befürchtet",2,"DEU"
3765,"begegnung",2,"DEU"
3766,"begegnungen",2,"DEU"
3767,"begrenzte",2,"DEU"
3768,"begründet",2,"DEU"
3769,"begrüßt",2,"DEU"
3770,"behauptet",2,"DEU"
3771,"behauptete",2,"DEU"
3772,"beigetragen",2,"DEU"
3773,"beiseite",2,"DEU"
3774,"bekämpfung",2,"DEU"
3775,"bekräftigt",2,"DEU"
3776,"belarussische",2,"DEU"
3777,"belasten",2,"DEU"
3778,"belaufen",2,"DEU"
3779,"beläuft",2,"DEU"
3780,"belegten",2,"DEU"
3781,"belegung",2,"DEU"
3782,"beleidigung",2,"DEU"
3783,"beleuchtet",2,"DEU"
3784,"belgien",2,"DEU"
3785,"beliebten",2,"DEU"
3786,"bemerkte",2,"DEU"
3787,"bemerkten",2,"DEU"
3788,"bemerkung",2,"DEU"
3789,"bemühen",2,"DEU"
3790,"bemüht",2,"DEU"
3791,"ben",2,"DEU"
3792,"benachbarten",2,"DEU"
3793,"benkert",2,"DEU"
3794,"benötigte",2,"DEU"
3795,"benutzt",2,"DEU"
3796,"benutzung",2,"DEU"
3797,"beobachten",2,"DEU"
3798,"beobachtete",2,"DEU"
3799,"ber",2,"DEU"
3800,"beratern",2,"DEU"
3801,"beratungen",2,"DEU"
3802,"bereiche",2,"DEU"
3803,"bereicherung",2,"DEU"
3804,"bereiten",2,"DEU"
3805,"bereitete",2,"DEU"
3806,"bergab",2,"DEU"
3807,"berichts",2,"DEU"
3808,"berlins",2,"DEU"
3809,"berücksichtigt",2,"DEU"
3810,"beruflich",2,"DEU"
3811,"berührung",2,"DEU"
3812,"besatzung",2,"DEU"
3813,"beschäftigten",2,"DEU"
3814,"beschert",2,"DEU"
3815,"beschloss",2,"DEU"
3816,"beschlossenen",2,"DEU"
3817,"beschränkt",2,"DEU"
3818,"beschreiben",2,"DEU"
3819,"beschreibung",2,"DEU"
3820,"beschrieben",2,"DEU"
3821,"beschuldigte",2,"DEU"
3822,"beschwerde",2,"DEU"
3823,"besetzte",2,"DEU"
3824,"besiegt",2,"DEU"
3825,"besinnen",2,"DEU"
3826,"besitzen",2,"DEU"
3827,"besonderer",2,"DEU"
3828,"besonderes",2,"DEU"
3829,"besorgt",2,"DEU"
3830,"besprechen",2,"DEU"
3831,"besseres",2,"DEU"
3832,"bestand",2,"DEU"
3833,"bestätigen",2,"DEU"
3834,"bestehe",2,"DEU"
3835,"bestehen",2,"DEU"
3836,"bestehende",2,"DEU"
3837,"bestellen",2,"DEU"
3838,"bestens",2,"DEU"
3839,"bestimmen",2,"DEU"
3840,"bestmöglich",2,"DEU"
3841,"besuche",2,"DEU"
3842,"besuchen",2,"DEU"
3843,"besuchte",2,"DEU"
3844,"beteiligt",2,"DEU"
3845,"beteiligung",2,"DEU"
3846,"betrachtet",2,"DEU"
3847,"beträchtliche",2,"DEU"
3848,"betraten",2,"DEU"
3849,"betreffend",2,"DEU"
3850,"betreiber",2,"DEU"
3851,"betreten",2,"DEU"
3852,"betrifft",2,"DEU"
3853,"betritt",2,"DEU"
3854,"betroffener",2,"DEU"
3855,"betrug",2,"DEU"
3856,"bewegungen",2,"DEU"
3857,"beweise",2,"DEU"
3858,"bewerber",2,"DEU"
3859,"bewundern",2,"DEU"
3860,"bewusstsein",2,"DEU"
3861,"bezahlt",2,"DEU"
3862,"bezeichnete",2,"DEU"
3863,"bezieht",2,"DEU"
3864,"bezirke",2,"DEU"
3865,"bezirksamt",2,"DEU"
3866,"bezogen",2,"DEU"
3867,"bezüglich",2,"DEU"
3868,"bibliothek",2,"DEU"
3869,"bierhoff",2,"DEU"
3870,"bike",2,"DEU"
3871,"bildschirme",2,"DEU"
3872,"binde",2,"DEU"
3873,"biontech",2,"DEU"
3874,"birgt",2,"DEU"
3875,"bischofskonferenz",2,"DEU"
3876,"bisherige",2,"DEU"
3877,"biss",2,"DEU"
3878,"bitten",2,"DEU"
3879,"blicken",2,"DEU"
3880,"blieben",2,"DEU"
3881,"block",2,"DEU"
3882,"blockade",2,"DEU"
3883,"bloggerin",2,"DEU"
3884,"bloomberg",2,"DEU"
3885,"blumen",2,"DEU"
3886,"blutspendeaktion",2,"DEU"
3887,"board",2,"DEU"
3888,"bodo",2,"DEU"
3889,"bolsonaro",2,"DEU"
3890,"bombastische",2,"DEU"
3891,"bond",2,"DEU"
3892,"booking",2,"DEU"
3893,"bornemann",2,"DEU"
3894,"bosch",2,"DEU"
3895,"boss",2,"DEU"
3896,"bot",2,"DEU"
3897,"boten",2,"DEU"
3898,"botschafter",2,"DEU"
3899,"bottrop",2,"DEU"
3900,"bouffier",2,"DEU"
3901,"brachen",2,"DEU"
3902,"brandenburgischen",2,"DEU"
3903,"brandes",2,"DEU"
3904,"brasilianer",2,"DEU"
3905,"brasilien",2,"DEU"
3906,"breeze",2,"DEU"
3907,"breite",2,"DEU"
3908,"bremens",2,"DEU"
3909,"bremsen",2,"DEU"
3910,"bricht",2,"DEU"
3911,"briefkasten",2,"DEU"
3912,"brown",2,"DEU"
3913,"bruch",2,"DEU"
3914,"brücke",2,"DEU"
3915,"bruder",2,"DEU"
3916,"brüder",2,"DEU"
3917,"brunnen",2,"DEU"
3918,"bsc",2,"DEU"
3919,"buche",2,"DEU"
3920,"buchmann",2,"DEU"
3921,"büchner",2,"DEU"
3922,"buden",2,"DEU"
3923,"bundesamt",2,"DEU"
3924,"bundeskanzler",2,"DEU"
3925,"bundesländern",2,"DEU"
3926,"bundespolizei",2,"DEU"
3927,"bundesstaat",2,"DEU"
3928,"bundestagsabgeordnete",2,"DEU"
3929,"bundestrainer",2,"DEU"
3930,"bundeswehr",2,"DEU"
3931,"bundesweite",2,"DEU"
3932,"bundesweiten",2,"DEU"
3933,"bundy",2,"DEU"
3934,"bunten",2,"DEU"
3935,"bürgerinnen",2,"DEU"
3936,"bürgerrechtler",2,"DEU"
3937,"burkhard",2,"DEU"
3938,"büro",2,"DEU"
3939,"bus",2,"DEU"
3940,"busch",2,"DEU"
3941,"bush",2,"DEU"
3942,"bushido",2,"DEU"
3943,"bußgeldkatalog",2,"DEU"
3944,"buttigieg",2,"DEU"
3945,"buy",2,"DEU"
3946,"c",2,"DEU"
3947,"café",2,"DEU"
3948,"cafés",2,"DEU"
3949,"can",2,"DEU"
3950,"cds",2,"DEU"
3951,"cent",2,"DEU"
3952,"central",2,"DEU"
3953,"ch",2,"DEU"
3954,"charttechnisch",2,"DEU"
3955,"check",2,"DEU"
3956,"chefs",2,"DEU"
3957,"chicago",2,"DEU"
3958,"chile",2,"DEU"
3959,"chinesen",2,"DEU"
3960,"chinesischen",2,"DEU"
3961,"chor",2,"DEU"
3962,"christ",2,"DEU"
3963,"christen",2,"DEU"
3964,"christina",2,"DEU"
3965,"christine",2,"DEU"
3966,"christopher",2,"DEU"
3967,"chronisch",2,"DEU"
3968,"cipollone",2,"DEU"
3969,"claudia",2,"DEU"
3970,"claus",2,"DEU"
3971,"clips",2,"DEU"
3972,"cloud",2,"DEU"
3973,"cnn",2,"DEU"
3974,"coaches",2,"DEU"
3975,"cola",2,"DEU"
3976,"consortium",2,"DEU"
3977,"container",2,"DEU"
3978,"content",2,"DEU"
3979,"coronabedingt",2,"DEU"
3980,"coronapandemie",2,"DEU"
3981,"coronasituation",2,"DEU"
3982,"coutinho",2,"DEU"
3983,"cover",2,"DEU"
3984,"craig",2,"DEU"
3985,"crucial",2,"DEU"
3986,"csd",2,"DEU"
3987,"czichos",2,"DEU"
3988,"dachten",2,"DEU"
3989,"dachverband",2,"DEU"
3990,"daheim",2,"DEU"
3991,"dahoam",2,"DEU"
3992,"damalige",2,"DEU"
3993,"damaligen",2,"DEU"
3994,"damen",2,"DEU"
3995,"dänemark",2,"DEU"
3996,"danni",2,"DEU"
3997,"danso",2,"DEU"
3998,"dar",2,"DEU"
3999,"darsteller",2,"DEU"
4000,"daß",2,"DEU"
4001,"dateien",2,"DEU"
4002,"datum",2,"DEU"
4003,"dauer",2,"DEU"
4004,"dauerhaft",2,"DEU"
4005,"dauern",2,"DEU"
4006,"dauerte",2,"DEU"
4007,"dc",2,"DEU"
4008,"ddr4",2,"DEU"
4009,"deal",2,"DEU"
4010,"debakel",2,"DEU"
4011,"decken",2,"DEU"
4012,"deen",2,"DEU"
4013,"deinem",2,"DEU"
4014,"deklaration",2,"DEU"
4015,"delaware",2,"DEU"
4016,"demmin",2,"DEU"
4017,"demonstriert",2,"DEU"
4018,"demzufolge",2,"DEU"
4019,"denjenigen",2,"DEU"
4020,"denke",2,"DEU"
4021,"departement",2,"DEU"
4022,"depot",2,"DEU"
4023,"derart",2,"DEU"
4024,"derzeitigen",2,"DEU"
4025,"designer",2,"DEU"
4026,"designerin",2,"DEU"
4027,"detail",2,"DEU"
4028,"deutliches",2,"DEU"
4029,"diagnose",2,"DEU"
4030,"dicht",2,"DEU"
4031,"dicken",2,"DEU"
4032,"diego",2,"DEU"
4033,"dienlich",2,"DEU"
4034,"dienst",2,"DEU"
4035,"dienstagmorgen",2,"DEU"
4036,"diesel",2,"DEU"
4037,"dietmar",2,"DEU"
4038,"director",2,"DEU"
4039,"direktorin",2,"DEU"
4040,"dirk",2,"DEU"
4041,"disney",2,"DEU"
4042,"display",2,"DEU"
4043,"doku",2,"DEU"
4044,"dokument",2,"DEU"
4045,"dokumenten",2,"DEU"
4046,"dominanz",2,"DEU"
4047,"doppel",2,"DEU"
4048,"doppelt",2,"DEU"
4049,"doppelten",2,"DEU"
4050,"dorf",2,"DEU"
4051,"dörfern",2,"DEU"
4052,"dorthin",2,"DEU"
4053,"dortigen",2,"DEU"
4054,"dortmunder",2,"DEU"
4055,"down",2,"DEU"
4056,"drag",2,"DEU"
4057,"drama",2,"DEU"
4058,"dramatischen",2,"DEU"
4059,"drängt",2,"DEU"
4060,"drastischen",2,"DEU"
4061,"drauf",2,"DEU"
4062,"draussen",2,"DEU"
4063,"dresdner",2,"DEU"
4064,"dringende",2,"DEU"
4065,"drk",2,"DEU"
4066,"drohen",2,"DEU"
4067,"drohnen",2,"DEU"
4068,"drüber",2,"DEU"
4069,"drücken",2,"DEU"
4070,"durchschnittlichen",2,"DEU"
4071,"durchschnittlicher",2,"DEU"
4072,"durchsetzen",2,"DEU"
4073,"durchsuchte",2,"DEU"
4074,"düsseldorfer",2,"DEU"
4075,"dutzend",2,"DEU"
4076,"dynamo",2,"DEU"
4077,"dz",2,"DEU"
4078,"echt",2,"DEU"
4079,"echte",2,"DEU"
4080,"ecke",2,"DEU"
4081,"ehefrau",2,"DEU"
4082,"eigentliche",2,"DEU"
4083,"eigentümer",2,"DEU"
4084,"eignet",2,"DEU"
4085,"einberufenen",2,"DEU"
4086,"einbringen",2,"DEU"
4087,"eindeutige",2,"DEU"
4088,"einerseits",2,"DEU"
4089,"einfachen",2,"DEU"
4090,"eingebunden",2,"DEU"
4091,"eingeführte",2,"DEU"
4092,"eingegangen",2,"DEU"
4093,"eingehen",2,"DEU"
4094,"eingeschickt",2,"DEU"
4095,"eingestellt",2,"DEU"
4096,"eingestuft",2,"DEU"
4097,"eingriffe",2,"DEU"
4098,"einheit",2,"DEU"
4099,"einhergehen",2,"DEU"
4100,"einiger",2,"DEU"
4101,"einmündung",2,"DEU"
4102,"einreiseverbot",2,"DEU"
4103,"einsatzbereit",2,"DEU"
4104,"einsatzstelle",2,"DEU"
4105,"einschätzung",2,"DEU"
4106,"einstellung",2,"DEU"
4107,"eintracht",2,"DEU"
4108,"einwanderung",2,"DEU"
4109,"einwohnern",2,"DEU"
4110,"einzelhandelsverband",2,"DEU"
4111,"einzelhändler",2,"DEU"
4112,"einzulegen",2,"DEU"
4113,"el",2,"DEU"
4114,"elektromotor",2,"DEU"
4115,"elektronischen",2,"DEU"
4116,"elisabeth",2,"DEU"
4117,"elon",2,"DEU"
4118,"emmanuel",2,"DEU"
4119,"emotionen",2,"DEU"
4120,"empfangen",2,"DEU"
4121,"empfängt",2,"DEU"
4122,"empfehlung",2,"DEU"
4123,"empfohlen",2,"DEU"
4124,"empört",2,"DEU"
4125,"end",2,"DEU"
4126,"enden",2,"DEU"
4127,"endspiel",2,"DEU"
4128,"enge",2,"DEU"
4129,"engem",2,"DEU"
4130,"enger",2,"DEU"
4131,"englischen",2,"DEU"
4132,"enorm",2,"DEU"
4133,"entdeckte",2,"DEU"
4134,"entlang",2,"DEU"
4135,"entlastung",2,"DEU"
4136,"entschädigt",2,"DEU"
4137,"entscheide",2,"DEU"
4138,"entscheidend",2,"DEU"
4139,"entsprechen",2,"DEU"
4140,"entsprechender",2,"DEU"
4141,"entsprechendes",2,"DEU"
4142,"entstanden",2,"DEU"
4143,"entstandenen",2,"DEU"
4144,"enttäuscht",2,"DEU"
4145,"entweder",2,"DEU"
4146,"entwendet",2,"DEU"
4147,"erdogans",2,"DEU"
4148,"ereignet",2,"DEU"
4149,"ereignete",2,"DEU"
4150,"erfahren",2,"DEU"
4151,"erfordernisse",2,"DEU"
4152,"erfordert",2,"DEU"
4153,"ergebe",2,"DEU"
4154,"ergeben",2,"DEU"
4155,"erheblich",2,"DEU"
4156,"erhebliche",2,"DEU"
4157,"erhielten",2,"DEU"
4158,"erhofft",2,"DEU"
4159,"erhöhte",2,"DEU"
4160,"erhöhung",2,"DEU"
4161,"erholen",2,"DEU"
4162,"erholung",2,"DEU"
4163,"ericsson",2,"DEU"
4164,"erinnerungen",2,"DEU"
4165,"erkenntnisse",2,"DEU"
4166,"erkrankungen",2,"DEU"
4167,"erkundet",2,"DEU"
4168,"erlach",2,"DEU"
4169,"erlangen",2,"DEU"
4170,"erlebt",2,"DEU"
4171,"erleichtern",2,"DEU"
4172,"erlernt",2,"DEU"
4173,"erlitt",2,"DEU"
4174,"ermittelt",2,"DEU"
4175,"ermittlungsverfahren",2,"DEU"
4176,"ernannt",2,"DEU"
4177,"erneuerbare",2,"DEU"
4178,"erneuert",2,"DEU"
4179,"erneute",2,"DEU"
4180,"eröffnen",2,"DEU"
4181,"eröffnet",2,"DEU"
4182,"erregte",2,"DEU"
4183,"erreichbar",2,"DEU"
4184,"erschien",2,"DEU"
4185,"erschwert",2,"DEU"
4186,"ersichtlich",2,"DEU"
4187,"erstattet",2,"DEU"
4188,"erstellt",2,"DEU"
4189,"erstling",2,"DEU"
4190,"erstmal",2,"DEU"
4191,"erwachsenen",2,"DEU"
4192,"erwähnt",2,"DEU"
4193,"erwarteten",2,"DEU"
4194,"erweiterungen",2,"DEU"
4195,"erwerben",2,"DEU"
4196,"erzählte",2,"DEU"
4197,"erzielen",2,"DEU"
4198,"erzielt",2,"DEU"
4199,"esg",2,"DEU"
4200,"esken",2,"DEU"
4201,"esther",2,"DEU"
4202,"etc",2,"DEU"
4203,"ethernet",2,"DEU"
4204,"europacup",2,"DEU"
4205,"europaparlament",2,"DEU"
4206,"eva",2,"DEU"
4207,"eventuell",2,"DEU"
4208,"existieren",2,"DEU"
4209,"experte",2,"DEU"
4210,"explizit",2,"DEU"
4211,"fach",2,"DEU"
4212,"fahr",2,"DEU"
4213,"fahre",2,"DEU"
4214,"fahrerin",2,"DEU"
4215,"fahrten",2,"DEU"
4216,"fahrzeugs",2,"DEU"
4217,"fairen",2,"DEU"
4218,"falle",2,"DEU"
4219,"falschen",2,"DEU"
4220,"fängt",2,"DEU"
4221,"farbe",2,"DEU"
4222,"fashion",2,"DEU"
4223,"features",2,"DEU"
4224,"fehlenden",2,"DEU"
4225,"feiertag",2,"DEU"
4226,"feiertagen",2,"DEU"
4227,"feierte",2,"DEU"
4228,"feierten",2,"DEU"
4229,"feind",2,"DEU"
4230,"feinen",2,"DEU"
4231,"feld",2,"DEU"
4232,"felder",2,"DEU"
4233,"felix",2,"DEU"
4234,"ferien",2,"DEU"
4235,"fernsehansprache",2,"DEU"
4236,"fernseher",2,"DEU"
4237,"festen",2,"DEU"
4238,"festgehalten",2,"DEU"
4239,"festivals",2,"DEU"
4240,"festnahme",2,"DEU"
4241,"feststellungen",2,"DEU"
4242,"fieber",2,"DEU"
4243,"fielen",2,"DEU"
4244,"filme",2,"DEU"
4245,"final",2,"DEU"
4246,"finanzen",2,"DEU"
4247,"finanzielle",2,"DEU"
4248,"finanzierung",2,"DEU"
4249,"finanzierungsrunde",2,"DEU"
4250,"finanzkrise",2,"DEU"
4251,"finanzmärkten",2,"DEU"
4252,"finanzminister",2,"DEU"
4253,"find",2,"DEU"
4254,"finger",2,"DEU"
4255,"fische",2,"DEU"
4256,"fitness",2,"DEU"
4257,"fläche",2,"DEU"
4258,"flächen",2,"DEU"
4259,"flächendeckend",2,"DEU"
4260,"flammen",2,"DEU"
4261,"flankt",2,"DEU"
4262,"flasche",2,"DEU"
4263,"fleisch",2,"DEU"
4264,"fliegen",2,"DEU"
4265,"fliehen",2,"DEU"
4266,"floyd",2,"DEU"
4267,"flucht",2,"DEU"
4268,"flüchtenden",2,"DEU"
4269,"flug",2,"DEU"
4270,"flügge",2,"DEU"
4271,"flut",2,"DEU"
4272,"folgenden",2,"DEU"
4273,"fördern",2,"DEU"
4274,"forschen",2,"DEU"
4275,"forschern",2,"DEU"
4276,"fortschritte",2,"DEU"
4277,"fortsetzen",2,"DEU"
4278,"fpö",2,"DEU"
4279,"fragt",2,"DEU"
4280,"fragwürdigen",2,"DEU"
4281,"frankreichs",2,"DEU"
4282,"franziska",2,"DEU"
4283,"fraxern",2,"DEU"
4284,"freeze",2,"DEU"
4285,"freibad",2,"DEU"
4286,"freiburg",2,"DEU"
4287,"freie",2,"DEU"
4288,"freigeschaltet",2,"DEU"
4289,"freitagmittag",2,"DEU"
4290,"fremdenfeindlichkeit",2,"DEU"
4291,"freue",2,"DEU"
4292,"freund",2,"DEU"
4293,"freundin",2,"DEU"
4294,"freundlichen",2,"DEU"
4295,"friedhof",2,"DEU"
4296,"friedhöfe",2,"DEU"
4297,"friedrichshain",2,"DEU"
4298,"frisch",2,"DEU"
4299,"frühling",2,"DEU"
4300,"fuchs",2,"DEU"
4301,"fühlen",2,"DEU"
4302,"fühlten",2,"DEU"
4303,"fuhren",2,"DEU"
4304,"führend",2,"DEU"
4305,"füllt",2,"DEU"
4306,"fundamental",2,"DEU"
4307,"funde",2,"DEU"
4308,"funktionär",2,"DEU"
4309,"funktionäre",2,"DEU"
4310,"furore",2,"DEU"
4311,"fürs",2,"DEU"
4312,"fußballs",2,"DEU"
4313,"future",2,"DEU"
4314,"gäbe",2,"DEU"
4315,"gabriel",2,"DEU"
4316,"galaxy",2,"DEU"
4317,"galten",2,"DEU"
4318,"ganzen",2,"DEU"
4319,"gärten",2,"DEU"
4320,"gästen",2,"DEU"
4321,"gaststätte",2,"DEU"
4322,"gc",2,"DEU"
4323,"geändert",2,"DEU"
4324,"geäußert",2,"DEU"
4325,"gebäudes",2,"DEU"
4326,"gebeutelten",2,"DEU"
4327,"gebieten",2,"DEU"
4328,"gebildet",2,"DEU"
4329,"geboren",2,"DEU"
4330,"gebrochen",2,"DEU"
4331,"gebühren",2,"DEU"
4332,"geburtstag",2,"DEU"
4333,"gedreht",2,"DEU"
4334,"gedroht",2,"DEU"
4335,"gedrückt",2,"DEU"
4336,"geduld",2,"DEU"
4337,"geeigneter",2,"DEU"
4338,"gefährden",2,"DEU"
4339,"gefängnis",2,"DEU"
4340,"gefängnissen",2,"DEU"
4341,"geflogen",2,"DEU"
4342,"geflüchtete",2,"DEU"
4343,"geforce",2,"DEU"
4344,"geführten",2,"DEU"
4345,"gefüllt",2,"DEU"
4346,"gegenden",2,"DEU"
4347,"gegenstand",2,"DEU"
4348,"gegenstände",2,"DEU"
4349,"gegenwart",2,"DEU"
4350,"gegenwartskunst",2,"DEU"
4351,"gegnerischen",2,"DEU"
4352,"gegründete",2,"DEU"
4353,"gehäuse",2,"DEU"
4354,"geheim",2,"DEU"
4355,"geist",2,"DEU"
4356,"gekauft",2,"DEU"
4357,"gekaufte",2,"DEU"
4358,"geklärt",2,"DEU"
4359,"gekommenen",2,"DEU"
4360,"gekoppelt",2,"DEU"
4361,"gelacht",2,"DEU"
4362,"gelände",2,"DEU"
4363,"gelangen",2,"DEU"
4364,"gelaufen",2,"DEU"
4365,"gelbe",2,"DEU"
4366,"gelesen",2,"DEU"
4367,"geliebter",2,"DEU"
4368,"gelingen",2,"DEU"
4369,"gelöst",2,"DEU"
4370,"gelte",2,"DEU"
4371,"gemalt",2,"DEU"
4372,"gemeinsames",2,"DEU"
4373,"gemeint",2,"DEU"
4374,"gemeldeten",2,"DEU"
4375,"gemessen",2,"DEU"
4376,"genannte",2,"DEU"
4377,"gender",2,"DEU"
4378,"general",2,"DEU"
4379,"generalsekretär",2,"DEU"
4380,"generation",2,"DEU"
4381,"genesene",2,"DEU"
4382,"genetische",2,"DEU"
4383,"genick",2,"DEU"
4384,"genießen",2,"DEU"
4385,"geradeaus",2,"DEU"
4386,"geradezu",2,"DEU"
4387,"geräten",2,"DEU"
4388,"geräumt",2,"DEU"
4389,"gerechte",2,"DEU"
4390,"gerhard",2,"DEU"
4391,"geringe",2,"DEU"
4392,"geringerer",2,"DEU"
4393,"gerissen",2,"DEU"
4394,"geschadet",2,"DEU"
4395,"geschafft",2,"DEU"
4396,"geschaut",2,"DEU"
4397,"geschenkt",2,"DEU"
4398,"geschlossenen",2,"DEU"
4399,"geschmack",2,"DEU"
4400,"gesenkt",2,"DEU"
4401,"gesetzlich",2,"DEU"
4402,"gesetzliche",2,"DEU"
4403,"gesinnung",2,"DEU"
4404,"gespräche",2,"DEU"
4405,"gestaltung",2,"DEU"
4406,"gestattet",2,"DEU"
4407,"gestiegenen",2,"DEU"
4408,"gestohlen",2,"DEU"
4409,"gestorbene",2,"DEU"
4410,"gestrichen",2,"DEU"
4411,"gestrigen",2,"DEU"
4412,"gestrüpp",2,"DEU"
4413,"gestürzt",2,"DEU"
4414,"gesundheitsamt",2,"DEU"
4415,"gesundheitsämter",2,"DEU"
4416,"gesundheitsamtes",2,"DEU"
4417,"gesundheitsbehörden",2,"DEU"
4418,"gesundheitsministerium",2,"DEU"
4419,"getestete",2,"DEU"
4420,"getrennt",2,"DEU"
4421,"getreten",2,"DEU"
4422,"geübt",2,"DEU"
4423,"gewahrsam",2,"DEU"
4424,"gewaltig",2,"DEU"
4425,"geweckt",2,"DEU"
4426,"gewerbe",2,"DEU"
4427,"gewerkschaften",2,"DEU"
4428,"gewitter",2,"DEU"
4429,"gewordene",2,"DEU"
4430,"gewünscht",2,"DEU"
4431,"gewünschte",2,"DEU"
4432,"gewünschten",2,"DEU"
4433,"gezielt",2,"DEU"
4434,"gezwungen",2,"DEU"
4435,"gibson",2,"DEU"
4436,"giffey",2,"DEU"
4437,"gipfels",2,"DEU"
4438,"gleichermaßen",2,"DEU"
4439,"gloria",2,"DEU"
4440,"gmbh",2,"DEU"
4441,"gold",2,"DEU"
4442,"goretzka",2,"DEU"
4443,"gotha",2,"DEU"
4444,"gottes",2,"DEU"
4445,"götze",2,"DEU"
4446,"grab",2,"DEU"
4447,"grätscht",2,"DEU"
4448,"greifen",2,"DEU"
4449,"greiz",2,"DEU"
4450,"gremien",2,"DEU"
4451,"griechenland",2,"DEU"
4452,"griechischen",2,"DEU"
4453,"grodno",2,"DEU"
4454,"größeren",2,"DEU"
4455,"größter",2,"DEU"
4456,"grossveranstaltungen",2,"DEU"
4457,"group",2,"DEU"
4458,"grube",2,"DEU"
4459,"grundsatz",2,"DEU"
4460,"grundsicherung",2,"DEU"
4461,"grundstück",2,"DEU"
4462,"grünes",2,"DEU"
4463,"grüngürtel",2,"DEU"
4464,"gt",2,"DEU"
4465,"gtx",2,"DEU"
4466,"günther",2,"DEU"
4467,"gutem",2,"DEU"
4468,"gütern",2,"DEU"
4469,"guzman",2,"DEU"
4470,"hab",2,"DEU"
4471,"häftlinge",2,"DEU"
4472,"haftstrafe",2,"DEU"
4473,"hagen",2,"DEU"
4474,"halbes",2,"DEU"
4475,"half",2,"DEU"
4476,"hall",2,"DEU"
4477,"hallen",2,"DEU"
4478,"halloween",2,"DEU"
4479,"haltbarkeit",2,"DEU"
4480,"halte",2,"DEU"
4481,"halter",2,"DEU"
4482,"haltung",2,"DEU"
4483,"handball",2,"DEU"
4484,"händisch",2,"DEU"
4485,"handwerk",2,"DEU"
4486,"handys",2,"DEU"
4487,"hang",2,"DEU"
4488,"hängen",2,"DEU"
4489,"hängt",2,"DEU"
4490,"hänni",2,"DEU"
4491,"hansestadt",2,"DEU"
4492,"harder",2,"DEU"
4493,"häring",2,"DEU"
4494,"hartberg",2,"DEU"
4495,"harte",2,"DEU"
4496,"hass",2,"DEU"
4497,"hassrede",2,"DEU"
4498,"hater",2,"DEU"
4499,"haufen",2,"DEU"
4500,"hauptversammlung",2,"DEU"
4501,"hausaufgaben",2,"DEU"
4502,"haut",2,"DEU"
4503,"hde",2,"DEU"
4504,"heile",2,"DEU"
4505,"heim",2,"DEU"
4506,"heimlich",2,"DEU"
4507,"heimweg",2,"DEU"
4508,"heinsberg",2,"DEU"
4509,"heinz",2,"DEU"
4510,"heisst",2,"DEU"
4511,"held",2,"DEU"
4512,"henssler",2,"DEU"
4513,"herausgegeben",2,"DEU"
4514,"herausragende",2,"DEU"
4515,"hergestellt",2,"DEU"
4516,"herkömmlichen",2,"DEU"
4517,"herkunft",2,"DEU"
4518,"herrschen",2,"DEU"
4519,"herrschte",2,"DEU"
4520,"hersteller",2,"DEU"
4521,"herstellers",2,"DEU"
4522,"herum",2,"DEU"
4523,"hervorgerufen",2,"DEU"
4524,"herzog",2,"DEU"
4525,"herzogin",2,"DEU"
4526,"hessen",2,"DEU"
4527,"heutige",2,"DEU"
4528,"hielt",2,"DEU"
4529,"hielten",2,"DEU"
4530,"hiess",2,"DEU"
4531,"hilferuf",2,"DEU"
4532,"hilfreich",2,"DEU"
4533,"hilfsbereitschaft",2,"DEU"
4534,"hill",2,"DEU"
4535,"hinein",2,"DEU"
4536,"hinten",2,"DEU"
4537,"hinweg",2,"DEU"
4538,"hitzewelle",2,"DEU"
4539,"hob",2,"DEU"
4540,"hobbyraum",2,"DEU"
4541,"hochschule",2,"DEU"
4542,"hofer",2,"DEU"
4543,"hoffmann",2,"DEU"
4544,"hohem",2,"DEU"
4545,"höhen",2,"DEU"
4546,"höhepunkt",2,"DEU"
4547,"hohes",2,"DEU"
4548,"höhle",2,"DEU"
4549,"holocaust",2,"DEU"
4550,"homepage",2,"DEU"
4551,"hongkong",2,"DEU"
4552,"horst",2,"DEU"
4553,"hörte",2,"DEU"
4554,"hosen",2,"DEU"
4555,"hsc",2,"DEU"
4556,"hubei",2,"DEU"
4557,"hufeld",2,"DEU"
4558,"hugo",2,"DEU"
4559,"hummels",2,"DEU"
4560,"humor",2,"DEU"
4561,"hungrig",2,"DEU"
4562,"hürde",2,"DEU"
4563,"hygieneregeln",2,"DEU"
4564,"hygienische",2,"DEU"
4565,"i",2,"DEU"
4566,"ibd",2,"DEU"
4567,"ice",2,"DEU"
4568,"identität",2,"DEU"
4569,"ideologie",2,"DEU"
4570,"ihk",2,"DEU"
4571,"iii",2,"DEU"
4572,"impfen",2,"DEU"
4573,"impfkampagne",2,"DEU"
4574,"impfstoffen",2,"DEU"
4575,"impfungen",2,"DEU"
4576,"impossible",2,"DEU"
4577,"inbetriebnahme",2,"DEU"
4578,"infektionsschutzmaßnahme",2,"DEU"
4579,"influenza",2,"DEU"
4580,"information",2,"DEU"
4581,"informieren",2,"DEU"
4582,"informierte",2,"DEU"
4583,"infos",2,"DEU"
4584,"inmitten",2,"DEU"
4585,"innenminister",2,"DEU"
4586,"innenministerium",2,"DEU"
4587,"innere",2,"DEU"
4588,"insekten",2,"DEU"
4589,"insel",2,"DEU"
4590,"insights",2,"DEU"
4591,"instrument",2,"DEU"
4592,"intelligenz",2,"DEU"
4593,"intensiviert",2,"DEU"
4594,"intensivstationen",2,"DEU"
4595,"interessierten",2,"DEU"
4596,"internetseiten",2,"DEU"
4597,"investor",2,"DEU"
4598,"iowa",2,"DEU"
4599,"ipads",2,"DEU"
4600,"iphones",2,"DEU"
4601,"ire",2,"DEU"
4602,"isch",2,"DEU"
4603,"isolation",2,"DEU"
4604,"isolierung",2,"DEU"
4605,"it",2,"DEU"
4606,"italiener",2,"DEU"
4607,"j",2,"DEU"
4608,"jahrelangen",2,"DEU"
4609,"jahreswechsel",2,"DEU"
4610,"jahreszeit",2,"DEU"
4611,"jahrhunderts",2,"DEU"
4612,"jegliche",2,"DEU"
4613,"jenen",2,"DEU"
4614,"jobst",2,"DEU"
4615,"johannes",2,"DEU"
4616,"johnson",2,"DEU"
4617,"jojo",2,"DEU"
4618,"jon",2,"DEU"
4619,"jubiläum",2,"DEU"
4620,"jung",2,"DEU"
4621,"jungs",2,"DEU"
4622,"jüngst",2,"DEU"
4623,"jüngste",2,"DEU"
4624,"jungvögel",2,"DEU"
4625,"jürgen",2,"DEU"
4626,"juristen",2,"DEU"
4627,"kaffee",2,"DEU"
4628,"kai",2,"DEU"
4629,"kalten",2,"DEU"
4630,"kämpfe",2,"DEU"
4631,"kanada",2,"DEU"
4632,"kanäle",2,"DEU"
4633,"kanälen",2,"DEU"
4634,"kandidatur",2,"DEU"
4635,"kandidierenden",2,"DEU"
4636,"kannte",2,"DEU"
4637,"kanzlerkandidat",2,"DEU"
4638,"kapazität",2,"DEU"
4639,"kapital",2,"DEU"
4640,"karte",2,"DEU"
4641,"kasachstan",2,"DEU"
4642,"kasse",2,"DEU"
4643,"katastrophe",2,"DEU"
4644,"kategorie",2,"DEU"
4645,"kategorien",2,"DEU"
4646,"kater",2,"DEU"
4647,"katharina",2,"DEU"
4648,"kathedrale",2,"DEU"
4649,"katholische",2,"DEU"
4650,"kauczinski",2,"DEU"
4651,"kauf",2,"DEU"
4652,"kaufempfehlung",2,"DEU"
4653,"kaufte",2,"DEU"
4654,"keiner",2,"DEU"
4655,"keineswegs",2,"DEU"
4656,"kelly",2,"DEU"
4657,"kenne",2,"DEU"
4658,"kfw",2,"DEU"
4659,"kickte",2,"DEU"
4660,"kilometern",2,"DEU"
4661,"kindergarten",2,"DEU"
4662,"kindheit",2,"DEU"
4663,"kinos",2,"DEU"
4664,"kira",2,"DEU"
4665,"kirchen",2,"DEU"
4666,"kirchengemeinde",2,"DEU"
4667,"klagen",2,"DEU"
4668,"klagt",2,"DEU"
4669,"klappt",2,"DEU"
4670,"klassenerhalt",2,"DEU"
4671,"klassisch",2,"DEU"
4672,"klavier",2,"DEU"
4673,"kleidung",2,"DEU"
4674,"klettern",2,"DEU"
4675,"kletterte",2,"DEU"
4676,"kletterten",2,"DEU"
4677,"klima",2,"DEU"
4678,"klingeln",2,"DEU"
4679,"klinikum",2,"DEU"
4680,"knappe",2,"DEU"
4681,"know",2,"DEU"
4682,"koalition",2,"DEU"
4683,"kochen",2,"DEU"
4684,"kollision",2,"DEU"
4685,"kombination",2,"DEU"
4686,"komisch",2,"DEU"
4687,"kommende",2,"DEU"
4688,"kommentiert",2,"DEU"
4689,"kommentierte",2,"DEU"
4690,"kommissionspräsidentin",2,"DEU"
4691,"kommunalpolitiker",2,"DEU"
4692,"kommunalwahl",2,"DEU"
4693,"kommune",2,"DEU"
4694,"kommunizieren",2,"DEU"
4695,"komödie",2,"DEU"
4696,"komplexen",2,"DEU"
4697,"kondition",2,"DEU"
4698,"konferenzen",2,"DEU"
4699,"konfiguration",2,"DEU"
4700,"königsblauen",2,"DEU"
4701,"königshauses",2,"DEU"
4702,"konkret",2,"DEU"
4703,"konkurrenten",2,"DEU"
4704,"konsequenz",2,"DEU"
4705,"konstant",2,"DEU"
4706,"konsum",2,"DEU"
4707,"kontinent",2,"DEU"
4708,"kontingent",2,"DEU"
4709,"konto",2,"DEU"
4710,"kontrollierten",2,"DEU"
4711,"konzentrieren",2,"DEU"
4712,"konzepte",2,"DEU"
4713,"konzerte",2,"DEU"
4714,"konzerten",2,"DEU"
4715,"kopenhagen",2,"DEU"
4716,"körperlich",2,"DEU"
4717,"körperlichen",2,"DEU"
4718,"korrekt",2,"DEU"
4719,"korrektur",2,"DEU"
4720,"korruptionsstaatsanwaltschaft",2,"DEU"
4721,"kostenlosen",2,"DEU"
4722,"kräften",2,"DEU"
4723,"kran",2,"DEU"
4724,"krankenhäusern",2,"DEU"
4725,"kreditlinie",2,"DEU"
4726,"kreishandwerkerschaft",2,"DEU"
4727,"kreisstadt",2,"DEU"
4728,"kreuzberg",2,"DEU"
4729,"kreuzung",2,"DEU"
4730,"kriegt",2,"DEU"
4731,"kriminellen",2,"DEU"
4732,"krisenfall",2,"DEU"
4733,"krisenmanagement",2,"DEU"
4734,"kritischer",2,"DEU"
4735,"kronen",2,"DEU"
4736,"kultur",2,"DEU"
4737,"kulturelle",2,"DEU"
4738,"kümmern",2,"DEU"
4739,"kündigen",2,"DEU"
4740,"kündigten",2,"DEU"
4741,"kundinnen",2,"DEU"
4742,"kunst",2,"DEU"
4743,"künstlich",2,"DEU"
4744,"kurze",2,"DEU"
4745,"kürzester",2,"DEU"
4746,"la",2,"DEU"
4747,"labor",2,"DEU"
4748,"lacht",2,"DEU"
4749,"laden",2,"DEU"
4750,"lädt",2,"DEU"
4751,"lady",2,"DEU"
4752,"lagen",2,"DEU"
4753,"lägen",2,"DEU"
4754,"lake",2,"DEU"
4755,"landesgrenze",2,"DEU"
4756,"landsmann",2,"DEU"
4757,"landtag",2,"DEU"
4758,"landtagswahl",2,"DEU"
4759,"lane",2,"DEU"
4760,"länge",2,"DEU"
4761,"längeren",2,"DEU"
4762,"langeweile",2,"DEU"
4763,"langfristigen",2,"DEU"
4764,"langsamer",2,"DEU"
4765,"laptops",2,"DEU"
4766,"lars",2,"DEU"
4767,"laufbahn",2,"DEU"
4768,"laufenden",2,"DEU"
4769,"läufer",2,"DEU"
4770,"launch",2,"DEU"
4771,"laute",2,"DEU"
4772,"lauter",2,"DEU"
4773,"lautstark",2,"DEU"
4774,"le",2,"DEU"
4775,"lebendig",2,"DEU"
4776,"lebensgefährlich",2,"DEU"
4777,"lebt",2,"DEU"
4778,"led",2,"DEU"
4779,"legenden",2,"DEU"
4780,"legten",2,"DEU"
4781,"lehnt",2,"DEU"
4782,"lehrerin",2,"DEU"
4783,"lehrerinnen",2,"DEU"
4784,"leiche",2,"DEU"
4785,"leidenschaft",2,"DEU"
4786,"leidet",2,"DEU"
4787,"leipziger",2,"DEU"
4788,"leistet",2,"DEU"
4789,"leistungsfähigkeit",2,"DEU"
4790,"leitender",2,"DEU"
4791,"leiterin",2,"DEU"
4792,"leitet",2,"DEU"
4793,"leitete",2,"DEU"
4794,"lenkern",2,"DEU"
4795,"lenkte",2,"DEU"
4796,"lernte",2,"DEU"
4797,"lesbos",2,"DEU"
4798,"lewandowski",2,"DEU"
4799,"libyen",2,"DEU"
4800,"lidl",2,"DEU"
4801,"liechtenstein",2,"DEU"
4802,"lied",2,"DEU"
4803,"liefen",2,"DEU"
4804,"lieferketten",2,"DEU"
4805,"lieferung",2,"DEU"
4806,"liegenden",2,"DEU"
4807,"ließen",2,"DEU"
4808,"liest",2,"DEU"
4809,"lifestyle",2,"DEU"
4810,"limit",2,"DEU"
4811,"linien",2,"DEU"
4812,"link",2,"DEU"
4813,"linkspartei",2,"DEU"
4814,"linz",2,"DEU"
4815,"lippe",2,"DEU"
4816,"lisa",2,"DEU"
4817,"lissabon",2,"DEU"
4818,"liter",2,"DEU"
4819,"little",2,"DEU"
4820,"live",2,"DEU"
4821,"liverpool",2,"DEU"
4822,"lka",2,"DEU"
4823,"lob",2,"DEU"
4824,"loch",2,"DEU"
4825,"lockdowns",2,"DEU"
4826,"lockern",2,"DEU"
4827,"lockerung",2,"DEU"
4828,"loggen",2,"DEU"
4829,"lohnerhöhung",2,"DEU"
4830,"lokale",2,"DEU"
4831,"lösungen",2,"DEU"
4832,"louis",2,"DEU"
4833,"lübecker",2,"DEU"
4834,"lüften",2,"DEU"
4835,"lüftung",2,"DEU"
4836,"lukas",2,"DEU"
4837,"lust",2,"DEU"
4838,"luzern",2,"DEU"
4839,"macher",2,"DEU"
4840,"mächtig",2,"DEU"
4841,"macron",2,"DEU"
4842,"mädchens",2,"DEU"
4843,"magazins",2,"DEU"
4844,"magen",2,"DEU"
4845,"mahdi",2,"DEU"
4846,"mails",2,"DEU"
4847,"maio",2,"DEU"
4848,"make",2,"DEU"
4849,"mama",2,"DEU"
4850,"manche",2,"DEU"
4851,"mängel",2,"DEU"
4852,"mangelt",2,"DEU"
4853,"mannes",2,"DEU"
4854,"manuel",2,"DEU"
4855,"maradona",2,"DEU"
4856,"marc",2,"DEU"
4857,"märchen",2,"DEU"
4858,"marco",2,"DEU"
4859,"marie",2,"DEU"
4860,"marihuana",2,"DEU"
4861,"marl",2,"DEU"
4862,"marx",2,"DEU"
4863,"maßen",2,"DEU"
4864,"massnahmen",2,"DEU"
4865,"material",2,"DEU"
4866,"maurer",2,"DEU"
4867,"maxwell",2,"DEU"
4868,"meditec",2,"DEU"
4869,"mehrheitlich",2,"DEU"
4870,"meinten",2,"DEU"
4871,"melbourne",2,"DEU"
4872,"meldeten",2,"DEU"
4873,"meldungen",2,"DEU"
4874,"menschenmenge",2,"DEU"
4875,"mentale",2,"DEU"
4876,"merkt",2,"DEU"
4877,"messegelände",2,"DEU"
4878,"metall",2,"DEU"
4879,"microsoft",2,"DEU"
4880,"miete",2,"DEU"
4881,"militär",2,"DEU"
4882,"minderheiten",2,"DEU"
4883,"mindestabstand",2,"DEU"
4884,"mineralölkonzern",2,"DEU"
4885,"minimum",2,"DEU"
4886,"minister",2,"DEU"
4887,"minsk",2,"DEU"
4888,"mischen",2,"DEU"
4889,"mischung",2,"DEU"
4890,"mitglied",2,"DEU"
4891,"mitgliedschaft",2,"DEU"
4892,"mitgliedsstaaten",2,"DEU"
4893,"mittelfristig",2,"DEU"
4894,"mittelpunkt",2,"DEU"
4895,"mittels",2,"DEU"
4896,"mittig",2,"DEU"
4897,"mittwochvormittag",2,"DEU"
4898,"mitunter",2,"DEU"
4899,"möbel",2,"DEU"
4900,"modellen",2,"DEU"
4901,"moderne",2,"DEU"
4902,"modul",2,"DEU"
4903,"modus",2,"DEU"
4904,"mögen",2,"DEU"
4905,"mögliches",2,"DEU"
4906,"monatlich",2,"DEU"
4907,"monatlichen",2,"DEU"
4908,"monster",2,"DEU"
4909,"montagvormittag",2,"DEU"
4910,"moser",2,"DEU"
4911,"moskauer",2,"DEU"
4912,"motivation",2,"DEU"
4913,"motive",2,"DEU"
4914,"motogp",2,"DEU"
4915,"motto",2,"DEU"
4916,"moves",2,"DEU"
4917,"mündlichen",2,"DEU"
4918,"museen",2,"DEU"
4919,"musikalischen",2,"DEU"
4920,"musiker",2,"DEU"
4921,"musk",2,"DEU"
4922,"muslimen",2,"DEU"
4923,"musst",2,"DEU"
4924,"mut",2,"DEU"
4925,"mx500",2,"DEU"
4926,"nachdruck",2,"DEU"
4927,"nachfolge",2,"DEU"
4928,"nachfragen",2,"DEU"
4929,"nachgeholt",2,"DEU"
4930,"nachhaltiges",2,"DEU"
4931,"nachholbedarf",2,"DEU"
4932,"nachrichtenagentur",2,"DEU"
4933,"nachspielzeit",2,"DEU"
4934,"nächstes",2,"DEU"
4935,"nächsthöhere",2,"DEU"
4936,"nachts",2,"DEU"
4937,"nackt",2,"DEU"
4938,"nahezu",2,"DEU"
4939,"namens",2,"DEU"
4940,"nasen",2,"DEU"
4941,"nathan",2,"DEU"
4942,"national",2,"DEU"
4943,"nationale",2,"DEU"
4944,"nationalkeeper",2,"DEU"
4945,"nationen",2,"DEU"
4946,"natürlichen",2,"DEU"
4947,"nawalny",2,"DEU"
4948,"nbbmx500",2,"DEU"
4949,"nebenbei",2,"DEU"
4950,"nebenkosten",2,"DEU"
4951,"nebenwerteindex",2,"DEU"
4952,"nebenwirkungen",2,"DEU"
4953,"nebst",2,"DEU"
4954,"negative",2,"DEU"
4955,"neos",2,"DEU"
4956,"nerven",2,"DEU"
4957,"net",2,"DEU"
4958,"netzhaut",2,"DEU"
4959,"netzwerken",2,"DEU"
4960,"neuartigen",2,"DEU"
4961,"neubauten",2,"DEU"
4962,"neubrandenburg",2,"DEU"
4963,"neuinfizierten",2,"DEU"
4964,"neujahrstag",2,"DEU"
4965,"neukölln",2,"DEU"
4966,"neuner",2,"DEU"
4967,"neuseeland",2,"DEU"
4968,"neutralität",2,"DEU"
4969,"nevada",2,"DEU"
4970,"nia",2,"DEU"
4971,"niederlagen",2,"DEU"
4972,"niederlechner",2,"DEU"
4973,"niederrhein",2,"DEU"
4974,"niedersächsischen",2,"DEU"
4975,"niederschlagung",2,"DEU"
4976,"niedrig",2,"DEU"
4977,"niedrigere",2,"DEU"
4978,"niemandem",2,"DEU"
4979,"no",2,"DEU"
4980,"nochmal",2,"DEU"
4981,"nominiert",2,"DEU"
4982,"nordhausen",2,"DEU"
4983,"normalen",2,"DEU"
4984,"north",2,"DEU"
4985,"notenbank",2,"DEU"
4986,"notfall",2,"DEU"
4987,"notiert",2,"DEU"
4988,"nötige",2,"DEU"
4989,"nötigen",2,"DEU"
4990,"notwendigen",2,"DEU"
4991,"ns",2,"DEU"
4992,"nummernschild",2,"DEU"
4993,"nutzten",2,"DEU"
4994,"nvidias",2,"DEU"
4995,"obama",2,"DEU"
4996,"obendrein",2,"DEU"
4997,"oberflächen",2,"DEU"
4998,"obersten",2,"DEU"
4999,"oberster",2,"DEU"
5000,"offensiv",2,"DEU"
5001,"öffentliche",2,"DEU"
5002,"office",2,"DEU"
5003,"oftmals",2,"DEU"
5004,"oh",2,"DEU"
5005,"ohrhörer",2,"DEU"
5006,"ölpreise",2,"DEU"
5007,"olten",2,"DEU"
5008,"op",2,"DEU"
5009,"opa",2,"DEU"
5010,"opel",2,"DEU"
5011,"oper",2,"DEU"
5012,"opfern",2,"DEU"
5013,"optionen",2,"DEU"
5014,"orange",2,"DEU"
5015,"orientieren",2,"DEU"
5016,"orientierung",2,"DEU"
5017,"os",2,"DEU"
5018,"ots",2,"DEU"
5019,"pädagogen",2,"DEU"
5020,"paket",2,"DEU"
5021,"pamela",2,"DEU"
5022,"panasonic",2,"DEU"
5023,"papiere",2,"DEU"
5024,"parat",2,"DEU"
5025,"parkhaus",2,"DEU"
5026,"parkinson",2,"DEU"
5027,"parks",2,"DEU"
5028,"parlamentarier",2,"DEU"
5029,"partien",2,"DEU"
5030,"partnerin",2,"DEU"
5031,"passau",2,"DEU"
5032,"passte",2,"DEU"
5033,"paul",2,"DEU"
5034,"pauli",2,"DEU"
5035,"pdf",2,"DEU"
5036,"pendler",2,"DEU"
5037,"periode",2,"DEU"
5038,"permanent",2,"DEU"
5039,"personalien",2,"DEU"
5040,"persönlichen",2,"DEU"
5041,"peters",2,"DEU"
5042,"petra",2,"DEU"
5043,"pewsum",2,"DEU"
5044,"pflegekräfte",2,"DEU"
5045,"pflegen",2,"DEU"
5046,"pfosten",2,"DEU"
5047,"phase",2,"DEU"
5048,"pi",2,"DEU"
5049,"pierre",2,"DEU"
5050,"piers",2,"DEU"
5051,"pinguin",2,"DEU"
5052,"pir",2,"DEU"
5053,"piraten",2,"DEU"
5054,"pixeln",2,"DEU"
5055,"plakat",2,"DEU"
5056,"platte",2,"DEU"
5057,"platzverweis",2,"DEU"
5058,"play",2,"DEU"
5059,"playstation",2,"DEU"
5060,"plenum",2,"DEU"
5061,"podcast",2,"DEU"
5062,"pole",2,"DEU"
5063,"polizeiauto",2,"DEU"
5064,"polizeibeamte",2,"DEU"
5065,"polizeisprecher",2,"DEU"
5066,"porträt",2,"DEU"
5067,"positionen",2,"DEU"
5068,"positiver",2,"DEU"
5069,"positives",2,"DEU"
5070,"potenzielle",2,"DEU"
5071,"prag",2,"DEU"
5072,"praktisch",2,"DEU"
5073,"praktischen",2,"DEU"
5074,"prallte",2,"DEU"
5075,"präsentiert",2,"DEU"
5076,"präsidentschaftswahl",2,"DEU"
5077,"präsidium",2,"DEU"
5078,"preises",2,"DEU"
5079,"pressesprecherin",2,"DEU"
5080,"priester",2,"DEU"
5081,"prinzip",2,"DEU"
5082,"prioritäten",2,"DEU"
5083,"privat",2,"DEU"
5084,"prix",2,"DEU"
5085,"problemen",2,"DEU"
5086,"probst",2,"DEU"
5087,"produkt",2,"DEU"
5088,"produktionen",2,"DEU"
5089,"produzieren",2,"DEU"
5090,"profil",2,"DEU"
5091,"profitieren",2,"DEU"
5092,"programms",2,"DEU"
5093,"promi",2,"DEU"
5094,"prominente",2,"DEU"
5095,"protesten",2,"DEU"
5096,"protestler",2,"DEU"
5097,"prozentpunkt",2,"DEU"
5098,"prozesstag",2,"DEU"
5099,"ps",2,"DEU"
5100,"psychiatrie",2,"DEU"
5101,"psychisch",2,"DEU"
5102,"psychologe",2,"DEU"
5103,"psychologischen",2,"DEU"
5104,"quadratmeter",2,"DEU"
5105,"quadratmetern",2,"DEU"
5106,"quarantänemaßnahmen",2,"DEU"
5107,"quellen",2,"DEU"
5108,"rache",2,"DEU"
5109,"rad",2,"DEU"
5110,"radfahrer",2,"DEU"
5111,"ralf",2,"DEU"
5112,"rapper",2,"DEU"
5113,"rasch",2,"DEU"
5114,"rasen",2,"DEU"
5115,"rasieren",2,"DEU"
5116,"rat",2,"DEU"
5117,"rät",2,"DEU"
5118,"ratgeber",2,"DEU"
5119,"rathaus",2,"DEU"
5120,"ratzinger",2,"DEU"
5121,"rauch",2,"DEU"
5122,"rauchen",2,"DEU"
5123,"rauswurf",2,"DEU"
5124,"realistisch",2,"DEU"
5125,"rechnung",2,"DEU"
5126,"rechtfertigen",2,"DEU"
5127,"rechtsextreme",2,"DEU"
5128,"rechtsextremismus",2,"DEU"
5129,"recklinghausen",2,"DEU"
5130,"redaktion",2,"DEU"
5131,"regelbetrieb",2,"DEU"
5132,"regelungen",2,"DEU"
5133,"regensburg",2,"DEU"
5134,"regiert",2,"DEU"
5135,"regierungschefs",2,"DEU"
5136,"regierungskreisen",2,"DEU"
5137,"regierungsmitglieder",2,"DEU"
5138,"regierungsparteien",2,"DEU"
5139,"regime",2,"DEU"
5140,"regionalen",2,"DEU"
5141,"regionalliga",2,"DEU"
5142,"regisseur",2,"DEU"
5143,"register",2,"DEU"
5144,"reha",2,"DEU"
5145,"reicht",2,"DEU"
5146,"reihenfolge",2,"DEU"
5147,"reiner",2,"DEU"
5148,"reinigung",2,"DEU"
5149,"reisende",2,"DEU"
5150,"reiserückkehrern",2,"DEU"
5151,"reisewarnung",2,"DEU"
5152,"reisewarnungen",2,"DEU"
5153,"release",2,"DEU"
5154,"remis",2,"DEU"
5155,"remscheid",2,"DEU"
5156,"renault",2,"DEU"
5157,"rendi",2,"DEU"
5158,"rentenansprüche",2,"DEU"
5159,"research",2,"DEU"
5160,"reserve",2,"DEU"
5161,"respektive",2,"DEU"
5162,"restaurant",2,"DEU"
5163,"retter",2,"DEU"
5164,"rettungskräften",2,"DEU"
5165,"rhein",2,"DEU"
5166,"rhythmus",2,"DEU"
5167,"richter",2,"DEU"
5168,"richtete",2,"DEU"
5169,"richtungen",2,"DEU"
5170,"ritter",2,"DEU"
5171,"rivalen",2,"DEU"
5172,"robin",2,"DEU"
5173,"rohöl",2,"DEU"
5174,"rolling",2,"DEU"
5175,"rollte",2,"DEU"
5176,"romantischen",2,"DEU"
5177,"ronaldo",2,"DEU"
5178,"rotes",2,"DEU"
5179,"rotterdam",2,"DEU"
5180,"rover",2,"DEU"
5181,"rücken",2,"DEU"
5182,"rückläufig",2,"DEU"
5183,"rückseite",2,"DEU"
5184,"rückspiel",2,"DEU"
5185,"rückt",2,"DEU"
5186,"rückte",2,"DEU"
5187,"ruder",2,"DEU"
5188,"ruhe",2,"DEU"
5189,"ruhr",2,"DEU"
5190,"rundgang",2,"DEU"
5191,"russen",2,"DEU"
5192,"russische",2,"DEU"
5193,"saal",2,"DEU"
5194,"sach",2,"DEU"
5195,"sachschaden",2,"DEU"
5196,"säcke",2,"DEU"
5197,"sahen",2,"DEU"
5198,"saint",2,"DEU"
5199,"saisonende",2,"DEU"
5200,"saleh",2,"DEU"
5201,"sam",2,"DEU"
5202,"sammeln",2,"DEU"
5203,"samstags",2,"DEU"
5204,"sämtlicher",2,"DEU"
5205,"sänger",2,"DEU"
5206,"sängerin",2,"DEU"
5207,"sanken",2,"DEU"
5208,"sarah",2,"DEU"
5209,"särge",2,"DEU"
5210,"sargent",2,"DEU"
5211,"saßen",2,"DEU"
5212,"sat",2,"DEU"
5213,"satten",2,"DEU"
5214,"satzung",2,"DEU"
5215,"sc",2,"DEU"
5216,"schade",2,"DEU"
5217,"schäden",2,"DEU"
5218,"schafe",2,"DEU"
5219,"schäfer",2,"DEU"
5220,"schafften",2,"DEU"
5221,"schaltung",2,"DEU"
5222,"scharfe",2,"DEU"
5223,"schaub",2,"DEU"
5224,"scheinbar",2,"DEU"
5225,"scheitern",2,"DEU"
5226,"scheitert",2,"DEU"
5227,"schicken",2,"DEU"
5228,"schiedsrichters",2,"DEU"
5229,"schien",2,"DEU"
5230,"schießen",2,"DEU"
5231,"schild",2,"DEU"
5232,"schildern",2,"DEU"
5233,"schlagen",2,"DEU"
5234,"schlange",2,"DEU"
5235,"schlechter",2,"DEU"
5236,"schlechtes",2,"DEU"
5237,"schleuderte",2,"DEU"
5238,"schliessen",2,"DEU"
5239,"schließt",2,"DEU"
5240,"schlimm",2,"DEU"
5241,"schlimmer",2,"DEU"
5242,"schlimmsten",2,"DEU"
5243,"schmunzelt",2,"DEU"
5244,"schmutz",2,"DEU"
5245,"schnellen",2,"DEU"
5246,"schönheit",2,"DEU"
5247,"schrie",2,"DEU"
5248,"schriftsteller",2,"DEU"
5249,"schuld",2,"DEU"
5250,"schulden",2,"DEU"
5251,"schülerinnen",2,"DEU"
5252,"schulstandort",2,"DEU"
5253,"schuss",2,"DEU"
5254,"schüsse",2,"DEU"
5255,"schwachen",2,"DEU"
5256,"schwelle",2,"DEU"
5257,"schwenk",2,"DEU"
5258,"schwerer",2,"DEU"
5259,"schwergewichte",2,"DEU"
5260,"schwester",2,"DEU"
5261,"schwieg",2,"DEU"
5262,"schwieriger",2,"DEU"
5263,"schwimmer",2,"DEU"
5264,"schwindet",2,"DEU"
5265,"sdax",2,"DEU"
5266,"season",2,"DEU"
5267,"seehofer",2,"DEU"
5268,"sekunde",2,"DEU"
5269,"selber",2,"DEU"
5270,"senatorin",2,"DEU"
5271,"seng",2,"DEU"
5272,"session",2,"DEU"
5273,"setze",2,"DEU"
5274,"sex",2,"DEU"
5275,"sexualisierter",2,"DEU"
5276,"sexuellen",2,"DEU"
5277,"shanghai",2,"DEU"
5278,"shooter",2,"DEU"
5279,"shops",2,"DEU"
5280,"showcase",2,"DEU"
5281,"sichere",2,"DEU"
5282,"sicherstellen",2,"DEU"
5283,"sichtbare",2,"DEU"
5284,"sichtlich",2,"DEU"
5285,"siebte",2,"DEU"
5286,"siegerehrung",2,"DEU"
5287,"siehe",2,"DEU"
5288,"signal",2,"DEU"
5289,"silvia",2,"DEU"
5290,"singen",2,"DEU"
5291,"single",2,"DEU"
5292,"sitten",2,"DEU"
5293,"sixt",2,"DEU"
5294,"skala",2,"DEU"
5295,"skandal",2,"DEU"
5296,"skepsis",2,"DEU"
5297,"skoda",2,"DEU"
5298,"skulpturen",2,"DEU"
5299,"smartbroker",2,"DEU"
5300,"söhne",2,"DEU"
5301,"solar",2,"DEU"
5302,"solchen",2,"DEU"
5303,"sonne",2,"DEU"
5304,"sony",2,"DEU"
5305,"sorte",2,"DEU"
5306,"soundcore",2,"DEU"
5307,"sozial",2,"DEU"
5308,"sozialer",2,"DEU"
5309,"spaltung",2,"DEU"
5310,"spanien",2,"DEU"
5311,"spanier",2,"DEU"
5312,"spanischen",2,"DEU"
5313,"sparen",2,"DEU"
5314,"spaß",2,"DEU"
5315,"späteren",2,"DEU"
5316,"spektakulären",2,"DEU"
5317,"spenden",2,"DEU"
5318,"spezialfirma",2,"DEU"
5319,"speziell",2,"DEU"
5320,"speziellen",2,"DEU"
5321,"spielbetrieb",2,"DEU"
5322,"spielminute",2,"DEU"
5323,"spielplatz",2,"DEU"
5324,"spielten",2,"DEU"
5325,"spitälern",2,"DEU"
5326,"spitzenkandidatur",2,"DEU"
5327,"sponsor",2,"DEU"
5328,"sportdirektor",2,"DEU"
5329,"sporthalle",2,"DEU"
5330,"sportlich",2,"DEU"
5331,"sportlichen",2,"DEU"
5332,"sportplatz",2,"DEU"
5333,"sprachsteuerung",2,"DEU"
5334,"sprang",2,"DEU"
5335,"spuk",2,"DEU"
5336,"spur",2,"DEU"
5337,"spürbar",2,"DEU"
5338,"ssd",2,"DEU"
5339,"staatsanwaltschaften",2,"DEU"
5340,"staatshilfen",2,"DEU"
5341,"staatskanzlei",2,"DEU"
5342,"stadtgebiet",2,"DEU"
5343,"stadthalle",2,"DEU"
5344,"stadtrat",2,"DEU"
5345,"stadtverwaltung",2,"DEU"
5346,"staffel",2,"DEU"
5347,"stammt",2,"DEU"
5348,"ständigen",2,"DEU"
5349,"starb",2,"DEU"
5350,"starben",2,"DEU"
5351,"starke",2,"DEU"
5352,"stärke",2,"DEU"
5353,"starkem",2,"DEU"
5354,"stärkere",2,"DEU"
5355,"starnberg",2,"DEU"
5356,"starten",2,"DEU"
5357,"statement",2,"DEU"
5358,"station",2,"DEU"
5359,"stationär",2,"DEU"
5360,"stations",2,"DEU"
5361,"stau",2,"DEU"
5362,"steigende",2,"DEU"
5363,"stein",2,"DEU"
5364,"steinhausen",2,"DEU"
5365,"stellenabbau",2,"DEU"
5366,"stellung",2,"DEU"
5367,"sterne",2,"DEU"
5368,"steuer",2,"DEU"
5369,"sticht",2,"DEU"
5370,"stiegen",2,"DEU"
5371,"stießen",2,"DEU"
5372,"stift",2,"DEU"
5373,"stocksberg",2,"DEU"
5374,"stoffe",2,"DEU"
5375,"stone",2,"DEU"
5376,"stoppen",2,"DEU"
5377,"störung",2,"DEU"
5378,"story",2,"DEU"
5379,"stoßen",2,"DEU"
5380,"strafe",2,"DEU"
5381,"strafen",2,"DEU"
5382,"strafstoß",2,"DEU"
5383,"strähne",2,"DEU"
5384,"strand",2,"DEU"
5385,"straßenrecht",2,"DEU"
5386,"straßenseite",2,"DEU"
5387,"straßenverkehr",2,"DEU"
5388,"streaming",2,"DEU"
5389,"street",2,"DEU"
5390,"streifte",2,"DEU"
5391,"strikte",2,"DEU"
5392,"studiengängen",2,"DEU"
5393,"studierende",2,"DEU"
5394,"studierte",2,"DEU"
5395,"studio",2,"DEU"
5396,"studios",2,"DEU"
5397,"stufe",2,"DEU"
5398,"stünde",2,"DEU"
5399,"stündlich",2,"DEU"
5400,"sturm",2,"DEU"
5401,"stürzte",2,"DEU"
5402,"stuttgarter",2,"DEU"
5403,"stützte",2,"DEU"
5404,"styling",2,"DEU"
5405,"süden",2,"DEU"
5406,"sun",2,"DEU"
5407,"surface",2,"DEU"
5408,"süßwaren",2,"DEU"
5409,"sven",2,"DEU"
5410,"svp",2,"DEU"
5411,"symbol",2,"DEU"
5412,"synagoge",2,"DEU"
5413,"systeme",2,"DEU"
5414,"sz",2,"DEU"
5415,"szenarien",2,"DEU"
5416,"tablet",2,"DEU"
5417,"tablets",2,"DEU"
5418,"tagespflege",2,"DEU"
5419,"tagt",2,"DEU"
5420,"talentierten",2,"DEU"
5421,"taliban",2,"DEU"
5422,"taten",2,"DEU"
5423,"tätern",2,"DEU"
5424,"tätige",2,"DEU"
5425,"tätigen",2,"DEU"
5426,"tätigkeiten",2,"DEU"
5427,"tatsächlichen",2,"DEU"
5428,"teamkollegen",2,"DEU"
5429,"technisch",2,"DEU"
5430,"technologie",2,"DEU"
5431,"technologisch",2,"DEU"
5432,"technology",2,"DEU"
5433,"teilgenommen",2,"DEU"
5434,"teilnehmerinnen",2,"DEU"
5435,"teilten",2,"DEU"
5436,"telefonisch",2,"DEU"
5437,"telekom",2,"DEU"
5438,"tennis",2,"DEU"
5439,"terrasse",2,"DEU"
5440,"tessin",2,"DEU"
5441,"testet",2,"DEU"
5442,"testphase",2,"DEU"
5443,"teuer",2,"DEU"
5444,"teufel",2,"DEU"
5445,"texas",2,"DEU"
5446,"thailands",2,"DEU"
5447,"thematik",2,"DEU"
5448,"therapie",2,"DEU"
5449,"ticker",2,"DEU"
5450,"ticket",2,"DEU"
5451,"tiefbauamt",2,"DEU"
5452,"tiefer",2,"DEU"
5453,"tierheim",2,"DEU"
5454,"tierpark",2,"DEU"
5455,"tim",2,"DEU"
5456,"tipps",2,"DEU"
5457,"tiroler",2,"DEU"
5458,"tisch",2,"DEU"
5459,"titelseite",2,"DEU"
5460,"titelverteidiger",2,"DEU"
5461,"tmn",2,"DEU"
5462,"töchter",2,"DEU"
5463,"toiletten",2,"DEU"
5464,"tollen",2,"DEU"
5465,"tool",2,"DEU"
5466,"tools",2,"DEU"
5467,"torhüter",2,"DEU"
5468,"total",2,"DEU"
5469,"tourist",2,"DEU"
5470,"traditionell",2,"DEU"
5471,"traditionellen",2,"DEU"
5472,"trage",2,"DEU"
5473,"tragisch",2,"DEU"
5474,"trailer",2,"DEU"
5475,"trainiert",2,"DEU"
5476,"tränengas",2,"DEU"
5477,"transfers",2,"DEU"
5478,"transport",2,"DEU"
5479,"treffens",2,"DEU"
5480,"treffpunkt",2,"DEU"
5481,"trend",2,"DEU"
5482,"trends",2,"DEU"
5483,"trennen",2,"DEU"
5484,"triage",2,"DEU"
5485,"triathlon",2,"DEU"
5486,"tribüne",2,"DEU"
5487,"trinken",2,"DEU"
5488,"trugen",2,"DEU"
5489,"truppe",2,"DEU"
5490,"tschechische",2,"DEU"
5491,"tschechischen",2,"DEU"
5492,"tsg",2,"DEU"
5493,"tuchel",2,"DEU"
5494,"tüfteln",2,"DEU"
5495,"türkisch",2,"DEU"
5496,"tüv",2,"DEU"
5497,"u21",2,"DEU"
5498,"übel",2,"DEU"
5499,"üben",2,"DEU"
5500,"überfall",2,"DEU"
5501,"überflüssig",2,"DEU"
5502,"übergewicht",2,"DEU"
5503,"überholen",2,"DEU"
5504,"überholt",2,"DEU"
5505,"übernahm",2,"DEU"
5506,"übernahme",2,"DEU"
5507,"übernimmt",2,"DEU"
5508,"überprüfung",2,"DEU"
5509,"übersah",2,"DEU"
5510,"übersehen",2,"DEU"
5511,"übersetzt",2,"DEU"
5512,"übertragung",2,"DEU"
5513,"überzeugen",2,"DEU"
5514,"üblichen",2,"DEU"
5515,"ukraine",2,"DEU"
5516,"ulrich",2,"DEU"
5517,"umfang",2,"DEU"
5518,"umfelds",2,"DEU"
5519,"umgebaut",2,"DEU"
5520,"umgebung",2,"DEU"
5521,"umgekehrt",2,"DEU"
5522,"umland",2,"DEU"
5523,"umstände",2,"DEU"
5524,"umständlicher",2,"DEU"
5525,"un",2,"DEU"
5526,"unabhängige",2,"DEU"
5527,"unfallflucht",2,"DEU"
5528,"unfallstelle",2,"DEU"
5529,"ungarischen",2,"DEU"
5530,"unglaublich",2,"DEU"
5531,"unmittelbar",2,"DEU"
5532,"unmut",2,"DEU"
5533,"unrecht",2,"DEU"
5534,"unseren",2,"DEU"
5535,"unteren",2,"DEU"
5536,"unterhalb",2,"DEU"
5537,"unterlagen",2,"DEU"
5538,"unterricht",2,"DEU"
5539,"untersagt",2,"DEU"
5540,"unterschied",2,"DEU"
5541,"unterschiedlichen",2,"DEU"
5542,"unterschrieben",2,"DEU"
5543,"untersuchungen",2,"DEU"
5544,"updates",2,"DEU"
5545,"uraufführung",2,"DEU"
5546,"urs",2,"DEU"
5547,"ursache",2,"DEU"
5548,"ursachen",2,"DEU"
5549,"ute",2,"DEU"
5550,"vakant",2,"DEU"
5551,"variante",2,"DEU"
5552,"varianten",2,"DEU"
5553,"vaters",2,"DEU"
5554,"vegan",2,"DEU"
5555,"vegane",2,"DEU"
5556,"veranstaltete",2,"DEU"
5557,"verantwortlichen",2,"DEU"
5558,"verarbeitet",2,"DEU"
5559,"verbandes",2,"DEU"
5560,"verbote",2,"DEU"
5561,"verbrachten",2,"DEU"
5562,"verbundenen",2,"DEU"
5563,"verdächtigen",2,"DEU"
5564,"verdachts",2,"DEU"
5565,"verdammt",2,"DEU"
5566,"verden",2,"DEU"
5567,"vereinen",2,"DEU"
5568,"verfahrens",2,"DEU"
5569,"verfolgt",2,"DEU"
5570,"verfolgte",2,"DEU"
5571,"verfügbar",2,"DEU"
5572,"verfügbarkeit",2,"DEU"
5573,"vergabe",2,"DEU"
5574,"vergebens",2,"DEU"
5575,"vergehen",2,"DEU"
5576,"vergessen",2,"DEU"
5577,"vergiftung",2,"DEU"
5578,"verhältnis",2,"DEU"
5579,"verhandelt",2,"DEU"
5580,"verhindern",2,"DEU"
5581,"verkaufen",2,"DEU"
5582,"verkehrskontrolle",2,"DEU"
5583,"verkehrsunfälle",2,"DEU"
5584,"verlag",2,"DEU"
5585,"verlangsamen",2,"DEU"
5586,"verlässliche",2,"DEU"
5587,"verlegen",2,"DEU"
5588,"verleihen",2,"DEU"
5589,"verletzen",2,"DEU"
5590,"verletzungen",2,"DEU"
5591,"verlierer",2,"DEU"
5592,"vermarktung",2,"DEU"
5593,"vermeiden",2,"DEU"
5594,"vermerk",2,"DEU"
5595,"vermieden",2,"DEU"
5596,"vermitteln",2,"DEU"
5597,"vernehmen",2,"DEU"
5598,"veröffentlichte",2,"DEU"
5599,"verordnungen",2,"DEU"
5600,"verringert",2,"DEU"
5601,"verringerte",2,"DEU"
5602,"verrückte",2,"DEU"
5603,"versammeln",2,"DEU"
5604,"versammlungen",2,"DEU"
5605,"verschicken",2,"DEU"
5606,"verschiedener",2,"DEU"
5607,"verschleppt",2,"DEU"
5608,"verschobene",2,"DEU"
5609,"verschwanden",2,"DEU"
5610,"verschwinden",2,"DEU"
5611,"verschwunden",2,"DEU"
5612,"versetzen",2,"DEU"
5613,"versicherte",2,"DEU"
5614,"versionen",2,"DEU"
5615,"versöhnung",2,"DEU"
5616,"verspeisen",2,"DEU"
5617,"verspottet",2,"DEU"
5618,"verstanden",2,"DEU"
5619,"verständigt",2,"DEU"
5620,"verstoßen",2,"DEU"
5621,"verstößen",2,"DEU"
5622,"verstößt",2,"DEU"
5623,"verteidiger",2,"DEU"
5624,"verteidigte",2,"DEU"
5625,"verteilung",2,"DEU"
5626,"vertrauter",2,"DEU"
5627,"vertritt",2,"DEU"
5628,"verursacht",2,"DEU"
5629,"verurteilte",2,"DEU"
5630,"verwaltungsgericht",2,"DEU"
5631,"verwaltungsgerichten",2,"DEU"
5632,"verwandelte",2,"DEU"
5633,"verwerfungen",2,"DEU"
5634,"verwiesen",2,"DEU"
5635,"verwirrend",2,"DEU"
5636,"verzögerungen",2,"DEU"
5637,"vielfalt",2,"DEU"
5638,"vierter",2,"DEU"
5639,"viktoria",2,"DEU"
5640,"viren",2,"DEU"
5641,"virtuelle",2,"DEU"
5642,"vizepräsident",2,"DEU"
5643,"vogt",2,"DEU"
5644,"volk",2,"DEU"
5645,"volles",2,"DEU"
5646,"vollkommen",2,"DEU"
5647,"voneinander",2,"DEU"
5648,"vorbereitungen",2,"DEU"
5649,"vorbild",2,"DEU"
5650,"vorfahrt",2,"DEU"
5651,"vorgabe",2,"DEU"
5652,"vorgänger",2,"DEU"
5653,"vorgelegten",2,"DEU"
5654,"vorhaben",2,"DEU"
5655,"vorhandene",2,"DEU"
5656,"vorkommen",2,"DEU"
5657,"vorkommnisse",2,"DEU"
5658,"vorlagen",2,"DEU"
5659,"vorlesen",2,"DEU"
5660,"vorne",2,"DEU"
5661,"vornehmen",2,"DEU"
5662,"vorprogrammiert",2,"DEU"
5663,"vorschreiben",2,"DEU"
5664,"vorsicht",2,"DEU"
5665,"vorsieht",2,"DEU"
5666,"vorstellungen",2,"DEU"
5667,"vorverkauf",2,"DEU"
5668,"vorweisen",2,"DEU"
5669,"vorwoche",2,"DEU"
5670,"vorzeitigen",2,"DEU"
5671,"votum",2,"DEU"
5672,"wacker",2,"DEU"
5673,"wählen",2,"DEU"
5674,"wähler",2,"DEU"
5675,"wahr",2,"DEU"
5676,"wahre",2,"DEU"
5677,"wall",2,"DEU"
5678,"wände",2,"DEU"
5679,"wänden",2,"DEU"
5680,"wandern",2,"DEU"
5681,"warb",2,"DEU"
5682,"warmes",2,"DEU"
5683,"warnen",2,"DEU"
5684,"warnhinweise",2,"DEU"
5685,"warnt",2,"DEU"
5686,"wartet",2,"DEU"
5687,"wäscht",2,"DEU"
5688,"wasserwerfern",2,"DEU"
5689,"wechselte",2,"DEU"
5690,"weges",2,"DEU"
5691,"wegzudenken",2,"DEU"
5692,"wehren",2,"DEU"
5693,"weihnachtsferien",2,"DEU"
5694,"weißrussland",2,"DEU"
5695,"weist",2,"DEU"
5696,"weitaus",2,"DEU"
5697,"weiten",2,"DEU"
5698,"weiterbildung",2,"DEU"
5699,"weiterfahren",2,"DEU"
5700,"weiterziehen",2,"DEU"
5701,"welch",2,"DEU"
5702,"welches",2,"DEU"
5703,"welle",2,"DEU"
5704,"weltbank",2,"DEU"
5705,"welten",2,"DEU"
5706,"weltkrieg",2,"DEU"
5707,"weltweite",2,"DEU"
5708,"weltweiten",2,"DEU"
5709,"wendler",2,"DEU"
5710,"werben",2,"DEU"
5711,"werke",2,"DEU"
5712,"werner",2,"DEU"
5713,"wertpapier",2,"DEU"
5714,"wertschätzung",2,"DEU"
5715,"wertvollen",2,"DEU"
5716,"wesen",2,"DEU"
5717,"wesentliche",2,"DEU"
5718,"westfalia",2,"DEU"
5719,"westfälische",2,"DEU"
5720,"westlichen",2,"DEU"
5721,"wettbewerb",2,"DEU"
5722,"wetterdienst",2,"DEU"
5723,"wettkämpfe",2,"DEU"
5724,"when",2,"DEU"
5725,"wichtiges",2,"DEU"
5726,"wichtigste",2,"DEU"
5727,"widerstand",2,"DEU"
5728,"widmete",2,"DEU"
5729,"wiese",2,"DEU"
5730,"wildungen",2,"DEU"
5731,"willen",2,"DEU"
5732,"williams",2,"DEU"
5733,"wind",2,"DEU"
5734,"windeseile",2,"DEU"
5735,"winkte",2,"DEU"
5736,"winterthurer",2,"DEU"
5737,"wirbt",2,"DEU"
5738,"wirken",2,"DEU"
5739,"wirtschaftlich",2,"DEU"
5740,"wissenschaftler",2,"DEU"
5741,"witterschlick",2,"DEU"
5742,"wodurch",2,"DEU"
5743,"wohin",2,"DEU"
5744,"wohnungen",2,"DEU"
5745,"wohnungsbau",2,"DEU"
5746,"wohnviertel",2,"DEU"
5747,"wölfe",2,"DEU"
5748,"wolkenkratzer",2,"DEU"
5749,"wolkig",2,"DEU"
5750,"worten",2,"DEU"
5751,"wti",2,"DEU"
5752,"wucht",2,"DEU"
5753,"wünschen",2,"DEU"
5754,"wünscht",2,"DEU"
5755,"wurst",2,"DEU"
5756,"würzburg",2,"DEU"
5757,"x2",2,"DEU"
5758,"yorker",2,"DEU"
5759,"you",2,"DEU"
5760,"youtube",2,"DEU"
5761,"yvonne",2,"DEU"
5762,"z",2,"DEU"
5763,"zahlreicher",2,"DEU"
5764,"zahlt",2,"DEU"
5765,"zahlte",2,"DEU"
5766,"zeiss",2,"DEU"
5767,"zeitalter",2,"DEU"
5768,"zeitweise",2,"DEU"
5769,"ženable",2,"DEU"
5770,"zentimeter",2,"DEU"
5771,"zentralbanken",2,"DEU"
5772,"zentralchinesischen",2,"DEU"
5773,"zentrale",2,"DEU"
5774,"zerbrechlich",2,"DEU"
5775,"zeremonie",2,"DEU"
5776,"zerstört",2,"DEU"
5777,"zertifikat",2,"DEU"
5778,"zettel",2,"DEU"
5779,"zeugen",2,"DEU"
5780,"zielgerade",2,"DEU"
5781,"zielgruppe",2,"DEU"
5782,"zoe",2,"DEU"
5783,"zögern",2,"DEU"
5784,"zoom",2,"DEU"
5785,"zuge",2,"DEU"
5786,"zugeht",2,"DEU"
5787,"zugenommen",2,"DEU"
5788,"zugesagt",2,"DEU"
5789,"zugesichert",2,"DEU"
5790,"zugunsten",2,"DEU"
5791,"zukommen",2,"DEU"
5792,"zulassen",2,"DEU"
5793,"zulässig",2,"DEU"
5794,"zulässt",2,"DEU"
5795,"zumal",2,"DEU"
5796,"zunahme",2,"DEU"
5797,"zurückgekehrt",2,"DEU"
5798,"zurückgezogen",2,"DEU"
5799,"zurückhalten",2,"DEU"
5800,"zurückhaltend",2,"DEU"
5801,"zurückkehren",2,"DEU"
5802,"zurückzubringen",2,"DEU"
5803,"zurzach",2,"DEU"
5804,"zurzeit",2,"DEU"
5805,"zusammenbricht",2,"DEU"
5806,"zusammenstößen",2,"DEU"
5807,"zuständige",2,"DEU"
5808,"zuständigen",2,"DEU"
5809,"zutiefst",2,"DEU"
5810,"zuversicht",2,"DEU"
5811,"zuversichtlich",2,"DEU"
5812,"zverev",2,"DEU"
5813,"zweier",2,"DEU"
5814,"zweifelsfall",2,"DEU"
5815,"zweikampf",2,"DEU"
5816,"zweistelligen",2,"DEU"
5817,"zweites",2,"DEU"
5818,"zwischenhoch",2,"DEU"
