"wordID","word","frequency","language"
1,"di",3429,"ITA"
2,"e",2132,"ITA"
3,"a",2025,"ITA"
4,"il",1815,"ITA"
5,"che",1729,"ITA"
6,"la",1695,"ITA"
7,"in",1566,"ITA"
8,"per",1340,"ITA"
9,"è",1242,"ITA"
10,"un",1183,"ITA"
11,"con",962,"ITA"
12,"del",930,"ITA"
13,"non",839,"ITA"
14,"l",828,"ITA"
15,"al",789,"ITA"
16,"i",783,"ITA"
17,"le",706,"ITA"
18,"anche",693,"ITA"
19,"della",681,"ITA"
20,"ha",677,"ITA"
21,"una",654,"ITA"
22,"si",651,"ITA"
23,"da",634,"ITA"
24,"come",546,"ITA"
25,"sono",525,"ITA"
26,"dei",385,"ITA"
27,"ci",382,"ITA"
28,"più",380,"ITA"
29,"alla",366,"ITA"
30,"dell",324,"ITA"
31,"ma",322,"ITA"
32,"nel",303,"ITA"
33,"gli",299,"ITA"
34,"ad",283,"ITA"
35,"dal",272,"ITA"
36,"delle",267,"ITA"
37,"c",256,"ITA"
38,"all",255,"ITA"
39,"abbiamo",236,"ITA"
40,"lo",218,"ITA"
41,"questo",212,"ITA"
42,"su",203,"ITA"
43,"ai",198,"ITA"
44,"hanno",196,"ITA"
45,"alle",189,"ITA"
46,"così",184,"ITA"
47,"se",179,"ITA"
48,"stato",176,"ITA"
49,"ancora",172,"ITA"
50,"coronavirus",172,"ITA"
51,"due",172,"ITA"
52,"chi",168,"ITA"
53,"anni",167,"ITA"
54,"nella",165,"ITA"
55,"essere",163,"ITA"
56,"tutti",162,"ITA"
57,"suo",159,"ITA"
58,"sul",158,"ITA"
59,"o",155,"ITA"
60,"cui",151,"ITA"
61,"tra",146,"ITA"
62,"era",145,"ITA"
63,"questa",143,"ITA"
64,"sarà",138,"ITA"
65,"dalla",137,"ITA"
66,"sempre",137,"ITA"
67,"solo",136,"ITA"
68,"d",133,"ITA"
69,"prima",127,"ITA"
70,"ed",126,"ITA"
71,"oggi",125,"ITA"
72,"sua",124,"ITA"
73,"già",123,"ITA"
74,"dopo",121,"ITA"
75,"tutto",120,"ITA"
76,"fare",119,"ITA"
77,"cosa",117,"ITA"
78,"momento",117,"ITA"
79,"covid",113,"ITA"
80,"fine",112,"ITA"
81,"altri",110,"ITA"
82,"degli",108,"ITA"
83,"sia",108,"ITA"
84,"dall",107,"ITA"
85,"italia",107,"ITA"
86,"uno",107,"ITA"
87,"molto",104,"ITA"
88,"parte",104,"ITA"
89,"persone",104,"ITA"
90,"mi",103,"ITA"
91,"primo",102,"ITA"
92,"loro",100,"ITA"
93,"nelle",99,"ITA"
94,"stata",97,"ITA"
95,"stati",97,"ITA"
96,"perché",96,"ITA"
97,"poi",96,"ITA"
98,"grande",95,"ITA"
99,"sulla",94,"ITA"
100,"1",93,"ITA"
101,"nei",93,"ITA"
102,"fatto",92,"ITA"
103,"però",92,"ITA"
104,"casa",91,"ITA"
105,"tempo",91,"ITA"
106,"quello",89,"ITA"
107,"fa",87,"ITA"
108,"contro",85,"ITA"
109,"euro",85,"ITA"
110,"siamo",85,"ITA"
111,"3",82,"ITA"
112,"può",82,"ITA"
113,"anno",81,"ITA"
114,"giorni",81,"ITA"
115,"19",80,"ITA"
116,"5",78,"ITA"
117,"alcuni",77,"ITA"
118,"aveva",77,"ITA"
119,"nuovo",77,"ITA"
120,"ore",74,"ITA"
121,"quando",74,"ITA"
122,"quindi",74,"ITA"
123,"infatti",73,"ITA"
124,"oltre",73,"ITA"
125,"2020",72,"ITA"
126,"ora",72,"ITA"
127,"punto",72,"ITA"
128,"adesso",71,"ITA"
129,"mondo",70,"ITA"
130,"rispetto",70,"ITA"
131,"4",69,"ITA"
132,"ogni",69,"ITA"
133,"2",68,"ITA"
134,"dove",68,"ITA"
135,"milioni",68,"ITA"
136,"ho",67,"ITA"
137,"quella",67,"ITA"
138,"vita",67,"ITA"
139,"città",66,"ITA"
140,"proprio",66,"ITA"
141,"questi",66,"ITA"
142,"via",66,"ITA"
143,"avere",65,"ITA"
144,"casi",65,"ITA"
145,"dai",65,"ITA"
146,"senza",65,"ITA"
147,"emergenza",64,"ITA"
148,"lavoro",64,"ITA"
149,"nell",64,"ITA"
150,"dello",63,"ITA"
151,"invece",63,"ITA"
152,"ne",62,"ITA"
153,"sta",62,"ITA"
154,"volta",62,"ITA"
155,"saranno",61,"ITA"
156,"stesso",61,"ITA"
157,"bene",60,"ITA"
158,"presidente",60,"ITA"
159,"roma",60,"ITA"
160,"altro",59,"ITA"
161,"fino",59,"ITA"
162,"quanto",59,"ITA"
163,"lui",58,"ITA"
164,"meno",58,"ITA"
165,"modo",58,"ITA"
166,"attività",57,"ITA"
167,"dire",57,"ITA"
168,"mai",57,"ITA"
169,"tre",57,"ITA"
170,"10",56,"ITA"
171,"altre",56,"ITA"
172,"tutte",56,"ITA"
173,"comunque",55,"ITA"
174,"agli",54,"ITA"
175,"circa",54,"ITA"
176,"allo",53,"ITA"
177,"caso",53,"ITA"
178,"dalle",53,"ITA"
179,"mentre",53,"ITA"
180,"qualche",53,"ITA"
181,"giorno",52,"ITA"
182,"centro",51,"ITA"
183,"commenta",51,"ITA"
184,"situazione",51,"ITA"
185,"sui",51,"ITA"
186,"causa",50,"ITA"
187,"ciò",50,"ITA"
188,"governo",50,"ITA"
189,"sarebbe",50,"ITA"
190,"serie",50,"ITA"
191,"sulle",50,"ITA"
192,"8",49,"ITA"
193,"allora",49,"ITA"
194,"almeno",49,"ITA"
195,"bisogna",49,"ITA"
196,"certo",48,"ITA"
197,"ex",48,"ITA"
198,"partire",48,"ITA"
199,"7",47,"ITA"
200,"far",47,"ITA"
201,"nuova",47,"ITA"
202,"posto",47,"ITA"
203,"quel",47,"ITA"
204,"de",46,"ITA"
205,"detto",46,"ITA"
206,"mesi",46,"ITA"
207,"negli",46,"ITA"
208,"numero",46,"ITA"
209,"sotto",46,"ITA"
210,"aver",45,"ITA"
211,"napoli",45,"ITA"
212,"possibile",45,"ITA"
213,"conte",44,"ITA"
214,"ieri",44,"ITA"
215,"insieme",44,"ITA"
216,"milano",44,"ITA"
217,"nostro",44,"ITA"
218,"sicurezza",44,"ITA"
219,"suoi",44,"ITA"
220,"po",43,"ITA"
221,"state",43,"ITA"
222,"6",42,"ITA"
223,"avuto",42,"ITA"
224,"campo",42,"ITA"
225,"noi",42,"ITA"
226,"visto",42,"ITA"
227,"alcune",41,"ITA"
228,"altra",41,"ITA"
229,"durante",41,"ITA"
230,"nuovi",41,"ITA"
231,"poco",41,"ITA"
232,"san",41,"ITA"
233,"soprattutto",41,"ITA"
234,"30",40,"ITA"
235,"dare",40,"ITA"
236,"esempio",40,"ITA"
237,"queste",40,"ITA"
238,"15",39,"ITA"
239,"dato",39,"ITA"
240,"erano",39,"ITA"
241,"meglio",39,"ITA"
242,"ospedale",39,"ITA"
243,"paese",39,"ITA"
244,"personale",39,"ITA"
245,"quasi",39,"ITA"
246,"secondo",39,"ITA"
247,"tutta",39,"ITA"
248,"credo",38,"ITA"
249,"inizio",38,"ITA"
250,"livello",38,"ITA"
251,"nazionale",38,"ITA"
252,"quale",38,"ITA"
253,"sindaco",38,"ITA"
254,"viene",38,"ITA"
255,"18",37,"ITA"
256,"21",37,"ITA"
257,"corso",37,"ITA"
258,"deciso",37,"ITA"
259,"interno",37,"ITA"
260,"me",37,"ITA"
261,"pandemia",37,"ITA"
262,"social",37,"ITA"
263,"sue",37,"ITA"
264,"tanto",37,"ITA"
265,"attualmente",36,"ITA"
266,"continua",36,"ITA"
267,"periodo",36,"ITA"
268,"rischio",36,"ITA"
269,"salute",36,"ITA"
270,"servizio",36,"ITA"
271,"settimana",36,"ITA"
272,"tanti",36,"ITA"
273,"giugno",35,"ITA"
274,"lei",35,"ITA"
275,"volte",35,"ITA"
276,"col",34,"ITA"
277,"deve",34,"ITA"
278,"famiglia",34,"ITA"
279,"mio",34,"ITA"
280,"nostra",34,"ITA"
281,"positivi",34,"ITA"
282,"possibilità",34,"ITA"
283,"regione",34,"ITA"
284,"sembra",34,"ITA"
285,"società",34,"ITA"
286,"stagione",34,"ITA"
287,"uomo",34,"ITA"
288,"attraverso",33,"ITA"
289,"avrebbe",33,"ITA"
290,"bambini",33,"ITA"
291,"bisogno",33,"ITA"
292,"comune",33,"ITA"
293,"dati",33,"ITA"
294,"film",33,"ITA"
295,"stessa",33,"ITA"
296,"subito",33,"ITA"
297,"successo",33,"ITA"
298,"territorio",33,"ITA"
299,"amici",32,"ITA"
300,"aprile",32,"ITA"
301,"donne",32,"ITA"
302,"molti",32,"ITA"
303,"programma",32,"ITA"
304,"quelle",32,"ITA"
305,"quelli",32,"ITA"
306,"storia",32,"ITA"
307,"9",31,"ITA"
308,"gennaio",31,"ITA"
309,"io",31,"ITA"
310,"possono",31,"ITA"
311,"regionale",31,"ITA"
312,"spiega",31,"ITA"
313,"squadra",31,"ITA"
314,"stare",31,"ITA"
315,"va",31,"ITA"
316,"virus",31,"ITA"
317,"14",30,"ITA"
318,"andare",30,"ITA"
319,"ben",30,"ITA"
320,"futuro",30,"ITA"
321,"marzo",30,"ITA"
322,"mese",30,"ITA"
323,"progetto",30,"ITA"
324,"pubblico",30,"ITA"
325,"punti",30,"ITA"
326,"scorso",30,"ITA"
327,"verso",30,"ITA"
328,"0",29,"ITA"
329,"20",29,"ITA"
330,"amore",29,"ITA"
331,"campionato",29,"ITA"
332,"davvero",29,"ITA"
333,"dice",29,"ITA"
334,"domani",29,"ITA"
335,"legge",29,"ITA"
336,"ormai",29,"ITA"
337,"piazza",29,"ITA"
338,"pochi",29,"ITA"
339,"quali",29,"ITA"
340,"video",29,"ITA"
341,"basta",28,"ITA"
342,"dagli",28,"ITA"
343,"diversi",28,"ITA"
344,"forse",28,"ITA"
345,"fra",28,"ITA"
346,"giornata",28,"ITA"
347,"grazie",28,"ITA"
348,"importante",28,"ITA"
349,"italiani",28,"ITA"
350,"mia",28,"ITA"
351,"potrebbe",28,"ITA"
352,"quattro",28,"ITA"
353,"qui",28,"ITA"
354,"sull",28,"ITA"
355,"tamponi",28,"ITA"
356,"ti",28,"ITA"
357,"24",27,"ITA"
358,"appena",27,"ITA"
359,"attenzione",27,"ITA"
360,"bologna",27,"ITA"
361,"chiesto",27,"ITA"
362,"fronte",27,"ITA"
363,"nostri",27,"ITA"
364,"possiamo",27,"ITA"
365,"sei",27,"ITA"
366,"settembre",27,"ITA"
367,"stanno",27,"ITA"
368,"vista",27,"ITA"
369,"calcio",26,"ITA"
370,"cinque",26,"ITA"
371,"cittadini",26,"ITA"
372,"condizioni",26,"ITA"
373,"direttore",26,"ITA"
374,"donna",26,"ITA"
375,"li",26,"ITA"
376,"mercato",26,"ITA"
377,"notizia",26,"ITA"
378,"nulla",26,"ITA"
379,"occasione",26,"ITA"
380,"ottobre",26,"ITA"
381,"possa",26,"ITA"
382,"scuola",26,"ITA"
383,"seconda",26,"ITA"
384,"settimane",26,"ITA"
385,"test",26,"ITA"
386,"ultime",26,"ITA"
387,"2021",25,"ITA"
388,"50",25,"ITA"
389,"accordo",25,"ITA"
390,"antonio",25,"ITA"
391,"area",25,"ITA"
392,"consiglio",25,"ITA"
393,"contagi",25,"ITA"
394,"controllo",25,"ITA"
395,"dichiarato",25,"ITA"
396,"distanza",25,"ITA"
397,"lavorare",25,"ITA"
398,"lockdown",25,"ITA"
399,"lungo",25,"ITA"
400,"misure",25,"ITA"
401,"piano",25,"ITA"
402,"post",25,"ITA"
403,"risultati",25,"ITA"
404,"senso",25,"ITA"
405,"siano",25,"ITA"
406,"tempi",25,"ITA"
407,"ultimi",25,"ITA"
408,"2019",24,"ITA"
409,"andrea",24,"ITA"
410,"base",24,"ITA"
411,"capire",24,"ITA"
412,"carabinieri",24,"ITA"
413,"contagio",24,"ITA"
414,"cose",24,"ITA"
415,"diverse",24,"ITA"
416,"dovuto",24,"ITA"
417,"febbraio",24,"ITA"
418,"italiana",24,"ITA"
419,"mano",24,"ITA"
420,"media",24,"ITA"
421,"nello",24,"ITA"
422,"nota",24,"ITA"
423,"partita",24,"ITA"
424,"poter",24,"ITA"
425,"primi",24,"ITA"
426,"problemi",24,"ITA"
427,"rapporto",24,"ITA"
428,"sanitaria",24,"ITA"
429,"sera",24,"ITA"
430,"servizi",24,"ITA"
431,"tante",24,"ITA"
432,"tv",24,"ITA"
433,"ultimo",24,"ITA"
434,"vi",24,"ITA"
435,"22",23,"ITA"
436,"arriva",23,"ITA"
437,"età",23,"ITA"
438,"fase",23,"ITA"
439,"giovani",23,"ITA"
440,"inoltre",23,"ITA"
441,"nostre",23,"ITA"
442,"parole",23,"ITA"
443,"passato",23,"ITA"
444,"polizia",23,"ITA"
445,"prendere",23,"ITA"
446,"prossimo",23,"ITA"
447,"sistema",23,"ITA"
448,"strada",23,"ITA"
449,"tecnico",23,"ITA"
450,"termine",23,"ITA"
451,"totale",23,"ITA"
452,"11",22,"ITA"
453,"12",22,"ITA"
454,"13",22,"ITA"
455,"40",22,"ITA"
456,"aperto",22,"ITA"
457,"appuntamento",22,"ITA"
458,"auto",22,"ITA"
459,"avete",22,"ITA"
460,"carlo",22,"ITA"
461,"data",22,"ITA"
462,"dicembre",22,"ITA"
463,"forte",22,"ITA"
464,"foto",22,"ITA"
465,"fuori",22,"ITA"
466,"gioco",22,"ITA"
467,"gruppo",22,"ITA"
468,"guida",22,"ITA"
469,"impegno",22,"ITA"
470,"inter",22,"ITA"
471,"istituto",22,"ITA"
472,"mezzo",22,"ITA"
473,"no",22,"ITA"
474,"nonostante",22,"ITA"
475,"percorso",22,"ITA"
476,"portato",22,"ITA"
477,"posti",22,"ITA"
478,"prezzo",22,"ITA"
479,"qualcosa",22,"ITA"
480,"quarantena",22,"ITA"
481,"ragazzi",22,"ITA"
482,"scelta",22,"ITA"
483,"studio",22,"ITA"
484,"sud",22,"ITA"
485,"troppo",22,"ITA"
486,"vedere",22,"ITA"
487,"vuole",22,"ITA"
488,"zona",22,"ITA"
489,"000",21,"ITA"
490,"anzi",21,"ITA"
491,"attuale",21,"ITA"
492,"avevano",21,"ITA"
493,"comunità",21,"ITA"
494,"difficoltà",21,"ITA"
495,"domenica",21,"ITA"
496,"dovrebbe",21,"ITA"
497,"generale",21,"ITA"
498,"giocatori",21,"ITA"
499,"gol",21,"ITA"
500,"importanti",21,"ITA"
501,"linea",21,"ITA"
502,"lombardia",21,"ITA"
503,"mare",21,"ITA"
504,"mascherine",21,"ITA"
505,"mettere",21,"ITA"
506,"nord",21,"ITA"
507,"padre",21,"ITA"
508,"paura",21,"ITA"
509,"proposito",21,"ITA"
510,"prova",21,"ITA"
511,"resta",21,"ITA"
512,"sociale",21,"ITA"
513,"spazio",21,"ITA"
514,"spesso",21,"ITA"
515,"spiegato",21,"ITA"
516,"testa",21,"ITA"
517,"2018",20,"ITA"
518,"app",20,"ITA"
519,"avanti",20,"ITA"
520,"aziende",20,"ITA"
521,"buona",20,"ITA"
522,"comunale",20,"ITA"
523,"conto",20,"ITA"
524,"crisi",20,"ITA"
525,"figlio",20,"ITA"
526,"forza",20,"ITA"
527,"grado",20,"ITA"
528,"juve",20,"ITA"
529,"madre",20,"ITA"
530,"maggio",20,"ITA"
531,"mattina",20,"ITA"
532,"medico",20,"ITA"
533,"migliore",20,"ITA"
534,"milan",20,"ITA"
535,"ministro",20,"ITA"
536,"minuti",20,"ITA"
537,"necessario",20,"ITA"
538,"operatori",20,"ITA"
539,"ordine",20,"ITA"
540,"paesi",20,"ITA"
541,"politica",20,"ITA"
542,"positivo",20,"ITA"
543,"presenza",20,"ITA"
544,"prodotti",20,"ITA"
545,"protezione",20,"ITA"
546,"quest",20,"ITA"
547,"rete",20,"ITA"
548,"trovare",20,"ITA"
549,"trovato",20,"ITA"
550,"uomini",20,"ITA"
551,"16",19,"ITA"
552,"agosto",19,"ITA"
553,"associazione",19,"ITA"
554,"azione",19,"ITA"
555,"bella",19,"ITA"
556,"club",19,"ITA"
557,"complessivamente",19,"ITA"
558,"diretta",19,"ITA"
559,"esperienza",19,"ITA"
560,"europa",19,"ITA"
561,"genitori",19,"ITA"
562,"iniziato",19,"ITA"
563,"luca",19,"ITA"
564,"massimo",19,"ITA"
565,"morte",19,"ITA"
566,"nome",19,"ITA"
567,"noto",19,"ITA"
568,"numeri",19,"ITA"
569,"ovviamente",19,"ITA"
570,"prime",19,"ITA"
571,"propri",19,"ITA"
572,"propria",19,"ITA"
573,"provincia",19,"ITA"
574,"ritorno",19,"ITA"
575,"sport",19,"ITA"
576,"studenti",19,"ITA"
577,"terapia",19,"ITA"
578,"tratta",19,"ITA"
579,"23",18,"ITA"
580,"aggiunge",18,"ITA"
581,"aggiunto",18,"ITA"
582,"alberto",18,"ITA"
583,"annunciato",18,"ITA"
584,"arrivo",18,"ITA"
585,"bari",18,"ITA"
586,"breve",18,"ITA"
587,"ce",18,"ITA"
588,"chiusura",18,"ITA"
589,"facebook",18,"ITA"
590,"famiglie",18,"ITA"
591,"fosse",18,"ITA"
592,"francesco",18,"ITA"
593,"idea",18,"ITA"
594,"instagram",18,"ITA"
595,"intensiva",18,"ITA"
596,"juventus",18,"ITA"
597,"lasciato",18,"ITA"
598,"lavori",18,"ITA"
599,"ministero",18,"ITA"
600,"occhi",18,"ITA"
601,"partito",18,"ITA"
602,"potrà",18,"ITA"
603,"problema",18,"ITA"
604,"prossima",18,"ITA"
605,"pure",18,"ITA"
606,"qualcuno",18,"ITA"
607,"qualità",18,"ITA"
608,"regioni",18,"ITA"
609,"ricerca",18,"ITA"
610,"risultato",18,"ITA"
611,"scritto",18,"ITA"
612,"seguire",18,"ITA"
613,"soltanto",18,"ITA"
614,"stiamo",18,"ITA"
615,"teatro",18,"ITA"
616,"17",17,"ITA"
617,"25",17,"ITA"
618,"arrivare",17,"ITA"
619,"arte",17,"ITA"
620,"azienda",17,"ITA"
621,"bordo",17,"ITA"
622,"confronti",17,"ITA"
623,"controlli",17,"ITA"
624,"direzione",17,"ITA"
625,"domanda",17,"ITA"
626,"fiducia",17,"ITA"
627,"finale",17,"ITA"
628,"fu",17,"ITA"
629,"grandi",17,"ITA"
630,"hai",17,"ITA"
631,"imprese",17,"ITA"
632,"informazioni",17,"ITA"
633,"intervento",17,"ITA"
634,"lavoratori",17,"ITA"
635,"lunedì",17,"ITA"
636,"messo",17,"ITA"
637,"nessun",17,"ITA"
638,"nessuno",17,"ITA"
639,"nuove",17,"ITA"
640,"palermo",17,"ITA"
641,"parlare",17,"ITA"
642,"parlato",17,"ITA"
643,"pensare",17,"ITA"
644,"porta",17,"ITA"
645,"presente",17,"ITA"
646,"presto",17,"ITA"
647,"quota",17,"ITA"
648,"richieste",17,"ITA"
649,"ruolo",17,"ITA"
650,"seguito",17,"ITA"
651,"stampa",17,"ITA"
652,"terra",17,"ITA"
653,"tornare",17,"ITA"
654,"vengono",17,"ITA"
655,"voluto",17,"ITA"
656,"abbia",16,"ITA"
657,"aiutare",16,"ITA"
658,"apertura",16,"ITA"
659,"arrivati",16,"ITA"
660,"assessore",16,"ITA"
661,"buon",16,"ITA"
662,"calo",16,"ITA"
663,"campania",16,"ITA"
664,"capitale",16,"ITA"
665,"case",16,"ITA"
666,"chiudere",16,"ITA"
667,"classe",16,"ITA"
668,"crescita",16,"ITA"
669,"davanti",16,"ITA"
670,"decessi",16,"ITA"
671,"decisione",16,"ITA"
672,"direttamente",16,"ITA"
673,"evitare",16,"ITA"
674,"figli",16,"ITA"
675,"forze",16,"ITA"
676,"gara",16,"ITA"
677,"garantire",16,"ITA"
678,"intervista",16,"ITA"
679,"lazio",16,"ITA"
680,"maria",16,"ITA"
681,"medici",16,"ITA"
682,"miliardi",16,"ITA"
683,"mondiale",16,"ITA"
684,"morti",16,"ITA"
685,"né",16,"ITA"
686,"novembre",16,"ITA"
687,"online",16,"ITA"
688,"ospiti",16,"ITA"
689,"paolo",16,"ITA"
690,"pari",16,"ITA"
691,"passo",16,"ITA"
692,"piccolo",16,"ITA"
693,"potrebbero",16,"ITA"
694,"pro",16,"ITA"
695,"pronto",16,"ITA"
696,"richiesta",16,"ITA"
697,"risposta",16,"ITA"
698,"rosso",16,"ITA"
699,"s",16,"ITA"
700,"sabato",16,"ITA"
701,"sanitario",16,"ITA"
702,"scuole",16,"ITA"
703,"sicuramente",16,"ITA"
704,"spagna",16,"ITA"
705,"strutture",16,"ITA"
706,"sviluppo",16,"ITA"
707,"tale",16,"ITA"
708,"tipo",16,"ITA"
709,"verrà",16,"ITA"
710,"vittime",16,"ITA"
711,"28",15,"ITA"
712,"500",15,"ITA"
713,"accaduto",15,"ITA"
714,"accesso",15,"ITA"
715,"acqua",15,"ITA"
716,"alto",15,"ITA"
717,"amministrazione",15,"ITA"
718,"analisi",15,"ITA"
719,"apple",15,"ITA"
720,"attesa",15,"ITA"
721,"aumento",15,"ITA"
722,"cerca",15,"ITA"
723,"com",15,"ITA"
724,"contratto",15,"ITA"
725,"dieci",15,"ITA"
726,"difficile",15,"ITA"
727,"disposizione",15,"ITA"
728,"dovrà",15,"ITA"
729,"edizione",15,"ITA"
730,"emilia",15,"ITA"
731,"faccia",15,"ITA"
732,"fondi",15,"ITA"
733,"genoa",15,"ITA"
734,"guerra",15,"ITA"
735,"isolamento",15,"ITA"
736,"lasciare",15,"ITA"
737,"locale",15,"ITA"
738,"maggiore",15,"ITA"
739,"messaggio",15,"ITA"
740,"mila",15,"ITA"
741,"moglie",15,"ITA"
742,"molte",15,"ITA"
743,"momenti",15,"ITA"
744,"necessità",15,"ITA"
745,"notizie",15,"ITA"
746,"pare",15,"ITA"
747,"particolare",15,"ITA"
748,"pazienti",15,"ITA"
749,"previsto",15,"ITA"
750,"progetti",15,"ITA"
751,"protagonista",15,"ITA"
752,"rai",15,"ITA"
753,"ripresa",15,"ITA"
754,"settore",15,"ITA"
755,"sfida",15,"ITA"
756,"stessi",15,"ITA"
757,"sugli",15,"ITA"
758,"terzo",15,"ITA"
759,"ufficiale",15,"ITA"
760,"unica",15,"ITA"
761,"unico",15,"ITA"
762,"utenti",15,"ITA"
763,"valore",15,"ITA"
764,"vanno",15,"ITA"
765,"versione",15,"ITA"
766,"voi",15,"ITA"
767,"alta",14,"ITA"
768,"amazon",14,"ITA"
769,"aversa",14,"ITA"
770,"azioni",14,"ITA"
771,"bergamo",14,"ITA"
772,"capito",14,"ITA"
773,"centrale",14,"ITA"
774,"certamente",14,"ITA"
775,"chiedere",14,"ITA"
776,"clienti",14,"ITA"
777,"contagiati",14,"ITA"
778,"dedicato",14,"ITA"
779,"differenza",14,"ITA"
780,"dunque",14,"ITA"
781,"economico",14,"ITA"
782,"estate",14,"ITA"
783,"fanno",14,"ITA"
784,"festival",14,"ITA"
785,"fortuna",14,"ITA"
786,"gestione",14,"ITA"
787,"giovane",14,"ITA"
788,"giusto",14,"ITA"
789,"impossibile",14,"ITA"
790,"interventi",14,"ITA"
791,"italiano",14,"ITA"
792,"lì",14,"ITA"
793,"luce",14,"ITA"
794,"luglio",14,"ITA"
795,"marito",14,"ITA"
796,"miei",14,"ITA"
797,"militari",14,"ITA"
798,"niente",14,"ITA"
799,"pd",14,"ITA"
800,"piccola",14,"ITA"
801,"presenti",14,"ITA"
802,"preso",14,"ITA"
803,"principale",14,"ITA"
804,"raggiunto",14,"ITA"
805,"regole",14,"ITA"
806,"risorse",14,"ITA"
807,"sarebbero",14,"ITA"
808,"sede",14,"ITA"
809,"segno",14,"ITA"
810,"serve",14,"ITA"
811,"sintomi",14,"ITA"
812,"squadre",14,"ITA"
813,"stelle",14,"ITA"
814,"te",14,"ITA"
815,"tua",14,"ITA"
816,"ultima",14,"ITA"
817,"uniti",14,"ITA"
818,"uscita",14,"ITA"
819,"vicino",14,"ITA"
820,"00",13,"ITA"
821,"26",13,"ITA"
822,"ambito",13,"ITA"
823,"anti",13,"ITA"
824,"anziani",13,"ITA"
825,"appello",13,"ITA"
826,"arrivano",13,"ITA"
827,"arrivato",13,"ITA"
828,"atalanta",13,"ITA"
829,"atto",13,"ITA"
830,"autorità",13,"ITA"
831,"avevo",13,"ITA"
832,"barcellona",13,"ITA"
833,"cambiare",13,"ITA"
834,"champions",13,"ITA"
835,"chiediamo",13,"ITA"
836,"comuni",13,"ITA"
837,"contatto",13,"ITA"
838,"coppia",13,"ITA"
839,"cura",13,"ITA"
840,"dicono",13,"ITA"
841,"diffusione",13,"ITA"
842,"dipendenti",13,"ITA"
843,"diretto",13,"ITA"
844,"disponibili",13,"ITA"
845,"diventato",13,"ITA"
846,"dobbiamo",13,"ITA"
847,"ecco",13,"ITA"
848,"economia",13,"ITA"
849,"economica",13,"ITA"
850,"effettuati",13,"ITA"
851,"europeo",13,"ITA"
852,"fan",13,"ITA"
853,"fatti",13,"ITA"
854,"gestire",13,"ITA"
855,"google",13,"ITA"
856,"gran",13,"ITA"
857,"ingresso",13,"ITA"
858,"liguria",13,"ITA"
859,"mamma",13,"ITA"
860,"merito",13,"ITA"
861,"metà",13,"ITA"
862,"musica",13,"ITA"
863,"novità",13,"ITA"
864,"onda",13,"ITA"
865,"pensa",13,"ITA"
866,"persona",13,"ITA"
867,"personaggio",13,"ITA"
868,"piace",13,"ITA"
869,"posizione",13,"ITA"
870,"possibili",13,"ITA"
871,"precedente",13,"ITA"
872,"premier",13,"ITA"
873,"profilo",13,"ITA"
874,"racconta",13,"ITA"
875,"relazione",13,"ITA"
876,"responsabilità",13,"ITA"
877,"resto",13,"ITA"
878,"rossa",13,"ITA"
879,"sanità",13,"ITA"
880,"sapere",13,"ITA"
881,"serata",13,"ITA"
882,"significa",13,"ITA"
883,"situazioni",13,"ITA"
884,"sopra",13,"ITA"
885,"spazi",13,"ITA"
886,"speranza",13,"ITA"
887,"storico",13,"ITA"
888,"titolo",13,"ITA"
889,"torino",13,"ITA"
890,"tramite",13,"ITA"
891,"turno",13,"ITA"
892,"unità",13,"ITA"
893,"vacanze",13,"ITA"
894,"vale",13,"ITA"
895,"vantaggio",13,"ITA"
896,"vari",13,"ITA"
897,"vip",13,"ITA"
898,"volontà",13,"ITA"
899,"60",12,"ITA"
900,"90",12,"ITA"
901,"acquisto",12,"ITA"
902,"affrontare",12,"ITA"
903,"andrà",12,"ITA"
904,"anticipato",12,"ITA"
905,"artista",12,"ITA"
906,"avrà",12,"ITA"
907,"bambino",12,"ITA"
908,"basso",12,"ITA"
909,"brescia",12,"ITA"
910,"cambio",12,"ITA"
911,"canzoni",12,"ITA"
912,"capo",12,"ITA"
913,"chiara",12,"ITA"
914,"cinema",12,"ITA"
915,"cioè",12,"ITA"
916,"classifica",12,"ITA"
917,"compagnia",12,"ITA"
918,"comunicato",12,"ITA"
919,"conferenza",12,"ITA"
920,"conferma",12,"ITA"
921,"conti",12,"ITA"
922,"costa",12,"ITA"
923,"cultura",12,"ITA"
924,"cuore",12,"ITA"
925,"decreto",12,"ITA"
926,"dentro",12,"ITA"
927,"effetti",12,"ITA"
928,"esito",12,"ITA"
929,"eventi",12,"ITA"
930,"facendo",12,"ITA"
931,"farà",12,"ITA"
932,"figlia",12,"ITA"
933,"fondo",12,"ITA"
934,"fuoco",12,"ITA"
935,"genova",12,"ITA"
936,"giuseppe",12,"ITA"
937,"immagini",12,"ITA"
938,"incidente",12,"ITA"
939,"locali",12,"ITA"
940,"malattia",12,"ITA"
941,"mercoledì",12,"ITA"
942,"messi",12,"ITA"
943,"migranti",12,"ITA"
944,"modalità",12,"ITA"
945,"modello",12,"ITA"
946,"new",12,"ITA"
947,"obiettivo",12,"ITA"
948,"ovvero",12,"ITA"
949,"parti",12,"ITA"
950,"partite",12,"ITA"
951,"perchè",12,"ITA"
952,"pomeriggio",12,"ITA"
953,"potranno",12,"ITA"
954,"pubblicato",12,"ITA"
955,"puntata",12,"ITA"
956,"raccontato",12,"ITA"
957,"realtà",12,"ITA"
958,"record",12,"ITA"
959,"regionali",12,"ITA"
960,"ricorda",12,"ITA"
961,"rimane",12,"ITA"
962,"riporta",12,"ITA"
963,"romagna",12,"ITA"
964,"rosa",12,"ITA"
965,"sala",12,"ITA"
966,"scena",12,"ITA"
967,"scrive",12,"ITA"
968,"semplice",12,"ITA"
969,"sito",12,"ITA"
970,"sostegno",12,"ITA"
971,"spesa",12,"ITA"
972,"spettacolo",12,"ITA"
973,"sportivo",12,"ITA"
974,"struttura",12,"ITA"
975,"supporto",12,"ITA"
976,"team",12,"ITA"
977,"tecnologia",12,"ITA"
978,"telefono",12,"ITA"
979,"the",12,"ITA"
980,"titoli",12,"ITA"
981,"torna",12,"ITA"
982,"trump",12,"ITA"
983,"ufficio",12,"ITA"
984,"usa",12,"ITA"
985,"uscire",12,"ITA"
986,"venerdì",12,"ITA"
987,"vero",12,"ITA"
988,"vincere",12,"ITA"
989,"voce",12,"ITA"
990,"voglia",12,"ITA"
991,"voglio",12,"ITA"
992,"vuol",12,"ITA"
993,"31",11,"ITA"
994,"70",11,"ITA"
995,"aggiornamenti",11,"ITA"
996,"amico",11,"ITA"
997,"arriverà",11,"ITA"
998,"aspetta",11,"ITA"
999,"assolutamente",11,"ITA"
1000,"attaccante",11,"ITA"
1001,"avvocato",11,"ITA"
1002,"b",11,"ITA"
1003,"calabria",11,"ITA"
1004,"campagna",11,"ITA"
1005,"cantante",11,"ITA"
1006,"centinaia",11,"ITA"
1007,"chiaramente",11,"ITA"
1008,"chiaro",11,"ITA"
1009,"chiede",11,"ITA"
1010,"chiuso",11,"ITA"
1011,"collaborazione",11,"ITA"
1012,"colore",11,"ITA"
1013,"colpito",11,"ITA"
1014,"completamente",11,"ITA"
1015,"confronto",11,"ITA"
1016,"conoscenza",11,"ITA"
1017,"continuano",11,"ITA"
1018,"contrario",11,"ITA"
1019,"cosi",11,"ITA"
1020,"creare",11,"ITA"
1021,"devono",11,"ITA"
1022,"diritto",11,"ITA"
1023,"esperti",11,"ITA"
1024,"farlo",11,"ITA"
1025,"fiorentina",11,"ITA"
1026,"franco",11,"ITA"
1027,"incontri",11,"ITA"
1028,"letto",11,"ITA"
1029,"libro",11,"ITA"
1030,"macchina",11,"ITA"
1031,"maglia",11,"ITA"
1032,"mani",11,"ITA"
1033,"maniera",11,"ITA"
1034,"martedì",11,"ITA"
1035,"nemmeno",11,"ITA"
1036,"normale",11,"ITA"
1037,"oppure",11,"ITA"
1038,"piena",11,"ITA"
1039,"pieno",11,"ITA"
1040,"portare",11,"ITA"
1041,"precedenti",11,"ITA"
1042,"prossime",11,"ITA"
1043,"prossimi",11,"ITA"
1044,"ragazzo",11,"ITA"
1045,"realizzazione",11,"ITA"
1046,"repubblica",11,"ITA"
1047,"riesce",11,"ITA"
1048,"riguarda",11,"ITA"
1049,"sin",11,"ITA"
1050,"sola",11,"ITA"
1051,"soldi",11,"ITA"
1052,"sole",11,"ITA"
1053,"solito",11,"ITA"
1054,"stazione",11,"ITA"
1055,"strumento",11,"ITA"
1056,"tema",11,"ITA"
1057,"tenere",11,"ITA"
1058,"tu",11,"ITA"
1059,"tuttavia",11,"ITA"
1060,"ulteriore",11,"ITA"
1061,"utile",11,"ITA"
1062,"vaccino",11,"ITA"
1063,"vendita",11,"ITA"
1064,"vinto",11,"ITA"
1065,"vite",11,"ITA"
1066,"vivere",11,"ITA"
1067,"vivo",11,"ITA"
1068,"web",11,"ITA"
1069,"100",10,"ITA"
1070,"2014",10,"ITA"
1071,"2017",10,"ITA"
1072,"45",10,"ITA"
1073,"aiuto",10,"ITA"
1074,"album",10,"ITA"
1075,"alcun",10,"ITA"
1076,"allarme",10,"ITA"
1077,"ambiente",10,"ITA"
1078,"ascolti",10,"ITA"
1079,"assistenza",10,"ITA"
1080,"avevamo",10,"ITA"
1081,"avvio",10,"ITA"
1082,"bonus",10,"ITA"
1083,"carriera",10,"ITA"
1084,"caserta",10,"ITA"
1085,"certi",10,"ITA"
1086,"cina",10,"ITA"
1087,"colleghi",10,"ITA"
1088,"coloro",10,"ITA"
1089,"comunicazione",10,"ITA"
1090,"conclude",10,"ITA"
1091,"consigliere",10,"ITA"
1092,"continuare",10,"ITA"
1093,"corsa",10,"ITA"
1094,"cresce",10,"ITA"
1095,"cristiano",10,"ITA"
1096,"day",10,"ITA"
1097,"decine",10,"ITA"
1098,"dietro",10,"ITA"
1099,"diventare",10,"ITA"
1100,"dura",10,"ITA"
1101,"entrare",10,"ITA"
1102,"ero",10,"ITA"
1103,"errori",10,"ITA"
1104,"fascia",10,"ITA"
1105,"festa",10,"ITA"
1106,"fianco",10,"ITA"
1107,"fondazione",10,"ITA"
1108,"fossero",10,"ITA"
1109,"francese",10,"ITA"
1110,"giocatore",10,"ITA"
1111,"giro",10,"ITA"
1112,"giustizia",10,"ITA"
1113,"governatore",10,"ITA"
1114,"gravi",10,"ITA"
1115,"incontro",10,"ITA"
1116,"indietro",10,"ITA"
1117,"investimenti",10,"ITA"
1118,"isola",10,"ITA"
1119,"leader",10,"ITA"
1120,"league",10,"ITA"
1121,"lega",10,"ITA"
1122,"legato",10,"ITA"
1123,"lista",10,"ITA"
1124,"luogo",10,"ITA"
1125,"maggior",10,"ITA"
1126,"male",10,"ITA"
1127,"mandato",10,"ITA"
1128,"mattino",10,"ITA"
1129,"natale",10,"ITA"
1130,"nero",10,"ITA"
1131,"netto",10,"ITA"
1132,"notte",10,"ITA"
1133,"palazzo",10,"ITA"
1134,"parla",10,"ITA"
1135,"partecipazione",10,"ITA"
1136,"passare",10,"ITA"
1137,"pensato",10,"ITA"
1138,"perdere",10,"ITA"
1139,"permette",10,"ITA"
1140,"perso",10,"ITA"
1141,"popolazione",10,"ITA"
1142,"porto",10,"ITA"
1143,"potuto",10,"ITA"
1144,"prestito",10,"ITA"
1145,"priorità",10,"ITA"
1146,"probabilmente",10,"ITA"
1147,"pubblica",10,"ITA"
1148,"qualsiasi",10,"ITA"
1149,"questione",10,"ITA"
1150,"reparto",10,"ITA"
1151,"riferimento",10,"ITA"
1152,"rispondere",10,"ITA"
1153,"risposto",10,"ITA"
1154,"romanzo",10,"ITA"
1155,"salvini",10,"ITA"
1156,"sappiamo",10,"ITA"
1157,"scolastico",10,"ITA"
1158,"sembrava",10,"ITA"
1159,"soli",10,"ITA"
1160,"soluzione",10,"ITA"
1161,"soluzioni",10,"ITA"
1162,"speciale",10,"ITA"
1163,"stadio",10,"ITA"
1164,"stefano",10,"ITA"
1165,"stile",10,"ITA"
1166,"studi",10,"ITA"
1167,"superiore",10,"ITA"
1168,"tampone",10,"ITA"
1169,"tecnica",10,"ITA"
1170,"tifosi",10,"ITA"
1171,"toscana",10,"ITA"
1172,"trova",10,"ITA"
1173,"tuo",10,"ITA"
1174,"ue",10,"ITA"
1175,"urso",10,"ITA"
1176,"uso",10,"ITA"
1177,"veramente",10,"ITA"
1178,"viaggio",10,"ITA"
1179,"villa",10,"ITA"
1180,"vittoria",10,"ITA"
1181,"29",9,"ITA"
1182,"35",9,"ITA"
1183,"800",9,"ITA"
1184,"99",9,"ITA"
1185,"addio",9,"ITA"
1186,"addirittura",9,"ITA"
1187,"aiuti",9,"ITA"
1188,"allenatore",9,"ITA"
1189,"altezza",9,"ITA"
1190,"antonella",9,"ITA"
1191,"appare",9,"ITA"
1192,"aprire",9,"ITA"
1193,"aree",9,"ITA"
1194,"asl",9,"ITA"
1195,"bar",9,"ITA"
1196,"capacità",9,"ITA"
1197,"capelli",9,"ITA"
1198,"carcere",9,"ITA"
1199,"categorie",9,"ITA"
1200,"cento",9,"ITA"
1201,"cercando",9,"ITA"
1202,"cercato",9,"ITA"
1203,"chiedendo",9,"ITA"
1204,"chiesa",9,"ITA"
1205,"cinese",9,"ITA"
1206,"codice",9,"ITA"
1207,"colpo",9,"ITA"
1208,"commercio",9,"ITA"
1209,"conta",9,"ITA"
1210,"corretto",9,"ITA"
1211,"costo",9,"ITA"
1212,"covid19",9,"ITA"
1213,"credito",9,"ITA"
1214,"cure",9,"ITA"
1215,"danni",9,"ITA"
1216,"dedicata",9,"ITA"
1217,"dettagli",9,"ITA"
1218,"devo",9,"ITA"
1219,"difesa",9,"ITA"
1220,"dovranno",9,"ITA"
1221,"dovrebbero",9,"ITA"
1222,"effetto",9,"ITA"
1223,"entra",9,"ITA"
1224,"esterno",9,"ITA"
1225,"estero",9,"ITA"
1226,"ferma",9,"ITA"
1227,"firenze",9,"ITA"
1228,"formazione",9,"ITA"
1229,"giornate",9,"ITA"
1230,"giovanni",9,"ITA"
1231,"giunta",9,"ITA"
1232,"giusta",9,"ITA"
1233,"indagine",9,"ITA"
1234,"istituzioni",9,"ITA"
1235,"lato",9,"ITA"
1236,"lettera",9,"ITA"
1237,"limite",9,"ITA"
1238,"magari",9,"ITA"
1239,"malattie",9,"ITA"
1240,"manca",9,"ITA"
1241,"marco",9,"ITA"
1242,"match",9,"ITA"
1243,"memoria",9,"ITA"
1244,"milione",9,"ITA"
1245,"modelli",9,"ITA"
1246,"morto",9,"ITA"
1247,"mostra",9,"ITA"
1248,"motivi",9,"ITA"
1249,"motivo",9,"ITA"
1250,"nata",9,"ITA"
1251,"neanche",9,"ITA"
1252,"negativi",9,"ITA"
1253,"note",9,"ITA"
1254,"opera",9,"ITA"
1255,"parco",9,"ITA"
1256,"partenza",9,"ITA"
1257,"particolarmente",9,"ITA"
1258,"passa",9,"ITA"
1259,"passaggio",9,"ITA"
1260,"pezzi",9,"ITA"
1261,"piccoli",9,"ITA"
1262,"pietro",9,"ITA"
1263,"piuttosto",9,"ITA"
1264,"posso",9,"ITA"
1265,"premio",9,"ITA"
1266,"prese",9,"ITA"
1267,"presentato",9,"ITA"
1268,"presso",9,"ITA"
1269,"professionisti",9,"ITA"
1270,"puglia",9,"ITA"
1271,"punta",9,"ITA"
1272,"quotidiano",9,"ITA"
1273,"ragione",9,"ITA"
1274,"realizzato",9,"ITA"
1275,"relative",9,"ITA"
1276,"rendere",9,"ITA"
1277,"rimanere",9,"ITA"
1278,"riportato",9,"ITA"
1279,"rispettare",9,"ITA"
1280,"risponde",9,"ITA"
1281,"riuscito",9,"ITA"
1282,"salvezza",9,"ITA"
1283,"sangue",9,"ITA"
1284,"sanitari",9,"ITA"
1285,"sanremo",9,"ITA"
1286,"sassuolo",9,"ITA"
1287,"scadenza",9,"ITA"
1288,"scelte",9,"ITA"
1289,"schermo",9,"ITA"
1290,"scoperta",9,"ITA"
1291,"scopo",9,"ITA"
1292,"sicuro",9,"ITA"
1293,"spettatori",9,"ITA"
1294,"stava",9,"ITA"
1295,"strumenti",9,"ITA"
1296,"superare",9,"ITA"
1297,"tal",9,"ITA"
1298,"televisiva",9,"ITA"
1299,"tornato",9,"ITA"
1300,"tradizione",9,"ITA"
1301,"usare",9,"ITA"
1302,"vede",9,"ITA"
1303,"vediamo",9,"ITA"
1304,"veneto",9,"ITA"
1305,"venire",9,"ITA"
1306,"vicenda",9,"ITA"
1307,"vigilia",9,"ITA"
1308,"violenza",9,"ITA"
1309,"vogliamo",9,"ITA"
1310,"vogliono",9,"ITA"
1311,"york",9,"ITA"
1312,"zero",9,"ITA"
1313,"zone",9,"ITA"
1314,"80",8,"ITA"
1315,"abitanti",8,"ITA"
1316,"account",8,"ITA"
1317,"afferma",8,"ITA"
1318,"agenti",8,"ITA"
1319,"aggiornamento",8,"ITA"
1320,"alghero",8,"ITA"
1321,"altrimenti",8,"ITA"
1322,"anna",8,"ITA"
1323,"approvato",8,"ITA"
1324,"apre",8,"ITA"
1325,"aria",8,"ITA"
1326,"arrivata",8,"ITA"
1327,"attacco",8,"ITA"
1328,"attrice",8,"ITA"
1329,"aumentano",8,"ITA"
1330,"autori",8,"ITA"
1331,"autunno",8,"ITA"
1332,"avendo",8,"ITA"
1333,"avvenuto",8,"ITA"
1334,"banca",8,"ITA"
1335,"bello",8,"ITA"
1336,"biden",8,"ITA"
1337,"big",8,"ITA"
1338,"cambia",8,"ITA"
1339,"canale",8,"ITA"
1340,"chiedo",8,"ITA"
1341,"chissà",8,"ITA"
1342,"chiunque",8,"ITA"
1343,"chiusi",8,"ITA"
1344,"civile",8,"ITA"
1345,"compagno",8,"ITA"
1346,"compito",8,"ITA"
1347,"critiche",8,"ITA"
1348,"cucina",8,"ITA"
1349,"dà",8,"ITA"
1350,"daniele",8,"ITA"
1351,"destra",8,"ITA"
1352,"dichiarazioni",8,"ITA"
1353,"discutere",8,"ITA"
1354,"disponibile",8,"ITA"
1355,"diventa",8,"ITA"
1356,"diverso",8,"ITA"
1357,"domande",8,"ITA"
1358,"domicilio",8,"ITA"
1359,"effettuare",8,"ITA"
1360,"elemento",8,"ITA"
1361,"elezioni",8,"ITA"
1362,"entrambi",8,"ITA"
1363,"entro",8,"ITA"
1364,"epidemia",8,"ITA"
1365,"episodio",8,"ITA"
1366,"epoca",8,"ITA"
1367,"esserci",8,"ITA"
1368,"est",8,"ITA"
1369,"europea",8,"ITA"
1370,"evento",8,"ITA"
1371,"eventuali",8,"ITA"
1372,"favore",8,"ITA"
1373,"finora",8,"ITA"
1374,"fondamentale",8,"ITA"
1375,"forma",8,"ITA"
1376,"fratello",8,"ITA"
1377,"generazione",8,"ITA"
1378,"gente",8,"ITA"
1379,"giocare",8,"ITA"
1380,"hotel",8,"ITA"
1381,"imprenditori",8,"ITA"
1382,"incertezza",8,"ITA"
1383,"indossare",8,"ITA"
1384,"infine",8,"ITA"
1385,"intorno",8,"ITA"
1386,"iphone",8,"ITA"
1387,"lavorato",8,"ITA"
1388,"libera",8,"ITA"
1389,"libertà",8,"ITA"
1390,"libri",8,"ITA"
1391,"linee",8,"ITA"
1392,"luigi",8,"ITA"
1393,"m5s",8,"ITA"
1394,"mantenere",8,"ITA"
1395,"massima",8,"ITA"
1396,"matrimonio",8,"ITA"
1397,"messa",8,"ITA"
1398,"metri",8,"ITA"
1399,"metro",8,"ITA"
1400,"mezzi",8,"ITA"
1401,"michele",8,"ITA"
1402,"monte",8,"ITA"
1403,"nato",8,"ITA"
1404,"nazionali",8,"ITA"
1405,"obiettivi",8,"ITA"
1406,"ondata",8,"ITA"
1407,"operazioni",8,"ITA"
1408,"opportunità",8,"ITA"
1409,"originario",8,"ITA"
1410,"palla",8,"ITA"
1411,"pc",8,"ITA"
1412,"pelle",8,"ITA"
1413,"penso",8,"ITA"
1414,"perde",8,"ITA"
1415,"piani",8,"ITA"
1416,"piattaforma",8,"ITA"
1417,"piu",8,"ITA"
1418,"polemiche",8,"ITA"
1419,"politiche",8,"ITA"
1420,"ponte",8,"ITA"
1421,"porte",8,"ITA"
1422,"positiva",8,"ITA"
1423,"positività",8,"ITA"
1424,"possano",8,"ITA"
1425,"potente",8,"ITA"
1426,"potete",8,"ITA"
1427,"poteva",8,"ITA"
1428,"praticamente",8,"ITA"
1429,"preoccupazione",8,"ITA"
1430,"presenta",8,"ITA"
1431,"probabilità",8,"ITA"
1432,"procedura",8,"ITA"
1433,"processo",8,"ITA"
1434,"procura",8,"ITA"
1435,"prodotto",8,"ITA"
1436,"professionale",8,"ITA"
1437,"proprie",8,"ITA"
1438,"prosegue",8,"ITA"
1439,"quei",8,"ITA"
1440,"quell",8,"ITA"
1441,"real",8,"ITA"
1442,"reale",8,"ITA"
1443,"recente",8,"ITA"
1444,"registrati",8,"ITA"
1445,"rende",8,"ITA"
1446,"responsabile",8,"ITA"
1447,"reti",8,"ITA"
1448,"rifiuti",8,"ITA"
1449,"riguardo",8,"ITA"
1450,"ripartire",8,"ITA"
1451,"sale",8,"ITA"
1452,"scegliere",8,"ITA"
1453,"scendere",8,"ITA"
1454,"scorsi",8,"ITA"
1455,"sé",8,"ITA"
1456,"settori",8,"ITA"
1457,"sì",8,"ITA"
1458,"solidarietà",8,"ITA"
1459,"sorpresa",8,"ITA"
1460,"spalle",8,"ITA"
1461,"spettacoli",8,"ITA"
1462,"stop",8,"ITA"
1463,"storie",8,"ITA"
1464,"strade",8,"ITA"
1465,"succede",8,"ITA"
1466,"super",8,"ITA"
1467,"taglio",8,"ITA"
1468,"tasso",8,"ITA"
1469,"tavolo",8,"ITA"
1470,"tecnici",8,"ITA"
1471,"tecnologie",8,"ITA"
1472,"televisivo",8,"ITA"
1473,"temperatura",8,"ITA"
1474,"termini",8,"ITA"
1475,"terza",8,"ITA"
1476,"top",8,"ITA"
1477,"trasporto",8,"ITA"
1478,"tratto",8,"ITA"
1479,"trovano",8,"ITA"
1480,"twitter",8,"ITA"
1481,"ufficiali",8,"ITA"
1482,"ulteriori",8,"ITA"
1483,"università",8,"ITA"
1484,"vecchi",8,"ITA"
1485,"verranno",8,"ITA"
1486,"vicini",8,"ITA"
1487,"120",7,"ITA"
1488,"200",7,"ITA"
1489,"2015",7,"ITA"
1490,"300",7,"ITA"
1491,"32",7,"ITA"
1492,"65",7,"ITA"
1493,"abbastanza",7,"ITA"
1494,"accanto",7,"ITA"
1495,"affermato",7,"ITA"
1496,"alba",7,"ITA"
1497,"alcuna",7,"ITA"
1498,"alessandro",7,"ITA"
1499,"alfonso",7,"ITA"
1500,"alte",7,"ITA"
1501,"amato",7,"ITA"
1502,"andata",7,"ITA"
1503,"andato",7,"ITA"
1504,"android",7,"ITA"
1505,"angela",7,"ITA"
1506,"animali",7,"ITA"
1507,"aperta",7,"ITA"
1508,"aperte",7,"ITA"
1509,"appartamento",7,"ITA"
1510,"approvazione",7,"ITA"
1511,"appunto",7,"ITA"
1512,"arezzo",7,"ITA"
1513,"articolo",7,"ITA"
1514,"artisti",7,"ITA"
1515,"assieme",7,"ITA"
1516,"attendere",7,"ITA"
1517,"attiva",7,"ITA"
1518,"attorno",7,"ITA"
1519,"avrei",7,"ITA"
1520,"avremo",7,"ITA"
1521,"battaglia",7,"ITA"
1522,"belen",7,"ITA"
1523,"bellissima",7,"ITA"
1524,"benvenuto",7,"ITA"
1525,"bianco",7,"ITA"
1526,"bilancio",7,"ITA"
1527,"bloccare",7,"ITA"
1528,"boccia",7,"ITA"
1529,"bollettino",7,"ITA"
1530,"bonaccini",7,"ITA"
1531,"buio",7,"ITA"
1532,"buone",7,"ITA"
1533,"cambiato",7,"ITA"
1534,"campioni",7,"ITA"
1535,"caratteristiche",7,"ITA"
1536,"carico",7,"ITA"
1537,"carta",7,"ITA"
1538,"cena",7,"ITA"
1539,"cerimonia",7,"ITA"
1540,"chef",7,"ITA"
1541,"chiamare",7,"ITA"
1542,"chiarire",7,"ITA"
1543,"chiave",7,"ITA"
1544,"chiude",7,"ITA"
1545,"cittadinanza",7,"ITA"
1546,"claudio",7,"ITA"
1547,"coinvolto",7,"ITA"
1548,"comando",7,"ITA"
1549,"commissione",7,"ITA"
1550,"competenze",7,"ITA"
1551,"completa",7,"ITA"
1552,"complice",7,"ITA"
1553,"comportamenti",7,"ITA"
1554,"concluso",7,"ITA"
1555,"condividere",7,"ITA"
1556,"condizione",7,"ITA"
1557,"conduttrice",7,"ITA"
1558,"confermare",7,"ITA"
1559,"conosce",7,"ITA"
1560,"conosciamo",7,"ITA"
1561,"conosciuto",7,"ITA"
1562,"consegna",7,"ITA"
1563,"conseguenze",7,"ITA"
1564,"contenuto",7,"ITA"
1565,"corriere",7,"ITA"
1566,"costretti",7,"ITA"
1567,"creato",7,"ITA"
1568,"crollo",7,"ITA"
1569,"culturale",7,"ITA"
1570,"dallo",7,"ITA"
1571,"danno",7,"ITA"
1572,"david",7,"ITA"
1573,"destino",7,"ITA"
1574,"dettaglio",7,"ITA"
1575,"dico",7,"ITA"
1576,"dirigenza",7,"ITA"
1577,"dirlo",7,"ITA"
1578,"dispositivo",7,"ITA"
1579,"distanziamento",7,"ITA"
1580,"distribuzione",7,"ITA"
1581,"dovere",7,"ITA"
1582,"doveva",7,"ITA"
1583,"dubbi",7,"ITA"
1584,"economiche",7,"ITA"
1585,"elementi",7,"ITA"
1586,"enrico",7,"ITA"
1587,"eravamo",7,"ITA"
1588,"esami",7,"ITA"
1589,"esigenze",7,"ITA"
1590,"esistono",7,"ITA"
1591,"facile",7,"ITA"
1592,"fece",7,"ITA"
1593,"fermo",7,"ITA"
1594,"fin",7,"ITA"
1595,"focolai",7,"ITA"
1596,"formato",7,"ITA"
1597,"forti",7,"ITA"
1598,"fratelli",7,"ITA"
1599,"genere",7,"ITA"
1600,"gf",7,"ITA"
1601,"giallo",7,"ITA"
1602,"giochi",7,"ITA"
1603,"gioia",7,"ITA"
1604,"giornalisti",7,"ITA"
1605,"grave",7,"ITA"
1606,"guardare",7,"ITA"
1607,"guardia",7,"ITA"
1608,"immagine",7,"ITA"
1609,"impianto",7,"ITA"
1610,"impresa",7,"ITA"
1611,"indagini",7,"ITA"
1612,"industria",7,"ITA"
1613,"inglese",7,"ITA"
1614,"iniziare",7,"ITA"
1615,"intanto",7,"ITA"
1616,"interessante",7,"ITA"
1617,"interesse",7,"ITA"
1618,"intero",7,"ITA"
1619,"investire",7,"ITA"
1620,"island",7,"ITA"
1621,"italiane",7,"ITA"
1622,"legale",7,"ITA"
1623,"legate",7,"ITA"
1624,"legati",7,"ITA"
1625,"leggere",7,"ITA"
1626,"live",7,"ITA"
1627,"lontano",7,"ITA"
1628,"lunga",7,"ITA"
1629,"mancanza",7,"ITA"
1630,"marcia",7,"ITA"
1631,"marino",7,"ITA"
1632,"massa",7,"ITA"
1633,"mente",7,"ITA"
1634,"messina",7,"ITA"
1635,"mie",7,"ITA"
1636,"migliaia",7,"ITA"
1637,"mille",7,"ITA"
1638,"monitoraggio",7,"ITA"
1639,"morgan",7,"ITA"
1640,"movimento",7,"ITA"
1641,"museo",7,"ITA"
1642,"nascita",7,"ITA"
1643,"nicola",7,"ITA"
1644,"normalità",7,"ITA"
1645,"norme",7,"ITA"
1646,"notato",7,"ITA"
1647,"nove",7,"ITA"
1648,"of",7,"ITA"
1649,"offerto",7,"ITA"
1650,"omaggio",7,"ITA"
1651,"operazione",7,"ITA"
1652,"orario",7,"ITA"
1653,"ordinanza",7,"ITA"
1654,"origine",7,"ITA"
1655,"ossia",7,"ITA"
1656,"ottenere",7,"ITA"
1657,"ottima",7,"ITA"
1658,"pagina",7,"ITA"
1659,"pagine",7,"ITA"
1660,"palo",7,"ITA"
1661,"paola",7,"ITA"
1662,"parere",7,"ITA"
1663,"partecipare",7,"ITA"
1664,"passeggeri",7,"ITA"
1665,"paziente",7,"ITA"
1666,"pensate",7,"ITA"
1667,"percentuale",7,"ITA"
1668,"performance",7,"ITA"
1669,"pericolo",7,"ITA"
1670,"piacere",7,"ITA"
1671,"polemica",7,"ITA"
1672,"policlinico",7,"ITA"
1673,"popolare",7,"ITA"
1674,"presentano",7,"ITA"
1675,"prestazioni",7,"ITA"
1676,"previste",7,"ITA"
1677,"primavera",7,"ITA"
1678,"privato",7,"ITA"
1679,"produzione",7,"ITA"
1680,"pronta",7,"ITA"
1681,"pronti",7,"ITA"
1682,"proposta",7,"ITA"
1683,"protocollo",7,"ITA"
1684,"provare",7,"ITA"
1685,"pubblici",7,"ITA"
1686,"pur",7,"ITA"
1687,"quartiere",7,"ITA"
1688,"raccolta",7,"ITA"
1689,"radio",7,"ITA"
1690,"raggiungere",7,"ITA"
1691,"ragioni",7,"ITA"
1692,"rapporti",7,"ITA"
1693,"registra",7,"ITA"
1694,"relativo",7,"ITA"
1695,"restare",7,"ITA"
1696,"riapertura",7,"ITA"
1697,"ricoveri",7,"ITA"
1698,"riduzione",7,"ITA"
1699,"rigore",7,"ITA"
1700,"rinnovo",7,"ITA"
1701,"risultano",7,"ITA"
1702,"riusciti",7,"ITA"
1703,"roberto",7,"ITA"
1704,"ronaldo",7,"ITA"
1705,"rossi",7,"ITA"
1706,"sanno",7,"ITA"
1707,"secolo",7,"ITA"
1708,"segretario",7,"ITA"
1709,"sembrerebbe",7,"ITA"
1710,"sette",7,"ITA"
1711,"sicilia",7,"ITA"
1712,"sinistro",7,"ITA"
1713,"soccorso",7,"ITA"
1714,"soddisfazione",7,"ITA"
1715,"software",7,"ITA"
1716,"sottolineato",7,"ITA"
1717,"specie",7,"ITA"
1718,"specifico",7,"ITA"
1719,"stia",7,"ITA"
1720,"successiva",7,"ITA"
1721,"svolto",7,"ITA"
1722,"tedesco",7,"ITA"
1723,"traffico",7,"ITA"
1724,"trasmissione",7,"ITA"
1725,"tribunale",7,"ITA"
1726,"trofeo",7,"ITA"
1727,"troppi",7,"ITA"
1728,"troviamo",7,"ITA"
1729,"uffici",7,"ITA"
1730,"ufficialmente",7,"ITA"
1731,"unione",7,"ITA"
1732,"usato",7,"ITA"
1733,"utili",7,"ITA"
1734,"vacanza",7,"ITA"
1735,"varese",7,"ITA"
1736,"velocità",7,"ITA"
1737,"vicende",7,"ITA"
1738,"vigore",7,"ITA"
1739,"visione",7,"ITA"
1740,"zingaretti",7,"ITA"
1741,"2010",6,"ITA"
1742,"2011",6,"ITA"
1743,"34",6,"ITA"
1744,"36",6,"ITA"
1745,"46",6,"ITA"
1746,"66",6,"ITA"
1747,"abbiano",6,"ITA"
1748,"accennato",6,"ITA"
1749,"accompagnato",6,"ITA"
1750,"accusa",6,"ITA"
1751,"addetti",6,"ITA"
1752,"aereo",6,"ITA"
1753,"aggiungere",6,"ITA"
1754,"aiuta",6,"ITA"
1755,"alessandra",6,"ITA"
1756,"alleanza",6,"ITA"
1757,"alti",6,"ITA"
1758,"alunni",6,"ITA"
1759,"america",6,"ITA"
1760,"amministratore",6,"ITA"
1761,"aperti",6,"ITA"
1762,"apprezzato",6,"ITA"
1763,"argentino",6,"ITA"
1764,"arma",6,"ITA"
1765,"ascolta",6,"ITA"
1766,"aspettano",6,"ITA"
1767,"aspetti",6,"ITA"
1768,"aspettiamo",6,"ITA"
1769,"aspetto",6,"ITA"
1770,"attivo",6,"ITA"
1771,"aumentare",6,"ITA"
1772,"auspichiamo",6,"ITA"
1773,"autore",6,"ITA"
1774,"autostrada",6,"ITA"
1775,"avranno",6,"ITA"
1776,"ballando",6,"ITA"
1777,"banche",6,"ITA"
1778,"barbara",6,"ITA"
1779,"bassa",6,"ITA"
1780,"bellezza",6,"ITA"
1781,"bianca",6,"ITA"
1782,"bimbo",6,"ITA"
1783,"bisognerà",6,"ITA"
1784,"black",6,"ITA"
1785,"buono",6,"ITA"
1786,"business",6,"ITA"
1787,"caffè",6,"ITA"
1788,"calciatori",6,"ITA"
1789,"cambiamenti",6,"ITA"
1790,"camera",6,"ITA"
1791,"campi",6,"ITA"
1792,"campione",6,"ITA"
1793,"candidato",6,"ITA"
1794,"cantiere",6,"ITA"
1795,"canzone",6,"ITA"
1796,"capisco",6,"ITA"
1797,"capitolo",6,"ITA"
1798,"catania",6,"ITA"
1799,"centrocampo",6,"ITA"
1800,"chiamata",6,"ITA"
1801,"chiamati",6,"ITA"
1802,"chilometri",6,"ITA"
1803,"circolazione",6,"ITA"
1804,"cittadino",6,"ITA"
1805,"city",6,"ITA"
1806,"classico",6,"ITA"
1807,"colpa",6,"ITA"
1808,"colpi",6,"ITA"
1809,"cominciato",6,"ITA"
1810,"comitato",6,"ITA"
1811,"commento",6,"ITA"
1812,"commissario",6,"ITA"
1813,"compagna",6,"ITA"
1814,"complimenti",6,"ITA"
1815,"comprare",6,"ITA"
1816,"computer",6,"ITA"
1817,"comunicare",6,"ITA"
1818,"conclusione",6,"ITA"
1819,"confermato",6,"ITA"
1820,"confini",6,"ITA"
1821,"conoscere",6,"ITA"
1822,"consente",6,"ITA"
1823,"consigli",6,"ITA"
1824,"consigliato",6,"ITA"
1825,"console",6,"ITA"
1826,"contenimento",6,"ITA"
1827,"contributo",6,"ITA"
1828,"correre",6,"ITA"
1829,"costi",6,"ITA"
1830,"costretto",6,"ITA"
1831,"dando",6,"ITA"
1832,"decenni",6,"ITA"
1833,"decisioni",6,"ITA"
1834,"democrazia",6,"ITA"
1835,"detta",6,"ITA"
1836,"dichiarazione",6,"ITA"
1837,"difensore",6,"ITA"
1838,"digitale",6,"ITA"
1839,"digitali",6,"ITA"
1840,"dimostrato",6,"ITA"
1841,"dirigenti",6,"ITA"
1842,"diritti",6,"ITA"
1843,"dispositivi",6,"ITA"
1844,"divieto",6,"ITA"
1845,"don",6,"ITA"
1846,"dover",6,"ITA"
1847,"eccezione",6,"ITA"
1848,"economici",6,"ITA"
1849,"elettorale",6,"ITA"
1850,"entrata",6,"ITA"
1851,"episodi",6,"ITA"
1852,"equilibrio",6,"ITA"
1853,"esercito",6,"ITA"
1854,"esperienze",6,"ITA"
1855,"esprimere",6,"ITA"
1856,"essendo",6,"ITA"
1857,"estiva",6,"ITA"
1858,"europei",6,"ITA"
1859,"extra",6,"ITA"
1860,"fabio",6,"ITA"
1861,"familiari",6,"ITA"
1862,"faranno",6,"ITA"
1863,"faremo",6,"ITA"
1864,"felice",6,"ITA"
1865,"fenomeno",6,"ITA"
1866,"fidanzato",6,"ITA"
1867,"filippi",6,"ITA"
1868,"finanziaria",6,"ITA"
1869,"finire",6,"ITA"
1870,"firmato",6,"ITA"
1871,"fisico",6,"ITA"
1872,"focolaio",6,"ITA"
1873,"forme",6,"ITA"
1874,"fotografia",6,"ITA"
1875,"future",6,"ITA"
1876,"generali",6,"ITA"
1877,"gianni",6,"ITA"
1878,"giornalista",6,"ITA"
1879,"giovedì",6,"ITA"
1880,"gradi",6,"ITA"
1881,"guarda",6,"ITA"
1882,"guariti",6,"ITA"
1883,"guidare",6,"ITA"
1884,"ideale",6,"ITA"
1885,"impegnati",6,"ITA"
1886,"incendio",6,"ITA"
1887,"informazione",6,"ITA"
1888,"infortunio",6,"ITA"
1889,"innovazione",6,"ITA"
1890,"intenzione",6,"ITA"
1891,"interessati",6,"ITA"
1892,"internazionale",6,"ITA"
1893,"intervenire",6,"ITA"
1894,"investimento",6,"ITA"
1895,"istruzione",6,"ITA"
1896,"là",6,"ITA"
1897,"lascia",6,"ITA"
1898,"lavora",6,"ITA"
1899,"lettura",6,"ITA"
1900,"lievi",6,"ITA"
1901,"lotta",6,"ITA"
1902,"maggioranza",6,"ITA"
1903,"magistratura",6,"ITA"
1904,"manager",6,"ITA"
1905,"mancano",6,"ITA"
1906,"manifestazione",6,"ITA"
1907,"manovra",6,"ITA"
1908,"marche",6,"ITA"
1909,"marina",6,"ITA"
1910,"matteo",6,"ITA"
1911,"membri",6,"ITA"
1912,"mercati",6,"ITA"
1913,"mette",6,"ITA"
1914,"ministri",6,"ITA"
1915,"misura",6,"ITA"
1916,"modi",6,"ITA"
1917,"motore",6,"ITA"
1918,"naturale",6,"ITA"
1919,"negativo",6,"ITA"
1920,"negozi",6,"ITA"
1921,"nerazzurri",6,"ITA"
1922,"nessuna",6,"ITA"
1923,"nonché",6,"ITA"
1924,"numerosi",6,"ITA"
1925,"occasioni",6,"ITA"
1926,"offerta",6,"ITA"
1927,"opzione",6,"ITA"
1928,"organizzatori",6,"ITA"
1929,"organizzazione",6,"ITA"
1930,"ospedaliere",6,"ITA"
1931,"ospite",6,"ITA"
1932,"ottimo",6,"ITA"
1933,"otto",6,"ITA"
1934,"over",6,"ITA"
1935,"pagare",6,"ITA"
1936,"pagato",6,"ITA"
1937,"papà",6,"ITA"
1938,"parcheggio",6,"ITA"
1939,"parma",6,"ITA"
1940,"partecipato",6,"ITA"
1941,"passando",6,"ITA"
1942,"pensione",6,"ITA"
1943,"perche",6,"ITA"
1944,"perfettamente",6,"ITA"
1945,"permesso",6,"ITA"
1946,"pesanti",6,"ITA"
1947,"peso",6,"ITA"
1948,"piedi",6,"ITA"
1949,"piemonte",6,"ITA"
1950,"pista",6,"ITA"
1951,"pixel",6,"ITA"
1952,"poltrona",6,"ITA"
1953,"posta",6,"ITA"
1954,"potenziale",6,"ITA"
1955,"pratica",6,"ITA"
1956,"precisa",6,"ITA"
1957,"presa",6,"ITA"
1958,"prevenzione",6,"ITA"
1959,"principali",6,"ITA"
1960,"privata",6,"ITA"
1961,"procedere",6,"ITA"
1962,"proposte",6,"ITA"
1963,"proprietà",6,"ITA"
1964,"protagonisti",6,"ITA"
1965,"protesta",6,"ITA"
1966,"provenienti",6,"ITA"
1967,"provvedimenti",6,"ITA"
1968,"puoi",6,"ITA"
1969,"purtroppo",6,"ITA"
1970,"ragazza",6,"ITA"
1971,"rapidamente",6,"ITA"
1972,"reality",6,"ITA"
1973,"reggio",6,"ITA"
1974,"regolare",6,"ITA"
1975,"riaprire",6,"ITA"
1976,"riccardo",6,"ITA"
1977,"ricoverate",6,"ITA"
1978,"ricoverati",6,"ITA"
1979,"ricoverato",6,"ITA"
1980,"ridurre",6,"ITA"
1981,"riforma",6,"ITA"
1982,"risoluzione",6,"ITA"
1983,"risposte",6,"ITA"
1984,"ristoranti",6,"ITA"
1985,"sa",6,"ITA"
1986,"sanitarie",6,"ITA"
1987,"sarri",6,"ITA"
1988,"sars",6,"ITA"
1989,"savona",6,"ITA"
1990,"sbagliato",6,"ITA"
1991,"scambio",6,"ITA"
1992,"scelto",6,"ITA"
1993,"sconfitta",6,"ITA"
1994,"sconto",6,"ITA"
1995,"scoprire",6,"ITA"
1996,"scusa",6,"ITA"
1997,"segnalato",6,"ITA"
1998,"sembrano",6,"ITA"
1999,"sentito",6,"ITA"
2000,"sequestro",6,"ITA"
2001,"settimanale",6,"ITA"
2002,"show",6,"ITA"
2003,"signorini",6,"ITA"
2004,"sindaci",6,"ITA"
2005,"sistemi",6,"ITA"
2006,"sorella",6,"ITA"
2007,"sorriso",6,"ITA"
2008,"sospese",6,"ITA"
2009,"sostanza",6,"ITA"
2010,"sostenere",6,"ITA"
2011,"spal",6,"ITA"
2012,"spirito",6,"ITA"
2013,"spostamenti",6,"ITA"
2014,"staff",6,"ITA"
2015,"star",6,"ITA"
2016,"stavolta",6,"ITA"
2017,"stories",6,"ITA"
2018,"stradale",6,"ITA"
2019,"straordinario",6,"ITA"
2020,"streaming",6,"ITA"
2021,"televisione",6,"ITA"
2022,"testo",6,"ITA"
2023,"tim",6,"ITA"
2024,"totali",6,"ITA"
2025,"trascorrere",6,"ITA"
2026,"turismo",6,"ITA"
2027,"uscito",6,"ITA"
2028,"utilizzare",6,"ITA"
2029,"valle",6,"ITA"
2030,"varie",6,"ITA"
2031,"vario",6,"ITA"
2032,"vendite",6,"ITA"
2033,"venezia",6,"ITA"
2034,"venne",6,"ITA"
2035,"vento",6,"ITA"
2036,"vera",6,"ITA"
2037,"verde",6,"ITA"
2038,"verificare",6,"ITA"
2039,"vincente",6,"ITA"
2040,"vivendo",6,"ITA"
2041,"vivono",6,"ITA"
2042,"vorrebbe",6,"ITA"
2043,"vostro",6,"ITA"
2044,"voto",6,"ITA"
2045,"118",5,"ITA"
2046,"2000",5,"ITA"
2047,"27",5,"ITA"
2048,"33",5,"ITA"
2049,"37",5,"ITA"
2050,"39",5,"ITA"
2051,"400",5,"ITA"
2052,"43",5,"ITA"
2053,"56",5,"ITA"
2054,"600",5,"ITA"
2055,"92",5,"ITA"
2056,"abitazione",5,"ITA"
2057,"accelerare",5,"ITA"
2058,"adriana",5,"ITA"
2059,"affare",5,"ITA"
2060,"affari",5,"ITA"
2061,"affetto",5,"ITA"
2062,"affinché",5,"ITA"
2063,"africa",5,"ITA"
2064,"aggiungono",5,"ITA"
2065,"agostino",5,"ITA"
2066,"ah",5,"ITA"
2067,"alessia",5,"ITA"
2068,"alimentari",5,"ITA"
2069,"alternativa",5,"ITA"
2070,"amata",5,"ITA"
2071,"amd",5,"ITA"
2072,"amiamo",5,"ITA"
2073,"ampia",5,"ITA"
2074,"ampio",5,"ITA"
2075,"ancona",5,"ITA"
2076,"andiamo",5,"ITA"
2077,"annuncio",5,"ITA"
2078,"anticipazioni",5,"ITA"
2079,"anticipo",5,"ITA"
2080,"appuntamenti",5,"ITA"
2081,"armi",5,"ITA"
2082,"arrestato",5,"ITA"
2083,"artificiale",5,"ITA"
2084,"ascoltare",5,"ITA"
2085,"asintomatici",5,"ITA"
2086,"aspettando",5,"ITA"
2087,"assalto",5,"ITA"
2088,"assenza",5,"ITA"
2089,"assoluta",5,"ITA"
2090,"atteggiamento",5,"ITA"
2091,"attore",5,"ITA"
2092,"attori",5,"ITA"
2093,"autonomia",5,"ITA"
2094,"avrebbero",5,"ITA"
2095,"avventura",5,"ITA"
2096,"avviso",5,"ITA"
2097,"ballo",5,"ITA"
2098,"bambina",5,"ITA"
2099,"basterà",5,"ITA"
2100,"batteria",5,"ITA"
2101,"bel",5,"ITA"
2102,"beppe",5,"ITA"
2103,"bianconeri",5,"ITA"
2104,"biglietto",5,"ITA"
2105,"blu",5,"ITA"
2106,"brani",5,"ITA"
2107,"btp",5,"ITA"
2108,"bus",5,"ITA"
2109,"busto",5,"ITA"
2110,"caduta",5,"ITA"
2111,"cagliari",5,"ITA"
2112,"caldo",5,"ITA"
2113,"campionati",5,"ITA"
2114,"cancro",5,"ITA"
2115,"carenza",5,"ITA"
2116,"cari",5,"ITA"
2117,"cassa",5,"ITA"
2118,"catalogo",5,"ITA"
2119,"categoria",5,"ITA"
2120,"catena",5,"ITA"
2121,"cedere",5,"ITA"
2122,"centinaio",5,"ITA"
2123,"cercano",5,"ITA"
2124,"cercare",5,"ITA"
2125,"certezza",5,"ITA"
2126,"chelsea",5,"ITA"
2127,"chiedono",5,"ITA"
2128,"chiusa",5,"ITA"
2129,"chiuse",5,"ITA"
2130,"ciao",5,"ITA"
2131,"cibo",5,"ITA"
2132,"cifra",5,"ITA"
2133,"civili",5,"ITA"
2134,"collega",5,"ITA"
2135,"colpiti",5,"ITA"
2136,"colto",5,"ITA"
2137,"combinazione",5,"ITA"
2138,"commentato",5,"ITA"
2139,"commenti",5,"ITA"
2140,"commerciali",5,"ITA"
2141,"competizioni",5,"ITA"
2142,"compiere",5,"ITA"
2143,"comprendere",5,"ITA"
2144,"comprensivo",5,"ITA"
2145,"comunali",5,"ITA"
2146,"concerto",5,"ITA"
2147,"conclusa",5,"ITA"
2148,"concorrenza",5,"ITA"
2149,"concorso",5,"ITA"
2150,"condiviso",5,"ITA"
2151,"consentito",5,"ITA"
2152,"considerato",5,"ITA"
2153,"consumi",5,"ITA"
2154,"contano",5,"ITA"
2155,"contatti",5,"ITA"
2156,"contenuti",5,"ITA"
2157,"continuità",5,"ITA"
2158,"contratti",5,"ITA"
2159,"controllare",5,"ITA"
2160,"coppa",5,"ITA"
2161,"corpo",5,"ITA"
2162,"corte",5,"ITA"
2163,"cos",5,"ITA"
2164,"criticità",5,"ITA"
2165,"cross",5,"ITA"
2166,"cuocere",5,"ITA"
2167,"danza",5,"ITA"
2168,"decesso",5,"ITA"
2169,"decidere",5,"ITA"
2170,"decina",5,"ITA"
2171,"denuncia",5,"ITA"
2172,"design",5,"ITA"
2173,"destro",5,"ITA"
2174,"determinato",5,"ITA"
2175,"dialogo",5,"ITA"
2176,"diceva",5,"ITA"
2177,"dicevamo",5,"ITA"
2178,"dichiara",5,"ITA"
2179,"difendere",5,"ITA"
2180,"dimensioni",5,"ITA"
2181,"dio",5,"ITA"
2182,"dipartimento",5,"ITA"
2183,"dipendente",5,"ITA"
2184,"display",5,"ITA"
2185,"disposizioni",5,"ITA"
2186,"docenti",5,"ITA"
2187,"documento",5,"ITA"
2188,"dollaro",5,"ITA"
2189,"donald",5,"ITA"
2190,"doppi",5,"ITA"
2191,"doppio",5,"ITA"
2192,"dovete",5,"ITA"
2193,"dpcm",5,"ITA"
2194,"effettuato",5,"ITA"
2195,"efficace",5,"ITA"
2196,"elevato",5,"ITA"
2197,"eliminare",5,"ITA"
2198,"elisabetta",5,"ITA"
2199,"emissioni",5,"ITA"
2200,"emozioni",5,"ITA"
2201,"enorme",5,"ITA"
2202,"enti",5,"ITA"
2203,"entrati",5,"ITA"
2204,"entusiasmo",5,"ITA"
2205,"eppure",5,"ITA"
2206,"esame",5,"ITA"
2207,"esclusivamente",5,"ITA"
2208,"estrema",5,"ITA"
2209,"eventuale",5,"ITA"
2210,"evidenza",5,"ITA"
2211,"facciamo",5,"ITA"
2212,"facilmente",5,"ITA"
2213,"famosi",5,"ITA"
2214,"farmaci",5,"ITA"
2215,"fatica",5,"ITA"
2216,"femminile",5,"ITA"
2217,"filippo",5,"ITA"
2218,"finalmente",5,"ITA"
2219,"finanziario",5,"ITA"
2220,"finirà",5,"ITA"
2221,"fisica",5,"ITA"
2222,"followers",5,"ITA"
2223,"formula",5,"ITA"
2224,"fornire",5,"ITA"
2225,"fortunatamente",5,"ITA"
2226,"francesca",5,"ITA"
2227,"fuga",5,"ITA"
2228,"gambe",5,"ITA"
2229,"game",5,"ITA"
2230,"gamma",5,"ITA"
2231,"garantito",5,"ITA"
2232,"gazzetta",5,"ITA"
2233,"gesti",5,"ITA"
2234,"gestito",5,"ITA"
2235,"giapponese",5,"ITA"
2236,"giornali",5,"ITA"
2237,"giudice",5,"ITA"
2238,"idee",5,"ITA"
2239,"identità",5,"ITA"
2240,"immediatamente",5,"ITA"
2241,"imparare",5,"ITA"
2242,"impegna",5,"ITA"
2243,"impegni",5,"ITA"
2244,"imprenditore",5,"ITA"
2245,"indica",5,"ITA"
2246,"indicazioni",5,"ITA"
2247,"infermieri",5,"ITA"
2248,"influenza",5,"ITA"
2249,"inizia",5,"ITA"
2250,"iniziata",5,"ITA"
2251,"iniziativa",5,"ITA"
2252,"iniziative",5,"ITA"
2253,"inizierà",5,"ITA"
2254,"insegnanti",5,"ITA"
2255,"insegnato",5,"ITA"
2256,"integrazione",5,"ITA"
2257,"intera",5,"ITA"
2258,"intervenuto",5,"ITA"
2259,"ipad",5,"ITA"
2260,"ipotesi",5,"ITA"
2261,"iscritti",5,"ITA"
2262,"iss",5,"ITA"
2263,"it",5,"ITA"
2264,"jazz",5,"ITA"
2265,"lancia",5,"ITA"
2266,"leonardo",5,"ITA"
2267,"lettere",5,"ITA"
2268,"lezioni",5,"ITA"
2269,"libero",5,"ITA"
2270,"ligure",5,"ITA"
2271,"link",5,"ITA"
2272,"livelli",5,"ITA"
2273,"lopez",5,"ITA"
2274,"lunghi",5,"ITA"
2275,"madrid",5,"ITA"
2276,"mancini",5,"ITA"
2277,"manutenzione",5,"ITA"
2278,"marchio",5,"ITA"
2279,"margini",5,"ITA"
2280,"matano",5,"ITA"
2281,"medie",5,"ITA"
2282,"meloni",5,"ITA"
2283,"mes",5,"ITA"
2284,"messaggero",5,"ITA"
2285,"mettono",5,"ITA"
2286,"mezzanotte",5,"ITA"
2287,"microfoni",5,"ITA"
2288,"miglioramento",5,"ITA"
2289,"migliorare",5,"ITA"
2290,"milanesi",5,"ITA"
2291,"minimo",5,"ITA"
2292,"minori",5,"ITA"
2293,"mistero",5,"ITA"
2294,"mln",5,"ITA"
2295,"moda",5,"ITA"
2296,"modifica",5,"ITA"
2297,"mostrano",5,"ITA"
2298,"mostrato",5,"ITA"
2299,"n",5,"ITA"
2300,"napoletano",5,"ITA"
2301,"naturali",5,"ITA"
2302,"neppure",5,"ITA"
2303,"nettamente",5,"ITA"
2304,"news",5,"ITA"
2305,"nomi",5,"ITA"
2306,"numerose",5,"ITA"
2307,"nvidia",5,"ITA"
2308,"occhio",5,"ITA"
2309,"occorre",5,"ITA"
2310,"odierna",5,"ITA"
2311,"off",5,"ITA"
2312,"offrire",5,"ITA"
2313,"ognuno",5,"ITA"
2314,"ok",5,"ITA"
2315,"olio",5,"ITA"
2316,"open",5,"ITA"
2317,"opere",5,"ITA"
2318,"opinione",5,"ITA"
2319,"originale",5,"ITA"
2320,"oro",5,"ITA"
2321,"ottimismo",5,"ITA"
2322,"paio",5,"ITA"
2323,"palco",5,"ITA"
2324,"papa",5,"ITA"
2325,"paradiso",5,"ITA"
2326,"parlano",5,"ITA"
2327,"parola",5,"ITA"
2328,"partecipanti",5,"ITA"
2329,"partiti",5,"ITA"
2330,"partner",5,"ITA"
2331,"passata",5,"ITA"
2332,"passati",5,"ITA"
2333,"passione",5,"ITA"
2334,"pavia",5,"ITA"
2335,"pediatria",5,"ITA"
2336,"peggioramento",5,"ITA"
2337,"percorsi",5,"ITA"
2338,"perdita",5,"ITA"
2339,"permettere",5,"ITA"
2340,"persino",5,"ITA"
2341,"personaggi",5,"ITA"
2342,"personalità",5,"ITA"
2343,"pertanto",5,"ITA"
2344,"pezzo",5,"ITA"
2345,"pianura",5,"ITA"
2346,"piede",5,"ITA"
2347,"poche",5,"ITA"
2348,"poiché",5,"ITA"
2349,"pop",5,"ITA"
2350,"porre",5,"ITA"
2351,"portando",5,"ITA"
2352,"portiere",5,"ITA"
2353,"positive",5,"ITA"
2354,"potesse",5,"ITA"
2355,"prende",5,"ITA"
2356,"presentare",5,"ITA"
2357,"presi",5,"ITA"
2358,"presidenza",5,"ITA"
2359,"prestiti",5,"ITA"
2360,"prevede",5,"ITA"
2361,"prevista",5,"ITA"
2362,"privacy",5,"ITA"
2363,"procede",5,"ITA"
2364,"proseguire",5,"ITA"
2365,"proseguito",5,"ITA"
2366,"pugliesi",5,"ITA"
2367,"quanti",5,"ITA"
2368,"quarto",5,"ITA"
2369,"questura",5,"ITA"
2370,"quotidiana",5,"ITA"
2371,"racconto",5,"ITA"
2372,"ragazze",5,"ITA"
2373,"realizzare",5,"ITA"
2374,"realmente",5,"ITA"
2375,"reazione",5,"ITA"
2376,"regala",5,"ITA"
2377,"regista",5,"ITA"
2378,"registrano",5,"ITA"
2379,"registrato",5,"ITA"
2380,"regolamento",5,"ITA"
2381,"renzi",5,"ITA"
2382,"replica",5,"ITA"
2383,"residenti",5,"ITA"
2384,"reso",5,"ITA"
2385,"ricarica",5,"ITA"
2386,"ricevuto",5,"ITA"
2387,"richiede",5,"ITA"
2388,"richiedere",5,"ITA"
2389,"richiesto",5,"ITA"
2390,"ricordato",5,"ITA"
2391,"ricordiamo",5,"ITA"
2392,"ricordo",5,"ITA"
2393,"rientro",5,"ITA"
2394,"rifiuto",5,"ITA"
2395,"rimasti",5,"ITA"
2396,"rinvio",5,"ITA"
2397,"riposo",5,"ITA"
2398,"ripreso",5,"ITA"
2399,"riprova",5,"ITA"
2400,"rischia",5,"ITA"
2401,"risolvere",5,"ITA"
2402,"rispettivi",5,"ITA"
2403,"ritardo",5,"ITA"
2404,"ritiro",5,"ITA"
2405,"riunione",5,"ITA"
2406,"riuscire",5,"ITA"
2407,"rivelato",5,"ITA"
2408,"rivista",5,"ITA"
2409,"roberta",5,"ITA"
2410,"rock",5,"ITA"
2411,"rodriguez",5,"ITA"
2412,"romano",5,"ITA"
2413,"rsa",5,"ITA"
2414,"salita",5,"ITA"
2415,"salvare",5,"ITA"
2416,"samsung",5,"ITA"
2417,"santa",5,"ITA"
2418,"sapremo",5,"ITA"
2419,"saverio",5,"ITA"
2420,"sceglie",5,"ITA"
2421,"sconfitto",5,"ITA"
2422,"scontato",5,"ITA"
2423,"scorsa",5,"ITA"
2424,"scrivere",5,"ITA"
2425,"scudetto",5,"ITA"
2426,"segue",5,"ITA"
2427,"seguita",5,"ITA"
2428,"selezione",5,"ITA"
2429,"sentire",5,"ITA"
2430,"set",5,"ITA"
2431,"sezione",5,"ITA"
2432,"shopping",5,"ITA"
2433,"simile",5,"ITA"
2434,"sindacati",5,"ITA"
2435,"sindacato",5,"ITA"
2436,"singolo",5,"ITA"
2437,"smartphone",5,"ITA"
2438,"so",5,"ITA"
2439,"sociali",5,"ITA"
2440,"soggetto",5,"ITA"
2441,"sostenitori",5,"ITA"
2442,"sottolinea",5,"ITA"
2443,"spera",5,"ITA"
2444,"speriamo",5,"ITA"
2445,"spese",5,"ITA"
2446,"speso",5,"ITA"
2447,"spezia",5,"ITA"
2448,"spiaggia",5,"ITA"
2449,"stabile",5,"ITA"
2450,"stasera",5,"ITA"
2451,"sto",5,"ITA"
2452,"storica",5,"ITA"
2453,"strategia",5,"ITA"
2454,"strutturale",5,"ITA"
2455,"sullo",5,"ITA"
2456,"svolgimento",5,"ITA"
2457,"tagli",5,"ITA"
2458,"talento",5,"ITA"
2459,"talmente",5,"ITA"
2460,"tanta",5,"ITA"
2461,"telefoni",5,"ITA"
2462,"tematiche",5,"ITA"
2463,"temptation",5,"ITA"
2464,"tendenza",5,"ITA"
2465,"tentato",5,"ITA"
2466,"tenuto",5,"ITA"
2467,"territoriali",5,"ITA"
2468,"tessuto",5,"ITA"
2469,"tiro",5,"ITA"
2470,"tocca",5,"ITA"
2471,"tornano",5,"ITA"
2472,"toti",5,"ITA"
2473,"tragedia",5,"ITA"
2474,"trattativa",5,"ITA"
2475,"treno",5,"ITA"
2476,"trenta",5,"ITA"
2477,"trimestre",5,"ITA"
2478,"triste",5,"ITA"
2479,"under",5,"ITA"
2480,"usando",5,"ITA"
2481,"utilizzando",5,"ITA"
2482,"utilizzo",5,"ITA"
2483,"vada",5,"ITA"
2484,"valori",5,"ITA"
2485,"valutazione",5,"ITA"
2486,"vedono",5,"ITA"
2487,"veloce",5,"ITA"
2488,"venduto",5,"ITA"
2489,"veniva",5,"ITA"
2490,"verdone",5,"ITA"
2491,"verità",5,"ITA"
2492,"vicine",5,"ITA"
2493,"vigili",5,"ITA"
2494,"viola",5,"ITA"
2495,"visita",5,"ITA"
2496,"visitare",5,"ITA"
2497,"visite",5,"ITA"
2498,"viso",5,"ITA"
2499,"vissuta",5,"ITA"
2500,"vittima",5,"ITA"
2501,"volpe",5,"ITA"
2502,"volto",5,"ITA"
2503,"volume",5,"ITA"
2504,"vorrà",5,"ITA"
2505,"vostri",5,"ITA"
2506,"1930",4,"ITA"
2507,"2016",4,"ITA"
2508,"2022",4,"ITA"
2509,"38",4,"ITA"
2510,"3d",4,"ITA"
2511,"44",4,"ITA"
2512,"52",4,"ITA"
2513,"54",4,"ITA"
2514,"68",4,"ITA"
2515,"abbonamento",4,"ITA"
2516,"abitudine",4,"ITA"
2517,"accessori",4,"ITA"
2518,"accettare",4,"ITA"
2519,"accompagnare",4,"ITA"
2520,"accusato",4,"ITA"
2521,"achille",4,"ITA"
2522,"acquistati",4,"ITA"
2523,"adeguato",4,"ITA"
2524,"adozione",4,"ITA"
2525,"affidata",4,"ITA"
2526,"agente",4,"ITA"
2527,"agenzia",4,"ITA"
2528,"aggiungete",4,"ITA"
2529,"aggiunta",4,"ITA"
2530,"aiutato",4,"ITA"
2531,"alimentare",4,"ITA"
2532,"allenamento",4,"ITA"
2533,"allerta",4,"ITA"
2534,"allontanamento",4,"ITA"
2535,"altresì",4,"ITA"
2536,"amadeus",4,"ITA"
2537,"ambasciatore",4,"ITA"
2538,"ambientale",4,"ITA"
2539,"ambienti",4,"ITA"
2540,"ambulanti",4,"ITA"
2541,"ambulanza",4,"ITA"
2542,"amicizia",4,"ITA"
2543,"amo",4,"ITA"
2544,"anch",4,"ITA"
2545,"andati",4,"ITA"
2546,"angelo",4,"ITA"
2547,"annuncia",4,"ITA"
2548,"apparire",4,"ITA"
2549,"appassionati",4,"ITA"
2550,"appassionato",4,"ITA"
2551,"applicazione",4,"ITA"
2552,"approccio",4,"ITA"
2553,"arancione",4,"ITA"
2554,"arbitro",4,"ITA"
2555,"arco",4,"ITA"
2556,"argomento",4,"ITA"
2557,"arrivando",4,"ITA"
2558,"arriveranno",4,"ITA"
2559,"articoli",4,"ITA"
2560,"aspettare",4,"ITA"
2561,"assist",4,"ITA"
2562,"associazioni",4,"ITA"
2563,"attacchi",4,"ITA"
2564,"attendiamo",4,"ITA"
2565,"attenti",4,"ITA"
2566,"attirato",4,"ITA"
2567,"audio",4,"ITA"
2568,"aumenta",4,"ITA"
2569,"automatico",4,"ITA"
2570,"avesse",4,"ITA"
2571,"avrete",4,"ITA"
2572,"avventure",4,"ITA"
2573,"avviato",4,"ITA"
2574,"avvicinarsi",4,"ITA"
2575,"avvisi",4,"ITA"
2576,"az",4,"ITA"
2577,"balotelli",4,"ITA"
2578,"bancari",4,"ITA"
2579,"basato",4,"ITA"
2580,"basi",4,"ITA"
2581,"basilicata",4,"ITA"
2582,"basti",4,"ITA"
2583,"battaglie",4,"ITA"
2584,"bce",4,"ITA"
2585,"beh",4,"ITA"
2586,"bellissimo",4,"ITA"
2587,"benissimo",4,"ITA"
2588,"biblioteche",4,"ITA"
2589,"bomber",4,"ITA"
2590,"bonafede",4,"ITA"
2591,"boom",4,"ITA"
2592,"borgo",4,"ITA"
2593,"borussia",4,"ITA"
2594,"botta",4,"ITA"
2595,"box",4,"ITA"
2596,"braccio",4,"ITA"
2597,"bravi",4,"ITA"
2598,"brusaferro",4,"ITA"
2599,"brutte",4,"ITA"
2600,"buoni",4,"ITA"
2601,"burioni",4,"ITA"
2602,"caccia",4,"ITA"
2603,"cadere",4,"ITA"
2604,"caduti",4,"ITA"
2605,"calciatore",4,"ITA"
2606,"calma",4,"ITA"
2607,"cambiamento",4,"ITA"
2608,"cambiano",4,"ITA"
2609,"cambierà",4,"ITA"
2610,"cancellazione",4,"ITA"
2611,"candidati",4,"ITA"
2612,"canto",4,"ITA"
2613,"caos",4,"ITA"
2614,"capace",4,"ITA"
2615,"capienza",4,"ITA"
2616,"capitano",4,"ITA"
2617,"capoluogo",4,"ITA"
2618,"carattere",4,"ITA"
2619,"carica",4,"ITA"
2620,"caro",4,"ITA"
2621,"casse",4,"ITA"
2622,"cause",4,"ITA"
2623,"centravanti",4,"ITA"
2624,"cerchiamo",4,"ITA"
2625,"cesare",4,"ITA"
2626,"chiarezza",4,"ITA"
2627,"choc",4,"ITA"
2628,"ciascuno",4,"ITA"
2629,"cimitero",4,"ITA"
2630,"circolare",4,"ITA"
2631,"ciro",4,"ITA"
2632,"cittadina",4,"ITA"
2633,"civico",4,"ITA"
2634,"classici",4,"ITA"
2635,"clausola",4,"ITA"
2636,"clima",4,"ITA"
2637,"clizia",4,"ITA"
2638,"cloud",4,"ITA"
2639,"coda",4,"ITA"
2640,"codogno",4,"ITA"
2641,"coinvolti",4,"ITA"
2642,"colori",4,"ITA"
2643,"colpita",4,"ITA"
2644,"colpite",4,"ITA"
2645,"combattere",4,"ITA"
2646,"cominciare",4,"ITA"
2647,"commerciale",4,"ITA"
2648,"commercianti",4,"ITA"
2649,"commisso",4,"ITA"
2650,"compagni",4,"ITA"
2651,"compie",4,"ITA"
2652,"compleanno",4,"ITA"
2653,"complessiva",4,"ITA"
2654,"componente",4,"ITA"
2655,"comportamento",4,"ITA"
2656,"compresi",4,"ITA"
2657,"compreso",4,"ITA"
2658,"conclusi",4,"ITA"
2659,"concorrenti",4,"ITA"
2660,"condivido",4,"ITA"
2661,"confindustria",4,"ITA"
2662,"congresso",4,"ITA"
2663,"connessione",4,"ITA"
2664,"consegnato",4,"ITA"
2665,"conseguenza",4,"ITA"
2666,"considerare",4,"ITA"
2667,"consueta",4,"ITA"
2668,"consulente",4,"ITA"
2669,"consumatori",4,"ITA"
2670,"contattato",4,"ITA"
2671,"contempo",4,"ITA"
2672,"contemporanea",4,"ITA"
2673,"contemporaneo",4,"ITA"
2674,"contesto",4,"ITA"
2675,"continuando",4,"ITA"
2676,"continueremo",4,"ITA"
2677,"continuo",4,"ITA"
2678,"contribuire",4,"ITA"
2679,"contribuisce",4,"ITA"
2680,"controllate",4,"ITA"
2681,"convocato",4,"ITA"
2682,"copertura",4,"ITA"
2683,"coppie",4,"ITA"
2684,"coprifuoco",4,"ITA"
2685,"coprire",4,"ITA"
2686,"coraggio",4,"ITA"
2687,"corre",4,"ITA"
2688,"correa",4,"ITA"
2689,"corrente",4,"ITA"
2690,"costume",4,"ITA"
2691,"crede",4,"ITA"
2692,"cremona",4,"ITA"
2693,"crescere",4,"ITA"
2694,"curiosità",4,"ITA"
2695,"cutrone",4,"ITA"
2696,"dama",4,"ITA"
2697,"darà",4,"ITA"
2698,"debba",4,"ITA"
2699,"deboli",4,"ITA"
2700,"debutto",4,"ITA"
2701,"decide",4,"ITA"
2702,"decreti",4,"ITA"
2703,"deficit",4,"ITA"
2704,"delegato",4,"ITA"
2705,"derby",4,"ITA"
2706,"desiderio",4,"ITA"
2707,"destinato",4,"ITA"
2708,"dibattito",4,"ITA"
2709,"didattica",4,"ITA"
2710,"differenti",4,"ITA"
2711,"dirigente",4,"ITA"
2712,"discussione",4,"ITA"
2713,"disponibilità",4,"ITA"
2714,"divampato",4,"ITA"
2715,"diventando",4,"ITA"
2716,"diventano",4,"ITA"
2717,"diventata",4,"ITA"
2718,"diventi",4,"ITA"
2719,"divertente",4,"ITA"
2720,"docente",4,"ITA"
2721,"documenti",4,"ITA"
2722,"dollari",4,"ITA"
2723,"dolore",4,"ITA"
2724,"donato",4,"ITA"
2725,"doppia",4,"ITA"
2726,"dose",4,"ITA"
2727,"dovuta",4,"ITA"
2728,"dubbio",4,"ITA"
2729,"duo",4,"ITA"
2730,"durata",4,"ITA"
2731,"é",4,"ITA"
2732,"eccellenza",4,"ITA"
2733,"elenco",4,"ITA"
2734,"elettrici",4,"ITA"
2735,"elia",4,"ITA"
2736,"emerge",4,"ITA"
2737,"emerso",4,"ITA"
2738,"energia",4,"ITA"
2739,"entrato",4,"ITA"
2740,"esce",4,"ITA"
2741,"esclude",4,"ITA"
2742,"escluso",4,"ITA"
2743,"eseguiti",4,"ITA"
2744,"essenziale",4,"ITA"
2745,"essersi",4,"ITA"
2746,"esterni",4,"ITA"
2747,"estratto",4,"ITA"
2748,"estrazione",4,"ITA"
2749,"europee",4,"ITA"
2750,"evidente",4,"ITA"
2751,"evidenti",4,"ITA"
2752,"evoluzione",4,"ITA"
2753,"faccio",4,"ITA"
2754,"fai",4,"ITA"
2755,"fake",4,"ITA"
2756,"fallimento",4,"ITA"
2757,"fallo",4,"ITA"
2758,"famose",4,"ITA"
2759,"famoso",4,"ITA"
2760,"fantasia",4,"ITA"
2761,"farli",4,"ITA"
2762,"farsi",4,"ITA"
2763,"fasce",4,"ITA"
2764,"fatta",4,"ITA"
2765,"fatte",4,"ITA"
2766,"fattori",4,"ITA"
2767,"fatturato",4,"ITA"
2768,"favorito",4,"ITA"
2769,"febbre",4,"ITA"
2770,"fede",4,"ITA"
2771,"federica",4,"ITA"
2772,"feriti",4,"ITA"
2773,"fermato",4,"ITA"
2774,"ferraris",4,"ITA"
2775,"ferro",4,"ITA"
2776,"feste",4,"ITA"
2777,"fiamme",4,"ITA"
2778,"fiction",4,"ITA"
2779,"finanziamento",4,"ITA"
2780,"finché",4,"ITA"
2781,"finestra",4,"ITA"
2782,"fiore",4,"ITA"
2783,"firma",4,"ITA"
2784,"fiscale",4,"ITA"
2785,"fisso",4,"ITA"
2786,"fiume",4,"ITA"
2787,"format",4,"ITA"
2788,"formati",4,"ITA"
2789,"fortemente",4,"ITA"
2790,"fortunato",4,"ITA"
2791,"franceschini",4,"ITA"
2792,"francia",4,"ITA"
2793,"funziona",4,"ITA"
2794,"funzione",4,"ITA"
2795,"galleria",4,"ITA"
2796,"gattuso",4,"ITA"
2797,"generazioni",4,"ITA"
2798,"germania",4,"ITA"
2799,"gesto",4,"ITA"
2800,"gialla",4,"ITA"
2801,"giallorossi",4,"ITA"
2802,"giardini",4,"ITA"
2803,"giardino",4,"ITA"
2804,"ginocchio",4,"ITA"
2805,"gioca",4,"ITA"
2806,"giocando",4,"ITA"
2807,"giorgio",4,"ITA"
2808,"giornale",4,"ITA"
2809,"girone",4,"ITA"
2810,"giunge",4,"ITA"
2811,"globale",4,"ITA"
2812,"governi",4,"ITA"
2813,"gratuitamente",4,"ITA"
2814,"grossi",4,"ITA"
2815,"impara",4,"ITA"
2816,"impatto",4,"ITA"
2817,"impedire",4,"ITA"
2818,"imposta",4,"ITA"
2819,"imprevedibilità",4,"ITA"
2820,"improvviso",4,"ITA"
2821,"incontrato",4,"ITA"
2822,"incredibile",4,"ITA"
2823,"india",4,"ITA"
2824,"individuare",4,"ITA"
2825,"industriale",4,"ITA"
2826,"infanzia",4,"ITA"
2827,"influencer",4,"ITA"
2828,"infrastrutture",4,"ITA"
2829,"insegna",4,"ITA"
2830,"inserito",4,"ITA"
2831,"insomma",4,"ITA"
2832,"intensive",4,"ITA"
2833,"interamente",4,"ITA"
2834,"interessa",4,"ITA"
2835,"interessata",4,"ITA"
2836,"interna",4,"ITA"
2837,"internazionali",4,"ITA"
2838,"introduzione",4,"ITA"
2839,"inviato",4,"ITA"
2840,"invitato",4,"ITA"
2841,"iscrizioni",4,"ITA"
2842,"israele",4,"ITA"
2843,"italpress",4,"ITA"
2844,"iva",4,"ITA"
2845,"joe",4,"ITA"
2846,"john",4,"ITA"
2847,"lago",4,"ITA"
2848,"lanciato",4,"ITA"
2849,"largo",4,"ITA"
2850,"latte",4,"ITA"
2851,"laura",4,"ITA"
2852,"lautaro",4,"ITA"
2853,"lavorando",4,"ITA"
2854,"lavoriamo",4,"ITA"
2855,"lecce",4,"ITA"
2856,"legali",4,"ITA"
2857,"letteralmente",4,"ITA"
2858,"liberi",4,"ITA"
2859,"limiti",4,"ITA"
2860,"lodi",4,"ITA"
2861,"londra",4,"ITA"
2862,"lontani",4,"ITA"
2863,"lottare",4,"ITA"
2864,"luoghi",4,"ITA"
2865,"madonna",4,"ITA"
2866,"maestro",4,"ITA"
2867,"mascherina",4,"ITA"
2868,"medica",4,"ITA"
2869,"medio",4,"ITA"
2870,"mediterraneo",4,"ITA"
2871,"mensile",4,"ITA"
2872,"mentale",4,"ITA"
2873,"meteo",4,"ITA"
2874,"microsoft",4,"ITA"
2875,"miglior",4,"ITA"
2876,"migliori",4,"ITA"
2877,"milanese",4,"ITA"
2878,"mini",4,"ITA"
2879,"minorenni",4,"ITA"
2880,"minuto",4,"ITA"
2881,"modena",4,"ITA"
2882,"molta",4,"ITA"
2883,"montagna",4,"ITA"
2884,"morire",4,"ITA"
2885,"mostrare",4,"ITA"
2886,"movimenti",4,"ITA"
2887,"municipio",4,"ITA"
2888,"nascono",4,"ITA"
2889,"nave",4,"ITA"
2890,"navi",4,"ITA"
2891,"ndr",4,"ITA"
2892,"necessari",4,"ITA"
2893,"necessarie",4,"ITA"
2894,"nemico",4,"ITA"
2895,"neo",4,"ITA"
2896,"nera",4,"ITA"
2897,"netta",4,"ITA"
2898,"nominato",4,"ITA"
2899,"notebook",4,"ITA"
2900,"now",4,"ITA"
2901,"nucleo",4,"ITA"
2902,"obbligatorio",4,"ITA"
2903,"occidentale",4,"ITA"
2904,"offerte",4,"ITA"
2905,"offre",4,"ITA"
2906,"olimpico",4,"ITA"
2907,"omicidio",4,"ITA"
2908,"on",4,"ITA"
2909,"organizzazioni",4,"ITA"
2910,"ospedali",4,"ITA"
2911,"osserva",4,"ITA"
2912,"pace",4,"ITA"
2913,"paga",4,"ITA"
2914,"panchina",4,"ITA"
2915,"parchi",4,"ITA"
2916,"pareggio",4,"ITA"
2917,"parenti",4,"ITA"
2918,"parlamentari",4,"ITA"
2919,"parlando",4,"ITA"
2920,"parliamo",4,"ITA"
2921,"parroco",4,"ITA"
2922,"partecipa",4,"ITA"
2923,"passi",4,"ITA"
2924,"pasti",4,"ITA"
2925,"patto",4,"ITA"
2926,"pattuglie",4,"ITA"
2927,"paure",4,"ITA"
2928,"pausa",4,"ITA"
2929,"pay",4,"ITA"
2930,"peccato",4,"ITA"
2931,"pediatra",4,"ITA"
2932,"peggio",4,"ITA"
2933,"peggiorare",4,"ITA"
2934,"pena",4,"ITA"
2935,"pensi",4,"ITA"
2936,"pensiero",4,"ITA"
2937,"personali",4,"ITA"
2938,"piacerebbe",4,"ITA"
2939,"piccole",4,"ITA"
2940,"pilota",4,"ITA"
2941,"piove",4,"ITA"
2942,"platea",4,"ITA"
2943,"play",4,"ITA"
2944,"playstation",4,"ITA"
2945,"plug",4,"ITA"
2946,"popolo",4,"ITA"
2947,"potenza",4,"ITA"
2948,"potenzialità",4,"ITA"
2949,"potenziamento",4,"ITA"
2950,"precisione",4,"ITA"
2951,"preferito",4,"ITA"
2952,"prefetto",4,"ITA"
2953,"preoccupazioni",4,"ITA"
2954,"presentazione",4,"ITA"
2955,"presenze",4,"ITA"
2956,"pressione",4,"ITA"
2957,"prevedere",4,"ITA"
2958,"prezzi",4,"ITA"
2959,"primarie",4,"ITA"
2960,"privati",4,"ITA"
2961,"prive",4,"ITA"
2962,"probabile",4,"ITA"
2963,"problematiche",4,"ITA"
2964,"produttive",4,"ITA"
2965,"professionali",4,"ITA"
2966,"profondamente",4,"ITA"
2967,"progettazione",4,"ITA"
2968,"programmazione",4,"ITA"
2969,"programmi",4,"ITA"
2970,"promozione",4,"ITA"
2971,"proposto",4,"ITA"
2972,"proprietario",4,"ITA"
2973,"prospettiva",4,"ITA"
2974,"proteste",4,"ITA"
2975,"provato",4,"ITA"
2976,"prove",4,"ITA"
2977,"province",4,"ITA"
2978,"provinciale",4,"ITA"
2979,"pubblicazione",4,"ITA"
2980,"pubbliche",4,"ITA"
2981,"pubblicità",4,"ITA"
2982,"puntate",4,"ITA"
2983,"qua",4,"ITA"
2984,"quarta",4,"ITA"
2985,"quote",4,"ITA"
2986,"rabbia",4,"ITA"
2987,"raccogliere",4,"ITA"
2988,"raccolto",4,"ITA"
2989,"racconti",4,"ITA"
2990,"ragionamento",4,"ITA"
2991,"rappresenta",4,"ITA"
2992,"rappresentano",4,"ITA"
2993,"recupero",4,"ITA"
2994,"redditi",4,"ITA"
2995,"regalato",4,"ITA"
2996,"registrare",4,"ITA"
2997,"relativamente",4,"ITA"
2998,"relazioni",4,"ITA"
2999,"renault",4,"ITA"
3000,"rendendo",4,"ITA"
3001,"resterà",4,"ITA"
3002,"restrizioni",4,"ITA"
3003,"revisione",4,"ITA"
3004,"ricco",4,"ITA"
3005,"ricevere",4,"ITA"
3006,"ricominciare",4,"ITA"
3007,"riconoscimento",4,"ITA"
3008,"rientrare",4,"ITA"
3009,"riferisce",4,"ITA"
3010,"rifugiati",4,"ITA"
3011,"rilasciare",4,"ITA"
3012,"rilascio",4,"ITA"
3013,"rileva",4,"ITA"
3014,"rimangono",4,"ITA"
3015,"rimaste",4,"ITA"
3016,"riportare",4,"ITA"
3017,"riprendere",4,"ITA"
3018,"riprese",4,"ITA"
3019,"riqualificazione",4,"ITA"
3020,"rischiano",4,"ITA"
3021,"rispettivamente",4,"ITA"
3022,"ristorante",4,"ITA"
3023,"risulta",4,"ITA"
3024,"ritrovato",4,"ITA"
3025,"riusciremo",4,"ITA"
3026,"rivedere",4,"ITA"
3027,"rivoluzione",4,"ITA"
3028,"romana",4,"ITA"
3029,"rotte",4,"ITA"
3030,"salta",4,"ITA"
3031,"samp",4,"ITA"
3032,"santo",4,"ITA"
3033,"sapete",4,"ITA"
3034,"scaffali",4,"ITA"
3035,"scala",4,"ITA"
3036,"scatta",4,"ITA"
3037,"scientifica",4,"ITA"
3038,"scientifico",4,"ITA"
3039,"scienziati",4,"ITA"
3040,"scommesse",4,"ITA"
3041,"scontro",4,"ITA"
3042,"sebbene",4,"ITA"
3043,"segna",4,"ITA"
3044,"segnale",4,"ITA"
3045,"seguiranno",4,"ITA"
3046,"semplicemente",4,"ITA"
3047,"semplici",4,"ITA"
3048,"sentiamo",4,"ITA"
3049,"sentimentale",4,"ITA"
3050,"sentimenti",4,"ITA"
3051,"separazione",4,"ITA"
3052,"serate",4,"ITA"
3053,"serena",4,"ITA"
3054,"serenità",4,"ITA"
3055,"servono",4,"ITA"
3056,"sesso",4,"ITA"
3057,"sessuale",4,"ITA"
3058,"sforzo",4,"ITA"
3059,"share",4,"ITA"
3060,"siete",4,"ITA"
3061,"signore",4,"ITA"
3062,"sindaca",4,"ITA"
3063,"siro",4,"ITA"
3064,"smart",4,"ITA"
3065,"smettere",4,"ITA"
3066,"soccorsi",4,"ITA"
3067,"soffrire",4,"ITA"
3068,"soggetti",4,"ITA"
3069,"sogno",4,"ITA"
3070,"soldati",4,"ITA"
3071,"sony",4,"ITA"
3072,"sopralluogo",4,"ITA"
3073,"sostanziale",4,"ITA"
3074,"sostituto",4,"ITA"
3075,"spagnolo",4,"ITA"
3076,"specchio",4,"ITA"
3077,"speciali",4,"ITA"
3078,"specifiche",4,"ITA"
3079,"sperando",4,"ITA"
3080,"spiegazioni",4,"ITA"
3081,"splendida",4,"ITA"
3082,"splendido",4,"ITA"
3083,"stabilire",4,"ITA"
3084,"stagioni",4,"ITA"
3085,"statunitense",4,"ITA"
3086,"stella",4,"ITA"
3087,"stesse",4,"ITA"
3088,"strano",4,"ITA"
3089,"street",4,"ITA"
3090,"stretta",4,"ITA"
3091,"succedendo",4,"ITA"
3092,"successivamente",4,"ITA"
3093,"suicidio",4,"ITA"
3094,"suolo",4,"ITA"
3095,"superiori",4,"ITA"
3096,"sviluppi",4,"ITA"
3097,"svolta",4,"ITA"
3098,"tali",4,"ITA"
3099,"taormina",4,"ITA"
3100,"tavola",4,"ITA"
3101,"tecniche",4,"ITA"
3102,"temperature",4,"ITA"
3103,"tensioni",4,"ITA"
3104,"terapie",4,"ITA"
3105,"terrà",4,"ITA"
3106,"tiri",4,"ITA"
3107,"titolare",4,"ITA"
3108,"tornerà",4,"ITA"
3109,"tour",4,"ITA"
3110,"trasferimento",4,"ITA"
3111,"trasferito",4,"ITA"
3112,"trasformata",4,"ITA"
3113,"treni",4,"ITA"
3114,"treviso",4,"ITA"
3115,"turisti",4,"ITA"
3116,"tutela",4,"ITA"
3117,"tutelare",4,"ITA"
3118,"tuttora",4,"ITA"
3119,"umana",4,"ITA"
3120,"umani",4,"ITA"
3121,"umano",4,"ITA"
3122,"umbria",4,"ITA"
3123,"unita",4,"ITA"
3124,"uscite",4,"ITA"
3125,"vaccini",4,"ITA"
3126,"valutare",4,"ITA"
3127,"vedrà",4,"ITA"
3128,"vedremo",4,"ITA"
3129,"venti",4,"ITA"
3130,"vergogna",4,"ITA"
3131,"veri",4,"ITA"
3132,"verona",4,"ITA"
3133,"versioni",4,"ITA"
3134,"viaggiatori",4,"ITA"
3135,"vie",4,"ITA"
3136,"vince",4,"ITA"
3137,"vincenzo",4,"ITA"
3138,"vincitore",4,"ITA"
3139,"virtuale",4,"ITA"
3140,"visitatori",4,"ITA"
3141,"viste",4,"ITA"
3142,"volentieri",4,"ITA"
3143,"volo",4,"ITA"
3144,"volontari",4,"ITA"
3145,"vorrei",4,"ITA"
3146,"weekend",4,"ITA"
3147,"zorzi",4,"ITA"
3148,"zucchero",4,"ITA"
3149,"03",3,"ITA"
3150,"05",3,"ITA"
3151,"1000",3,"ITA"
3152,"10mila",3,"ITA"
3153,"111",3,"ITA"
3154,"150",3,"ITA"
3155,"1981",3,"ITA"
3156,"2004",3,"ITA"
3157,"2005",3,"ITA"
3158,"2006",3,"ITA"
3159,"2030",3,"ITA"
3160,"240",3,"ITA"
3161,"249",3,"ITA"
3162,"24enne",3,"ITA"
3163,"2mila",3,"ITA"
3164,"41",3,"ITA"
3165,"42enne",3,"ITA"
3166,"450",3,"ITA"
3167,"48",3,"ITA"
3168,"49",3,"ITA"
3169,"51",3,"ITA"
3170,"58",3,"ITA"
3171,"63",3,"ITA"
3172,"67",3,"ITA"
3173,"75",3,"ITA"
3174,"750",3,"ITA"
3175,"78",3,"ITA"
3176,"82",3,"ITA"
3177,"900",3,"ITA"
3178,"94",3,"ITA"
3179,"95",3,"ITA"
3180,"abbandono",3,"ITA"
3181,"abbassare",3,"ITA"
3182,"abbiate",3,"ITA"
3183,"abbinato",3,"ITA"
3184,"abbracci",3,"ITA"
3185,"abitano",3,"ITA"
3186,"abiti",3,"ITA"
3187,"abituati",3,"ITA"
3188,"abruzzo",3,"ITA"
3189,"academy",3,"ITA"
3190,"accade",3,"ITA"
3191,"accedere",3,"ITA"
3192,"accelerazione",3,"ITA"
3193,"accertare",3,"ITA"
3194,"accese",3,"ITA"
3195,"accolto",3,"ITA"
3196,"accuse",3,"ITA"
3197,"acque",3,"ITA"
3198,"addosso",3,"ITA"
3199,"adottate",3,"ITA"
3200,"affettuoso",3,"ITA"
3201,"affidarsi",3,"ITA"
3202,"affitto",3,"ITA"
3203,"agenda",3,"ITA"
3204,"aggiunti",3,"ITA"
3205,"agire",3,"ITA"
3206,"agricoltura",3,"ITA"
3207,"aires",3,"ITA"
3208,"aiutano",3,"ITA"
3209,"ajax",3,"ITA"
3210,"ala",3,"ITA"
3211,"alberi",3,"ITA"
3212,"albero",3,"ITA"
3213,"aldo",3,"ITA"
3214,"alessio",3,"ITA"
3215,"alex",3,"ITA"
3216,"alexis",3,"ITA"
3217,"alimenti",3,"ITA"
3218,"alkmaar",3,"ITA"
3219,"allan",3,"ITA"
3220,"allertato",3,"ITA"
3221,"allianz",3,"ITA"
3222,"altrettanti",3,"ITA"
3223,"altrove",3,"ITA"
3224,"alzare",3,"ITA"
3225,"ama",3,"ITA"
3226,"ambientato",3,"ITA"
3227,"ambulatoriali",3,"ITA"
3228,"americana",3,"ITA"
3229,"americani",3,"ITA"
3230,"amiche",3,"ITA"
3231,"ammalato",3,"ITA"
3232,"ammessi",3,"ITA"
3233,"ammesso",3,"ITA"
3234,"ammette",3,"ITA"
3235,"ampliare",3,"ITA"
3236,"analizzato",3,"ITA"
3237,"and",3,"ITA"
3238,"andrebbe",3,"ITA"
3239,"angolo",3,"ITA"
3240,"anima",3,"ITA"
3241,"animale",3,"ITA"
3242,"anime",3,"ITA"
3243,"annullare",3,"ITA"
3244,"annunciata",3,"ITA"
3245,"ansia",3,"ITA"
3246,"antica",3,"ITA"
3247,"anziano",3,"ITA"
3248,"anziché",3,"ITA"
3249,"anzitutto",3,"ITA"
3250,"aperitivo",3,"ITA"
3251,"aperture",3,"ITA"
3252,"appelli",3,"ITA"
3253,"appendino",3,"ITA"
3254,"applicare",3,"ITA"
3255,"applicazioni",3,"ITA"
3256,"apprende",3,"ITA"
3257,"approfondimento",3,"ITA"
3258,"argentina",3,"ITA"
3259,"arresto",3,"ITA"
3260,"arrivi",3,"ITA"
3261,"arriviamo",3,"ITA"
3262,"arsizio",3,"ITA"
3263,"art",3,"ITA"
3264,"arthur",3,"ITA"
3265,"ascoli",3,"ITA"
3266,"ascoltate",3,"ITA"
3267,"ascoltato",3,"ITA"
3268,"ascolto",3,"ITA"
3269,"assemblea",3,"ITA"
3270,"assembramenti",3,"ITA"
3271,"assente",3,"ITA"
3272,"assistente",3,"ITA"
3273,"assistere",3,"ITA"
3274,"assistito",3,"ITA"
3275,"associati",3,"ITA"
3276,"assunzioni",3,"ITA"
3277,"atleta",3,"ITA"
3278,"atleti",3,"ITA"
3279,"attende",3,"ITA"
3280,"attentato",3,"ITA"
3281,"attento",3,"ITA"
3282,"attese",3,"ITA"
3283,"atteso",3,"ITA"
3284,"atti",3,"ITA"
3285,"attilio",3,"ITA"
3286,"attimi",3,"ITA"
3287,"attivando",3,"ITA"
3288,"attivare",3,"ITA"
3289,"attivati",3,"ITA"
3290,"attivisti",3,"ITA"
3291,"attrezzature",3,"ITA"
3292,"auguri",3,"ITA"
3293,"augusta",3,"ITA"
3294,"autobus",3,"ITA"
3295,"autonoma",3,"ITA"
3296,"autonomamente",3,"ITA"
3297,"autonomi",3,"ITA"
3298,"avanza",3,"ITA"
3299,"avellino",3,"ITA"
3300,"averla",3,"ITA"
3301,"averlo",3,"ITA"
3302,"avrai",3,"ITA"
3303,"avresti",3,"ITA"
3304,"avvenuta",3,"ITA"
3305,"avverrà",3,"ITA"
3306,"avversari",3,"ITA"
3307,"avviare",3,"ITA"
3308,"aws",3,"ITA"
3309,"bambine",3,"ITA"
3310,"banco",3,"ITA"
3311,"barone",3,"ITA"
3312,"barriere",3,"ITA"
3313,"basati",3,"ITA"
3314,"bassi",3,"ITA"
3315,"bastano",3,"ITA"
3316,"battuto",3,"ITA"
3317,"belgio",3,"ITA"
3318,"beni",3,"ITA"
3319,"berardi",3,"ITA"
3320,"bergamaschi",3,"ITA"
3321,"berlusconi",3,"ITA"
3322,"bianconera",3,"ITA"
3323,"biasca",3,"ITA"
3324,"biblioteca",3,"ITA"
3325,"bicicletta",3,"ITA"
3326,"bielorussia",3,"ITA"
3327,"bilancia",3,"ITA"
3328,"bisognose",3,"ITA"
3329,"blocca",3,"ITA"
3330,"bloccati",3,"ITA"
3331,"blocco",3,"ITA"
3332,"bob",3,"ITA"
3333,"bocci",3,"ITA"
3334,"bollette",3,"ITA"
3335,"bolognese",3,"ITA"
3336,"bonucci",3,"ITA"
3337,"brasile",3,"ITA"
3338,"brasiliano",3,"ITA"
3339,"brexit",3,"ITA"
3340,"briatore",3,"ITA"
3341,"brutto",3,"ITA"
3342,"buds",3,"ITA"
3343,"buenos",3,"ITA"
3344,"buffet",3,"ITA"
3345,"bulgaria",3,"ITA"
3346,"burocrazia",3,"ITA"
3347,"caduto",3,"ITA"
3348,"calano",3,"ITA"
3349,"calciomercato",3,"ITA"
3350,"calendario",3,"ITA"
3351,"callejon",3,"ITA"
3352,"cambi",3,"ITA"
3353,"cambiata",3,"ITA"
3354,"can",3,"ITA"
3355,"cancellare",3,"ITA"
3356,"candidarsi",3,"ITA"
3357,"canone",3,"ITA"
3358,"cantonale",3,"ITA"
3359,"capi",3,"ITA"
3360,"capisce",3,"ITA"
3361,"capitaneria",3,"ITA"
3362,"capodanno",3,"ITA"
3363,"capricorno",3,"ITA"
3364,"caputo",3,"ITA"
3365,"cara",3,"ITA"
3366,"card",3,"ITA"
3367,"carlos",3,"ITA"
3368,"carlotta",3,"ITA"
3369,"carmen",3,"ITA"
3370,"carte",3,"ITA"
3371,"cartelle",3,"ITA"
3372,"cartello",3,"ITA"
3373,"cascina",3,"ITA"
3374,"cast",3,"ITA"
3375,"castellarano",3,"ITA"
3376,"castelli",3,"ITA"
3377,"caterina",3,"ITA"
3378,"cavaliere",3,"ITA"
3379,"cecilia",3,"ITA"
3380,"censura",3,"ITA"
3381,"center",3,"ITA"
3382,"centrocampista",3,"ITA"
3383,"centrosinistra",3,"ITA"
3384,"ceo",3,"ITA"
3385,"cercheremo",3,"ITA"
3386,"certa",3,"ITA"
3387,"cervello",3,"ITA"
3388,"cesareo",3,"ITA"
3389,"chat",3,"ITA"
3390,"chiama",3,"ITA"
3391,"chiamando",3,"ITA"
3392,"chiamato",3,"ITA"
3393,"chiare",3,"ITA"
3394,"chiarito",3,"ITA"
3395,"chiavari",3,"ITA"
3396,"chigi",3,"ITA"
3397,"chiudono",3,"ITA"
3398,"ciavarro",3,"ITA"
3399,"cifre",3,"ITA"
3400,"circolo",3,"ITA"
3401,"circostanze",3,"ITA"
3402,"cisl",3,"ITA"
3403,"clamorosa",3,"ITA"
3404,"clamoroso",3,"ITA"
3405,"claudia",3,"ITA"
3406,"clinica",3,"ITA"
3407,"clinicamente",3,"ITA"
3408,"coalizione",3,"ITA"
3409,"coesione",3,"ITA"
3410,"coi",3,"ITA"
3411,"coinvolge",3,"ITA"
3412,"colazione",3,"ITA"
3413,"collaterali",3,"ITA"
3414,"collegamenti",3,"ITA"
3415,"collegamento",3,"ITA"
3416,"colpisce",3,"ITA"
3417,"commedia",3,"ITA"
3418,"commessi",3,"ITA"
3419,"commovente",3,"ITA"
3420,"como",3,"ITA"
3421,"comodo",3,"ITA"
3422,"competenti",3,"ITA"
3423,"competenza",3,"ITA"
3424,"competizione",3,"ITA"
3425,"complessivo",3,"ITA"
3426,"completare",3,"ITA"
3427,"comporta",3,"ITA"
3428,"compresa",3,"ITA"
3429,"compromesso",3,"ITA"
3430,"comunica",3,"ITA"
3431,"comunicarlo",3,"ITA"
3432,"comunicazioni",3,"ITA"
3433,"comunista",3,"ITA"
3434,"concede",3,"ITA"
3435,"concerti",3,"ITA"
3436,"concetto",3,"ITA"
3437,"concludono",3,"ITA"
3438,"concreta",3,"ITA"
3439,"concretamente",3,"ITA"
3440,"concrete",3,"ITA"
3441,"condotto",3,"ITA"
3442,"confcommercio",3,"ITA"
3443,"confermarlo",3,"ITA"
3444,"confermati",3,"ITA"
3445,"confesercenti",3,"ITA"
3446,"confessione",3,"ITA"
3447,"confidiamo",3,"ITA"
3448,"conflitti",3,"ITA"
3449,"confrontare",3,"ITA"
3450,"confrontati",3,"ITA"
3451,"coni",3,"ITA"
3452,"consapevolezza",3,"ITA"
3453,"consegnate",3,"ITA"
3454,"consegne",3,"ITA"
3455,"consenso",3,"ITA"
3456,"consentire",3,"ITA"
3457,"considerano",3,"ITA"
3458,"considerati",3,"ITA"
3459,"considerazione",3,"ITA"
3460,"consumo",3,"ITA"
3461,"contagiato",3,"ITA"
3462,"contare",3,"ITA"
3463,"contemporaneamente",3,"ITA"
3464,"contemporanei",3,"ITA"
3465,"contenente",3,"ITA"
3466,"contenere",3,"ITA"
3467,"contesti",3,"ITA"
3468,"continente",3,"ITA"
3469,"continuato",3,"ITA"
3470,"continuerà",3,"ITA"
3471,"continui",3,"ITA"
3472,"continuiamo",3,"ITA"
3473,"contropiede",3,"ITA"
3474,"convocati",3,"ITA"
3475,"convocazione",3,"ITA"
3476,"coordinamento",3,"ITA"
3477,"coppe",3,"ITA"
3478,"corea",3,"ITA"
3479,"corona",3,"ITA"
3480,"corretta",3,"ITA"
3481,"corrieri",3,"ITA"
3482,"corsi",3,"ITA"
3483,"corteggiatore",3,"ITA"
3484,"corti",3,"ITA"
3485,"cosiddetta",3,"ITA"
3486,"costante",3,"ITA"
3487,"costituisce",3,"ITA"
3488,"costruire",3,"ITA"
3489,"cr7",3,"ITA"
3490,"crea",3,"ITA"
3491,"creata",3,"ITA"
3492,"creazione",3,"ITA"
3493,"crema",3,"ITA"
3494,"cristiana",3,"ITA"
3495,"cristina",3,"ITA"
3496,"croazia",3,"ITA"
3497,"croce",3,"ITA"
3498,"crotone",3,"ITA"
3499,"culturali",3,"ITA"
3500,"cuochi",3,"ITA"
3501,"cuomo",3,"ITA"
3502,"curatori",3,"ITA"
3503,"curioso",3,"ITA"
3504,"curva",3,"ITA"
3505,"curve",3,"ITA"
3506,"dargli",3,"ITA"
3507,"darne",3,"ITA"
3508,"dava",3,"ITA"
3509,"davide",3,"ITA"
3510,"debito",3,"ITA"
3511,"deceduti",3,"ITA"
3512,"decisamente",3,"ITA"
3513,"definiti",3,"ITA"
3514,"definitivo",3,"ITA"
3515,"definito",3,"ITA"
3516,"delibera",3,"ITA"
3517,"delicato",3,"ITA"
3518,"democratici",3,"ITA"
3519,"denaro",3,"ITA"
3520,"denunce",3,"ITA"
3521,"denunciato",3,"ITA"
3522,"depositi",3,"ITA"
3523,"deputato",3,"ITA"
3524,"deriva",3,"ITA"
3525,"destinata",3,"ITA"
3526,"destinati",3,"ITA"
3527,"detenuti",3,"ITA"
3528,"determinare",3,"ITA"
3529,"determinate",3,"ITA"
3530,"determinati",3,"ITA"
3531,"diagonale",3,"ITA"
3532,"diego",3,"ITA"
3533,"dieta",3,"ITA"
3534,"difende",3,"ITA"
3535,"difeso",3,"ITA"
3536,"difficili",3,"ITA"
3537,"digital",3,"ITA"
3538,"dignità",3,"ITA"
3539,"dimessi",3,"ITA"
3540,"diminuzione",3,"ITA"
3541,"dimostra",3,"ITA"
3542,"dinamiche",3,"ITA"
3543,"diodato",3,"ITA"
3544,"dipartimenti",3,"ITA"
3545,"director",3,"ITA"
3546,"direttori",3,"ITA"
3547,"dirsi",3,"ITA"
3548,"disabili",3,"ITA"
3549,"disastri",3,"ITA"
3550,"disastro",3,"ITA"
3551,"disco",3,"ITA"
3552,"discorso",3,"ITA"
3553,"disney",3,"ITA"
3554,"disoccupazione",3,"ITA"
3555,"ditta",3,"ITA"
3556,"diventerà",3,"ITA"
3557,"diversa",3,"ITA"
3558,"divertimento",3,"ITA"
3559,"divertite",3,"ITA"
3560,"divieti",3,"ITA"
3561,"dl",3,"ITA"
3562,"dolby",3,"ITA"
3563,"doppietta",3,"ITA"
3564,"dorato",3,"ITA"
3565,"dosi",3,"ITA"
3566,"dottor",3,"ITA"
3567,"dovesse",3,"ITA"
3568,"dovremo",3,"ITA"
3569,"dovuti",3,"ITA"
3570,"draghi",3,"ITA"
3571,"ds",3,"ITA"
3572,"duro",3,"ITA"
3573,"dybala",3,"ITA"
3574,"dzeko",3,"ITA"
3575,"ebbe",3,"ITA"
3576,"eccessiva",3,"ITA"
3577,"edificio",3,"ITA"
3578,"effettivamente",3,"ITA"
3579,"efficaci",3,"ITA"
3580,"efficiente",3,"ITA"
3581,"el",3,"ITA"
3582,"eleonora",3,"ITA"
3583,"elettrico",3,"ITA"
3584,"elettronici",3,"ITA"
3585,"eliminazione",3,"ITA"
3586,"emergere",3,"ITA"
3587,"emersa",3,"ITA"
3588,"emiliano",3,"ITA"
3589,"ente",3,"ITA"
3590,"entrando",3,"ITA"
3591,"epidemiologiche",3,"ITA"
3592,"equilibrata",3,"ITA"
3593,"errore",3,"ITA"
3594,"esclusiva",3,"ITA"
3595,"esecutiva",3,"ITA"
3596,"eseguire",3,"ITA"
3597,"esercizi",3,"ITA"
3598,"esiste",3,"ITA"
3599,"esistenza",3,"ITA"
3600,"esperimento",3,"ITA"
3601,"esplorare",3,"ITA"
3602,"esplosione",3,"ITA"
3603,"esposito",3,"ITA"
3604,"esposte",3,"ITA"
3605,"esposti",3,"ITA"
3606,"espressa",3,"ITA"
3607,"espresso",3,"ITA"
3608,"essi",3,"ITA"
3609,"estinzione",3,"ITA"
3610,"estive",3,"ITA"
3611,"eugenio",3,"ITA"
3612,"facciano",3,"ITA"
3613,"fame",3,"ITA"
3614,"familiare",3,"ITA"
3615,"famosa",3,"ITA"
3616,"fanpage",3,"ITA"
3617,"fantastico",3,"ITA"
3618,"fantasy",3,"ITA"
3619,"fargli",3,"ITA"
3620,"farla",3,"ITA"
3621,"farmi",3,"ITA"
3622,"fasi",3,"ITA"
3623,"fate",3,"ITA"
3624,"fazio",3,"ITA"
3625,"fedeli",3,"ITA"
3626,"felici",3,"ITA"
3627,"ferite",3,"ITA"
3628,"fermata",3,"ITA"
3629,"fermi",3,"ITA"
3630,"ferrari",3,"ITA"
3631,"fi",3,"ITA"
3632,"fiera",3,"ITA"
3633,"fifa",3,"ITA"
3634,"figlie",3,"ITA"
3635,"fila",3,"ITA"
3636,"filo",3,"ITA"
3637,"finali",3,"ITA"
3638,"finanziamenti",3,"ITA"
3639,"finanziare",3,"ITA"
3640,"finanziari",3,"ITA"
3641,"finanziato",3,"ITA"
3642,"find",3,"ITA"
3643,"finendo",3,"ITA"
3644,"finisce",3,"ITA"
3645,"finita",3,"ITA"
3646,"finito",3,"ITA"
3647,"fisicamente",3,"ITA"
3648,"fisiche",3,"ITA"
3649,"fissa",3,"ITA"
3650,"flash",3,"ITA"
3651,"folle",3,"ITA"
3652,"fontana",3,"ITA"
3653,"formata",3,"ITA"
3654,"franzoni",3,"ITA"
3655,"frattempo",3,"ITA"
3656,"frazione",3,"ITA"
3657,"frena",3,"ITA"
3658,"frenare",3,"ITA"
3659,"frequenza",3,"ITA"
3660,"fretta",3,"ITA"
3661,"friday",3,"ITA"
3662,"frizione",3,"ITA"
3663,"frontiere",3,"ITA"
3664,"fuggire",3,"ITA"
3665,"fumetti",3,"ITA"
3666,"fumetto",3,"ITA"
3667,"funerale",3,"ITA"
3668,"funzionamento",3,"ITA"
3669,"funzioni",3,"ITA"
3670,"furono",3,"ITA"
3671,"furto",3,"ITA"
3672,"fusione",3,"ITA"
3673,"gabriella",3,"ITA"
3674,"gagliardini",3,"ITA"
3675,"galaxy",3,"ITA"
3676,"gare",3,"ITA"
3677,"gel",3,"ITA"
3678,"gelato",3,"ITA"
3679,"gemma",3,"ITA"
3680,"gestita",3,"ITA"
3681,"ghiaccio",3,"ITA"
3682,"giocate",3,"ITA"
3683,"giorgia",3,"ITA"
3684,"giovanna",3,"ITA"
3685,"giudicare",3,"ITA"
3686,"giudici",3,"ITA"
3687,"giudiziaria",3,"ITA"
3688,"giudizio",3,"ITA"
3689,"giulia",3,"ITA"
3690,"giulio",3,"ITA"
3691,"giunto",3,"ITA"
3692,"golfo",3,"ITA"
3693,"gomez",3,"ITA"
3694,"governare",3,"ITA"
3695,"gozzi",3,"ITA"
3696,"grafici",3,"ITA"
3697,"grammi",3,"ITA"
3698,"gratis",3,"ITA"
3699,"grecia",3,"ITA"
3700,"gregoraci",3,"ITA"
3701,"grosso",3,"ITA"
3702,"guardo",3,"ITA"
3703,"guarigioni",3,"ITA"
3704,"head",3,"ITA"
3705,"hoc",3,"ITA"
3706,"https",3,"ITA"
3707,"ict",3,"ITA"
3708,"identificare",3,"ITA"
3709,"igiene",3,"ITA"
3710,"igienizzante",3,"ITA"
3711,"ignazio",3,"ITA"
3712,"ii",3,"ITA"
3713,"immaginare",3,"ITA"
3714,"immaginato",3,"ITA"
3715,"immatricolazioni",3,"ITA"
3716,"imminente",3,"ITA"
3717,"immobili",3,"ITA"
3718,"imparato",3,"ITA"
3719,"imperfezioni",3,"ITA"
3720,"importanza",3,"ITA"
3721,"impostazione",3,"ITA"
3722,"imprevedibili",3,"ITA"
3723,"improbabili",3,"ITA"
3724,"inaugurato",3,"ITA"
3725,"inaugurazione",3,"ITA"
3726,"incarico",3,"ITA"
3727,"includere",3,"ITA"
3728,"inconveniente",3,"ITA"
3729,"incremento",3,"ITA"
3730,"incubo",3,"ITA"
3731,"indagato",3,"ITA"
3732,"indetto",3,"ITA"
3733,"indice",3,"ITA"
3734,"indirizzo",3,"ITA"
3735,"individuale",3,"ITA"
3736,"individuato",3,"ITA"
3737,"individui",3,"ITA"
3738,"inferiore",3,"ITA"
3739,"infettive",3,"ITA"
3740,"infezioni",3,"ITA"
3741,"infortuni",3,"ITA"
3742,"inghilterra",3,"ITA"
3743,"iniziale",3,"ITA"
3744,"inserire",3,"ITA"
3745,"insetti",3,"ITA"
3746,"intel",3,"ITA"
3747,"intelligenza",3,"ITA"
3748,"interagire",3,"ITA"
3749,"interessanti",3,"ITA"
3750,"interessi",3,"ITA"
3751,"internet",3,"ITA"
3752,"interpretare",3,"ITA"
3753,"intervistati",3,"ITA"
3754,"intervistato",3,"ITA"
3755,"intesa",3,"ITA"
3756,"intimi",3,"ITA"
3757,"intitolato",3,"ITA"
3758,"introdotto",3,"ITA"
3759,"introdurre",3,"ITA"
3760,"investitori",3,"ITA"
3761,"invitare",3,"ITA"
3762,"ironia",3,"ITA"
3763,"israeliano",3,"ITA"
3764,"istanze",3,"ITA"
3765,"istituti",3,"ITA"
3766,"j",3,"ITA"
3767,"johnson",3,"ITA"
3768,"kiev",3,"ITA"
3769,"kit",3,"ITA"
3770,"km",3,"ITA"
3771,"laboratorio",3,"ITA"
3772,"lancio",3,"ITA"
3773,"lasciando",3,"ITA"
3774,"lasciarsi",3,"ITA"
3775,"lasciate",3,"ITA"
3776,"lasciati",3,"ITA"
3777,"latina",3,"ITA"
3778,"lauro",3,"ITA"
3779,"lavorano",3,"ITA"
3780,"lebron",3,"ITA"
3781,"legata",3,"ITA"
3782,"leggera",3,"ITA"
3783,"leggermente",3,"ITA"
3784,"leggero",3,"ITA"
3785,"leggi",3,"ITA"
3786,"lego",3,"ITA"
3787,"lettore",3,"ITA"
3788,"limitare",3,"ITA"
3789,"line",3,"ITA"
3790,"lingua",3,"ITA"
3791,"linguaggio",3,"ITA"
3792,"liquidi",3,"ITA"
3793,"lite",3,"ITA"
3794,"liverpool",3,"ITA"
3795,"località",3,"ITA"
3796,"logico",3,"ITA"
3797,"lorenzo",3,"ITA"
3798,"los",3,"ITA"
3799,"lucchese",3,"ITA"
3800,"luci",3,"ITA"
3801,"lucia",3,"ITA"
3802,"lusso",3,"ITA"
3803,"m",3,"ITA"
3804,"macchine",3,"ITA"
3805,"magazine",3,"ITA"
3806,"maio",3,"ITA"
3807,"malati",3,"ITA"
3808,"malgioglio",3,"ITA"
3809,"malgrado",3,"ITA"
3810,"man",3,"ITA"
3811,"mancino",3,"ITA"
3812,"manifestanti",3,"ITA"
3813,"manifestazioni",3,"ITA"
3814,"mantiene",3,"ITA"
3815,"mappe",3,"ITA"
3816,"marcello",3,"ITA"
3817,"marcuzzi",3,"ITA"
3818,"margherita",3,"ITA"
3819,"marijuana",3,"ITA"
3820,"mario",3,"ITA"
3821,"massimiliano",3,"ITA"
3822,"materia",3,"ITA"
3823,"materiali",3,"ITA"
3824,"mattarella",3,"ITA"
3825,"mattinata",3,"ITA"
3826,"mauro",3,"ITA"
3827,"maxi",3,"ITA"
3828,"meccanismo",3,"ITA"
3829,"medesimo",3,"ITA"
3830,"mediche",3,"ITA"
3831,"medicina",3,"ITA"
3832,"membro",3,"ITA"
3833,"menu",3,"ITA"
3834,"merce",3,"ITA"
3835,"merci",3,"ITA"
3836,"merita",3,"ITA"
3837,"mertens",3,"ITA"
3838,"mescolare",3,"ITA"
3839,"messaggi",3,"ITA"
3840,"metterà",3,"ITA"
3841,"mettersi",3,"ITA"
3842,"mezzogiorno",3,"ITA"
3843,"micro",3,"ITA"
3844,"million",3,"ITA"
3845,"minaccia",3,"ITA"
3846,"minacciato",3,"ITA"
3847,"miniserie",3,"ITA"
3848,"ministeriale",3,"ITA"
3849,"ministra",3,"ITA"
3850,"minnesota",3,"ITA"
3851,"mobile",3,"ITA"
3852,"mobilità",3,"ITA"
3853,"moderna",3,"ITA"
3854,"modifiche",3,"ITA"
3855,"monaco",3,"ITA"
3856,"monitorare",3,"ITA"
3857,"morale",3,"ITA"
3858,"morta",3,"ITA"
3859,"mortalità",3,"ITA"
3860,"mossa",3,"ITA"
3861,"municipale",3,"ITA"
3862,"muore",3,"ITA"
3863,"muoversi",3,"ITA"
3864,"musei",3,"ITA"
3865,"musicale",3,"ITA"
3866,"nainggolan",3,"ITA"
3867,"narrazione",3,"ITA"
3868,"nascondere",3,"ITA"
3869,"nascosto",3,"ITA"
3870,"naso",3,"ITA"
3871,"natura",3,"ITA"
3872,"nazione",3,"ITA"
3873,"necessariamente",3,"ITA"
3874,"negozio",3,"ITA"
3875,"nemici",3,"ITA"
3876,"netflix",3,"ITA"
3877,"network",3,"ITA"
3878,"nintendo",3,"ITA"
3879,"nipote",3,"ITA"
3880,"nomina",3,"ITA"
3881,"norma",3,"ITA"
3882,"noti",3,"ITA"
3883,"notifica",3,"ITA"
3884,"novanta",3,"ITA"
3885,"nozze",3,"ITA"
3886,"nuovamente",3,"ITA"
3887,"occorrerà",3,"ITA"
3888,"occuparsi",3,"ITA"
3889,"occupati",3,"ITA"
3890,"offerti",3,"ITA"
3891,"oggetti",3,"ITA"
3892,"olbia",3,"ITA"
3893,"oms",3,"ITA"
3894,"onore",3,"ITA"
3895,"operativo",3,"ITA"
3896,"operatore",3,"ITA"
3897,"oppo",3,"ITA"
3898,"opposto",3,"ITA"
3899,"orchestra",3,"ITA"
3900,"ordinario",3,"ITA"
3901,"organico",3,"ITA"
3902,"orientale",3,"ITA"
3903,"origini",3,"ITA"
3904,"orlando",3,"ITA"
3905,"orologi",3,"ITA"
3906,"osservando",3,"ITA"
3907,"ottenuto",3,"ITA"
3908,"ovest",3,"ITA"
3909,"ovunque",3,"ITA"
3910,"padroni",3,"ITA"
3911,"pagamenti",3,"ITA"
3912,"pagamento",3,"ITA"
3913,"pagate",3,"ITA"
3914,"palestinesi",3,"ITA"
3915,"palestra",3,"ITA"
3916,"palinsesti",3,"ITA"
3917,"palio",3,"ITA"
3918,"pallone",3,"ITA"
3919,"panorama",3,"ITA"
3920,"parcheggi",3,"ITA"
3921,"pareti",3,"ITA"
3922,"paris",3,"ITA"
3923,"parlamentare",3,"ITA"
3924,"parlamento",3,"ITA"
3925,"particolari",3,"ITA"
3926,"parto",3,"ITA"
3927,"parziale",3,"ITA"
3928,"pasqua",3,"ITA"
3929,"pass",3,"ITA"
3930,"passeggero",3,"ITA"
3931,"passeggiata",3,"ITA"
3932,"pau",3,"ITA"
3933,"pellicola",3,"ITA"
3934,"pensando",3,"ITA"
3935,"pensiamo",3,"ITA"
3936,"perduto",3,"ITA"
3937,"perfetto",3,"ITA"
3938,"perugia",3,"ITA"
3939,"pesante",3,"ITA"
3940,"pesce",3,"ITA"
3941,"piaciuto",3,"ITA"
3942,"piane",3,"ITA"
3943,"pianeta",3,"ITA"
3944,"piatti",3,"ITA"
3945,"piazze",3,"ITA"
3946,"picco",3,"ITA"
3947,"piemontese",3,"ITA"
3948,"pietra",3,"ITA"
3949,"piloti",3,"ITA"
3950,"piogge",3,"ITA"
3951,"plastica",3,"ITA"
3952,"poeta",3,"ITA"
3953,"polacco",3,"ITA"
3954,"poliziotti",3,"ITA"
3955,"pomodori",3,"ITA"
3956,"popolari",3,"ITA"
3957,"popolarità",3,"ITA"
3958,"portale",3,"ITA"
3959,"portata",3,"ITA"
3960,"portoghese",3,"ITA"
3961,"possessori",3,"ITA"
3962,"poste",3,"ITA"
3963,"posteriore",3,"ITA"
3964,"potenzialmente",3,"ITA"
3965,"potessero",3,"ITA"
3966,"potrei",3,"ITA"
3967,"potremo",3,"ITA"
3968,"potresti",3,"ITA"
3969,"power",3,"ITA"
3970,"pre",3,"ITA"
3971,"precipitazioni",3,"ITA"
3972,"precisato",3,"ITA"
3973,"preghiera",3,"ITA"
3974,"prelievo",3,"ITA"
3975,"preliminare",3,"ITA"
3976,"prenderà",3,"ITA"
3977,"preoccupati",3,"ITA"
3978,"preparazione",3,"ITA"
3979,"prescindere",3,"ITA"
3980,"presenterà",3,"ITA"
3981,"pressoché",3,"ITA"
3982,"prestazione",3,"ITA"
3983,"prevedono",3,"ITA"
3984,"prevenire",3,"ITA"
3985,"previsti",3,"ITA"
3986,"prezioso",3,"ITA"
3987,"primaria",3,"ITA"
3988,"primario",3,"ITA"
3989,"principe",3,"ITA"
3990,"private",3,"ITA"
3991,"procedure",3,"ITA"
3992,"processore",3,"ITA"
3993,"proclami",3,"ITA"
3994,"produrre",3,"ITA"
3995,"produttore",3,"ITA"
3996,"professione",3,"ITA"
3997,"professionista",3,"ITA"
3998,"professore",3,"ITA"
3999,"profili",3,"ITA"
4000,"profonda",3,"ITA"
4001,"programmato",3,"ITA"
4002,"proiezione",3,"ITA"
4003,"promette",3,"ITA"
4004,"proporre",3,"ITA"
4005,"proprietaria",3,"ITA"
4006,"prossimità",3,"ITA"
4007,"proteina",3,"ITA"
4008,"provando",3,"ITA"
4009,"provano",3,"ITA"
4010,"provocato",3,"ITA"
4011,"provvedimento",3,"ITA"
4012,"prudenza",3,"ITA"
4013,"psicosi",3,"ITA"
4014,"pubblicamente",3,"ITA"
4015,"pubblicata",3,"ITA"
4016,"pubblicate",3,"ITA"
4017,"puntare",3,"ITA"
4018,"puntati",3,"ITA"
4019,"punte",3,"ITA"
4020,"puo",3,"ITA"
4021,"qualora",3,"ITA"
4022,"qualunque",3,"ITA"
4023,"questioni",3,"ITA"
4024,"quinta",3,"ITA"
4025,"raccomandazione",3,"ITA"
4026,"raddoppia",3,"ITA"
4027,"radicalmente",3,"ITA"
4028,"raggiungimento",3,"ITA"
4029,"rai3",3,"ITA"
4030,"rammarico",3,"ITA"
4031,"ranieri",3,"ITA"
4032,"rapidità",3,"ITA"
4033,"rapido",3,"ITA"
4034,"rapina",3,"ITA"
4035,"rappresentare",3,"ITA"
4036,"rappresentazione",3,"ITA"
4037,"rate",3,"ITA"
4038,"recarsi",3,"ITA"
4039,"recenti",3,"ITA"
4040,"recita",3,"ITA"
4041,"recuperare",3,"ITA"
4042,"reddito",3,"ITA"
4043,"refertati",3,"ITA"
4044,"regalo",3,"ITA"
4045,"regge",3,"ITA"
4046,"reggiani",3,"ITA"
4047,"regia",3,"ITA"
4048,"regno",3,"ITA"
4049,"regola",3,"ITA"
4050,"regolari",3,"ITA"
4051,"relax",3,"ITA"
4052,"renderlo",3,"ITA"
4053,"rendono",3,"ITA"
4054,"residenza",3,"ITA"
4055,"resistenza",3,"ITA"
4056,"respiratori",3,"ITA"
4057,"responsabili",3,"ITA"
4058,"restano",3,"ITA"
4059,"resteranno",3,"ITA"
4060,"retroscena",3,"ITA"
4061,"retto",3,"ITA"
4062,"rianimazione",3,"ITA"
4063,"riaperture",3,"ITA"
4064,"riapriranno",3,"ITA"
4065,"ribadito",3,"ITA"
4066,"ricca",3,"ITA"
4067,"ricchi",3,"ITA"
4068,"ricetta",3,"ITA"
4069,"richiedono",3,"ITA"
4070,"ricorrere",3,"ITA"
4071,"ricorso",3,"ITA"
4072,"ricostruzione",3,"ITA"
4073,"ricovero",3,"ITA"
4074,"rientrano",3,"ITA"
4075,"riferito",3,"ITA"
4076,"riflessione",3,"ITA"
4077,"riflettori",3,"ITA"
4078,"rigorosamente",3,"ITA"
4079,"rilasciato",3,"ITA"
4080,"rilevare",3,"ITA"
4081,"rilevato",3,"ITA"
4082,"rilievi",3,"ITA"
4083,"rimandati",3,"ITA"
4084,"rimanendo",3,"ITA"
4085,"rimasta",3,"ITA"
4086,"rimasto",3,"ITA"
4087,"rimborso",3,"ITA"
4088,"rimedio",3,"ITA"
4089,"rinascita",3,"ITA"
4090,"ringrazia",3,"ITA"
4091,"rinunciare",3,"ITA"
4092,"rinvenuti",3,"ITA"
4093,"riparte",3,"ITA"
4094,"riproduzione",3,"ITA"
4095,"rischi",3,"ITA"
4096,"rischiamo",3,"ITA"
4097,"rispettando",3,"ITA"
4098,"rispettate",3,"ITA"
4099,"risultate",3,"ITA"
4100,"ritardi",3,"ITA"
4101,"rito",3,"ITA"
4102,"riuscita",3,"ITA"
4103,"rivelazione",3,"ITA"
4104,"rivendicato",3,"ITA"
4105,"rocco",3,"ITA"
4106,"romani",3,"ITA"
4107,"romania",3,"ITA"
4108,"romantico",3,"ITA"
4109,"romeo",3,"ITA"
4110,"rossonera",3,"ITA"
4111,"rottura",3,"ITA"
4112,"rumore",3,"ITA"
4113,"russia",3,"ITA"
4114,"russo",3,"ITA"
4115,"sacco",3,"ITA"
4116,"sacrificio",3,"ITA"
4117,"saint",3,"ITA"
4118,"salerno",3,"ITA"
4119,"salgono",3,"ITA"
4120,"salito",3,"ITA"
4121,"salone",3,"ITA"
4122,"saltato",3,"ITA"
4123,"salto",3,"ITA"
4124,"sampdoria",3,"ITA"
4125,"sana",3,"ITA"
4126,"sant",3,"ITA"
4127,"sanzioni",3,"ITA"
4128,"sardegna",3,"ITA"
4129,"saremo",3,"ITA"
4130,"sassari",3,"ITA"
4131,"sbaglia",3,"ITA"
4132,"sbagliati",3,"ITA"
4133,"sbarco",3,"ITA"
4134,"scaricare",3,"ITA"
4135,"scarso",3,"ITA"
4136,"scattato",3,"ITA"
4137,"scatti",3,"ITA"
4138,"scatto",3,"ITA"
4139,"scende",3,"ITA"
4140,"scendono",3,"ITA"
4141,"scheda",3,"ITA"
4142,"schiena",3,"ITA"
4143,"scolastici",3,"ITA"
4144,"scomparsa",3,"ITA"
4145,"scongiurare",3,"ITA"
4146,"sconosciuto",3,"ITA"
4147,"scoperto",3,"ITA"
4148,"scoprirlo",3,"ITA"
4149,"scorse",3,"ITA"
4150,"screening",3,"ITA"
4151,"scritta",3,"ITA"
4152,"scrittura",3,"ITA"
4153,"scrivendo",3,"ITA"
4154,"segnalati",3,"ITA"
4155,"segnalazione",3,"ITA"
4156,"segreti",3,"ITA"
4157,"segreto",3,"ITA"
4158,"seguendo",3,"ITA"
4159,"seguente",3,"ITA"
4160,"seguono",3,"ITA"
4161,"semi",3,"ITA"
4162,"senato",3,"ITA"
4163,"sensazione",3,"ITA"
4164,"sensibilmente",3,"ITA"
4165,"sente",3,"ITA"
4166,"sentirci",3,"ITA"
4167,"sentite",3,"ITA"
4168,"sento",3,"ITA"
4169,"seppure",3,"ITA"
4170,"serio",3,"ITA"
4171,"sessanta",3,"ITA"
4172,"sfera",3,"ITA"
4173,"sfruttare",3,"ITA"
4174,"sgarbi",3,"ITA"
4175,"sguardo",3,"ITA"
4176,"shock",3,"ITA"
4177,"showgirl",3,"ITA"
4178,"siate",3,"ITA"
4179,"siciliana",3,"ITA"
4180,"siciliani",3,"ITA"
4181,"sicura",3,"ITA"
4182,"sicuri",3,"ITA"
4183,"siglato",3,"ITA"
4184,"significativo",3,"ITA"
4185,"silenzio",3,"ITA"
4186,"silvia",3,"ITA"
4187,"simili",3,"ITA"
4188,"simpatia",3,"ITA"
4189,"sinceramente",3,"ITA"
4190,"singoli",3,"ITA"
4191,"sintonia",3,"ITA"
4192,"sir",3,"ITA"
4193,"sky",3,"ITA"
4194,"smaltimento",3,"ITA"
4195,"sofferenza",3,"ITA"
4196,"soffio",3,"ITA"
4197,"soglia",3,"ITA"
4198,"somma",3,"ITA"
4199,"son",3,"ITA"
4200,"sorta",3,"ITA"
4201,"sospendere",3,"ITA"
4202,"sospensione",3,"ITA"
4203,"sosta",3,"ITA"
4204,"sostanze",3,"ITA"
4205,"sostiene",3,"ITA"
4206,"sostituisce",3,"ITA"
4207,"sottolineare",3,"ITA"
4208,"sottoporsi",3,"ITA"
4209,"sottoposto",3,"ITA"
4210,"spallanzani",3,"ITA"
4211,"specializzato",3,"ITA"
4212,"specifica",3,"ITA"
4213,"specificato",3,"ITA"
4214,"spendere",3,"ITA"
4215,"sperare",3,"ITA"
4216,"spiagge",3,"ITA"
4217,"spinto",3,"ITA"
4218,"sportivi",3,"ITA"
4219,"spot",3,"ITA"
4220,"spreaker",3,"ITA"
4221,"stabilimento",3,"ITA"
4222,"stadi",3,"ITA"
4223,"stadium",3,"ITA"
4224,"stando",3,"ITA"
4225,"stefania",3,"ITA"
4226,"stima",3,"ITA"
4227,"stipendio",3,"ITA"
4228,"store",3,"ITA"
4229,"storici",3,"ITA"
4230,"story",3,"ITA"
4231,"stranieri",3,"ITA"
4232,"stress",3,"ITA"
4233,"stupefacenti",3,"ITA"
4234,"succederà",3,"ITA"
4235,"successi",3,"ITA"
4236,"successivo",3,"ITA"
4237,"sufficiente",3,"ITA"
4238,"sufficienti",3,"ITA"
4239,"suggerimenti",3,"ITA"
4240,"suggerito",3,"ITA"
4241,"supera",3,"ITA"
4242,"superato",3,"ITA"
4243,"superficie",3,"ITA"
4244,"svelare",3,"ITA"
4245,"svizzera",3,"ITA"
4246,"tappeto",3,"ITA"
4247,"tastiera",3,"ITA"
4248,"tatangelo",3,"ITA"
4249,"teatrale",3,"ITA"
4250,"tecnicamente",3,"ITA"
4251,"tecnologica",3,"ITA"
4252,"telemedicina",3,"ITA"
4253,"telespettatori",3,"ITA"
4254,"televisivi",3,"ITA"
4255,"temi",3,"ITA"
4256,"temporale",3,"ITA"
4257,"tengono",3,"ITA"
4258,"tentare",3,"ITA"
4259,"tenuti",3,"ITA"
4260,"terme",3,"ITA"
4261,"terminare",3,"ITA"
4262,"terreno",3,"ITA"
4263,"territori",3,"ITA"
4264,"testimonianze",3,"ITA"
4265,"tiene",3,"ITA"
4266,"tiktok",3,"ITA"
4267,"timore",3,"ITA"
4268,"tipi",3,"ITA"
4269,"titolari",3,"ITA"
4270,"tommaso",3,"ITA"
4271,"tor",3,"ITA"
4272,"tornata",3,"ITA"
4273,"tornati",3,"ITA"
4274,"trascorso",3,"ITA"
4275,"trasferta",3,"ITA"
4276,"trasformato",3,"ITA"
4277,"trasparenza",3,"ITA"
4278,"trasportato",3,"ITA"
4279,"trasporti",3,"ITA"
4280,"trasversale",3,"ITA"
4281,"trattato",3,"ITA"
4282,"trattava",3,"ITA"
4283,"trend",3,"ITA"
4284,"trent",3,"ITA"
4285,"tristezza",3,"ITA"
4286,"troppe",3,"ITA"
4287,"trovati",3,"ITA"
4288,"trovavano",3,"ITA"
4289,"troverà",3,"ITA"
4290,"tsunami",3,"ITA"
4291,"tue",3,"ITA"
4292,"tuoi",3,"ITA"
4293,"turco",3,"ITA"
4294,"turistica",3,"ITA"
4295,"turni",3,"ITA"
4296,"tweet",3,"ITA"
4297,"u",3,"ITA"
4298,"udienza",3,"ITA"
4299,"uefa",3,"ITA"
4300,"ulteriormente",3,"ITA"
4301,"umanità",3,"ITA"
4302,"undici",3,"ITA"
4303,"uniforme",3,"ITA"
4304,"unito",3,"ITA"
4305,"universitario",3,"ITA"
4306,"uova",3,"ITA"
4307,"up",3,"ITA"
4308,"urbana",3,"ITA"
4309,"urbano",3,"ITA"
4310,"urgenza",3,"ITA"
4311,"urla",3,"ITA"
4312,"usufruire",3,"ITA"
4313,"utilizzati",3,"ITA"
4314,"utilizzato",3,"ITA"
4315,"valere",3,"ITA"
4316,"valeria",3,"ITA"
4317,"vasto",3,"ITA"
4318,"vecchio",3,"ITA"
4319,"vederlo",3,"ITA"
4320,"velocemente",3,"ITA"
4321,"veloci",3,"ITA"
4322,"vendere",3,"ITA"
4323,"vendute",3,"ITA"
4324,"vengano",3,"ITA"
4325,"verdi",3,"ITA"
4326,"versate",3,"ITA"
4327,"verticale",3,"ITA"
4328,"vertice",3,"ITA"
4329,"vetro",3,"ITA"
4330,"vice",3,"ITA"
4331,"vincenti",3,"ITA"
4332,"violento",3,"ITA"
4333,"vissuto",3,"ITA"
4334,"vito",3,"ITA"
4335,"vittorio",3,"ITA"
4336,"viva",3,"ITA"
4337,"vive",3,"ITA"
4338,"vlahovic",3,"ITA"
4339,"voci",3,"ITA"
4340,"volante",3,"ITA"
4341,"voler",3,"ITA"
4342,"volete",3,"ITA"
4343,"volevo",3,"ITA"
4344,"volontario",3,"ITA"
4345,"voluti",3,"ITA"
4346,"vostra",3,"ITA"
4347,"votare",3,"ITA"
4348,"votato",3,"ITA"
4349,"voti",3,"ITA"
4350,"vulnerabilità",3,"ITA"
4351,"walter",3,"ITA"
4352,"week",3,"ITA"
4353,"welfare",3,"ITA"
4354,"william",3,"ITA"
4355,"wireless",3,"ITA"
4356,"x2",3,"ITA"
4357,"z",3,"ITA"
4358,"zaia",3,"ITA"
4359,"zequila",3,"ITA"
4360,"zia",3,"ITA"
4361,"064",2,"ITA"
4362,"109",2,"ITA"
4363,"110",2,"ITA"
4364,"112",2,"ITA"
4365,"113",2,"ITA"
4366,"125",2,"ITA"
4367,"130",2,"ITA"
4368,"136",2,"ITA"
4369,"140",2,"ITA"
4370,"1400",2,"ITA"
4371,"151",2,"ITA"
4372,"155",2,"ITA"
4373,"173",2,"ITA"
4374,"186",2,"ITA"
4375,"188",2,"ITA"
4376,"196",2,"ITA"
4377,"1984",2,"ITA"
4378,"1988",2,"ITA"
4379,"1989",2,"ITA"
4380,"1991",2,"ITA"
4381,"1994",2,"ITA"
4382,"1996",2,"ITA"
4383,"1997",2,"ITA"
4384,"1998",2,"ITA"
4385,"1999",2,"ITA"
4386,"2001",2,"ITA"
4387,"2003",2,"ITA"
4388,"2007",2,"ITA"
4389,"2008",2,"ITA"
4390,"2009",2,"ITA"
4391,"2013",2,"ITA"
4392,"2023",2,"ITA"
4393,"2024",2,"ITA"
4394,"225",2,"ITA"
4395,"234",2,"ITA"
4396,"236",2,"ITA"
4397,"256",2,"ITA"
4398,"26enne",2,"ITA"
4399,"312",2,"ITA"
4400,"34mila",2,"ITA"
4401,"35mila",2,"ITA"
4402,"38enne",2,"ITA"
4403,"397",2,"ITA"
4404,"40mila",2,"ITA"
4405,"42",2,"ITA"
4406,"43enne",2,"ITA"
4407,"458",2,"ITA"
4408,"47",2,"ITA"
4409,"499",2,"ITA"
4410,"4k",2,"ITA"
4411,"55",2,"ITA"
4412,"550",2,"ITA"
4413,"560",2,"ITA"
4414,"57",2,"ITA"
4415,"59",2,"ITA"
4416,"626",2,"ITA"
4417,"635",2,"ITA"
4418,"652",2,"ITA"
4419,"680",2,"ITA"
4420,"71",2,"ITA"
4421,"72",2,"ITA"
4422,"73",2,"ITA"
4423,"76",2,"ITA"
4424,"77",2,"ITA"
4425,"79",2,"ITA"
4426,"87",2,"ITA"
4427,"931",2,"ITA"
4428,"97",2,"ITA"
4429,"98",2,"ITA"
4430,"a1",2,"ITA"
4431,"a6",2,"ITA"
4432,"a8",2,"ITA"
4433,"abbandonati",2,"ITA"
4434,"abbandonato",2,"ITA"
4435,"abbasserà",2,"ITA"
4436,"abbattimento",2,"ITA"
4437,"abbraccio",2,"ITA"
4438,"abbronzatura",2,"ITA"
4439,"abi",2,"ITA"
4440,"abilità",2,"ITA"
4441,"abita",2,"ITA"
4442,"abitualmente",2,"ITA"
4443,"abituarsi",2,"ITA"
4444,"acacias",2,"ITA"
4445,"accadere",2,"ITA"
4446,"accadrà",2,"ITA"
4447,"accadrebbe",2,"ITA"
4448,"accede",2,"ITA"
4449,"accelera",2,"ITA"
4450,"accensione",2,"ITA"
4451,"accertati",2,"ITA"
4452,"accessi",2,"ITA"
4453,"accessibile",2,"ITA"
4454,"accogliente",2,"ITA"
4455,"accogliere",2,"ITA"
4456,"accompagna",2,"ITA"
4457,"accompagnamento",2,"ITA"
4458,"accontentare",2,"ITA"
4459,"accordi",2,"ITA"
4460,"accorgimenti",2,"ITA"
4461,"accusati",2,"ITA"
4462,"aci",2,"ITA"
4463,"acquaviva",2,"ITA"
4464,"acquisiti",2,"ITA"
4465,"acquistato",2,"ITA"
4466,"acquisti",2,"ITA"
4467,"acuta",2,"ITA"
4468,"adatta",2,"ITA"
4469,"adeguatamente",2,"ITA"
4470,"aderire",2,"ITA"
4471,"aderiscono",2,"ITA"
4472,"adnkronos",2,"ITA"
4473,"adolfo",2,"ITA"
4474,"adottato",2,"ITA"
4475,"adriano",2,"ITA"
4476,"adulti",2,"ITA"
4477,"aerea",2,"ITA"
4478,"aerei",2,"ITA"
4479,"affanno",2,"ITA"
4480,"affatto",2,"ITA"
4481,"affermando",2,"ITA"
4482,"affiancarlo",2,"ITA"
4483,"affidabilità",2,"ITA"
4484,"affidamento",2,"ITA"
4485,"affidato",2,"ITA"
4486,"affitti",2,"ITA"
4487,"affronta",2,"ITA"
4488,"affrontando",2,"ITA"
4489,"affrontate",2,"ITA"
4490,"affronteremo",2,"ITA"
4491,"affrontiamo",2,"ITA"
4492,"afragola",2,"ITA"
4493,"africana",2,"ITA"
4494,"afroamericani",2,"ITA"
4495,"aggiornare",2,"ITA"
4496,"aggiornarsi",2,"ITA"
4497,"aggiornati",2,"ITA"
4498,"aggiungendo",2,"ITA"
4499,"aggiungersi",2,"ITA"
4500,"aggiungo",2,"ITA"
4501,"aggiuntivo",2,"ITA"
4502,"aggravato",2,"ITA"
4503,"aggredita",2,"ITA"
4504,"aggredito",2,"ITA"
4505,"aggressivo",2,"ITA"
4506,"agnelli",2,"ITA"
4507,"agricola",2,"ITA"
4508,"agricole",2,"ITA"
4509,"agrigento",2,"ITA"
4510,"aic",2,"ITA"
4511,"air",2,"ITA"
4512,"airbag",2,"ITA"
4513,"airbnb",2,"ITA"
4514,"aiuterà",2,"ITA"
4515,"alassio",2,"ITA"
4516,"albergo",2,"ITA"
4517,"alberico",2,"ITA"
4518,"alchimista",2,"ITA"
4519,"aldilà",2,"ITA"
4520,"ale",2,"ITA"
4521,"alexa",2,"ITA"
4522,"ali",2,"ITA"
4523,"alias",2,"ITA"
4524,"alice",2,"ITA"
4525,"alitalia",2,"ITA"
4526,"allargare",2,"ITA"
4527,"alleato",2,"ITA"
4528,"allen",2,"ITA"
4529,"allena",2,"ITA"
4530,"allenamenti",2,"ITA"
4531,"allenarsi",2,"ITA"
4532,"allenatrice",2,"ITA"
4533,"allevatore",2,"ITA"
4534,"allievi",2,"ITA"
4535,"allontanarsi",2,"ITA"
4536,"alonso",2,"ITA"
4537,"alpini",2,"ITA"
4538,"alterare",2,"ITA"
4539,"altissima",2,"ITA"
4540,"altos",2,"ITA"
4541,"altrettanto",2,"ITA"
4542,"alvaro",2,"ITA"
4543,"alza",2,"ITA"
4544,"amante",2,"ITA"
4545,"amare",2,"ITA"
4546,"ambientali",2,"ITA"
4547,"ambulanze",2,"ITA"
4548,"ambulatori",2,"ITA"
4549,"amedeo",2,"ITA"
4550,"americano",2,"ITA"
4551,"amica",2,"ITA"
4552,"ammettere",2,"ITA"
4553,"amministrative",2,"ITA"
4554,"amministrativi",2,"ITA"
4555,"amministrazioni",2,"ITA"
4556,"ammonire",2,"ITA"
4557,"ammontano",2,"ITA"
4558,"amori",2,"ITA"
4559,"amoroso",2,"ITA"
4560,"ampi",2,"ITA"
4561,"ampiamente",2,"ITA"
4562,"ampliamento",2,"ITA"
4563,"analisti",2,"ITA"
4564,"analizzare",2,"ITA"
4565,"ancor",2,"ITA"
4566,"andamento",2,"ITA"
4567,"andava",2,"ITA"
4568,"andersen",2,"ITA"
4569,"andranno",2,"ITA"
4570,"andrew",2,"ITA"
4571,"anestesisti",2,"ITA"
4572,"anglosassone",2,"ITA"
4573,"animo",2,"ITA"
4574,"anja",2,"ITA"
4575,"ankara",2,"ITA"
4576,"anm",2,"ITA"
4577,"annalisa",2,"ITA"
4578,"annamaria",2,"ITA"
4579,"annuale",2,"ITA"
4580,"annui",2,"ITA"
4581,"annunciati",2,"ITA"
4582,"anteprima",2,"ITA"
4583,"anteriore",2,"ITA"
4584,"anticipata",2,"ITA"
4585,"anticipazione",2,"ITA"
4586,"antico",2,"ITA"
4587,"anticorpi",2,"ITA"
4588,"antigenici",2,"ITA"
4589,"antistanti",2,"ITA"
4590,"antiviolenza",2,"ITA"
4591,"antonelli",2,"ITA"
4592,"api",2,"ITA"
4593,"apparentemente",2,"ITA"
4594,"apparso",2,"ITA"
4595,"appartiene",2,"ITA"
4596,"appia",2,"ITA"
4597,"applausi",2,"ITA"
4598,"applicata",2,"ITA"
4599,"applicate",2,"ITA"
4600,"appoggio",2,"ITA"
4601,"appositamente",2,"ITA"
4602,"apprendere",2,"ITA"
4603,"apprezzare",2,"ITA"
4604,"apprezzo",2,"ITA"
4605,"approdare",2,"ITA"
4606,"approfittando",2,"ITA"
4607,"approfondire",2,"ITA"
4608,"approvata",2,"ITA"
4609,"ar",2,"ITA"
4610,"archeologici",2,"ITA"
4611,"architettura",2,"ITA"
4612,"archiviato",2,"ITA"
4613,"arci",2,"ITA"
4614,"arcuri",2,"ITA"
4615,"arena",2,"ITA"
4616,"argomenti",2,"ITA"
4617,"arizona",2,"ITA"
4618,"armando",2,"ITA"
4619,"armenia",2,"ITA"
4620,"arrangiamenti",2,"ITA"
4621,"arresti",2,"ITA"
4622,"arrogante",2,"ITA"
4623,"arsenal",2,"ITA"
4624,"artefice",2,"ITA"
4625,"arteria",2,"ITA"
4626,"arti",2,"ITA"
4627,"artigianali",2,"ITA"
4628,"artigiani",2,"ITA"
4629,"artist",2,"ITA"
4630,"artistici",2,"ITA"
4631,"artistico",2,"ITA"
4632,"arts",2,"ITA"
4633,"ascensore",2,"ITA"
4634,"ascoltando",2,"ITA"
4635,"ascoltati",2,"ITA"
4636,"asd",2,"ITA"
4637,"asia",2,"ITA"
4638,"asilo",2,"ITA"
4639,"asp",2,"ITA"
4640,"aspettate",2,"ITA"
4641,"aspettative",2,"ITA"
4642,"aspettavamo",2,"ITA"
4643,"assai",2,"ITA"
4644,"assegnati",2,"ITA"
4645,"assegnato",2,"ITA"
4646,"assegnazione",2,"ITA"
4647,"assembramento",2,"ITA"
4648,"assenti",2,"ITA"
4649,"assenze",2,"ITA"
4650,"asset",2,"ITA"
4651,"assicura",2,"ITA"
4652,"assicurare",2,"ITA"
4653,"assicurarsi",2,"ITA"
4654,"assicurato",2,"ITA"
4655,"assisi",2,"ITA"
4656,"assistendo",2,"ITA"
4657,"assistenziale",2,"ITA"
4658,"associate",2,"ITA"
4659,"asst",2,"ITA"
4660,"assunta",2,"ITA"
4661,"asta",2,"ITA"
4662,"atanasijevic",2,"ITA"
4663,"ateneo",2,"ITA"
4664,"atletico",2,"ITA"
4665,"atmos",2,"ITA"
4666,"ats",2,"ITA"
4667,"attaccanti",2,"ITA"
4668,"attendono",2,"ITA"
4669,"attesi",2,"ITA"
4670,"attivato",2,"ITA"
4671,"attivi",2,"ITA"
4672,"attivista",2,"ITA"
4673,"attuali",2,"ITA"
4674,"audaci",2,"ITA"
4675,"auditel",2,"ITA"
4676,"auguro",2,"ITA"
4677,"aula",2,"ITA"
4678,"aule",2,"ITA"
4679,"aumentato",2,"ITA"
4680,"aurelia",2,"ITA"
4681,"aurelio",2,"ITA"
4682,"australia",2,"ITA"
4683,"austria",2,"ITA"
4684,"autista",2,"ITA"
4685,"automaticamente",2,"ITA"
4686,"automobili",2,"ITA"
4687,"automobilisti",2,"ITA"
4688,"autorizza",2,"ITA"
4689,"autorizzati",2,"ITA"
4690,"autostradali",2,"ITA"
4691,"autostrade",2,"ITA"
4692,"avanzo",2,"ITA"
4693,"averne",2,"ITA"
4694,"avessero",2,"ITA"
4695,"avremmo",2,"ITA"
4696,"avrò",2,"ITA"
4697,"avuta",2,"ITA"
4698,"avvenimenti",2,"ITA"
4699,"avvenire",2,"ITA"
4700,"avversario",2,"ITA"
4701,"avviata",2,"ITA"
4702,"avviene",2,"ITA"
4703,"avvisati",2,"ITA"
4704,"avvocati",2,"ITA"
4705,"aziendale",2,"ITA"
4706,"aziendali",2,"ITA"
4707,"azzardo",2,"ITA"
4708,"azzurro",2,"ITA"
4709,"bacino",2,"ITA"
4710,"bagnanti",2,"ITA"
4711,"bagni",2,"ITA"
4712,"bagno",2,"ITA"
4713,"baldi",2,"ITA"
4714,"ballare",2,"ITA"
4715,"ballerina",2,"ITA"
4716,"ballottaggi",2,"ITA"
4717,"balmain",2,"ITA"
4718,"banchi",2,"ITA"
4719,"banchine",2,"ITA"
4720,"bancorp",2,"ITA"
4721,"banda",2,"ITA"
4722,"bandi",2,"ITA"
4723,"bandiera",2,"ITA"
4724,"bandiere",2,"ITA"
4725,"banditi",2,"ITA"
4726,"bando",2,"ITA"
4727,"bankitalia",2,"ITA"
4728,"barbiere",2,"ITA"
4729,"barca",2,"ITA"
4730,"barcaiuolo",2,"ITA"
4731,"barcone",2,"ITA"
4732,"barese",2,"ITA"
4733,"barra",2,"ITA"
4734,"basata",2,"ITA"
4735,"bastare",2,"ITA"
4736,"bastasse",2,"ITA"
4737,"batte",2,"ITA"
4738,"battisti",2,"ITA"
4739,"battono",2,"ITA"
4740,"battuta",2,"ITA"
4741,"bayern",2,"ITA"
4742,"be",2,"ITA"
4743,"beautiful",2,"ITA"
4744,"beauty",2,"ITA"
4745,"beige",2,"ITA"
4746,"belga",2,"ITA"
4747,"belgrado",2,"ITA"
4748,"belle",2,"ITA"
4749,"bellinzona",2,"ITA"
4750,"bellissime",2,"ITA"
4751,"bellissimi",2,"ITA"
4752,"benassi",2,"ITA"
4753,"benché",2,"ITA"
4754,"benedetto",2,"ITA"
4755,"benefica",2,"ITA"
4756,"beneficienza",2,"ITA"
4757,"beneficio",2,"ITA"
4758,"benefico",2,"ITA"
4759,"benevento",2,"ITA"
4760,"benigni",2,"ITA"
4761,"berlino",2,"ITA"
4762,"berna",2,"ITA"
4763,"bernie",2,"ITA"
4764,"berset",2,"ITA"
4765,"best",2,"ITA"
4766,"beta",2,"ITA"
4767,"bettarini",2,"ITA"
4768,"bianchi",2,"ITA"
4769,"biglietti",2,"ITA"
4770,"bikini",2,"ITA"
4771,"bilanciare",2,"ITA"
4772,"bilico",2,"ITA"
4773,"bimbi",2,"ITA"
4774,"biologica",2,"ITA"
4775,"birra",2,"ITA"
4776,"bloccarlo",2,"ITA"
4777,"bloccata",2,"ITA"
4778,"bloccate",2,"ITA"
4779,"blucerchiati",2,"ITA"
4780,"blues",2,"ITA"
4781,"bmw",2,"ITA"
4782,"bocca",2,"ITA"
4783,"boga",2,"ITA"
4784,"boh",2,"ITA"
4785,"bolsonaro",2,"ITA"
4786,"bonaventura",2,"ITA"
4787,"bond",2,"ITA"
4788,"bonifica",2,"ITA"
4789,"bonifici",2,"ITA"
4790,"bono",2,"ITA"
4791,"bonomi",2,"ITA"
4792,"boris",2,"ITA"
4793,"borrelli",2,"ITA"
4794,"borsa",2,"ITA"
4795,"borse",2,"ITA"
4796,"botanico",2,"ITA"
4797,"bottiglia",2,"ITA"
4798,"botto",2,"ITA"
4799,"bozzetto",2,"ITA"
4800,"braccia",2,"ITA"
4801,"brahim",2,"ITA"
4802,"brand",2,"ITA"
4803,"bravo",2,"ITA"
4804,"bravura",2,"ITA"
4805,"bresciana",2,"ITA"
4806,"brevemente",2,"ITA"
4807,"brevetti",2,"ITA"
4808,"browser",2,"ITA"
4809,"bruno",2,"ITA"
4810,"brutta",2,"ITA"
4811,"buco",2,"ITA"
4812,"buffon",2,"ITA"
4813,"bugie",2,"ITA"
4814,"bugo",2,"ITA"
4815,"buia",2,"ITA"
4816,"bundesliga",2,"ITA"
4817,"buongiorno",2,"ITA"
4818,"cadavere",2,"ITA"
4819,"cadenza",2,"ITA"
4820,"calabrese",2,"ITA"
4821,"calare",2,"ITA"
4822,"calci",2,"ITA"
4823,"calcia",2,"ITA"
4824,"calciatrici",2,"ITA"
4825,"calcistiche",2,"ITA"
4826,"calcolo",2,"ITA"
4827,"calhanoglu",2,"ITA"
4828,"call",2,"ITA"
4829,"calore",2,"ITA"
4830,"camaiore",2,"ITA"
4831,"cambiate",2,"ITA"
4832,"camilla",2,"ITA"
4833,"cammino",2,"ITA"
4834,"campani",2,"ITA"
4835,"canale5",2,"ITA"
4836,"canali",2,"ITA"
4837,"cancelli",2,"ITA"
4838,"candidatura",2,"ITA"
4839,"canessa",2,"ITA"
4840,"cani",2,"ITA"
4841,"cantare",2,"ITA"
4842,"capaci",2,"ITA"
4843,"capello",2,"ITA"
4844,"capitali",2,"ITA"
4845,"capitato",2,"ITA"
4846,"capogruppo",2,"ITA"
4847,"caratterizzato",2,"ITA"
4848,"caricatore",2,"ITA"
4849,"carinaro",2,"ITA"
4850,"carinola",2,"ITA"
4851,"carità",2,"ITA"
4852,"caritas",2,"ITA"
4853,"carlucci",2,"ITA"
4854,"carmelo",2,"ITA"
4855,"carne",2,"ITA"
4856,"carrara",2,"ITA"
4857,"carrasco",2,"ITA"
4858,"carri",2,"ITA"
4859,"carrozzina",2,"ITA"
4860,"caruso",2,"ITA"
4861,"caselle",2,"ITA"
4862,"caspoggio",2,"ITA"
4863,"castagne",2,"ITA"
4864,"castellammare",2,"ITA"
4865,"castrovilli",2,"ITA"
4866,"casuale",2,"ITA"
4867,"catapultato",2,"ITA"
4868,"cattaneo",2,"ITA"
4869,"cattolica",2,"ITA"
4870,"catturare",2,"ITA"
4871,"cautela",2,"ITA"
4872,"cavallo",2,"ITA"
4873,"cd",2,"ITA"
4874,"cecchi",2,"ITA"
4875,"ceduto",2,"ITA"
4876,"celebra",2,"ITA"
4877,"celebrato",2,"ITA"
4878,"celebre",2,"ITA"
4879,"celentano",2,"ITA"
4880,"cella",2,"ITA"
4881,"cellino",2,"ITA"
4882,"cellulari",2,"ITA"
4883,"cellule",2,"ITA"
4884,"censimento",2,"ITA"
4885,"centesimo",2,"ITA"
4886,"centra",2,"ITA"
4887,"centrali",2,"ITA"
4888,"centralità",2,"ITA"
4889,"centrare",2,"ITA"
4890,"centri",2,"ITA"
4891,"ceramiche",2,"ITA"
4892,"cercate",2,"ITA"
4893,"cercava",2,"ITA"
4894,"cercheranno",2,"ITA"
4895,"cerco",2,"ITA"
4896,"certe",2,"ITA"
4897,"certezze",2,"ITA"
4898,"certifica",2,"ITA"
4899,"certificata",2,"ITA"
4900,"certificazione",2,"ITA"
4901,"cesaro",2,"ITA"
4902,"cesena",2,"ITA"
4903,"cessato",2,"ITA"
4904,"cessione",2,"ITA"
4905,"chan",2,"ITA"
4906,"chiari",2,"ITA"
4907,"chiarisce",2,"ITA"
4908,"chico",2,"ITA"
4909,"chiederemo",2,"ITA"
4910,"chiellini",2,"ITA"
4911,"chiese",2,"ITA"
4912,"chiesti",2,"ITA"
4913,"chip",2,"ITA"
4914,"chirico",2,"ITA"
4915,"chirurgia",2,"ITA"
4916,"chiudendo",2,"ITA"
4917,"chiuderti",2,"ITA"
4918,"chiusure",2,"ITA"
4919,"chris",2,"ITA"
4920,"christian",2,"ITA"
4921,"chrome",2,"ITA"
4922,"ciak",2,"ITA"
4923,"ciascun",2,"ITA"
4924,"ciccio",2,"ITA"
4925,"ciclisti",2,"ITA"
4926,"cielo",2,"ITA"
4927,"cig",2,"ITA"
4928,"cinematografica",2,"ITA"
4929,"cinta",2,"ITA"
4930,"circo",2,"ITA"
4931,"circostanza",2,"ITA"
4932,"circuiti",2,"ITA"
4933,"cirio",2,"ITA"
4934,"cittadella",2,"ITA"
4935,"clacson",2,"ITA"
4936,"classi",2,"ITA"
4937,"clicca",2,"ITA"
4938,"clinici",2,"ITA"
4939,"clio",2,"ITA"
4940,"cm",2,"ITA"
4941,"cnn",2,"ITA"
4942,"co",2,"ITA"
4943,"cocaina",2,"ITA"
4944,"code",2,"ITA"
4945,"coffee",2,"ITA"
4946,"coincide",2,"ITA"
4947,"coinvolgere",2,"ITA"
4948,"coinvolta",2,"ITA"
4949,"coletta",2,"ITA"
4950,"collaborazioni",2,"ITA"
4951,"collante",2,"ITA"
4952,"collasso",2,"ITA"
4953,"collegata",2,"ITA"
4954,"collegi",2,"ITA"
4955,"collegio",2,"ITA"
4956,"collettiva",2,"ITA"
4957,"collezioni",2,"ITA"
4958,"collinare",2,"ITA"
4959,"cologno",2,"ITA"
4960,"colonia",2,"ITA"
4961,"colossi",2,"ITA"
4962,"colpendo",2,"ITA"
4963,"colpevole",2,"ITA"
4964,"colpire",2,"ITA"
4965,"comandante",2,"ITA"
4966,"combattimento",2,"ITA"
4967,"comencini",2,"ITA"
4968,"comico",2,"ITA"
4969,"comincia",2,"ITA"
4970,"cominciati",2,"ITA"
4971,"commentano",2,"ITA"
4972,"commentarlo",2,"ITA"
4973,"commerce",2,"ITA"
4974,"commette",2,"ITA"
4975,"commissari",2,"ITA"
4976,"commissioni",2,"ITA"
4977,"commosso",2,"ITA"
4978,"compagne",2,"ITA"
4979,"comparsa",2,"ITA"
4980,"compatibili",2,"ITA"
4981,"compenso",2,"ITA"
4982,"complesso",2,"ITA"
4983,"completato",2,"ITA"
4984,"complici",2,"ITA"
4985,"componenti",2,"ITA"
4986,"composizione",2,"ITA"
4987,"composta",2,"ITA"
4988,"composto",2,"ITA"
4989,"comprati",2,"ITA"
4990,"comprende",2,"ITA"
4991,"comprendo",2,"ITA"
4992,"comprese",2,"ITA"
4993,"comunicano",2,"ITA"
4994,"comunicata",2,"ITA"
4995,"concentrato",2,"ITA"
4996,"concessi",2,"ITA"
4997,"concesso",2,"ITA"
4998,"concetti",2,"ITA"
4999,"concittadini",2,"ITA"
5000,"concluse",2,"ITA"
5001,"concorrente",2,"ITA"
5002,"concreto",2,"ITA"
5003,"condanna",2,"ITA"
5004,"condire",2,"ITA"
5005,"condivide",2,"ITA"
5006,"condivisi",2,"ITA"
5007,"condoglianze",2,"ITA"
5008,"condomini",2,"ITA"
5009,"condotta",2,"ITA"
5010,"conegliano",2,"ITA"
5011,"confermando",2,"ITA"
5012,"confermano",2,"ITA"
5013,"confermata",2,"ITA"
5014,"conferme",2,"ITA"
5015,"confessa",2,"ITA"
5016,"confessare",2,"ITA"
5017,"confessato",2,"ITA"
5018,"confezione",2,"ITA"
5019,"confezioni",2,"ITA"
5020,"confidano",2,"ITA"
5021,"confido",2,"ITA"
5022,"confine",2,"ITA"
5023,"confluire",2,"ITA"
5024,"conformità",2,"ITA"
5025,"confrontarsi",2,"ITA"
5026,"confusione",2,"ITA"
5027,"congedo",2,"ITA"
5028,"congiunto",2,"ITA"
5029,"congratulazioni",2,"ITA"
5030,"connessioni",2,"ITA"
5031,"conoscevo",2,"ITA"
5032,"conosci",2,"ITA"
5033,"conosciuta",2,"ITA"
5034,"conosco",2,"ITA"
5035,"consapevole",2,"ITA"
5036,"consapevoli",2,"ITA"
5037,"conservare",2,"ITA"
5038,"conservazione",2,"ITA"
5039,"considerando",2,"ITA"
5040,"considerata",2,"ITA"
5041,"considerate",2,"ITA"
5042,"considerevole",2,"ITA"
5043,"consiglieri",2,"ITA"
5044,"consolida",2,"ITA"
5045,"consorzio",2,"ITA"
5046,"consuetudine",2,"ITA"
5047,"consulenza",2,"ITA"
5048,"contagiata",2,"ITA"
5049,"contenitori",2,"ITA"
5050,"contenti",2,"ITA"
5051,"contestati",2,"ITA"
5052,"contiene",2,"ITA"
5053,"continuamente",2,"ITA"
5054,"continuate",2,"ITA"
5055,"continue",2,"ITA"
5056,"contrappunto",2,"ITA"
5057,"contrastare",2,"ITA"
5058,"contrasto",2,"ITA"
5059,"contribuito",2,"ITA"
5060,"contributi",2,"ITA"
5061,"controllata",2,"ITA"
5062,"controllato",2,"ITA"
5063,"controllavano",2,"ITA"
5064,"controvalore",2,"ITA"
5065,"convinta",2,"ITA"
5066,"coperta",2,"ITA"
5067,"copia",2,"ITA"
5068,"coraggioso",2,"ITA"
5069,"core",2,"ITA"
5070,"cori",2,"ITA"
5071,"corner",2,"ITA"
5072,"coro",2,"ITA"
5073,"corridori",2,"ITA"
5074,"corse",2,"ITA"
5075,"cortei",2,"ITA"
5076,"corto",2,"ITA"
5077,"costano",2,"ITA"
5078,"costantemente",2,"ITA"
5079,"costituito",2,"ITA"
5080,"costituzione",2,"ITA"
5081,"costoro",2,"ITA"
5082,"costretta",2,"ITA"
5083,"costruirà",2,"ITA"
5084,"cottura",2,"ITA"
5085,"cov",2,"ITA"
5086,"cpi",2,"ITA"
5087,"cravatta",2,"ITA"
5088,"craxi",2,"ITA"
5089,"creativa",2,"ITA"
5090,"creativi",2,"ITA"
5091,"creatività",2,"ITA"
5092,"credi",2,"ITA"
5093,"crescendo",2,"ITA"
5094,"crescente",2,"ITA"
5095,"cresciuta",2,"ITA"
5096,"crimi",2,"ITA"
5097,"criminale",2,"ITA"
5098,"crimini",2,"ITA"
5099,"criterio",2,"ITA"
5100,"critica",2,"ITA"
5101,"critici",2,"ITA"
5102,"critico",2,"ITA"
5103,"croato",2,"ITA"
5104,"crociere",2,"ITA"
5105,"cronaca",2,"ITA"
5106,"ct",2,"ITA"
5107,"culla",2,"ITA"
5108,"curata",2,"ITA"
5109,"curati",2,"ITA"
5110,"curato",2,"ITA"
5111,"curiosamente",2,"ITA"
5112,"curiosi",2,"ITA"
5113,"curriculum",2,"ITA"
5114,"cyberpunk",2,"ITA"
5115,"dalila",2,"ITA"
5116,"dan",2,"ITA"
5117,"daniela",2,"ITA"
5118,"danilo",2,"ITA"
5119,"dante",2,"ITA"
5120,"dar",2,"ITA"
5121,"dario",2,"ITA"
5122,"dark",2,"ITA"
5123,"darsi",2,"ITA"
5124,"debuttato",2,"ITA"
5125,"debutterà",2,"ITA"
5126,"decimo",2,"ITA"
5127,"decisivi",2,"ITA"
5128,"decisivo",2,"ITA"
5129,"dedica",2,"ITA"
5130,"dedicare",2,"ITA"
5131,"dedicati",2,"ITA"
5132,"dedurre",2,"ITA"
5133,"def",2,"ITA"
5134,"definire",2,"ITA"
5135,"definisce",2,"ITA"
5136,"definita",2,"ITA"
5137,"definitiva",2,"ITA"
5138,"definitivamente",2,"ITA"
5139,"degna",2,"ITA"
5140,"degrado",2,"ITA"
5141,"delineare",2,"ITA"
5142,"deliziosa",2,"ITA"
5143,"delusione",2,"ITA"
5144,"denti",2,"ITA"
5145,"denunciare",2,"ITA"
5146,"denunciarlo",2,"ITA"
5147,"denunciati",2,"ITA"
5148,"denver",2,"ITA"
5149,"depressione",2,"ITA"
5150,"destinarsi",2,"ITA"
5151,"destinazione",2,"ITA"
5152,"destinerà",2,"ITA"
5153,"determinazione",2,"ITA"
5154,"detiene",2,"ITA"
5155,"detroit",2,"ITA"
5156,"dettato",2,"ITA"
5157,"devi",2,"ITA"
5158,"diagnosi",2,"ITA"
5159,"dialoghi",2,"ITA"
5160,"diavolo",2,"ITA"
5161,"dicendo",2,"ITA"
5162,"differenze",2,"ITA"
5163,"diffondersi",2,"ITA"
5164,"diffusa",2,"ITA"
5165,"digitalizzazione",2,"ITA"
5166,"diktat",2,"ITA"
5167,"diletta",2,"ITA"
5168,"dimenticare",2,"ITA"
5169,"diminuire",2,"ITA"
5170,"diminuiti",2,"ITA"
5171,"diminuito",2,"ITA"
5172,"dimissioni",2,"ITA"
5173,"dimora",2,"ITA"
5174,"dimostrare",2,"ITA"
5175,"dimostrarlo",2,"ITA"
5176,"dinamica",2,"ITA"
5177,"dinamo",2,"ITA"
5178,"dinanzi",2,"ITA"
5179,"dipende",2,"ITA"
5180,"diramato",2,"ITA"
5181,"diretti",2,"ITA"
5182,"direttivo",2,"ITA"
5183,"dirigenziale",2,"ITA"
5184,"disciplina",2,"ITA"
5185,"discoteche",2,"ITA"
5186,"discrezione",2,"ITA"
5187,"discussioni",2,"ITA"
5188,"discusso",2,"ITA"
5189,"disegno",2,"ITA"
5190,"disinfettati",2,"ITA"
5191,"disinfezione",2,"ITA"
5192,"disperazione",2,"ITA"
5193,"dispiace",2,"ITA"
5194,"disposto",2,"ITA"
5195,"disputare",2,"ITA"
5196,"distacco",2,"ITA"
5197,"distante",2,"ITA"
5198,"distanze",2,"ITA"
5199,"distrarsi",2,"ITA"
5200,"distribuire",2,"ITA"
5201,"distribuite",2,"ITA"
5202,"distribuiti",2,"ITA"
5203,"distrutti",2,"ITA"
5204,"disturbi",2,"ITA"
5205,"dito",2,"ITA"
5206,"divertirsi",2,"ITA"
5207,"dividere",2,"ITA"
5208,"divise",2,"ITA"
5209,"divisi",2,"ITA"
5210,"diviso",2,"ITA"
5211,"documentare",2,"ITA"
5212,"documentario",2,"ITA"
5213,"documentazione",2,"ITA"
5214,"domenico",2,"ITA"
5215,"domiciliare",2,"ITA"
5216,"domiciliari",2,"ITA"
5217,"donazione",2,"ITA"
5218,"donnarumma",2,"ITA"
5219,"dopoguerra",2,"ITA"
5220,"dortmund",2,"ITA"
5221,"dotato",2,"ITA"
5222,"dotazione",2,"ITA"
5223,"doti",2,"ITA"
5224,"dott",2,"ITA"
5225,"dottoressa",2,"ITA"
5226,"dovresti",2,"ITA"
5227,"drammatico",2,"ITA"
5228,"drastico",2,"ITA"
5229,"droga",2,"ITA"
5230,"duemila",2,"ITA"
5231,"duomo",2,"ITA"
5232,"duramente",2,"ITA"
5233,"durare",2,"ITA"
5234,"durato",2,"ITA"
5235,"duratura",2,"ITA"
5236,"dure",2,"ITA"
5237,"duty",2,"ITA"
5238,"ea",2,"ITA"
5239,"ecc",2,"ITA"
5240,"eccetto",2,"ITA"
5241,"eco",2,"ITA"
5242,"edicola",2,"ITA"
5243,"edilizia",2,"ITA"
5244,"editrice",2,"ITA"
5245,"edizioni",2,"ITA"
5246,"educazione",2,"ITA"
5247,"effettivo",2,"ITA"
5248,"effettuata",2,"ITA"
5249,"effettuate",2,"ITA"
5250,"efficacia",2,"ITA"
5251,"efficienza",2,"ITA"
5252,"egitto",2,"ITA"
5253,"eh",2,"ITA"
5254,"einaudi",2,"ITA"
5255,"elementari",2,"ITA"
5256,"elettrica",2,"ITA"
5257,"elettronica",2,"ITA"
5258,"elevati",2,"ITA"
5259,"elicottero",2,"ITA"
5260,"eliminato",2,"ITA"
5261,"emanata",2,"ITA"
5262,"emanato",2,"ITA"
5263,"embargo",2,"ITA"
5264,"emblematico",2,"ITA"
5265,"emergenze",2,"ITA"
5266,"emergenziale",2,"ITA"
5267,"emma",2,"ITA"
5268,"emozionante",2,"ITA"
5269,"emozione",2,"ITA"
5270,"empatia",2,"ITA"
5271,"enardu",2,"ITA"
5272,"energie",2,"ITA"
5273,"eni",2,"ITA"
5274,"entrambe",2,"ITA"
5275,"entrate",2,"ITA"
5276,"entrerà",2,"ITA"
5277,"epic",2,"ITA"
5278,"epicentro",2,"ITA"
5279,"epidemiologica",2,"ITA"
5280,"eps",2,"ITA"
5281,"equipaggiato",2,"ITA"
5282,"equipaggio",2,"ITA"
5283,"eric",2,"ITA"
5284,"erogati",2,"ITA"
5285,"eroi",2,"ITA"
5286,"esagerare",2,"ITA"
5287,"esattamente",2,"ITA"
5288,"escono",2,"ITA"
5289,"esecutivo",2,"ITA"
5290,"esegue",2,"ITA"
5291,"eseguita",2,"ITA"
5292,"eseguito",2,"ITA"
5293,"esempi",2,"ITA"
5294,"esercizio",2,"ITA"
5295,"esibire",2,"ITA"
5296,"esibizione",2,"ITA"
5297,"esigente",2,"ITA"
5298,"esigenza",2,"ITA"
5299,"esiti",2,"ITA"
5300,"esonerato",2,"ITA"
5301,"esordio",2,"ITA"
5302,"espansione",2,"ITA"
5303,"esperto",2,"ITA"
5304,"esponente",2,"ITA"
5305,"esposizione",2,"ITA"
5306,"esposta",2,"ITA"
5307,"espressi",2,"ITA"
5308,"essa",2,"ITA"
5309,"essenziali",2,"ITA"
5310,"esserlo",2,"ITA"
5311,"estensione",2,"ITA"
5312,"esteri",2,"ITA"
5313,"estesi",2,"ITA"
5314,"esteso",2,"ITA"
5315,"estetici",2,"ITA"
5316,"estonia",2,"ITA"
5317,"estremamente",2,"ITA"
5318,"estremo",2,"ITA"
5319,"esuberanza",2,"ITA"
5320,"evasione",2,"ITA"
5321,"eventualmente",2,"ITA"
5322,"evidentemente",2,"ITA"
5323,"evidenze",2,"ITA"
5324,"evidenziare",2,"ITA"
5325,"evidenziato",2,"ITA"
5326,"evince",2,"ITA"
5327,"evita",2,"ITA"
5328,"evitando",2,"ITA"
5329,"evitato",2,"ITA"
5330,"export",2,"ITA"
5331,"fabbriche",2,"ITA"
5332,"fabbro",2,"ITA"
5333,"faccine",2,"ITA"
5334,"faceva",2,"ITA"
5335,"facevo",2,"ITA"
5336,"falcone",2,"ITA"
5337,"fallito",2,"ITA"
5338,"falò",2,"ITA"
5339,"falsi",2,"ITA"
5340,"fama",2,"ITA"
5341,"famigliari",2,"ITA"
5342,"fanboy",2,"ITA"
5343,"fano",2,"ITA"
5344,"fantascienza",2,"ITA"
5345,"fantasista",2,"ITA"
5346,"farai",2,"ITA"
5347,"farmaceutica",2,"ITA"
5348,"farmaco",2,"ITA"
5349,"farò",2,"ITA"
5350,"farti",2,"ITA"
5351,"fashion",2,"ITA"
5352,"fastidio",2,"ITA"
5353,"favoriscono",2,"ITA"
5354,"federazione",2,"ITA"
5355,"federico",2,"ITA"
5356,"felicità",2,"ITA"
5357,"fermamente",2,"ITA"
5358,"fermano",2,"ITA"
5359,"fermati",2,"ITA"
5360,"ferragosto",2,"ITA"
5361,"ferroviaria",2,"ITA"
5362,"fidanzate",2,"ITA"
5363,"figc",2,"ITA"
5364,"figura",2,"ITA"
5365,"fili",2,"ITA"
5366,"filosofa",2,"ITA"
5367,"filosofo",2,"ITA"
5368,"finalisti",2,"ITA"
5369,"finalizzati",2,"ITA"
5370,"finanza",2,"ITA"
5371,"finanze",2,"ITA"
5372,"finiti",2,"ITA"
5373,"finta",2,"ITA"
5374,"fiorello",2,"ITA"
5375,"fiori",2,"ITA"
5376,"firmata",2,"ITA"
5377,"firmerà",2,"ITA"
5378,"fisici",2,"ITA"
5379,"fissare",2,"ITA"
5380,"flessione",2,"ITA"
5381,"flotta",2,"ITA"
5382,"flussi",2,"ITA"
5383,"flusso",2,"ITA"
5384,"folla",2,"ITA"
5385,"follia",2,"ITA"
5386,"follower",2,"ITA"
5387,"fondata",2,"ITA"
5388,"fondatore",2,"ITA"
5389,"ford",2,"ITA"
5390,"fornito",2,"ITA"
5391,"forno",2,"ITA"
5392,"foro",2,"ITA"
5393,"fortissimo",2,"ITA"
5394,"forum",2,"ITA"
5395,"fossile",2,"ITA"
5396,"fotocamera",2,"ITA"
5397,"fotografica",2,"ITA"
5398,"fotografico",2,"ITA"
5399,"fragile",2,"ITA"
5400,"fragili",2,"ITA"
5401,"fragilità",2,"ITA"
5402,"franchi",2,"ITA"
5403,"frase",2,"ITA"
5404,"freddi",2,"ITA"
5405,"freddie",2,"ITA"
5406,"freddo",2,"ITA"
5407,"free",2,"ITA"
5408,"frenato",2,"ITA"
5409,"frequentano",2,"ITA"
5410,"frequentavo",2,"ITA"
5411,"frequente",2,"ITA"
5412,"frequenti",2,"ITA"
5413,"fresche",2,"ITA"
5414,"freschezza",2,"ITA"
5415,"fresco",2,"ITA"
5416,"freud",2,"ITA"
5417,"friends",2,"ITA"
5418,"fronti",2,"ITA"
5419,"frontiera",2,"ITA"
5420,"fruitori",2,"ITA"
5421,"frutta",2,"ITA"
5422,"frutti",2,"ITA"
5423,"fumo",2,"ITA"
5424,"fund",2,"ITA"
5425,"funivie",2,"ITA"
5426,"funzionalità",2,"ITA"
5427,"funzionari",2,"ITA"
5428,"funzionario",2,"ITA"
5429,"funzionato",2,"ITA"
5430,"furti",2,"ITA"
5431,"futura",2,"ITA"
5432,"gaeta",2,"ITA"
5433,"garantiscono",2,"ITA"
5434,"garanzia",2,"ITA"
5435,"garbatella",2,"ITA"
5436,"garibaldi",2,"ITA"
5437,"gas",2,"ITA"
5438,"gates",2,"ITA"
5439,"gaza",2,"ITA"
5440,"gazebo",2,"ITA"
5441,"geforce",2,"ITA"
5442,"gemelli",2,"ITA"
5443,"gen",2,"ITA"
5444,"generato",2,"ITA"
5445,"generi",2,"ITA"
5446,"george",2,"ITA"
5447,"gerardo",2,"ITA"
5448,"gestisce",2,"ITA"
5449,"gestite",2,"ITA"
5450,"gestori",2,"ITA"
5451,"gesù",2,"ITA"
5452,"gettati",2,"ITA"
5453,"ghingaro",2,"ITA"
5454,"giallorossa",2,"ITA"
5455,"giallorosso",2,"ITA"
5456,"giana",2,"ITA"
5457,"giancarlo",2,"ITA"
5458,"gianmarco",2,"ITA"
5459,"giappone",2,"ITA"
5460,"gigi",2,"ITA"
5461,"gimbe",2,"ITA"
5462,"ginecologia",2,"ITA"
5463,"ginevra",2,"ITA"
5464,"giocato",2,"ITA"
5465,"giocatrice",2,"ITA"
5466,"giocava",2,"ITA"
5467,"giornalieri",2,"ITA"
5468,"giove",2,"ITA"
5469,"gip",2,"ITA"
5470,"girare",2,"ITA"
5471,"girato",2,"ITA"
5472,"girava",2,"ITA"
5473,"giudiziario",2,"ITA"
5474,"giuliani",2,"ITA"
5475,"giungere",2,"ITA"
5476,"giuria",2,"ITA"
5477,"giuridiche",2,"ITA"
5478,"giuste",2,"ITA"
5479,"giusti",2,"ITA"
5480,"giustificare",2,"ITA"
5481,"go",2,"ITA"
5482,"goal",2,"ITA"
5483,"godere",2,"ITA"
5484,"godersi",2,"ITA"
5485,"godono",2,"ITA"
5486,"gola",2,"ITA"
5487,"goldman",2,"ITA"
5488,"gomme",2,"ITA"
5489,"gori",2,"ITA"
5490,"goria",2,"ITA"
5491,"gossip",2,"ITA"
5492,"gotico",2,"ITA"
5493,"governa",2,"ITA"
5494,"governativi",2,"ITA"
5495,"gradimento",2,"ITA"
5496,"gradito",2,"ITA"
5497,"graduale",2,"ITA"
5498,"graduatorie",2,"ITA"
5499,"granché",2,"ITA"
5500,"gratuito",2,"ITA"
5501,"gravidanza",2,"ITA"
5502,"greco",2,"ITA"
5503,"grido",2,"ITA"
5504,"grillino",2,"ITA"
5505,"grossa",2,"ITA"
5506,"gruppi",2,"ITA"
5507,"guadagna",2,"ITA"
5508,"guadagnati",2,"ITA"
5509,"guardarsi",2,"ITA"
5510,"guardie",2,"ITA"
5511,"guarito",2,"ITA"
5512,"guendalina",2,"ITA"
5513,"guidato",2,"ITA"
5514,"guido",2,"ITA"
5515,"gusti",2,"ITA"
5516,"h",2,"ITA"
5517,"haaland",2,"ITA"
5518,"hakimi",2,"ITA"
5519,"hamas",2,"ITA"
5520,"hans",2,"ITA"
5521,"harry",2,"ITA"
5522,"heat",2,"ITA"
5523,"hobbi",2,"ITA"
5524,"hochmair",2,"ITA"
5525,"hong",2,"ITA"
5526,"hunziker",2,"ITA"
5527,"hybrid",2,"ITA"
5528,"iannone",2,"ITA"
5529,"ibride",2,"ITA"
5530,"icnirp",2,"ITA"
5531,"idoneità",2,"ITA"
5532,"iene",2,"ITA"
5533,"ignorante",2,"ITA"
5534,"ignoto",2,"ITA"
5535,"ilicic",2,"ITA"
5536,"illegali",2,"ITA"
5537,"illuminante",2,"ITA"
5538,"illuminare",2,"ITA"
5539,"illuminazione",2,"ITA"
5540,"illustrata",2,"ITA"
5541,"imbarazzante",2,"ITA"
5542,"imbarcazione",2,"ITA"
5543,"immediato",2,"ITA"
5544,"immensa",2,"ITA"
5545,"immobile",2,"ITA"
5546,"immunità",2,"ITA"
5547,"immunitario",2,"ITA"
5548,"impedisce",2,"ITA"
5549,"impegnata",2,"ITA"
5550,"impegnerà",2,"ITA"
5551,"impianti",2,"ITA"
5552,"impiegare",2,"ITA"
5553,"implementazione",2,"ITA"
5554,"importazione",2,"ITA"
5555,"importo",2,"ITA"
5556,"impostata",2,"ITA"
5557,"impostazioni",2,"ITA"
5558,"imposto",2,"ITA"
5559,"impressione",2,"ITA"
5560,"improvvisa",2,"ITA"
5561,"imu",2,"ITA"
5562,"inaugura",2,"ITA"
5563,"inc",2,"ITA"
5564,"incappare",2,"ITA"
5565,"incassi",2,"ITA"
5566,"incentivare",2,"ITA"
5567,"inchiesta",2,"ITA"
5568,"inchieste",2,"ITA"
5569,"incidenti",2,"ITA"
5570,"inclusi",2,"ITA"
5571,"incolumità",2,"ITA"
5572,"incontra",2,"ITA"
5573,"incontrada",2,"ITA"
5574,"incontrare",2,"ITA"
5575,"incoraggianti",2,"ITA"
5576,"incrementare",2,"ITA"
5577,"incrocio",2,"ITA"
5578,"indagati",2,"ITA"
5579,"indebitamento",2,"ITA"
5580,"indenne",2,"ITA"
5581,"indennizzi",2,"ITA"
5582,"indeterminato",2,"ITA"
5583,"indimenticabile",2,"ITA"
5584,"indipendente",2,"ITA"
5585,"indirizzi",2,"ITA"
5586,"indiscrezioni",2,"ITA"
5587,"indispensabile",2,"ITA"
5588,"industriali",2,"ITA"
5589,"inedita",2,"ITA"
5590,"infantino",2,"ITA"
5591,"infermieristico",2,"ITA"
5592,"inferno",2,"ITA"
5593,"infiammazione",2,"ITA"
5594,"influenzare",2,"ITA"
5595,"influenzato",2,"ITA"
5596,"influiscono",2,"ITA"
5597,"informa",2,"ITA"
5598,"ing",2,"ITA"
5599,"inganno",2,"ITA"
5600,"ingredienti",2,"ITA"
5601,"inizi",2,"ITA"
5602,"iniziali",2,"ITA"
5603,"inizialmente",2,"ITA"
5604,"iniziò",2,"ITA"
5605,"innovative",2,"ITA"
5606,"input",2,"ITA"
5607,"inquadra",2,"ITA"
5608,"inquinanti",2,"ITA"
5609,"insediato",2,"ITA"
5610,"insegnamenti",2,"ITA"
5611,"insegnamento",2,"ITA"
5612,"insegnare",2,"ITA"
5613,"inserendo",2,"ITA"
5614,"inseriti",2,"ITA"
5615,"instabilità",2,"ITA"
5616,"insulti",2,"ITA"
5617,"integrale",2,"ITA"
5618,"intelligente",2,"ITA"
5619,"intensificherà",2,"ITA"
5620,"intensità",2,"ITA"
5621,"intenti",2,"ITA"
5622,"intento",2,"ITA"
5623,"intenzioni",2,"ITA"
5624,"interazione",2,"ITA"
5625,"interdette",2,"ITA"
5626,"interessato",2,"ITA"
5627,"international",2,"ITA"
5628,"interni",2,"ITA"
5629,"interpretazioni",2,"ITA"
5630,"interrotto",2,"ITA"
5631,"interruttore",2,"ITA"
5632,"intervenuti",2,"ITA"
5633,"interviene",2,"ITA"
5634,"interviste",2,"ITA"
5635,"intitolata",2,"ITA"
5636,"intraprendere",2,"ITA"
5637,"introducendo",2,"ITA"
5638,"intuito",2,"ITA"
5639,"inutile",2,"ITA"
5640,"inutili",2,"ITA"
5641,"invasivo",2,"ITA"
5642,"inverno",2,"ITA"
5643,"inviare",2,"ITA"
5644,"invio",2,"ITA"
5645,"invitano",2,"ITA"
5646,"invitante",2,"ITA"
5647,"invitiamo",2,"ITA"
5648,"invito",2,"ITA"
5649,"inzaghi",2,"ITA"
5650,"ios",2,"ITA"
5651,"ipotizza",2,"ITA"
5652,"iran",2,"ITA"
5653,"isabella",2,"ITA"
5654,"iscrizione",2,"ITA"
5655,"isolato",2,"ITA"
5656,"ispirata",2,"ITA"
5657,"ispirato",2,"ITA"
5658,"ispirazione",2,"ITA"
5659,"istanti",2,"ITA"
5660,"istituito",2,"ITA"
5661,"iter",2,"ITA"
5662,"ivrea",2,"ITA"
5663,"jadon",2,"ITA"
5664,"japigia",2,"ITA"
5665,"joao",2,"ITA"
5666,"jonathan",2,"ITA"
5667,"jones",2,"ITA"
5668,"josè",2,"ITA"
5669,"jr",2,"ITA"
5670,"ko",2,"ITA"
5671,"koala",2,"ITA"
5672,"kong",2,"ITA"
5673,"labbra",2,"ITA"
5674,"laboratori",2,"ITA"
5675,"ladri",2,"ITA"
5676,"ladro",2,"ITA"
5677,"lampedusa",2,"ITA"
5678,"land",2,"ITA"
5679,"lascerà",2,"ITA"
5680,"last",2,"ITA"
5681,"lavagna",2,"ITA"
5682,"lavorative",2,"ITA"
5683,"lavorativi",2,"ITA"
5684,"lavorava",2,"ITA"
5685,"lavoravo",2,"ITA"
5686,"lavoreranno",2,"ITA"
5687,"legalità",2,"ITA"
5688,"leghista",2,"ITA"
5689,"legnano",2,"ITA"
5690,"legno",2,"ITA"
5691,"leone",2,"ITA"
5692,"leotta",2,"ITA"
5693,"lettori",2,"ITA"
5694,"levante",2,"ITA"
5695,"lezione",2,"ITA"
5696,"libia",2,"ITA"
5697,"liceo",2,"ITA"
5698,"lido",2,"ITA"
5699,"lieve",2,"ITA"
5700,"light",2,"ITA"
5701,"liguri",2,"ITA"
5702,"limitata",2,"ITA"
5703,"limitato",2,"ITA"
5704,"limitazioni",2,"ITA"
5705,"lingue",2,"ITA"
5706,"liquidità",2,"ITA"
5707,"lodigiano",2,"ITA"
5708,"logica",2,"ITA"
5709,"lombarda",2,"ITA"
5710,"lombardo",2,"ITA"
5711,"lontana",2,"ITA"
5712,"lorella",2,"ITA"
5713,"loreto",2,"ITA"
5714,"lotte",2,"ITA"
5715,"lotto",2,"ITA"
5716,"love",2,"ITA"
5717,"lucca",2,"ITA"
5718,"luciana",2,"ITA"
5719,"luciano",2,"ITA"
5720,"lucida",2,"ITA"
5721,"lucidità",2,"ITA"
5722,"lugano",2,"ITA"
5723,"luis",2,"ITA"
5724,"lukaku",2,"ITA"
5725,"lukoil",2,"ITA"
5726,"lungometraggio",2,"ITA"
5727,"mac",2,"ITA"
5728,"made",2,"ITA"
5729,"madri",2,"ITA"
5730,"mafia",2,"ITA"
5731,"maggiori",2,"ITA"
5732,"maggiormente",2,"ITA"
5733,"magia",2,"ITA"
5734,"magica",2,"ITA"
5735,"magiche",2,"ITA"
5736,"magistrato",2,"ITA"
5737,"magistris",2,"ITA"
5738,"magnetica",2,"ITA"
5739,"mah",2,"ITA"
5740,"mail",2,"ITA"
5741,"make",2,"ITA"
5742,"malanni",2,"ITA"
5743,"malato",2,"ITA"
5744,"maldini",2,"ITA"
5745,"maledizione",2,"ITA"
5746,"malpensa",2,"ITA"
5747,"mancato",2,"ITA"
5748,"manciata",2,"ITA"
5749,"mangia",2,"ITA"
5750,"mangiare",2,"ITA"
5751,"manolas",2,"ITA"
5752,"mantenendo",2,"ITA"
5753,"mappa",2,"ITA"
5754,"marconi",2,"ITA"
5755,"maresciallo",2,"ITA"
5756,"marica",2,"ITA"
5757,"marittima",2,"ITA"
5758,"marittimo",2,"ITA"
5759,"marketing",2,"ITA"
5760,"martinez",2,"ITA"
5761,"mascherati",2,"ITA"
5762,"maschile",2,"ITA"
5763,"massiccio",2,"ITA"
5764,"mastroianni",2,"ITA"
5765,"matematica",2,"ITA"
5766,"materiale",2,"ITA"
5767,"materialmente",2,"ITA"
5768,"matrimoni",2,"ITA"
5769,"mattia",2,"ITA"
5770,"may",2,"ITA"
5771,"mazzo",2,"ITA"
5772,"medesima",2,"ITA"
5773,"mediatore",2,"ITA"
5774,"medical",2,"ITA"
5775,"mela",2,"ITA"
5776,"mentana",2,"ITA"
5777,"meravigliosa",2,"ITA"
5778,"meraviglioso",2,"ITA"
5779,"mercury",2,"ITA"
5780,"meredith",2,"ITA"
5781,"merkel",2,"ITA"
5782,"messe",2,"ITA"
5783,"mestiere",2,"ITA"
5784,"mete",2,"ITA"
5785,"metodi",2,"ITA"
5786,"metropolitana",2,"ITA"
5787,"metterli",2,"ITA"
5788,"mettermi",2,"ITA"
5789,"mezz",2,"ITA"
5790,"mezza",2,"ITA"
5791,"miglioramenti",2,"ITA"
5792,"migliorie",2,"ITA"
5793,"milik",2,"ITA"
5794,"milionario",2,"ITA"
5795,"milly",2,"ITA"
5796,"minacce",2,"ITA"
5797,"minimamente",2,"ITA"
5798,"ministeri",2,"ITA"
5799,"minoranza",2,"ITA"
5800,"miracoli",2,"ITA"
5801,"mise",2,"ITA"
5802,"mister",2,"ITA"
5803,"misteriosa",2,"ITA"
5804,"mittal",2,"ITA"
5805,"mix",2,"ITA"
5806,"mob",2,"ITA"
5807,"mobili",2,"ITA"
5808,"modding",2,"ITA"
5809,"mode",2,"ITA"
5810,"modella",2,"ITA"
5811,"moderno",2,"ITA"
5812,"modulo",2,"ITA"
5813,"modus",2,"ITA"
5814,"molteplici",2,"ITA"
5815,"monaca",2,"ITA"
5816,"mondiali",2,"ITA"
5817,"monitorati",2,"ITA"
5818,"monopattini",2,"ITA"
5819,"montanaro",2,"ITA"
5820,"monumenti",2,"ITA"
5821,"monza",2,"ITA"
5822,"morandi",2,"ITA"
5823,"moretti",2,"ITA"
5824,"morirono",2,"ITA"
5825,"morricone",2,"ITA"
5826,"mossi",2,"ITA"
5827,"mosso",2,"ITA"
5828,"mostrando",2,"ITA"
5829,"mostre",2,"ITA"
5830,"moto",2,"ITA"
5831,"motorizzazioni",2,"ITA"
5832,"mountain",2,"ITA"
5833,"mozione",2,"ITA"
5834,"multa",2,"ITA"
5835,"multati",2,"ITA"
5836,"multe",2,"ITA"
5837,"muovere",2,"ITA"
5838,"mura",2,"ITA"
5839,"muro",2,"ITA"
5840,"muscolari",2,"ITA"
5841,"musicali",2,"ITA"
5842,"musumeci",2,"ITA"
5843,"mutui",2,"ITA"
5844,"my",2,"ITA"
5845,"nandez",2,"ITA"
5846,"nardella",2,"ITA"
5847,"nasce",2,"ITA"
5848,"nasceva",2,"ITA"
5849,"nascosta",2,"ITA"
5850,"nastro",2,"ITA"
5851,"natalini",2,"ITA"
5852,"nati",2,"ITA"
5853,"nazioni",2,"ITA"
5854,"negativa",2,"ITA"
5855,"neri",2,"ITA"
5856,"neroverde",2,"ITA"
5857,"netti",2,"ITA"
5858,"nexi",2,"ITA"
5859,"neymar",2,"ITA"
5860,"niccolò",2,"ITA"
5861,"nicolò",2,"ITA"
5862,"niguarda",2,"ITA"
5863,"noci",2,"ITA"
5864,"nonno",2,"ITA"
5865,"normalmente",2,"ITA"
5866,"norvegia",2,"ITA"
5867,"notare",2,"ITA"
5868,"notevolmente",2,"ITA"
5869,"notifiche",2,"ITA"
5870,"notti",2,"ITA"
5871,"nova",2,"ITA"
5872,"novara",2,"ITA"
5873,"nowzaradan",2,"ITA"
5874,"nucleare",2,"ITA"
5875,"nuvole",2,"ITA"
5876,"obbligo",2,"ITA"
5877,"occhiali",2,"ITA"
5878,"occidentali",2,"ITA"
5879,"occidente",2,"ITA"
5880,"occupanti",2,"ITA"
5881,"occupazione",2,"ITA"
5882,"occupi",2,"ITA"
5883,"offensivo",2,"ITA"
5884,"oggetto",2,"ITA"
5885,"ognuna",2,"ITA"
5886,"olandese",2,"ITA"
5887,"olfatto",2,"ITA"
5888,"olympiacos",2,"ITA"
5889,"ombra",2,"ITA"
5890,"ombrelloni",2,"ITA"
5891,"omicidi",2,"ITA"
5892,"omonimo",2,"ITA"
5893,"operaio",2,"ITA"
5894,"operandi",2,"ITA"
5895,"opporsi",2,"ITA"
5896,"opportuno",2,"ITA"
5897,"optare",2,"ITA"
5898,"ordinanze",2,"ITA"
5899,"ordinare",2,"ITA"
5900,"ordinaria",2,"ITA"
5901,"ordini",2,"ITA"
5902,"orecchini",2,"ITA"
5903,"organizzarsi",2,"ITA"
5904,"organizzate",2,"ITA"
5905,"organizzati",2,"ITA"
5906,"organizzato",2,"ITA"
5907,"orgoglioso",2,"ITA"
5908,"orientare",2,"ITA"
5909,"originaria",2,"ITA"
5910,"orizzontale",2,"ITA"
5911,"ormoni",2,"ITA"
5912,"ospedalieri",2,"ITA"
5913,"ospita",2,"ITA"
5914,"ospitare",2,"ITA"
5915,"ospitato",2,"ITA"
5916,"ossa",2,"ITA"
5917,"osservatorio",2,"ITA"
5918,"ossi",2,"ITA"
5919,"ottava",2,"ITA"
5920,"ottenendo",2,"ITA"
5921,"ottenuti",2,"ITA"
5922,"otterrete",2,"ITA"
5923,"ottica",2,"ITA"
5924,"ottime",2,"ITA"
5925,"outfit",2,"ITA"
5926,"p",2,"ITA"
5927,"pablo",2,"ITA"
5928,"pacificamente",2,"ITA"
5929,"packaging",2,"ITA"
5930,"padella",2,"ITA"
5931,"padovana",2,"ITA"
5932,"padrona",2,"ITA"
5933,"paghi",2,"ITA"
5934,"pago",2,"ITA"
5935,"palermitani",2,"ITA"
5936,"palmi",2,"ITA"
5937,"panchine",2,"ITA"
5938,"pane",2,"ITA"
5939,"panetto",2,"ITA"
5940,"panoramica",2,"ITA"
5941,"paraffina",2,"ITA"
5942,"paralisi",2,"ITA"
5943,"parallelo",2,"ITA"
5944,"parametri",2,"ITA"
5945,"parete",2,"ITA"
5946,"parietti",2,"ITA"
5947,"parigi",2,"ITA"
5948,"parità",2,"ITA"
5949,"paritaria",2,"ITA"
5950,"parodia",2,"ITA"
5951,"parrucchiera",2,"ITA"
5952,"parrucchiere",2,"ITA"
5953,"parrucchieri",2,"ITA"
5954,"parteciperanno",2,"ITA"
5955,"partecipi",2,"ITA"
5956,"partecipò",2,"ITA"
5957,"partenariato",2,"ITA"
5958,"partendo",2,"ITA"
5959,"partirà",2,"ITA"
5960,"passaggi",2,"ITA"
5961,"passano",2,"ITA"
5962,"passante",2,"ITA"
5963,"passeggiare",2,"ITA"
5964,"patate",2,"ITA"
5965,"patch",2,"ITA"
5966,"patente",2,"ITA"
5967,"patologia",2,"ITA"
5968,"patti",2,"ITA"
5969,"pattumiera",2,"ITA"
5970,"paul",2,"ITA"
5971,"pavese",2,"ITA"
5972,"peace",2,"ITA"
5973,"pedro",2,"ITA"
5974,"peggiori",2,"ITA"
5975,"pegli",2,"ITA"
5976,"pellegrinelli",2,"ITA"
5977,"penali",2,"ITA"
5978,"penitenziaria",2,"ITA"
5979,"pensata",2,"ITA"
5980,"pensava",2,"ITA"
5981,"pensieri",2,"ITA"
5982,"pensionati",2,"ITA"
5983,"pensionato",2,"ITA"
5984,"pepe",2,"ITA"
5985,"peraltro",2,"ITA"
5986,"percepiscono",2,"ITA"
5987,"periferica",2,"ITA"
5988,"perla",2,"ITA"
5989,"permanenza",2,"ITA"
5990,"peron",2,"ITA"
5991,"persi",2,"ITA"
5992,"personalizzazione",2,"ITA"
5993,"pescatori",2,"ITA"
5994,"pezza",2,"ITA"
5995,"philipp",2,"ITA"
5996,"pi",2,"ITA"
5997,"piacenza",2,"ITA"
5998,"piante",2,"ITA"
5999,"piatek",2,"ITA"
6000,"piattaforme",2,"ITA"
6001,"piatto",2,"ITA"
6002,"piazzale",2,"ITA"
6003,"picchiato",2,"ITA"
6004,"pierluigi",2,"ITA"
6005,"pierpaolo",2,"ITA"
6006,"pilastri",2,"ITA"
6007,"pineta",2,"ITA"
6008,"pioggia",2,"ITA"
6009,"pirlo",2,"ITA"
6010,"piscina",2,"ITA"
6011,"pizzico",2,"ITA"
6012,"player",2,"ITA"
6013,"plus",2,"ITA"
6014,"pmi",2,"ITA"
6015,"poca",2,"ITA"
6016,"pochissime",2,"ITA"
6017,"pochissimi",2,"ITA"
6018,"podcast",2,"ITA"
6019,"podio",2,"ITA"
6020,"point",2,"ITA"
6021,"politici",2,"ITA"
6022,"politico",2,"ITA"
6023,"polivalente",2,"ITA"
6024,"ponente",2,"ITA"
6025,"porro",2,"ITA"
6026,"portafoglio",2,"ITA"
6027,"portali",2,"ITA"
6028,"portano",2,"ITA"
6029,"portarono",2,"ITA"
6030,"portavoce",2,"ITA"
6031,"porterebbero",2,"ITA"
6032,"porti",2,"ITA"
6033,"portogallo",2,"ITA"
6034,"porzioni",2,"ITA"
6035,"posa",2,"ITA"
6036,"positivamente",2,"ITA"
6037,"posiziona",2,"ITA"
6038,"posizionato",2,"ITA"
6039,"posizioni",2,"ITA"
6040,"possiede",2,"ITA"
6041,"postali",2,"ITA"
6042,"postato",2,"ITA"
6043,"potersi",2,"ITA"
6044,"potevano",2,"ITA"
6045,"potrete",2,"ITA"
6046,"poveri",2,"ITA"
6047,"povertà",2,"ITA"
6048,"prandelli",2,"ITA"
6049,"precari",2,"ITA"
6050,"precarietà",2,"ITA"
6051,"precauzioni",2,"ITA"
6052,"precede",2,"ITA"
6053,"precedentemente",2,"ITA"
6054,"precipiterà",2,"ITA"
6055,"preciso",2,"ITA"
6056,"prefettura",2,"ITA"
6057,"pregiudizi",2,"ITA"
6058,"premiato",2,"ITA"
6059,"premium",2,"ITA"
6060,"prendendo",2,"ITA"
6061,"prenotazione",2,"ITA"
6062,"preoccupante",2,"ITA"
6063,"preoccupato",2,"ITA"
6064,"prescritto",2,"ITA"
6065,"presentata",2,"ITA"
6066,"presepe",2,"ITA"
6067,"preside",2,"ITA"
6068,"presidenti",2,"ITA"
6069,"presidi",2,"ITA"
6070,"presidiano",2,"ITA"
6071,"presta",2,"ITA"
6072,"prestigioso",2,"ITA"
6073,"presunti",2,"ITA"
6074,"presunto",2,"ITA"
6075,"preziosa",2,"ITA"
6076,"preziose",2,"ITA"
6077,"preziosi",2,"ITA"
6078,"primis",2,"ITA"
6079,"principalmente",2,"ITA"
6080,"principi",2,"ITA"
6081,"principio",2,"ITA"
6082,"privazione",2,"ITA"
6083,"procedimenti",2,"ITA"
6084,"procedimento",2,"ITA"
6085,"processi",2,"ITA"
6086,"prodotte",2,"ITA"
6087,"produce",2,"ITA"
6088,"produttiva",2,"ITA"
6089,"professor",2,"ITA"
6090,"profonde",2,"ITA"
6091,"profumo",2,"ITA"
6092,"proiettati",2,"ITA"
6093,"project",2,"ITA"
6094,"promesso",2,"ITA"
6095,"promossa",2,"ITA"
6096,"promosso",2,"ITA"
6097,"promuove",2,"ITA"
6098,"propone",2,"ITA"
6099,"proporrà",2,"ITA"
6100,"proprietari",2,"ITA"
6101,"proveniente",2,"ITA"
6102,"provenienza",2,"ITA"
6103,"proviene",2,"ITA"
6104,"provvede",2,"ITA"
6105,"ps4",2,"ITA"
6106,"ps5",2,"ITA"
6107,"psa",2,"ITA"
6108,"psicologicamente",2,"ITA"
6109,"pub",2,"ITA"
6110,"pubblicare",2,"ITA"
6111,"pubblicitario",2,"ITA"
6112,"pugliese",2,"ITA"
6113,"pugno",2,"ITA"
6114,"pulire",2,"ITA"
6115,"pulito",2,"ITA"
6116,"pullman",2,"ITA"
6117,"pulsante",2,"ITA"
6118,"puniti",2,"ITA"
6119,"punk",2,"ITA"
6120,"puntato",2,"ITA"
6121,"q",2,"ITA"
6122,"quadriennale",2,"ITA"
6123,"quadro",2,"ITA"
6124,"qual",2,"ITA"
6125,"qualcomm",2,"ITA"
6126,"qualificazioni",2,"ITA"
6127,"quantità",2,"ITA"
6128,"quegli",2,"ITA"
6129,"quinte",2,"ITA"
6130,"quinto",2,"ITA"
6131,"quotidianità",2,"ITA"
6132,"r",2,"ITA"
6133,"raccolti",2,"ITA"
6134,"raccontando",2,"ITA"
6135,"raccontare",2,"ITA"
6136,"racconterà",2,"ITA"
6137,"radar",2,"ITA"
6138,"radici",2,"ITA"
6139,"radiomobile",2,"ITA"
6140,"radiotelevisivo",2,"ITA"
6141,"raffaele",2,"ITA"
6142,"rafforzamento",2,"ITA"
6143,"rafforzare",2,"ITA"
6144,"ragazzini",2,"ITA"
6145,"ragazzino",2,"ITA"
6146,"raggi",2,"ITA"
6147,"raggiungendo",2,"ITA"
6148,"ragionare",2,"ITA"
6149,"ragionevoli",2,"ITA"
6150,"ragusa",2,"ITA"
6151,"raiola",2,"ITA"
6152,"raiuno",2,"ITA"
6153,"ram",2,"ITA"
6154,"rapidi",2,"ITA"
6155,"rappresentante",2,"ITA"
6156,"rappresentata",2,"ITA"
6157,"raramente",2,"ITA"
6158,"rasoio",2,"ITA"
6159,"rassegna",2,"ITA"
6160,"razza",2,"ITA"
6161,"razzismo",2,"ITA"
6162,"re",2,"ITA"
6163,"reali",2,"ITA"
6164,"realizza",2,"ITA"
6165,"realizzando",2,"ITA"
6166,"realizzata",2,"ITA"
6167,"realizzati",2,"ITA"
6168,"reati",2,"ITA"
6169,"reato",2,"ITA"
6170,"recensione",2,"ITA"
6171,"recitare",2,"ITA"
6172,"reclusi",2,"ITA"
6173,"reclutamento",2,"ITA"
6174,"recovery",2,"ITA"
6175,"recuperati",2,"ITA"
6176,"redazione",2,"ITA"
6177,"referendum",2,"ITA"
6178,"referto",2,"ITA"
6179,"reggenza",2,"ITA"
6180,"reggere",2,"ITA"
6181,"reggiane",2,"ITA"
6182,"regime",2,"ITA"
6183,"regimi",2,"ITA"
6184,"regina",2,"ITA"
6185,"regolarmente",2,"ITA"
6186,"relativa",2,"ITA"
6187,"relatori",2,"ITA"
6188,"religiose",2,"ITA"
6189,"religiosi",2,"ITA"
6190,"rendimento",2,"ITA"
6191,"repertorio",2,"ITA"
6192,"rese",2,"ITA"
6193,"resi",2,"ITA"
6194,"residente",2,"ITA"
6195,"residenze",2,"ITA"
6196,"resistito",2,"ITA"
6197,"respinge",2,"ITA"
6198,"respiro",2,"ITA"
6199,"resti",2,"ITA"
6200,"restituita",2,"ITA"
6201,"revoca",2,"ITA"
6202,"revocata",2,"ITA"
6203,"rialzo",2,"ITA"
6204,"riaperte",2,"ITA"
6205,"riaperti",2,"ITA"
6206,"riapre",2,"ITA"
6207,"ribadire",2,"ITA"
6208,"ribadisce",2,"ITA"
6209,"ribaltare",2,"ITA"
6210,"ricadute",2,"ITA"
6211,"ricciardi",2,"ITA"
6212,"ricerche",2,"ITA"
6213,"riceverà",2,"ITA"
6214,"riceveranno",2,"ITA"
6215,"ricevono",2,"ITA"
6216,"richiamare",2,"ITA"
6217,"richiedeva",2,"ITA"
6218,"riconosciuto",2,"ITA"
6219,"ricordate",2,"ITA"
6220,"ricordi",2,"ITA"
6221,"ridare",2,"ITA"
6222,"ridosso",2,"ITA"
6223,"ridurrà",2,"ITA"
6224,"riempire",2,"ITA"
6225,"rientrato",2,"ITA"
6226,"riesco",2,"ITA"
6227,"rieti",2,"ITA"
6228,"riferiscono",2,"ITA"
6229,"riferiti",2,"ITA"
6230,"rifiuta",2,"ITA"
6231,"rifiutate",2,"ITA"
6232,"riflettono",2,"ITA"
6233,"rigorosi",2,"ITA"
6234,"riguardante",2,"ITA"
6235,"riguardanti",2,"ITA"
6236,"rilasciata",2,"ITA"
6237,"rilassati",2,"ITA"
6238,"rilevazioni",2,"ITA"
6239,"rimarrà",2,"ITA"
6240,"rimuovere",2,"ITA"
6241,"ringraziare",2,"ITA"
6242,"ringraziato",2,"ITA"
6243,"rinnova",2,"ITA"
6244,"rinnovamento",2,"ITA"
6245,"rinnovare",2,"ITA"
6246,"rinnovata",2,"ITA"
6247,"rinnovato",2,"ITA"
6248,"rinvenuto",2,"ITA"
6249,"rinviare",2,"ITA"
6250,"rinviata",2,"ITA"
6251,"rinviato",2,"ITA"
6252,"riparleremo",2,"ITA"
6253,"ripartizione",2,"ITA"
6254,"ripensare",2,"ITA"
6255,"ripercussioni",2,"ITA"
6256,"ripetersi",2,"ITA"
6257,"riportano",2,"ITA"
6258,"riprende",2,"ITA"
6259,"riqualificare",2,"ITA"
6260,"risale",2,"ITA"
6261,"risalire",2,"ITA"
6262,"risarcire",2,"ITA"
6263,"riscaldamento",2,"ITA"
6264,"rischierà",2,"ITA"
6265,"riservata",2,"ITA"
6266,"risonanza",2,"ITA"
6267,"risparmiare",2,"ITA"
6268,"risparmio",2,"ITA"
6269,"rispettano",2,"ITA"
6270,"rispettato",2,"ITA"
6271,"rispondendo",2,"ITA"
6272,"rispondo",2,"ITA"
6273,"ristorazione",2,"ITA"
6274,"ristori",2,"ITA"
6275,"ritenere",2,"ITA"
6276,"ritengo",2,"ITA"
6277,"ritenuto",2,"ITA"
6278,"ritirare",2,"ITA"
6279,"ritorna",2,"ITA"
6280,"ritornano",2,"ITA"
6281,"ritrovare",2,"ITA"
6282,"ritroveremo",2,"ITA"
6283,"riuscendo",2,"ITA"
6284,"riuscite",2,"ITA"
6285,"riuscivano",2,"ITA"
6286,"rivale",2,"ITA"
6287,"rivalità",2,"ITA"
6288,"rivelate",2,"ITA"
6289,"riviera",2,"ITA"
6290,"rivolta",2,"ITA"
6291,"robert",2,"ITA"
6292,"rocca",2,"ITA"
6293,"roll",2,"ITA"
6294,"rom",2,"ITA"
6295,"romero",2,"ITA"
6296,"romina",2,"ITA"
6297,"room",2,"ITA"
6298,"rosse",2,"ITA"
6299,"rotto",2,"ITA"
6300,"routine",2,"ITA"
6301,"roventi",2,"ITA"
6302,"rover",2,"ITA"
6303,"rovina",2,"ITA"
6304,"rsi",2,"ITA"
6305,"rt",2,"ITA"
6306,"rtx",2,"ITA"
6307,"rubato",2,"ITA"
6308,"rubrica",2,"ITA"
6309,"ruiz",2,"ITA"
6310,"ruocco",2,"ITA"
6311,"ruote",2,"ITA"
6312,"sabrina",2,"ITA"
6313,"safari",2,"ITA"
6314,"saga",2,"ITA"
6315,"sai",2,"ITA"
6316,"salari",2,"ITA"
6317,"salire",2,"ITA"
6318,"salutare",2,"ITA"
6319,"saluto",2,"ITA"
6320,"samuel",2,"ITA"
6321,"sancho",2,"ITA"
6322,"sanem",2,"ITA"
6323,"sanificazione",2,"ITA"
6324,"sano",2,"ITA"
6325,"santi",2,"ITA"
6326,"santuario",2,"ITA"
6327,"sapendo",2,"ITA"
6328,"saper",2,"ITA"
6329,"sapevo",2,"ITA"
6330,"saputo",2,"ITA"
6331,"saremmo",2,"ITA"
6332,"sarò",2,"ITA"
6333,"satsaksi",2,"ITA"
6334,"savoia",2,"ITA"
6335,"sbandierato",2,"ITA"
6336,"sbarcare",2,"ITA"
6337,"scadenze",2,"ITA"
6338,"scali",2,"ITA"
6339,"scalo",2,"ITA"
6340,"scandali",2,"ITA"
6341,"scandalo",2,"ITA"
6342,"scappa",2,"ITA"
6343,"scappare",2,"ITA"
6344,"scarcerazione",2,"ITA"
6345,"scarsa",2,"ITA"
6346,"scatena",2,"ITA"
6347,"scatenato",2,"ITA"
6348,"scatola",2,"ITA"
6349,"scattare",2,"ITA"
6350,"scegli",2,"ITA"
6351,"sceglierà",2,"ITA"
6352,"scelti",2,"ITA"
6353,"scenario",2,"ITA"
6354,"scenderà",2,"ITA"
6355,"sceneggiatori",2,"ITA"
6356,"sceso",2,"ITA"
6357,"schede",2,"ITA"
6358,"schemi",2,"ITA"
6359,"schermi",2,"ITA"
6360,"scherza",2,"ITA"
6361,"scherzato",2,"ITA"
6362,"schianto",2,"ITA"
6363,"schiera",2,"ITA"
6364,"school",2,"ITA"
6365,"sciacallo",2,"ITA"
6366,"sciascia",2,"ITA"
6367,"scientifici",2,"ITA"
6368,"scienza",2,"ITA"
6369,"scimmie",2,"ITA"
6370,"scogliera",2,"ITA"
6371,"scoglio",2,"ITA"
6372,"scolastiche",2,"ITA"
6373,"scommessa",2,"ITA"
6374,"scomodo",2,"ITA"
6375,"scomparire",2,"ITA"
6376,"scopriamo",2,"ITA"
6377,"scorra",2,"ITA"
6378,"scorte",2,"ITA"
6379,"scouting",2,"ITA"
6380,"scovate",2,"ITA"
6381,"scuderia",2,"ITA"
6382,"scusiamo",2,"ITA"
6383,"sè",2,"ITA"
6384,"secondi",2,"ITA"
6385,"sedile",2,"ITA"
6386,"seduta",2,"ITA"
6387,"segnala",2,"ITA"
6388,"segnalazioni",2,"ITA"
6389,"segnali",2,"ITA"
6390,"segnato",2,"ITA"
6391,"segreta",2,"ITA"
6392,"seguirà",2,"ITA"
6393,"selfie",2,"ITA"
6394,"selvaggia",2,"ITA"
6395,"sembrare",2,"ITA"
6396,"sembri",2,"ITA"
6397,"semplificare",2,"ITA"
6398,"senatore",2,"ITA"
6399,"senno",2,"ITA"
6400,"sennò",2,"ITA"
6401,"sensi",2,"ITA"
6402,"sensibile",2,"ITA"
6403,"sensibilità",2,"ITA"
6404,"sensibilizzare",2,"ITA"
6405,"sensori",2,"ITA"
6406,"sentenza",2,"ITA"
6407,"sentenze",2,"ITA"
6408,"sentiero",2,"ITA"
6409,"sentimento",2,"ITA"
6410,"sentirli",2,"ITA"
6411,"sentita",2,"ITA"
6412,"sentivo",2,"ITA"
6413,"sentono",2,"ITA"
6414,"separa",2,"ITA"
6415,"separate",2,"ITA"
6416,"sequestrati",2,"ITA"
6417,"sequestrato",2,"ITA"
6418,"sequestri",2,"ITA"
6419,"serale",2,"ITA"
6420,"sereno",2,"ITA"
6421,"seria",2,"ITA"
6422,"seriamente",2,"ITA"
6423,"series",2,"ITA"
6424,"servi",2,"ITA"
6425,"service",2,"ITA"
6426,"services",2,"ITA"
6427,"serviti",2,"ITA"
6428,"sesta",2,"ITA"
6429,"settimo",2,"ITA"
6430,"sfidare",2,"ITA"
6431,"sfide",2,"ITA"
6432,"sfigurato",2,"ITA"
6433,"sfollati",2,"ITA"
6434,"sfruttamento",2,"ITA"
6435,"sguardi",2,"ITA"
6436,"shoah",2,"ITA"
6437,"siena",2,"ITA"
6438,"sierologici",2,"ITA"
6439,"sigaretta",2,"ITA"
6440,"sigillo",2,"ITA"
6441,"significative",2,"ITA"
6442,"significhi",2,"ITA"
6443,"signora",2,"ITA"
6444,"signori",2,"ITA"
6445,"simeone",2,"ITA"
6446,"simona",2,"ITA"
6447,"simone",2,"ITA"
6448,"simulatore",2,"ITA"
6449,"simulazioni",2,"ITA"
6450,"singola",2,"ITA"
6451,"sinistra",2,"ITA"
6452,"sino",2,"ITA"
6453,"sintesi",2,"ITA"
6454,"sintomatici",2,"ITA"
6455,"sintomatologia",2,"ITA"
6456,"sintomatologie",2,"ITA"
6457,"sintonizzati",2,"ITA"
6458,"sip",2,"ITA"
6459,"siracusa",2,"ITA"
6460,"siti",2,"ITA"
6461,"skin",2,"ITA"
6462,"skriniar",2,"ITA"
6463,"slittata",2,"ITA"
6464,"sly",2,"ITA"
6465,"smentire",2,"ITA"
6466,"smentisce",2,"ITA"
6467,"smesso",2,"ITA"
6468,"smetterla",2,"ITA"
6469,"snapdragon",2,"ITA"
6470,"sneakers",2,"ITA"
6471,"soave",2,"ITA"
6472,"soc",2,"ITA"
6473,"socialità",2,"ITA"
6474,"socio",2,"ITA"
6475,"soddisfatto",2,"ITA"
6476,"sodo",2,"ITA"
6477,"sofferto",2,"ITA"
6478,"soffre",2,"ITA"
6479,"soggiornare",2,"ITA"
6480,"soggiorno",2,"ITA"
6481,"sognava",2,"ITA"
6482,"solare",2,"ITA"
6483,"soleggiato",2,"ITA"
6484,"solida",2,"ITA"
6485,"solista",2,"ITA"
6486,"solita",2,"ITA"
6487,"sommato",2,"ITA"
6488,"somministrazione",2,"ITA"
6489,"sondrio",2,"ITA"
6490,"soppressione",2,"ITA"
6491,"sopraggiungere",2,"ITA"
6492,"sopralluoghi",2,"ITA"
6493,"sorelle",2,"ITA"
6494,"sorgere",2,"ITA"
6495,"sorso",2,"ITA"
6496,"sospesi",2,"ITA"
6497,"sospeso",2,"ITA"
6498,"sospette",2,"ITA"
6499,"sostanziali",2,"ITA"
6500,"sostenibilità",2,"ITA"
6501,"sostenuto",2,"ITA"
6502,"sosterrà",2,"ITA"
6503,"sostituire",2,"ITA"
6504,"sottile",2,"ITA"
6505,"sottoporre",2,"ITA"
6506,"sottoposta",2,"ITA"
6507,"spa",2,"ITA"
6508,"spaccio",2,"ITA"
6509,"spadafora",2,"ITA"
6510,"sparse",2,"ITA"
6511,"spaventata",2,"ITA"
6512,"spazzata",2,"ITA"
6513,"specchietti",2,"ITA"
6514,"spedali",2,"ITA"
6515,"spegnimento",2,"ITA"
6516,"spenta",2,"ITA"
6517,"speranze",2,"ITA"
6518,"sperimentale",2,"ITA"
6519,"sperimentare",2,"ITA"
6520,"sperimentato",2,"ITA"
6521,"spero",2,"ITA"
6522,"spessore",2,"ITA"
6523,"spettatore",2,"ITA"
6524,"spettrale",2,"ITA"
6525,"spezzato",2,"ITA"
6526,"spid",2,"ITA"
6527,"spiegando",2,"ITA"
6528,"spiegano",2,"ITA"
6529,"spiegare",2,"ITA"
6530,"spiegazione",2,"ITA"
6531,"spinta",2,"ITA"
6532,"sponchiado",2,"ITA"
6533,"sponsor",2,"ITA"
6534,"sporcizia",2,"ITA"
6535,"sportive",2,"ITA"
6536,"sports",2,"ITA"
6537,"sposata",2,"ITA"
6538,"sposato",2,"ITA"
6539,"sposta",2,"ITA"
6540,"spreca",2,"ITA"
6541,"squalifica",2,"ITA"
6542,"stabilità",2,"ITA"
6543,"stabilito",2,"ITA"
6544,"stabilmente",2,"ITA"
6545,"stadia",2,"ITA"
6546,"staffetta",2,"ITA"
6547,"stamattina",2,"ITA"
6548,"standard",2,"ITA"
6549,"stanza",2,"ITA"
6550,"stanziati",2,"ITA"
6551,"statale",2,"ITA"
6552,"statistiche",2,"ITA"
6553,"step",2,"ITA"
6554,"steve",2,"ITA"
6555,"stipendi",2,"ITA"
6556,"stone",2,"ITA"
6557,"storicamente",2,"ITA"
6558,"stragi",2,"ITA"
6559,"straniera",2,"ITA"
6560,"straniero",2,"ITA"
6561,"straordinaria",2,"ITA"
6562,"strategico",2,"ITA"
6563,"strategie",2,"ITA"
6564,"strepitoso",2,"ITA"
6565,"stupefacente",2,"ITA"
6566,"stupide",2,"ITA"
6567,"stupidi",2,"ITA"
6568,"stupita",2,"ITA"
6569,"subisce",2,"ITA"
6570,"subite",2,"ITA"
6571,"sufficienza",2,"ITA"
6572,"suggerisce",2,"ITA"
6573,"suono",2,"ITA"
6574,"superati",2,"ITA"
6575,"superfici",2,"ITA"
6576,"supermercati",2,"ITA"
6577,"supplenti",2,"ITA"
6578,"supplenze",2,"ITA"
6579,"supportando",2,"ITA"
6580,"surgery",2,"ITA"
6581,"suso",2,"ITA"
6582,"svariate",2,"ITA"
6583,"svariati",2,"ITA"
6584,"svedese",2,"ITA"
6585,"svelato",2,"ITA"
6586,"sviluppare",2,"ITA"
6587,"sviluppate",2,"ITA"
6588,"sviluppato",2,"ITA"
6589,"sviluppatori",2,"ITA"
6590,"svizzere",2,"ITA"
6591,"svizzero",2,"ITA"
6592,"t",2,"ITA"
6593,"tablet",2,"ITA"
6594,"taglia",2,"ITA"
6595,"tagliato",2,"ITA"
6596,"talvolta",2,"ITA"
6597,"tana",2,"ITA"
6598,"tantissimo",2,"ITA"
6599,"tappa",2,"ITA"
6600,"target",2,"ITA"
6601,"tariffa",2,"ITA"
6602,"tasca",2,"ITA"
6603,"tassello",2,"ITA"
6604,"tassi",2,"ITA"
6605,"tavoli",2,"ITA"
6606,"tavolino",2,"ITA"
6607,"taylor",2,"ITA"
6608,"teatino",2,"ITA"
6609,"teatri",2,"ITA"
6610,"tedeschi",2,"ITA"
6611,"telecamera",2,"ITA"
6612,"telecamere",2,"ITA"
6613,"telefonata",2,"ITA"
6614,"telefonato",2,"ITA"
6615,"telefonici",2,"ITA"
6616,"telefonino",2,"ITA"
6617,"telegram",2,"ITA"
6618,"tempistica",2,"ITA"
6619,"temporali",2,"ITA"
6620,"tendono",2,"ITA"
6621,"tenero",2,"ITA"
6622,"tentativo",2,"ITA"
6623,"tenuta",2,"ITA"
6624,"terminerà",2,"ITA"
6625,"terremoto",2,"ITA"
6626,"territoriale",2,"ITA"
6627,"terrorismo",2,"ITA"
6628,"terze",2,"ITA"
6629,"terziario",2,"ITA"
6630,"terzino",2,"ITA"
6631,"tesi",2,"ITA"
6632,"teso",2,"ITA"
6633,"tesoro",2,"ITA"
6634,"testimoni",2,"ITA"
6635,"tetto",2,"ITA"
6636,"thiago",2,"ITA"
6637,"ticino",2,"ITA"
6638,"tiffany",2,"ITA"
6639,"tifo",2,"ITA"
6640,"tilt",2,"ITA"
6641,"time",2,"ITA"
6642,"tipico",2,"ITA"
6643,"tirando",2,"ITA"
6644,"tirare",2,"ITA"
6645,"tirato",2,"ITA"
6646,"tiziano",2,"ITA"
6647,"to",2,"ITA"
6648,"toccare",2,"ITA"
6649,"toccasana",2,"ITA"
6650,"toccherà",2,"ITA"
6651,"tocco",2,"ITA"
6652,"tokyo",2,"ITA"
6653,"toloi",2,"ITA"
6654,"tomba",2,"ITA"
6655,"tonnellate",2,"ITA"
6656,"torinesi",2,"ITA"
6657,"tornando",2,"ITA"
6658,"tornelli",2,"ITA"
6659,"torneo",2,"ITA"
6660,"torni",2,"ITA"
6661,"torre",2,"ITA"
6662,"torres",2,"ITA"
6663,"torta",2,"ITA"
6664,"toscani",2,"ITA"
6665,"totalmente",2,"ITA"
6666,"tracce",2,"ITA"
6667,"tracciamento",2,"ITA"
6668,"tracciato",2,"ITA"
6669,"trackpad",2,"ITA"
6670,"tradimento",2,"ITA"
6671,"tradizionale",2,"ITA"
6672,"traduce",2,"ITA"
6673,"traducendo",2,"ITA"
6674,"tram",2,"ITA"
6675,"tranche",2,"ITA"
6676,"trani",2,"ITA"
6677,"tranne",2,"ITA"
6678,"transito",2,"ITA"
6679,"transizione",2,"ITA"
6680,"trapani",2,"ITA"
6681,"trasmesse",2,"ITA"
6682,"trasmesso",2,"ITA"
6683,"trasmettere",2,"ITA"
6684,"trasparente",2,"ITA"
6685,"trattandosi",2,"ITA"
6686,"trattare",2,"ITA"
6687,"trattasse",2,"ITA"
6688,"trattative",2,"ITA"
6689,"trattenere",2,"ITA"
6690,"tratti",2,"ITA"
6691,"treviglio",2,"ITA"
6692,"tribuna",2,"ITA"
6693,"tributo",2,"ITA"
6694,"trieste",2,"ITA"
6695,"trigoria",2,"ITA"
6696,"trio",2,"ITA"
6697,"tripoli",2,"ITA"
6698,"tronista",2,"ITA"
6699,"troppa",2,"ITA"
6700,"trovarci",2,"ITA"
6701,"trovarmi",2,"ITA"
6702,"trovarsi",2,"ITA"
6703,"trovata",2,"ITA"
6704,"trucco",2,"ITA"
6705,"truffe",2,"ITA"
6706,"tuffo",2,"ITA"
6707,"tunisini",2,"ITA"
6708,"uccisi",2,"ITA"
6709,"ucciso",2,"ITA"
6710,"ugo",2,"ITA"
6711,"uguale",2,"ITA"
6712,"ultimato",2,"ITA"
6713,"ultra",2,"ITA"
6714,"ultras",2,"ITA"
6715,"umane",2,"ITA"
6716,"umberto",2,"ITA"
6717,"umorismo",2,"ITA"
6718,"unici",2,"ITA"
6719,"unilever",2,"ITA"
6720,"unite",2,"ITA"
6721,"united",2,"ITA"
6722,"universitari",2,"ITA"
6723,"univoca",2,"ITA"
6724,"urbani",2,"ITA"
6725,"urgenti",2,"ITA"
6726,"urne",2,"ITA"
6727,"usano",2,"ITA"
6728,"usarla",2,"ITA"
6729,"usb",2,"ITA"
6730,"uscirà",2,"ITA"
6731,"uscirne",2,"ITA"
6732,"usi",2,"ITA"
6733,"usufruito",2,"ITA"
6734,"usufrutto",2,"ITA"
6735,"utilizza",2,"ITA"
6736,"vaccinale",2,"ITA"
6737,"valencia",2,"ITA"
6738,"valide",2,"ITA"
6739,"valorizzare",2,"ITA"
6740,"valuta",2,"ITA"
6741,"valutando",2,"ITA"
6742,"vanessa",2,"ITA"
6743,"vantaggi",2,"ITA"
6744,"varare",2,"ITA"
6745,"varesine",2,"ITA"
6746,"variante",2,"ITA"
6747,"variare",2,"ITA"
6748,"varietà",2,"ITA"
6749,"vasta",2,"ITA"
6750,"vax",2,"ITA"
6751,"ve",2,"ITA"
6752,"vedete",2,"ITA"
6753,"veicoli",2,"ITA"
6754,"vela",2,"ITA"
6755,"vende",2,"ITA"
6756,"vendetta",2,"ITA"
6757,"venga",2,"ITA"
6758,"venisse",2,"ITA"
6759,"venivano",2,"ITA"
6760,"vennero",2,"ITA"
6761,"vent",2,"ITA"
6762,"venuta",2,"ITA"
6763,"venuti",2,"ITA"
6764,"venuto",2,"ITA"
6765,"vere",2,"ITA"
6766,"verifica",2,"ITA"
6767,"verificatosi",2,"ITA"
6768,"verifiche",2,"ITA"
6769,"verissimo",2,"ITA"
6770,"verra",2,"ITA"
6771,"verrebbe",2,"ITA"
6772,"versante",2,"ITA"
6773,"versatile",2,"ITA"
6774,"versato",2,"ITA"
6775,"versi",2,"ITA"
6776,"vetta",2,"ITA"
6777,"vetture",2,"ITA"
6778,"viaggi",2,"ITA"
6779,"viale",2,"ITA"
6780,"vicenza",2,"ITA"
6781,"vicepresidente",2,"ITA"
6782,"vicesindaco",2,"ITA"
6783,"vicina",2,"ITA"
6784,"vicoli",2,"ITA"
6785,"videochiamate",2,"ITA"
6786,"videoconferenza",2,"ITA"
6787,"view",2,"ITA"
6788,"vigilanza",2,"ITA"
6789,"vigorito",2,"ITA"
6790,"viminale",2,"ITA"
6791,"vincendo",2,"ITA"
6792,"vinceremo",2,"ITA"
6793,"vincitori",2,"ITA"
6794,"vincoli",2,"ITA"
6795,"violazione",2,"ITA"
6796,"violenze",2,"ITA"
6797,"virtuali",2,"ITA"
6798,"visibilità",2,"ITA"
6799,"visitati",2,"ITA"
6800,"visti",2,"ITA"
6801,"visualizzare",2,"ITA"
6802,"vitale",2,"ITA"
6803,"viterbo",2,"ITA"
6804,"vivarelli",2,"ITA"
6805,"vivente",2,"ITA"
6806,"vivi",2,"ITA"
6807,"vizio",2,"ITA"
6808,"vocazione",2,"ITA"
6809,"vogliate",2,"ITA"
6810,"volare",2,"ITA"
6811,"volesse",2,"ITA"
6812,"voleva",2,"ITA"
6813,"voli",2,"ITA"
6814,"volontaria",2,"ITA"
6815,"volumi",2,"ITA"
6816,"vorrebbero",2,"ITA"
6817,"vota",2,"ITA"
6818,"vulnerabili",2,"ITA"
6819,"vuoi",2,"ITA"
6820,"vuota",2,"ITA"
6821,"wall",2,"ITA"
6822,"warzone",2,"ITA"
6823,"webinar",2,"ITA"
6824,"whatsapp",2,"ITA"
6825,"wi",2,"ITA"
6826,"windows",2,"ITA"
6827,"working",2,"ITA"
6828,"wuhan",2,"ITA"
6829,"xbox",2,"ITA"
6830,"zaniolo",2,"ITA"
6831,"zenit",2,"ITA"
6832,"zodiacale",2,"ITA"
