"wordID","word","frequency","language"
1,"ve",1507,"TUR"
2,"bir",1236,"TUR"
3,"bu",1016,"TUR"
4,"da",697,"TUR"
5,"de",626,"TUR"
6,"için",442,"TUR"
7,"ile",400,"TUR"
8,"çok",292,"TUR"
9,"daha",282,"TUR"
10,"olarak",264,"TUR"
11,"nin",208,"TUR"
12,"olan",208,"TUR"
13,"en",198,"TUR"
14,"ın",195,"TUR"
15,"göre",192,"TUR"
16,"her",185,"TUR"
17,"türkiye",167,"TUR"
18,"ise",166,"TUR"
19,"nın",164,"TUR"
20,"in",153,"TUR"
21,"kadar",150,"TUR"
22,"ne",144,"TUR"
23,"başkanı",140,"TUR"
24,"sonra",138,"TUR"
25,"gibi",137,"TUR"
26,"erdoğan",134,"TUR"
27,"ilk",133,"TUR"
28,"var",126,"TUR"
29,"dedi",125,"TUR"
30,"2",123,"TUR"
31,"büyük",122,"TUR"
32,"devam",121,"TUR"
33,"1",118,"TUR"
34,"yeni",118,"TUR"
35,"yüzde",117,"TUR"
36,"ya",113,"TUR"
37,"olduğunu",112,"TUR"
38,"bin",110,"TUR"
39,"genel",109,"TUR"
40,"3",108,"TUR"
41,"hem",108,"TUR"
42,"olduğu",108,"TUR"
43,"önemli",106,"TUR"
44,"tarafından",105,"TUR"
45,"ilgili",104,"TUR"
46,"oldu",104,"TUR"
47,"yıl",104,"TUR"
48,"yer",102,"TUR"
49,"ama",101,"TUR"
50,"son",101,"TUR"
51,"ancak",99,"TUR"
52,"iyi",95,"TUR"
53,"a",93,"TUR"
54,"etti",93,"TUR"
55,"biz",89,"TUR"
56,"iki",89,"TUR"
57,"ardından",88,"TUR"
58,"yapılan",87,"TUR"
59,"milyon",86,"TUR"
60,"şekilde",86,"TUR"
61,"arasında",85,"TUR"
62,"aynı",85,"TUR"
63,"diye",84,"TUR"
64,"birlikte",83,"TUR"
65,"bugün",83,"TUR"
66,"cumhurbaşkanı",83,"TUR"
67,"ye",82,"TUR"
68,"önce",81,"TUR"
69,"abd",79,"TUR"
70,"e",78,"TUR"
71,"tüm",78,"TUR"
72,"ayrıca",77,"TUR"
73,"değil",77,"TUR"
74,"bunun",76,"TUR"
75,"istanbul",76,"TUR"
76,"eden",75,"TUR"
77,"geldi",74,"TUR"
78,"parti",74,"TUR"
79,"avrupa",73,"TUR"
80,"chp",73,"TUR"
81,"5",72,"TUR"
82,"yaptığı",72,"TUR"
83,"başkan",71,"TUR"
84,"gün",70,"TUR"
85,"gelen",69,"TUR"
86,"4",68,"TUR"
87,"nde",68,"TUR"
88,"fazla",67,"TUR"
89,"ben",66,"TUR"
90,"diğer",66,"TUR"
91,"iş",66,"TUR"
92,"üzere",66,"TUR"
93,"karşı",65,"TUR"
94,"sosyal",65,"TUR"
95,"üzerine",65,"TUR"
96,"nun",64,"TUR"
97,"olmak",64,"TUR"
98,"zaman",64,"TUR"
99,"alan",63,"TUR"
100,"burada",63,"TUR"
101,"dan",63,"TUR"
102,"açıklamada",62,"TUR"
103,"ki",62,"TUR"
104,"bakanı",61,"TUR"
105,"o",61,"TUR"
106,"bulunan",60,"TUR"
107,"ediyor",60,"TUR"
108,"yok",60,"TUR"
109,"2022",59,"TUR"
110,"bizim",59,"TUR"
111,"dünya",59,"TUR"
112,"geçen",59,"TUR"
113,"içinde",59,"TUR"
114,"yüksek",59,"TUR"
115,"10",58,"TUR"
116,"kişi",58,"TUR"
117,"milyar",58,"TUR"
118,"söyledi",58,"TUR"
119,"yönelik",58,"TUR"
120,"birçok",57,"TUR"
121,"lira",56,"TUR"
122,"buna",55,"TUR"
123,"konuştu",55,"TUR"
124,"ortaya",55,"TUR"
125,"çıktı",54,"TUR"
126,"6",53,"TUR"
127,"kez",53,"TUR"
128,"tl",53,"TUR"
129,"türk",53,"TUR"
130,"7",52,"TUR"
131,"devlet",52,"TUR"
132,"un",52,"TUR"
133,"çünkü",51,"TUR"
134,"günü",51,"TUR"
135,"ifade",51,"TUR"
136,"nda",51,"TUR"
137,"olacak",51,"TUR"
138,"rusya",51,"TUR"
139,"ukrayna",51,"TUR"
140,"kullandı",50,"TUR"
141,"veya",50,"TUR"
142,"yaptı",50,"TUR"
143,"bazı",49,"TUR"
144,"den",49,"TUR"
145,"farklı",49,"TUR"
146,"ilişkin",49,"TUR"
147,"sadece",49,"TUR"
148,"bunu",47,"TUR"
149,"edildi",47,"TUR"
150,"ülke",47,"TUR"
151,"20",46,"TUR"
152,"aldı",46,"TUR"
153,"belediye",46,"TUR"
154,"para",46,"TUR"
155,"benim",45,"TUR"
156,"na",45,"TUR"
157,"neden",45,"TUR"
158,"ayında",44,"TUR"
159,"az",44,"TUR"
160,"eski",44,"TUR"
161,"içerisinde",44,"TUR"
162,"kendi",44,"TUR"
163,"olması",44,"TUR"
164,"tayyip",44,"TUR"
165,"verdi",44,"TUR"
166,"geçtiğimiz",43,"TUR"
167,"özel",43,"TUR"
168,"recep",43,"TUR"
169,"tek",43,"TUR"
170,"9",42,"TUR"
171,"ak",42,"TUR"
172,"ankara",42,"TUR"
173,"doğru",42,"TUR"
174,"i",42,"TUR"
175,"artık",41,"TUR"
176,"böyle",41,"TUR"
177,"dolar",41,"TUR"
178,"ifadelerini",41,"TUR"
179,"nedeniyle",41,"TUR"
180,"sağlık",41,"TUR"
181,"şey",41,"TUR"
182,"bulundu",40,"TUR"
183,"bütün",40,"TUR"
184,"zamanda",40,"TUR"
185,"15",39,"TUR"
186,"başka",39,"TUR"
187,"ettiği",39,"TUR"
188,"hafta",39,"TUR"
189,"hakkında",39,"TUR"
190,"hiç",39,"TUR"
191,"bakan",38,"TUR"
192,"eğitim",38,"TUR"
193,"karar",38,"TUR"
194,"akp",37,"TUR"
195,"enerji",37,"TUR"
196,"kadın",37,"TUR"
197,"müdürlüğü",37,"TUR"
198,"te",37,"TUR"
199,"yapan",37,"TUR"
200,"yerine",37,"TUR"
201,"yılında",37,"TUR"
202,"çalışma",36,"TUR"
203,"süre",36,"TUR"
204,"8",35,"TUR"
205,"asgari",35,"TUR"
206,"belediyesi",35,"TUR"
207,"çocuk",35,"TUR"
208,"durum",35,"TUR"
209,"galatasaray",35,"TUR"
210,"nedenle",35,"TUR"
211,"bile",34,"TUR"
212,"hiçbir",34,"TUR"
213,"mı",34,"TUR"
214,"açıkladı",33,"TUR"
215,"biri",33,"TUR"
216,"güzel",33,"TUR"
217,"kararı",33,"TUR"
218,"kurulu",33,"TUR"
219,"19",32,"TUR"
220,"aldığı",32,"TUR"
221,"almanya",32,"TUR"
222,"dikkat",32,"TUR"
223,"enflasyon",32,"TUR"
224,"olay",32,"TUR"
225,"rağmen",32,"TUR"
226,"toplam",32,"TUR"
227,"yaklaşık",32,"TUR"
228,"altında",31,"TUR"
229,"başladı",31,"TUR"
230,"cumhuriyet",31,"TUR"
231,"daki",31,"TUR"
232,"deki",31,"TUR"
233,"edilen",31,"TUR"
234,"ev",31,"TUR"
235,"genç",31,"TUR"
236,"ı",31,"TUR"
237,"kemal",31,"TUR"
238,"kılıçdaroğlu",31,"TUR"
239,"konusunda",31,"TUR"
240,"özellikle",31,"TUR"
241,"sahip",31,"TUR"
242,"şu",31,"TUR"
243,"takip",31,"TUR"
244,"tarihi",31,"TUR"
245,"terör",31,"TUR"
246,"yine",31,"TUR"
247,"altına",30,"TUR"
248,"birliği",30,"TUR"
249,"fenerbahçe",30,"TUR"
250,"gece",30,"TUR"
251,"21",29,"TUR"
252,"dün",29,"TUR"
253,"ekipleri",29,"TUR"
254,"hayatını",29,"TUR"
255,"konusu",29,"TUR"
256,"lazım",29,"TUR"
257,"sonrası",29,"TUR"
258,"ta",29,"TUR"
259,"tepki",29,"TUR"
260,"12",28,"TUR"
261,"30",28,"TUR"
262,"bakanlığı",28,"TUR"
263,"belirtildi",28,"TUR"
264,"bolu",28,"TUR"
265,"büyükşehir",28,"TUR"
266,"çıkan",28,"TUR"
267,"destek",28,"TUR"
268,"dolayısıyla",28,"TUR"
269,"dünyanın",28,"TUR"
270,"durumda",28,"TUR"
271,"ekonomik",28,"TUR"
272,"haberine",28,"TUR"
273,"içişleri",28,"TUR"
274,"meydana",28,"TUR"
275,"olsun",28,"TUR"
276,"partisi",28,"TUR"
277,"siyasi",28,"TUR"
278,"yakın",28,"TUR"
279,"dair",27,"TUR"
280,"doğal",27,"TUR"
281,"eğer",27,"TUR"
282,"ele",27,"TUR"
283,"elektrik",27,"TUR"
284,"eylül",27,"TUR"
285,"mart",27,"TUR"
286,"milli",27,"TUR"
287,"nasıl",27,"TUR"
288,"su",27,"TUR"
289,"üzerinde",27,"TUR"
290,"yapılacak",27,"TUR"
291,"yapıldı",27,"TUR"
292,"açık",26,"TUR"
293,"bana",26,"TUR"
294,"çeşitli",26,"TUR"
295,"ciddi",26,"TUR"
296,"gelecek",26,"TUR"
297,"hizmet",26,"TUR"
298,"ikinci",26,"TUR"
299,"imamoğlu",26,"TUR"
300,"kapsamında",26,"TUR"
301,"mahallesi",26,"TUR"
302,"polis",26,"TUR"
303,"saat",26,"TUR"
304,"u",26,"TUR"
305,"üyesi",26,"TUR"
306,"ağır",25,"TUR"
307,"ali",25,"TUR"
308,"araya",25,"TUR"
309,"ay",25,"TUR"
310,"bağlı",25,"TUR"
311,"bulunduğu",25,"TUR"
312,"bundan",25,"TUR"
313,"dünyada",25,"TUR"
314,"etmek",25,"TUR"
315,"fransa",25,"TUR"
316,"gerekiyor",25,"TUR"
317,"güvenlik",25,"TUR"
318,"hale",25,"TUR"
319,"kişinin",25,"TUR"
320,"merkezi",25,"TUR"
321,"olur",25,"TUR"
322,"oluyor",25,"TUR"
323,"oyuncu",25,"TUR"
324,"sevk",25,"TUR"
325,"söz",25,"TUR"
326,"teşekkür",25,"TUR"
327,"üzerinden",25,"TUR"
328,"yanında",25,"TUR"
329,"yi",25,"TUR"
330,"yoğun",25,"TUR"
331,"25",24,"TUR"
332,"ab",24,"TUR"
333,"alınan",24,"TUR"
334,"almak",24,"TUR"
335,"batı",24,"TUR"
336,"dile",24,"TUR"
337,"ediyoruz",24,"TUR"
338,"el",24,"TUR"
339,"emekli",24,"TUR"
340,"eşi",24,"TUR"
341,"geri",24,"TUR"
342,"grup",24,"TUR"
343,"haber",24,"TUR"
344,"il",24,"TUR"
345,"li",24,"TUR"
346,"medya",24,"TUR"
347,"milletvekili",24,"TUR"
348,"ücret",24,"TUR"
349,"üretim",24,"TUR"
350,"yeniden",24,"TUR"
351,"zor",24,"TUR"
352,"16",23,"TUR"
353,"açıklama",23,"TUR"
354,"adalet",23,"TUR"
355,"aile",23,"TUR"
356,"allah",23,"TUR"
357,"ana",23,"TUR"
358,"antalya",23,"TUR"
359,"belirtti",23,"TUR"
360,"bilgiye",23,"TUR"
361,"çalışan",23,"TUR"
362,"deniz",23,"TUR"
363,"dışı",23,"TUR"
364,"dönemde",23,"TUR"
365,"ekim",23,"TUR"
366,"fakat",23,"TUR"
367,"görev",23,"TUR"
368,"gözaltına",23,"TUR"
369,"güçlü",23,"TUR"
370,"gündeme",23,"TUR"
371,"halk",23,"TUR"
372,"herkes",23,"TUR"
373,"insan",23,"TUR"
374,"kabul",23,"TUR"
375,"kaldı",23,"TUR"
376,"konuda",23,"TUR"
377,"mücadele",23,"TUR"
378,"sıra",23,"TUR"
379,"sırada",23,"TUR"
380,"ünlü",23,"TUR"
381,"uygun",23,"TUR"
382,"yıllık",23,"TUR"
383,"0",22,"TUR"
384,"2023",22,"TUR"
385,"altın",22,"TUR"
386,"artış",22,"TUR"
387,"başarılı",22,"TUR"
388,"beraber",22,"TUR"
389,"boyunca",22,"TUR"
390,"bunlar",22,"TUR"
391,"bunların",22,"TUR"
392,"dolayı",22,"TUR"
393,"düşük",22,"TUR"
394,"ediyorum",22,"TUR"
395,"gerçekten",22,"TUR"
396,"gereken",22,"TUR"
397,"gerektiğini",22,"TUR"
398,"gösterdi",22,"TUR"
399,"güneş",22,"TUR"
400,"hava",22,"TUR"
401,"hep",22,"TUR"
402,"ilçe",22,"TUR"
403,"kalan",22,"TUR"
404,"karşısında",22,"TUR"
405,"olabilir",22,"TUR"
406,"oldukça",22,"TUR"
407,"öne",22,"TUR"
408,"önüne",22,"TUR"
409,"resmi",22,"TUR"
410,"tespit",22,"TUR"
411,"ticaret",22,"TUR"
412,"uluslararası",22,"TUR"
413,"veren",22,"TUR"
414,"yaşanan",22,"TUR"
415,"ziyaret",22,"TUR"
416,"adana",21,"TUR"
417,"ahmet",21,"TUR"
418,"alanya",21,"TUR"
419,"anda",21,"TUR"
420,"bahçeli",21,"TUR"
421,"belirten",21,"TUR"
422,"belli",21,"TUR"
423,"böylece",21,"TUR"
424,"dışında",21,"TUR"
425,"dönem",21,"TUR"
426,"edinilen",21,"TUR"
427,"emniyet",21,"TUR"
428,"etmesi",21,"TUR"
429,"fiyatı",21,"TUR"
430,"gıda",21,"TUR"
431,"hareket",21,"TUR"
432,"hemen",21,"TUR"
433,"ilçesinde",21,"TUR"
434,"mümkün",21,"TUR"
435,"olmadığını",21,"TUR"
436,"sayıda",21,"TUR"
437,"sırasında",21,"TUR"
438,"talep",21,"TUR"
439,"ülkenin",21,"TUR"
440,"üniversitesi",21,"TUR"
441,"uzun",21,"TUR"
442,"yol",21,"TUR"
443,"14",20,"TUR"
444,"24",20,"TUR"
445,"açıklamalarda",20,"TUR"
446,"acil",20,"TUR"
447,"ait",20,"TUR"
448,"anne",20,"TUR"
449,"atatürk",20,"TUR"
450,"başta",20,"TUR"
451,"belirterek",20,"TUR"
452,"biraz",20,"TUR"
453,"bize",20,"TUR"
454,"dış",20,"TUR"
455,"düzenlenen",20,"TUR"
456,"faiz",20,"TUR"
457,"fiyat",20,"TUR"
458,"geliyor",20,"TUR"
459,"hdp",20,"TUR"
460,"henüz",20,"TUR"
461,"herhangi",20,"TUR"
462,"hesabından",20,"TUR"
463,"küçük",20,"TUR"
464,"merkez",20,"TUR"
465,"mustafa",20,"TUR"
466,"ocak",20,"TUR"
467,"spor",20,"TUR"
468,"teslim",20,"TUR"
469,"yapılması",20,"TUR"
470,"yardım",20,"TUR"
471,"yardımcı",20,"TUR"
472,"yönetim",20,"TUR"
473,"yurt",20,"TUR"
474,"zam",20,"TUR"
475,"11",19,"TUR"
476,"17",19,"TUR"
477,"alanda",19,"TUR"
478,"araç",19,"TUR"
479,"arasındaki",19,"TUR"
480,"çeken",19,"TUR"
481,"dahil",19,"TUR"
482,"dışişleri",19,"TUR"
483,"ekibi",19,"TUR"
484,"ekonomi",19,"TUR"
485,"gelir",19,"TUR"
486,"gerçek",19,"TUR"
487,"gol",19,"TUR"
488,"izin",19,"TUR"
489,"kontrol",19,"TUR"
490,"küresel",19,"TUR"
491,"mayıs",19,"TUR"
492,"merak",19,"TUR"
493,"nato",19,"TUR"
494,"onu",19,"TUR"
495,"petrol",19,"TUR"
496,"rus",19,"TUR"
497,"seçim",19,"TUR"
498,"sonucu",19,"TUR"
499,"teknik",19,"TUR"
500,"üç",19,"TUR"
501,"ün",19,"TUR"
502,"üst",19,"TUR"
503,"verildi",19,"TUR"
504,"yana",19,"TUR"
505,"yani",19,"TUR"
506,"yaşındaki",19,"TUR"
507,"yılı",19,"TUR"
508,"yılın",19,"TUR"
509,"2021",18,"TUR"
510,"50",18,"TUR"
511,"araştırma",18,"TUR"
512,"beşiktaş",18,"TUR"
513,"bilgi",18,"TUR"
514,"ceza",18,"TUR"
515,"edeceğiz",18,"TUR"
516,"elde",18,"TUR"
517,"fiyatları",18,"TUR"
518,"günlerde",18,"TUR"
519,"günlük",18,"TUR"
520,"ibb",18,"TUR"
521,"iç",18,"TUR"
522,"iddia",18,"TUR"
523,"kamu",18,"TUR"
524,"kötü",18,"TUR"
525,"mutlu",18,"TUR"
526,"öncesinde",18,"TUR"
527,"önünde",18,"TUR"
528,"sezon",18,"TUR"
529,"temmuz",18,"TUR"
530,"yanı",18,"TUR"
531,"yardımcısı",18,"TUR"
532,"yatırım",18,"TUR"
533,"yolu",18,"TUR"
534,"alındı",17,"TUR"
535,"askeri",17,"TUR"
536,"aslında",17,"TUR"
537,"ayı",17,"TUR"
538,"bankası",17,"TUR"
539,"basın",17,"TUR"
540,"başında",17,"TUR"
541,"bildirdi",17,"TUR"
542,"birkaç",17,"TUR"
543,"can",17,"TUR"
544,"canlı",17,"TUR"
545,"çekti",17,"TUR"
546,"çin",17,"TUR"
547,"ederek",17,"TUR"
548,"geçti",17,"TUR"
549,"gitti",17,"TUR"
550,"hatta",17,"TUR"
551,"haziran",17,"TUR"
552,"hedef",17,"TUR"
553,"ihtiyaç",17,"TUR"
554,"iklim",17,"TUR"
555,"kaydetti",17,"TUR"
556,"kısa",17,"TUR"
557,"ön",17,"TUR"
558,"örgütü",17,"TUR"
559,"ortak",17,"TUR"
560,"putin",17,"TUR"
561,"sayın",17,"TUR"
562,"sayısı",17,"TUR"
563,"sert",17,"TUR"
564,"sonrasında",17,"TUR"
565,"süleyman",17,"TUR"
566,"tam",17,"TUR"
567,"tarım",17,"TUR"
568,"tedavi",17,"TUR"
569,"vardı",17,"TUR"
570,"varsa",17,"TUR"
571,"vatandaşlar",17,"TUR"
572,"verdiği",17,"TUR"
573,"yandan",17,"TUR"
574,"yarın",17,"TUR"
575,"yaşayan",17,"TUR"
576,"100",16,"TUR"
577,"13",16,"TUR"
578,"adet",16,"TUR"
579,"ağustos",16,"TUR"
580,"alanında",16,"TUR"
581,"anayasa",16,"TUR"
582,"aralık",16,"TUR"
583,"artan",16,"TUR"
584,"bakanlık",16,"TUR"
585,"başkanlığı",16,"TUR"
586,"bekleniyor",16,"TUR"
587,"beni",16,"TUR"
588,"benzer",16,"TUR"
589,"biden",16,"TUR"
590,"bilim",16,"TUR"
591,"binlerce",16,"TUR"
592,"cumhurbaşkanlığı",16,"TUR"
593,"düşünüyorum",16,"TUR"
594,"duyurdu",16,"TUR"
595,"ekrem",16,"TUR"
596,"evet",16,"TUR"
597,"fark",16,"TUR"
598,"fatih",16,"TUR"
599,"gaz",16,"TUR"
600,"gaziantep",16,"TUR"
601,"gerekir",16,"TUR"
602,"halinde",16,"TUR"
603,"hangi",16,"TUR"
604,"ilan",16,"TUR"
605,"isteyen",16,"TUR"
606,"jandarma",16,"TUR"
607,"kapsamda",16,"TUR"
608,"kocaeli",16,"TUR"
609,"kolay",16,"TUR"
610,"mi",16,"TUR"
611,"önceki",16,"TUR"
612,"satın",16,"TUR"
613,"sayesinde",16,"TUR"
614,"sözcüsü",16,"TUR"
615,"süreçte",16,"TUR"
616,"tarihinde",16,"TUR"
617,"tekrar",16,"TUR"
618,"tv",16,"TUR"
619,"uyuşturucu",16,"TUR"
620,"verilen",16,"TUR"
621,"yabancı",16,"TUR"
622,"yapmak",16,"TUR"
623,"yerinde",16,"TUR"
624,"yıldır",16,"TUR"
625,"yüzden",16,"TUR"
626,"zorunda",16,"TUR"
627,"18",15,"TUR"
628,"adli",15,"TUR"
629,"an",15,"TUR"
630,"asla",15,"TUR"
631,"aylık",15,"TUR"
632,"başlayan",15,"TUR"
633,"bizi",15,"TUR"
634,"bizler",15,"TUR"
635,"bm",15,"TUR"
636,"bülent",15,"TUR"
637,"çalışmalar",15,"TUR"
638,"çalışmaları",15,"TUR"
639,"demir",15,"TUR"
640,"diyor",15,"TUR"
641,"edecek",15,"TUR"
642,"gazeteci",15,"TUR"
643,"getiren",15,"TUR"
644,"ihbar",15,"TUR"
645,"insanların",15,"TUR"
646,"isim",15,"TUR"
647,"işlem",15,"TUR"
648,"kaç",15,"TUR"
649,"mahkemesi",15,"TUR"
650,"meclis",15,"TUR"
651,"ndan",15,"TUR"
652,"öğrenildi",15,"TUR"
653,"olumlu",15,"TUR"
654,"otomobil",15,"TUR"
655,"pkk",15,"TUR"
656,"saatlerinde",15,"TUR"
657,"soylu",15,"TUR"
658,"şubat",15,"TUR"
659,"sürekli",15,"TUR"
660,"tamamen",15,"TUR"
661,"tartışma",15,"TUR"
662,"tıp",15,"TUR"
663,"türlü",15,"TUR"
664,"ülkede",15,"TUR"
665,"yanıt",15,"TUR"
666,"yayınlanan",15,"TUR"
667,"2020",14,"TUR"
668,"500",14,"TUR"
669,"aday",14,"TUR"
670,"akşam",14,"TUR"
671,"alıyor",14,"TUR"
672,"anadolu",14,"TUR"
673,"anlamda",14,"TUR"
674,"arada",14,"TUR"
675,"bayramı",14,"TUR"
676,"belki",14,"TUR"
677,"bilgiler",14,"TUR"
678,"bölgede",14,"TUR"
679,"bulunuyor",14,"TUR"
680,"bunları",14,"TUR"
681,"çalışıyor",14,"TUR"
682,"cevap",14,"TUR"
683,"covid",14,"TUR"
684,"cuma",14,"TUR"
685,"değildir",14,"TUR"
686,"devletin",14,"TUR"
687,"diyerek",14,"TUR"
688,"durumu",14,"TUR"
689,"erkek",14,"TUR"
690,"erken",14,"TUR"
691,"ettiğini",14,"TUR"
692,"gerekli",14,"TUR"
693,"hala",14,"TUR"
694,"hastanede",14,"TUR"
695,"havalimanı",14,"TUR"
696,"hızlı",14,"TUR"
697,"hükümet",14,"TUR"
698,"insanları",14,"TUR"
699,"iptal",14,"TUR"
700,"işaret",14,"TUR"
701,"istiyoruz",14,"TUR"
702,"izmir",14,"TUR"
703,"katıldı",14,"TUR"
704,"kaydedildi",14,"TUR"
705,"kimse",14,"TUR"
706,"konu",14,"TUR"
707,"konuşan",14,"TUR"
708,"kredi",14,"TUR"
709,"lig",14,"TUR"
710,"murat",14,"TUR"
711,"noktada",14,"TUR"
712,"olacağını",14,"TUR"
713,"olacaktır",14,"TUR"
714,"olsa",14,"TUR"
715,"olup",14,"TUR"
716,"önümüzdeki",14,"TUR"
717,"pek",14,"TUR"
718,"sahibi",14,"TUR"
719,"savaş",14,"TUR"
720,"şeyi",14,"TUR"
721,"silahlı",14,"TUR"
722,"size",14,"TUR"
723,"sonraki",14,"TUR"
724,"tbmm",14,"TUR"
725,"temel",14,"TUR"
726,"tercih",14,"TUR"
727,"yapıyor",14,"TUR"
728,"yaşamını",14,"TUR"
729,"yaşandı",14,"TUR"
730,"yere",14,"TUR"
731,"2018",13,"TUR"
732,"2019",13,"TUR"
733,"27",13,"TUR"
734,"40",13,"TUR"
735,"açıklamasında",13,"TUR"
736,"adam",13,"TUR"
737,"adına",13,"TUR"
738,"alarak",13,"TUR"
739,"amerika",13,"TUR"
740,"ara",13,"TUR"
741,"aydın",13,"TUR"
742,"b",13,"TUR"
743,"bayram",13,"TUR"
744,"bilgin",13,"TUR"
745,"bursa",13,"TUR"
746,"cenazesi",13,"TUR"
747,"çıkıyor",13,"TUR"
748,"d",13,"TUR"
749,"değer",13,"TUR"
750,"deprem",13,"TUR"
751,"diyen",13,"TUR"
752,"dolu",13,"TUR"
753,"döneminde",13,"TUR"
754,"dünyaya",13,"TUR"
755,"ediliyor",13,"TUR"
756,"ek",13,"TUR"
757,"ekipler",13,"TUR"
758,"ettik",13,"TUR"
759,"geldiği",13,"TUR"
760,"getirdi",13,"TUR"
761,"görülen",13,"TUR"
762,"hasta",13,"TUR"
763,"hastanesi",13,"TUR"
764,"hazır",13,"TUR"
765,"hızla",13,"TUR"
766,"içine",13,"TUR"
767,"insanlar",13,"TUR"
768,"internet",13,"TUR"
769,"isimli",13,"TUR"
770,"ismail",13,"TUR"
771,"itfaiye",13,"TUR"
772,"kendisini",13,"TUR"
773,"kişiler",13,"TUR"
774,"kupası",13,"TUR"
775,"ligi",13,"TUR"
776,"liraya",13,"TUR"
777,"mehmet",13,"TUR"
778,"milletin",13,"TUR"
779,"nden",13,"TUR"
780,"öğle",13,"TUR"
781,"öğrenci",13,"TUR"
782,"olduğuna",13,"TUR"
783,"onun",13,"TUR"
784,"ortalama",13,"TUR"
785,"paylaştı",13,"TUR"
786,"sabah",13,"TUR"
787,"şeklinde",13,"TUR"
788,"sene",13,"TUR"
789,"tane",13,"TUR"
790,"ü",13,"TUR"
791,"vergi",13,"TUR"
792,"yaralı",13,"TUR"
793,"yerel",13,"TUR"
794,"yoktur",13,"TUR"
795,"yönetimi",13,"TUR"
796,"200",12,"TUR"
797,"26",12,"TUR"
798,"açıklandı",12,"TUR"
799,"adlı",12,"TUR"
800,"aralarında",12,"TUR"
801,"arama",12,"TUR"
802,"banka",12,"TUR"
803,"başvuru",12,"TUR"
804,"bey",12,"TUR"
805,"beyaz",12,"TUR"
806,"birleşmiş",12,"TUR"
807,"bugünkü",12,"TUR"
808,"bununla",12,"TUR"
809,"çelik",12,"TUR"
810,"çevre",12,"TUR"
811,"düzenleme",12,"TUR"
812,"edildiği",12,"TUR"
813,"eskişehir",12,"TUR"
814,"etkili",12,"TUR"
815,"euro",12,"TUR"
816,"fed",12,"TUR"
817,"geniş",12,"TUR"
818,"girdi",12,"TUR"
819,"gören",12,"TUR"
820,"gündem",12,"TUR"
821,"hak",12,"TUR"
822,"hakkı",12,"TUR"
823,"haline",12,"TUR"
824,"hayata",12,"TUR"
825,"işi",12,"TUR"
826,"ittifakı",12,"TUR"
827,"k",12,"TUR"
828,"kalp",12,"TUR"
829,"kar",12,"TUR"
830,"kasım",12,"TUR"
831,"kim",12,"TUR"
832,"kültür",12,"TUR"
833,"kurumu",12,"TUR"
834,"maçında",12,"TUR"
835,"mevcut",12,"TUR"
836,"milletler",12,"TUR"
837,"nisan",12,"TUR"
838,"olmaz",12,"TUR"
839,"oranı",12,"TUR"
840,"orta",12,"TUR"
841,"oy",12,"TUR"
842,"öyle",12,"TUR"
843,"oyun",12,"TUR"
844,"programı",12,"TUR"
845,"puan",12,"TUR"
846,"savaşın",12,"TUR"
847,"si",12,"TUR"
848,"şimdi",12,"TUR"
849,"sizi",12,"TUR"
850,"sorunu",12,"TUR"
851,"sözleşme",12,"TUR"
852,"şüpheli",12,"TUR"
853,"takım",12,"TUR"
854,"taraftan",12,"TUR"
855,"taşıyan",12,"TUR"
856,"ten",12,"TUR"
857,"toplantısı",12,"TUR"
858,"ülkeye",12,"TUR"
859,"yangın",12,"TUR"
860,"yapacak",12,"TUR"
861,"yaz",12,"TUR"
862,"yı",12,"TUR"
863,"yılmaz",12,"TUR"
864,"yönünde",12,"TUR"
865,"22",11,"TUR"
866,"28",11,"TUR"
867,"açılış",11,"TUR"
868,"adeta",11,"TUR"
869,"akşener",11,"TUR"
870,"alacak",11,"TUR"
871,"alman",11,"TUR"
872,"aracılığıyla",11,"TUR"
873,"arttı",11,"TUR"
874,"aşırı",11,"TUR"
875,"ayrı",11,"TUR"
876,"belirlendi",11,"TUR"
877,"bilinen",11,"TUR"
878,"birinci",11,"TUR"
879,"bölge",11,"TUR"
880,"bölgeye",11,"TUR"
881,"bozdağ",11,"TUR"
882,"bugüne",11,"TUR"
883,"buraya",11,"TUR"
884,"c",11,"TUR"
885,"cumhuriyeti",11,"TUR"
886,"dakika",11,"TUR"
887,"değişikliği",11,"TUR"
888,"demek",11,"TUR"
889,"derece",11,"TUR"
890,"dikkati",11,"TUR"
891,"ederken",11,"TUR"
892,"edildiğini",11,"TUR"
893,"edilmesi",11,"TUR"
894,"etme",11,"TUR"
895,"fetö",11,"TUR"
896,"futbol",11,"TUR"
897,"geçmiş",11,"TUR"
898,"gelip",11,"TUR"
899,"genelinde",11,"TUR"
900,"gerek",11,"TUR"
901,"gösteren",11,"TUR"
902,"hakim",11,"TUR"
903,"hastaneye",11,"TUR"
904,"hesap",11,"TUR"
905,"hukuk",11,"TUR"
906,"imza",11,"TUR"
907,"inci",11,"TUR"
908,"inşa",11,"TUR"
909,"istedi",11,"TUR"
910,"itibaren",11,"TUR"
911,"katılan",11,"TUR"
912,"kaybetti",11,"TUR"
913,"kendisine",11,"TUR"
914,"kız",11,"TUR"
915,"komisyonu",11,"TUR"
916,"lideri",11,"TUR"
917,"maç",11,"TUR"
918,"medyada",11,"TUR"
919,"millet",11,"TUR"
920,"neler",11,"TUR"
921,"net",11,"TUR"
922,"ni",11,"TUR"
923,"olmasına",11,"TUR"
924,"olumsuz",11,"TUR"
925,"orada",11,"TUR"
926,"ortadan",11,"TUR"
927,"park",11,"TUR"
928,"risk",11,"TUR"
929,"s",11,"TUR"
930,"sanayi",11,"TUR"
931,"sarı",11,"TUR"
932,"sebeple",11,"TUR"
933,"sefer",11,"TUR"
934,"sınır",11,"TUR"
935,"sonunda",11,"TUR"
936,"sorumlu",11,"TUR"
937,"sorun",11,"TUR"
938,"soruşturma",11,"TUR"
939,"söyleyen",11,"TUR"
940,"tahmin",11,"TUR"
941,"teklif",11,"TUR"
942,"terk",11,"TUR"
943,"yapmış",11,"TUR"
944,"yasak",11,"TUR"
945,"yaşam",11,"TUR"
946,"yazılı",11,"TUR"
947,"29",10,"TUR"
948,"75",10,"TUR"
949,"adı",10,"TUR"
950,"afad",10,"TUR"
951,"akdeniz",10,"TUR"
952,"alınarak",10,"TUR"
953,"altı",10,"TUR"
954,"amacıyla",10,"TUR"
955,"arkasında",10,"TUR"
956,"attı",10,"TUR"
957,"babası",10,"TUR"
958,"bakım",10,"TUR"
959,"başına",10,"TUR"
960,"başkanlığında",10,"TUR"
961,"bazen",10,"TUR"
962,"bekir",10,"TUR"
963,"bildirildi",10,"TUR"
964,"brent",10,"TUR"
965,"caddesi",10,"TUR"
966,"çalışmalarını",10,"TUR"
967,"çocuklar",10,"TUR"
968,"değişiklik",10,"TUR"
969,"diş",10,"TUR"
970,"doğalgaz",10,"TUR"
971,"doğu",10,"TUR"
972,"doktor",10,"TUR"
973,"dolara",10,"TUR"
974,"dönmez",10,"TUR"
975,"dr",10,"TUR"
976,"ege",10,"TUR"
977,"elbette",10,"TUR"
978,"emin",10,"TUR"
979,"endeksi",10,"TUR"
980,"engelli",10,"TUR"
981,"etkisi",10,"TUR"
982,"evine",10,"TUR"
983,"gazi",10,"TUR"
984,"gerçekleşen",10,"TUR"
985,"gerekmektedir",10,"TUR"
986,"giriş",10,"TUR"
987,"gördük",10,"TUR"
988,"gösteriyor",10,"TUR"
989,"göz",10,"TUR"
990,"günde",10,"TUR"
991,"h",10,"TUR"
992,"hafif",10,"TUR"
993,"halkı",10,"TUR"
994,"içi",10,"TUR"
995,"ilaç",10,"TUR"
996,"indirim",10,"TUR"
997,"işçi",10,"TUR"
998,"istediği",10,"TUR"
999,"itibarıyla",10,"TUR"
1000,"kara",10,"TUR"
1001,"kendisinin",10,"TUR"
1002,"kişisel",10,"TUR"
1003,"kısmı",10,"TUR"
1004,"koruma",10,"TUR"
1005,"kullanılan",10,"TUR"
1006,"liradan",10,"TUR"
1007,"maçı",10,"TUR"
1008,"maçta",10,"TUR"
1009,"mağdur",10,"TUR"
1010,"mahkeme",10,"TUR"
1011,"merkezli",10,"TUR"
1012,"müdürü",10,"TUR"
1013,"namazı",10,"TUR"
1014,"nedeni",10,"TUR"
1015,"noktasında",10,"TUR"
1016,"nükleer",10,"TUR"
1017,"öğrenciler",10,"TUR"
1018,"olmadığı",10,"TUR"
1019,"olmaya",10,"TUR"
1020,"öncesi",10,"TUR"
1021,"operasyon",10,"TUR"
1022,"personel",10,"TUR"
1023,"ramazan",10,"TUR"
1024,"rapor",10,"TUR"
1025,"raporu",10,"TUR"
1026,"sanat",10,"TUR"
1027,"şehit",10,"TUR"
1028,"sık",10,"TUR"
1029,"sınav",10,"TUR"
1030,"sona",10,"TUR"
1031,"soru",10,"TUR"
1032,"taki",10,"TUR"
1033,"taş",10,"TUR"
1034,"teknoloji",10,"TUR"
1035,"telefon",10,"TUR"
1036,"toplantıda",10,"TUR"
1037,"toplantısında",10,"TUR"
1038,"twitter",10,"TUR"
1039,"ümit",10,"TUR"
1040,"vatandaşların",10,"TUR"
1041,"vererek",10,"TUR"
1042,"vermek",10,"TUR"
1043,"vurguladı",10,"TUR"
1044,"yaparak",10,"TUR"
1045,"yapmaya",10,"TUR"
1046,"yayında",10,"TUR"
1047,"yeşil",10,"TUR"
1048,"yılda",10,"TUR"
1049,"zarar",10,"TUR"
1050,"00",9,"TUR"
1051,"açıklaması",9,"TUR"
1052,"adım",9,"TUR"
1053,"alım",9,"TUR"
1054,"alması",9,"TUR"
1055,"alt",9,"TUR"
1056,"anlaşma",9,"TUR"
1057,"anlattı",9,"TUR"
1058,"aracı",9,"TUR"
1059,"arası",9,"TUR"
1060,"arda",9,"TUR"
1061,"arkadaşı",9,"TUR"
1062,"arz",9,"TUR"
1063,"aşk",9,"TUR"
1064,"azerbaycan",9,"TUR"
1065,"barış",9,"TUR"
1066,"başarı",9,"TUR"
1067,"bebek",9,"TUR"
1068,"belirlenen",9,"TUR"
1069,"belirli",9,"TUR"
1070,"bilgilere",9,"TUR"
1071,"birlik",9,"TUR"
1072,"buradan",9,"TUR"
1073,"çavuşoğlu",9,"TUR"
1074,"cenaze",9,"TUR"
1075,"cezası",9,"TUR"
1076,"çift",9,"TUR"
1077,"çıkacak",9,"TUR"
1078,"çıkardı",9,"TUR"
1079,"denildi",9,"TUR"
1080,"desteği",9,"TUR"
1081,"dijital",9,"TUR"
1082,"dışına",9,"TUR"
1083,"diyanet",9,"TUR"
1084,"doğan",9,"TUR"
1085,"dönüşüm",9,"TUR"
1086,"dört",9,"TUR"
1087,"döviz",9,"TUR"
1088,"düzenlendi",9,"TUR"
1089,"eren",9,"TUR"
1090,"ettim",9,"TUR"
1091,"evde",9,"TUR"
1092,"eyt",9,"TUR"
1093,"fatma",9,"TUR"
1094,"futbolcu",9,"TUR"
1095,"g",9,"TUR"
1096,"galibiyet",9,"TUR"
1097,"geldiğini",9,"TUR"
1098,"gençlik",9,"TUR"
1099,"genellikle",9,"TUR"
1100,"gerçekleştirdi",9,"TUR"
1101,"gereği",9,"TUR"
1102,"geriye",9,"TUR"
1103,"giden",9,"TUR"
1104,"giren",9,"TUR"
1105,"gördü",9,"TUR"
1106,"habere",9,"TUR"
1107,"halde",9,"TUR"
1108,"hayat",9,"TUR"
1109,"hayatı",9,"TUR"
1110,"hayatın",9,"TUR"
1111,"hepsi",9,"TUR"
1112,"herkese",9,"TUR"
1113,"hizmeti",9,"TUR"
1114,"hollanda",9,"TUR"
1115,"ibrahim",9,"TUR"
1116,"ihracat",9,"TUR"
1117,"iktidar",9,"TUR"
1118,"ilçesi",9,"TUR"
1119,"ince",9,"TUR"
1120,"inceleme",9,"TUR"
1121,"ingiltere",9,"TUR"
1122,"iran",9,"TUR"
1123,"işleri",9,"TUR"
1124,"istiyorum",9,"TUR"
1125,"itibariyle",9,"TUR"
1126,"karşılık",9,"TUR"
1127,"katıldığı",9,"TUR"
1128,"katkı",9,"TUR"
1129,"kaza",9,"TUR"
1130,"kilo",9,"TUR"
1131,"konseyi",9,"TUR"
1132,"konuk",9,"TUR"
1133,"korumak",9,"TUR"
1134,"kullandığı",9,"TUR"
1135,"kurtarma",9,"TUR"
1136,"kuruş",9,"TUR"
1137,"mhp",9,"TUR"
1138,"müdahale",9,"TUR"
1139,"nebati",9,"TUR"
1140,"nün",9,"TUR"
1141,"olanlar",9,"TUR"
1142,"olayın",9,"TUR"
1143,"olmayan",9,"TUR"
1144,"ölüm",9,"TUR"
1145,"oluşan",9,"TUR"
1146,"oranda",9,"TUR"
1147,"paylaşımı",9,"TUR"
1148,"pazar",9,"TUR"
1149,"projesi",9,"TUR"
1150,"rahat",9,"TUR"
1151,"refah",9,"TUR"
1152,"rol",9,"TUR"
1153,"saldırı",9,"TUR"
1154,"savunma",9,"TUR"
1155,"şehir",9,"TUR"
1156,"şehircilik",9,"TUR"
1157,"silah",9,"TUR"
1158,"siz",9,"TUR"
1159,"sizin",9,"TUR"
1160,"sokak",9,"TUR"
1161,"sorunun",9,"TUR"
1162,"sürede",9,"TUR"
1163,"takımı",9,"TUR"
1164,"takımın",9,"TUR"
1165,"talebi",9,"TUR"
1166,"tan",9,"TUR"
1167,"tedarik",9,"TUR"
1168,"tehdit",9,"TUR"
1169,"teşvik",9,"TUR"
1170,"toplu",9,"TUR"
1171,"ulaştı",9,"TUR"
1172,"ülkemizin",9,"TUR"
1173,"ürünleri",9,"TUR"
1174,"uzman",9,"TUR"
1175,"vardır",9,"TUR"
1176,"vatandaş",9,"TUR"
1177,"yaptığımız",9,"TUR"
1178,"yaptık",9,"TUR"
1179,"yaptıkları",9,"TUR"
1180,"yeri",9,"TUR"
1181,"yeterli",9,"TUR"
1182,"yıldız",9,"TUR"
1183,"yıllar",9,"TUR"
1184,"yola",9,"TUR"
1185,"yunanistan",9,"TUR"
1186,"zaten",9,"TUR"
1187,"23",8,"TUR"
1188,"250",8,"TUR"
1189,"45",8,"TUR"
1190,"60",8,"TUR"
1191,"90",8,"TUR"
1192,"açan",8,"TUR"
1193,"açıdan",8,"TUR"
1194,"adımlar",8,"TUR"
1195,"ağrı",8,"TUR"
1196,"aldığını",8,"TUR"
1197,"alma",8,"TUR"
1198,"almaya",8,"TUR"
1199,"altay",8,"TUR"
1200,"altını",8,"TUR"
1201,"annesi",8,"TUR"
1202,"aşı",8,"TUR"
1203,"başlattı",8,"TUR"
1204,"beklenen",8,"TUR"
1205,"bence",8,"TUR"
1206,"bilecik",8,"TUR"
1207,"biliyoruz",8,"TUR"
1208,"birbirine",8,"TUR"
1209,"bölgesi",8,"TUR"
1210,"bölgesinde",8,"TUR"
1211,"bulunarak",8,"TUR"
1212,"bunlardan",8,"TUR"
1213,"buradaki",8,"TUR"
1214,"çalışmalarının",8,"TUR"
1215,"camii",8,"TUR"
1216,"çanakkale",8,"TUR"
1217,"çekmek",8,"TUR"
1218,"cep",8,"TUR"
1219,"çocuklarımızın",8,"TUR"
1220,"çocukların",8,"TUR"
1221,"davası",8,"TUR"
1222,"değeri",8,"TUR"
1223,"demokrasi",8,"TUR"
1224,"denizli",8,"TUR"
1225,"dini",8,"TUR"
1226,"dizi",8,"TUR"
1227,"doğum",8,"TUR"
1228,"dur",8,"TUR"
1229,"düştü",8,"TUR"
1230,"düzenlenecek",8,"TUR"
1231,"edilecek",8,"TUR"
1232,"elbistan",8,"TUR"
1233,"erol",8,"TUR"
1234,"et",8,"TUR"
1235,"eve",8,"TUR"
1236,"evlilik",8,"TUR"
1237,"finansal",8,"TUR"
1238,"finlandiya",8,"TUR"
1239,"geçirildi",8,"TUR"
1240,"gerçekleştirilen",8,"TUR"
1241,"gerekçesiyle",8,"TUR"
1242,"getirmek",8,"TUR"
1243,"giderek",8,"TUR"
1244,"gitmek",8,"TUR"
1245,"görüldü",8,"TUR"
1246,"gözler",8,"TUR"
1247,"güncel",8,"TUR"
1248,"güney",8,"TUR"
1249,"gününde",8,"TUR"
1250,"güven",8,"TUR"
1251,"güvenliği",8,"TUR"
1252,"haftalık",8,"TUR"
1253,"haftanın",8,"TUR"
1254,"hakan",8,"TUR"
1255,"halka",8,"TUR"
1256,"harekete",8,"TUR"
1257,"hasar",8,"TUR"
1258,"hastalık",8,"TUR"
1259,"hükümetin",8,"TUR"
1260,"ifadesini",8,"TUR"
1261,"iha",8,"TUR"
1262,"ilde",8,"TUR"
1263,"ileri",8,"TUR"
1264,"instagram",8,"TUR"
1265,"işe",8,"TUR"
1266,"işler",8,"TUR"
1267,"israil",8,"TUR"
1268,"işte",8,"TUR"
1269,"istiyor",8,"TUR"
1270,"ittifak",8,"TUR"
1271,"kadınların",8,"TUR"
1272,"kaldırıldı",8,"TUR"
1273,"kat",8,"TUR"
1274,"katar",8,"TUR"
1275,"kazandı",8,"TUR"
1276,"kendini",8,"TUR"
1277,"kendisi",8,"TUR"
1278,"kent",8,"TUR"
1279,"kırmızı",8,"TUR"
1280,"kitap",8,"TUR"
1281,"konut",8,"TUR"
1282,"konuyla",8,"TUR"
1283,"krizi",8,"TUR"
1284,"la",8,"TUR"
1285,"lider",8,"TUR"
1286,"lik",8,"TUR"
1287,"mahalle",8,"TUR"
1288,"maliye",8,"TUR"
1289,"mesut",8,"TUR"
1290,"ndeki",8,"TUR"
1291,"nerede",8,"TUR"
1292,"okul",8,"TUR"
1293,"olacağız",8,"TUR"
1294,"olası",8,"TUR"
1295,"olduk",8,"TUR"
1296,"olduklarını",8,"TUR"
1297,"olmuş",8,"TUR"
1298,"on",8,"TUR"
1299,"ona",8,"TUR"
1300,"önemi",8,"TUR"
1301,"ortada",8,"TUR"
1302,"oyuncusu",8,"TUR"
1303,"özelliği",8,"TUR"
1304,"proje",8,"TUR"
1305,"rakam",8,"TUR"
1306,"resmen",8,"TUR"
1307,"şafak",8,"TUR"
1308,"sağlayan",8,"TUR"
1309,"sahte",8,"TUR"
1310,"savaşı",8,"TUR"
1311,"sebep",8,"TUR"
1312,"şeker",8,"TUR"
1313,"sen",8,"TUR"
1314,"seni",8,"TUR"
1315,"sıcak",8,"TUR"
1316,"sıkıntı",8,"TUR"
1317,"şimdiden",8,"TUR"
1318,"sınıfı",8,"TUR"
1319,"sınırı",8,"TUR"
1320,"sistemi",8,"TUR"
1321,"sonuçları",8,"TUR"
1322,"sonucunda",8,"TUR"
1323,"sonuna",8,"TUR"
1324,"şube",8,"TUR"
1325,"suç",8,"TUR"
1326,"süreç",8,"TUR"
1327,"süreci",8,"TUR"
1328,"suriye",8,"TUR"
1329,"süt",8,"TUR"
1330,"tabi",8,"TUR"
1331,"tabii",8,"TUR"
1332,"tanesi",8,"TUR"
1333,"test",8,"TUR"
1334,"ticari",8,"TUR"
1335,"ton",8,"TUR"
1336,"toplantı",8,"TUR"
1337,"töreni",8,"TUR"
1338,"tür",8,"TUR"
1339,"üçüncü",8,"TUR"
1340,"ülkemizde",8,"TUR"
1341,"ulusal",8,"TUR"
1342,"ürün",8,"TUR"
1343,"ürünler",8,"TUR"
1344,"uzmanı",8,"TUR"
1345,"valisi",8,"TUR"
1346,"verecek",8,"TUR"
1347,"video",8,"TUR"
1348,"yakından",8,"TUR"
1349,"yapacağız",8,"TUR"
1350,"yaparken",8,"TUR"
1351,"yaralandı",8,"TUR"
1352,"yaş",8,"TUR"
1353,"yaşadığı",8,"TUR"
1354,"yaşında",8,"TUR"
1355,"yavaş",8,"TUR"
1356,"yıldırım",8,"TUR"
1357,"yolda",8,"TUR"
1358,"yüz",8,"TUR"
1359,"000",7,"TUR"
1360,"150",7,"TUR"
1361,"31",7,"TUR"
1362,"35",7,"TUR"
1363,"400",7,"TUR"
1364,"70",7,"TUR"
1365,"açıklamalar",7,"TUR"
1366,"açıklamaya",7,"TUR"
1367,"açılan",7,"TUR"
1368,"adayı",7,"TUR"
1369,"adil",7,"TUR"
1370,"afrika",7,"TUR"
1371,"aktardı",7,"TUR"
1372,"alanı",7,"TUR"
1373,"alınması",7,"TUR"
1374,"alıp",7,"TUR"
1375,"analistler",7,"TUR"
1376,"anında",7,"TUR"
1377,"anlamına",7,"TUR"
1378,"anlar",7,"TUR"
1379,"atan",7,"TUR"
1380,"ateş",7,"TUR"
1381,"atık",7,"TUR"
1382,"avukat",7,"TUR"
1383,"ayına",7,"TUR"
1384,"bakanlar",7,"TUR"
1385,"başbakan",7,"TUR"
1386,"başlayacak",7,"TUR"
1387,"bayraktar",7,"TUR"
1388,"bekliyoruz",7,"TUR"
1389,"beraberlik",7,"TUR"
1390,"beş",7,"TUR"
1391,"bilgisi",7,"TUR"
1392,"bilinmeyen",7,"TUR"
1393,"biliyorsunuz",7,"TUR"
1394,"bina",7,"TUR"
1395,"birden",7,"TUR"
1396,"bölgenin",7,"TUR"
1397,"bölümü",7,"TUR"
1398,"boş",7,"TUR"
1399,"boyu",7,"TUR"
1400,"brezilya",7,"TUR"
1401,"bünyesinde",7,"TUR"
1402,"bütçe",7,"TUR"
1403,"çalışanı",7,"TUR"
1404,"çiçeği",7,"TUR"
1405,"çıktığı",7,"TUR"
1406,"cinsel",7,"TUR"
1407,"civarında",7,"TUR"
1408,"çocuğun",7,"TUR"
1409,"çözüm",7,"TUR"
1410,"dar",7,"TUR"
1411,"dava",7,"TUR"
1412,"defa",7,"TUR"
1413,"değilim",7,"TUR"
1414,"demirtaş",7,"TUR"
1415,"demişti",7,"TUR"
1416,"doğa",7,"TUR"
1417,"doğrudan",7,"TUR"
1418,"doktorlar",7,"TUR"
1419,"dolarlık",7,"TUR"
1420,"dünyaca",7,"TUR"
1421,"durumun",7,"TUR"
1422,"düzce",7,"TUR"
1423,"eder",7,"TUR"
1424,"edilebilir",7,"TUR"
1425,"elektriği",7,"TUR"
1426,"elinde",7,"TUR"
1427,"emre",7,"TUR"
1428,"enflasyonu",7,"TUR"
1429,"engel",7,"TUR"
1430,"eskiden",7,"TUR"
1431,"etki",7,"TUR"
1432,"evinde",7,"TUR"
1433,"faaliyet",7,"TUR"
1434,"fakültesi",7,"TUR"
1435,"faydalı",7,"TUR"
1436,"fotoğraf",7,"TUR"
1437,"gayet",7,"TUR"
1438,"gazete",7,"TUR"
1439,"gebze",7,"TUR"
1440,"geç",7,"TUR"
1441,"geçici",7,"TUR"
1442,"gelişmiş",7,"TUR"
1443,"gençlerin",7,"TUR"
1444,"gider",7,"TUR"
1445,"girmek",7,"TUR"
1446,"gizli",7,"TUR"
1447,"görüntüler",7,"TUR"
1448,"görüş",7,"TUR"
1449,"görüşme",7,"TUR"
1450,"görüşmeler",7,"TUR"
1451,"görüyor",7,"TUR"
1452,"görüyoruz",7,"TUR"
1453,"günümüzde",7,"TUR"
1454,"hakları",7,"TUR"
1455,"haklarını",7,"TUR"
1456,"ham",7,"TUR"
1457,"hazine",7,"TUR"
1458,"hedefimiz",7,"TUR"
1459,"hukuki",7,"TUR"
1460,"huzur",7,"TUR"
1461,"idare",7,"TUR"
1462,"idari",7,"TUR"
1463,"iddiasıyla",7,"TUR"
1464,"ihtiyacı",7,"TUR"
1465,"imkanı",7,"TUR"
1466,"insanı",7,"TUR"
1467,"isimleri",7,"TUR"
1468,"istifa",7,"TUR"
1469,"itiraz",7,"TUR"
1470,"joe",7,"TUR"
1471,"kaliteli",7,"TUR"
1472,"kapalı",7,"TUR"
1473,"karadeniz",7,"TUR"
1474,"karara",7,"TUR"
1475,"karşıya",7,"TUR"
1476,"katı",7,"TUR"
1477,"kaybeden",7,"TUR"
1478,"kaynağı",7,"TUR"
1479,"kazanan",7,"TUR"
1480,"kendine",7,"TUR"
1481,"kira",7,"TUR"
1482,"kış",7,"TUR"
1483,"kişilerin",7,"TUR"
1484,"kişiyle",7,"TUR"
1485,"komisyon",7,"TUR"
1486,"komutanlığı",7,"TUR"
1487,"kriz",7,"TUR"
1488,"kültürel",7,"TUR"
1489,"lı",7,"TUR"
1490,"m",7,"TUR"
1491,"maalesef",7,"TUR"
1492,"manevi",7,"TUR"
1493,"maruz",7,"TUR"
1494,"miktarda",7,"TUR"
1495,"model",7,"TUR"
1496,"mu",7,"TUR"
1497,"mücadelede",7,"TUR"
1498,"mutlaka",7,"TUR"
1499,"ndaki",7,"TUR"
1500,"neredeyse",7,"TUR"
1501,"not",7,"TUR"
1502,"nu",7,"TUR"
1503,"öğretim",7,"TUR"
1504,"olabileceğini",7,"TUR"
1505,"olduğumuz",7,"TUR"
1506,"olmadı",7,"TUR"
1507,"olmamız",7,"TUR"
1508,"olurken",7,"TUR"
1509,"önem",7,"TUR"
1510,"onları",7,"TUR"
1511,"oranında",7,"TUR"
1512,"organize",7,"TUR"
1513,"özcan",7,"TUR"
1514,"paralel",7,"TUR"
1515,"pazartesi",7,"TUR"
1516,"performans",7,"TUR"
1517,"politikası",7,"TUR"
1518,"saç",7,"TUR"
1519,"sağanak",7,"TUR"
1520,"sağlıklı",7,"TUR"
1521,"sahasında",7,"TUR"
1522,"sahiptir",7,"TUR"
1523,"saldırıya",7,"TUR"
1524,"satış",7,"TUR"
1525,"satışa",7,"TUR"
1526,"senin",7,"TUR"
1527,"serbest",7,"TUR"
1528,"şeyler",7,"TUR"
1529,"şeyleri",7,"TUR"
1530,"sigara",7,"TUR"
1531,"şirketin",7,"TUR"
1532,"sivil",7,"TUR"
1533,"siyaset",7,"TUR"
1534,"soğuk",7,"TUR"
1535,"sorunları",7,"TUR"
1536,"söylemek",7,"TUR"
1537,"sözleri",7,"TUR"
1538,"sözlerine",7,"TUR"
1539,"stk",7,"TUR"
1540,"süper",7,"TUR"
1541,"sürdü",7,"TUR"
1542,"süren",7,"TUR"
1543,"t",7,"TUR"
1544,"tamamladı",7,"TUR"
1545,"tarihinin",7,"TUR"
1546,"tatlı",7,"TUR"
1547,"tedavisi",7,"TUR"
1548,"temsil",7,"TUR"
1549,"ticareti",7,"TUR"
1550,"top",7,"TUR"
1551,"toplumun",7,"TUR"
1552,"trabzonspor",7,"TUR"
1553,"üye",7,"TUR"
1554,"uygulama",7,"TUR"
1555,"uzak",7,"TUR"
1556,"varil",7,"TUR"
1557,"verilerine",7,"TUR"
1558,"veriyor",7,"TUR"
1559,"vermeye",7,"TUR"
1560,"y",7,"TUR"
1561,"yapı",7,"TUR"
1562,"yapıldığı",7,"TUR"
1563,"yaptıklarını",7,"TUR"
1564,"yaptım",7,"TUR"
1565,"yarı",7,"TUR"
1566,"yaşandığı",7,"TUR"
1567,"yaşlı",7,"TUR"
1568,"yayın",7,"TUR"
1569,"yazar",7,"TUR"
1570,"yazarı",7,"TUR"
1571,"yerini",7,"TUR"
1572,"yerli",7,"TUR"
1573,"yolcu",7,"TUR"
1574,"yönlü",7,"TUR"
1575,"zammı",7,"TUR"
1576,"120",6,"TUR"
1577,"32",6,"TUR"
1578,"41",6,"TUR"
1579,"42",6,"TUR"
1580,"48",6,"TUR"
1581,"53",6,"TUR"
1582,"73",6,"TUR"
1583,"80",6,"TUR"
1584,"81",6,"TUR"
1585,"ailesi",6,"TUR"
1586,"akaryakıt",6,"TUR"
1587,"akıllı",6,"TUR"
1588,"alana",6,"TUR"
1589,"aldık",6,"TUR"
1590,"almıştı",6,"TUR"
1591,"altılı",6,"TUR"
1592,"amacı",6,"TUR"
1593,"anlaşmaya",6,"TUR"
1594,"arasına",6,"TUR"
1595,"asker",6,"TUR"
1596,"atıldı",6,"TUR"
1597,"attığı",6,"TUR"
1598,"ayakta",6,"TUR"
1599,"ayrıldı",6,"TUR"
1600,"aziz",6,"TUR"
1601,"balık",6,"TUR"
1602,"bankalar",6,"TUR"
1603,"barcelona",6,"TUR"
1604,"başbakanı",6,"TUR"
1605,"başkent",6,"TUR"
1606,"baskın",6,"TUR"
1607,"başlatılan",6,"TUR"
1608,"bbp",6,"TUR"
1609,"benzin",6,"TUR"
1610,"berabere",6,"TUR"
1611,"beslenme",6,"TUR"
1612,"beyoğlu",6,"TUR"
1613,"biliyorum",6,"TUR"
1614,"bilmiyorum",6,"TUR"
1615,"binada",6,"TUR"
1616,"binanın",6,"TUR"
1617,"birincisi",6,"TUR"
1618,"birinin",6,"TUR"
1619,"bizden",6,"TUR"
1620,"bölüm",6,"TUR"
1621,"borsa",6,"TUR"
1622,"buldu",6,"TUR"
1623,"bulunduğunu",6,"TUR"
1624,"bulunmaktadır",6,"TUR"
1625,"bulutlu",6,"TUR"
1626,"bunlara",6,"TUR"
1627,"büyükakın",6,"TUR"
1628,"buz",6,"TUR"
1629,"çalışıyoruz",6,"TUR"
1630,"çalıştık",6,"TUR"
1631,"çarpıcı",6,"TUR"
1632,"çarşamba",6,"TUR"
1633,"cennet",6,"TUR"
1634,"cevabı",6,"TUR"
1635,"çıkar",6,"TUR"
1636,"çıkması",6,"TUR"
1637,"çocukları",6,"TUR"
1638,"çoğu",6,"TUR"
1639,"cumhur",6,"TUR"
1640,"daire",6,"TUR"
1641,"darıca",6,"TUR"
1642,"dediler",6,"TUR"
1643,"defalarca",6,"TUR"
1644,"değerlendirme",6,"TUR"
1645,"değişti",6,"TUR"
1646,"demektir",6,"TUR"
1647,"demokratik",6,"TUR"
1648,"denetim",6,"TUR"
1649,"depremin",6,"TUR"
1650,"deri",6,"TUR"
1651,"derneği",6,"TUR"
1652,"detaylı",6,"TUR"
1653,"dha",6,"TUR"
1654,"dışarı",6,"TUR"
1655,"diyenler",6,"TUR"
1656,"doğaya",6,"TUR"
1657,"doğrultusunda",6,"TUR"
1658,"doları",6,"TUR"
1659,"doların",6,"TUR"
1660,"dönemin",6,"TUR"
1661,"dünyayı",6,"TUR"
1662,"durumunda",6,"TUR"
1663,"düşen",6,"TUR"
1664,"düzenlediği",6,"TUR"
1665,"edilerek",6,"TUR"
1666,"ediyorlar",6,"TUR"
1667,"eğitime",6,"TUR"
1668,"ekip",6,"TUR"
1669,"ekonominin",6,"TUR"
1670,"ekonomisi",6,"TUR"
1671,"er",6,"TUR"
1672,"erdem",6,"TUR"
1673,"erzurum",6,"TUR"
1674,"eş",6,"TUR"
1675,"esnaf",6,"TUR"
1676,"etkisiyle",6,"TUR"
1677,"ettiğimiz",6,"TUR"
1678,"evinin",6,"TUR"
1679,"evvel",6,"TUR"
1680,"eylem",6,"TUR"
1681,"fırat",6,"TUR"
1682,"gazetesi",6,"TUR"
1683,"geçer",6,"TUR"
1684,"geleceği",6,"TUR"
1685,"gelerek",6,"TUR"
1686,"gelişmeler",6,"TUR"
1687,"gençler",6,"TUR"
1688,"genelde",6,"TUR"
1689,"geride",6,"TUR"
1690,"gidecek",6,"TUR"
1691,"girip",6,"TUR"
1692,"giriyor",6,"TUR"
1693,"göçmen",6,"TUR"
1694,"görevli",6,"TUR"
1695,"görme",6,"TUR"
1696,"gram",6,"TUR"
1697,"grubunda",6,"TUR"
1698,"gündemine",6,"TUR"
1699,"güne",6,"TUR"
1700,"gününü",6,"TUR"
1701,"haberi",6,"TUR"
1702,"hakaret",6,"TUR"
1703,"halil",6,"TUR"
1704,"hamza",6,"TUR"
1705,"han",6,"TUR"
1706,"hata",6,"TUR"
1707,"hatice",6,"TUR"
1708,"hazırlanan",6,"TUR"
1709,"hedefi",6,"TUR"
1710,"hedefleri",6,"TUR"
1711,"hesabı",6,"TUR"
1712,"hindistan",6,"TUR"
1713,"hırsızlık",6,"TUR"
1714,"hizmete",6,"TUR"
1715,"hükümetinin",6,"TUR"
1716,"husus",6,"TUR"
1717,"iade",6,"TUR"
1718,"icra",6,"TUR"
1719,"iddiaya",6,"TUR"
1720,"ifadeleri",6,"TUR"
1721,"ifadelerine",6,"TUR"
1722,"ihale",6,"TUR"
1723,"ihraç",6,"TUR"
1724,"ikili",6,"TUR"
1725,"iktidarın",6,"TUR"
1726,"ilçesine",6,"TUR"
1727,"iletişim",6,"TUR"
1728,"ilgi",6,"TUR"
1729,"indi",6,"TUR"
1730,"ini",6,"TUR"
1731,"inşallah",6,"TUR"
1732,"insani",6,"TUR"
1733,"işin",6,"TUR"
1734,"islam",6,"TUR"
1735,"işlemlerin",6,"TUR"
1736,"ismi",6,"TUR"
1737,"ispanya",6,"TUR"
1738,"işsizlik",6,"TUR"
1739,"istediğini",6,"TUR"
1740,"istihdam",6,"TUR"
1741,"isveç",6,"TUR"
1742,"italya",6,"TUR"
1743,"kaçak",6,"TUR"
1744,"kadının",6,"TUR"
1745,"kadınlar",6,"TUR"
1746,"kadir",6,"TUR"
1747,"kalıyor",6,"TUR"
1748,"kalkınma",6,"TUR"
1749,"kanser",6,"TUR"
1750,"kanun",6,"TUR"
1751,"kargo",6,"TUR"
1752,"kavga",6,"TUR"
1753,"kaynaklı",6,"TUR"
1754,"kentsel",6,"TUR"
1755,"kentte",6,"TUR"
1756,"kere",6,"TUR"
1757,"kesin",6,"TUR"
1758,"kiev",6,"TUR"
1759,"kılıç",6,"TUR"
1760,"kimsenin",6,"TUR"
1761,"kişiyi",6,"TUR"
1762,"kısmında",6,"TUR"
1763,"koca",6,"TUR"
1764,"kullanıyor",6,"TUR"
1765,"kullanmak",6,"TUR"
1766,"kulübü",6,"TUR"
1767,"kuran",6,"TUR"
1768,"kuru",6,"TUR"
1769,"kurum",6,"TUR"
1770,"kuzey",6,"TUR"
1771,"lar",6,"TUR"
1772,"libya",6,"TUR"
1773,"madde",6,"TUR"
1774,"malzeme",6,"TUR"
1775,"mavi",6,"TUR"
1776,"meslek",6,"TUR"
1777,"metin",6,"TUR"
1778,"miktarı",6,"TUR"
1779,"modern",6,"TUR"
1780,"mücadeleyi",6,"TUR"
1781,"müzik",6,"TUR"
1782,"nci",6,"TUR"
1783,"new",6,"TUR"
1784,"odası",6,"TUR"
1785,"öğretmen",6,"TUR"
1786,"öğretmeni",6,"TUR"
1787,"olağanüstü",6,"TUR"
1788,"olanların",6,"TUR"
1789,"ölçüde",6,"TUR"
1790,"olduğum",6,"TUR"
1791,"oldukları",6,"TUR"
1792,"olmayacak",6,"TUR"
1793,"olmayı",6,"TUR"
1794,"olmuştu",6,"TUR"
1795,"olursa",6,"TUR"
1796,"önde",6,"TUR"
1797,"onlara",6,"TUR"
1798,"onur",6,"TUR"
1799,"operasyonda",6,"TUR"
1800,"oraya",6,"TUR"
1801,"orman",6,"TUR"
1802,"ortağı",6,"TUR"
1803,"paketi",6,"TUR"
1804,"payı",6,"TUR"
1805,"paylaşım",6,"TUR"
1806,"paylaşımda",6,"TUR"
1807,"petrolün",6,"TUR"
1808,"puanda",6,"TUR"
1809,"rahatsız",6,"TUR"
1810,"sağlam",6,"TUR"
1811,"sağlar",6,"TUR"
1812,"sahipleri",6,"TUR"
1813,"sahne",6,"TUR"
1814,"samsun",6,"TUR"
1815,"sarayı",6,"TUR"
1816,"sayı",6,"TUR"
1817,"sebebiyle",6,"TUR"
1818,"sekreteri",6,"TUR"
1819,"ses",6,"TUR"
1820,"sevgi",6,"TUR"
1821,"seyahat",6,"TUR"
1822,"seyir",6,"TUR"
1823,"siber",6,"TUR"
1824,"şirketler",6,"TUR"
1825,"sonu",6,"TUR"
1826,"sonuç",6,"TUR"
1827,"söylediği",6,"TUR"
1828,"şubesi",6,"TUR"
1829,"sundu",6,"TUR"
1830,"şunları",6,"TUR"
1831,"sürüyor",6,"TUR"
1832,"taraf",6,"TUR"
1833,"tarih",6,"TUR"
1834,"tebrik",6,"TUR"
1835,"tedavisinde",6,"TUR"
1836,"teklifi",6,"TUR"
1837,"tiyatro",6,"TUR"
1838,"toplum",6,"TUR"
1839,"toprağa",6,"TUR"
1840,"topu",6,"TUR"
1841,"törenine",6,"TUR"
1842,"trabzon",6,"TUR"
1843,"türkçe",6,"TUR"
1844,"tutuklanarak",6,"TUR"
1845,"ülkeler",6,"TUR"
1846,"ülkelerde",6,"TUR"
1847,"ülkelere",6,"TUR"
1848,"ülkemize",6,"TUR"
1849,"üretimi",6,"TUR"
1850,"uyardı",6,"TUR"
1851,"uygulaması",6,"TUR"
1852,"üzerindeki",6,"TUR"
1853,"vatan",6,"TUR"
1854,"vatandaşları",6,"TUR"
1855,"verilmesi",6,"TUR"
1856,"yağ",6,"TUR"
1857,"yakalandı",6,"TUR"
1858,"yapar",6,"TUR"
1859,"yapıldığını",6,"TUR"
1860,"yapılıyor",6,"TUR"
1861,"yapılmış",6,"TUR"
1862,"yapılmıştı",6,"TUR"
1863,"yapma",6,"TUR"
1864,"yaptığını",6,"TUR"
1865,"yaptırım",6,"TUR"
1866,"yedi",6,"TUR"
1867,"yerde",6,"TUR"
1868,"yetkilileri",6,"TUR"
1869,"yıllarda",6,"TUR"
1870,"yitirdiği",6,"TUR"
1871,"yla",6,"TUR"
1872,"yoktu",6,"TUR"
1873,"yoldan",6,"TUR"
1874,"yolunda",6,"TUR"
1875,"yönetiminin",6,"TUR"
1876,"yükseldi",6,"TUR"
1877,"yürütülen",6,"TUR"
1878,"yusuf",6,"TUR"
1879,"yüzünden",6,"TUR"
1880,"zamanlarda",6,"TUR"
1881,"zengin",6,"TUR"
1882,"zorla",6,"TUR"
1883,"07",5,"TUR"
1884,"33",5,"TUR"
1885,"37",5,"TUR"
1886,"55",5,"TUR"
1887,"600",5,"TUR"
1888,"77",5,"TUR"
1889,"92",5,"TUR"
1890,"açığı",5,"TUR"
1891,"açıkça",5,"TUR"
1892,"açıklamıştı",5,"TUR"
1893,"açıklanan",5,"TUR"
1894,"açısından",5,"TUR"
1895,"açtı",5,"TUR"
1896,"adımı",5,"TUR"
1897,"adını",5,"TUR"
1898,"adliyeye",5,"TUR"
1899,"afet",5,"TUR"
1900,"akar",5,"TUR"
1901,"akın",5,"TUR"
1902,"alanlara",5,"TUR"
1903,"alanları",5,"TUR"
1904,"alın",5,"TUR"
1905,"alışveriş",5,"TUR"
1906,"almış",5,"TUR"
1907,"anka",5,"TUR"
1908,"anlaşması",5,"TUR"
1909,"anlatan",5,"TUR"
1910,"anlayış",5,"TUR"
1911,"arabistan",5,"TUR"
1912,"araçlar",5,"TUR"
1913,"arslan",5,"TUR"
1914,"artışı",5,"TUR"
1915,"artışla",5,"TUR"
1916,"aşan",5,"TUR"
1917,"asıl",5,"TUR"
1918,"askerleri",5,"TUR"
1919,"aslan",5,"TUR"
1920,"asya",5,"TUR"
1921,"atarak",5,"TUR"
1922,"avm",5,"TUR"
1923,"avukatı",5,"TUR"
1924,"ayının",5,"TUR"
1925,"bağlamda",5,"TUR"
1926,"bahsedilen",5,"TUR"
1927,"bakımından",5,"TUR"
1928,"bakın",5,"TUR"
1929,"bakırköy",5,"TUR"
1930,"bartın",5,"TUR"
1931,"baş",5,"TUR"
1932,"başkanımız",5,"TUR"
1933,"başkanvekili",5,"TUR"
1934,"başlandı",5,"TUR"
1935,"başsavcılığı",5,"TUR"
1936,"başvurusu",5,"TUR"
1937,"bekleyen",5,"TUR"
1938,"bekliyor",5,"TUR"
1939,"belirtilen",5,"TUR"
1940,"belirtiliyor",5,"TUR"
1941,"beri",5,"TUR"
1942,"besin",5,"TUR"
1943,"bilen",5,"TUR"
1944,"binaları",5,"TUR"
1945,"bine",5,"TUR"
1946,"bırakılan",5,"TUR"
1947,"bırakıp",5,"TUR"
1948,"biridir",5,"TUR"
1949,"birini",5,"TUR"
1950,"birleşik",5,"TUR"
1951,"bitcoin",5,"TUR"
1952,"biyolojik",5,"TUR"
1953,"bol",5,"TUR"
1954,"bordo",5,"TUR"
1955,"bulgaristan",5,"TUR"
1956,"burak",5,"TUR"
1957,"büyüklüğü",5,"TUR"
1958,"büyüme",5,"TUR"
1959,"çağrı",5,"TUR"
1960,"çalışması",5,"TUR"
1961,"çalıştığı",5,"TUR"
1962,"çam",5,"TUR"
1963,"caminin",5,"TUR"
1964,"çapında",5,"TUR"
1965,"çatı",5,"TUR"
1966,"çerçevesinde",5,"TUR"
1967,"çeşidi",5,"TUR"
1968,"cezaevine",5,"TUR"
1969,"charles",5,"TUR"
1970,"çiçek",5,"TUR"
1971,"çıkarak",5,"TUR"
1972,"çıkışı",5,"TUR"
1973,"çıkmış",5,"TUR"
1974,"çoğunluğu",5,"TUR"
1975,"cumartesi",5,"TUR"
1976,"cumhurbaşkanımız",5,"TUR"
1977,"dahi",5,"TUR"
1978,"dediği",5,"TUR"
1979,"demet",5,"TUR"
1980,"dere",5,"TUR"
1981,"dev",5,"TUR"
1982,"dikkate",5,"TUR"
1983,"dikkatli",5,"TUR"
1984,"dilovası",5,"TUR"
1985,"dir",5,"TUR"
1986,"direnç",5,"TUR"
1987,"diyoruz",5,"TUR"
1988,"dizisinde",5,"TUR"
1989,"doğrusu",5,"TUR"
1990,"dolardan",5,"TUR"
1991,"domates",5,"TUR"
1992,"döndü",5,"TUR"
1993,"dönemine",5,"TUR"
1994,"dönük",5,"TUR"
1995,"dua",5,"TUR"
1996,"dünyadaki",5,"TUR"
1997,"duruma",5,"TUR"
1998,"duvar",5,"TUR"
1999,"düzenledi",5,"TUR"
2000,"düzenlemeler",5,"TUR"
2001,"ece",5,"TUR"
2002,"edeceğini",5,"TUR"
2003,"edileceğini",5,"TUR"
2004,"edilir",5,"TUR"
2005,"edilmesini",5,"TUR"
2006,"edilmiş",5,"TUR"
2007,"edin",5,"TUR"
2008,"eğitimi",5,"TUR"
2009,"ekibin",5,"TUR"
2010,"ekibinin",5,"TUR"
2011,"ekiplerince",5,"TUR"
2012,"ekiplerinin",5,"TUR"
2013,"eklendi",5,"TUR"
2014,"ekonomisine",5,"TUR"
2015,"elektronik",5,"TUR"
2016,"emine",5,"TUR"
2017,"enflasyonun",5,"TUR"
2018,"engin",5,"TUR"
2019,"esas",5,"TUR"
2020,"eşit",5,"TUR"
2021,"etkinlik",5,"TUR"
2022,"etmedi",5,"TUR"
2023,"etmektedir",5,"TUR"
2024,"etmesine",5,"TUR"
2025,"etmeye",5,"TUR"
2026,"etmiş",5,"TUR"
2027,"evin",5,"TUR"
2028,"federal",5,"TUR"
2029,"federasyonu",5,"TUR"
2030,"fikret",5,"TUR"
2031,"filistin",5,"TUR"
2032,"final",5,"TUR"
2033,"firmanın",5,"TUR"
2034,"fırsat",5,"TUR"
2035,"fiyatlarındaki",5,"TUR"
2036,"fransız",5,"TUR"
2037,"geçecek",5,"TUR"
2038,"geçim",5,"TUR"
2039,"geçmek",5,"TUR"
2040,"gelebilir",5,"TUR"
2041,"gelecekte",5,"TUR"
2042,"geleneksel",5,"TUR"
2043,"gelin",5,"TUR"
2044,"gelişmeleri",5,"TUR"
2045,"gelmesi",5,"TUR"
2046,"gerçekleşecek",5,"TUR"
2047,"gereksiz",5,"TUR"
2048,"getirdiği",5,"TUR"
2049,"gidip",5,"TUR"
2050,"girecek",5,"TUR"
2051,"gökhan",5,"TUR"
2052,"gölcük",5,"TUR"
2053,"gönderdiği",5,"TUR"
2054,"gönderildi",5,"TUR"
2055,"görevinden",5,"TUR"
2056,"görünüyor",5,"TUR"
2057,"göstererek",5,"TUR"
2058,"gösterir",5,"TUR"
2059,"grubun",5,"TUR"
2060,"gücünü",5,"TUR"
2061,"gündemi",5,"TUR"
2062,"günden",5,"TUR"
2063,"günler",5,"TUR"
2064,"günlerinde",5,"TUR"
2065,"gurur",5,"TUR"
2066,"güvenliğini",5,"TUR"
2067,"habertürk",5,"TUR"
2068,"halkının",5,"TUR"
2069,"hani",5,"TUR"
2070,"hanım",5,"TUR"
2071,"hapis",5,"TUR"
2072,"hariç",5,"TUR"
2073,"hasan",5,"TUR"
2074,"hastalığı",5,"TUR"
2075,"hastalıkları",5,"TUR"
2076,"hastanın",5,"TUR"
2077,"hatay",5,"TUR"
2078,"hatırlattı",5,"TUR"
2079,"hayal",5,"TUR"
2080,"hayatına",5,"TUR"
2081,"hayatta",5,"TUR"
2082,"hayır",5,"TUR"
2083,"hayırlı",5,"TUR"
2084,"hazırlık",5,"TUR"
2085,"hedefliyoruz",5,"TUR"
2086,"hepimizin",5,"TUR"
2087,"herkesi",5,"TUR"
2088,"herkesin",5,"TUR"
2089,"hesaplarından",5,"TUR"
2090,"hisse",5,"TUR"
2091,"hız",5,"TUR"
2092,"hizmetleri",5,"TUR"
2093,"hüseyin",5,"TUR"
2094,"içeren",5,"TUR"
2095,"içerisindeki",5,"TUR"
2096,"iddiasına",5,"TUR"
2097,"ifadeler",5,"TUR"
2098,"imar",5,"TUR"
2099,"ingiliz",5,"TUR"
2100,"insanın",5,"TUR"
2101,"isimler",5,"TUR"
2102,"isimlerin",5,"TUR"
2103,"istedik",5,"TUR"
2104,"istenen",5,"TUR"
2105,"isterim",5,"TUR"
2106,"istihbarat",5,"TUR"
2107,"istiyorlar",5,"TUR"
2108,"iyilik",5,"TUR"
2109,"izle",5,"TUR"
2110,"izni",5,"TUR"
2111,"kadarıyla",5,"TUR"
2112,"kaldığını",5,"TUR"
2113,"kaleme",5,"TUR"
2114,"kalmadı",5,"TUR"
2115,"kampı",5,"TUR"
2116,"kan",5,"TUR"
2117,"kanal",5,"TUR"
2118,"kapsamlı",5,"TUR"
2119,"kaptan",5,"TUR"
2120,"kararının",5,"TUR"
2121,"kararlı",5,"TUR"
2122,"karşımıza",5,"TUR"
2123,"karşın",5,"TUR"
2124,"karşıtı",5,"TUR"
2125,"katılımıyla",5,"TUR"
2126,"katlı",5,"TUR"
2127,"kaybı",5,"TUR"
2128,"kaydeden",5,"TUR"
2129,"kaydı",5,"TUR"
2130,"kaynak",5,"TUR"
2131,"kayseri",5,"TUR"
2132,"kazada",5,"TUR"
2133,"kazan",5,"TUR"
2134,"kdv",5,"TUR"
2135,"kendileri",5,"TUR"
2136,"kendilerine",5,"TUR"
2137,"khk",5,"TUR"
2138,"kilis",5,"TUR"
2139,"kilometre",5,"TUR"
2140,"kimler",5,"TUR"
2141,"kiralık",5,"TUR"
2142,"kişilik",5,"TUR"
2143,"kısıtlamaların",5,"TUR"
2144,"kızı",5,"TUR"
2145,"km",5,"TUR"
2146,"koç",5,"TUR"
2147,"konser",5,"TUR"
2148,"konuşmada",5,"TUR"
2149,"konuyu",5,"TUR"
2150,"konya",5,"TUR"
2151,"korunması",5,"TUR"
2152,"kovid",5,"TUR"
2153,"koyan",5,"TUR"
2154,"koydu",5,"TUR"
2155,"kripto",5,"TUR"
2156,"kritik",5,"TUR"
2157,"kullanan",5,"TUR"
2158,"kullanarak",5,"TUR"
2159,"kullanıldı",5,"TUR"
2160,"kullanım",5,"TUR"
2161,"kültürü",5,"TUR"
2162,"kur",5,"TUR"
2163,"kurban",5,"TUR"
2164,"liderleri",5,"TUR"
2165,"liralık",5,"TUR"
2166,"lirası",5,"TUR"
2167,"maaş",5,"TUR"
2168,"maçını",5,"TUR"
2169,"macron",5,"TUR"
2170,"maddesi",5,"TUR"
2171,"maddi",5,"TUR"
2172,"mahallesinde",5,"TUR"
2173,"mahmutyazıcıoğlu",5,"TUR"
2174,"mahsur",5,"TUR"
2175,"mali",5,"TUR"
2176,"maliyeti",5,"TUR"
2177,"marka",5,"TUR"
2178,"masa",5,"TUR"
2179,"memleket",5,"TUR"
2180,"merkezinde",5,"TUR"
2181,"mesajı",5,"TUR"
2182,"mesela",5,"TUR"
2183,"meselesi",5,"TUR"
2184,"metal",5,"TUR"
2185,"mezarlığı",5,"TUR"
2186,"mıdır",5,"TUR"
2187,"mısınız",5,"TUR"
2188,"müslüman",5,"TUR"
2189,"neticesinde",5,"TUR"
2190,"nı",5,"TUR"
2191,"ocağı",5,"TUR"
2192,"oğlu",5,"TUR"
2193,"oktay",5,"TUR"
2194,"olanı",5,"TUR"
2195,"olayı",5,"TUR"
2196,"olma",5,"TUR"
2197,"olmadan",5,"TUR"
2198,"olmalı",5,"TUR"
2199,"olmuyor",5,"TUR"
2200,"oluşturan",5,"TUR"
2201,"önceden",5,"TUR"
2202,"onlar",5,"TUR"
2203,"onların",5,"TUR"
2204,"önünü",5,"TUR"
2205,"orkestrası",5,"TUR"
2206,"örnek",5,"TUR"
2207,"ortam",5,"TUR"
2208,"otobüs",5,"TUR"
2209,"oturan",5,"TUR"
2210,"oynadı",5,"TUR"
2211,"oynanacak",5,"TUR"
2212,"oynanan",5,"TUR"
2213,"oyuna",5,"TUR"
2214,"öz",5,"TUR"
2215,"parayı",5,"TUR"
2216,"parçalı",5,"TUR"
2217,"paris",5,"TUR"
2218,"partili",5,"TUR"
2219,"partinin",5,"TUR"
2220,"partisinin",5,"TUR"
2221,"patlama",5,"TUR"
2222,"polisi",5,"TUR"
2223,"politika",5,"TUR"
2224,"pozitif",5,"TUR"
2225,"profesyonel",5,"TUR"
2226,"programında",5,"TUR"
2227,"psikolojik",5,"TUR"
2228,"rekor",5,"TUR"
2229,"sağlığı",5,"TUR"
2230,"sağlıyor",5,"TUR"
2231,"sahada",5,"TUR"
2232,"şahin",5,"TUR"
2233,"şahıs",5,"TUR"
2234,"salı",5,"TUR"
2235,"samimi",5,"TUR"
2236,"sanatçısı",5,"TUR"
2237,"şans",5,"TUR"
2238,"saray",5,"TUR"
2239,"sattığı",5,"TUR"
2240,"sayede",5,"TUR"
2241,"sayısının",5,"TUR"
2242,"scholz",5,"TUR"
2243,"sebebi",5,"TUR"
2244,"şehri",5,"TUR"
2245,"şehrinde",5,"TUR"
2246,"sekreter",5,"TUR"
2247,"sektör",5,"TUR"
2248,"seviyesinde",5,"TUR"
2249,"seviyesine",5,"TUR"
2250,"şiddet",5,"TUR"
2251,"sıfır",5,"TUR"
2252,"sınavı",5,"TUR"
2253,"şirketi",5,"TUR"
2254,"şirketlerin",5,"TUR"
2255,"sistemleri",5,"TUR"
2256,"sitesinde",5,"TUR"
2257,"sivasspor",5,"TUR"
2258,"siyah",5,"TUR"
2259,"sohbet",5,"TUR"
2260,"şok",5,"TUR"
2261,"sokağa",5,"TUR"
2262,"sorusu",5,"TUR"
2263,"suçundan",5,"TUR"
2264,"sultan",5,"TUR"
2265,"sürecin",5,"TUR"
2266,"sürecinde",5,"TUR"
2267,"sürpriz",5,"TUR"
2268,"sürücü",5,"TUR"
2269,"sürücüsü",5,"TUR"
2270,"suudi",5,"TUR"
2271,"suyu",5,"TUR"
2272,"tablo",5,"TUR"
2273,"tahıl",5,"TUR"
2274,"takdirde",5,"TUR"
2275,"tamamlandı",5,"TUR"
2276,"tarafında",5,"TUR"
2277,"tarihine",5,"TUR"
2278,"tarihli",5,"TUR"
2279,"taşıdı",5,"TUR"
2280,"tavsiye",5,"TUR"
2281,"tazminat",5,"TUR"
2282,"temiz",5,"TUR"
2283,"tesisi",5,"TUR"
2284,"ti",5,"TUR"
2285,"tipi",5,"TUR"
2286,"toplamda",5,"TUR"
2287,"toplantının",5,"TUR"
2288,"törenle",5,"TUR"
2289,"trilyon",5,"TUR"
2290,"tüketici",5,"TUR"
2291,"tüketim",5,"TUR"
2292,"turizm",5,"TUR"
2293,"uçağı",5,"TUR"
2294,"ücrete",5,"TUR"
2295,"ucuz",5,"TUR"
2296,"ukraynalı",5,"TUR"
2297,"ulaşım",5,"TUR"
2298,"ülkeleri",5,"TUR"
2299,"ülkelerinin",5,"TUR"
2300,"ülkemizi",5,"TUR"
2301,"umut",5,"TUR"
2302,"üniversite",5,"TUR"
2303,"uyarı",5,"TUR"
2304,"uygulamayı",5,"TUR"
2305,"varank",5,"TUR"
2306,"vatandaşımızın",5,"TUR"
2307,"vedat",5,"TUR"
2308,"vergisi",5,"TUR"
2309,"verilecek",5,"TUR"
2310,"verin",5,"TUR"
2311,"veriyoruz",5,"TUR"
2312,"vermeden",5,"TUR"
2313,"vermiş",5,"TUR"
2314,"vitamini",5,"TUR"
2315,"vücut",5,"TUR"
2316,"www",5,"TUR"
2317,"yakınları",5,"TUR"
2318,"yanına",5,"TUR"
2319,"yanıtını",5,"TUR"
2320,"yanlış",5,"TUR"
2321,"yapımı",5,"TUR"
2322,"yapıp",5,"TUR"
2323,"yapıyoruz",5,"TUR"
2324,"yapması",5,"TUR"
2325,"yarım",5,"TUR"
2326,"yasa",5,"TUR"
2327,"yaşadı",5,"TUR"
2328,"yasağı",5,"TUR"
2329,"yasal",5,"TUR"
2330,"yazdı",5,"TUR"
2331,"yerden",5,"TUR"
2332,"yerin",5,"TUR"
2333,"yetkili",5,"TUR"
2334,"yıla",5,"TUR"
2335,"yıldan",5,"TUR"
2336,"yılına",5,"TUR"
2337,"yoluyla",5,"TUR"
2338,"yukarı",5,"TUR"
2339,"zafer",5,"TUR"
2340,"zayıf",5,"TUR"
2341,"zelenski",5,"TUR"
2342,"zelenskiy",5,"TUR"
2343,"zirvesi",5,"TUR"
2344,"01",4,"TUR"
2345,"107",4,"TUR"
2346,"111",4,"TUR"
2347,"125",4,"TUR"
2348,"2000",4,"TUR"
2349,"2006",4,"TUR"
2350,"2008",4,"TUR"
2351,"2013",4,"TUR"
2352,"2014",4,"TUR"
2353,"2015",4,"TUR"
2354,"2017",4,"TUR"
2355,"38",4,"TUR"
2356,"46",4,"TUR"
2357,"47",4,"TUR"
2358,"51",4,"TUR"
2359,"71",4,"TUR"
2360,"83",4,"TUR"
2361,"aç",4,"TUR"
2362,"acaba",4,"TUR"
2363,"acı",4,"TUR"
2364,"açıklamasına",4,"TUR"
2365,"açıklanacak",4,"TUR"
2366,"acilen",4,"TUR"
2367,"açıp",4,"TUR"
2368,"acısını",4,"TUR"
2369,"açlık",4,"TUR"
2370,"ada",4,"TUR"
2371,"adamı",4,"TUR"
2372,"adaylığını",4,"TUR"
2373,"adliye",4,"TUR"
2374,"adnan",4,"TUR"
2375,"adrese",4,"TUR"
2376,"afganistan",4,"TUR"
2377,"ağabey",4,"TUR"
2378,"ağırlık",4,"TUR"
2379,"ahlak",4,"TUR"
2380,"aihm",4,"TUR"
2381,"aileleri",4,"TUR"
2382,"ailenin",4,"TUR"
2383,"akciğer",4,"TUR"
2384,"akıl",4,"TUR"
2385,"akıllara",4,"TUR"
2386,"aksi",4,"TUR"
2387,"aksoy",4,"TUR"
2388,"aktaş",4,"TUR"
2389,"aldıkları",4,"TUR"
2390,"aldıklarını",4,"TUR"
2391,"alev",4,"TUR"
2392,"alınacak",4,"TUR"
2393,"alındığı",4,"TUR"
2394,"alındığını",4,"TUR"
2395,"alınıyor",4,"TUR"
2396,"alınmasına",4,"TUR"
2397,"alınmış",4,"TUR"
2398,"alırken",4,"TUR"
2399,"alkol",4,"TUR"
2400,"almadan",4,"TUR"
2401,"almayı",4,"TUR"
2402,"altaylı",4,"TUR"
2403,"altındaki",4,"TUR"
2404,"altun",4,"TUR"
2405,"amasra",4,"TUR"
2406,"analiz",4,"TUR"
2407,"ani",4,"TUR"
2408,"ankete",4,"TUR"
2409,"anketi",4,"TUR"
2410,"anlamında",4,"TUR"
2411,"anlık",4,"TUR"
2412,"anneler",4,"TUR"
2413,"apple",4,"TUR"
2414,"araba",4,"TUR"
2415,"aracın",4,"TUR"
2416,"araçları",4,"TUR"
2417,"aradan",4,"TUR"
2418,"aradı",4,"TUR"
2419,"araştırılıyor",4,"TUR"
2420,"araştırmaya",4,"TUR"
2421,"arbede",4,"TUR"
2422,"arka",4,"TUR"
2423,"arkadaşım",4,"TUR"
2424,"artarak",4,"TUR"
2425,"artırdı",4,"TUR"
2426,"artışları",4,"TUR"
2427,"aşamasında",4,"TUR"
2428,"asfalt",4,"TUR"
2429,"atılan",4,"TUR"
2430,"atina",4,"TUR"
2431,"atmak",4,"TUR"
2432,"avrupalı",4,"TUR"
2433,"aydır",4,"TUR"
2434,"baba",4,"TUR"
2435,"babacan",4,"TUR"
2436,"bağımlılık",4,"TUR"
2437,"bağışıklık",4,"TUR"
2438,"bakanlığının",4,"TUR"
2439,"bakanlıktan",4,"TUR"
2440,"başarısı",4,"TUR"
2441,"başiskele",4,"TUR"
2442,"basit",4,"TUR"
2443,"başkanının",4,"TUR"
2444,"başkanlık",4,"TUR"
2445,"başkenti",4,"TUR"
2446,"başlıca",4,"TUR"
2447,"batılı",4,"TUR"
2448,"bay",4,"TUR"
2449,"baykal",4,"TUR"
2450,"baz",4,"TUR"
2451,"bazında",4,"TUR"
2452,"beklenti",4,"TUR"
2453,"belgelerin",4,"TUR"
2454,"belgesi",4,"TUR"
2455,"beraberinde",4,"TUR"
2456,"beştepe",4,"TUR"
2457,"biberin",4,"TUR"
2458,"biçimde",4,"TUR"
2459,"bilgileri",4,"TUR"
2460,"bilgisini",4,"TUR"
2461,"bilimsel",4,"TUR"
2462,"bireysel",4,"TUR"
2463,"birgün",4,"TUR"
2464,"birileri",4,"TUR"
2465,"birisi",4,"TUR"
2466,"birtakım",4,"TUR"
2467,"bisiklet",4,"TUR"
2468,"bıyık",4,"TUR"
2469,"bizzat",4,"TUR"
2470,"bodrum",4,"TUR"
2471,"bölgedeki",4,"TUR"
2472,"boluspor",4,"TUR"
2473,"borç",4,"TUR"
2474,"boşanma",4,"TUR"
2475,"boşuna",4,"TUR"
2476,"bozkır",4,"TUR"
2477,"brüksel",4,"TUR"
2478,"bulan",4,"TUR"
2479,"bulunmak",4,"TUR"
2480,"bulunur",4,"TUR"
2481,"bulut",4,"TUR"
2482,"burnunda",4,"TUR"
2483,"burun",4,"TUR"
2484,"buse",4,"TUR"
2485,"büyükelçiliği",4,"TUR"
2486,"ç",4,"TUR"
2487,"çağdaş",4,"TUR"
2488,"çağrısı",4,"TUR"
2489,"çalışıyorum",4,"TUR"
2490,"canan",4,"TUR"
2491,"cari",4,"TUR"
2492,"çarptı",4,"TUR"
2493,"çekerek",4,"TUR"
2494,"çekiyor",4,"TUR"
2495,"cemal",4,"TUR"
2496,"ceo",4,"TUR"
2497,"çete",4,"TUR"
2498,"çetin",4,"TUR"
2499,"çeyrek",4,"TUR"
2500,"cezayir",4,"TUR"
2501,"china",4,"TUR"
2502,"cihan",4,"TUR"
2503,"çıkaran",4,"TUR"
2504,"çıkmasına",4,"TUR"
2505,"çıktık",4,"TUR"
2506,"cinsiyet",4,"TUR"
2507,"cnn",4,"TUR"
2508,"çocuğu",4,"TUR"
2509,"çocuğunun",4,"TUR"
2510,"çocuklarla",4,"TUR"
2511,"çocuklu",4,"TUR"
2512,"çözüme",4,"TUR"
2513,"cüneyt",4,"TUR"
2514,"daimi",4,"TUR"
2515,"dakikada",4,"TUR"
2516,"damar",4,"TUR"
2517,"darbe",4,"TUR"
2518,"davasında",4,"TUR"
2519,"davet",4,"TUR"
2520,"davutoğlu",4,"TUR"
2521,"dayanışma",4,"TUR"
2522,"dedik",4,"TUR"
2523,"değerlendirilmesi",4,"TUR"
2524,"değerli",4,"TUR"
2525,"değildi",4,"TUR"
2526,"demokrat",4,"TUR"
2527,"deplasmanda",4,"TUR"
2528,"der",4,"TUR"
2529,"dereceye",4,"TUR"
2530,"dergisi",4,"TUR"
2531,"derince",4,"TUR"
2532,"ders",4,"TUR"
2533,"derya",4,"TUR"
2534,"desteğe",4,"TUR"
2535,"destici",4,"TUR"
2536,"deva",4,"TUR"
2537,"devasa",4,"TUR"
2538,"devrim",4,"TUR"
2539,"dil",4,"TUR"
2540,"dilek",4,"TUR"
2541,"dili",4,"TUR"
2542,"dinamik",4,"TUR"
2543,"dinlenme",4,"TUR"
2544,"dır",4,"TUR"
2545,"diyarbakır",4,"TUR"
2546,"diyorum",4,"TUR"
2547,"dizinin",4,"TUR"
2548,"dizisi",4,"TUR"
2549,"dönemlerde",4,"TUR"
2550,"dönen",4,"TUR"
2551,"dostu",4,"TUR"
2552,"doz",4,"TUR"
2553,"dozda",4,"TUR"
2554,"durumlarda",4,"TUR"
2555,"durumunun",4,"TUR"
2556,"düşman",4,"TUR"
2557,"düşmanı",4,"TUR"
2558,"düşünce",4,"TUR"
2559,"düşünüyoruz",4,"TUR"
2560,"duyduğu",4,"TUR"
2561,"düzenlemesi",4,"TUR"
2562,"düzensiz",4,"TUR"
2563,"düzey",4,"TUR"
2564,"düzeyde",4,"TUR"
2565,"ebru",4,"TUR"
2566,"ederiz",4,"TUR"
2567,"edip",4,"TUR"
2568,"ekiplerine",4,"TUR"
2569,"ekonomide",4,"TUR"
2570,"ekranlarında",4,"TUR"
2571,"eksik",4,"TUR"
2572,"elektrikli",4,"TUR"
2573,"eli",4,"TUR"
2574,"elif",4,"TUR"
2575,"elizabeth",4,"TUR"
2576,"emeği",4,"TUR"
2577,"emek",4,"TUR"
2578,"emeklilerin",4,"TUR"
2579,"emniyetteki",4,"TUR"
2580,"enes",4,"TUR"
2581,"enflasyonda",4,"TUR"
2582,"enflasyonla",4,"TUR"
2583,"erkekler",4,"TUR"
2584,"eser",4,"TUR"
2585,"esnafın",4,"TUR"
2586,"etkin",4,"TUR"
2587,"etkinliğe",4,"TUR"
2588,"etkisiz",4,"TUR"
2589,"etmiyor",4,"TUR"
2590,"ettiklerini",4,"TUR"
2591,"euroluk",4,"TUR"
2592,"eyalet",4,"TUR"
2593,"f",4,"TUR"
2594,"fabrika",4,"TUR"
2595,"fabrikada",4,"TUR"
2596,"facebook",4,"TUR"
2597,"fahrettin",4,"TUR"
2598,"falyalı",4,"TUR"
2599,"farkındalık",4,"TUR"
2600,"fas",4,"TUR"
2601,"fen",4,"TUR"
2602,"firma",4,"TUR"
2603,"fırsatı",4,"TUR"
2604,"fiyatlarına",4,"TUR"
2605,"fonu",4,"TUR"
2606,"forma",4,"TUR"
2607,"garanti",4,"TUR"
2608,"gayret",4,"TUR"
2609,"geççek",4,"TUR"
2610,"geçerek",4,"TUR"
2611,"geçerli",4,"TUR"
2612,"gecesi",4,"TUR"
2613,"geçirdiği",4,"TUR"
2614,"geçiren",4,"TUR"
2615,"geçirmek",4,"TUR"
2616,"geldiğimiz",4,"TUR"
2617,"geldiğinde",4,"TUR"
2618,"geldik",4,"TUR"
2619,"geleceğini",4,"TUR"
2620,"geleni",4,"TUR"
2621,"geliri",4,"TUR"
2622,"gelişen",4,"TUR"
2623,"gelmeye",4,"TUR"
2624,"gelmiş",4,"TUR"
2625,"gemi",4,"TUR"
2626,"gerçekleşti",4,"TUR"
2627,"gerçekleştiren",4,"TUR"
2628,"gerçekleştirildi",4,"TUR"
2629,"gerede",4,"TUR"
2630,"geriledi",4,"TUR"
2631,"getirerek",4,"TUR"
2632,"getirilen",4,"TUR"
2633,"getirilmesi",4,"TUR"
2634,"getiriyor",4,"TUR"
2635,"gezi",4,"TUR"
2636,"giresun",4,"TUR"
2637,"giyim",4,"TUR"
2638,"gök",4,"TUR"
2639,"gönül",4,"TUR"
2640,"gördüğü",4,"TUR"
2641,"gördüm",4,"TUR"
2642,"görevi",4,"TUR"
2643,"görmek",4,"TUR"
2644,"görüldüğü",4,"TUR"
2645,"görülüyor",4,"TUR"
2646,"görünce",4,"TUR"
2647,"görüntü",4,"TUR"
2648,"görüntüleri",4,"TUR"
2649,"görüşmede",4,"TUR"
2650,"görüşmesi",4,"TUR"
2651,"gösterdik",4,"TUR"
2652,"göstermek",4,"TUR"
2653,"götüren",4,"TUR"
2654,"gözaltı",4,"TUR"
2655,"gözü",4,"TUR"
2656,"grubu",4,"TUR"
2657,"güç",4,"TUR"
2658,"gül",4,"TUR"
2659,"güler",4,"TUR"
2660,"gültekin",4,"TUR"
2661,"gündüz",4,"TUR"
2662,"gururu",4,"TUR"
2663,"haberde",4,"TUR"
2664,"haberler",4,"TUR"
2665,"haberleri",4,"TUR"
2666,"hacı",4,"TUR"
2667,"haftada",4,"TUR"
2668,"haftalarda",4,"TUR"
2669,"haftasında",4,"TUR"
2670,"hakkındaki",4,"TUR"
2671,"haklı",4,"TUR"
2672,"haksız",4,"TUR"
2673,"halen",4,"TUR"
2674,"hali",4,"TUR"
2675,"halkın",4,"TUR"
2676,"halkına",4,"TUR"
2677,"hamile",4,"TUR"
2678,"harcama",4,"TUR"
2679,"harika",4,"TUR"
2680,"hastaların",4,"TUR"
2681,"hatalar",4,"TUR"
2682,"hatıra",4,"TUR"
2683,"hatırlatma",4,"TUR"
2684,"hatlarda",4,"TUR"
2685,"hattı",4,"TUR"
2686,"havadan",4,"TUR"
2687,"hayati",4,"TUR"
2688,"hayvan",4,"TUR"
2689,"hedefe",4,"TUR"
2690,"hediye",4,"TUR"
2691,"helal",4,"TUR"
2692,"hepimiz",4,"TUR"
2693,"hesapların",4,"TUR"
2694,"heyeti",4,"TUR"
2695,"hitap",4,"TUR"
2696,"hukuka",4,"TUR"
2697,"hükümeti",4,"TUR"
2698,"içindeki",4,"TUR"
2699,"içindir",4,"TUR"
2700,"idarenin",4,"TUR"
2701,"idaresindeki",4,"TUR"
2702,"iddialara",4,"TUR"
2703,"iddianamede",4,"TUR"
2704,"iett",4,"TUR"
2705,"ifadesi",4,"TUR"
2706,"iftar",4,"TUR"
2707,"ihaleye",4,"TUR"
2708,"ihbarla",4,"TUR"
2709,"ihlal",4,"TUR"
2710,"ikiye",4,"TUR"
2711,"ilçede",4,"TUR"
2712,"ilçeye",4,"TUR"
2713,"ilerleyen",4,"TUR"
2714,"ilginç",4,"TUR"
2715,"ilişki",4,"TUR"
2716,"ilke",4,"TUR"
2717,"ilki",4,"TUR"
2718,"imzaladı",4,"TUR"
2719,"inanılmaz",4,"TUR"
2720,"inşaat",4,"TUR"
2721,"insanlara",4,"TUR"
2722,"irak",4,"TUR"
2723,"işbirliği",4,"TUR"
2724,"işçiler",4,"TUR"
2725,"işgal",4,"TUR"
2726,"istedim",4,"TUR"
2727,"isteği",4,"TUR"
2728,"istekli",4,"TUR"
2729,"ister",4,"TUR"
2730,"isteyenlerin",4,"TUR"
2731,"izinsiz",4,"TUR"
2732,"izmit",4,"TUR"
2733,"kadıköy",4,"TUR"
2734,"kadınları",4,"TUR"
2735,"kağıt",4,"TUR"
2736,"kahramanmaraş",4,"TUR"
2737,"kalabalık",4,"TUR"
2738,"kaldığı",4,"TUR"
2739,"kaldırarak",4,"TUR"
2740,"kaldırılan",4,"TUR"
2741,"kaldırılması",4,"TUR"
2742,"kale",4,"TUR"
2743,"kalesi",4,"TUR"
2744,"kanada",4,"TUR"
2745,"kanseri",4,"TUR"
2746,"kanunu",4,"TUR"
2747,"kapısını",4,"TUR"
2748,"kapsamındaki",4,"TUR"
2749,"karaismailoğlu",4,"TUR"
2750,"kararını",4,"TUR"
2751,"kardeşi",4,"TUR"
2752,"karşılaşmada",4,"TUR"
2753,"kaşıkçı",4,"TUR"
2754,"katılacak",4,"TUR"
2755,"katılmak",4,"TUR"
2756,"kaya",4,"TUR"
2757,"kayda",4,"TUR"
2758,"kayıt",4,"TUR"
2759,"kaynakları",4,"TUR"
2760,"kazanmaya",4,"TUR"
2761,"kesik",4,"TUR"
2762,"kesimlerinin",4,"TUR"
2763,"kesinlikle",4,"TUR"
2764,"kimlik",4,"TUR"
2765,"kişilere",4,"TUR"
2766,"kitabı",4,"TUR"
2767,"kıyasla",4,"TUR"
2768,"kobi",4,"TUR"
2769,"kocaelispor",4,"TUR"
2770,"konak",4,"TUR"
2771,"konferansı",4,"TUR"
2772,"kongre",4,"TUR"
2773,"konulara",4,"TUR"
2774,"konularda",4,"TUR"
2775,"konumunda",4,"TUR"
2776,"konuşmasının",4,"TUR"
2777,"koordinasyon",4,"TUR"
2778,"koordinatörü",4,"TUR"
2779,"köpek",4,"TUR"
2780,"köyde",4,"TUR"
2781,"kulüp",4,"TUR"
2782,"kurduğu",4,"TUR"
2783,"kurucusu",4,"TUR"
2784,"kurul",4,"TUR"
2785,"kuruldu",4,"TUR"
2786,"kurundaki",4,"TUR"
2787,"kuruşa",4,"TUR"
2788,"kwh",4,"TUR"
2789,"layık",4,"TUR"
2790,"le",4,"TUR"
2791,"leri",4,"TUR"
2792,"leyen",4,"TUR"
2793,"lık",4,"TUR"
2794,"lirayı",4,"TUR"
2795,"lise",4,"TUR"
2796,"lisesi",4,"TUR"
2797,"londra",4,"TUR"
2798,"lütfen",4,"TUR"
2799,"maçın",4,"TUR"
2800,"maden",4,"TUR"
2801,"mağduru",4,"TUR"
2802,"makine",4,"TUR"
2803,"makinesi",4,"TUR"
2804,"markalar",4,"TUR"
2805,"masanın",4,"TUR"
2806,"masaya",4,"TUR"
2807,"meclisi",4,"TUR"
2808,"medyanın",4,"TUR"
2809,"melek",4,"TUR"
2810,"memleketi",4,"TUR"
2811,"memnun",4,"TUR"
2812,"memur",4,"TUR"
2813,"memuru",4,"TUR"
2814,"mensuplarının",4,"TUR"
2815,"meral",4,"TUR"
2816,"merkezleri",4,"TUR"
2817,"merkezlerinde",4,"TUR"
2818,"mesafe",4,"TUR"
2819,"mesken",4,"TUR"
2820,"metreküp",4,"TUR"
2821,"mevlüt",4,"TUR"
2822,"meydanı",4,"TUR"
2823,"miktar",4,"TUR"
2824,"milletimiz",4,"TUR"
2825,"mızın",4,"TUR"
2826,"motorin",4,"TUR"
2827,"müdahalelere",4,"TUR"
2828,"müdür",4,"TUR"
2829,"muharrem",4,"TUR"
2830,"mühendislik",4,"TUR"
2831,"muhtaç",4,"TUR"
2832,"mülteci",4,"TUR"
2833,"mümkündür",4,"TUR"
2834,"müşteri",4,"TUR"
2835,"mutfak",4,"TUR"
2836,"müzakere",4,"TUR"
2837,"n",4,"TUR"
2838,"namaz",4,"TUR"
2839,"nasip",4,"TUR"
2840,"nedir",4,"TUR"
2841,"nereye",4,"TUR"
2842,"nevşehir",4,"TUR"
2843,"nice",4,"TUR"
2844,"niğde",4,"TUR"
2845,"nikah",4,"TUR"
2846,"niyetli",4,"TUR"
2847,"normal",4,"TUR"
2848,"nur",4,"TUR"
2849,"ödül",4,"TUR"
2850,"ödülünü",4,"TUR"
2851,"of",4,"TUR"
2852,"öğrenilen",4,"TUR"
2853,"okan",4,"TUR"
2854,"olabiliyor",4,"TUR"
2855,"olaya",4,"TUR"
2856,"olaylar",4,"TUR"
2857,"öldü",4,"TUR"
2858,"ölen",4,"TUR"
2859,"olmadığına",4,"TUR"
2860,"olmasını",4,"TUR"
2861,"oluşuyor",4,"TUR"
2862,"oluyoruz",4,"TUR"
2863,"ömer",4,"TUR"
2864,"öncelikle",4,"TUR"
2865,"önemlidir",4,"TUR"
2866,"önlemek",4,"TUR"
2867,"oran",4,"TUR"
2868,"ordusu",4,"TUR"
2869,"örgütleri",4,"TUR"
2870,"ortasında",4,"TUR"
2871,"oruç",4,"TUR"
2872,"osb",4,"TUR"
2873,"osman",4,"TUR"
2874,"otel",4,"TUR"
2875,"otobüsü",4,"TUR"
2876,"ötürü",4,"TUR"
2877,"oynadığı",4,"TUR"
2878,"özdağ",4,"TUR"
2879,"özelliğiyle",4,"TUR"
2880,"özer",4,"TUR"
2881,"özgü",4,"TUR"
2882,"özil",4,"TUR"
2883,"özkan",4,"TUR"
2884,"öztürk",4,"TUR"
2885,"p",4,"TUR"
2886,"pakistan",4,"TUR"
2887,"pandemi",4,"TUR"
2888,"paşa",4,"TUR"
2889,"patlamada",4,"TUR"
2890,"paylaşan",4,"TUR"
2891,"performansı",4,"TUR"
2892,"perşembe",4,"TUR"
2893,"peş",4,"TUR"
2894,"peşe",4,"TUR"
2895,"pilot",4,"TUR"
2896,"piyasanın",4,"TUR"
2897,"plakalı",4,"TUR"
2898,"plana",4,"TUR"
2899,"planda",4,"TUR"
2900,"polonya",4,"TUR"
2901,"pro",4,"TUR"
2902,"prof",4,"TUR"
2903,"program",4,"TUR"
2904,"protesto",4,"TUR"
2905,"radyo",4,"TUR"
2906,"rahmet",4,"TUR"
2907,"reklam",4,"TUR"
2908,"restorasyon",4,"TUR"
2909,"riskini",4,"TUR"
2910,"riskli",4,"TUR"
2911,"sağladı",4,"TUR"
2912,"sağlamak",4,"TUR"
2913,"sağlığını",4,"TUR"
2914,"sahiplerinin",4,"TUR"
2915,"sahneye",4,"TUR"
2916,"şahsın",4,"TUR"
2917,"sakarya",4,"TUR"
2918,"saldırılar",4,"TUR"
2919,"saldırısı",4,"TUR"
2920,"saldırısına",4,"TUR"
2921,"salonu",4,"TUR"
2922,"şampiyonlar",4,"TUR"
2923,"sanık",4,"TUR"
2924,"şarkıcı",4,"TUR"
2925,"şartları",4,"TUR"
2926,"satışları",4,"TUR"
2927,"savunan",4,"TUR"
2928,"saygı",4,"TUR"
2929,"sayısında",4,"TUR"
2930,"şehrin",4,"TUR"
2931,"seneye",4,"TUR"
2932,"serik",4,"TUR"
2933,"seviyesinin",4,"TUR"
2934,"seviyeye",4,"TUR"
2935,"şikayet",4,"TUR"
2936,"silahları",4,"TUR"
2937,"sınıf",4,"TUR"
2938,"şirket",4,"TUR"
2939,"sisteme",4,"TUR"
2940,"sistemini",4,"TUR"
2941,"siteleri",4,"TUR"
2942,"sitesi",4,"TUR"
2943,"sizler",4,"TUR"
2944,"skandal",4,"TUR"
2945,"sokakta",4,"TUR"
2946,"sol",4,"TUR"
2947,"solunum",4,"TUR"
2948,"sondaj",4,"TUR"
2949,"sonuçlar",4,"TUR"
2950,"sonuçların",4,"TUR"
2951,"sonuçlarını",4,"TUR"
2952,"sorularını",4,"TUR"
2953,"sorumluluk",4,"TUR"
2954,"sorumlusu",4,"TUR"
2955,"sorunlar",4,"TUR"
2956,"sorunların",4,"TUR"
2957,"sosu",4,"TUR"
2958,"söylemişti",4,"TUR"
2959,"söyleyerek",4,"TUR"
2960,"söylüyor",4,"TUR"
2961,"söylüyorum",4,"TUR"
2962,"sözler",4,"TUR"
2963,"sözlerini",4,"TUR"
2964,"sözleriyle",4,"TUR"
2965,"sözleşmesi",4,"TUR"
2966,"star",4,"TUR"
2967,"sudan",4,"TUR"
2968,"sunduğu",4,"TUR"
2969,"sürdürülebilir",4,"TUR"
2970,"sürecek",4,"TUR"
2971,"suriyeli",4,"TUR"
2972,"takibi",4,"TUR"
2973,"takımda",4,"TUR"
2974,"takımdan",4,"TUR"
2975,"tanınan",4,"TUR"
2976,"tanju",4,"TUR"
2977,"tapu",4,"TUR"
2978,"tarihleri",4,"TUR"
2979,"tarımda",4,"TUR"
2980,"tatil",4,"TUR"
2981,"taze",4,"TUR"
2982,"tazminatı",4,"TUR"
2983,"tecavüz",4,"TUR"
2984,"teklifini",4,"TUR"
2985,"teknofest",4,"TUR"
2986,"temas",4,"TUR"
2987,"tepkiler",4,"TUR"
2988,"tepkisini",4,"TUR"
2989,"tesis",4,"TUR"
2990,"times",4,"TUR"
2991,"tır",4,"TUR"
2992,"toplumsal",4,"TUR"
2993,"toprak",4,"TUR"
2994,"toto",4,"TUR"
2995,"trafik",4,"TUR"
2996,"transfer",4,"TUR"
2997,"transferi",4,"TUR"
2998,"tren",4,"TUR"
2999,"trt",4,"TUR"
3000,"tuncay",4,"TUR"
3001,"turan",4,"TUR"
3002,"tutuklandı",4,"TUR"
3003,"tutuklu",4,"TUR"
3004,"tweet",4,"TUR"
3005,"üçlü",4,"TUR"
3006,"ücretin",4,"TUR"
3007,"uefa",4,"TUR"
3008,"uğradığı",4,"TUR"
3009,"ulaşan",4,"TUR"
3010,"ülkelerine",4,"TUR"
3011,"ülkesinde",4,"TUR"
3012,"ülkeyi",4,"TUR"
3013,"ürünü",4,"TUR"
3014,"usta",4,"TUR"
3015,"üste",4,"TUR"
3016,"üstelik",4,"TUR"
3017,"üyeleri",4,"TUR"
3018,"üyelerine",4,"TUR"
3019,"üyeliği",4,"TUR"
3020,"uygulanan",4,"TUR"
3021,"uyruklu",4,"TUR"
3022,"vaka",4,"TUR"
3023,"vakfı",4,"TUR"
3024,"valiliği",4,"TUR"
3025,"varol",4,"TUR"
3026,"vatandaşa",4,"TUR"
3027,"vatandaşı",4,"TUR"
3028,"vatandaşın",4,"TUR"
3029,"vefat",4,"TUR"
3030,"verdiğimiz",4,"TUR"
3031,"verdik",4,"TUR"
3032,"verilere",4,"TUR"
3033,"verileri",4,"TUR"
3034,"verilerini",4,"TUR"
3035,"verimli",4,"TUR"
3036,"verir",4,"TUR"
3037,"verirken",4,"TUR"
3038,"vermedi",4,"TUR"
3039,"vitamin",4,"TUR"
3040,"vize",4,"TUR"
3041,"von",4,"TUR"
3042,"yaban",4,"TUR"
3043,"yağışı",4,"TUR"
3044,"yağmur",4,"TUR"
3045,"yakaladı",4,"TUR"
3046,"yakıt",4,"TUR"
3047,"yaklaşırken",4,"TUR"
3048,"yapabilirsiniz",4,"TUR"
3049,"yaparsın",4,"TUR"
3050,"yapay",4,"TUR"
3051,"yapmaları",4,"TUR"
3052,"yaptırımların",4,"TUR"
3053,"yaralanan",4,"TUR"
3054,"yarından",4,"TUR"
3055,"yaşadığını",4,"TUR"
3056,"yaşamaya",4,"TUR"
3057,"yaşandığını",4,"TUR"
3058,"yasin",4,"TUR"
3059,"yatan",4,"TUR"
3060,"yayınlandı",4,"TUR"
3061,"yazdığı",4,"TUR"
3062,"yazıldı",4,"TUR"
3063,"yemek",4,"TUR"
3064,"yerlerde",4,"TUR"
3065,"yılki",4,"TUR"
3066,"yıllardır",4,"TUR"
3067,"yılları",4,"TUR"
3068,"yitirdi",4,"TUR"
3069,"yle",4,"TUR"
3070,"yolsuzluk",4,"TUR"
3071,"yolun",4,"TUR"
3072,"yönden",4,"TUR"
3073,"yönetici",4,"TUR"
3074,"yönetilmesi",4,"TUR"
3075,"york",4,"TUR"
3076,"yücel",4,"TUR"
3077,"yük",4,"TUR"
3078,"yükü",4,"TUR"
3079,"yunan",4,"TUR"
3080,"yunus",4,"TUR"
3081,"yürüyüş",4,"TUR"
3082,"yüze",4,"TUR"
3083,"yüzüne",4,"TUR"
3084,"zamanı",4,"TUR"
3085,"zamlar",4,"TUR"
3086,"zeka",4,"TUR"
3087,"ziyareti",4,"TUR"
3088,"zonguldak",4,"TUR"
3089,"zorunlu",4,"TUR"
3090,"09",3,"TUR"
3091,"105",3,"TUR"
3092,"115",3,"TUR"
3093,"122",3,"TUR"
3094,"123",3,"TUR"
3095,"180",3,"TUR"
3096,"2001",3,"TUR"
3097,"2010",3,"TUR"
3098,"2012",3,"TUR"
3099,"260",3,"TUR"
3100,"300",3,"TUR"
3101,"39",3,"TUR"
3102,"43",3,"TUR"
3103,"44",3,"TUR"
3104,"450",3,"TUR"
3105,"52",3,"TUR"
3106,"58",3,"TUR"
3107,"59",3,"TUR"
3108,"64",3,"TUR"
3109,"65",3,"TUR"
3110,"74",3,"TUR"
3111,"76",3,"TUR"
3112,"78",3,"TUR"
3113,"79",3,"TUR"
3114,"899",3,"TUR"
3115,"93",3,"TUR"
3116,"97",3,"TUR"
3117,"aa",3,"TUR"
3118,"açacağız",3,"TUR"
3119,"açıkladığı",3,"TUR"
3120,"açıklamaların",3,"TUR"
3121,"açıklanması",3,"TUR"
3122,"açıklayan",3,"TUR"
3123,"açıldı",3,"TUR"
3124,"acılı",3,"TUR"
3125,"açılışı",3,"TUR"
3126,"açılması",3,"TUR"
3127,"adayını",3,"TUR"
3128,"adaylar",3,"TUR"
3129,"adayların",3,"TUR"
3130,"adaylık",3,"TUR"
3131,"adem",3,"TUR"
3132,"adımları",3,"TUR"
3133,"adliyede",3,"TUR"
3134,"ağaç",3,"TUR"
3135,"ağacı",3,"TUR"
3136,"ağaçların",3,"TUR"
3137,"ağbaba",3,"TUR"
3138,"ağırlıklı",3,"TUR"
3139,"ağız",3,"TUR"
3140,"ağustosta",3,"TUR"
3141,"aileler",3,"TUR"
3142,"ailesinin",3,"TUR"
3143,"ajansı",3,"TUR"
3144,"akademik",3,"TUR"
3145,"akalın",3,"TUR"
3146,"akıncı",3,"TUR"
3147,"akışı",3,"TUR"
3148,"akkuyu",3,"TUR"
3149,"aksaray",3,"TUR"
3150,"aktif",3,"TUR"
3151,"al",3,"TUR"
3152,"alabilirsiniz",3,"TUR"
3153,"alabiliyor",3,"TUR"
3154,"alacağını",3,"TUR"
3155,"alacağız",3,"TUR"
3156,"alakalı",3,"TUR"
3157,"alalım",3,"TUR"
3158,"alanlarda",3,"TUR"
3159,"alanlarında",3,"TUR"
3160,"alay",3,"TUR"
3161,"aldım",3,"TUR"
3162,"alex",3,"TUR"
3163,"alımı",3,"TUR"
3164,"alır",3,"TUR"
3165,"alkollü",3,"TUR"
3166,"almayan",3,"TUR"
3167,"altan",3,"TUR"
3168,"altının",3,"TUR"
3169,"altyapı",3,"TUR"
3170,"ameliyata",3,"TUR"
3171,"amerikan",3,"TUR"
3172,"amirliği",3,"TUR"
3173,"analizde",3,"TUR"
3174,"anaokulu",3,"TUR"
3175,"andı",3,"TUR"
3176,"aniden",3,"TUR"
3177,"anıları",3,"TUR"
3178,"anlamlı",3,"TUR"
3179,"anları",3,"TUR"
3180,"anlaşmanın",3,"TUR"
3181,"anlayışı",3,"TUR"
3182,"anlayışla",3,"TUR"
3183,"antalyaspor",3,"TUR"
3184,"antrenörlük",3,"TUR"
3185,"ap",3,"TUR"
3186,"araçta",3,"TUR"
3187,"arap",3,"TUR"
3188,"ardı",3,"TUR"
3189,"arınç",3,"TUR"
3190,"arkadaş",3,"TUR"
3191,"arkadaşlar",3,"TUR"
3192,"arkadaşlarıma",3,"TUR"
3193,"arkası",3,"TUR"
3194,"arkasındaki",3,"TUR"
3195,"artıran",3,"TUR"
3196,"artışa",3,"TUR"
3197,"artışın",3,"TUR"
3198,"artışlarının",3,"TUR"
3199,"artması",3,"TUR"
3200,"artmıştır",3,"TUR"
3201,"arzı",3,"TUR"
3202,"arzu",3,"TUR"
3203,"aşık",3,"TUR"
3204,"asıllı",3,"TUR"
3205,"asist",3,"TUR"
3206,"askerler",3,"TUR"
3207,"aşkı",3,"TUR"
3208,"askıya",3,"TUR"
3209,"at",3,"TUR"
3210,"atalay",3,"TUR"
3211,"ateşe",3,"TUR"
3212,"atıksız",3,"TUR"
3213,"avantaj",3,"TUR"
3214,"avcı",3,"TUR"
3215,"avukatlık",3,"TUR"
3216,"aya",3,"TUR"
3217,"ayda",3,"TUR"
3218,"ayırdı",3,"TUR"
3219,"aykırı",3,"TUR"
3220,"aym",3,"TUR"
3221,"ayrılan",3,"TUR"
3222,"azalma",3,"TUR"
3223,"azaltıyor",3,"TUR"
3224,"babamın",3,"TUR"
3225,"bağımsız",3,"TUR"
3226,"bağımsızlığı",3,"TUR"
3227,"bahane",3,"TUR"
3228,"bahçelievler",3,"TUR"
3229,"bak",3,"TUR"
3230,"bakanlığından",3,"TUR"
3231,"bakıldığında",3,"TUR"
3232,"bakımdan",3,"TUR"
3233,"bakımı",3,"TUR"
3234,"balkan",3,"TUR"
3235,"barınma",3,"TUR"
3236,"barışı",3,"TUR"
3237,"başakşehir",3,"TUR"
3238,"başarılarla",3,"TUR"
3239,"başarıyla",3,"TUR"
3240,"başbakanlık",3,"TUR"
3241,"başı",3,"TUR"
3242,"basına",3,"TUR"
3243,"başkanlarımızın",3,"TUR"
3244,"başladığı",3,"TUR"
3245,"başladığını",3,"TUR"
3246,"başladık",3,"TUR"
3247,"başlamasıyla",3,"TUR"
3248,"başlattığı",3,"TUR"
3249,"başlıklı",3,"TUR"
3250,"başörtüsüne",3,"TUR"
3251,"başsağlığı",3,"TUR"
3252,"başsavcılığınca",3,"TUR"
3253,"başvuruda",3,"TUR"
3254,"başvurular",3,"TUR"
3255,"başvuruları",3,"TUR"
3256,"başvurumuzu",3,"TUR"
3257,"bayramda",3,"TUR"
3258,"bbc",3,"TUR"
3259,"bekar",3,"TUR"
3260,"beklentileri",3,"TUR"
3261,"beklentilerin",3,"TUR"
3262,"beklentimiz",3,"TUR"
3263,"belarus",3,"TUR"
3264,"belirlenmesi",3,"TUR"
3265,"belirtildiği",3,"TUR"
3266,"bende",3,"TUR"
3267,"bereketli",3,"TUR"
3268,"beton",3,"TUR"
3269,"beyazlatma",3,"TUR"
3270,"beyin",3,"TUR"
3271,"bildiği",3,"TUR"
3272,"bildiğimiz",3,"TUR"
3273,"bilgilerin",3,"TUR"
3274,"bilgisayar",3,"TUR"
3275,"bilgisine",3,"TUR"
3276,"bilimi",3,"TUR"
3277,"biliyor",3,"TUR"
3278,"bilmeyen",3,"TUR"
3279,"binasına",3,"TUR"
3280,"bırakan",3,"TUR"
3281,"bırakarak",3,"TUR"
3282,"bırakıldı",3,"TUR"
3283,"bırakın",3,"TUR"
3284,"birbirlerine",3,"TUR"
3285,"bireyler",3,"TUR"
3286,"birimleri",3,"TUR"
3287,"birine",3,"TUR"
3288,"bist",3,"TUR"
3289,"bitiren",3,"TUR"
3290,"bitti",3,"TUR"
3291,"bloke",3,"TUR"
3292,"böbrek",3,"TUR"
3293,"boğaz",3,"TUR"
3294,"boğaziçi",3,"TUR"
3295,"bölgelerde",3,"TUR"
3296,"bölgelerinde",3,"TUR"
3297,"bölgesine",3,"TUR"
3298,"bölümlerinde",3,"TUR"
3299,"borsası",3,"TUR"
3300,"böylesi",3,"TUR"
3301,"böylesine",3,"TUR"
3302,"boyutlara",3,"TUR"
3303,"branşta",3,"TUR"
3304,"brüt",3,"TUR"
3305,"buğday",3,"TUR"
3306,"bugünde",3,"TUR"
3307,"bulmak",3,"TUR"
3308,"bulup",3,"TUR"
3309,"buluyor",3,"TUR"
3310,"bulvarı",3,"TUR"
3311,"bünyamin",3,"TUR"
3312,"burası",3,"TUR"
3313,"bursluluk",3,"TUR"
3314,"buruk",3,"TUR"
3315,"büyüklüğünde",3,"TUR"
3316,"çaba",3,"TUR"
3317,"çalışanlar",3,"TUR"
3318,"çalışkan",3,"TUR"
3319,"çalışmalara",3,"TUR"
3320,"çalışmalarımızı",3,"TUR"
3321,"çalışmaların",3,"TUR"
3322,"çalıştı",3,"TUR"
3323,"camiye",3,"TUR"
3324,"canı",3,"TUR"
3325,"çankaya",3,"TUR"
3326,"çankırı",3,"TUR"
3327,"canlandıran",3,"TUR"
3328,"canlılar",3,"TUR"
3329,"canlıların",3,"TUR"
3330,"cansu",3,"TUR"
3331,"çaplı",3,"TUR"
3332,"çarpması",3,"TUR"
3333,"çavuş",3,"TUR"
3334,"çay",3,"TUR"
3335,"çayı",3,"TUR"
3336,"çek",3,"TUR"
3337,"çekildi",3,"TUR"
3338,"çekilen",3,"TUR"
3339,"çektiğini",3,"TUR"
3340,"çektiren",3,"TUR"
3341,"celal",3,"TUR"
3342,"cemevleri",3,"TUR"
3343,"cengiz",3,"TUR"
3344,"çerçeve",3,"TUR"
3345,"çerçevede",3,"TUR"
3346,"çevrede",3,"TUR"
3347,"ceyhan",3,"TUR"
3348,"çeyreğinde",3,"TUR"
3349,"cezasının",3,"TUR"
3350,"cezaya",3,"TUR"
3351,"çiftçi",3,"TUR"
3352,"çiğ",3,"TUR"
3353,"çıkacağını",3,"TUR"
3354,"çıkarılan",3,"TUR"
3355,"çıkarılması",3,"TUR"
3356,"çıkarken",3,"TUR"
3357,"çıkarmak",3,"TUR"
3358,"çıkış",3,"TUR"
3359,"çıkmak",3,"TUR"
3360,"çıkmaya",3,"TUR"
3361,"çıktığında",3,"TUR"
3362,"çıktığını",3,"TUR"
3363,"çıktıktan",3,"TUR"
3364,"cinayet",3,"TUR"
3365,"çırak",3,"TUR"
3366,"çirkin",3,"TUR"
3367,"çizen",3,"TUR"
3368,"çizgi",3,"TUR"
3369,"çocuklara",3,"TUR"
3370,"çocuklarda",3,"TUR"
3371,"çocuklarının",3,"TUR"
3372,"coğrafi",3,"TUR"
3373,"çöp",3,"TUR"
3374,"çorum",3,"TUR"
3375,"coşkun",3,"TUR"
3376,"çözmek",3,"TUR"
3377,"cumhurbaşkanımızın",3,"TUR"
3378,"cumhuriyetimizin",3,"TUR"
3379,"dakikalar",3,"TUR"
3380,"dalgalı",3,"TUR"
3381,"damat",3,"TUR"
3382,"danıştay",3,"TUR"
3383,"davanın",3,"TUR"
3384,"davranışlar",3,"TUR"
3385,"dedim",3,"TUR"
3386,"defnedilecektir",3,"TUR"
3387,"değerlendirmelerde",3,"TUR"
3388,"değiliz",3,"TUR"
3389,"değişiyor",3,"TUR"
3390,"değiştirdi",3,"TUR"
3391,"demeden",3,"TUR"
3392,"demirel",3,"TUR"
3393,"denetleme",3,"TUR"
3394,"denize",3,"TUR"
3395,"depoda",3,"TUR"
3396,"deposu",3,"TUR"
3397,"derdi",3,"TUR"
3398,"desteğiyle",3,"TUR"
3399,"desteklemek",3,"TUR"
3400,"devamında",3,"TUR"
3401,"devreye",3,"TUR"
3402,"dilan",3,"TUR"
3403,"dilerim",3,"TUR"
3404,"din",3,"TUR"
3405,"diplomasi",3,"TUR"
3406,"direk",3,"TUR"
3407,"direksiyon",3,"TUR"
3408,"direktörü",3,"TUR"
3409,"dışarıdan",3,"TUR"
3410,"doktora",3,"TUR"
3411,"doktoru",3,"TUR"
3412,"dolmabahçe",3,"TUR"
3413,"domenec",3,"TUR"
3414,"don",3,"TUR"
3415,"donbas",3,"TUR"
3416,"donetsk",3,"TUR"
3417,"dönüp",3,"TUR"
3418,"dönüşüme",3,"TUR"
3419,"dördüncü",3,"TUR"
3420,"dosyada",3,"TUR"
3421,"dozu",3,"TUR"
3422,"dsö",3,"TUR"
3423,"düğün",3,"TUR"
3424,"dümen",3,"TUR"
3425,"dünyası",3,"TUR"
3426,"durma",3,"TUR"
3427,"durumdan",3,"TUR"
3428,"duruşmada",3,"TUR"
3429,"dürüst",3,"TUR"
3430,"düşmesi",3,"TUR"
3431,"düşünülmektedir",3,"TUR"
3432,"düşünün",3,"TUR"
3433,"düşürme",3,"TUR"
3434,"düşüş",3,"TUR"
3435,"düşüşe",3,"TUR"
3436,"duyarlı",3,"TUR"
3437,"duygusal",3,"TUR"
3438,"duyurmuştu",3,"TUR"
3439,"duyuruldu",3,"TUR"
3440,"düzenlemenin",3,"TUR"
3441,"düzenlemesine",3,"TUR"
3442,"düzenlemeyle",3,"TUR"
3443,"düzenli",3,"TUR"
3444,"düzgün",3,"TUR"
3445,"eczacıbaşı",3,"TUR"
3446,"eda",3,"TUR"
3447,"edeceklerini",3,"TUR"
3448,"edilmelidir",3,"TUR"
3449,"edilmişti",3,"TUR"
3450,"ekiplerin",3,"TUR"
3451,"ekledi",3,"TUR"
3452,"ekmek",3,"TUR"
3453,"ekonomist",3,"TUR"
3454,"ekonomiyi",3,"TUR"
3455,"ekrana",3,"TUR"
3456,"eksikliği",3,"TUR"
3457,"elazığ",3,"TUR"
3458,"elden",3,"TUR"
3459,"eleme",3,"TUR"
3460,"elinden",3,"TUR"
3461,"elmas",3,"TUR"
3462,"emeklilik",3,"TUR"
3463,"emeklilikte",3,"TUR"
3464,"emlak",3,"TUR"
3465,"endonezya",3,"TUR"
3466,"enerjide",3,"TUR"
3467,"engellemek",3,"TUR"
3468,"erbaş",3,"TUR"
3469,"erciyes",3,"TUR"
3470,"erişim",3,"TUR"
3471,"erkan",3,"TUR"
3472,"erkeklerin",3,"TUR"
3473,"ermeni",3,"TUR"
3474,"ermenistan",3,"TUR"
3475,"ersoy",3,"TUR"
3476,"ertuğrul",3,"TUR"
3477,"esasen",3,"TUR"
3478,"esenyurt",3,"TUR"
3479,"eseri",3,"TUR"
3480,"eşim",3,"TUR"
3481,"eşinin",3,"TUR"
3482,"eşlik",3,"TUR"
3483,"esnasında",3,"TUR"
3484,"esra",3,"TUR"
3485,"etkiledi",3,"TUR"
3486,"etkilenen",3,"TUR"
3487,"etkileri",3,"TUR"
3488,"etkilerini",3,"TUR"
3489,"etkinliği",3,"TUR"
3490,"etkinlikleri",3,"TUR"
3491,"etkinliklerin",3,"TUR"
3492,"etkinlikte",3,"TUR"
3493,"etmeden",3,"TUR"
3494,"etmesini",3,"TUR"
3495,"etmeyin",3,"TUR"
3496,"etmişti",3,"TUR"
3497,"etrafı",3,"TUR"
3498,"evden",3,"TUR"
3499,"evi",3,"TUR"
3500,"evime",3,"TUR"
3501,"evli",3,"TUR"
3502,"evrensel",3,"TUR"
3503,"exxen",3,"TUR"
3504,"eyaletinde",3,"TUR"
3505,"eylemi",3,"TUR"
3506,"eylemlerine",3,"TUR"
3507,"ezan",3,"TUR"
3508,"faaliyetlerine",3,"TUR"
3509,"farkı",3,"TUR"
3510,"fatura",3,"TUR"
3511,"fayda",3,"TUR"
3512,"fazlası",3,"TUR"
3513,"fbi",3,"TUR"
3514,"festival",3,"TUR"
3515,"film",3,"TUR"
3516,"filmin",3,"TUR"
3517,"finalde",3,"TUR"
3518,"fındık",3,"TUR"
3519,"firmalar",3,"TUR"
3520,"firmalarımızın",3,"TUR"
3521,"fırsatta",3,"TUR"
3522,"fiyatının",3,"TUR"
3523,"fiyatlar",3,"TUR"
3524,"fiyatların",3,"TUR"
3525,"fiyatlarının",3,"TUR"
3526,"fiziksel",3,"TUR"
3527,"flaş",3,"TUR"
3528,"florida",3,"TUR"
3529,"ford",3,"TUR"
3530,"formül",3,"TUR"
3531,"fotoğrafı",3,"TUR"
3532,"fox",3,"TUR"
3533,"frankfurt",3,"TUR"
3534,"fuat",3,"TUR"
3535,"full",3,"TUR"
3536,"futbolcuların",3,"TUR"
3537,"gar",3,"TUR"
3538,"gazda",3,"TUR"
3539,"geçeceği",3,"TUR"
3540,"gecenin",3,"TUR"
3541,"geçip",3,"TUR"
3542,"geçirdi",3,"TUR"
3543,"geçirilen",3,"TUR"
3544,"geçirmiş",3,"TUR"
3545,"geçiyor",3,"TUR"
3546,"geçmişe",3,"TUR"
3547,"geçtikten",3,"TUR"
3548,"gel",3,"TUR"
3549,"geldim",3,"TUR"
3550,"gelire",3,"TUR"
3551,"gelirli",3,"TUR"
3552,"gelirse",3,"TUR"
3553,"gelişim",3,"TUR"
3554,"gelişme",3,"TUR"
3555,"gelmişti",3,"TUR"
3556,"gelsin",3,"TUR"
3557,"geminin",3,"TUR"
3558,"gemisi",3,"TUR"
3559,"gencin",3,"TUR"
3560,"gençlere",3,"TUR"
3561,"gençleri",3,"TUR"
3562,"gerçeği",3,"TUR"
3563,"gerçekleştiği",3,"TUR"
3564,"gerçekleştirmek",3,"TUR"
3565,"gerekçe",3,"TUR"
3566,"gerektiği",3,"TUR"
3567,"getirdik",3,"TUR"
3568,"getirecek",3,"TUR"
3569,"getirildi",3,"TUR"
3570,"getirildiği",3,"TUR"
3571,"getirip",3,"TUR"
3572,"getirme",3,"TUR"
3573,"gideceği",3,"TUR"
3574,"girerek",3,"TUR"
3575,"girişimi",3,"TUR"
3576,"girişinde",3,"TUR"
3577,"git",3,"TUR"
3578,"giyen",3,"TUR"
3579,"gluten",3,"TUR"
3580,"göç",3,"TUR"
3581,"gönderdi",3,"TUR"
3582,"gördüğünü",3,"TUR"
3583,"görenler",3,"TUR"
3584,"görerek",3,"TUR"
3585,"görevden",3,"TUR"
3586,"görevine",3,"TUR"
3587,"görevlileri",3,"TUR"
3588,"görevlisi",3,"TUR"
3589,"görmesi",3,"TUR"
3590,"görmeye",3,"TUR"
3591,"görünen",3,"TUR"
3592,"görüntülerde",3,"TUR"
3593,"görünüm",3,"TUR"
3594,"görüşlerini",3,"TUR"
3595,"görüşmelerin",3,"TUR"
3596,"görüşmeye",3,"TUR"
3597,"gösterin",3,"TUR"
3598,"göstermiştir",3,"TUR"
3599,"gözden",3,"TUR"
3600,"grupların",3,"TUR"
3601,"güçlendirici",3,"TUR"
3602,"güçleri",3,"TUR"
3603,"gücü",3,"TUR"
3604,"gücümüzle",3,"TUR"
3605,"güldü",3,"TUR"
3606,"gülen",3,"TUR"
3607,"gülşen",3,"TUR"
3608,"gümüş",3,"TUR"
3609,"gündemde",3,"TUR"
3610,"gündür",3,"TUR"
3611,"güner",3,"TUR"
3612,"güneydoğu",3,"TUR"
3613,"güngör",3,"TUR"
3614,"günün",3,"TUR"
3615,"hadi",3,"TUR"
3616,"hadise",3,"TUR"
3617,"hain",3,"TUR"
3618,"hakem",3,"TUR"
3619,"hakkını",3,"TUR"
3620,"halı",3,"TUR"
3621,"halihazırda",3,"TUR"
3622,"halkımız",3,"TUR"
3623,"halkımızın",3,"TUR"
3624,"halkını",3,"TUR"
3625,"hane",3,"TUR"
3626,"hanımı",3,"TUR"
3627,"hapse",3,"TUR"
3628,"harcamaları",3,"TUR"
3629,"hareketi",3,"TUR"
3630,"hasarlı",3,"TUR"
3631,"hastalığa",3,"TUR"
3632,"hastalıkların",3,"TUR"
3633,"hatırlatan",3,"TUR"
3634,"havada",3,"TUR"
3635,"hayali",3,"TUR"
3636,"hayatımda",3,"TUR"
3637,"hayatının",3,"TUR"
3638,"hayatınız",3,"TUR"
3639,"hayli",3,"TUR"
3640,"hazal",3,"TUR"
3641,"hazırlanıyor",3,"TUR"
3642,"hazırlıklar",3,"TUR"
3643,"hazırlıklarını",3,"TUR"
3644,"hazreti",3,"TUR"
3645,"hele",3,"TUR"
3646,"hepimize",3,"TUR"
3647,"hesaplanan",3,"TUR"
3648,"heyecanla",3,"TUR"
3649,"heyecanlı",3,"TUR"
3650,"hikaye",3,"TUR"
3651,"hikayesi",3,"TUR"
3652,"hızlıca",3,"TUR"
3653,"hizmetlerine",3,"TUR"
3654,"holding",3,"TUR"
3655,"hong",3,"TUR"
3656,"hususunda",3,"TUR"
3657,"huylu",3,"TUR"
3658,"iadesi",3,"TUR"
3659,"ibaret",3,"TUR"
3660,"içinden",3,"TUR"
3661,"içindeyiz",3,"TUR"
3662,"iddialarının",3,"TUR"
3663,"iddialı",3,"TUR"
3664,"ideal",3,"TUR"
3665,"idi",3,"TUR"
3666,"ifadeleriyle",3,"TUR"
3667,"iğdır",3,"TUR"
3668,"ihmal",3,"TUR"
3669,"ihracatçıları",3,"TUR"
3670,"ihracatta",3,"TUR"
3671,"ihtiyacının",3,"TUR"
3672,"ikamet",3,"TUR"
3673,"iken",3,"TUR"
3674,"ikisi",3,"TUR"
3675,"ikna",3,"TUR"
3676,"ila",3,"TUR"
3677,"ilave",3,"TUR"
3678,"ilçesindeki",3,"TUR"
3679,"ilıcalı",3,"TUR"
3680,"ilişkiler",3,"TUR"
3681,"imkan",3,"TUR"
3682,"imparatorluk",3,"TUR"
3683,"imzalanan",3,"TUR"
3684,"inanıyoruz",3,"TUR"
3685,"incelemelerde",3,"TUR"
3686,"insanlığın",3,"TUR"
3687,"iphone",3,"TUR"
3688,"iptali",3,"TUR"
3689,"işık",3,"TUR"
3690,"işine",3,"TUR"
3691,"ısınma",3,"TUR"
3692,"iskenderun",3,"TUR"
3693,"işlemlerinin",3,"TUR"
3694,"işlenen",3,"TUR"
3695,"işlere",3,"TUR"
3696,"işlerine",3,"TUR"
3697,"ispanyol",3,"TUR"
3698,"istemiyor",3,"TUR"
3699,"isteniyor",3,"TUR"
3700,"isteyenler",3,"TUR"
3701,"istikrar",3,"TUR"
3702,"isviçre",3,"TUR"
3703,"italyan",3,"TUR"
3704,"itibari",3,"TUR"
3705,"iyice",3,"TUR"
3706,"jeopolitik",3,"TUR"
3707,"jesus",3,"TUR"
3708,"kaçınılmaz",3,"TUR"
3709,"kadına",3,"TUR"
3710,"kadro",3,"TUR"
3711,"kafe",3,"TUR"
3712,"kahramanlık",3,"TUR"
3713,"kahvesi",3,"TUR"
3714,"kalarak",3,"TUR"
3715,"kalbi",3,"TUR"
3716,"kaldık",3,"TUR"
3717,"kaldırıldığı",3,"TUR"
3718,"kalma",3,"TUR"
3719,"kalması",3,"TUR"
3720,"kalmasını",3,"TUR"
3721,"kalmış",3,"TUR"
3722,"kampanyalar",3,"TUR"
3723,"kampanyası",3,"TUR"
3724,"kamuoyu",3,"TUR"
3725,"kanalında",3,"TUR"
3726,"kanatta",3,"TUR"
3727,"kanunlar",3,"TUR"
3728,"kapasite",3,"TUR"
3729,"kaplan",3,"TUR"
3730,"karaca",3,"TUR"
3731,"kararda",3,"TUR"
3732,"kararıyla",3,"TUR"
3733,"kararlar",3,"TUR"
3734,"kararları",3,"TUR"
3735,"kardeş",3,"TUR"
3736,"karın",3,"TUR"
3737,"karşılama",3,"TUR"
3738,"karşılaştı",3,"TUR"
3739,"karşılığı",3,"TUR"
3740,"karşılığında",3,"TUR"
3741,"karşısına",3,"TUR"
3742,"kartal",3,"TUR"
3743,"kartı",3,"TUR"
3744,"kategorisinde",3,"TUR"
3745,"katılım",3,"TUR"
3746,"katında",3,"TUR"
3747,"kayak",3,"TUR"
3748,"kaybettiği",3,"TUR"
3749,"kaybettiğimiz",3,"TUR"
3750,"kaybettiğini",3,"TUR"
3751,"kaygusuz",3,"TUR"
3752,"kayıtlara",3,"TUR"
3753,"kayıtları",3,"TUR"
3754,"kaynaklar",3,"TUR"
3755,"kazı",3,"TUR"
3756,"kazma",3,"TUR"
3757,"kenara",3,"TUR"
3758,"kendilerini",3,"TUR"
3759,"kendimizi",3,"TUR"
3760,"kendinizi",3,"TUR"
3761,"kentin",3,"TUR"
3762,"kentinde",3,"TUR"
3763,"kesici",3,"TUR"
3764,"kesim",3,"TUR"
3765,"keskin",3,"TUR"
3766,"kg",3,"TUR"
3767,"kıbrıs",3,"TUR"
3768,"kıdem",3,"TUR"
3769,"kılınacak",3,"TUR"
3770,"kılınç",3,"TUR"
3771,"kilometreye",3,"TUR"
3772,"kime",3,"TUR"
3773,"kimin",3,"TUR"
3774,"kıran",3,"TUR"
3775,"kırım",3,"TUR"
3776,"kişiye",3,"TUR"
3777,"kısmının",3,"TUR"
3778,"kıyma",3,"TUR"
3779,"kızının",3,"TUR"
3780,"koku",3,"TUR"
3781,"kolaylaştıracak",3,"TUR"
3782,"kom",3,"TUR"
3783,"kompleksi",3,"TUR"
3784,"kong",3,"TUR"
3785,"kontrolde",3,"TUR"
3786,"konulan",3,"TUR"
3787,"konuma",3,"TUR"
3788,"konuşmasında",3,"TUR"
3789,"konusudur",3,"TUR"
3790,"konusunu",3,"TUR"
3791,"koordinesinde",3,"TUR"
3792,"korkmaz",3,"TUR"
3793,"koruyor",3,"TUR"
3794,"koruyucu",3,"TUR"
3795,"koşullar",3,"TUR"
3796,"köyü",3,"TUR"
3797,"koyuldu",3,"TUR"
3798,"köyüne",3,"TUR"
3799,"kpss",3,"TUR"
3800,"kral",3,"TUR"
3801,"kraliçe",3,"TUR"
3802,"küçükkaya",3,"TUR"
3803,"kullanacak",3,"TUR"
3804,"kullanıcı",3,"TUR"
3805,"kullanıcıları",3,"TUR"
3806,"kullanılabilir",3,"TUR"
3807,"kullanıldığı",3,"TUR"
3808,"kullanımı",3,"TUR"
3809,"kullanma",3,"TUR"
3810,"kulübün",3,"TUR"
3811,"kum",3,"TUR"
3812,"kuraklık",3,"TUR"
3813,"kural",3,"TUR"
3814,"kuralları",3,"TUR"
3815,"kurarak",3,"TUR"
3816,"kurmak",3,"TUR"
3817,"kurtarıldı",3,"TUR"
3818,"kurtulmanın",3,"TUR"
3819,"kurtuluş",3,"TUR"
3820,"kurucu",3,"TUR"
3821,"kurulan",3,"TUR"
3822,"kuruluş",3,"TUR"
3823,"kuruluşlar",3,"TUR"
3824,"kuşkusuz",3,"TUR"
3825,"kuvvetlerinin",3,"TUR"
3826,"lacivertli",3,"TUR"
3827,"ları",3,"TUR"
3828,"ler",3,"TUR"
3829,"lerin",3,"TUR"
3830,"levent",3,"TUR"
3831,"liderler",3,"TUR"
3832,"liderlerin",3,"TUR"
3833,"liderlik",3,"TUR"
3834,"ligin",3,"TUR"
3835,"litre",3,"TUR"
3836,"maaşı",3,"TUR"
3837,"maaşları",3,"TUR"
3838,"maça",3,"TUR"
3839,"macaristan",3,"TUR"
3840,"maçının",3,"TUR"
3841,"maçlarda",3,"TUR"
3842,"maddeleri",3,"TUR"
3843,"maddelerinin",3,"TUR"
3844,"mağlubiyetle",3,"TUR"
3845,"mağlup",3,"TUR"
3846,"mahkemece",3,"TUR"
3847,"mahkum",3,"TUR"
3848,"mahrem",3,"TUR"
3849,"mal",3,"TUR"
3850,"malı",3,"TUR"
3851,"maliyetini",3,"TUR"
3852,"malzemeleri",3,"TUR"
3853,"manisa",3,"TUR"
3854,"mardin",3,"TUR"
3855,"marmara",3,"TUR"
3856,"masada",3,"TUR"
3857,"maske",3,"TUR"
3858,"masum",3,"TUR"
3859,"maymun",3,"TUR"
3860,"mekanda",3,"TUR"
3861,"mektubu",3,"TUR"
3862,"memnuniyetle",3,"TUR"
3863,"mersin",3,"TUR"
3864,"mesajlar",3,"TUR"
3865,"mesele",3,"TUR"
3866,"mesleki",3,"TUR"
3867,"metaverse",3,"TUR"
3868,"metre",3,"TUR"
3869,"metrekare",3,"TUR"
3870,"metro",3,"TUR"
3871,"metrobüs",3,"TUR"
3872,"mevduat",3,"TUR"
3873,"meyve",3,"TUR"
3874,"meyveler",3,"TUR"
3875,"milleti",3,"TUR"
3876,"milletimizin",3,"TUR"
3877,"mimar",3,"TUR"
3878,"misafir",3,"TUR"
3879,"modeli",3,"TUR"
3880,"moskova",3,"TUR"
3881,"motosiklet",3,"TUR"
3882,"mübarek",3,"TUR"
3883,"mücadelesi",3,"TUR"
3884,"mücadelesinde",3,"TUR"
3885,"muhalefet",3,"TUR"
3886,"muhalefete",3,"TUR"
3887,"muhalefetin",3,"TUR"
3888,"mühendisi",3,"TUR"
3889,"mühimmat",3,"TUR"
3890,"mültecilerin",3,"TUR"
3891,"musk",3,"TUR"
3892,"müteahhit",3,"TUR"
3893,"müthiş",3,"TUR"
3894,"muyuz",3,"TUR"
3895,"müze",3,"TUR"
3896,"myk",3,"TUR"
3897,"nadir",3,"TUR"
3898,"namazında",3,"TUR"
3899,"namazından",3,"TUR"
3900,"necip",3,"TUR"
3901,"nefes",3,"TUR"
3902,"nesiller",3,"TUR"
3903,"nihai",3,"TUR"
3904,"nişanlısı",3,"TUR"
3905,"niye",3,"TUR"
3906,"nokta",3,"TUR"
3907,"noktaya",3,"TUR"
3908,"nüfusun",3,"TUR"
3909,"nureddin",3,"TUR"
3910,"odaklı",3,"TUR"
3911,"ofis",3,"TUR"
3912,"öğrencilere",3,"TUR"
3913,"öğrencilerinin",3,"TUR"
3914,"öğrencisi",3,"TUR"
3915,"olabilecek",3,"TUR"
3916,"olacağı",3,"TUR"
3917,"olaf",3,"TUR"
3918,"olayda",3,"TUR"
3919,"olayla",3,"TUR"
3920,"olduğunda",3,"TUR"
3921,"olduğundan",3,"TUR"
3922,"öldüğünü",3,"TUR"
3923,"olduğunun",3,"TUR"
3924,"olduktan",3,"TUR"
3925,"oldum",3,"TUR"
3926,"öldürüldü",3,"TUR"
3927,"olmaktadır",3,"TUR"
3928,"olmaları",3,"TUR"
3929,"olmamın",3,"TUR"
3930,"olmazsa",3,"TUR"
3931,"olmuştur",3,"TUR"
3932,"olsaydı",3,"TUR"
3933,"ölü",3,"TUR"
3934,"ölüme",3,"TUR"
3935,"ölümüyle",3,"TUR"
3936,"olun",3,"TUR"
3937,"olurdu",3,"TUR"
3938,"oluşturdu",3,"TUR"
3939,"oluşturduğu",3,"TUR"
3940,"oluşturmak",3,"TUR"
3941,"oluşturmaktadır",3,"TUR"
3942,"oluşturuyor",3,"TUR"
3943,"omicron",3,"TUR"
3944,"öncelikli",3,"TUR"
3945,"önemine",3,"TUR"
3946,"onlarca",3,"TUR"
3947,"önlem",3,"TUR"
3948,"önlemleri",3,"TUR"
3949,"ons",3,"TUR"
3950,"operasyonları",3,"TUR"
3951,"operasyonu",3,"TUR"
3952,"oranları",3,"TUR"
3953,"organik",3,"TUR"
3954,"örgütsel",3,"TUR"
3955,"orijinal",3,"TUR"
3956,"ortamı",3,"TUR"
3957,"ortamında",3,"TUR"
3958,"osmanlı",3,"TUR"
3959,"ösym",3,"TUR"
3960,"otobüsün",3,"TUR"
3961,"otomobilin",3,"TUR"
3962,"oturma",3,"TUR"
3963,"oturup",3,"TUR"
3964,"ötv",3,"TUR"
3965,"oynadığım",3,"TUR"
3966,"oynayan",3,"TUR"
3967,"oyu",3,"TUR"
3968,"oyuncular",3,"TUR"
3969,"oyuncuları",3,"TUR"
3970,"oyunu",3,"TUR"
3971,"özdemir",3,"TUR"
3972,"özellikleri",3,"TUR"
3973,"özgürlüğünü",3,"TUR"
3974,"özkök",3,"TUR"
3975,"öztrak",3,"TUR"
3976,"pahalı",3,"TUR"
3977,"pandeminin",3,"TUR"
3978,"parası",3,"TUR"
3979,"parça",3,"TUR"
3980,"parçası",3,"TUR"
3981,"parkı",3,"TUR"
3982,"partilerin",3,"TUR"
3983,"pay",3,"TUR"
3984,"paylaştığı",3,"TUR"
3985,"petrolde",3,"TUR"
3986,"piyasa",3,"TUR"
3987,"piyasada",3,"TUR"
3988,"piyasaya",3,"TUR"
3989,"planlanıyor",3,"TUR"
3990,"planları",3,"TUR"
3991,"planlıyor",3,"TUR"
3992,"platformu",3,"TUR"
3993,"polisler",3,"TUR"
3994,"polisleri",3,"TUR"
3995,"politikasında",3,"TUR"
3996,"pozisyon",3,"TUR"
3997,"pratik",3,"TUR"
3998,"prim",3,"TUR"
3999,"programda",3,"TUR"
4000,"projede",3,"TUR"
4001,"projeler",3,"TUR"
4002,"projeleri",3,"TUR"
4003,"projelerin",3,"TUR"
4004,"projenin",3,"TUR"
4005,"promosyon",3,"TUR"
4006,"puana",3,"TUR"
4007,"pyd",3,"TUR"
4008,"rahmetle",3,"TUR"
4009,"rakamlar",3,"TUR"
4010,"rakun",3,"TUR"
4011,"raporda",3,"TUR"
4012,"raporunda",3,"TUR"
4013,"razı",3,"TUR"
4014,"rehabilitasyon",3,"TUR"
4015,"renkli",3,"TUR"
4016,"resim",3,"TUR"
4017,"reyting",3,"TUR"
4018,"rıza",3,"TUR"
4019,"romanya",3,"TUR"
4020,"rüşvet",3,"TUR"
4021,"saadet",3,"TUR"
4022,"saatlerde",3,"TUR"
4023,"saatlik",3,"TUR"
4024,"sağlanan",3,"TUR"
4025,"sağlayacak",3,"TUR"
4026,"sahası",3,"TUR"
4027,"sahil",3,"TUR"
4028,"şahsi",3,"TUR"
4029,"saklandığı",3,"TUR"
4030,"saldırının",3,"TUR"
4031,"salgın",3,"TUR"
4032,"şampiyonluğu",3,"TUR"
4033,"sanatçı",3,"TUR"
4034,"sanatçılar",3,"TUR"
4035,"sandığa",3,"TUR"
4036,"saniye",3,"TUR"
4037,"şanlıurfa",3,"TUR"
4038,"şansı",3,"TUR"
4039,"santrali",3,"TUR"
4040,"saraçhane",3,"TUR"
4041,"sarıoğlu",3,"TUR"
4042,"şarkı",3,"TUR"
4043,"şartı",3,"TUR"
4044,"satılıyor",3,"TUR"
4045,"satranç",3,"TUR"
4046,"savaşa",3,"TUR"
4047,"savaşları",3,"TUR"
4048,"savaşta",3,"TUR"
4049,"savaştan",3,"TUR"
4050,"savcıların",3,"TUR"
4051,"savundu",3,"TUR"
4052,"sayan",3,"TUR"
4053,"sayılı",3,"TUR"
4054,"sayım",3,"TUR"
4055,"sayısını",3,"TUR"
4056,"sayıya",3,"TUR"
4057,"seçilmiş",3,"TUR"
4058,"seçimde",3,"TUR"
4059,"seçime",3,"TUR"
4060,"seçimi",3,"TUR"
4061,"seçimleri",3,"TUR"
4062,"şeffaf",3,"TUR"
4063,"sektöründe",3,"TUR"
4064,"selvi",3,"TUR"
4065,"senenin",3,"TUR"
4066,"senfoni",3,"TUR"
4067,"serdar",3,"TUR"
4068,"sergilenen",3,"TUR"
4069,"servis",3,"TUR"
4070,"sesi",3,"TUR"
4071,"seslendi",3,"TUR"
4072,"sevgili",3,"TUR"
4073,"sevgisi",3,"TUR"
4074,"sevilen",3,"TUR"
4075,"seviyenin",3,"TUR"
4076,"seviyesini",3,"TUR"
4077,"şeye",3,"TUR"
4078,"şeyin",3,"TUR"
4079,"sezonda",3,"TUR"
4080,"sezonu",3,"TUR"
4081,"sezonun",3,"TUR"
4082,"sezonunda",3,"TUR"
4083,"sgk",3,"TUR"
4084,"şiddeti",3,"TUR"
4085,"sığınma",3,"TUR"
4086,"siha",3,"TUR"
4087,"sıkışan",3,"TUR"
4088,"şimdiye",3,"TUR"
4089,"sinan",3,"TUR"
4090,"sınavına",3,"TUR"
4091,"sini",3,"TUR"
4092,"sinin",3,"TUR"
4093,"sınırları",3,"TUR"
4094,"sıralarında",3,"TUR"
4095,"sistemin",3,"TUR"
4096,"siyasal",3,"TUR"
4097,"sizlere",3,"TUR"
4098,"sloganları",3,"TUR"
4099,"soğanlı",3,"TUR"
4100,"söküm",3,"TUR"
4101,"söküp",3,"TUR"
4102,"sonuçta",3,"TUR"
4103,"sormayan",3,"TUR"
4104,"soruna",3,"TUR"
4105,"sorununu",3,"TUR"
4106,"sorusuna",3,"TUR"
4107,"sorusunun",3,"TUR"
4108,"soyer",3,"TUR"
4109,"şöyle",3,"TUR"
4110,"söylesin",3,"TUR"
4111,"söyleyebilirim",3,"TUR"
4112,"sözde",3,"TUR"
4113,"sözlerle",3,"TUR"
4114,"sözlü",3,"TUR"
4115,"spora",3,"TUR"
4116,"sporcu",3,"TUR"
4117,"suçlarla",3,"TUR"
4118,"şükür",3,"TUR"
4119,"sulh",3,"TUR"
4120,"sunacak",3,"TUR"
4121,"sunmak",3,"TUR"
4122,"sunması",3,"TUR"
4123,"şüpheliler",3,"TUR"
4124,"şüphelinin",3,"TUR"
4125,"şüpheliyi",3,"TUR"
4126,"sürdüren",3,"TUR"
4127,"sürece",3,"TUR"
4128,"süredir",3,"TUR"
4129,"sürücüleri",3,"TUR"
4130,"sürüldü",3,"TUR"
4131,"taciz",3,"TUR"
4132,"tahammül",3,"TUR"
4133,"tahliye",3,"TUR"
4134,"takımıyla",3,"TUR"
4135,"takımlar",3,"TUR"
4136,"talebini",3,"TUR"
4137,"talebiyle",3,"TUR"
4138,"talepleri",3,"TUR"
4139,"taliban",3,"TUR"
4140,"talimatı",3,"TUR"
4141,"tamamında",3,"TUR"
4142,"tanımlanıyor",3,"TUR"
4143,"tarafı",3,"TUR"
4144,"taraftarı",3,"TUR"
4145,"taraftarın",3,"TUR"
4146,"tarife",3,"TUR"
4147,"tarifeli",3,"TUR"
4148,"tarihe",3,"TUR"
4149,"tarihimizin",3,"TUR"
4150,"tarihinden",3,"TUR"
4151,"tarihte",3,"TUR"
4152,"tarkan",3,"TUR"
4153,"tartışmasına",3,"TUR"
4154,"taşındığı",3,"TUR"
4155,"taşıyor",3,"TUR"
4156,"tatilciler",3,"TUR"
4157,"tatlıses",3,"TUR"
4158,"tecrübeli",3,"TUR"
4159,"tedavisine",3,"TUR"
4160,"tedbir",3,"TUR"
4161,"tedbirler",3,"TUR"
4162,"tedirgin",3,"TUR"
4163,"tehlikeli",3,"TUR"
4164,"telefonla",3,"TUR"
4165,"televizyon",3,"TUR"
4166,"temelini",3,"TUR"
4167,"temenni",3,"TUR"
4168,"temizlik",3,"TUR"
4169,"temsilcilerinin",3,"TUR"
4170,"temsilciliği",3,"TUR"
4171,"teröristler",3,"TUR"
4172,"terörle",3,"TUR"
4173,"ters",3,"TUR"
4174,"tff",3,"TUR"
4175,"tıbbi",3,"TUR"
4176,"tip",3,"TUR"
4177,"tolga",3,"TUR"
4178,"topladı",3,"TUR"
4179,"toplantısına",3,"TUR"
4180,"toplayıp",3,"TUR"
4181,"töreninde",3,"TUR"
4182,"torrent",3,"TUR"
4183,"tosun",3,"TUR"
4184,"tozları",3,"TUR"
4185,"trafiğe",3,"TUR"
4186,"trump",3,"TUR"
4187,"tsk",3,"TUR"
4188,"tur",3,"TUR"
4189,"turhan",3,"TUR"
4190,"turnuvası",3,"TUR"
4191,"turu",3,"TUR"
4192,"türü",3,"TUR"
4193,"tutma",3,"TUR"
4194,"tutuksuz",3,"TUR"
4195,"uçağın",3,"TUR"
4196,"uçak",3,"TUR"
4197,"ücretle",3,"TUR"
4198,"ücretsiz",3,"TUR"
4199,"ucu",3,"TUR"
4200,"uğradı",3,"TUR"
4201,"ulaştığını",3,"TUR"
4202,"ulaştırma",3,"TUR"
4203,"ülkelerinde",3,"TUR"
4204,"ülkemiz",3,"TUR"
4205,"ülkesine",3,"TUR"
4206,"ünal",3,"TUR"
4207,"unun",3,"TUR"
4208,"üretilen",3,"TUR"
4209,"üretimini",3,"TUR"
4210,"ürettiğimiz",3,"TUR"
4211,"ürünlere",3,"TUR"
4212,"ürünlerini",3,"TUR"
4213,"ürünlerinin",3,"TUR"
4214,"ürünün",3,"TUR"
4215,"üssü",3,"TUR"
4216,"uyarınca",3,"TUR"
4217,"üyeler",3,"TUR"
4218,"üyelerinin",3,"TUR"
4219,"uyguladığı",3,"TUR"
4220,"uygulamanın",3,"TUR"
4221,"uygulandığı",3,"TUR"
4222,"uyku",3,"TUR"
4223,"uysal",3,"TUR"
4224,"uyum",3,"TUR"
4225,"uyumlu",3,"TUR"
4226,"uzay",3,"TUR"
4227,"üzerime",3,"TUR"
4228,"üzgün",3,"TUR"
4229,"uzm",3,"TUR"
4230,"uzmanlar",3,"TUR"
4231,"vadeli",3,"TUR"
4232,"vadisi",3,"TUR"
4233,"vakalar",3,"TUR"
4234,"vakit",3,"TUR"
4235,"van",3,"TUR"
4236,"varken",3,"TUR"
4237,"vatandaşlarımızın",3,"TUR"
4238,"vaziyette",3,"TUR"
4239,"veda",3,"TUR"
4240,"verdiler",3,"TUR"
4241,"vereceğiz",3,"TUR"
4242,"veri",3,"TUR"
4243,"veriler",3,"TUR"
4244,"verilerin",3,"TUR"
4245,"verme",3,"TUR"
4246,"vermesi",3,"TUR"
4247,"vesile",3,"TUR"
4248,"vizyonu",3,"TUR"
4249,"vodafone",3,"TUR"
4250,"vurgulayan",3,"TUR"
4251,"vurgulayarak",3,"TUR"
4252,"vurguluyor",3,"TUR"
4253,"washington",3,"TUR"
4254,"yada",3,"TUR"
4255,"yakınlarında",3,"TUR"
4256,"yaklaşımı",3,"TUR"
4257,"yalan",3,"TUR"
4258,"yalçın",3,"TUR"
4259,"yalnız",3,"TUR"
4260,"yalnızca",3,"TUR"
4261,"yanından",3,"TUR"
4262,"yapabilir",3,"TUR"
4263,"yapacaklarını",3,"TUR"
4264,"yapılacağını",3,"TUR"
4265,"yapılır",3,"TUR"
4266,"yapılmadı",3,"TUR"
4267,"yapılmasına",3,"TUR"
4268,"yapım",3,"TUR"
4269,"yapımcısı",3,"TUR"
4270,"yapıya",3,"TUR"
4271,"yapıyorlar",3,"TUR"
4272,"yapmayı",3,"TUR"
4273,"yapmıştı",3,"TUR"
4274,"yaptığım",3,"TUR"
4275,"yaptırmak",3,"TUR"
4276,"yarısı",3,"TUR"
4277,"yaşa",3,"TUR"
4278,"yasadışı",3,"TUR"
4279,"yasalar",3,"TUR"
4280,"yaşama",3,"TUR"
4281,"yaşamak",3,"TUR"
4282,"yaşamayı",3,"TUR"
4283,"yaşamı",3,"TUR"
4284,"yaşamlarını",3,"TUR"
4285,"yaşanacak",3,"TUR"
4286,"yasası",3,"TUR"
4287,"yaşına",3,"TUR"
4288,"yaşıyor",3,"TUR"
4289,"yaşıyoruz",3,"TUR"
4290,"yatay",3,"TUR"
4291,"yatırımcıların",3,"TUR"
4292,"yavuz",3,"TUR"
4293,"yayılmasına",3,"TUR"
4294,"yayımladı",3,"TUR"
4295,"yayınladı",3,"TUR"
4296,"yazık",3,"TUR"
4297,"yazısı",3,"TUR"
4298,"yazıyor",3,"TUR"
4299,"yazmak",3,"TUR"
4300,"yenerek",3,"TUR"
4301,"yenilenen",3,"TUR"
4302,"yerleri",3,"TUR"
4303,"yerleşim",3,"TUR"
4304,"yetersiz",3,"TUR"
4305,"yetişkin",3,"TUR"
4306,"yetkililerin",3,"TUR"
4307,"yetkin",3,"TUR"
4308,"yiğit",3,"TUR"
4309,"yılını",3,"TUR"
4310,"yıllarında",3,"TUR"
4311,"yitiren",3,"TUR"
4312,"yiyecekler",3,"TUR"
4313,"yoksa",3,"TUR"
4314,"yoksunu",3,"TUR"
4315,"yolları",3,"TUR"
4316,"yolların",3,"TUR"
4317,"yollarını",3,"TUR"
4318,"yolunu",3,"TUR"
4319,"yönde",3,"TUR"
4320,"yönetimde",3,"TUR"
4321,"yönetimindeki",3,"TUR"
4322,"yorum",3,"TUR"
4323,"ypg",3,"TUR"
4324,"yu",3,"TUR"
4325,"yüksekliği",3,"TUR"
4326,"yükselen",3,"TUR"
4327,"yükseliş",3,"TUR"
4328,"yükselme",3,"TUR"
4329,"yükselmesi",3,"TUR"
4330,"yükselmiş",3,"TUR"
4331,"yürekten",3,"TUR"
4332,"yurttaşlar",3,"TUR"
4333,"yürütüyoruz",3,"TUR"
4334,"yüzyıl",3,"TUR"
4335,"yüzyılı",3,"TUR"
4336,"zamanlar",3,"TUR"
4337,"zamanların",3,"TUR"
4338,"zamanlı",3,"TUR"
4339,"zamla",3,"TUR"
4340,"zamları",3,"TUR"
4341,"zararlı",3,"TUR"
4342,"zehra",3,"TUR"
4343,"zemin",3,"TUR"
4344,"zeynep",3,"TUR"
4345,"zihniyet",3,"TUR"
4346,"zincir",3,"TUR"
4347,"zirve",3,"TUR"
4348,"zirvede",3,"TUR"
4349,"ziyaretçiler",3,"TUR"
4350,"ziyaretinin",3,"TUR"
4351,"ziyaretlerde",3,"TUR"
4352,"zorundayız",3,"TUR"
4353,"03",2,"TUR"
4354,"04",2,"TUR"
4355,"06",2,"TUR"
4356,"102",2,"TUR"
4357,"106",2,"TUR"
4358,"108",2,"TUR"
4359,"109",2,"TUR"
4360,"112",2,"TUR"
4361,"124",2,"TUR"
4362,"128",2,"TUR"
4363,"131",2,"TUR"
4364,"135",2,"TUR"
4365,"142",2,"TUR"
4366,"144",2,"TUR"
4367,"147",2,"TUR"
4368,"152",2,"TUR"
4369,"156",2,"TUR"
4370,"163",2,"TUR"
4371,"1800",2,"TUR"
4372,"190",2,"TUR"
4373,"196",2,"TUR"
4374,"1971",2,"TUR"
4375,"2002",2,"TUR"
4376,"202",2,"TUR"
4377,"2024",2,"TUR"
4378,"2026",2,"TUR"
4379,"225",2,"TUR"
4380,"253",2,"TUR"
4381,"330",2,"TUR"
4382,"36",2,"TUR"
4383,"3600",2,"TUR"
4384,"49",2,"TUR"
4385,"541",2,"TUR"
4386,"560",2,"TUR"
4387,"57",2,"TUR"
4388,"596",2,"TUR"
4389,"5g",2,"TUR"
4390,"63",2,"TUR"
4391,"67",2,"TUR"
4392,"68",2,"TUR"
4393,"69",2,"TUR"
4394,"72",2,"TUR"
4395,"800",2,"TUR"
4396,"84",2,"TUR"
4397,"85",2,"TUR"
4398,"89",2,"TUR"
4399,"94",2,"TUR"
4400,"944",2,"TUR"
4401,"96",2,"TUR"
4402,"99",2,"TUR"
4403,"a101",2,"TUR"
4404,"abant",2,"TUR"
4405,"abdülhamit",2,"TUR"
4406,"abdulkadir",2,"TUR"
4407,"abdülkadir",2,"TUR"
4408,"abdullah",2,"TUR"
4409,"abimin",2,"TUR"
4410,"abluka",2,"TUR"
4411,"abu",2,"TUR"
4412,"açıkçası",2,"TUR"
4413,"açıkgöz",2,"TUR"
4414,"açıkla",2,"TUR"
4415,"açıklamalara",2,"TUR"
4416,"açıklamaları",2,"TUR"
4417,"açıklamalarına",2,"TUR"
4418,"açıklamanın",2,"TUR"
4419,"açıklamasını",2,"TUR"
4420,"açıklamıyor",2,"TUR"
4421,"açıkta",2,"TUR"
4422,"açıktır",2,"TUR"
4423,"açılışını",2,"TUR"
4424,"açılışta",2,"TUR"
4425,"açılmasını",2,"TUR"
4426,"açısı",2,"TUR"
4427,"acıya",2,"TUR"
4428,"açıyor",2,"TUR"
4429,"açmayı",2,"TUR"
4430,"açmıştı",2,"TUR"
4431,"açtığı",2,"TUR"
4432,"acun",2,"TUR"
4433,"adaları",2,"TUR"
4434,"adaletin",2,"TUR"
4435,"adaletsiz",2,"TUR"
4436,"adaletsizlik",2,"TUR"
4437,"adamlar",2,"TUR"
4438,"adayın",2,"TUR"
4439,"adıyaman",2,"TUR"
4440,"adıyla",2,"TUR"
4441,"adresinden",2,"TUR"
4442,"adresine",2,"TUR"
4443,"affını",2,"TUR"
4444,"ağacın",2,"TUR"
4445,"ağaçlık",2,"TUR"
4446,"ağırladı",2,"TUR"
4447,"ağrının",2,"TUR"
4448,"ahiret",2,"TUR"
4449,"ahlaki",2,"TUR"
4450,"ahmed",2,"TUR"
4451,"ailede",2,"TUR"
4452,"ailelerin",2,"TUR"
4453,"ailemden",2,"TUR"
4454,"ailesine",2,"TUR"
4455,"aileyi",2,"TUR"
4456,"air",2,"TUR"
4457,"airlines",2,"TUR"
4458,"airpods",2,"TUR"
4459,"akabinde",2,"TUR"
4460,"akademisi",2,"TUR"
4461,"akademisyen",2,"TUR"
4462,"akan",2,"TUR"
4463,"akaryakıta",2,"TUR"
4464,"akgün",2,"TUR"
4465,"akılla",2,"TUR"
4466,"akinci",2,"TUR"
4467,"akköy",2,"TUR"
4468,"akla",2,"TUR"
4469,"aklımıza",2,"TUR"
4470,"akne",2,"TUR"
4471,"akrabası",2,"TUR"
4472,"akrep",2,"TUR"
4473,"akseki",2,"TUR"
4474,"aksesuar",2,"TUR"
4475,"aktaran",2,"TUR"
4476,"aktardığı",2,"TUR"
4477,"aktivistler",2,"TUR"
4478,"aktör",2,"TUR"
4479,"aktüel",2,"TUR"
4480,"alacağınız",2,"TUR"
4481,"alanlar",2,"TUR"
4482,"alanlarının",2,"TUR"
4483,"alanyaspor",2,"TUR"
4484,"alarm",2,"TUR"
4485,"albay",2,"TUR"
4486,"albayrak",2,"TUR"
4487,"albümde",2,"TUR"
4488,"aldığımız",2,"TUR"
4489,"aldıktan",2,"TUR"
4490,"alemde",2,"TUR"
4491,"alenen",2,"TUR"
4492,"alet",2,"TUR"
4493,"aletleri",2,"TUR"
4494,"alevilere",2,"TUR"
4495,"aleyhisselam",2,"TUR"
4496,"alıcıya",2,"TUR"
4497,"alınabiliyor",2,"TUR"
4498,"alınacağını",2,"TUR"
4499,"alınacaktır",2,"TUR"
4500,"alınmak",2,"TUR"
4501,"alınmaması",2,"TUR"
4502,"alıntılayarak",2,"TUR"
4503,"aliyev",2,"TUR"
4504,"alıyorlar",2,"TUR"
4505,"all",2,"TUR"
4506,"almaktadır",2,"TUR"
4507,"almasını",2,"TUR"
4508,"almasıyla",2,"TUR"
4509,"almayalım",2,"TUR"
4510,"almıyor",2,"TUR"
4511,"alparslan",2,"TUR"
4512,"alpay",2,"TUR"
4513,"altid",2,"TUR"
4514,"altınordu",2,"TUR"
4515,"alttan",2,"TUR"
4516,"amaç",2,"TUR"
4517,"amaçla",2,"TUR"
4518,"amaçlayan",2,"TUR"
4519,"aman",2,"TUR"
4520,"ambargo",2,"TUR"
4521,"amber",2,"TUR"
4522,"ambulans",2,"TUR"
4523,"ameliyatla",2,"TUR"
4524,"analizlerin",2,"TUR"
4525,"anayasal",2,"TUR"
4526,"angola",2,"TUR"
4527,"anılan",2,"TUR"
4528,"anıt",2,"TUR"
4529,"anıtkabir",2,"TUR"
4530,"anket",2,"TUR"
4531,"ankette",2,"TUR"
4532,"anladığım",2,"TUR"
4533,"anlamak",2,"TUR"
4534,"anlamı",2,"TUR"
4535,"anlaşıldı",2,"TUR"
4536,"anlaşılıyor",2,"TUR"
4537,"anlat",2,"TUR"
4538,"anlatıldığı",2,"TUR"
4539,"anlatılıyor",2,"TUR"
4540,"anlatırken",2,"TUR"
4541,"anlattık",2,"TUR"
4542,"anlayınca",2,"TUR"
4543,"anlayışıyla",2,"TUR"
4544,"anlıyorlar",2,"TUR"
4545,"anma",2,"TUR"
4546,"annem",2,"TUR"
4547,"antik",2,"TUR"
4548,"antioksidan",2,"TUR"
4549,"antrenör",2,"TUR"
4550,"ar",2,"TUR"
4551,"arabanın",2,"TUR"
4552,"arabasını",2,"TUR"
4553,"arabasının",2,"TUR"
4554,"araca",2,"TUR"
4555,"aracılık",2,"TUR"
4556,"aracını",2,"TUR"
4557,"aracının",2,"TUR"
4558,"aracıyla",2,"TUR"
4559,"araçla",2,"TUR"
4560,"araçlarda",2,"TUR"
4561,"araçların",2,"TUR"
4562,"araçlarını",2,"TUR"
4563,"araçtan",2,"TUR"
4564,"aralığı",2,"TUR"
4565,"aralıksız",2,"TUR"
4566,"aramak",2,"TUR"
4567,"aramalarda",2,"TUR"
4568,"araması",2,"TUR"
4569,"aramızda",2,"TUR"
4570,"aranan",2,"TUR"
4571,"aras",2,"TUR"
4572,"araştırılırken",2,"TUR"
4573,"araştırmacılar",2,"TUR"
4574,"araştırmada",2,"TUR"
4575,"araştırmaları",2,"TUR"
4576,"arazi",2,"TUR"
4577,"ardahan",2,"TUR"
4578,"ardına",2,"TUR"
4579,"arena",2,"TUR"
4580,"arıza",2,"TUR"
4581,"arkadaşımız",2,"TUR"
4582,"arkadaşın",2,"TUR"
4583,"arkadaşının",2,"TUR"
4584,"arkadaşlara",2,"TUR"
4585,"arkadaşları",2,"TUR"
4586,"arkadaşlarımız",2,"TUR"
4587,"arkadaşlarımızın",2,"TUR"
4588,"arkadaşlarımla",2,"TUR"
4589,"arkın",2,"TUR"
4590,"arsa",2,"TUR"
4591,"arslanbey",2,"TUR"
4592,"art",2,"TUR"
4593,"artar",2,"TUR"
4594,"artarken",2,"TUR"
4595,"artınca",2,"TUR"
4596,"artıracağı",2,"TUR"
4597,"artırıyor",2,"TUR"
4598,"artırma",2,"TUR"
4599,"artırması",2,"TUR"
4600,"artırmaya",2,"TUR"
4601,"artışına",2,"TUR"
4602,"artışını",2,"TUR"
4603,"artışlar",2,"TUR"
4604,"artışlarına",2,"TUR"
4605,"artıyor",2,"TUR"
4606,"artma",2,"TUR"
4607,"arttığına",2,"TUR"
4608,"as",2,"TUR"
4609,"aşağı",2,"TUR"
4610,"aşamadan",2,"TUR"
4611,"aşamalı",2,"TUR"
4612,"aşaması",2,"TUR"
4613,"asayiş",2,"TUR"
4614,"aselsan",2,"TUR"
4615,"asidik",2,"TUR"
4616,"aşıların",2,"TUR"
4617,"asılsız",2,"TUR"
4618,"aşısını",2,"TUR"
4619,"askerlere",2,"TUR"
4620,"askerlerin",2,"TUR"
4621,"askerlik",2,"TUR"
4622,"aşkım",2,"TUR"
4623,"aşkın",2,"TUR"
4624,"aslen",2,"TUR"
4625,"aslı",2,"TUR"
4626,"aşmak",2,"TUR"
4627,"assange",2,"TUR"
4628,"atama",2,"TUR"
4629,"atamaları",2,"TUR"
4630,"atandı",2,"TUR"
4631,"atar",2,"TUR"
4632,"atarken",2,"TUR"
4633,"ataşehir",2,"TUR"
4634,"atıfta",2,"TUR"
4635,"atilla",2,"TUR"
4636,"atılması",2,"TUR"
4637,"atışı",2,"TUR"
4638,"atlantik",2,"TUR"
4639,"atma",2,"TUR"
4640,"atmış",2,"TUR"
4641,"atmıştı",2,"TUR"
4642,"atv",2,"TUR"
4643,"austria",2,"TUR"
4644,"avantajı",2,"TUR"
4645,"avantajlar",2,"TUR"
4646,"avro",2,"TUR"
4647,"avukatın",2,"TUR"
4648,"avukatlar",2,"TUR"
4649,"avustralya",2,"TUR"
4650,"ayağa",2,"TUR"
4651,"ayarlar",2,"TUR"
4652,"ayçiçeği",2,"TUR"
4653,"aydemir",2,"TUR"
4654,"aygün",2,"TUR"
4655,"ayın",2,"TUR"
4656,"ayını",2,"TUR"
4657,"ayıran",2,"TUR"
4658,"aylar",2,"TUR"
4659,"aylarında",2,"TUR"
4660,"aylin",2,"TUR"
4661,"ayrılığı",2,"TUR"
4662,"ayrılık",2,"TUR"
4663,"ayrılıkçı",2,"TUR"
4664,"ayrımcılık",2,"TUR"
4665,"ayrıntı",2,"TUR"
4666,"ayrıntılı",2,"TUR"
4667,"ayşe",2,"TUR"
4668,"ayşegül",2,"TUR"
4669,"azalan",2,"TUR"
4670,"azalarak",2,"TUR"
4671,"azalması",2,"TUR"
4672,"azaltmak",2,"TUR"
4673,"azalttı",2,"TUR"
4674,"azından",2,"TUR"
4675,"azot",2,"TUR"
4676,"babam",2,"TUR"
4677,"babamla",2,"TUR"
4678,"babasını",2,"TUR"
4679,"bağ",2,"TUR"
4680,"bağırsak",2,"TUR"
4681,"bağış",2,"TUR"
4682,"bağlantılı",2,"TUR"
4683,"bahçesi",2,"TUR"
4684,"bahçesine",2,"TUR"
4685,"bahis",2,"TUR"
4686,"bakanlığımızın",2,"TUR"
4687,"bakanlığın",2,"TUR"
4688,"bakarak",2,"TUR"
4689,"bakarlar",2,"TUR"
4690,"bakış",2,"TUR"
4691,"bakmak",2,"TUR"
4692,"baktığımız",2,"TUR"
4693,"baktığınızda",2,"TUR"
4694,"bali",2,"TUR"
4695,"balkonundan",2,"TUR"
4696,"bandırmaspor",2,"TUR"
4697,"bank",2,"TUR"
4698,"bankacılık",2,"TUR"
4699,"bankalarda",2,"TUR"
4700,"baran",2,"TUR"
4701,"barındıran",2,"TUR"
4702,"barışın",2,"TUR"
4703,"baro",2,"TUR"
4704,"başak",2,"TUR"
4705,"başardı",2,"TUR"
4706,"başardık",2,"TUR"
4707,"başarılar",2,"TUR"
4708,"başarısız",2,"TUR"
4709,"başevirgen",2,"TUR"
4710,"basında",2,"TUR"
4711,"başındaki",2,"TUR"
4712,"başını",2,"TUR"
4713,"başkalarının",2,"TUR"
4714,"başkanlar",2,"TUR"
4715,"başkanları",2,"TUR"
4716,"basketbolcu",2,"TUR"
4717,"baskı",2,"TUR"
4718,"baskını",2,"TUR"
4719,"baskıyı",2,"TUR"
4720,"başkonsolosluğu",2,"TUR"
4721,"başlamak",2,"TUR"
4722,"başlamasından",2,"TUR"
4723,"başlamasını",2,"TUR"
4724,"başlanacağı",2,"TUR"
4725,"başlandığını",2,"TUR"
4726,"başlar",2,"TUR"
4727,"başlatarak",2,"TUR"
4728,"başlatıldı",2,"TUR"
4729,"başlayacağını",2,"TUR"
4730,"başlayarak",2,"TUR"
4731,"başlayıp",2,"TUR"
4732,"başlığı",2,"TUR"
4733,"başlıkları",2,"TUR"
4734,"başlıyor",2,"TUR"
4735,"başlıyoruz",2,"TUR"
4736,"başrol",2,"TUR"
4737,"başvuruların",2,"TUR"
4738,"başvurularını",2,"TUR"
4739,"batuhan",2,"TUR"
4740,"batur",2,"TUR"
4741,"bayburt",2,"TUR"
4742,"bayezid",2,"TUR"
4743,"baygın",2,"TUR"
4744,"bayilerin",2,"TUR"
4745,"bayrağı",2,"TUR"
4746,"bazda",2,"TUR"
4747,"bebeklerin",2,"TUR"
4748,"bedel",2,"TUR"
4749,"bedeli",2,"TUR"
4750,"beden",2,"TUR"
4751,"beğeni",2,"TUR"
4752,"bek",2,"TUR"
4753,"bekçi",2,"TUR"
4754,"beklediği",2,"TUR"
4755,"beklendiği",2,"TUR"
4756,"beklenirken",2,"TUR"
4757,"beklentiler",2,"TUR"
4758,"beklentisi",2,"TUR"
4759,"belçika",2,"TUR"
4760,"belediyecilik",2,"TUR"
4761,"belediyeler",2,"TUR"
4762,"belediyeleri",2,"TUR"
4763,"belediyelerin",2,"TUR"
4764,"belediyenin",2,"TUR"
4765,"belge",2,"TUR"
4766,"belgelere",2,"TUR"
4767,"belgeleri",2,"TUR"
4768,"belgeseller",2,"TUR"
4769,"belirledi",2,"TUR"
4770,"belirlemek",2,"TUR"
4771,"belirsiz",2,"TUR"
4772,"belirsizliklerin",2,"TUR"
4773,"belirtiler",2,"TUR"
4774,"belirtirken",2,"TUR"
4775,"belirtiyor",2,"TUR"
4776,"belirtmişti",2,"TUR"
4777,"benden",2,"TUR"
4778,"benimle",2,"TUR"
4779,"benzersiz",2,"TUR"
4780,"benzine",2,"TUR"
4781,"beraberindeki",2,"TUR"
4782,"beraberliği",2,"TUR"
4783,"berat",2,"TUR"
4784,"beşamel",2,"TUR"
4785,"besinlerin",2,"TUR"
4786,"beslenmeye",2,"TUR"
4787,"besleyen",2,"TUR"
4788,"biat",2,"TUR"
4789,"biberi",2,"TUR"
4790,"biçiminde",2,"TUR"
4791,"bildiklerini",2,"TUR"
4792,"bildiri",2,"TUR"
4793,"bilerek",2,"TUR"
4794,"bilgilendirme",2,"TUR"
4795,"bilgilendirmek",2,"TUR"
4796,"bilgilerini",2,"TUR"
4797,"bilgili",2,"TUR"
4798,"bilhassa",2,"TUR"
4799,"bilime",2,"TUR"
4800,"bilinçli",2,"TUR"
4801,"bilirkişi",2,"TUR"
4802,"bilişim",2,"TUR"
4803,"binaların",2,"TUR"
4804,"binance",2,"TUR"
4805,"binası",2,"TUR"
4806,"bingöl",2,"TUR"
4807,"bini",2,"TUR"
4808,"biontech",2,"TUR"
4809,"bırakıyor",2,"TUR"
4810,"bırakmadı",2,"TUR"
4811,"bırakmak",2,"TUR"
4812,"bırakmayın",2,"TUR"
4813,"bıraktı",2,"TUR"
4814,"bıraktığı",2,"TUR"
4815,"bıraktık",2,"TUR"
4816,"birbirini",2,"TUR"
4817,"bircan",2,"TUR"
4818,"birer",2,"TUR"
4819,"birey",2,"TUR"
4820,"biriken",2,"TUR"
4821,"birimizin",2,"TUR"
4822,"birimlerinin",2,"TUR"
4823,"birisini",2,"TUR"
4824,"birisinin",2,"TUR"
4825,"birliğine",2,"TUR"
4826,"birliğiyle",2,"TUR"
4827,"birlikleri",2,"TUR"
4828,"birol",2,"TUR"
4829,"bitik",2,"TUR"
4830,"bitiş",2,"TUR"
4831,"bitki",2,"TUR"
4832,"bitkisel",2,"TUR"
4833,"bitmeden",2,"TUR"
4834,"bitmez",2,"TUR"
4835,"bizde",2,"TUR"
4836,"bizlere",2,"TUR"
4837,"bizleri",2,"TUR"
4838,"bloomberg",2,"TUR"
4839,"böcek",2,"TUR"
4840,"böcekler",2,"TUR"
4841,"bölgemizdeki",2,"TUR"
4842,"bölgemize",2,"TUR"
4843,"bölgemizin",2,"TUR"
4844,"bölgesel",2,"TUR"
4845,"bölücü",2,"TUR"
4846,"bölümde",2,"TUR"
4847,"bölümüyle",2,"TUR"
4848,"bombalı",2,"TUR"
4849,"borçlanma",2,"TUR"
4850,"boru",2,"TUR"
4851,"boşa",2,"TUR"
4852,"bosna",2,"TUR"
4853,"botaş",2,"TUR"
4854,"boya",2,"TUR"
4855,"böylelikle",2,"TUR"
4856,"boyun",2,"TUR"
4857,"boyutu",2,"TUR"
4858,"bozukluklar",2,"TUR"
4859,"bozulan",2,"TUR"
4860,"bozulduğu",2,"TUR"
4861,"br",2,"TUR"
4862,"bragantino",2,"TUR"
4863,"buçuk",2,"TUR"
4864,"buda",2,"TUR"
4865,"budur",2,"TUR"
4866,"buffalo",2,"TUR"
4867,"bugünün",2,"TUR"
4868,"bulacağını",2,"TUR"
4869,"bulduk",2,"TUR"
4870,"buldunuz",2,"TUR"
4871,"bulmasını",2,"TUR"
4872,"bulmuş",2,"TUR"
4873,"bulmuyorum",2,"TUR"
4874,"bulundular",2,"TUR"
4875,"bulundum",2,"TUR"
4876,"bulunmadığı",2,"TUR"
4877,"bulunmasını",2,"TUR"
4878,"bulunmayan",2,"TUR"
4879,"bulunmuştu",2,"TUR"
4880,"bulunuldu",2,"TUR"
4881,"bulunurken",2,"TUR"
4882,"buluşacak",2,"TUR"
4883,"buluşmaları",2,"TUR"
4884,"buluştu",2,"TUR"
4885,"buluşturdu",2,"TUR"
4886,"buluyoruz",2,"TUR"
4887,"bunca",2,"TUR"
4888,"bundesliga",2,"TUR"
4889,"bunlarla",2,"TUR"
4890,"bünyan",2,"TUR"
4891,"burcu",2,"TUR"
4892,"burhan",2,"TUR"
4893,"büro",2,"TUR"
4894,"bursaspor",2,"TUR"
4895,"büyüdü",2,"TUR"
4896,"büyükçekmece",2,"TUR"
4897,"büyükelçi",2,"TUR"
4898,"büyükelçisi",2,"TUR"
4899,"büyüklüğündeki",2,"TUR"
4900,"büyümeden",2,"TUR"
4901,"büyütme",2,"TUR"
4902,"büyüyen",2,"TUR"
4903,"buzlanma",2,"TUR"
4904,"caddeyi",2,"TUR"
4905,"cadılar",2,"TUR"
4906,"çağrıldı",2,"TUR"
4907,"çağrısında",2,"TUR"
4908,"cahit",2,"TUR"
4909,"çakır",2,"TUR"
4910,"çaldı",2,"TUR"
4911,"çalımbay",2,"TUR"
4912,"çalınan",2,"TUR"
4913,"çalışabilirler",2,"TUR"
4914,"çalışanın",2,"TUR"
4915,"çalışanının",2,"TUR"
4916,"çalışanları",2,"TUR"
4917,"çalışanlarımız",2,"TUR"
4918,"çalışanlarına",2,"TUR"
4919,"çalışanlarının",2,"TUR"
4920,"çalışırken",2,"TUR"
4921,"çalışmada",2,"TUR"
4922,"çalışmak",2,"TUR"
4923,"çalışmalarına",2,"TUR"
4924,"çalışmasının",2,"TUR"
4925,"çalışmaya",2,"TUR"
4926,"çalışmayı",2,"TUR"
4927,"çalışmışlar",2,"TUR"
4928,"çalıştırıcı",2,"TUR"
4929,"çalıştırmak",2,"TUR"
4930,"calton",2,"TUR"
4931,"cam",2,"TUR"
4932,"çamaşır",2,"TUR"
4933,"camide",2,"TUR"
4934,"camiinde",2,"TUR"
4935,"canacankatan",2,"TUR"
4936,"canını",2,"TUR"
4937,"cansız",2,"TUR"
4938,"çar",2,"TUR"
4939,"çare",2,"TUR"
4940,"çarpışması",2,"TUR"
4941,"çarpmanın",2,"TUR"
4942,"çataklı",2,"TUR"
4943,"çatal",2,"TUR"
4944,"çatır",2,"TUR"
4945,"çatışmada",2,"TUR"
4946,"çatışmaların",2,"TUR"
4947,"caz",2,"TUR"
4948,"cazip",2,"TUR"
4949,"cebinde",2,"TUR"
4950,"çekerken",2,"TUR"
4951,"çekici",2,"TUR"
4952,"çekincelerini",2,"TUR"
4953,"çekip",2,"TUR"
4954,"çekişmeli",2,"TUR"
4955,"çekmişti",2,"TUR"
4956,"çektiği",2,"TUR"
4957,"çeltik",2,"TUR"
4958,"cem",2,"TUR"
4959,"cemaat",2,"TUR"
4960,"cemaatin",2,"TUR"
4961,"cemile",2,"TUR"
4962,"cemiyeti",2,"TUR"
4963,"cephesi",2,"TUR"
4964,"çernobil",2,"TUR"
4965,"cerrahi",2,"TUR"
4966,"çeşit",2,"TUR"
4967,"çeşitlerine",2,"TUR"
4968,"çeşitliliği",2,"TUR"
4969,"çeşitlilik",2,"TUR"
4970,"çeşme",2,"TUR"
4971,"cesur",2,"TUR"
4972,"cevapladı",2,"TUR"
4973,"çevirme",2,"TUR"
4974,"ceviz",2,"TUR"
4975,"çevreci",2,"TUR"
4976,"çevredekilerin",2,"TUR"
4977,"çevrim",2,"TUR"
4978,"ceyhun",2,"TUR"
4979,"çeyrekte",2,"TUR"
4980,"cezasını",2,"TUR"
4981,"cezayı",2,"TUR"
4982,"christine",2,"TUR"
4983,"cidden",2,"TUR"
4984,"çiftçiler",2,"TUR"
4985,"çifti",2,"TUR"
4986,"çiftin",2,"TUR"
4987,"çiğdem",2,"TUR"
4988,"cihaz",2,"TUR"
4989,"cihazların",2,"TUR"
4990,"çık",2,"TUR"
4991,"çıkaracak",2,"TUR"
4992,"çıkararak",2,"TUR"
4993,"çıkardık",2,"TUR"
4994,"çıkarılarak",2,"TUR"
4995,"çıkarıldı",2,"TUR"
4996,"çıkarıldığı",2,"TUR"
4997,"çıkarılmasının",2,"TUR"
4998,"çıkarılmış",2,"TUR"
4999,"çıkarıyor",2,"TUR"
5000,"çıkınca",2,"TUR"
5001,"çıkışlarıyla",2,"TUR"
5002,"çıkıyoruz",2,"TUR"
5003,"çıkmaktadır",2,"TUR"
5004,"çıkmasını",2,"TUR"
5005,"çıkmıyor",2,"TUR"
5006,"çikolata",2,"TUR"
5007,"çıktım",2,"TUR"
5008,"cildi",2,"TUR"
5009,"cilt",2,"TUR"
5010,"cinayeti",2,"TUR"
5011,"cinayetleri",2,"TUR"
5012,"cinsi",2,"TUR"
5013,"çip",2,"TUR"
5014,"çipli",2,"TUR"
5015,"city",2,"TUR"
5016,"civ",2,"TUR"
5017,"çizdi",2,"TUR"
5018,"çizerek",2,"TUR"
5019,"cmk",2,"TUR"
5020,"çoban",2,"TUR"
5021,"çobanoğlu",2,"TUR"
5022,"çocuklarını",2,"TUR"
5023,"çocukta",2,"TUR"
5024,"coğrafyamızın",2,"TUR"
5025,"çökme",2,"TUR"
5026,"çolakbayrakdar",2,"TUR"
5027,"çömez",2,"TUR"
5028,"çöpe",2,"TUR"
5029,"çorba",2,"TUR"
5030,"corinthians",2,"TUR"
5031,"coşku",2,"TUR"
5032,"çözümler",2,"TUR"
5033,"cü",2,"TUR"
5034,"çukur",2,"TUR"
5035,"çukurova",2,"TUR"
5036,"cumhurbaşkani",2,"TUR"
5037,"cumhuriyete",2,"TUR"
5038,"çumra",2,"TUR"
5039,"çürük",2,"TUR"
5040,"dabi",2,"TUR"
5041,"dağ",2,"TUR"
5042,"dağı",2,"TUR"
5043,"dağıstan",2,"TUR"
5044,"dağıtım",2,"TUR"
5045,"dahiliye",2,"TUR"
5046,"dairesi",2,"TUR"
5047,"dakikalarda",2,"TUR"
5048,"dakikalık",2,"TUR"
5049,"dalga",2,"TUR"
5050,"damga",2,"TUR"
5051,"darmanin",2,"TUR"
5052,"darp",2,"TUR"
5053,"darphane",2,"TUR"
5054,"davasının",2,"TUR"
5055,"davaya",2,"TUR"
5056,"davayı",2,"TUR"
5057,"davranış",2,"TUR"
5058,"dayalı",2,"TUR"
5059,"deaş",2,"TUR"
5060,"dediğimiz",2,"TUR"
5061,"dediğiniz",2,"TUR"
5062,"değerin",2,"TUR"
5063,"değerindeki",2,"TUR"
5064,"değerlendirdi",2,"TUR"
5065,"değerlendirilen",2,"TUR"
5066,"değerlendiriliyor",2,"TUR"
5067,"değerlendirmede",2,"TUR"
5068,"değerlendirmek",2,"TUR"
5069,"değerlendirmenin",2,"TUR"
5070,"değerlendirmesi",2,"TUR"
5071,"değerleri",2,"TUR"
5072,"değerlerin",2,"TUR"
5073,"değinen",2,"TUR"
5074,"değişen",2,"TUR"
5075,"değiştirecek",2,"TUR"
5076,"delil",2,"TUR"
5077,"demirci",2,"TUR"
5078,"demişler",2,"TUR"
5079,"demokrasilerde",2,"TUR"
5080,"denetimler",2,"TUR"
5081,"denetledi",2,"TUR"
5082,"deneyimi",2,"TUR"
5083,"deneyimli",2,"TUR"
5084,"dengede",2,"TUR"
5085,"denilen",2,"TUR"
5086,"deniliyor",2,"TUR"
5087,"denizci",2,"TUR"
5088,"denizi",2,"TUR"
5089,"denk",2,"TUR"
5090,"deplasman",2,"TUR"
5091,"deplasmanında",2,"TUR"
5092,"depoları",2,"TUR"
5093,"deposunda",2,"TUR"
5094,"depremde",2,"TUR"
5095,"derbisi",2,"TUR"
5096,"derdindesiniz",2,"TUR"
5097,"derhal",2,"TUR"
5098,"derici",2,"TUR"
5099,"derin",2,"TUR"
5100,"derinden",2,"TUR"
5101,"derler",2,"TUR"
5102,"derneğin",2,"TUR"
5103,"dernek",2,"TUR"
5104,"dersleri",2,"TUR"
5105,"derslerinde",2,"TUR"
5106,"destan",2,"TUR"
5107,"desteğimizi",2,"TUR"
5108,"destekçisi",2,"TUR"
5109,"desteklediği",2,"TUR"
5110,"destekleme",2,"TUR"
5111,"destekleri",2,"TUR"
5112,"destekleyici",2,"TUR"
5113,"destekli",2,"TUR"
5114,"detayları",2,"TUR"
5115,"detayların",2,"TUR"
5116,"devamını",2,"TUR"
5117,"devamlı",2,"TUR"
5118,"develi",2,"TUR"
5119,"devleti",2,"TUR"
5120,"devre",2,"TUR"
5121,"devredilmesi",2,"TUR"
5122,"devrimi",2,"TUR"
5123,"deyip",2,"TUR"
5124,"dibinde",2,"TUR"
5125,"didim",2,"TUR"
5126,"diken",2,"TUR"
5127,"dikkatini",2,"TUR"
5128,"dikkatle",2,"TUR"
5129,"dikkatleri",2,"TUR"
5130,"diledi",2,"TUR"
5131,"dileklerimizi",2,"TUR"
5132,"dilimleri",2,"TUR"
5133,"diliyorum",2,"TUR"
5134,"dinamo",2,"TUR"
5135,"dinlediğimiz",2,"TUR"
5136,"dino",2,"TUR"
5137,"diplomasını",2,"TUR"
5138,"diplomatik",2,"TUR"
5139,"direkt",2,"TUR"
5140,"direncinin",2,"TUR"
5141,"dirençli",2,"TUR"
5142,"diri",2,"TUR"
5143,"dışarıdaki",2,"TUR"
5144,"dışındaki",2,"TUR"
5145,"diyabet",2,"TUR"
5146,"diyecek",2,"TUR"
5147,"diyet",2,"TUR"
5148,"diyetisyen",2,"TUR"
5149,"dizide",2,"TUR"
5150,"dizideki",2,"TUR"
5151,"diziler",2,"TUR"
5152,"dizileri",2,"TUR"
5153,"dizisinin",2,"TUR"
5154,"dizisiyle",2,"TUR"
5155,"doç",2,"TUR"
5156,"doğada",2,"TUR"
5157,"doğadaki",2,"TUR"
5158,"dökecek",2,"TUR"
5159,"doktorların",2,"TUR"
5160,"dökülmeye",2,"TUR"
5161,"dokuma",2,"TUR"
5162,"dökün",2,"TUR"
5163,"dolabında",2,"TUR"
5164,"dolandırıyor",2,"TUR"
5165,"dolarına",2,"TUR"
5166,"dolarını",2,"TUR"
5167,"doldu",2,"TUR"
5168,"döndüğünü",2,"TUR"
5169,"dönecek",2,"TUR"
5170,"dönemi",2,"TUR"
5171,"dönemini",2,"TUR"
5172,"döneminin",2,"TUR"
5173,"dönemlerinde",2,"TUR"
5174,"dönerek",2,"TUR"
5175,"dönmesi",2,"TUR"
5176,"dönümlük",2,"TUR"
5177,"dönümü",2,"TUR"
5178,"dönüş",2,"TUR"
5179,"dönüşü",2,"TUR"
5180,"dönüşüyle",2,"TUR"
5181,"dönüyor",2,"TUR"
5182,"döşemealtı",2,"TUR"
5183,"dosyanın",2,"TUR"
5184,"dosyasında",2,"TUR"
5185,"dosyaya",2,"TUR"
5186,"dsi",2,"TUR"
5187,"dubai",2,"TUR"
5188,"dükkanın",2,"TUR"
5189,"dündar",2,"TUR"
5190,"dünyasının",2,"TUR"
5191,"dura",2,"TUR"
5192,"duran",2,"TUR"
5193,"durdu",2,"TUR"
5194,"durdurdu",2,"TUR"
5195,"durdurma",2,"TUR"
5196,"durdurulması",2,"TUR"
5197,"durması",2,"TUR"
5198,"durmaya",2,"TUR"
5199,"durumlar",2,"TUR"
5200,"durumuyla",2,"TUR"
5201,"duruşmaya",2,"TUR"
5202,"duruşumuzu",2,"TUR"
5203,"duruşunu",2,"TUR"
5204,"duş",2,"TUR"
5205,"düşebilir",2,"TUR"
5206,"düşecek",2,"TUR"
5207,"düşerek",2,"TUR"
5208,"düştüğü",2,"TUR"
5209,"düşün",2,"TUR"
5210,"düşünceleri",2,"TUR"
5211,"düşündüğüm",2,"TUR"
5212,"düşündüm",2,"TUR"
5213,"düşünerek",2,"TUR"
5214,"düşünmek",2,"TUR"
5215,"düşünmüştüm",2,"TUR"
5216,"düşünülen",2,"TUR"
5217,"düşünüyor",2,"TUR"
5218,"düşüşle",2,"TUR"
5219,"düşüşün",2,"TUR"
5220,"duyan",2,"TUR"
5221,"duyar",2,"TUR"
5222,"duydukları",2,"TUR"
5223,"duygular",2,"TUR"
5224,"duygusu",2,"TUR"
5225,"duyulan",2,"TUR"
5226,"duyurulması",2,"TUR"
5227,"duyurusunda",2,"TUR"
5228,"duyuyor",2,"TUR"
5229,"düz",2,"TUR"
5230,"düzeltme",2,"TUR"
5231,"düzen",2,"TUR"
5232,"düzenledik",2,"TUR"
5233,"düzenlemelere",2,"TUR"
5234,"düzenlemesinin",2,"TUR"
5235,"düzenleyerek",2,"TUR"
5236,"düzeye",2,"TUR"
5237,"düzeyinde",2,"TUR"
5238,"düzyatan",2,"TUR"
5239,"dyk",2,"TUR"
5240,"ebediyen",2,"TUR"
5241,"ecb",2,"TUR"
5242,"edebilir",2,"TUR"
5243,"edebilirsiniz",2,"TUR"
5244,"edebilmesi",2,"TUR"
5245,"edebiyat",2,"TUR"
5246,"edeceğim",2,"TUR"
5247,"edecekleri",2,"TUR"
5248,"edecektir",2,"TUR"
5249,"edemez",2,"TUR"
5250,"edenler",2,"TUR"
5251,"edenlerden",2,"TUR"
5252,"edenlerin",2,"TUR"
5253,"ederim",2,"TUR"
5254,"edersek",2,"TUR"
5255,"edici",2,"TUR"
5256,"edildiğine",2,"TUR"
5257,"edildikten",2,"TUR"
5258,"edilebiliyor",2,"TUR"
5259,"edilemez",2,"TUR"
5260,"edilirken",2,"TUR"
5261,"edilmedi",2,"TUR"
5262,"edilmesine",2,"TUR"
5263,"edindiği",2,"TUR"
5264,"edirne",2,"TUR"
5265,"ediyordu",2,"TUR"
5266,"ediyorsunuz",2,"TUR"
5267,"egemen",2,"TUR"
5268,"eğiliminde",2,"TUR"
5269,"eğitimde",2,"TUR"
5270,"eğitimine",2,"TUR"
5271,"eğitimler",2,"TUR"
5272,"eğitimlerimizi",2,"TUR"
5273,"eğlenceli",2,"TUR"
5274,"egm",2,"TUR"
5275,"egzersiz",2,"TUR"
5276,"ehliyet",2,"TUR"
5277,"eintracht",2,"TUR"
5278,"ekibinde",2,"TUR"
5279,"ekipleriyle",2,"TUR"
5280,"ekmeğin",2,"TUR"
5281,"ekolojik",2,"TUR"
5282,"ekonomideki",2,"TUR"
5283,"ekonomilerde",2,"TUR"
5284,"ekonomisini",2,"TUR"
5285,"ekonomiye",2,"TUR"
5286,"ekrandan",2,"TUR"
5287,"ekranı",2,"TUR"
5288,"ekranlarda",2,"TUR"
5289,"eldeki",2,"TUR"
5290,"elektriğe",2,"TUR"
5291,"elektriğin",2,"TUR"
5292,"eleştirdi",2,"TUR"
5293,"eleştirenler",2,"TUR"
5294,"eleştirerek",2,"TUR"
5295,"eleyip",2,"TUR"
5296,"elimizden",2,"TUR"
5297,"elini",2,"TUR"
5298,"elleri",2,"TUR"
5299,"elleriyle",2,"TUR"
5300,"elon",2,"TUR"
5301,"emeğin",2,"TUR"
5302,"emekliler",2,"TUR"
5303,"emeklinin",2,"TUR"
5304,"emekliye",2,"TUR"
5305,"emilia",2,"TUR"
5306,"emirlikleri",2,"TUR"
5307,"emlakçı",2,"TUR"
5308,"emmanuel",2,"TUR"
5309,"emniyete",2,"TUR"
5310,"emrah",2,"TUR"
5311,"emsal",2,"TUR"
5312,"emtia",2,"TUR"
5313,"endişesi",2,"TUR"
5314,"enerjisi",2,"TUR"
5315,"enerjiye",2,"TUR"
5316,"enerjiyi",2,"TUR"
5317,"enfeksiyonlarına",2,"TUR"
5318,"enfekte",2,"TUR"
5319,"enflasyona",2,"TUR"
5320,"engeli",2,"TUR"
5321,"engelleme",2,"TUR"
5322,"engelleyen",2,"TUR"
5323,"engelliler",2,"TUR"
5324,"engelsiz",2,"TUR"
5325,"enjeksiyon",2,"TUR"
5326,"enkaz",2,"TUR"
5327,"epey",2,"TUR"
5328,"ercan",2,"TUR"
5329,"erdi",2,"TUR"
5330,"ergen",2,"TUR"
5331,"ergin",2,"TUR"
5332,"ergün",2,"TUR"
5333,"erişmek",2,"TUR"
5334,"erkeğe",2,"TUR"
5335,"ersin",2,"TUR"
5336,"ertaş",2,"TUR"
5337,"esen",2,"TUR"
5338,"eserde",2,"TUR"
5339,"eserleri",2,"TUR"
5340,"eşinden",2,"TUR"
5341,"esk",2,"TUR"
5342,"eskiten",2,"TUR"
5343,"eşliğinde",2,"TUR"
5344,"esnada",2,"TUR"
5345,"esnafa",2,"TUR"
5346,"esnek",2,"TUR"
5347,"esneklik",2,"TUR"
5348,"estetik",2,"TUR"
5349,"eti",2,"TUR"
5350,"etin",2,"TUR"
5351,"etkiler",2,"TUR"
5352,"etkinliğinde",2,"TUR"
5353,"etkinliklerle",2,"TUR"
5354,"etmediği",2,"TUR"
5355,"etmekte",2,"TUR"
5356,"etmektir",2,"TUR"
5357,"etmeliyim",2,"TUR"
5358,"etmesinin",2,"TUR"
5359,"etmeyi",2,"TUR"
5360,"etmiştir",2,"TUR"
5361,"ette",2,"TUR"
5362,"ettiğiniz",2,"TUR"
5363,"ettiler",2,"TUR"
5364,"ettireceğiz",2,"TUR"
5365,"ettirir",2,"TUR"
5366,"etüt",2,"TUR"
5367,"euronews",2,"TUR"
5368,"evcil",2,"TUR"
5369,"evinden",2,"TUR"
5370,"evladı",2,"TUR"
5371,"evlerinin",2,"TUR"
5372,"evliliğe",2,"TUR"
5373,"ey",2,"TUR"
5374,"eylemlerini",2,"TUR"
5375,"eyüpspor",2,"TUR"
5376,"eyüpsultan",2,"TUR"
5377,"fabrikası",2,"TUR"
5378,"faik",2,"TUR"
5379,"faillerin",2,"TUR"
5380,"faizi",2,"TUR"
5381,"faizleri",2,"TUR"
5382,"farkın",2,"TUR"
5383,"farkının",2,"TUR"
5384,"faslı",2,"TUR"
5385,"faturası",2,"TUR"
5386,"faturasını",2,"TUR"
5387,"faydası",2,"TUR"
5388,"faz",2,"TUR"
5389,"fazlayla",2,"TUR"
5390,"felaket",2,"TUR"
5391,"felaketi",2,"TUR"
5392,"felsefe",2,"TUR"
5393,"fenomen",2,"TUR"
5394,"ferdi",2,"TUR"
5395,"ferhat",2,"TUR"
5396,"festivali",2,"TUR"
5397,"fethiye",2,"TUR"
5398,"fetullahçı",2,"TUR"
5399,"fevkalade",2,"TUR"
5400,"fevzi",2,"TUR"
5401,"fiilen",2,"TUR"
5402,"fikir",2,"TUR"
5403,"fikri",2,"TUR"
5404,"filan",2,"TUR"
5405,"filipinler",2,"TUR"
5406,"finale",2,"TUR"
5407,"financial",2,"TUR"
5408,"finans",2,"TUR"
5409,"finansman",2,"TUR"
5410,"firari",2,"TUR"
5411,"firmaları",2,"TUR"
5412,"firmalarından",2,"TUR"
5413,"firmasına",2,"TUR"
5414,"firmasının",2,"TUR"
5415,"fırtına",2,"TUR"
5416,"fıstık",2,"TUR"
5417,"fiyatında",2,"TUR"
5418,"fiyatını",2,"TUR"
5419,"fiyatlarda",2,"TUR"
5420,"fiyatlardaki",2,"TUR"
5421,"fiyatlarla",2,"TUR"
5422,"fizik",2,"TUR"
5423,"fk",2,"TUR"
5424,"fon",2,"TUR"
5425,"fonksiyonel",2,"TUR"
5426,"formasıyla",2,"TUR"
5427,"formatta",2,"TUR"
5428,"forum",2,"TUR"
5429,"forumu",2,"TUR"
5430,"fosil",2,"TUR"
5431,"fotoğrafa",2,"TUR"
5432,"fotoğraflara",2,"TUR"
5433,"fotoğrafları",2,"TUR"
5434,"frenk",2,"TUR"
5435,"ftx",2,"TUR"
5436,"fuar",2,"TUR"
5437,"futbolcunun",2,"TUR"
5438,"futbolu",2,"TUR"
5439,"füzesi",2,"TUR"
5440,"galaxy",2,"TUR"
5441,"galeriye",2,"TUR"
5442,"galip",2,"TUR"
5443,"gastronomik",2,"TUR"
5444,"gayreti",2,"TUR"
5445,"gazeteciler",2,"TUR"
5446,"gazetecilere",2,"TUR"
5447,"gazetecileri",2,"TUR"
5448,"gazetecilerin",2,"TUR"
5449,"gaziosmanpaşa",2,"TUR"
5450,"gazipaşa",2,"TUR"
5451,"ge",2,"TUR"
5452,"gebelikte",2,"TUR"
5453,"geceleri",2,"TUR"
5454,"geçin",2,"TUR"
5455,"geçirdik",2,"TUR"
5456,"geçirecek",2,"TUR"
5457,"geçiş",2,"TUR"
5458,"geçişin",2,"TUR"
5459,"geçit",2,"TUR"
5460,"geçmesi",2,"TUR"
5461,"geçmişi",2,"TUR"
5462,"geçmişte",2,"TUR"
5463,"geçmişten",2,"TUR"
5464,"geçmişti",2,"TUR"
5465,"geçtiği",2,"TUR"
5466,"geçtiğini",2,"TUR"
5467,"geldiğince",2,"TUR"
5468,"geldiklerinde",2,"TUR"
5469,"geldikten",2,"TUR"
5470,"geldiler",2,"TUR"
5471,"geleceğe",2,"TUR"
5472,"geleceğiyle",2,"TUR"
5473,"gelene",2,"TUR"
5474,"gelindi",2,"TUR"
5475,"gelinin",2,"TUR"
5476,"gelirini",2,"TUR"
5477,"gelirlerini",2,"TUR"
5478,"gelirliye",2,"TUR"
5479,"gelişiyor",2,"TUR"
5480,"gelişmekte",2,"TUR"
5481,"geliştirdiği",2,"TUR"
5482,"geliştirici",2,"TUR"
5483,"geliştirilmiştir",2,"TUR"
5484,"geliştirmek",2,"TUR"
5485,"geliyordu",2,"TUR"
5486,"gelmeden",2,"TUR"
5487,"gelmez",2,"TUR"
5488,"gelmiştir",2,"TUR"
5489,"gemiler",2,"TUR"
5490,"gençlerimize",2,"TUR"
5491,"gençlerimizin",2,"TUR"
5492,"genelge",2,"TUR"
5493,"genişleme",2,"TUR"
5494,"gerald",2,"TUR"
5495,"gerçekleşirken",2,"TUR"
5496,"gerçekleşmesi",2,"TUR"
5497,"gerçekleştirebilmesi",2,"TUR"
5498,"gerçekleştirilecek",2,"TUR"
5499,"gerçekleştirilirken",2,"TUR"
5500,"gerçekleştirilmelidir",2,"TUR"
5501,"gerçekleştiriyor",2,"TUR"
5502,"gerçekleştiriyoruz",2,"TUR"
5503,"gerçekleştirmişti",2,"TUR"
5504,"gerçekte",2,"TUR"
5505,"gerekçeli",2,"TUR"
5506,"gerekirken",2,"TUR"
5507,"gerektiğine",2,"TUR"
5508,"gerektiren",2,"TUR"
5509,"gergin",2,"TUR"
5510,"gerisinde",2,"TUR"
5511,"getirdiler",2,"TUR"
5512,"getireceğiz",2,"TUR"
5513,"getirilmektedir",2,"TUR"
5514,"getirin",2,"TUR"
5515,"getirmeye",2,"TUR"
5516,"gezen",2,"TUR"
5517,"gezerek",2,"TUR"
5518,"gibiydi",2,"TUR"
5519,"gıdaların",2,"TUR"
5520,"gidecekler",2,"TUR"
5521,"giderken",2,"TUR"
5522,"giderler",2,"TUR"
5523,"gidermek",2,"TUR"
5524,"giderse",2,"TUR"
5525,"gidiyor",2,"TUR"
5526,"giller",2,"TUR"
5527,"girdiği",2,"TUR"
5528,"girdiğimde",2,"TUR"
5529,"girdiğini",2,"TUR"
5530,"girer",2,"TUR"
5531,"girişimcilik",2,"TUR"
5532,"girişiminde",2,"TUR"
5533,"girişimler",2,"TUR"
5534,"girişli",2,"TUR"
5535,"girmedim",2,"TUR"
5536,"girmemesi",2,"TUR"
5537,"girmesiyle",2,"TUR"
5538,"girmiş",2,"TUR"
5539,"gitmesi",2,"TUR"
5540,"gitmeye",2,"TUR"
5541,"gitsin",2,"TUR"
5542,"gittiği",2,"TUR"
5543,"gittikçe",2,"TUR"
5544,"gkm",2,"TUR"
5545,"global",2,"TUR"
5546,"göçmenlerin",2,"TUR"
5547,"göksu",2,"TUR"
5548,"gole",2,"TUR"
5549,"golle",2,"TUR"
5550,"gollerini",2,"TUR"
5551,"golü",2,"TUR"
5552,"gölyaka",2,"TUR"
5553,"göndererek",2,"TUR"
5554,"gönderildiğini",2,"TUR"
5555,"gönderilen",2,"TUR"
5556,"gönderilmesini",2,"TUR"
5557,"gönderme",2,"TUR"
5558,"gönülden",2,"TUR"
5559,"gördüğüm",2,"TUR"
5560,"gördüğümüz",2,"TUR"
5561,"görebilmek",2,"TUR"
5562,"göreceli",2,"TUR"
5563,"göreve",2,"TUR"
5564,"görevimiz",2,"TUR"
5565,"görevimizdir",2,"TUR"
5566,"görevini",2,"TUR"
5567,"görevlerinden",2,"TUR"
5568,"görmüş",2,"TUR"
5569,"görülme",2,"TUR"
5570,"görüntülendi",2,"TUR"
5571,"görünür",2,"TUR"
5572,"görür",2,"TUR"
5573,"görüşlerine",2,"TUR"
5574,"görüşmek",2,"TUR"
5575,"görüşmelerde",2,"TUR"
5576,"görüşmesinde",2,"TUR"
5577,"görüşmesini",2,"TUR"
5578,"görüşüldüğü",2,"TUR"
5579,"görüyorum",2,"TUR"
5580,"gösterdiği",2,"TUR"
5581,"gösterdiğini",2,"TUR"
5582,"gösterdikleri",2,"TUR"
5583,"gösterecek",2,"TUR"
5584,"gösterildi",2,"TUR"
5585,"gösteriliyor",2,"TUR"
5586,"gösterirken",2,"TUR"
5587,"gösterisi",2,"TUR"
5588,"göstermektedir",2,"TUR"
5589,"göstermesin",2,"TUR"
5590,"göstermiş",2,"TUR"
5591,"götürdü",2,"TUR"
5592,"götürüldü",2,"TUR"
5593,"gözdağı",2,"TUR"
5594,"göze",2,"TUR"
5595,"gözetim",2,"TUR"
5596,"göztepe",2,"TUR"
5597,"grand",2,"TUR"
5598,"group",2,"TUR"
5599,"gruptan",2,"TUR"
5600,"gsb",2,"TUR"
5601,"gübre",2,"TUR"
5602,"güçlendirilmiş",2,"TUR"
5603,"güçlendirmek",2,"TUR"
5604,"güçlerin",2,"TUR"
5605,"güçlerinin",2,"TUR"
5606,"gücüyle",2,"TUR"
5607,"gülden",2,"TUR"
5608,"gülerek",2,"TUR"
5609,"gümrük",2,"TUR"
5610,"günaydın",2,"TUR"
5611,"gündemimiz",2,"TUR"
5612,"gündeminde",2,"TUR"
5613,"gündeminin",2,"TUR"
5614,"günümüze",2,"TUR"
5615,"gününe",2,"TUR"
5616,"gürültü",2,"TUR"
5617,"gürültülü",2,"TUR"
5618,"gururla",2,"TUR"
5619,"güvence",2,"TUR"
5620,"güveni",2,"TUR"
5621,"güveniyoruz",2,"TUR"
5622,"güvenliğin",2,"TUR"
5623,"güvercinin",2,"TUR"
5624,"güya",2,"TUR"
5625,"güzellik",2,"TUR"
5626,"haavisto",2,"TUR"
5627,"hababam",2,"TUR"
5628,"haberdar",2,"TUR"
5629,"haberinde",2,"TUR"
5630,"haberleşme",2,"TUR"
5631,"hablemitoğlu",2,"TUR"
5632,"hac",2,"TUR"
5633,"haftalığına",2,"TUR"
5634,"haftasonu",2,"TUR"
5635,"haindir",2,"TUR"
5636,"hakimiyetini",2,"TUR"
5637,"hakimler",2,"TUR"
5638,"hakimliği",2,"TUR"
5639,"hakkım",2,"TUR"
5640,"haksızlık",2,"TUR"
5641,"halıları",2,"TUR"
5642,"halimle",2,"TUR"
5643,"halindeki",2,"TUR"
5644,"halini",2,"TUR"
5645,"halit",2,"TUR"
5646,"haliyle",2,"TUR"
5647,"halkla",2,"TUR"
5648,"halsizlik",2,"TUR"
5649,"hamas",2,"TUR"
5650,"hami",2,"TUR"
5651,"hamilelik",2,"TUR"
5652,"hamurun",2,"TUR"
5653,"hande",2,"TUR"
5654,"harcamak",2,"TUR"
5655,"harcı",2,"TUR"
5656,"harcıyor",2,"TUR"
5657,"harekat",2,"TUR"
5658,"hareketli",2,"TUR"
5659,"haritası",2,"TUR"
5660,"haritasına",2,"TUR"
5661,"hassasiyet",2,"TUR"
5662,"hastalar",2,"TUR"
5663,"hastaları",2,"TUR"
5664,"hastalığın",2,"TUR"
5665,"hastalıklara",2,"TUR"
5666,"hastanesinde",2,"TUR"
5667,"hastası",2,"TUR"
5668,"hatalı",2,"TUR"
5669,"hatayspor",2,"TUR"
5670,"hatıralarını",2,"TUR"
5671,"hatırlanacağı",2,"TUR"
5672,"hatırlatarak",2,"TUR"
5673,"havacılık",2,"TUR"
5674,"havaların",2,"TUR"
5675,"havalimanını",2,"TUR"
5676,"havayı",2,"TUR"
5677,"hayalleri",2,"TUR"
5678,"hayatım",2,"TUR"
5679,"hayatımız",2,"TUR"
5680,"hayatımıza",2,"TUR"
5681,"hayatında",2,"TUR"
5682,"hayatlarında",2,"TUR"
5683,"hayvancılık",2,"TUR"
5684,"hayvanlar",2,"TUR"
5685,"hayvanları",2,"TUR"
5686,"hazineye",2,"TUR"
5687,"hazırız",2,"TUR"
5688,"hazırladı",2,"TUR"
5689,"hazırladığı",2,"TUR"
5690,"hazırlayan",2,"TUR"
5691,"hazırlığında",2,"TUR"
5692,"hazırlıklı",2,"TUR"
5693,"heard",2,"TUR"
5694,"hedeflediğimiz",2,"TUR"
5695,"hedeflenen",2,"TUR"
5696,"hedeflerine",2,"TUR"
5697,"helikopter",2,"TUR"
5698,"helikopterin",2,"TUR"
5699,"hemşire",2,"TUR"
5700,"hepiniz",2,"TUR"
5701,"hepinize",2,"TUR"
5702,"hepsinden",2,"TUR"
5703,"hepsini",2,"TUR"
5704,"hepsinin",2,"TUR"
5705,"herhalde",2,"TUR"
5706,"herkeste",2,"TUR"
5707,"hes",2,"TUR"
5708,"hesabını",2,"TUR"
5709,"hesaplanıyor",2,"TUR"
5710,"hesaplara",2,"TUR"
5711,"hesapları",2,"TUR"
5712,"hesaplarına",2,"TUR"
5713,"heyecanlıyım",2,"TUR"
5714,"heyet",2,"TUR"
5715,"heykel",2,"TUR"
5716,"heykelin",2,"TUR"
5717,"heykelinin",2,"TUR"
5718,"hibrit",2,"TUR"
5719,"hıdırellez",2,"TUR"
5720,"hijyen",2,"TUR"
5721,"hızlandırır",2,"TUR"
5722,"hizmetine",2,"TUR"
5723,"hizmetler",2,"TUR"
5724,"hizmetlerimizi",2,"TUR"
5725,"hocanın",2,"TUR"
5726,"hocazade",2,"TUR"
5727,"holokost",2,"TUR"
5728,"hormonu",2,"TUR"
5729,"hsk",2,"TUR"
5730,"https",2,"TUR"
5731,"hücre",2,"TUR"
5732,"hücrelerinin",2,"TUR"
5733,"hükmedilen",2,"TUR"
5734,"hukuksuzluk",2,"TUR"
5735,"hukuku",2,"TUR"
5736,"hüküm",2,"TUR"
5737,"hull",2,"TUR"
5738,"hülya",2,"TUR"
5739,"husumet",2,"TUR"
5740,"hutbesi",2,"TUR"
5741,"huzurlu",2,"TUR"
5742,"huzuru",2,"TUR"
5743,"içeride",2,"TUR"
5744,"içeriğinde",2,"TUR"
5745,"içeriğine",2,"TUR"
5746,"içerikleri",2,"TUR"
5747,"içerikli",2,"TUR"
5748,"içilen",2,"TUR"
5749,"içimizdeki",2,"TUR"
5750,"içli",2,"TUR"
5751,"idama",2,"TUR"
5752,"idaresi",2,"TUR"
5753,"iddiaları",2,"TUR"
5754,"iddialarına",2,"TUR"
5755,"iddiası",2,"TUR"
5756,"ifadelerinin",2,"TUR"
5757,"ifadeyle",2,"TUR"
5758,"ifşa",2,"TUR"
5759,"iftarda",2,"TUR"
5760,"ihalede",2,"TUR"
5761,"ihracatımız",2,"TUR"
5762,"ihracatın",2,"TUR"
5763,"ihracatının",2,"TUR"
5764,"ihracatla",2,"TUR"
5765,"ihtimali",2,"TUR"
5766,"ihtimaline",2,"TUR"
5767,"ihtiyacımız",2,"TUR"
5768,"ihtiyacını",2,"TUR"
5769,"ihtiyaçları",2,"TUR"
5770,"ikiliden",2,"TUR"
5771,"ikincisi",2,"TUR"
5772,"ikram",2,"TUR"
5773,"ikramiye",2,"TUR"
5774,"ikramiyesi",2,"TUR"
5775,"iktidara",2,"TUR"
5776,"iktidarda",2,"TUR"
5777,"iktidarı",2,"TUR"
5778,"iktidarının",2,"TUR"
5779,"iktisat",2,"TUR"
5780,"ilacın",2,"TUR"
5781,"ilaçlar",2,"TUR"
5782,"ilaçları",2,"TUR"
5783,"ilaçların",2,"TUR"
5784,"ilçenin",2,"TUR"
5785,"ilerde",2,"TUR"
5786,"ileriye",2,"TUR"
5787,"ilerleme",2,"TUR"
5788,"ilerlemesi",2,"TUR"
5789,"iletişimimiz",2,"TUR"
5790,"ilgisi",2,"TUR"
5791,"ilgisini",2,"TUR"
5792,"ili",2,"TUR"
5793,"ilim",2,"TUR"
5794,"ilimizde",2,"TUR"
5795,"ilin",2,"TUR"
5796,"ilişkileri",2,"TUR"
5797,"ilişkilerinde",2,"TUR"
5798,"ilişkinin",2,"TUR"
5799,"ilkeleri",2,"TUR"
5800,"ilkesel",2,"TUR"
5801,"ilkokulu",2,"TUR"
5802,"iller",2,"TUR"
5803,"illerde",2,"TUR"
5804,"illere",2,"TUR"
5805,"imal",2,"TUR"
5806,"imam",2,"TUR"
5807,"imkanları",2,"TUR"
5808,"imkanlarla",2,"TUR"
5809,"imzalayan",2,"TUR"
5810,"imzalı",2,"TUR"
5811,"imzayı",2,"TUR"
5812,"inancını",2,"TUR"
5813,"inanıyor",2,"TUR"
5814,"inceledi",2,"TUR"
5815,"incelemeler",2,"TUR"
5816,"incelemeye",2,"TUR"
5817,"inceleyen",2,"TUR"
5818,"indirimi",2,"TUR"
5819,"iniş",2,"TUR"
5820,"inşaatta",2,"TUR"
5821,"insanlarımızın",2,"TUR"
5822,"insanlarının",2,"TUR"
5823,"insanlık",2,"TUR"
5824,"insansız",2,"TUR"
5825,"intihar",2,"TUR"
5826,"intikam",2,"TUR"
5827,"irtibat",2,"TUR"
5828,"irtibata",2,"TUR"
5829,"isa",2,"TUR"
5830,"isabet",2,"TUR"
5831,"isabetli",2,"TUR"
5832,"işbirliğine",2,"TUR"
5833,"işçilere",2,"TUR"
5834,"işçileri",2,"TUR"
5835,"işçilerin",2,"TUR"
5836,"işçilik",2,"TUR"
5837,"işgali",2,"TUR"
5838,"işid",2,"TUR"
5839,"ışığında",2,"TUR"
5840,"ışık",2,"TUR"
5841,"işim",2,"TUR"
5842,"işimizi",2,"TUR"
5843,"işini",2,"TUR"
5844,"işkur",2,"TUR"
5845,"ıslak",2,"TUR"
5846,"işlediği",2,"TUR"
5847,"işlemez",2,"TUR"
5848,"işlemi",2,"TUR"
5849,"işleminde",2,"TUR"
5850,"işlemler",2,"TUR"
5851,"işlemlerini",2,"TUR"
5852,"işlendiği",2,"TUR"
5853,"işlerde",2,"TUR"
5854,"işlerini",2,"TUR"
5855,"işleten",2,"TUR"
5856,"işletme",2,"TUR"
5857,"işletmeler",2,"TUR"
5858,"ismin",2,"TUR"
5859,"ismini",2,"TUR"
5860,"ısrar",2,"TUR"
5861,"istediğimiz",2,"TUR"
5862,"istediklerini",2,"TUR"
5863,"istek",2,"TUR"
5864,"istemedi",2,"TUR"
5865,"istemediler",2,"TUR"
5866,"istemiyorum",2,"TUR"
5867,"istemiyoruz",2,"TUR"
5868,"işten",2,"TUR"
5869,"istenilen",2,"TUR"
5870,"isterken",2,"TUR"
5871,"istersin",2,"TUR"
5872,"istifade",2,"TUR"
5873,"istikametine",2,"TUR"
5874,"istiklal",2,"TUR"
5875,"istikrarlı",2,"TUR"
5876,"istişare",2,"TUR"
5877,"işveren",2,"TUR"
5878,"isyan",2,"TUR"
5879,"ithal",2,"TUR"
5880,"ithalat",2,"TUR"
5881,"ithalatı",2,"TUR"
5882,"itiraf",2,"TUR"
5883,"itirazlarını",2,"TUR"
5884,"iyiden",2,"TUR"
5885,"iyileştirecek",2,"TUR"
5886,"iyisini",2,"TUR"
5887,"iyiye",2,"TUR"
5888,"iz",2,"TUR"
5889,"izinli",2,"TUR"
5890,"izledi",2,"TUR"
5891,"izleme",2,"TUR"
5892,"izlemek",2,"TUR"
5893,"izlemeye",2,"TUR"
5894,"izlenirken",2,"TUR"
5895,"izleniyor",2,"TUR"
5896,"izlenme",2,"TUR"
5897,"izleri",2,"TUR"
5898,"izzet",2,"TUR"
5899,"jin",2,"TUR"
5900,"jones",2,"TUR"
5901,"jorge",2,"TUR"
5902,"journal",2,"TUR"
5903,"kabiliyeti",2,"TUR"
5904,"kabine",2,"TUR"
5905,"kaçakçılığı",2,"TUR"
5906,"kaçakçılık",2,"TUR"
5907,"kaçan",2,"TUR"
5908,"kaçırdık",2,"TUR"
5909,"kaçta",2,"TUR"
5910,"kadarki",2,"TUR"
5911,"kademeye",2,"TUR"
5912,"kades",2,"TUR"
5913,"kadınla",2,"TUR"
5914,"kadınlara",2,"TUR"
5915,"kafa",2,"TUR"
5916,"kağıda",2,"TUR"
5917,"kahraman",2,"TUR"
5918,"kalacak",2,"TUR"
5919,"kaldırılacağı",2,"TUR"
5920,"kaldırıldığını",2,"TUR"
5921,"kaldırılmasına",2,"TUR"
5922,"kaldırım",2,"TUR"
5923,"kaldırmak",2,"TUR"
5924,"kaldırmasını",2,"TUR"
5925,"kaliforniya",2,"TUR"
5926,"kalır",2,"TUR"
5927,"kalırsınız",2,"TUR"
5928,"kalitesi",2,"TUR"
5929,"kalkavan",2,"TUR"
5930,"kalmamıştır",2,"TUR"
5931,"kalmayıp",2,"TUR"
5932,"kampanya",2,"TUR"
5933,"kampına",2,"TUR"
5934,"kampında",2,"TUR"
5935,"kamuda",2,"TUR"
5936,"kamuoyuna",2,"TUR"
5937,"kamuoyunun",2,"TUR"
5938,"kamuoyuyla",2,"TUR"
5939,"kamyon",2,"TUR"
5940,"kandili",2,"TUR"
5941,"kanın",2,"TUR"
5942,"kanını",2,"TUR"
5943,"kapak",2,"TUR"
5944,"kapanacak",2,"TUR"
5945,"kapandı",2,"TUR"
5946,"kapanışını",2,"TUR"
5947,"kapasiteli",2,"TUR"
5948,"kapasiteye",2,"TUR"
5949,"kapatıldı",2,"TUR"
5950,"kapatmak",2,"TUR"
5951,"kapattı",2,"TUR"
5952,"kapı",2,"TUR"
5953,"kapısına",2,"TUR"
5954,"kapsamı",2,"TUR"
5955,"kapsayacak",2,"TUR"
5956,"kapsayıcı",2,"TUR"
5957,"karabük",2,"TUR"
5958,"karadağ",2,"TUR"
5959,"karadağlı",2,"TUR"
5960,"karadan",2,"TUR"
5961,"karanlığa",2,"TUR"
5962,"karanlıkta",2,"TUR"
5963,"karantina",2,"TUR"
5964,"kararın",2,"TUR"
5965,"kararına",2,"TUR"
5966,"kararından",2,"TUR"
5967,"kararlara",2,"TUR"
5968,"kararlarla",2,"TUR"
5969,"kararlılığı",2,"TUR"
5970,"kararlılıklarını",2,"TUR"
5971,"karatay",2,"TUR"
5972,"karayolu",2,"TUR"
5973,"kardeşim",2,"TUR"
5974,"kardeşlerime",2,"TUR"
5975,"kardeşlerimiz",2,"TUR"
5976,"kardeşlerini",2,"TUR"
5977,"karikatür",2,"TUR"
5978,"kariyerinde",2,"TUR"
5979,"karla",2,"TUR"
5980,"karnı",2,"TUR"
5981,"karolina",2,"TUR"
5982,"karpuzatan",2,"TUR"
5983,"karşılaşan",2,"TUR"
5984,"karşılaşma",2,"TUR"
5985,"karşılığını",2,"TUR"
5986,"karşılıklı",2,"TUR"
5987,"kart",2,"TUR"
5988,"kasap",2,"TUR"
5989,"kasımpaşa",2,"TUR"
5990,"katarak",2,"TUR"
5991,"katil",2,"TUR"
5992,"katılacağı",2,"TUR"
5993,"katılımcıların",2,"TUR"
5994,"katılımı",2,"TUR"
5995,"katılmasını",2,"TUR"
5996,"katkısı",2,"TUR"
5997,"katlanan",2,"TUR"
5998,"kavuştu",2,"TUR"
5999,"kavuşturdu",2,"TUR"
6000,"kaybederken",2,"TUR"
6001,"kayboldu",2,"TUR"
6002,"kaydettiği",2,"TUR"
6003,"kayıp",2,"TUR"
6004,"kayıplar",2,"TUR"
6005,"kayıtlarını",2,"TUR"
6006,"kayıtlı",2,"TUR"
6007,"kayması",2,"TUR"
6008,"kaynaklanıyor",2,"TUR"
6009,"kaynaklara",2,"TUR"
6010,"kaynaklarının",2,"TUR"
6011,"kayserispor",2,"TUR"
6012,"kazanç",2,"TUR"
6013,"kazancı",2,"TUR"
6014,"kazandırdığı",2,"TUR"
6015,"kazandırılması",2,"TUR"
6016,"kazanın",2,"TUR"
6017,"kazanmış",2,"TUR"
6018,"kazınan",2,"TUR"
6019,"keçiören",2,"TUR"
6020,"kefalet",2,"TUR"
6021,"kelepçe",2,"TUR"
6022,"kemik",2,"TUR"
6023,"kenarında",2,"TUR"
6024,"kendime",2,"TUR"
6025,"kendimiz",2,"TUR"
6026,"kendimize",2,"TUR"
6027,"kente",2,"TUR"
6028,"kentindeki",2,"TUR"
6029,"kesildi",2,"TUR"
6030,"kesilen",2,"TUR"
6031,"kesimlerin",2,"TUR"
6032,"kesinleşmiş",2,"TUR"
6033,"kesintisiz",2,"TUR"
6034,"kesintiye",2,"TUR"
6035,"kesmek",2,"TUR"
6036,"keyifli",2,"TUR"
6037,"kılınan",2,"TUR"
6038,"kılınarak",2,"TUR"
6039,"kılınır",2,"TUR"
6040,"kilometrelik",2,"TUR"
6041,"kilosu",2,"TUR"
6042,"kimden",2,"TUR"
6043,"kimi",2,"TUR"
6044,"kimliği",2,"TUR"
6045,"kimseye",2,"TUR"
6046,"kimyasal",2,"TUR"
6047,"kiralar",2,"TUR"
6048,"kirasını",2,"TUR"
6049,"kiraz",2,"TUR"
6050,"kirişci",2,"TUR"
6051,"kirli",2,"TUR"
6052,"kırma",2,"TUR"
6053,"kırsal",2,"TUR"
6054,"kırsalında",2,"TUR"
6055,"kişide",2,"TUR"
6056,"kişiden",2,"TUR"
6057,"kişilerde",2,"TUR"
6058,"kışın",2,"TUR"
6059,"kısıtlı",2,"TUR"
6060,"kısmını",2,"TUR"
6061,"kitabın",2,"TUR"
6062,"kitapta",2,"TUR"
6063,"kıvanç",2,"TUR"
6064,"kıymetini",2,"TUR"
6065,"kızılay",2,"TUR"
6066,"kızılcahamam",2,"TUR"
6067,"kızımız",2,"TUR"
6068,"kızın",2,"TUR"
6069,"kökler",2,"TUR"
6070,"kökten",2,"TUR"
6071,"kol",2,"TUR"
6072,"kolaylıkla",2,"TUR"
6073,"kolları",2,"TUR"
6074,"kolluk",2,"TUR"
6075,"kolovos",2,"TUR"
6076,"kolu",2,"TUR"
6077,"komşu",2,"TUR"
6078,"komşusu",2,"TUR"
6079,"kömür",2,"TUR"
6080,"kondu",2,"TUR"
6081,"kongresi",2,"TUR"
6082,"kongreye",2,"TUR"
6083,"konserde",2,"TUR"
6084,"konseri",2,"TUR"
6085,"konservatuar",2,"TUR"
6086,"kontenjan",2,"TUR"
6087,"kontrolünde",2,"TUR"
6088,"kontrolünden",2,"TUR"
6089,"konudaki",2,"TUR"
6090,"konuğu",2,"TUR"
6091,"konukevi",2,"TUR"
6092,"konular",2,"TUR"
6093,"konuların",2,"TUR"
6094,"konularında",2,"TUR"
6095,"konularını",2,"TUR"
6096,"konuldu",2,"TUR"
6097,"konulması",2,"TUR"
6098,"konumuna",2,"TUR"
6099,"konunun",2,"TUR"
6100,"konuşma",2,"TUR"
6101,"konuştuğu",2,"TUR"
6102,"konuştum",2,"TUR"
6103,"konuşulacak",2,"TUR"
6104,"konuşulan",2,"TUR"
6105,"konuşuldu",2,"TUR"
6106,"konutu",2,"TUR"
6107,"konuya",2,"TUR"
6108,"konyaspor",2,"TUR"
6109,"köprüsü",2,"TUR"
6110,"koptu",2,"TUR"
6111,"kore",2,"TUR"
6112,"körfez",2,"TUR"
6113,"korkma",2,"TUR"
6114,"korku",2,"TUR"
6115,"korkunç",2,"TUR"
6116,"korkusu",2,"TUR"
6117,"korona",2,"TUR"
6118,"koronavirüs",2,"TUR"
6119,"koronavirüsün",2,"TUR"
6120,"korumalı",2,"TUR"
6121,"korusun",2,"TUR"
6122,"köşe",2,"TUR"
6123,"köşesinde",2,"TUR"
6124,"koşulların",2,"TUR"
6125,"kötülük",2,"TUR"
6126,"kötüye",2,"TUR"
6127,"koy",2,"TUR"
6128,"koyduk",2,"TUR"
6129,"köye",2,"TUR"
6130,"köyler",2,"TUR"
6131,"koyun",2,"TUR"
6132,"köyün",2,"TUR"
6133,"köyündeki",2,"TUR"
6134,"koyuyor",2,"TUR"
6135,"kozmetik",2,"TUR"
6136,"kraliyet",2,"TUR"
6137,"krediler",2,"TUR"
6138,"krizine",2,"TUR"
6139,"krizinin",2,"TUR"
6140,"kulesi",2,"TUR"
6141,"kulis",2,"TUR"
6142,"kullanabilirsiniz",2,"TUR"
6143,"kullanıcılarından",2,"TUR"
6144,"kullanıldığında",2,"TUR"
6145,"kullanılır",2,"TUR"
6146,"kullanılıyor",2,"TUR"
6147,"kullanılması",2,"TUR"
6148,"kullanırken",2,"TUR"
6149,"kullanmış",2,"TUR"
6150,"kullanmıştı",2,"TUR"
6151,"külliyesi",2,"TUR"
6152,"kültürünü",2,"TUR"
6153,"kupa",2,"TUR"
6154,"kupayı",2,"TUR"
6155,"kür",2,"TUR"
6156,"kurallar",2,"TUR"
6157,"kurallara",2,"TUR"
6158,"kurduğumuz",2,"TUR"
6159,"kurdukları",2,"TUR"
6160,"kurmayı",2,"TUR"
6161,"kursları",2,"TUR"
6162,"kurt",2,"TUR"
6163,"kürtaj",2,"TUR"
6164,"kurtaran",2,"TUR"
6165,"kurtarılamayarak",2,"TUR"
6166,"kurtarmak",2,"TUR"
6167,"kurtula",2,"TUR"
6168,"kurtulmuş",2,"TUR"
6169,"kurulacak",2,"TUR"
6170,"kurumlar",2,"TUR"
6171,"kurumları",2,"TUR"
6172,"kurumlarının",2,"TUR"
6173,"kurumun",2,"TUR"
6174,"kurumunun",2,"TUR"
6175,"kurunun",2,"TUR"
6176,"kuruştan",2,"TUR"
6177,"kurutma",2,"TUR"
6178,"kuş",2,"TUR"
6179,"kusursuz",2,"TUR"
6180,"kütahya",2,"TUR"
6181,"kutlanıyor",2,"TUR"
6182,"kutlayan",2,"TUR"
6183,"kutlu",2,"TUR"
6184,"kutluyorum",2,"TUR"
6185,"kütüphanesi",2,"TUR"
6186,"kuvvetleri",2,"TUR"
6187,"kuvvetli",2,"TUR"
6188,"kuyruğu",2,"TUR"
6189,"kuyuda",2,"TUR"
6190,"kuzeyi",2,"TUR"
6191,"kuzu",2,"TUR"
6192,"l",2,"TUR"
6193,"laf",2,"TUR"
6194,"lagarde",2,"TUR"
6195,"laik",2,"TUR"
6196,"ların",2,"TUR"
6197,"lastik",2,"TUR"
6198,"lastiklerin",2,"TUR"
6199,"lastiklerinin",2,"TUR"
6200,"lavrov",2,"TUR"
6201,"lehine",2,"TUR"
6202,"leipzig",2,"TUR"
6203,"lerde",2,"TUR"
6204,"leyleğin",2,"TUR"
6205,"lezzet",2,"TUR"
6206,"lezzetli",2,"TUR"
6207,"liderini",2,"TUR"
6208,"liderliğinde",2,"TUR"
6209,"ligde",2,"TUR"
6210,"liler",2,"TUR"
6211,"limanından",2,"TUR"
6212,"limiti",2,"TUR"
6213,"limon",2,"TUR"
6214,"listesi",2,"TUR"
6215,"listesinde",2,"TUR"
6216,"listesini",2,"TUR"
6217,"lpg",2,"TUR"
6218,"lu",2,"TUR"
6219,"lü",2,"TUR"
6220,"lüks",2,"TUR"
6221,"lütfi",2,"TUR"
6222,"maaşlar",2,"TUR"
6223,"maçına",2,"TUR"
6224,"maçtan",2,"TUR"
6225,"maddeler",2,"TUR"
6226,"madrid",2,"TUR"
6227,"mafya",2,"TUR"
6228,"mahallelerin",2,"TUR"
6229,"mahallemizde",2,"TUR"
6230,"mahir",2,"TUR"
6231,"mahkemelere",2,"TUR"
6232,"mahkemenin",2,"TUR"
6233,"mahkemesinde",2,"TUR"
6234,"mahkemeye",2,"TUR"
6235,"maksatla",2,"TUR"
6236,"malatya",2,"TUR"
6237,"maliyet",2,"TUR"
6238,"maliyetle",2,"TUR"
6239,"maliyetlerindeki",2,"TUR"
6240,"maliyetlerini",2,"TUR"
6241,"mansur",2,"TUR"
6242,"manzarası",2,"TUR"
6243,"mariupol",2,"TUR"
6244,"marketin",2,"TUR"
6245,"marsilya",2,"TUR"
6246,"masadan",2,"TUR"
6247,"masaj",2,"TUR"
6248,"masasına",2,"TUR"
6249,"matematik",2,"TUR"
6250,"mavililerin",2,"TUR"
6251,"mazeret",2,"TUR"
6252,"mazota",2,"TUR"
6253,"meb",2,"TUR"
6254,"meclisinde",2,"TUR"
6255,"mehdi",2,"TUR"
6256,"mekân",2,"TUR"
6257,"melih",2,"TUR"
6258,"meme",2,"TUR"
6259,"mensupları",2,"TUR"
6260,"mensuplarıyla",2,"TUR"
6261,"merakla",2,"TUR"
6262,"mercek",2,"TUR"
6263,"merkezinden",2,"TUR"
6264,"merkezine",2,"TUR"
6265,"merkezlerindeki",2,"TUR"
6266,"mert",2,"TUR"
6267,"mertens",2,"TUR"
6268,"meryem",2,"TUR"
6269,"mesafesi",2,"TUR"
6270,"mesaj",2,"TUR"
6271,"mesajını",2,"TUR"
6272,"mesajları",2,"TUR"
6273,"mesane",2,"TUR"
6274,"meselesidir",2,"TUR"
6275,"meteoroloji",2,"TUR"
6276,"metrekarelik",2,"TUR"
6277,"metreye",2,"TUR"
6278,"mevlana",2,"TUR"
6279,"mevsimde",2,"TUR"
6280,"mevsimsel",2,"TUR"
6281,"mevziler",2,"TUR"
6282,"mevzuat",2,"TUR"
6283,"meydanında",2,"TUR"
6284,"meyvesi",2,"TUR"
6285,"mezun",2,"TUR"
6286,"mezuniyet",2,"TUR"
6287,"mezunları",2,"TUR"
6288,"mezunu",2,"TUR"
6289,"mgk",2,"TUR"
6290,"michel",2,"TUR"
6291,"michelle",2,"TUR"
6292,"michigan",2,"TUR"
6293,"mide",2,"TUR"
6294,"midir",2,"TUR"
6295,"miktarın",2,"TUR"
6296,"milliyetçi",2,"TUR"
6297,"milyonlarca",2,"TUR"
6298,"minibüs",2,"TUR"
6299,"minik",2,"TUR"
6300,"minimum",2,"TUR"
6301,"mirası",2,"TUR"
6302,"mısır",2,"TUR"
6303,"misyonu",2,"TUR"
6304,"mit",2,"TUR"
6305,"miyase",2,"TUR"
6306,"mobil",2,"TUR"
6307,"mobilya",2,"TUR"
6308,"modelden",2,"TUR"
6309,"modeliyle",2,"TUR"
6310,"modellerinin",2,"TUR"
6311,"motor",2,"TUR"
6312,"mü",2,"TUR"
6313,"muameleyi",2,"TUR"
6314,"mücadelemizi",2,"TUR"
6315,"müdafaa",2,"TUR"
6316,"müdahalenin",2,"TUR"
6317,"müdahalesi",2,"TUR"
6318,"müdürleri",2,"TUR"
6319,"müdürlüğüne",2,"TUR"
6320,"müfettişi",2,"TUR"
6321,"muğla",2,"TUR"
6322,"muhafızlarına",2,"TUR"
6323,"muhammet",2,"TUR"
6324,"muharebe",2,"TUR"
6325,"muhtar",2,"TUR"
6326,"muhtarı",2,"TUR"
6327,"muhtemelen",2,"TUR"
6328,"müjde",2,"TUR"
6329,"müjdesi",2,"TUR"
6330,"mükellefi",2,"TUR"
6331,"muratpaşa",2,"TUR"
6332,"müsaade",2,"TUR"
6333,"musunuz",2,"TUR"
6334,"mutabakat",2,"TUR"
6335,"mütalaa",2,"TUR"
6336,"mutluluk",2,"TUR"
6337,"mutluyuz",2,"TUR"
6338,"müzesine",2,"TUR"
6339,"namazın",2,"TUR"
6340,"namerttir",2,"TUR"
6341,"narkotik",2,"TUR"
6342,"nasılsa",2,"TUR"
6343,"nce",2,"TUR"
6344,"ncı",2,"TUR"
6345,"nebze",2,"TUR"
6346,"nedenden",2,"TUR"
6347,"nedenini",2,"TUR"
6348,"nedenlerle",2,"TUR"
6349,"nefret",2,"TUR"
6350,"negatif",2,"TUR"
6351,"nereli",2,"TUR"
6352,"nesil",2,"TUR"
6353,"netflix",2,"TUR"
6354,"netlik",2,"TUR"
6355,"nil",2,"TUR"
6356,"nisa",2,"TUR"
6357,"nitelendirdi",2,"TUR"
6358,"niteliği",2,"TUR"
6359,"nitelikli",2,"TUR"
6360,"nitelikte",2,"TUR"
6361,"niyaz",2,"TUR"
6362,"niyet",2,"TUR"
6363,"noktaların",2,"TUR"
6364,"noktası",2,"TUR"
6365,"noktasına",2,"TUR"
6366,"normalde",2,"TUR"
6367,"normaldir",2,"TUR"
6368,"noter",2,"TUR"
6369,"notunu",2,"TUR"
6370,"nü",2,"TUR"
6371,"ocakları",2,"TUR"
6372,"oda",2,"TUR"
6373,"ödeme",2,"TUR"
6374,"ödemek",2,"TUR"
6375,"ödemeye",2,"TUR"
6376,"ödeneği",2,"TUR"
6377,"ödenen",2,"TUR"
6378,"ödülü",2,"TUR"
6379,"off",2,"TUR"
6380,"ofisi",2,"TUR"
6381,"öfkeli",2,"TUR"
6382,"öğlen",2,"TUR"
6383,"oğlunun",2,"TUR"
6384,"öğrencilerinden",2,"TUR"
6385,"öğrenen",2,"TUR"
6386,"öğrenince",2,"TUR"
6387,"öğrenme",2,"TUR"
6388,"öğretmenler",2,"TUR"
6389,"öğretmenlerin",2,"TUR"
6390,"öğretmenlik",2,"TUR"
6391,"oğuzhan",2,"TUR"
6392,"öksüz",2,"TUR"
6393,"oktar",2,"TUR"
6394,"okudu",2,"TUR"
6395,"okullara",2,"TUR"
6396,"okulların",2,"TUR"
6397,"okuma",2,"TUR"
6398,"okur",2,"TUR"
6399,"olabilirsiniz",2,"TUR"
6400,"olacağına",2,"TUR"
6401,"olağan",2,"TUR"
6402,"olanlara",2,"TUR"
6403,"olaydan",2,"TUR"
6404,"ölçülen",2,"TUR"
6405,"öldüğü",2,"TUR"
6406,"olduğunca",2,"TUR"
6407,"öldürüldüğü",2,"TUR"
6408,"olmaktan",2,"TUR"
6409,"olmalıdır",2,"TUR"
6410,"olmama",2,"TUR"
6411,"olmaması",2,"TUR"
6412,"olmasından",2,"TUR"
6413,"olmayanlar",2,"TUR"
6414,"ölümcül",2,"TUR"
6415,"ölümden",2,"TUR"
6416,"ölümlerin",2,"TUR"
6417,"olunca",2,"TUR"
6418,"oluşmuş",2,"TUR"
6419,"oluşturup",2,"TUR"
6420,"ömür",2,"TUR"
6421,"omuz",2,"TUR"
6422,"omuza",2,"TUR"
6423,"onarım",2,"TUR"
6424,"onay",2,"TUR"
6425,"ondan",2,"TUR"
6426,"önderlik",2,"TUR"
6427,"öneme",2,"TUR"
6428,"önemlisi",2,"TUR"
6429,"önemsiyoruz",2,"TUR"
6430,"önerisi",2,"TUR"
6431,"önlemler",2,"TUR"
6432,"önlemlerini",2,"TUR"
6433,"önleyecek",2,"TUR"
6434,"online",2,"TUR"
6435,"onunla",2,"TUR"
6436,"op",2,"TUR"
6437,"opal",2,"TUR"
6438,"operasyonel",2,"TUR"
6439,"operasyonla",2,"TUR"
6440,"operasyonlarda",2,"TUR"
6441,"operasyonlarının",2,"TUR"
6442,"operasyonun",2,"TUR"
6443,"operasyonuna",2,"TUR"
6444,"oranın",2,"TUR"
6445,"oranını",2,"TUR"
6446,"oranının",2,"TUR"
6447,"oranla",2,"TUR"
6448,"oranlarda",2,"TUR"
6449,"ordunun",2,"TUR"
6450,"ordusunun",2,"TUR"
6451,"organizasyonu",2,"TUR"
6452,"örgüt",2,"TUR"
6453,"örgütlerinden",2,"TUR"
6454,"örgütlerine",2,"TUR"
6455,"örgütlerinin",2,"TUR"
6456,"örgütün",2,"TUR"
6457,"orleans",2,"TUR"
6458,"ormanları",2,"TUR"
6459,"otelde",2,"TUR"
6460,"ötesi",2,"TUR"
6461,"otobüste",2,"TUR"
6462,"otorite",2,"TUR"
6463,"oturdu",2,"TUR"
6464,"öykü",2,"TUR"
6465,"oyla",2,"TUR"
6466,"oyların",2,"TUR"
6467,"oynayacağı",2,"TUR"
6468,"oyuncuların",2,"TUR"
6469,"oyuncularından",2,"TUR"
6470,"oyunun",2,"TUR"
6471,"özdil",2,"TUR"
6472,"özen",2,"TUR"
6473,"özgün",2,"TUR"
6474,"özgür",2,"TUR"
6475,"özgürlük",2,"TUR"
6476,"özgürlükler",2,"TUR"
6477,"özgürlüklerine",2,"TUR"
6478,"pahalılığına",2,"TUR"
6479,"paket",2,"TUR"
6480,"paketleri",2,"TUR"
6481,"pamuk",2,"TUR"
6482,"pamukkale",2,"TUR"
6483,"pancar",2,"TUR"
6484,"papatyası",2,"TUR"
6485,"paralar",2,"TUR"
6486,"paranın",2,"TUR"
6487,"parasal",2,"TUR"
6488,"parasını",2,"TUR"
6489,"paraya",2,"TUR"
6490,"parkın",2,"TUR"
6491,"parklar",2,"TUR"
6492,"parlak",2,"TUR"
6493,"parlamenter",2,"TUR"
6494,"parmağı",2,"TUR"
6495,"partiler",2,"TUR"
6496,"partileri",2,"TUR"
6497,"partiye",2,"TUR"
6498,"paşinyan",2,"TUR"
6499,"pastırma",2,"TUR"
6500,"patladı",2,"TUR"
6501,"patlamanın",2,"TUR"
6502,"paylaşılmadı",2,"TUR"
6503,"paylaşılması",2,"TUR"
6504,"paylaşımla",2,"TUR"
6505,"pazarı",2,"TUR"
6506,"pazarlığı",2,"TUR"
6507,"peker",2,"TUR"
6508,"pelicans",2,"TUR"
6509,"penaltı",2,"TUR"
6510,"pencereden",2,"TUR"
6511,"pendik",2,"TUR"
6512,"performansıyla",2,"TUR"
6513,"personele",2,"TUR"
6514,"personelin",2,"TUR"
6515,"personeline",2,"TUR"
6516,"peşini",2,"TUR"
6517,"petrolünün",2,"TUR"
6518,"peynir",2,"TUR"
6519,"peyzaj",2,"TUR"
6520,"philip",2,"TUR"
6521,"pırıl",2,"TUR"
6522,"pişman",2,"TUR"
6523,"pişti",2,"TUR"
6524,"piyade",2,"TUR"
6525,"piyasalarda",2,"TUR"
6526,"piyasasındaki",2,"TUR"
6527,"plan",2,"TUR"
6528,"planlama",2,"TUR"
6529,"planlanan",2,"TUR"
6530,"planlanması",2,"TUR"
6531,"planlar",2,"TUR"
6532,"planlarının",2,"TUR"
6533,"plastiklerin",2,"TUR"
6534,"platform",2,"TUR"
6535,"platformlarda",2,"TUR"
6536,"play",2,"TUR"
6537,"polise",2,"TUR"
6538,"politik",2,"TUR"
6539,"politikalarının",2,"TUR"
6540,"politikalarıyla",2,"TUR"
6541,"pop",2,"TUR"
6542,"portakal",2,"TUR"
6543,"poz",2,"TUR"
6544,"prens",2,"TUR"
6545,"problemi",2,"TUR"
6546,"problemler",2,"TUR"
6547,"problemleri",2,"TUR"
6548,"programa",2,"TUR"
6549,"programını",2,"TUR"
6550,"programları",2,"TUR"
6551,"projesinde",2,"TUR"
6552,"projesini",2,"TUR"
6553,"projesiyle",2,"TUR"
6554,"projeye",2,"TUR"
6555,"propagandası",2,"TUR"
6556,"protein",2,"TUR"
6557,"protokol",2,"TUR"
6558,"puandan",2,"TUR"
6559,"puanı",2,"TUR"
6560,"puanın",2,"TUR"
6561,"puanını",2,"TUR"
6562,"puanla",2,"TUR"
6563,"puanlık",2,"TUR"
6564,"ra",2,"TUR"
6565,"radikal",2,"TUR"
6566,"radyolojik",2,"TUR"
6567,"rahatlıkla",2,"TUR"
6568,"rahatsızlıkların",2,"TUR"
6569,"raporlar",2,"TUR"
6570,"raporuna",2,"TUR"
6571,"raporunu",2,"TUR"
6572,"ray",2,"TUR"
6573,"reddetti",2,"TUR"
6574,"refahı",2,"TUR"
6575,"rehberlik",2,"TUR"
6576,"reis",2,"TUR"
6577,"rejimine",2,"TUR"
6578,"rekabet",2,"TUR"
6579,"rektör",2,"TUR"
6580,"rengi",2,"TUR"
6581,"renk",2,"TUR"
6582,"res",2,"TUR"
6583,"resesyon",2,"TUR"
6584,"restorana",2,"TUR"
6585,"revize",2,"TUR"
6586,"rezervasyon",2,"TUR"
6587,"ribeiro",2,"TUR"
6588,"riski",2,"TUR"
6589,"riskler",2,"TUR"
6590,"riskleri",2,"TUR"
6591,"risklerin",2,"TUR"
6592,"rızası",2,"TUR"
6593,"roma",2,"TUR"
6594,"ruben",2,"TUR"
6595,"ruh",2,"TUR"
6596,"rutin",2,"TUR"
6597,"rüya",2,"TUR"
6598,"rüzgar",2,"TUR"
6599,"ş",2,"TUR"
6600,"saatine",2,"TUR"
6601,"saatini",2,"TUR"
6602,"sabaha",2,"TUR"
6603,"sabancı",2,"TUR"
6604,"saçınıza",2,"TUR"
6605,"sadık",2,"TUR"
6606,"safi",2,"TUR"
6607,"sağ",2,"TUR"
6608,"sağlamaya",2,"TUR"
6609,"sağlanacak",2,"TUR"
6610,"sağlandı",2,"TUR"
6611,"sağlandığını",2,"TUR"
6612,"sağlanmıştır",2,"TUR"
6613,"sağlayabiliriz",2,"TUR"
6614,"sağlayabilirsiniz",2,"TUR"
6615,"sağlayacağız",2,"TUR"
6616,"sağlıyoruz",2,"TUR"
6617,"saha",2,"TUR"
6618,"sahadan",2,"TUR"
6619,"sahanın",2,"TUR"
6620,"sahasının",2,"TUR"
6621,"sahaya",2,"TUR"
6622,"sahipliği",2,"TUR"
6623,"şahittir",2,"TUR"
6624,"sahnesi",2,"TUR"
6625,"şahsına",2,"TUR"
6626,"şair",2,"TUR"
6627,"sakat",2,"TUR"
6628,"sakatlığı",2,"TUR"
6629,"sakinleri",2,"TUR"
6630,"saldırdı",2,"TUR"
6631,"saldırganlar",2,"TUR"
6632,"saldırıda",2,"TUR"
6633,"saldırıları",2,"TUR"
6634,"salgını",2,"TUR"
6635,"salıbeyler",2,"TUR"
6636,"salında",2,"TUR"
6637,"saman",2,"TUR"
6638,"şampiyon",2,"TUR"
6639,"şampiyonalarında",2,"TUR"
6640,"şampiyonası",2,"TUR"
6641,"şampiyonlukları",2,"TUR"
6642,"şampiyonu",2,"TUR"
6643,"samsung",2,"TUR"
6644,"samuel",2,"TUR"
6645,"san",2,"TUR"
6646,"sanal",2,"TUR"
6647,"sanata",2,"TUR"
6648,"sanatçıları",2,"TUR"
6649,"sanatın",2,"TUR"
6650,"sanatla",2,"TUR"
6651,"sanayii",2,"TUR"
6652,"sanayinin",2,"TUR"
6653,"sandık",2,"TUR"
6654,"sandıklar",2,"TUR"
6655,"saraçoğlu",2,"TUR"
6656,"saraybosna",2,"TUR"
6657,"sardalya",2,"TUR"
6658,"sardı",2,"TUR"
6659,"sarıgül",2,"TUR"
6660,"sarıkamış",2,"TUR"
6661,"şart",2,"TUR"
6662,"şartıyla",2,"TUR"
6663,"şartlarımız",2,"TUR"
6664,"satılacak",2,"TUR"
6665,"satıldı",2,"TUR"
6666,"savaşının",2,"TUR"
6667,"savcı",2,"TUR"
6668,"savcılar",2,"TUR"
6669,"savcılarımızın",2,"TUR"
6670,"savcılık",2,"TUR"
6671,"savunmak",2,"TUR"
6672,"savunması",2,"TUR"
6673,"say",2,"TUR"
6674,"sayılacağı",2,"TUR"
6675,"sayılarının",2,"TUR"
6676,"sayısına",2,"TUR"
6677,"sayma",2,"TUR"
6678,"schengen",2,"TUR"
6679,"sebeplerinden",2,"TUR"
6680,"sebzelerde",2,"TUR"
6681,"seçenek",2,"TUR"
6682,"seçer",2,"TUR"
6683,"seçilen",2,"TUR"
6684,"seçimler",2,"TUR"
6685,"seçimlerinde",2,"TUR"
6686,"seçimlerinden",2,"TUR"
6687,"seçmen",2,"TUR"
6688,"sedat",2,"TUR"
6689,"şefi",2,"TUR"
6690,"şehidin",2,"TUR"
6691,"şehirler",2,"TUR"
6692,"şehrimizi",2,"TUR"
6693,"şekli",2,"TUR"
6694,"şeklinin",2,"TUR"
6695,"sektörde",2,"TUR"
6696,"sektöre",2,"TUR"
6697,"sektörler",2,"TUR"
6698,"sektörleri",2,"TUR"
6699,"sektörünü",2,"TUR"
6700,"sektörünün",2,"TUR"
6701,"selami",2,"TUR"
6702,"selfie",2,"TUR"
6703,"sembolik",2,"TUR"
6704,"şemdinli",2,"TUR"
6705,"sendikaları",2,"TUR"
6706,"senede",2,"TUR"
6707,"senedi",2,"TUR"
6708,"senem",2,"TUR"
6709,"seninle",2,"TUR"
6710,"şenlik",2,"TUR"
6711,"şentop",2,"TUR"
6712,"şerbeti",2,"TUR"
6713,"serdi",2,"TUR"
6714,"sergi",2,"TUR"
6715,"sergileyen",2,"TUR"
6716,"şerif",2,"TUR"
6717,"şerifi",2,"TUR"
6718,"serimi",2,"TUR"
6719,"sertifikalı",2,"TUR"
6720,"seslenen",2,"TUR"
6721,"sessiz",2,"TUR"
6722,"seti",2,"TUR"
6723,"sevdiği",2,"TUR"
6724,"sevdiğimiz",2,"TUR"
6725,"seven",2,"TUR"
6726,"severler",2,"TUR"
6727,"sevimli",2,"TUR"
6728,"sevinen",2,"TUR"
6729,"seviye",2,"TUR"
6730,"seviyede",2,"TUR"
6731,"seviyelerine",2,"TUR"
6732,"seviyorum",2,"TUR"
6733,"şeylere",2,"TUR"
6734,"seyreden",2,"TUR"
6735,"seyrediyor",2,"TUR"
6736,"seyretmeye",2,"TUR"
6737,"sezonki",2,"TUR"
6738,"sicil",2,"TUR"
6739,"şiddete",2,"TUR"
6740,"şiddetli",2,"TUR"
6741,"sığınmacı",2,"TUR"
6742,"şık",2,"TUR"
6743,"sıkıntılar",2,"TUR"
6744,"sıkıntıları",2,"TUR"
6745,"sıkıntısı",2,"TUR"
6746,"sıkıntıyı",2,"TUR"
6747,"silahların",2,"TUR"
6748,"şile",2,"TUR"
6749,"simge",2,"TUR"
6750,"simgeleyen",2,"TUR"
6751,"şimşek",2,"TUR"
6752,"sınava",2,"TUR"
6753,"sine",2,"TUR"
6754,"sinema",2,"TUR"
6755,"sını",2,"TUR"
6756,"sipariş",2,"TUR"
6757,"sıralamanıza",2,"TUR"
6758,"sıralamasında",2,"TUR"
6759,"sıraya",2,"TUR"
6760,"sırbistan",2,"TUR"
6761,"şirkete",2,"TUR"
6762,"şirketine",2,"TUR"
6763,"şirketinin",2,"TUR"
6764,"şirketlerden",2,"TUR"
6765,"şirketlerinin",2,"TUR"
6766,"sistem",2,"TUR"
6767,"sisteminden",2,"TUR"
6768,"siyaseti",2,"TUR"
6769,"siyasetin",2,"TUR"
6770,"sizlerin",2,"TUR"
6771,"soğutma",2,"TUR"
6772,"soluk",2,"TUR"
6773,"somut",2,"TUR"
6774,"söndüren",2,"TUR"
6775,"söndürme",2,"TUR"
6776,"şönim",2,"TUR"
6777,"sonuca",2,"TUR"
6778,"sonuçla",2,"TUR"
6779,"sonuçlandı",2,"TUR"
6780,"sonuçlarına",2,"TUR"
6781,"sonucun",2,"TUR"
6782,"sonuncusu",2,"TUR"
6783,"sonunu",2,"TUR"
6784,"soran",2,"TUR"
6785,"sordu",2,"TUR"
6786,"sörf",2,"TUR"
6787,"sorgulama",2,"TUR"
6788,"sormayın",2,"TUR"
6789,"sorulara",2,"TUR"
6790,"soruları",2,"TUR"
6791,"sorularına",2,"TUR"
6792,"sorulduğunda",2,"TUR"
6793,"sorulması",2,"TUR"
6794,"sorumluluğu",2,"TUR"
6795,"sorumlulukların",2,"TUR"
6796,"sorunlarına",2,"TUR"
6797,"soruşturmanın",2,"TUR"
6798,"soruya",2,"TUR"
6799,"southern",2,"TUR"
6800,"soykırım",2,"TUR"
6801,"söylemedim",2,"TUR"
6802,"söylemezsem",2,"TUR"
6803,"söylemi",2,"TUR"
6804,"söylendiği",2,"TUR"
6805,"söylenebilir",2,"TUR"
6806,"söyleniyor",2,"TUR"
6807,"söylerken",2,"TUR"
6808,"söyleyebiliriz",2,"TUR"
6809,"söylüyorlar",2,"TUR"
6810,"söylüyoruz",2,"TUR"
6811,"sözleşmeli",2,"TUR"
6812,"sözleşmeye",2,"TUR"
6813,"sözü",2,"TUR"
6814,"sözümdeyim",2,"TUR"
6815,"sporu",2,"TUR"
6816,"sporun",2,"TUR"
6817,"standartlarında",2,"TUR"
6818,"stant",2,"TUR"
6819,"stok",2,"TUR"
6820,"stratejik",2,"TUR"
6821,"stratejisi",2,"TUR"
6822,"şuanda",2,"TUR"
6823,"şubesinin",2,"TUR"
6824,"sübvanse",2,"TUR"
6825,"suçlamadan",2,"TUR"
6826,"suçları",2,"TUR"
6827,"şudur",2,"TUR"
6828,"şükran",2,"TUR"
6829,"sular",2,"TUR"
6830,"şunu",2,"TUR"
6831,"sunucusu",2,"TUR"
6832,"sunulacak",2,"TUR"
6833,"sunuldu",2,"TUR"
6834,"sunulması",2,"TUR"
6835,"sunuyor",2,"TUR"
6836,"sunuyoruz",2,"TUR"
6837,"şüphelilerin",2,"TUR"
6838,"şüphesiz",2,"TUR"
6839,"şura",2,"TUR"
6840,"sürdürdü",2,"TUR"
6841,"sürdürdük",2,"TUR"
6842,"sürdürdüklerini",2,"TUR"
6843,"sürdüreceğiz",2,"TUR"
6844,"sürdürecek",2,"TUR"
6845,"sürdürmek",2,"TUR"
6846,"sürdürmeye",2,"TUR"
6847,"sürdürülebilirlik",2,"TUR"
6848,"sürdürürken",2,"TUR"
6849,"sürdürüyor",2,"TUR"
6850,"süreceğini",2,"TUR"
6851,"sürecini",2,"TUR"
6852,"süreçle",2,"TUR"
6853,"süreçlerini",2,"TUR"
6854,"süreli",2,"TUR"
6855,"sürerken",2,"TUR"
6856,"süresi",2,"TUR"
6857,"süresince",2,"TUR"
6858,"suretiyle",2,"TUR"
6859,"sürü",2,"TUR"
6860,"sürücüler",2,"TUR"
6861,"sürücüsünün",2,"TUR"
6862,"sürücüye",2,"TUR"
6863,"şut",2,"TUR"
6864,"sütü",2,"TUR"
6865,"taban",2,"TUR"
6866,"tabip",2,"TUR"
6867,"tacize",2,"TUR"
6868,"tadilat",2,"TUR"
6869,"tahakküm",2,"TUR"
6870,"tahsil",2,"TUR"
6871,"takdir",2,"TUR"
6872,"takdirine",2,"TUR"
6873,"takdirini",2,"TUR"
6874,"takıma",2,"TUR"
6875,"takımımız",2,"TUR"
6876,"takımına",2,"TUR"
6877,"takipçisi",2,"TUR"
6878,"taklım",2,"TUR"
6879,"taktiği",2,"TUR"
6880,"takvime",2,"TUR"
6881,"takvimi",2,"TUR"
6882,"takviye",2,"TUR"
6883,"talas",2,"TUR"
6884,"talebin",2,"TUR"
6885,"talebinde",2,"TUR"
6886,"talebinin",2,"TUR"
6887,"talihsiz",2,"TUR"
6888,"talimat",2,"TUR"
6889,"tamam",2,"TUR"
6890,"tamamı",2,"TUR"
6891,"tamamladığı",2,"TUR"
6892,"tamamlanması",2,"TUR"
6893,"tamamlanmasının",2,"TUR"
6894,"tamamlanmış",2,"TUR"
6895,"tanıdık",2,"TUR"
6896,"tanık",2,"TUR"
6897,"tanınmış",2,"TUR"
6898,"tanıtım",2,"TUR"
6899,"tanıtmak",2,"TUR"
6900,"tankı",2,"TUR"
6901,"tarafına",2,"TUR"
6902,"tarafsız",2,"TUR"
6903,"tarafta",2,"TUR"
6904,"tarifesi",2,"TUR"
6905,"tarihini",2,"TUR"
6906,"tarihlerinde",2,"TUR"
6907,"tarımın",2,"TUR"
6908,"tarımsal",2,"TUR"
6909,"tartışmaların",2,"TUR"
6910,"tarzı",2,"TUR"
6911,"tasarım",2,"TUR"
6912,"tasarrufa",2,"TUR"
6913,"taşıdır",2,"TUR"
6914,"taşıma",2,"TUR"
6915,"taşımak",2,"TUR"
6916,"taşın",2,"TUR"
6917,"taşındı",2,"TUR"
6918,"taşının",2,"TUR"
6919,"taşınmaz",2,"TUR"
6920,"taşıyoruz",2,"TUR"
6921,"tatiline",2,"TUR"
6922,"tatmin",2,"TUR"
6923,"tavan",2,"TUR"
6924,"tavırlar",2,"TUR"
6925,"tayfur",2,"TUR"
6926,"tcmb",2,"TUR"
6927,"teçhizat",2,"TUR"
6928,"teçhizatı",2,"TUR"
6929,"technology",2,"TUR"
6930,"tedaviler",2,"TUR"
6931,"tedavilerde",2,"TUR"
6932,"tedavileri",2,"TUR"
6933,"tedaviyi",2,"TUR"
6934,"tedbirlerin",2,"TUR"
6935,"tehlikeye",2,"TUR"
6936,"tekel",2,"TUR"
6937,"teker",2,"TUR"
6938,"tekerlekli",2,"TUR"
6939,"teknikleri",2,"TUR"
6940,"teknolojisi",2,"TUR"
6941,"telefonları",2,"TUR"
6942,"telefonların",2,"TUR"
6943,"telefonu",2,"TUR"
6944,"telefonuna",2,"TUR"
6945,"temadan",2,"TUR"
6946,"temelinde",2,"TUR"
6947,"temelleri",2,"TUR"
6948,"temin",2,"TUR"
6949,"temmuzdan",2,"TUR"
6950,"temsilciler",2,"TUR"
6951,"temsilcileri",2,"TUR"
6952,"temsilcisi",2,"TUR"
6953,"teori",2,"TUR"
6954,"tepkisi",2,"TUR"
6955,"ter",2,"TUR"
6956,"terim",2,"TUR"
6957,"teröre",2,"TUR"
6958,"teröristin",2,"TUR"
6959,"terörizmin",2,"TUR"
6960,"tersine",2,"TUR"
6961,"teşhisi",2,"TUR"
6962,"tesisinde",2,"TUR"
6963,"tesisler",2,"TUR"
6964,"tesisleri",2,"TUR"
6965,"teşkil",2,"TUR"
6966,"tespiti",2,"TUR"
6967,"testi",2,"TUR"
6968,"teyit",2,"TUR"
6969,"tez",2,"TUR"
6970,"tezkere",2,"TUR"
6971,"the",2,"TUR"
6972,"tiananmen",2,"TUR"
6973,"ticaretin",2,"TUR"
6974,"tıkanır",2,"TUR"
6975,"tıpkı",2,"TUR"
6976,"tıra",2,"TUR"
6977,"tırıs",2,"TUR"
6978,"tiroid",2,"TUR"
6979,"titiz",2,"TUR"
6980,"tlemsan",2,"TUR"
6981,"tmsf",2,"TUR"
6982,"tokat",2,"TUR"
6983,"tondan",2,"TUR"
6984,"topçu",2,"TUR"
6985,"topkara",2,"TUR"
6986,"topla",2,"TUR"
6987,"toplanan",2,"TUR"
6988,"toplanarak",2,"TUR"
6989,"toplanma",2,"TUR"
6990,"toplantısını",2,"TUR"
6991,"toplantısının",2,"TUR"
6992,"topluma",2,"TUR"
6993,"toplumda",2,"TUR"
6994,"topluyor",2,"TUR"
6995,"toprağı",2,"TUR"
6996,"toprakları",2,"TUR"
6997,"torunu",2,"TUR"
6998,"tr",2,"TUR"
6999,"trafiğinin",2,"TUR"
7000,"traktör",2,"TUR"
7001,"traktörün",2,"TUR"
7002,"tribün",2,"TUR"
7003,"tüfe",2,"TUR"
7004,"tüik",2,"TUR"
7005,"tüketimi",2,"TUR"
7006,"tüketiminde",2,"TUR"
7007,"tümüyle",2,"TUR"
7008,"tunç",2,"TUR"
7009,"tunceli",2,"TUR"
7010,"tüp",2,"TUR"
7011,"turist",2,"TUR"
7012,"turistler",2,"TUR"
7013,"turizmin",2,"TUR"
7014,"turkovac",2,"TUR"
7015,"türleri",2,"TUR"
7016,"turnuvada",2,"TUR"
7017,"türünün",2,"TUR"
7018,"tutacak",2,"TUR"
7019,"tutar",2,"TUR"
7020,"tutarı",2,"TUR"
7021,"tutarında",2,"TUR"
7022,"tutarlı",2,"TUR"
7023,"tutmadı",2,"TUR"
7024,"tuttuğu",2,"TUR"
7025,"tuttuğunu",2,"TUR"
7026,"tutuklama",2,"TUR"
7027,"tutuklanmıştı",2,"TUR"
7028,"tutularak",2,"TUR"
7029,"tutulması",2,"TUR"
7030,"tutum",2,"TUR"
7031,"tutun",2,"TUR"
7032,"tuzlama",2,"TUR"
7033,"ücreti",2,"TUR"
7034,"ücretini",2,"TUR"
7035,"ücretler",2,"TUR"
7036,"uçuşlar",2,"TUR"
7037,"ucuza",2,"TUR"
7038,"ufuk",2,"TUR"
7039,"uğradığını",2,"TUR"
7040,"uğraması",2,"TUR"
7041,"uğurlu",2,"TUR"
7042,"ulaşarak",2,"TUR"
7043,"ulaşır",2,"TUR"
7044,"ulaşmak",2,"TUR"
7045,"ülkedeki",2,"TUR"
7046,"ülkedir",2,"TUR"
7047,"ülkelerden",2,"TUR"
7048,"ülkelerin",2,"TUR"
7049,"ülkelerindeki",2,"TUR"
7050,"ülkelerinden",2,"TUR"
7051,"ülkelerini",2,"TUR"
7052,"ülkesinin",2,"TUR"
7053,"ultra",2,"TUR"
7054,"uluğ",2,"TUR"
7055,"ulusoy",2,"TUR"
7056,"ümraniyespor",2,"TUR"
7057,"üncü",2,"TUR"
7058,"üner",2,"TUR"
7059,"üniversiteli",2,"TUR"
7060,"üniversiteyi",2,"TUR"
7061,"unu",2,"TUR"
7062,"unutmamak",2,"TUR"
7063,"unutulmaz",2,"TUR"
7064,"ural",2,"TUR"
7065,"üretiminde",2,"TUR"
7066,"üretiminin",2,"TUR"
7067,"üretiyoruz",2,"TUR"
7068,"ursula",2,"TUR"
7069,"ürünlerden",2,"TUR"
7070,"ürünlerinde",2,"TUR"
7071,"üs",2,"TUR"
7072,"usd",2,"TUR"
7073,"üsküdar",2,"TUR"
7074,"üsteğmen",2,"TUR"
7075,"üstesinden",2,"TUR"
7076,"üstün",2,"TUR"
7077,"usulü",2,"TUR"
7078,"uyarısı",2,"TUR"
7079,"üyeleriyle",2,"TUR"
7080,"üyesini",2,"TUR"
7081,"üyeyi",2,"TUR"
7082,"uygulamadan",2,"TUR"
7083,"uygulamalar",2,"TUR"
7084,"uygulamaları",2,"TUR"
7085,"uygulamaların",2,"TUR"
7086,"uygulamasının",2,"TUR"
7087,"uygulanacak",2,"TUR"
7088,"uygulandı",2,"TUR"
7089,"uygulanır",2,"TUR"
7090,"uygulanmalıdır",2,"TUR"
7091,"uygur",2,"TUR"
7092,"uzaklaştırıldı",2,"TUR"
7093,"uzantısı",2,"TUR"
7094,"uzatılması",2,"TUR"
7095,"uzaydaki",2,"TUR"
7096,"uzmanları",2,"TUR"
7097,"üzüntülerini",2,"TUR"
7098,"vakalarının",2,"TUR"
7099,"vakfın",2,"TUR"
7100,"vakıf",2,"TUR"
7101,"vakti",2,"TUR"
7102,"vali",2,"TUR"
7103,"varılan",2,"TUR"
7104,"varlığı",2,"TUR"
7105,"varlıklara",2,"TUR"
7106,"varroa",2,"TUR"
7107,"vatandaşlara",2,"TUR"
7108,"vazgeçilmez",2,"TUR"
7109,"vefa",2,"TUR"
7110,"vekaletname",2,"TUR"
7111,"ver",2,"TUR"
7112,"verdiğini",2,"TUR"
7113,"verdikleri",2,"TUR"
7114,"verdim",2,"TUR"
7115,"verebileceğini",2,"TUR"
7116,"verebilir",2,"TUR"
7117,"vereceği",2,"TUR"
7118,"vereceğim",2,"TUR"
7119,"verici",2,"TUR"
7120,"verildiği",2,"TUR"
7121,"verileceği",2,"TUR"
7122,"verilerinin",2,"TUR"
7123,"verilmektedir",2,"TUR"
7124,"verilmemesi",2,"TUR"
7125,"verilmesini",2,"TUR"
7126,"verilmiş",2,"TUR"
7127,"verimliliği",2,"TUR"
7128,"veriyordu",2,"TUR"
7129,"vermede",2,"TUR"
7130,"vermekte",2,"TUR"
7131,"vermeyen",2,"TUR"
7132,"vermeyi",2,"TUR"
7133,"vermişti",2,"TUR"
7134,"vesaire",2,"TUR"
7135,"vesileyle",2,"TUR"
7136,"veysel",2,"TUR"
7137,"videonun",2,"TUR"
7138,"viral",2,"TUR"
7139,"virüse",2,"TUR"
7140,"vız",2,"TUR"
7141,"vizyon",2,"TUR"
7142,"volodimir",2,"TUR"
7143,"vucic",2,"TUR"
7144,"vücudunun",2,"TUR"
7145,"vücuttan",2,"TUR"
7146,"vural",2,"TUR"
7147,"vurgu",2,"TUR"
7148,"vurulan",2,"TUR"
7149,"wallace",2,"TUR"
7150,"web",2,"TUR"
7151,"yabancıların",2,"TUR"
7152,"yad",2,"TUR"
7153,"yağal",2,"TUR"
7154,"yağı",2,"TUR"
7155,"yağının",2,"TUR"
7156,"yağış",2,"TUR"
7157,"yağışlar",2,"TUR"
7158,"yağışlı",2,"TUR"
7159,"yahudi",2,"TUR"
7160,"yahya",2,"TUR"
7161,"yakalama",2,"TUR"
7162,"yakalanan",2,"TUR"
7163,"yakalandığı",2,"TUR"
7164,"yakalanma",2,"TUR"
7165,"yakalayan",2,"TUR"
7166,"yakıcı",2,"TUR"
7167,"yakında",2,"TUR"
7168,"yakınlarına",2,"TUR"
7169,"yakınlarıyla",2,"TUR"
7170,"yakışıklı",2,"TUR"
7171,"yaklaşan",2,"TUR"
7172,"yaklaşıp",2,"TUR"
7173,"yaktı",2,"TUR"
7174,"yakup",2,"TUR"
7175,"yalanı",2,"TUR"
7176,"yalova",2,"TUR"
7177,"yanda",2,"TUR"
7178,"yandaş",2,"TUR"
7179,"yanık",2,"TUR"
7180,"yanındayız",2,"TUR"
7181,"yanıtlayan",2,"TUR"
7182,"yanlarına",2,"TUR"
7183,"yansıması",2,"TUR"
7184,"yap",2,"TUR"
7185,"yapabileceği",2,"TUR"
7186,"yapabilecek",2,"TUR"
7187,"yapabiliriz",2,"TUR"
7188,"yapacağı",2,"TUR"
7189,"yapacakları",2,"TUR"
7190,"yapanlara",2,"TUR"
7191,"yaparsanız",2,"TUR"
7192,"yapıcı",2,"TUR"
7193,"yapıda",2,"TUR"
7194,"yapılacağı",2,"TUR"
7195,"yapılanmasına",2,"TUR"
7196,"yapıları",2,"TUR"
7197,"yapıldığında",2,"TUR"
7198,"yapılıp",2,"TUR"
7199,"yapılmasını",2,"TUR"
7200,"yapılmasının",2,"TUR"
7201,"yapılsa",2,"TUR"
7202,"yapımında",2,"TUR"
7203,"yapın",2,"TUR"
7204,"yapısı",2,"TUR"
7205,"yapıyorsunuz",2,"TUR"
7206,"yapmanın",2,"TUR"
7207,"yapmanız",2,"TUR"
7208,"yapmasına",2,"TUR"
7209,"yapmayacaklarını",2,"TUR"
7210,"yapsın",2,"TUR"
7211,"yaptığına",2,"TUR"
7212,"yaptırılan",2,"TUR"
7213,"yara",2,"TUR"
7214,"yaralandığı",2,"TUR"
7215,"yaralandığını",2,"TUR"
7216,"yaralanmasına",2,"TUR"
7217,"yaralılar",2,"TUR"
7218,"yarar",2,"TUR"
7219,"yararlanması",2,"TUR"
7220,"yararlı",2,"TUR"
7221,"yaratan",2,"TUR"
7222,"yaratıcılığı",2,"TUR"
7223,"yaratmak",2,"TUR"
7224,"yarattı",2,"TUR"
7225,"yarattığı",2,"TUR"
7226,"yardımcımız",2,"TUR"
7227,"yardımda",2,"TUR"
7228,"yardımı",2,"TUR"
7229,"yargıya",2,"TUR"
7230,"yarıda",2,"TUR"
7231,"yarış",2,"TUR"
7232,"yarısında",2,"TUR"
7233,"yarışması",2,"TUR"
7234,"yaşadığınız",2,"TUR"
7235,"yaşadık",2,"TUR"
7236,"yasağını",2,"TUR"
7237,"yasaklandığını",2,"TUR"
7238,"yasaklanması",2,"TUR"
7239,"yasama",2,"TUR"
7240,"yaşamda",2,"TUR"
7241,"yaşamın",2,"TUR"
7242,"yaşamış",2,"TUR"
7243,"yaşatan",2,"TUR"
7244,"yaşatıyor",2,"TUR"
7245,"yaşattı",2,"TUR"
7246,"yaşayacak",2,"TUR"
7247,"yaşından",2,"TUR"
7248,"yaşıyorlar",2,"TUR"
7249,"yaşlanma",2,"TUR"
7250,"yaşlarda",2,"TUR"
7251,"yaşta",2,"TUR"
7252,"yaştan",2,"TUR"
7253,"yatırdı",2,"TUR"
7254,"yatırımcı",2,"TUR"
7255,"yatırımlar",2,"TUR"
7256,"yatırımlarını",2,"TUR"
7257,"yatmam",2,"TUR"
7258,"yavru",2,"TUR"
7259,"yavuzyılmaz",2,"TUR"
7260,"yaya",2,"TUR"
7261,"yayıldığı",2,"TUR"
7262,"yayımladığı",2,"TUR"
7263,"yayına",2,"TUR"
7264,"yayınlanmış",2,"TUR"
7265,"yayınları",2,"TUR"
7266,"yazarıdır",2,"TUR"
7267,"yazarlar",2,"TUR"
7268,"yazarlığı",2,"TUR"
7269,"yazıcı",2,"TUR"
7270,"yazıda",2,"TUR"
7271,"yazılım",2,"TUR"
7272,"yazılmış",2,"TUR"
7273,"yazıp",2,"TUR"
7274,"yazısıyla",2,"TUR"
7275,"yazışmaları",2,"TUR"
7276,"yedek",2,"TUR"
7277,"yeme",2,"TUR"
7278,"yemeği",2,"TUR"
7279,"yemeklerini",2,"TUR"
7280,"yemin",2,"TUR"
7281,"yenilenebilir",2,"TUR"
7282,"yenilgisini",2,"TUR"
7283,"yerinden",2,"TUR"
7284,"yerleşik",2,"TUR"
7285,"yeten",2,"TUR"
7286,"yetenekleri",2,"TUR"
7287,"yeter",2,"TUR"
7288,"yeterince",2,"TUR"
7289,"yetiştirme",2,"TUR"
7290,"yetki",2,"TUR"
7291,"yetkililere",2,"TUR"
7292,"yetkisi",2,"TUR"
7293,"yetmezliği",2,"TUR"
7294,"yığınak",2,"TUR"
7295,"yıkılan",2,"TUR"
7296,"yıkım",2,"TUR"
7297,"yılan",2,"TUR"
7298,"yılbaşında",2,"TUR"
7299,"yıldızı",2,"TUR"
7300,"yıldızlı",2,"TUR"
7301,"yılındaki",2,"TUR"
7302,"yılından",2,"TUR"
7303,"yılının",2,"TUR"
7304,"yıllara",2,"TUR"
7305,"yıllarca",2,"TUR"
7306,"yineledi",2,"TUR"
7307,"yirmi",2,"TUR"
7308,"yks",2,"TUR"
7309,"yoğunluğu",2,"TUR"
7310,"yoksul",2,"TUR"
7311,"yoksulluk",2,"TUR"
7312,"yolculuk",2,"TUR"
7313,"yollarda",2,"TUR"
7314,"yollarla",2,"TUR"
7315,"yolumuza",2,"TUR"
7316,"yolunun",2,"TUR"
7317,"yöneltilen",2,"TUR"
7318,"yöneten",2,"TUR"
7319,"yöneticileri",2,"TUR"
7320,"yöneticisi",2,"TUR"
7321,"yönetimine",2,"TUR"
7322,"yönetmeliği",2,"TUR"
7323,"yönetmelik",2,"TUR"
7324,"yönlendirmek",2,"TUR"
7325,"yöntem",2,"TUR"
7326,"yöntemle",2,"TUR"
7327,"yöntemler",2,"TUR"
7328,"yöntemleri",2,"TUR"
7329,"yü",2,"TUR"
7330,"yüce",2,"TUR"
7331,"yukarıdan",2,"TUR"
7332,"yukatel",2,"TUR"
7333,"yüklendi",2,"TUR"
7334,"yüklü",2,"TUR"
7335,"yüksel",2,"TUR"
7336,"yükselecek",2,"TUR"
7337,"yükselişe",2,"TUR"
7338,"yükseltti",2,"TUR"
7339,"yumruk",2,"TUR"
7340,"yumurta",2,"TUR"
7341,"yumuşak",2,"TUR"
7342,"yurtiçi",2,"TUR"
7343,"yurttaşları",2,"TUR"
7344,"yürürlüğe",2,"TUR"
7345,"yürütme",2,"TUR"
7346,"yürütmüş",2,"TUR"
7347,"yürüttü",2,"TUR"
7348,"yürüttüğü",2,"TUR"
7349,"yürütüyor",2,"TUR"
7350,"yürüyüşü",2,"TUR"
7351,"yutak",2,"TUR"
7352,"yuvarlak",2,"TUR"
7353,"yüzleşerek",2,"TUR"
7354,"yüzü",2,"TUR"
7355,"yüzünü",2,"TUR"
7356,"yüzyıla",2,"TUR"
7357,"yüzyılın",2,"TUR"
7358,"z",2,"TUR"
7359,"zan",2,"TUR"
7360,"zanlı",2,"TUR"
7361,"zararı",2,"TUR"
7362,"zayıflatmak",2,"TUR"
7363,"zekâ",2,"TUR"
7364,"zeki",2,"TUR"
7365,"zenginlik",2,"TUR"
7366,"zeytin",2,"TUR"
7367,"zirvenin",2,"TUR"
7368,"zirvesine",2,"TUR"
7369,"ziyaretçi",2,"TUR"
7370,"ziyaretinde",2,"TUR"
7371,"ziyaretini",2,"TUR"
7372,"ziyarette",2,"TUR"
7373,"zorluğa",2,"TUR"
7374,"zorunluluk",2,"TUR"
7375,"zoruyla",2,"TUR"
