"wordID","word","frequency","language"
1,"и",3796,"SRP"
2,"је",3277,"SRP"
3,"у",2684,"SRP"
4,"да",1965,"SRP"
5,"на",1626,"SRP"
6,"се",1368,"SRP"
7,"за",1248,"SRP"
8,"су",1024,"SRP"
9,"од",832,"SRP"
10,"а",701,"SRP"
11,"са",663,"SRP"
12,"из",527,"SRP"
13,"до",477,"SRP"
14,"ће",459,"SRP"
15,"који",407,"SRP"
16,"не",369,"SRP"
17,"као",316,"SRP"
18,"што",287,"SRP"
19,"али",284,"SRP"
20,"како",280,"SRP"
21,"то",264,"SRP"
22,"о",243,"SRP"
23,"данас",230,"SRP"
24,"које",213,"SRP"
25,"бити",209,"SRP"
26,"није",205,"SRP"
27,"би",203,"SRP"
28,"када",203,"SRP"
29,"која",202,"SRP"
30,"све",194,"SRP"
31,"смо",193,"SRP"
32,"по",191,"SRP"
33,"због",177,"SRP"
34,"године",169,"SRP"
35,"србије",165,"SRP"
36,"више",164,"SRP"
37,"већ",156,"SRP"
38,"дана",155,"SRP"
39,"сам",153,"SRP"
40,"било",150,"SRP"
41,"година",150,"SRP"
42,"само",150,"SRP"
43,"или",147,"SRP"
44,"биће",138,"SRP"
45,"још",137,"SRP"
46,"био",135,"SRP"
47,"чачак",134,"SRP"
48,"јер",130,"SRP"
49,"један",128,"SRP"
50,"каже",126,"SRP"
51,"без",121,"SRP"
52,"ми",117,"SRP"
53,"била",115,"SRP"
54,"тако",115,"SRP"
55,"има",114,"SRP"
56,"их",114,"SRP"
57,"града",106,"SRP"
58,"ове",106,"SRP"
59,"ни",104,"SRP"
60,"време",101,"SRP"
61,"опште",101,"SRP"
62,"док",100,"SRP"
63,"око",100,"SRP"
64,"болнице",99,"SRP"
65,"много",97,"SRP"
66,"може",97,"SRP"
67,"ковид",94,"SRP"
68,"па",94,"SRP"
69,"чачка",94,"SRP"
70,"три",93,"SRP"
71,"два",92,"SRP"
72,"сада",91,"SRP"
73,"могу",90,"SRP"
74,"дан",88,"SRP"
75,"нису",88,"SRP"
76,"динара",86,"SRP"
77,"пре",86,"SRP"
78,"температура",85,"SRP"
79,"своје",84,"SRP"
80,"након",83,"SRP"
81,"србији",83,"SRP"
82,"уз",83,"SRP"
83,"где",82,"SRP"
84,"код",82,"SRP"
85,"после",80,"SRP"
86,"ако",79,"SRP"
87,"него",79,"SRP"
88,"1",78,"SRP"
89,"овај",78,"SRP"
90,"општине",77,"SRP"
91,"нема",76,"SRP"
92,"иначе",75,"SRP"
93,"нас",75,"SRP"
94,"буде",74,"SRP"
95,"део",74,"SRP"
96,"тога",73,"SRP"
97,"кроз",72,"SRP"
98,"степени",72,"SRP"
99,"зато",71,"SRP"
100,"свим",70,"SRP"
101,"000",67,"SRP"
102,"највиша",67,"SRP"
103,"начин",67,"SRP"
104,"овог",67,"SRP"
105,"га",66,"SRP"
106,"им",66,"SRP"
107,"20",65,"SRP"
108,"број",65,"SRP"
109,"коју",65,"SRP"
110,"први",65,"SRP"
111,"школе",65,"SRP"
112,"људи",64,"SRP"
113,"пут",64,"SRP"
114,"рекао",64,"SRP"
115,"2022",63,"SRP"
116,"треба",63,"SRP"
117,"веома",62,"SRP"
118,"нам",62,"SRP"
119,"15",61,"SRP"
120,"нешто",60,"SRP"
121,"према",60,"SRP"
122,"часова",60,"SRP"
123,"велики",59,"SRP"
124,"две",59,"SRP"
125,"извор",59,"SRP"
126,"место",59,"SRP"
127,"иако",58,"SRP"
128,"јуче",58,"SRP"
129,"сви",58,"SRP"
130,"19",57,"SRP"
131,"2",56,"SRP"
132,"ли",56,"SRP"
133,"милиона",56,"SRP"
134,"ртс",56,"SRP"
135,"током",56,"SRP"
136,"30",55,"SRP"
137,"неколико",55,"SRP"
138,"увек",55,"SRP"
139,"12",54,"SRP"
140,"4",54,"SRP"
141,"оквиру",54,"SRP"
142,"чачку",54,"SRP"
143,"14",53,"SRP"
144,"други",53,"SRP"
145,"културе",53,"SRP"
146,"њих",53,"SRP"
147,"те",53,"SRP"
148,"10",52,"SRP"
149,"5",52,"SRP"
150,"једна",52,"SRP"
151,"којима",52,"SRP"
152,"мање",51,"SRP"
153,"они",51,"SRP"
154,"3",50,"SRP"
155,"били",50,"SRP"
156,"ово",50,"SRP"
157,"овом",50,"SRP"
158,"пет",50,"SRP"
159,"рад",50,"SRP"
160,"тај",50,"SRP"
161,"требало",50,"SRP"
162,"даље",49,"SRP"
163,"имају",49,"SRP"
164,"наше",49,"SRP"
165,"радова",49,"SRP"
166,"седам",49,"SRP"
167,"ту",49,"SRP"
168,"др",48,"SRP"
169,"колико",48,"SRP"
170,"ради",48,"SRP"
171,"под",47,"SRP"
172,"реч",47,"SRP"
173,"шта",47,"SRP"
174,"живота",46,"SRP"
175,"имали",46,"SRP"
176,"му",46,"SRP"
177,"одељењима",46,"SRP"
178,"преко",46,"SRP"
179,"енергије",45,"SRP"
180,"наша",45,"SRP"
181,"она",45,"SRP"
182,"поред",45,"SRP"
183,"24",44,"SRP"
184,"београду",44,"SRP"
185,"град",44,"SRP"
186,"ко",44,"SRP"
187,"места",44,"SRP"
188,"свих",44,"SRP"
189,"својим",44,"SRP"
190,"6",43,"SRP"
191,"годину",43,"SRP"
192,"добро",43,"SRP"
193,"електричне",43,"SRP"
194,"ипак",43,"SRP"
195,"можда",43,"SRP"
196,"одељења",43,"SRP"
197,"односно",43,"SRP"
198,"одсто",43,"SRP"
199,"пута",43,"SRP"
200,"сати",43,"SRP"
201,"16",42,"SRP"
202,"ветар",42,"SRP"
203,"времена",42,"SRP"
204,"највише",42,"SRP"
205,"неће",42,"SRP"
206,"ова",42,"SRP"
207,"8",41,"SRP"
208,"буду",41,"SRP"
209,"мало",41,"SRP"
210,"међу",41,"SRP"
211,"очекује",41,"SRP"
212,"с",41,"SRP"
213,"четири",41,"SRP"
214,"дневна",40,"SRP"
215,"имати",40,"SRP"
216,"лица",40,"SRP"
217,"свој",40,"SRP"
218,"слаб",40,"SRP"
219,"касније",39,"SRP"
220,"посебно",39,"SRP"
221,"прегледа",39,"SRP"
222,"председник",39,"SRP"
223,"заједно",38,"SRP"
224,"ја",38,"SRP"
225,"коме",38,"SRP"
226,"ништа",38,"SRP"
227,"25",37,"SRP"
228,"између",37,"SRP"
229,"нове",37,"SRP"
230,"21",36,"SRP"
231,"7",36,"SRP"
232,"лознице",36,"SRP"
233,"пацијената",36,"SRP"
234,"часа",36,"SRP"
235,"граду",35,"SRP"
236,"лозница",35,"SRP"
237,"најбољи",35,"SRP"
238,"петровић",35,"SRP"
239,"ћемо",35,"SRP"
240,"умерен",35,"SRP"
241,"kоrоnа",34,"SRP"
242,"директор",34,"SRP"
243,"најнижа",34,"SRP"
244,"нама",34,"SRP"
245,"неки",34,"SRP"
246,"помоћ",34,"SRP"
247,"последња",34,"SRP"
248,"развој",34,"SRP"
249,"степена",34,"SRP"
250,"тек",34,"SRP"
251,"школа",34,"SRP"
252,"школи",34,"SRP"
253,"00",33,"SRP"
254,"амбуланти",33,"SRP"
255,"једном",33,"SRP"
256,"којој",33,"SRP"
257,"крају",33,"SRP"
258,"наравно",33,"SRP"
259,"оно",33,"SRP"
260,"пред",33,"SRP"
261,"предузећа",33,"SRP"
262,"рада",33,"SRP"
263,"тренутно",33,"SRP"
264,"удружења",33,"SRP"
265,"9",32,"SRP"
266,"u",32,"SRP"
267,"градоначелник",32,"SRP"
268,"живи",32,"SRP"
269,"живот",32,"SRP"
270,"земље",32,"SRP"
271,"младе",32,"SRP"
272,"можемо",32,"SRP"
273,"налази",32,"SRP"
274,"он",32,"SRP"
275,"осам",32,"SRP"
276,"сунчано",32,"SRP"
277,"тим",32,"SRP"
278,"томе",32,"SRP"
279,"11",31,"SRP"
280,"13",31,"SRP"
281,"важно",31,"SRP"
282,"деце",31,"SRP"
283,"једно",31,"SRP"
284,"нови",31,"SRP"
285,"потрошачи",31,"SRP"
286,"првог",31,"SRP"
287,"програм",31,"SRP"
288,"свет",31,"SRP"
289,"стране",31,"SRP"
290,"чега",31,"SRP"
291,"18",30,"SRP"
292,"баш",30,"SRP"
293,"друге",30,"SRP"
294,"кад",30,"SRP"
295,"краја",30,"SRP"
296,"маја",30,"SRP"
297,"међутим",30,"SRP"
298,"овде",30,"SRP"
299,"поново",30,"SRP"
300,"пријемно",30,"SRP"
301,"симптомима",30,"SRP"
302,"српске",30,"SRP"
303,"такође",30,"SRP"
304,"тодоровић",30,"SRP"
305,"тријажној",30,"SRP"
306,"17",29,"SRP"
307,"27",29,"SRP"
308,"врло",29,"SRP"
309,"дела",29,"SRP"
310,"деца",29,"SRP"
311,"знацима",29,"SRP"
312,"имамо",29,"SRP"
313,"инфекције",29,"SRP"
314,"истиче",29,"SRP"
315,"млади",29,"SRP"
316,"награде",29,"SRP"
317,"никола",29,"SRP"
318,"нисмо",29,"SRP"
319,"њима",29,"SRP"
320,"прва",29,"SRP"
321,"претворена",29,"SRP"
322,"рекла",29,"SRP"
323,"своју",29,"SRP"
324,"територији",29,"SRP"
325,"делу",28,"SRP"
326,"зоран",28,"SRP"
327,"имао",28,"SRP"
328,"неке",28,"SRP"
329,"нисам",28,"SRP"
330,"ових",28,"SRP"
331,"подручју",28,"SRP"
332,"подршку",28,"SRP"
333,"прилику",28,"SRP"
334,"свог",28,"SRP"
335,"ученика",28,"SRP"
336,"човек",28,"SRP"
337,"вече",27,"SRP"
338,"воде",27,"SRP"
339,"дозу",27,"SRP"
340,"дома",27,"SRP"
341,"испред",27,"SRP"
342,"кажу",27,"SRP"
343,"књига",27,"SRP"
344,"ову",27,"SRP"
345,"особа",27,"SRP"
346,"пожаревац",27,"SRP"
347,"пожаревца",27,"SRP"
348,"прилике",27,"SRP"
349,"прича",27,"SRP"
350,"пројекта",27,"SRP"
351,"свега",27,"SRP"
352,"центар",27,"SRP"
353,"циљ",27,"SRP"
354,"често",27,"SRP"
355,"школу",27,"SRP"
356,"22",26,"SRP"
357,"23",26,"SRP"
358,"априла",26,"SRP"
359,"велика",26,"SRP"
360,"доста",26,"SRP"
361,"захваљујући",26,"SRP"
362,"ка",26,"SRP"
363,"милош",26,"SRP"
364,"могли",26,"SRP"
365,"моћи",26,"SRP"
366,"награда",26,"SRP"
367,"њега",26,"SRP"
368,"особе",26,"SRP"
369,"пожаревцу",26,"SRP"
370,"постоји",26,"SRP"
371,"проблема",26,"SRP"
372,"професор",26,"SRP"
373,"je",25,"SRP"
374,"александар",25,"SRP"
375,"грађана",25,"SRP"
376,"евра",25,"SRP"
377,"изложба",25,"SRP"
378,"изузетно",25,"SRP"
379,"име",25,"SRP"
380,"јој",25,"SRP"
381,"младих",25,"SRP"
382,"некада",25,"SRP"
383,"нова",25,"SRP"
384,"подне",25,"SRP"
385,"примило",25,"SRP"
386,"северу",25,"SRP"
387,"сутра",25,"SRP"
388,"вакцине",24,"SRP"
389,"других",24,"SRP"
390,"којом",24,"SRP"
391,"корона",24,"SRP"
392,"костолац",24,"SRP"
393,"крај",24,"SRP"
394,"лозници",24,"SRP"
395,"људе",24,"SRP"
396,"м",24,"SRP"
397,"месту",24,"SRP"
398,"метара",24,"SRP"
399,"неко",24,"SRP"
400,"овој",24,"SRP"
401,"прво",24,"SRP"
402,"свету",24,"SRP"
403,"средстава",24,"SRP"
404,"тада",24,"SRP"
405,"тима",24,"SRP"
406,"ученици",24,"SRP"
407,"шест",24,"SRP"
408,"50",23,"SRP"
409,"kоd",23,"SRP"
410,"pоtvrđеn",23,"SRP"
411,"virus",23,"SRP"
412,"активности",23,"SRP"
413,"готово",23,"SRP"
414,"девет",23,"SRP"
415,"децу",23,"SRP"
416,"једног",23,"SRP"
417,"казао",23,"SRP"
418,"наводи",23,"SRP"
419,"највећи",23,"SRP"
420,"народа",23,"SRP"
421,"наш",23,"SRP"
422,"нека",23,"SRP"
423,"онда",23,"SRP"
424,"оне",23,"SRP"
425,"посао",23,"SRP"
426,"прву",23,"SRP"
427,"прошле",23,"SRP"
428,"републике",23,"SRP"
429,"речи",23,"SRP"
430,"ситуација",23,"SRP"
431,"тешко",23,"SRP"
432,"управо",23,"SRP"
433,"броја",22,"SRP"
434,"грађани",22,"SRP"
435,"десет",22,"SRP"
436,"жене",22,"SRP"
437,"имала",22,"SRP"
438,"јутарња",22,"SRP"
439,"којих",22,"SRP"
440,"марта",22,"SRP"
441,"ме",22,"SRP"
442,"мора",22,"SRP"
443,"нашег",22,"SRP"
444,"нашем",22,"SRP"
445,"николић",22,"SRP"
446,"пацијента",22,"SRP"
447,"првих",22,"SRP"
448,"програма",22,"SRP"
449,"средства",22,"SRP"
450,"центру",22,"SRP"
451,"100",21,"SRP"
452,"jе",21,"SRP"
453,"бих",21,"SRP"
454,"велике",21,"SRP"
455,"великом",21,"SRP"
456,"вируса",21,"SRP"
457,"води",21,"SRP"
458,"гости",21,"SRP"
459,"дакле",21,"SRP"
460,"драган",21,"SRP"
461,"другог",21,"SRP"
462,"киша",21,"SRP"
463,"клуба",21,"SRP"
464,"конкурс",21,"SRP"
465,"културу",21,"SRP"
466,"милан",21,"SRP"
467,"милица",21,"SRP"
468,"недавно",21,"SRP"
469,"никада",21,"SRP"
470,"нико",21,"SRP"
471,"облачно",21,"SRP"
472,"потребе",21,"SRP"
473,"право",21,"SRP"
474,"пројекат",21,"SRP"
475,"против",21,"SRP"
476,"такмичења",21,"SRP"
477,"толико",21,"SRP"
478,"том",21,"SRP"
479,"топло",21,"SRP"
480,"уметности",21,"SRP"
481,"аутора",20,"SRP"
482,"брзо",20,"SRP"
483,"горњи",20,"SRP"
484,"градске",20,"SRP"
485,"дејан",20,"SRP"
486,"довољно",20,"SRP"
487,"значи",20,"SRP"
488,"локалне",20,"SRP"
489,"министарство",20,"SRP"
490,"мислим",20,"SRP"
491,"нарочито",20,"SRP"
492,"нивоу",20,"SRP"
493,"основу",20,"SRP"
494,"периоду",20,"SRP"
495,"породице",20,"SRP"
496,"свом",20,"SRP"
497,"себе",20,"SRP"
498,"северозападни",20,"SRP"
499,"села",20,"SRP"
500,"србија",20,"SRP"
501,"суботу",20,"SRP"
502,"утакмице",20,"SRP"
503,"центра",20,"SRP"
504,"чак",20,"SRP"
505,"чини",20,"SRP"
506,"26",19,"SRP"
507,"29",19,"SRP"
508,"боље",19,"SRP"
509,"велику",19,"SRP"
510,"вук",19,"SRP"
511,"децембра",19,"SRP"
512,"доћи",19,"SRP"
513,"друго",19,"SRP"
514,"екипе",19,"SRP"
515,"жалост",19,"SRP"
516,"завршио",19,"SRP"
517,"истакао",19,"SRP"
518,"јавно",19,"SRP"
519,"јуна",19,"SRP"
520,"караџић",19,"SRP"
521,"километара",19,"SRP"
522,"компанија",19,"SRP"
523,"концерт",19,"SRP"
524,"куће",19,"SRP"
525,"милановац",19,"SRP"
526,"многи",19,"SRP"
527,"музике",19,"SRP"
528,"недеље",19,"SRP"
529,"новац",19,"SRP"
530,"новог",19,"SRP"
531,"његова",19,"SRP"
532,"одељењу",19,"SRP"
533,"одржан",19,"SRP"
534,"октобра",19,"SRP"
535,"општина",19,"SRP"
536,"освојила",19,"SRP"
537,"позив",19,"SRP"
538,"позитивна",19,"SRP"
539,"помоћи",19,"SRP"
540,"почиње",19,"SRP"
541,"прави",19,"SRP"
542,"претежно",19,"SRP"
543,"путеви",19,"SRP"
544,"раде",19,"SRP"
545,"радног",19,"SRP"
546,"сата",19,"SRP"
547,"септембра",19,"SRP"
548,"траје",19,"SRP"
549,"углавном",19,"SRP"
550,"ујутру",19,"SRP"
551,"40",18,"SRP"
552,"александра",18,"SRP"
553,"биле",18,"SRP"
554,"болесника",18,"SRP"
555,"великог",18,"SRP"
556,"воли",18,"SRP"
557,"годинама",18,"SRP"
558,"другом",18,"SRP"
559,"друштва",18,"SRP"
560,"друштво",18,"SRP"
561,"екипа",18,"SRP"
562,"затим",18,"SRP"
563,"здравља",18,"SRP"
564,"јако",18,"SRP"
565,"једне",18,"SRP"
566,"једну",18,"SRP"
567,"јула",18,"SRP"
568,"књиге",18,"SRP"
569,"којем",18,"SRP"
570,"културно",18,"SRP"
571,"могуће",18,"SRP"
572,"могућност",18,"SRP"
573,"надам",18,"SRP"
574,"њен",18,"SRP"
575,"осим",18,"SRP"
576,"питање",18,"SRP"
577,"посла",18,"SRP"
578,"потпуно",18,"SRP"
579,"праћење",18,"SRP"
580,"првом",18,"SRP"
581,"разреда",18,"SRP"
582,"свима",18,"SRP"
583,"такмичењу",18,"SRP"
584,"тренер",18,"SRP"
585,"чланови",18,"SRP"
586,"31",17,"SRP"
587,"60",17,"SRP"
588,"београда",17,"SRP"
589,"века",17,"SRP"
590,"вредност",17,"SRP"
591,"години",17,"SRP"
592,"градском",17,"SRP"
593,"дуго",17,"SRP"
594,"земљи",17,"SRP"
595,"извештај",17,"SRP"
596,"јавног",17,"SRP"
597,"језика",17,"SRP"
598,"јутра",17,"SRP"
599,"какав",17,"SRP"
600,"којим",17,"SRP"
601,"лозничани",17,"SRP"
602,"мера",17,"SRP"
603,"метеоропате",17,"SRP"
604,"министарства",17,"SRP"
605,"мој",17,"SRP"
606,"наши",17,"SRP"
607,"новембра",17,"SRP"
608,"организација",17,"SRP"
609,"отворена",17,"SRP"
610,"понегде",17,"SRP"
611,"почетка",17,"SRP"
612,"проблем",17,"SRP"
613,"резултат",17,"SRP"
614,"сваки",17,"SRP"
615,"света",17,"SRP"
616,"својој",17,"SRP"
617,"селу",17,"SRP"
618,"складу",17,"SRP"
619,"ствари",17,"SRP"
620,"такмичење",17,"SRP"
621,"току",17,"SRP"
622,"укупно",17,"SRP"
623,"улице",17,"SRP"
624,"улици",17,"SRP"
625,"част",17,"SRP"
626,"ширења",17,"SRP"
627,"200",16,"SRP"
628,"2018",16,"SRP"
629,"2021",16,"SRP"
630,"nа",16,"SRP"
631,"биометеоролошка",16,"SRP"
632,"биометеоролошке",16,"SRP"
633,"буџета",16,"SRP"
634,"великој",16,"SRP"
635,"вечерас",16,"SRP"
636,"гласова",16,"SRP"
637,"добар",16,"SRP"
638,"добра",16,"SRP"
639,"држава",16,"SRP"
640,"државе",16,"SRP"
641,"желе",16,"SRP"
642,"зна",16,"SRP"
643,"значај",16,"SRP"
644,"једино",16,"SRP"
645,"ковачевић",16,"SRP"
646,"ковида",16,"SRP"
647,"кући",16,"SRP"
648,"лако",16,"SRP"
649,"лозничке",16,"SRP"
650,"људима",16,"SRP"
651,"манифестација",16,"SRP"
652,"манифестације",16,"SRP"
653,"марко",16,"SRP"
654,"месеца",16,"SRP"
655,"метео",16,"SRP"
656,"музичке",16,"SRP"
657,"наредне",16,"SRP"
658,"народ",16,"SRP"
659,"недељу",16,"SRP"
660,"обзира",16,"SRP"
661,"оболелих",16,"SRP"
662,"овим",16,"SRP"
663,"округа",16,"SRP"
664,"округу",16,"SRP"
665,"остати",16,"SRP"
666,"отац",16,"SRP"
667,"ош",16,"SRP"
668,"пажњу",16,"SRP"
669,"период",16,"SRP"
670,"петак",16,"SRP"
671,"породица",16,"SRP"
672,"раније",16,"SRP"
673,"рата",16,"SRP"
674,"резултате",16,"SRP"
675,"родитељи",16,"SRP"
676,"свети",16,"SRP"
677,"седници",16,"SRP"
678,"скоро",16,"SRP"
679,"снази",16,"SRP"
680,"трећу",16,"SRP"
681,"улицама",16,"SRP"
682,"успешно",16,"SRP"
683,"0",15,"SRP"
684,"500",15,"SRP"
685,"tеst",15,"SRP"
686,"ukupnо",15,"SRP"
687,"аларм",15,"SRP"
688,"вас",15,"SRP"
689,"возила",15,"SRP"
690,"грмљавином",15,"SRP"
691,"деци",15,"SRP"
692,"здравље",15,"SRP"
693,"знања",15,"SRP"
694,"игре",15,"SRP"
695,"исто",15,"SRP"
696,"јанковић",15,"SRP"
697,"јесте",15,"SRP"
698,"јовановић",15,"SRP"
699,"кишом",15,"SRP"
700,"кога",15,"SRP"
701,"крајем",15,"SRP"
702,"кућа",15,"SRP"
703,"мали",15,"SRP"
704,"милун",15,"SRP"
705,"могао",15,"SRP"
706,"морамо",15,"SRP"
707,"нажалост",15,"SRP"
708,"наших",15,"SRP"
709,"неопходно",15,"SRP"
710,"његов",15,"SRP"
711,"њихов",15,"SRP"
712,"овога",15,"SRP"
713,"остали",15,"SRP"
714,"питању",15,"SRP"
715,"поводом",15,"SRP"
716,"повремено",15,"SRP"
717,"последњих",15,"SRP"
718,"потом",15,"SRP"
719,"потребно",15,"SRP"
720,"почетком",15,"SRP"
721,"почетку",15,"SRP"
722,"предузеће",15,"SRP"
723,"припрема",15,"SRP"
724,"радио",15,"SRP"
725,"својих",15,"SRP"
726,"сезоне",15,"SRP"
727,"спортски",15,"SRP"
728,"средине",15,"SRP"
729,"српска",15,"SRP"
730,"српског",15,"SRP"
731,"услове",15,"SRP"
732,"успели",15,"SRP"
733,"успех",15,"SRP"
734,"уторак",15,"SRP"
735,"филм",15,"SRP"
736,"цркве",15,"SRP"
737,"члан",15,"SRP"
738,"35",14,"SRP"
739,"dо",14,"SRP"
740,"sаdа",14,"SRP"
741,"ана",14,"SRP"
742,"аутор",14,"SRP"
743,"библиотеке",14,"SRP"
744,"вам",14,"SRP"
745,"велико",14,"SRP"
746,"већи",14,"SRP"
747,"гимназије",14,"SRP"
748,"данашњи",14,"SRP"
749,"десетак",14,"SRP"
750,"добио",14,"SRP"
751,"домаћин",14,"SRP"
752,"доноси",14,"SRP"
753,"дуваће",14,"SRP"
754,"европе",14,"SRP"
755,"живе",14,"SRP"
756,"заједнице",14,"SRP"
757,"захтева",14,"SRP"
758,"заштите",14,"SRP"
759,"земља",14,"SRP"
760,"иван",14,"SRP"
761,"истоку",14,"SRP"
762,"јавни",14,"SRP"
763,"јак",14,"SRP"
764,"југу",14,"SRP"
765,"јутро",14,"SRP"
766,"клуб",14,"SRP"
767,"кола",14,"SRP"
768,"конкуренцији",14,"SRP"
769,"крви",14,"SRP"
770,"лн",14,"SRP"
771,"локална",14,"SRP"
772,"моја",14,"SRP"
773,"нада",14,"SRP"
774,"називом",14,"SRP"
775,"наиме",14,"SRP"
776,"најбоље",14,"SRP"
777,"насељу",14,"SRP"
778,"нашим",14,"SRP"
779,"нашу",14,"SRP"
780,"обе",14,"SRP"
781,"одбора",14,"SRP"
782,"одлука",14,"SRP"
783,"освојио",14,"SRP"
784,"основне",14,"SRP"
785,"павловић",14,"SRP"
786,"питања",14,"SRP"
787,"позива",14,"SRP"
788,"понедељак",14,"SRP"
789,"почела",14,"SRP"
790,"пошто",14,"SRP"
791,"прве",14,"SRP"
792,"председника",14,"SRP"
793,"прилика",14,"SRP"
794,"приликом",14,"SRP"
795,"пример",14,"SRP"
796,"променљиво",14,"SRP"
797,"простор",14,"SRP"
798,"путем",14,"SRP"
799,"радионице",14,"SRP"
800,"радови",14,"SRP"
801,"савеза",14,"SRP"
802,"сама",14,"SRP"
803,"сигурно",14,"SRP"
804,"скупштине",14,"SRP"
805,"управе",14,"SRP"
806,"учесника",14,"SRP"
807,"хоспитализованo",14,"SRP"
808,"хоспитализовано",14,"SRP"
809,"чачански",14,"SRP"
810,"чачанског",14,"SRP"
811,"28",13,"SRP"
812,"kојih",13,"SRP"
813,"virusа",13,"SRP"
814,"августа",13,"SRP"
815,"бави",13,"SRP"
816,"библиотека",13,"SRP"
817,"бисмо",13,"SRP"
818,"бодова",13,"SRP"
819,"бројне",13,"SRP"
820,"викенда",13,"SRP"
821,"влада",13,"SRP"
822,"грађане",13,"SRP"
823,"дали",13,"SRP"
824,"дани",13,"SRP"
825,"директорка",13,"SRP"
826,"добити",13,"SRP"
827,"дом",13,"SRP"
828,"друга",13,"SRP"
829,"другим",13,"SRP"
830,"ђорђевић",13,"SRP"
831,"животу",13,"SRP"
832,"завода",13,"SRP"
833,"завршила",13,"SRP"
834,"зворник",13,"SRP"
835,"јануара",13,"SRP"
836,"јасно",13,"SRP"
837,"једини",13,"SRP"
838,"јелена",13,"SRP"
839,"јп",13,"SRP"
840,"књигу",13,"SRP"
841,"користи",13,"SRP"
842,"лиге",13,"SRP"
843,"мада",13,"SRP"
844,"манастир",13,"SRP"
845,"марија",13,"SRP"
846,"мере",13,"SRP"
847,"налазе",13,"SRP"
848,"наредних",13,"SRP"
849,"нити",13,"SRP"
850,"новом",13,"SRP"
851,"нову",13,"SRP"
852,"њихова",13,"SRP"
853,"области",13,"SRP"
854,"организацији",13,"SRP"
855,"падавина",13,"SRP"
856,"пацијент",13,"SRP"
857,"песму",13,"SRP"
858,"планираних",13,"SRP"
859,"постаје",13,"SRP"
860,"представа",13,"SRP"
861,"претходног",13,"SRP"
862,"при",13,"SRP"
863,"производа",13,"SRP"
864,"птице",13,"SRP"
865,"путу",13,"SRP"
866,"самоуправа",13,"SRP"
867,"саобраћаја",13,"SRP"
868,"саобраћају",13,"SRP"
869,"сасвим",13,"SRP"
870,"светог",13,"SRP"
871,"систем",13,"SRP"
872,"ситуације",13,"SRP"
873,"снег",13,"SRP"
874,"срчаним",13,"SRP"
875,"сте",13,"SRP"
876,"та",13,"SRP"
877,"температуре",13,"SRP"
878,"тргу",13,"SRP"
879,"фестивала",13,"SRP"
880,"цене",13,"SRP"
881,"црвени",13,"SRP"
882,"чине",13,"SRP"
883,"акција",12,"SRP"
884,"бар",12,"SRP"
885,"болесницима",12,"SRP"
886,"броју",12,"SRP"
887,"вакцинисано",12,"SRP"
888,"већа",12,"SRP"
889,"већина",12,"SRP"
890,"види",12,"SRP"
891,"викенд",12,"SRP"
892,"вредности",12,"SRP"
893,"времену",12,"SRP"
894,"главни",12,"SRP"
895,"год",12,"SRP"
896,"градског",12,"SRP"
897,"грађанима",12,"SRP"
898,"група",12,"SRP"
899,"дају",12,"SRP"
900,"дете",12,"SRP"
901,"добили",12,"SRP"
902,"дому",12,"SRP"
903,"дошло",12,"SRP"
904,"желимо",12,"SRP"
905,"завршена",12,"SRP"
906,"иде",12,"SRP"
907,"изградња",12,"SRP"
908,"изложбе",12,"SRP"
909,"изложби",12,"SRP"
910,"интересовање",12,"SRP"
911,"једина",12,"SRP"
912,"југоисточни",12,"SRP"
913,"колеге",12,"SRP"
914,"коронавируса",12,"SRP"
915,"крст",12,"SRP"
916,"медаље",12,"SRP"
917,"медаљу",12,"SRP"
918,"мени",12,"SRP"
919,"месеци",12,"SRP"
920,"мештани",12,"SRP"
921,"могла",12,"SRP"
922,"моје",12,"SRP"
923,"мрежи",12,"SRP"
924,"над",12,"SRP"
925,"најпре",12,"SRP"
926,"најчешће",12,"SRP"
927,"насиља",12,"SRP"
928,"наступ",12,"SRP"
929,"националне",12,"SRP"
930,"њихове",12,"SRP"
931,"њиховим",12,"SRP"
932,"њу",12,"SRP"
933,"оsоbа",12,"SRP"
934,"оних",12,"SRP"
935,"опрез",12,"SRP"
936,"планинама",12,"SRP"
937,"позитиван",12,"SRP"
938,"поподне",12,"SRP"
939,"потребна",12,"SRP"
940,"представља",12,"SRP"
941,"признања",12,"SRP"
942,"природи",12,"SRP"
943,"простора",12,"SRP"
944,"радом",12,"SRP"
945,"редовно",12,"SRP"
946,"рок",12,"SRP"
947,"сарадњу",12,"SRP"
948,"сваке",12,"SRP"
949,"северни",12,"SRP"
950,"система",12,"SRP"
951,"снаге",12,"SRP"
952,"стање",12,"SRP"
953,"терену",12,"SRP"
954,"увече",12,"SRP"
955,"удружење",12,"SRP"
956,"ускоро",12,"SRP"
957,"утакмица",12,"SRP"
958,"утакмицу",12,"SRP"
959,"факултет",12,"SRP"
960,"хроничних",12,"SRP"
961,"целе",12,"SRP"
962,"четвртак",12,"SRP"
963,"чиме",12,"SRP"
964,"2017",11,"SRP"
965,"36",11,"SRP"
966,"rеpublici",11,"SRP"
967,"srpskој",11,"SRP"
968,"ауто",11,"SRP"
969,"баве",11,"SRP"
970,"бољи",11,"SRP"
971,"борца",11,"SRP"
972,"ван",11,"SRP"
973,"високе",11,"SRP"
974,"водом",11,"SRP"
975,"генерације",11,"SRP"
976,"глас",11,"SRP"
977,"децом",11,"SRP"
978,"добру",11,"SRP"
979,"долази",11,"SRP"
980,"драгана",11,"SRP"
981,"драго",11,"SRP"
982,"жена",11,"SRP"
983,"задовољство",11,"SRP"
984,"заједница",11,"SRP"
985,"знао",11,"SRP"
986,"значајно",11,"SRP"
987,"избор",11,"SRP"
988,"изложбу",11,"SRP"
989,"искуства",11,"SRP"
990,"јавност",11,"SRP"
991,"једној",11,"SRP"
992,"језик",11,"SRP"
993,"јована",11,"SRP"
994,"књижевности",11,"SRP"
995,"лепо",11,"SRP"
996,"лета",11,"SRP"
997,"лознички",11,"SRP"
998,"мајка",11,"SRP"
999,"милошевић",11,"SRP"
1000,"многе",11,"SRP"
1001,"многих",11,"SRP"
1002,"могућности",11,"SRP"
1003,"морају",11,"SRP"
1004,"музеја",11,"SRP"
1005,"најважније",11,"SRP"
1006,"најуспешнији",11,"SRP"
1007,"насиље",11,"SRP"
1008,"нашој",11,"SRP"
1009,"негде",11,"SRP"
1010,"неким",11,"SRP"
1011,"нових",11,"SRP"
1012,"његово",11,"SRP"
1013,"њој",11,"SRP"
1014,"оsоba",11,"SRP"
1015,"обично",11,"SRP"
1016,"организације",11,"SRP"
1017,"осећати",11,"SRP"
1018,"основних",11,"SRP"
1019,"пада",11,"SRP"
1020,"пандемије",11,"SRP"
1021,"подсећа",11,"SRP"
1022,"показују",11,"SRP"
1023,"пола",11,"SRP"
1024,"портал",11,"SRP"
1025,"права",11,"SRP"
1026,"празник",11,"SRP"
1027,"преминуо",11,"SRP"
1028,"пријава",11,"SRP"
1029,"присуство",11,"SRP"
1030,"развоја",11,"SRP"
1031,"развоју",11,"SRP"
1032,"савета",11,"SRP"
1033,"сали",11,"SRP"
1034,"сарадњи",11,"SRP"
1035,"србију",11,"SRP"
1036,"средње",11,"SRP"
1037,"средњих",11,"SRP"
1038,"степен",11,"SRP"
1039,"струје",11,"SRP"
1040,"сунце",11,"SRP"
1041,"тегобе",11,"SRP"
1042,"тема",11,"SRP"
1043,"ти",11,"SRP"
1044,"уметничке",11,"SRP"
1045,"факултета",11,"SRP"
1046,"човека",11,"SRP"
1047,"школама",11,"SRP"
1048,"300",10,"SRP"
1049,"90",10,"SRP"
1050,"pоtvrđеno",10,"SRP"
1051,"безбедност",10,"SRP"
1052,"брат",10,"SRP"
1053,"вероватно",10,"SRP"
1054,"верујем",10,"SRP"
1055,"весна",10,"SRP"
1056,"већину",10,"SRP"
1057,"видео",10,"SRP"
1058,"владан",10,"SRP"
1059,"воду",10,"SRP"
1060,"војводине",10,"SRP"
1061,"горан",10,"SRP"
1062,"градски",10,"SRP"
1063,"градској",10,"SRP"
1064,"девојчица",10,"SRP"
1065,"деценије",10,"SRP"
1066,"добре",10,"SRP"
1067,"домаће",10,"SRP"
1068,"домаћинства",10,"SRP"
1069,"ђаци",10,"SRP"
1070,"е",10,"SRP"
1071,"желим",10,"SRP"
1072,"животне",10,"SRP"
1073,"запослених",10,"SRP"
1074,"зашто",10,"SRP"
1075,"зворника",10,"SRP"
1076,"зграде",10,"SRP"
1077,"земљу",10,"SRP"
1078,"ивановић",10,"SRP"
1079,"ивањице",10,"SRP"
1080,"изнад",10,"SRP"
1081,"имена",10,"SRP"
1082,"истовремено",10,"SRP"
1083,"јкп",10,"SRP"
1084,"јован",10,"SRP"
1085,"канцеларије",10,"SRP"
1086,"квалитет",10,"SRP"
1087,"компаније",10,"SRP"
1088,"користе",10,"SRP"
1089,"коришћење",10,"SRP"
1090,"куд",10,"SRP"
1091,"лице",10,"SRP"
1092,"љубав",10,"SRP"
1093,"љубави",10,"SRP"
1094,"манастира",10,"SRP"
1095,"мањи",10,"SRP"
1096,"местима",10,"SRP"
1097,"младости",10,"SRP"
1098,"наглашава",10,"SRP"
1099,"награду",10,"SRP"
1100,"надежда",10,"SRP"
1101,"назива",10,"SRP"
1102,"народни",10,"SRP"
1103,"наставника",10,"SRP"
1104,"наћи",10,"SRP"
1105,"неку",10,"SRP"
1106,"низ",10,"SRP"
1107,"ново",10,"SRP"
1108,"носи",10,"SRP"
1109,"ноћи",10,"SRP"
1110,"обавештавају",10,"SRP"
1111,"објашњава",10,"SRP"
1112,"објекат",10,"SRP"
1113,"одмах",10,"SRP"
1114,"осталим",10,"SRP"
1115,"песама",10,"SRP"
1116,"подаци",10,"SRP"
1117,"подсетио",10,"SRP"
1118,"позоришта",10,"SRP"
1119,"попут",10,"SRP"
1120,"посетио",10,"SRP"
1121,"првенства",10,"SRP"
1122,"првенство",10,"SRP"
1123,"преглед",10,"SRP"
1124,"предвиђено",10,"SRP"
1125,"пределима",10,"SRP"
1126,"претходних",10,"SRP"
1127,"припада",10,"SRP"
1128,"програму",10,"SRP"
1129,"простору",10,"SRP"
1130,"птица",10,"SRP"
1131,"пуно",10,"SRP"
1132,"путева",10,"SRP"
1133,"пчеле",10,"SRP"
1134,"радимо",10,"SRP"
1135,"раду",10,"SRP"
1136,"ревакцинисано",10,"SRP"
1137,"сад",10,"SRP"
1138,"самоуправе",10,"SRP"
1139,"саша",10,"SRP"
1140,"сваког",10,"SRP"
1141,"себи",10,"SRP"
1142,"си",10,"SRP"
1143,"син",10,"SRP"
1144,"службе",10,"SRP"
1145,"спорт",10,"SRP"
1146,"стадиону",10,"SRP"
1147,"стално",10,"SRP"
1148,"сусрет",10,"SRP"
1149,"сцени",10,"SRP"
1150,"традиционално",10,"SRP"
1151,"туристичке",10,"SRP"
1152,"турниру",10,"SRP"
1153,"уживају",10,"SRP"
1154,"уметника",10,"SRP"
1155,"установе",10,"SRP"
1156,"ученицима",10,"SRP"
1157,"хектара",10,"SRP"
1158,"цена",10,"SRP"
1159,"чији",10,"SRP"
1160,"чланова",10,"SRP"
1161,"32",9,"SRP"
1162,"34",9,"SRP"
1163,"48",9,"SRP"
1164,"акције",9,"SRP"
1165,"акцију",9,"SRP"
1166,"алексић",9,"SRP"
1167,"бањи",9,"SRP"
1168,"бели",9,"SRP"
1169,"болници",9,"SRP"
1170,"борбама",9,"SRP"
1171,"бранко",9,"SRP"
1172,"будемо",9,"SRP"
1173,"будућност",9,"SRP"
1174,"буџет",9,"SRP"
1175,"великим",9,"SRP"
1176,"вера",9,"SRP"
1177,"вечери",9,"SRP"
1178,"виде",9,"SRP"
1179,"видети",9,"SRP"
1180,"видим",9,"SRP"
1181,"вода",9,"SRP"
1182,"галерије",9,"SRP"
1183,"главобољу",9,"SRP"
1184,"гласа",9,"SRP"
1185,"групе",9,"SRP"
1186,"д",9,"SRP"
1187,"далеко",9,"SRP"
1188,"директора",9,"SRP"
1189,"доба",9,"SRP"
1190,"добију",9,"SRP"
1191,"добитник",9,"SRP"
1192,"догађај",9,"SRP"
1193,"додатно",9,"SRP"
1194,"домаћи",9,"SRP"
1195,"дошао",9,"SRP"
1196,"дошли",9,"SRP"
1197,"драмског",9,"SRP"
1198,"другачије",9,"SRP"
1199,"душан",9,"SRP"
1200,"ђака",9,"SRP"
1201,"енергија",9,"SRP"
1202,"жеља",9,"SRP"
1203,"задатак",9,"SRP"
1204,"заиста",9,"SRP"
1205,"закона",9,"SRP"
1206,"запошљавање",9,"SRP"
1207,"заправо",9,"SRP"
1208,"званично",9,"SRP"
1209,"земаља",9,"SRP"
1210,"златне",9,"SRP"
1211,"знам",9,"SRP"
1212,"знање",9,"SRP"
1213,"играли",9,"SRP"
1214,"идеја",9,"SRP"
1215,"изградњу",9,"SRP"
1216,"износи",9,"SRP"
1217,"илић",9,"SRP"
1218,"имам",9,"SRP"
1219,"интересовања",9,"SRP"
1220,"историје",9,"SRP"
1221,"истраживања",9,"SRP"
1222,"јавних",9,"SRP"
1223,"јавности",9,"SRP"
1224,"југославије",9,"SRP"
1225,"катарина",9,"SRP"
1226,"костић",9,"SRP"
1227,"крста",9,"SRP"
1228,"култура",9,"SRP"
1229,"кућу",9,"SRP"
1230,"летње",9,"SRP"
1231,"лечење",9,"SRP"
1232,"мала",9,"SRP"
1233,"малом",9,"SRP"
1234,"манифестацију",9,"SRP"
1235,"марковић",9,"SRP"
1236,"међународном",9,"SRP"
1237,"месец",9,"SRP"
1238,"минута",9,"SRP"
1239,"минуту",9,"SRP"
1240,"мирослав",9,"SRP"
1241,"митровић",9,"SRP"
1242,"младима",9,"SRP"
1243,"многим",9,"SRP"
1244,"мораве",9,"SRP"
1245,"мост",9,"SRP"
1246,"мреже",9,"SRP"
1247,"музика",9,"SRP"
1248,"нагласила",9,"SRP"
1249,"надамо",9,"SRP"
1250,"највећа",9,"SRP"
1251,"највећих",9,"SRP"
1252,"написао",9,"SRP"
1253,"напомиње",9,"SRP"
1254,"наставља",9,"SRP"
1255,"некад",9,"SRP"
1256,"новим",9,"SRP"
1257,"његове",9,"SRP"
1258,"његовог",9,"SRP"
1259,"њему",9,"SRP"
1260,"њена",9,"SRP"
1261,"њихово",9,"SRP"
1262,"обавезно",9,"SRP"
1263,"обавештава",9,"SRP"
1264,"облака",9,"SRP"
1265,"образовање",9,"SRP"
1266,"одржава",9,"SRP"
1267,"одржана",9,"SRP"
1268,"одржаној",9,"SRP"
1269,"организован",9,"SRP"
1270,"организује",9,"SRP"
1271,"остаје",9,"SRP"
1272,"остала",9,"SRP"
1273,"остало",9,"SRP"
1274,"остане",9,"SRP"
1275,"отворио",9,"SRP"
1276,"паркинг",9,"SRP"
1277,"песме",9,"SRP"
1278,"петар",9,"SRP"
1279,"подацима",9,"SRP"
1280,"подршке",9,"SRP"
1281,"пољопривреде",9,"SRP"
1282,"поповић",9,"SRP"
1283,"посебан",9,"SRP"
1284,"последње",9,"SRP"
1285,"потпуности",9,"SRP"
1286,"потреба",9,"SRP"
1287,"почео",9,"SRP"
1288,"првој",9,"SRP"
1289,"представе",9,"SRP"
1290,"представници",9,"SRP"
1291,"преминула",9,"SRP"
1292,"пријаве",9,"SRP"
1293,"припреме",9,"SRP"
1294,"приче",9,"SRP"
1295,"професора",9,"SRP"
1296,"процес",9,"SRP"
1297,"публика",9,"SRP"
1298,"радити",9,"SRP"
1299,"радник",9,"SRP"
1300,"радника",9,"SRP"
1301,"радост",9,"SRP"
1302,"разлога",9,"SRP"
1303,"речима",9,"SRP"
1304,"сарадницима",9,"SRP"
1305,"сат",9,"SRP"
1306,"свака",9,"SRP"
1307,"свакако",9,"SRP"
1308,"свако",9,"SRP"
1309,"сваком",9,"SRP"
1310,"светског",9,"SRP"
1311,"седмице",9,"SRP"
1312,"слободу",9,"SRP"
1313,"снежана",9,"SRP"
1314,"српском",9,"SRP"
1315,"старе",9,"SRP"
1316,"такмичењима",9,"SRP"
1317,"техничке",9,"SRP"
1318,"техничких",9,"SRP"
1319,"тог",9,"SRP"
1320,"тој",9,"SRP"
1321,"треће",9,"SRP"
1322,"тржишту",9,"SRP"
1323,"уколико",9,"SRP"
1324,"улогу",9,"SRP"
1325,"уметност",9,"SRP"
1326,"условима",9,"SRP"
1327,"ученик",9,"SRP"
1328,"ученике",9,"SRP"
1329,"учитеља",9,"SRP"
1330,"факултету",9,"SRP"
1331,"фебруар",9,"SRP"
1332,"фк",9,"SRP"
1333,"фотографија",9,"SRP"
1334,"цео",9,"SRP"
1335,"цркви",9,"SRP"
1336,"чачанске",9,"SRP"
1337,"33",8,"SRP"
1338,"54",8,"SRP"
1339,"55",8,"SRP"
1340,"70",8,"SRP"
1341,"800",8,"SRP"
1342,"бање",8,"SRP"
1343,"благојевић",8,"SRP"
1344,"близини",8,"SRP"
1345,"близу",8,"SRP"
1346,"болеснике",8,"SRP"
1347,"болести",8,"SRP"
1348,"борбу",8,"SRP"
1349,"будући",8,"SRP"
1350,"важна",8,"SRP"
1351,"васкрс",8,"SRP"
1352,"великих",8,"SRP"
1353,"ви",8,"SRP"
1354,"видимо",8,"SRP"
1355,"виду",8,"SRP"
1356,"високих",8,"SRP"
1357,"владимир",8,"SRP"
1358,"временске",8,"SRP"
1359,"годишње",8,"SRP"
1360,"гостима",8,"SRP"
1361,"даје",8,"SRP"
1362,"двадесет",8,"SRP"
1363,"делатности",8,"SRP"
1364,"дело",8,"SRP"
1365,"делови",8,"SRP"
1366,"димитријевић",8,"SRP"
1367,"добија",8,"SRP"
1368,"дођу",8,"SRP"
1369,"долазе",8,"SRP"
1370,"допринос",8,"SRP"
1371,"дрине",8,"SRP"
1372,"другу",8,"SRP"
1373,"дуже",8,"SRP"
1374,"ђокић",8,"SRP"
1375,"европи",8,"SRP"
1376,"женама",8,"SRP"
1377,"живимо",8,"SRP"
1378,"жири",8,"SRP"
1379,"жртве",8,"SRP"
1380,"задовољни",8,"SRP"
1381,"западне",8,"SRP"
1382,"захвалност",8,"SRP"
1383,"здрав",8,"SRP"
1384,"земљишта",8,"SRP"
1385,"знају",8,"SRP"
1386,"знамо",8,"SRP"
1387,"знати",8,"SRP"
1388,"значајан",8,"SRP"
1389,"игра",8,"SRP"
1390,"играо",8,"SRP"
1391,"износ",8,"SRP"
1392,"испод",8,"SRP"
1393,"исте",8,"SRP"
1394,"историју",8,"SRP"
1395,"јавним",8,"SRP"
1396,"јужни",8,"SRP"
1397,"јутрос",8,"SRP"
1398,"каква",8,"SRP"
1399,"кише",8,"SRP"
1400,"кишу",8,"SRP"
1401,"конкурса",8,"SRP"
1402,"корисници",8,"SRP"
1403,"крајевима",8,"SRP"
1404,"лето",8,"SRP"
1405,"лешници",8,"SRP"
1406,"лист",8,"SRP"
1407,"лозничком",8,"SRP"
1408,"лучана",8,"SRP"
1409,"лучани",8,"SRP"
1410,"малих",8,"SRP"
1411,"материјал",8,"SRP"
1412,"медаља",8,"SRP"
1413,"међународни",8,"SRP"
1414,"мене",8,"SRP"
1415,"мери",8,"SRP"
1416,"мз",8,"SRP"
1417,"млађи",8,"SRP"
1418,"моста",8,"SRP"
1419,"набавку",8,"SRP"
1420,"нагласио",8,"SRP"
1421,"најавио",8,"SRP"
1422,"најбољег",8,"SRP"
1423,"наоблачење",8,"SRP"
1424,"наставе",8,"SRP"
1425,"наставити",8,"SRP"
1426,"наука",8,"SRP"
1427,"немамо",8,"SRP"
1428,"ниво",8,"SRP"
1429,"новца",8,"SRP"
1430,"ноћ",8,"SRP"
1431,"његовом",8,"SRP"
1432,"њиховом",8,"SRP"
1433,"обавеза",8,"SRP"
1434,"објекта",8,"SRP"
1435,"облаци",8,"SRP"
1436,"овако",8,"SRP"
1437,"опет",8,"SRP"
1438,"опрезни",8,"SRP"
1439,"опреме",8,"SRP"
1440,"организатори",8,"SRP"
1441,"организацију",8,"SRP"
1442,"организују",8,"SRP"
1443,"особама",8,"SRP"
1444,"остале",8,"SRP"
1445,"осталог",8,"SRP"
1446,"отворен",8,"SRP"
1447,"отвореном",8,"SRP"
1448,"оца",8,"SRP"
1449,"очекују",8,"SRP"
1450,"план",8,"SRP"
1451,"плану",8,"SRP"
1452,"пљусковима",8,"SRP"
1453,"повољне",8,"SRP"
1454,"подржава",8,"SRP"
1455,"подршка",8,"SRP"
1456,"пожара",8,"SRP"
1457,"пожаревачке",8,"SRP"
1458,"познато",8,"SRP"
1459,"пољу",8,"SRP"
1460,"породилишту",8,"SRP"
1461,"почетак",8,"SRP"
1462,"прати",8,"SRP"
1463,"препоручује",8,"SRP"
1464,"производи",8,"SRP"
1465,"производње",8,"SRP"
1466,"пројекте",8,"SRP"
1467,"процената",8,"SRP"
1468,"разлику",8,"SRP"
1469,"различитих",8,"SRP"
1470,"рачуна",8,"SRP"
1471,"река",8,"SRP"
1472,"републичког",8,"SRP"
1473,"родитеља",8,"SRP"
1474,"саве",8,"SRP"
1475,"садржаја",8,"SRP"
1476,"саме",8,"SRP"
1477,"своја",8,"SRP"
1478,"сезона",8,"SRP"
1479,"следи",8,"SRP"
1480,"слике",8,"SRP"
1481,"слобода",8,"SRP"
1482,"смислу",8,"SRP"
1483,"социјално",8,"SRP"
1484,"спомен",8,"SRP"
1485,"спортског",8,"SRP"
1486,"спроводи",8,"SRP"
1487,"српских",8,"SRP"
1488,"стазе",8,"SRP"
1489,"станице",8,"SRP"
1490,"стефан",8,"SRP"
1491,"стиже",8,"SRP"
1492,"субвенције",8,"SRP"
1493,"суво",8,"SRP"
1494,"судија",8,"SRP"
1495,"сунца",8,"SRP"
1496,"тамо",8,"SRP"
1497,"тих",8,"SRP"
1498,"топлије",8,"SRP"
1499,"традицију",8,"SRP"
1500,"тренутку",8,"SRP"
1501,"трци",8,"SRP"
1502,"тршићу",8,"SRP"
1503,"турнир",8,"SRP"
1504,"узраста",8,"SRP"
1505,"улица",8,"SRP"
1506,"услуга",8,"SRP"
1507,"успео",8,"SRP"
1508,"ученица",8,"SRP"
1509,"учесници",8,"SRP"
1510,"учи",8,"SRP"
1511,"фудбалског",8,"SRP"
1512,"хладно",8,"SRP"
1513,"хрватске",8,"SRP"
1514,"целзијуса",8,"SRP"
1515,"црква",8,"SRP"
1516,"чија",8,"SRP"
1517,"120",7,"SRP"
1518,"2020",7,"SRP"
1519,"400",7,"SRP"
1520,"42",7,"SRP"
1521,"45",7,"SRP"
1522,"80",7,"SRP"
1523,"86",7,"SRP"
1524,"cov",7,"SRP"
1525,"izvršеnо",7,"SRP"
1526,"lаbоrаtоriјskih",7,"SRP"
1527,"prеminulo",7,"SRP"
1528,"sars",7,"SRP"
1529,"tеstirаnjе",7,"SRP"
1530,"бавим",7,"SRP"
1531,"богородице",7,"SRP"
1532,"бојан",7,"SRP"
1533,"болове",7,"SRP"
1534,"борац",7,"SRP"
1535,"браничевског",7,"SRP"
1536,"вељко",7,"SRP"
1537,"већем",7,"SRP"
1538,"власт",7,"SRP"
1539,"војводе",7,"SRP"
1540,"војислав",7,"SRP"
1541,"врата",7,"SRP"
1542,"враћа",7,"SRP"
1543,"врсте",7,"SRP"
1544,"врху",7,"SRP"
1545,"вучић",7,"SRP"
1546,"галерији",7,"SRP"
1547,"говорио",7,"SRP"
1548,"гол",7,"SRP"
1549,"госте",7,"SRP"
1550,"градова",7,"SRP"
1551,"данијела",7,"SRP"
1552,"данима",7,"SRP"
1553,"деда",7,"SRP"
1554,"делује",7,"SRP"
1555,"детету",7,"SRP"
1556,"деценијама",7,"SRP"
1557,"директно",7,"SRP"
1558,"добила",7,"SRP"
1559,"додала",7,"SRP"
1560,"донео",7,"SRP"
1561,"дошла",7,"SRP"
1562,"друштву",7,"SRP"
1563,"ђорђе",7,"SRP"
1564,"европске",7,"SRP"
1565,"екипу",7,"SRP"
1566,"епидемије",7,"SRP"
1567,"желели",7,"SRP"
1568,"жели",7,"SRP"
1569,"жути",7,"SRP"
1570,"завршили",7,"SRP"
1571,"задовољан",7,"SRP"
1572,"заједници",7,"SRP"
1573,"закон",7,"SRP"
1574,"занимљиво",7,"SRP"
1575,"западни",7,"SRP"
1576,"западу",7,"SRP"
1577,"зворнику",7,"SRP"
1578,"здравко",7,"SRP"
1579,"златна",7,"SRP"
1580,"златну",7,"SRP"
1581,"знак",7,"SRP"
1582,"знали",7,"SRP"
1583,"ивањица",7,"SRP"
1584,"игара",7,"SRP"
1585,"играч",7,"SRP"
1586,"играча",7,"SRP"
1587,"играчи",7,"SRP"
1588,"избора",7,"SRP"
1589,"избори",7,"SRP"
1590,"изборима",7,"SRP"
1591,"изгледа",7,"SRP"
1592,"изјавио",7,"SRP"
1593,"излази",7,"SRP"
1594,"износу",7,"SRP"
1595,"имаће",7,"SRP"
1596,"индустрије",7,"SRP"
1597,"искључења",7,"SRP"
1598,"искључиво",7,"SRP"
1599,"искрено",7,"SRP"
1600,"истакла",7,"SRP"
1601,"исти",7,"SRP"
1602,"источни",7,"SRP"
1603,"исход",7,"SRP"
1604,"јадра",7,"SRP"
1605,"јесени",7,"SRP"
1606,"кандидат",7,"SRP"
1607,"кандидата",7,"SRP"
1608,"карактер",7,"SRP"
1609,"кг",7,"SRP"
1610,"којег",7,"SRP"
1611,"корисницима",7,"SRP"
1612,"костолца",7,"SRP"
1613,"костолцу",7,"SRP"
1614,"креће",7,"SRP"
1615,"круг",7,"SRP"
1616,"културног",7,"SRP"
1617,"кучево",7,"SRP"
1618,"лакше",7,"SRP"
1619,"лекари",7,"SRP"
1620,"литара",7,"SRP"
1621,"лозницу",7,"SRP"
1622,"локалним",7,"SRP"
1623,"ма",7,"SRP"
1624,"макар",7,"SRP"
1625,"материјала",7,"SRP"
1626,"медија",7,"SRP"
1627,"међународног",7,"SRP"
1628,"местимично",7,"SRP"
1629,"меч",7,"SRP"
1630,"морали",7,"SRP"
1631,"морам",7,"SRP"
1632,"морате",7,"SRP"
1633,"мото",7,"SRP"
1634,"наде",7,"SRP"
1635,"најављено",7,"SRP"
1636,"најбољу",7,"SRP"
1637,"највећу",7,"SRP"
1638,"накнаде",7,"SRP"
1639,"намењена",7,"SRP"
1640,"наранџасти",7,"SRP"
1641,"народна",7,"SRP"
1642,"народне",7,"SRP"
1643,"народног",7,"SRP"
1644,"народу",7,"SRP"
1645,"насеља",7,"SRP"
1646,"наташа",7,"SRP"
1647,"научити",7,"SRP"
1648,"невероватно",7,"SRP"
1649,"недељковић",7,"SRP"
1650,"неких",7,"SRP"
1651,"неком",7,"SRP"
1652,"ненад",7,"SRP"
1653,"ниједан",7,"SRP"
1654,"нуди",7,"SRP"
1655,"његови",7,"SRP"
1656,"његових",7,"SRP"
1657,"њено",7,"SRP"
1658,"обележавања",7,"SRP"
1659,"облика",7,"SRP"
1660,"обрадовић",7,"SRP"
1661,"обуке",7,"SRP"
1662,"ови",7,"SRP"
1663,"овогодишње",7,"SRP"
1664,"овчарско",7,"SRP"
1665,"одговор",7,"SRP"
1666,"одлуке",7,"SRP"
1667,"односу",7,"SRP"
1668,"одржавања",7,"SRP"
1669,"онима",7,"SRP"
1670,"општинског",7,"SRP"
1671,"освојили",7,"SRP"
1672,"основној",7,"SRP"
1673,"остаће",7,"SRP"
1674,"отпада",7,"SRP"
1675,"очекујемо",7,"SRP"
1676,"пар",7,"SRP"
1677,"победе",7,"SRP"
1678,"победу",7,"SRP"
1679,"поглед",7,"SRP"
1680,"позориште",7,"SRP"
1681,"поповића",7,"SRP"
1682,"пораз",7,"SRP"
1683,"породици",7,"SRP"
1684,"посебну",7,"SRP"
1685,"посетилаца",7,"SRP"
1686,"последица",7,"SRP"
1687,"потврђује",7,"SRP"
1688,"потребу",7,"SRP"
1689,"потрошача",7,"SRP"
1690,"поштују",7,"SRP"
1691,"праву",7,"SRP"
1692,"предмета",7,"SRP"
1693,"предраг",7,"SRP"
1694,"пресвете",7,"SRP"
1695,"пријатељ",7,"SRP"
1696,"природе",7,"SRP"
1697,"проблемима",7,"SRP"
1698,"производњи",7,"SRP"
1699,"производњу",7,"SRP"
1700,"пројеката",7,"SRP"
1701,"просвете",7,"SRP"
1702,"проф",7,"SRP"
1703,"радим",7,"SRP"
1704,"радне",7,"SRP"
1705,"радове",7,"SRP"
1706,"разне",7,"SRP"
1707,"рајић",7,"SRP"
1708,"рату",7,"SRP"
1709,"реконструкције",7,"SRP"
1710,"рећи",7,"SRP"
1711,"решење",7,"SRP"
1712,"родитељима",7,"SRP"
1713,"рођен",7,"SRP"
1714,"рођена",7,"SRP"
1715,"року",7,"SRP"
1716,"сабору",7,"SRP"
1717,"сава",7,"SRP"
1718,"саветник",7,"SRP"
1719,"садница",7,"SRP"
1720,"сајму",7,"SRP"
1721,"сами",7,"SRP"
1722,"самом",7,"SRP"
1723,"свему",7,"SRP"
1724,"свечано",7,"SRP"
1725,"седишта",7,"SRP"
1726,"селима",7,"SRP"
1727,"сећања",7,"SRP"
1728,"синоћ",7,"SRP"
1729,"слабим",7,"SRP"
1730,"славу",7,"SRP"
1731,"следеће",7,"SRP"
1732,"слика",7,"SRP"
1733,"слободно",7,"SRP"
1734,"сматра",7,"SRP"
1735,"смрти",7,"SRP"
1736,"споменика",7,"SRP"
1737,"спорта",7,"SRP"
1738,"спреман",7,"SRP"
1739,"средствима",7,"SRP"
1740,"станова",7,"SRP"
1741,"становништва",7,"SRP"
1742,"старији",7,"SRP"
1743,"стваралаштва",7,"SRP"
1744,"стојановић",7,"SRP"
1745,"страна",7,"SRP"
1746,"странке",7,"SRP"
1747,"стрелац",7,"SRP"
1748,"сусрета",7,"SRP"
1749,"такав",7,"SRP"
1750,"тачно",7,"SRP"
1751,"тему",7,"SRP"
1752,"тиме",7,"SRP"
1753,"традиција",7,"SRP"
1754,"тренутак",7,"SRP"
1755,"троје",7,"SRP"
1756,"туристичка",7,"SRP"
1757,"турнира",7,"SRP"
1758,"ћаловић",7,"SRP"
1759,"уговор",7,"SRP"
1760,"узео",7,"SRP"
1761,"упис",7,"SRP"
1762,"услова",7,"SRP"
1763,"установа",7,"SRP"
1764,"установама",7,"SRP"
1765,"утисак",7,"SRP"
1766,"утиче",7,"SRP"
1767,"учешће",7,"SRP"
1768,"фестивал",7,"SRP"
1769,"фотографије",7,"SRP"
1770,"хали",7,"SRP"
1771,"хор",7,"SRP"
1772,"хоспитализована",7,"SRP"
1773,"храна",7,"SRP"
1774,"хроничне",7,"SRP"
1775,"целој",7,"SRP"
1776,"црвеног",7,"SRP"
1777,"црна",7,"SRP"
1778,"час",7,"SRP"
1779,"чачанска",7,"SRP"
1780,"чека",7,"SRP"
1781,"чему",7,"SRP"
1782,"110",6,"SRP"
1783,"150",6,"SRP"
1784,"2012",6,"SRP"
1785,"2019",6,"SRP"
1786,"56",6,"SRP"
1787,"nоvi",6,"SRP"
1788,"prеminulо",6,"SRP"
1789,"slučajеvа",6,"SRP"
1790,"uzоrаkа",6,"SRP"
1791,"активно",6,"SRP"
1792,"активностима",6,"SRP"
1793,"бенд",6,"SRP"
1794,"београд",6,"SRP"
1795,"библиотекар",6,"SRP"
1796,"биљана",6,"SRP"
1797,"божић",6,"SRP"
1798,"боја",6,"SRP"
1799,"боје",6,"SRP"
1800,"болешћу",6,"SRP"
1801,"боре",6,"SRP"
1802,"будем",6,"SRP"
1803,"в",6,"SRP"
1804,"васкршњи",6,"SRP"
1805,"верује",6,"SRP"
1806,"већу",6,"SRP"
1807,"видећемо",6,"SRP"
1808,"виши",6,"SRP"
1809,"владе",6,"SRP"
1810,"водовод",6,"SRP"
1811,"воле",6,"SRP"
1812,"волим",6,"SRP"
1813,"временом",6,"SRP"
1814,"врста",6,"SRP"
1815,"г",6,"SRP"
1816,"гимназији",6,"SRP"
1817,"глумац",6,"SRP"
1818,"говори",6,"SRP"
1819,"голман",6,"SRP"
1820,"голом",6,"SRP"
1821,"горана",6,"SRP"
1822,"горњој",6,"SRP"
1823,"гостију",6,"SRP"
1824,"градска",6,"SRP"
1825,"градско",6,"SRP"
1826,"грејања",6,"SRP"
1827,"грмљавине",6,"SRP"
1828,"групи",6,"SRP"
1829,"дане",6,"SRP"
1830,"дао",6,"SRP"
1831,"двориште",6,"SRP"
1832,"девојке",6,"SRP"
1833,"детета",6,"SRP"
1834,"дечака",6,"SRP"
1835,"дипломирани",6,"SRP"
1836,"добрих",6,"SRP"
1837,"догађаја",6,"SRP"
1838,"додаје",6,"SRP"
1839,"додао",6,"SRP"
1840,"додатни",6,"SRP"
1841,"додељује",6,"SRP"
1842,"дође",6,"SRP"
1843,"домаћинстава",6,"SRP"
1844,"дрво",6,"SRP"
1845,"дрина",6,"SRP"
1846,"дружење",6,"SRP"
1847,"дужини",6,"SRP"
1848,"енергију",6,"SRP"
1849,"жеље",6,"SRP"
1850,"жељко",6,"SRP"
1851,"живео",6,"SRP"
1852,"животни",6,"SRP"
1853,"завршен",6,"SRP"
1854,"заинтересовани",6,"SRP"
1855,"занимљив",6,"SRP"
1856,"запосленима",6,"SRP"
1857,"заштиту",6,"SRP"
1858,"звање",6,"SRP"
1859,"зграда",6,"SRP"
1860,"зелено",6,"SRP"
1861,"ивањици",6,"SRP"
1862,"игру",6,"SRP"
1863,"идемо",6,"SRP"
1864,"иза",6,"SRP"
1865,"издање",6,"SRP"
1866,"имате",6,"SRP"
1867,"инвалидитетом",6,"SRP"
1868,"инвестиције",6,"SRP"
1869,"иностранству",6,"SRP"
1870,"историји",6,"SRP"
1871,"историчар",6,"SRP"
1872,"истраживање",6,"SRP"
1873,"јадар",6,"SRP"
1874,"јануар",6,"SRP"
1875,"јужне",6,"SRP"
1876,"кадињача",6,"SRP"
1877,"календару",6,"SRP"
1878,"канализација",6,"SRP"
1879,"канцеларија",6,"SRP"
1880,"карте",6,"SRP"
1881,"категорији",6,"SRP"
1882,"кк",6,"SRP"
1883,"колега",6,"SRP"
1884,"комисија",6,"SRP"
1885,"комшије",6,"SRP"
1886,"коначно",6,"SRP"
1887,"кориснике",6,"SRP"
1888,"крв",6,"SRP"
1889,"кристина",6,"SRP"
1890,"лазар",6,"SRP"
1891,"лекара",6,"SRP"
1892,"листи",6,"SRP"
1893,"локални",6,"SRP"
1894,"локалних",6,"SRP"
1895,"лука",6,"SRP"
1896,"максимовић",6,"SRP"
1897,"малим",6,"SRP"
1898,"малог",6,"SRP"
1899,"манојловић",6,"SRP"
1900,"мачванског",6,"SRP"
1901,"медицинске",6,"SRP"
1902,"милена",6,"SRP"
1903,"миливоје",6,"SRP"
1904,"министар",6,"SRP"
1905,"министарка",6,"SRP"
1906,"мирјана",6,"SRP"
1907,"мишљења",6,"SRP"
1908,"могући",6,"SRP"
1909,"моји",6,"SRP"
1910,"мраз",6,"SRP"
1911,"музеј",6,"SRP"
1912,"музеју",6,"SRP"
1913,"н",6,"SRP"
1914,"навео",6,"SRP"
1915,"наводе",6,"SRP"
1916,"награђени",6,"SRP"
1917,"назив",6,"SRP"
1918,"најбитније",6,"SRP"
1919,"највеће",6,"SRP"
1920,"најмање",6,"SRP"
1921,"накнаду",6,"SRP"
1922,"наставку",6,"SRP"
1923,"настављамо",6,"SRP"
1924,"наступа",6,"SRP"
1925,"науке",6,"SRP"
1926,"невреме",6,"SRP"
1927,"немогуће",6,"SRP"
1928,"новембар",6,"SRP"
1929,"новој",6,"SRP"
1930,"ноћас",6,"SRP"
1931,"ње",6,"SRP"
1932,"његовим",6,"SRP"
1933,"њеног",6,"SRP"
1934,"њим",6,"SRP"
1935,"њихову",6,"SRP"
1936,"обележава",6,"SRP"
1937,"обележили",6,"SRP"
1938,"објављена",6,"SRP"
1939,"обухвата",6,"SRP"
1940,"овакав",6,"SRP"
1941,"овогодишњег",6,"SRP"
1942,"овчар",6,"SRP"
1943,"одговара",6,"SRP"
1944,"одлучио",6,"SRP"
1945,"одређене",6,"SRP"
1946,"одређено",6,"SRP"
1947,"одржавање",6,"SRP"
1948,"одржаном",6,"SRP"
1949,"одувек",6,"SRP"
1950,"онај",6,"SRP"
1951,"опрезне",6,"SRP"
1952,"опстанак",6,"SRP"
1953,"општини",6,"SRP"
1954,"осећај",6,"SRP"
1955,"основну",6,"SRP"
1956,"остају",6,"SRP"
1957,"осталих",6,"SRP"
1958,"остварили",6,"SRP"
1959,"отварању",6,"SRP"
1960,"очувању",6,"SRP"
1961,"пацијенатa",6,"SRP"
1962,"перић",6,"SRP"
1963,"пише",6,"SRP"
1964,"пљускови",6,"SRP"
1965,"победник",6,"SRP"
1966,"повећава",6,"SRP"
1967,"површинама",6,"SRP"
1968,"подразумева",6,"SRP"
1969,"поена",6,"SRP"
1970,"показати",6,"SRP"
1971,"полазника",6,"SRP"
1972,"пољопривредног",6,"SRP"
1973,"поменути",6,"SRP"
1974,"помогли",6,"SRP"
1975,"помогне",6,"SRP"
1976,"поруку",6,"SRP"
1977,"посвећен",6,"SRP"
1978,"посвећено",6,"SRP"
1979,"посетили",6,"SRP"
1980,"последњи",6,"SRP"
1981,"постављена",6,"SRP"
1982,"постали",6,"SRP"
1983,"постао",6,"SRP"
1984,"потврдио",6,"SRP"
1985,"потребни",6,"SRP"
1986,"почели",6,"SRP"
1987,"почело",6,"SRP"
1988,"праве",6,"SRP"
1989,"празника",6,"SRP"
1990,"првака",6,"SRP"
1991,"предлог",6,"SRP"
1992,"представљена",6,"SRP"
1993,"претходне",6,"SRP"
1994,"пријатеља",6,"SRP"
1995,"пријатељи",6,"SRP"
1996,"пријатељима",6,"SRP"
1997,"примила",6,"SRP"
1998,"припадају",6,"SRP"
1999,"припало",6,"SRP"
2000,"притиском",6,"SRP"
2001,"причу",6,"SRP"
2002,"проблеме",6,"SRP"
2003,"прође",6,"SRP"
2004,"произвођачи",6,"SRP"
2005,"публике",6,"SRP"
2006,"публици",6,"SRP"
2007,"радила",6,"SRP"
2008,"радује",6,"SRP"
2009,"рат",6,"SRP"
2010,"реализација",6,"SRP"
2011,"реализацију",6,"SRP"
2012,"реда",6,"SRP"
2013,"реду",6,"SRP"
2014,"реке",6,"SRP"
2015,"релативно",6,"SRP"
2016,"респираторном",6,"SRP"
2017,"ретко",6,"SRP"
2018,"реци",6,"SRP"
2019,"роман",6,"SRP"
2020,"савез",6,"SRP"
2021,"савић",6,"SRP"
2022,"саговорник",6,"SRP"
2023,"саду",6,"SRP"
2024,"сајту",6,"SRP"
2025,"самог",6,"SRP"
2026,"саопштењу",6,"SRP"
2027,"сарадња",6,"SRP"
2028,"сва",6,"SRP"
2029,"свакодневно",6,"SRP"
2030,"свете",6,"SRP"
2031,"североисточни",6,"SRP"
2032,"сина",6,"SRP"
2033,"скретању",6,"SRP"
2034,"скуп",6,"SRP"
2035,"славе",6,"SRP"
2036,"слику",6,"SRP"
2037,"случају",6,"SRP"
2038,"смена",6,"SRP"
2039,"средњим",6,"SRP"
2040,"средњу",6,"SRP"
2041,"среду",6,"SRP"
2042,"срећу",6,"SRP"
2043,"српско",6,"SRP"
2044,"српској",6,"SRP"
2045,"срце",6,"SRP"
2046,"стаза",6,"SRP"
2047,"стазу",6,"SRP"
2048,"становника",6,"SRP"
2049,"стари",6,"SRP"
2050,"старије",6,"SRP"
2051,"стеван",6,"SRP"
2052,"стручних",6,"SRP"
2053,"стручњаци",6,"SRP"
2054,"студије",6,"SRP"
2055,"суботе",6,"SRP"
2056,"суграђана",6,"SRP"
2057,"супруга",6,"SRP"
2058,"сусрети",6,"SRP"
2059,"таква",6,"SRP"
2060,"таквих",6,"SRP"
2061,"талас",6,"SRP"
2062,"тежак",6,"SRP"
2063,"теже",6,"SRP"
2064,"терен",6,"SRP"
2065,"терена",6,"SRP"
2066,"технолошког",6,"SRP"
2067,"тешка",6,"SRP"
2068,"тешким",6,"SRP"
2069,"титулу",6,"SRP"
2070,"тона",6,"SRP"
2071,"траже",6,"SRP"
2072,"трајати",6,"SRP"
2073,"трошкова",6,"SRP"
2074,"туризма",6,"SRP"
2075,"ћу",6,"SRP"
2076,"угља",6,"SRP"
2077,"ујутро",6,"SRP"
2078,"украјини",6,"SRP"
2079,"умерено",6,"SRP"
2080,"уместо",6,"SRP"
2081,"уметнички",6,"SRP"
2082,"уметничко",6,"SRP"
2083,"уметничког",6,"SRP"
2084,"упркос",6,"SRP"
2085,"уручена",6,"SRP"
2086,"уследила",6,"SRP"
2087,"услуге",6,"SRP"
2088,"утицати",6,"SRP"
2089,"учења",6,"SRP"
2090,"учење",6,"SRP"
2091,"учествовали",6,"SRP"
2092,"учествовао",6,"SRP"
2093,"ушли",6,"SRP"
2094,"фестивалу",6,"SRP"
2095,"филма",6,"SRP"
2096,"финале",6,"SRP"
2097,"фон",6,"SRP"
2098,"фудбалски",6,"SRP"
2099,"хране",6,"SRP"
2100,"цара",6,"SRP"
2101,"цени",6,"SRP"
2102,"циљу",6,"SRP"
2103,"цркву",6,"SRP"
2104,"чачанских",6,"SRP"
2105,"четвртом",6,"SRP"
2106,"чути",6,"SRP"
2107,"школовање",6,"SRP"
2108,"школске",6,"SRP"
2109,"школског",6,"SRP"
2110,"09",5,"SRP"
2111,"1935",5,"SRP"
2112,"1941",5,"SRP"
2113,"2015",5,"SRP"
2114,"38",5,"SRP"
2115,"600",5,"SRP"
2116,"700",5,"SRP"
2117,"82",5,"SRP"
2118,"rs",5,"SRP"
2119,"агенција",5,"SRP"
2120,"академији",5,"SRP"
2121,"активан",5,"SRP"
2122,"активисти",5,"SRP"
2123,"активност",5,"SRP"
2124,"ансамбл",5,"SRP"
2125,"април",5,"SRP"
2126,"астматичари",5,"SRP"
2127,"атмосфера",5,"SRP"
2128,"атмосферу",5,"SRP"
2129,"ауторка",5,"SRP"
2130,"безбедности",5,"SRP"
2131,"бесповратних",5,"SRP"
2132,"библиотеци",5,"SRP"
2133,"болесници",5,"SRP"
2134,"болницу",5,"SRP"
2135,"бори",5,"SRP"
2136,"бројна",5,"SRP"
2137,"бројним",5,"SRP"
2138,"важи",5,"SRP"
2139,"важност",5,"SRP"
2140,"ваздух",5,"SRP"
2141,"вакцина",5,"SRP"
2142,"ваља",5,"SRP"
2143,"ваше",5,"SRP"
2144,"век",5,"SRP"
2145,"вид",5,"SRP"
2146,"виктор",5,"SRP"
2147,"вина",5,"SRP"
2148,"високим",5,"SRP"
2149,"власник",5,"SRP"
2150,"власти",5,"SRP"
2151,"врати",5,"SRP"
2152,"вратили",5,"SRP"
2153,"вука",5,"SRP"
2154,"вуковог",5,"SRP"
2155,"горе",5,"SRP"
2156,"горњег",5,"SRP"
2157,"градац",5,"SRP"
2158,"градиште",5,"SRP"
2159,"градишту",5,"SRP"
2160,"градовима",5,"SRP"
2161,"градом",5,"SRP"
2162,"гробље",5,"SRP"
2163,"гробљу",5,"SRP"
2164,"дало",5,"SRP"
2165,"данашња",5,"SRP"
2166,"данашње",5,"SRP"
2167,"даница",5,"SRP"
2168,"дарко",5,"SRP"
2169,"дати",5,"SRP"
2170,"двадесетак",5,"SRP"
2171,"дворишту",5,"SRP"
2172,"девојчице",5,"SRP"
2173,"делима",5,"SRP"
2174,"делове",5,"SRP"
2175,"деценија",5,"SRP"
2176,"дечију",5,"SRP"
2177,"дешава",5,"SRP"
2178,"дивна",5,"SRP"
2179,"дипломе",5,"SRP"
2180,"дисциплини",5,"SRP"
2181,"доводи",5,"SRP"
2182,"додатна",5,"SRP"
2183,"доделу",5,"SRP"
2184,"додељена",5,"SRP"
2185,"дозе",5,"SRP"
2186,"доктор",5,"SRP"
2187,"домаћу",5,"SRP"
2188,"доприноси",5,"SRP"
2189,"доступна",5,"SRP"
2190,"драгачево",5,"SRP"
2191,"драгашевић",5,"SRP"
2192,"драгиша",5,"SRP"
2193,"драгослав",5,"SRP"
2194,"државне",5,"SRP"
2195,"државни",5,"SRP"
2196,"другарима",5,"SRP"
2197,"другој",5,"SRP"
2198,"дуг",5,"SRP"
2199,"дуж",5,"SRP"
2200,"дунав",5,"SRP"
2201,"ђаке",5,"SRP"
2202,"едукативне",5,"SRP"
2203,"екипи",5,"SRP"
2204,"економски",5,"SRP"
2205,"енергетске",5,"SRP"
2206,"епископа",5,"SRP"
2207,"етно",5,"SRP"
2208,"еу",5,"SRP"
2209,"женски",5,"SRP"
2210,"живановић",5,"SRP"
2211,"заборавити",5,"SRP"
2212,"зависи",5,"SRP"
2213,"зависности",5,"SRP"
2214,"заврши",5,"SRP"
2215,"задржавања",5,"SRP"
2216,"задржавање",5,"SRP"
2217,"заједничке",5,"SRP"
2218,"заједнички",5,"SRP"
2219,"заједничким",5,"SRP"
2220,"законом",5,"SRP"
2221,"заменик",5,"SRP"
2222,"заслуге",5,"SRP"
2223,"захтев",5,"SRP"
2224,"зиме",5,"SRP"
2225,"зове",5,"SRP"
2226,"зову",5,"SRP"
2227,"ивана",5,"SRP"
2228,"играју",5,"SRP"
2229,"играмо",5,"SRP"
2230,"изборе",5,"SRP"
2231,"изграђен",5,"SRP"
2232,"издваја",5,"SRP"
2233,"имале",5,"SRP"
2234,"иницијативу",5,"SRP"
2235,"институт",5,"SRP"
2236,"института",5,"SRP"
2237,"информације",5,"SRP"
2238,"истичу",5,"SRP"
2239,"истог",5,"SRP"
2240,"једним",5,"SRP"
2241,"једноставно",5,"SRP"
2242,"јесењи",5,"SRP"
2243,"јесу",5,"SRP"
2244,"јул",5,"SRP"
2245,"јунака",5,"SRP"
2246,"канализације",5,"SRP"
2247,"квалитета",5,"SRP"
2248,"кићановић",5,"SRP"
2249,"клисури",5,"SRP"
2250,"клупцима",5,"SRP"
2251,"кључ",5,"SRP"
2252,"ковиљаче",5,"SRP"
2253,"количине",5,"SRP"
2254,"количину",5,"SRP"
2255,"коло",5,"SRP"
2256,"корист",5,"SRP"
2257,"корита",5,"SRP"
2258,"короне",5,"SRP"
2259,"кошта",5,"SRP"
2260,"крајева",5,"SRP"
2261,"краљ",5,"SRP"
2262,"кренули",5,"SRP"
2263,"кров",5,"SRP"
2264,"кромпир",5,"SRP"
2265,"кругу",5,"SRP"
2266,"крупањ",5,"SRP"
2267,"културни",5,"SRP"
2268,"куп",5,"SRP"
2269,"кутије",5,"SRP"
2270,"лагано",5,"SRP"
2271,"лагатор",5,"SRP"
2272,"лагатору",5,"SRP"
2273,"лазић",5,"SRP"
2274,"лак",5,"SRP"
2275,"лиги",5,"SRP"
2276,"лицу",5,"SRP"
2277,"лично",5,"SRP"
2278,"лозничка",5,"SRP"
2279,"локалној",5,"SRP"
2280,"љубовија",5,"SRP"
2281,"мај",5,"SRP"
2282,"максимум",5,"SRP"
2283,"медији",5,"SRP"
2284,"мења",5,"SRP"
2285,"месних",5,"SRP"
2286,"меча",5,"SRP"
2287,"милана",5,"SRP"
2288,"милановић",5,"SRP"
2289,"милион",5,"SRP"
2290,"милић",5,"SRP"
2291,"милосављевић",5,"SRP"
2292,"мир",5,"SRP"
2293,"мирко",5,"SRP"
2294,"млада",5,"SRP"
2295,"младост",5,"SRP"
2296,"могло",5,"SRP"
2297,"модел",5,"SRP"
2298,"модерна",5,"SRP"
2299,"можете",5,"SRP"
2300,"мокрањац",5,"SRP"
2301,"мрежа",5,"SRP"
2302,"музику",5,"SRP"
2303,"наведено",5,"SRP"
2304,"награђена",5,"SRP"
2305,"надлежности",5,"SRP"
2306,"наизглед",5,"SRP"
2307,"најбоља",5,"SRP"
2308,"најбољем",5,"SRP"
2309,"најбољих",5,"SRP"
2310,"најважнији",5,"SRP"
2311,"најзначајнијих",5,"SRP"
2312,"најлепшу",5,"SRP"
2313,"намене",5,"SRP"
2314,"намењени",5,"SRP"
2315,"напона",5,"SRP"
2316,"направили",5,"SRP"
2317,"наслеђа",5,"SRP"
2318,"настава",5,"SRP"
2319,"наставак",5,"SRP"
2320,"наставу",5,"SRP"
2321,"научио",5,"SRP"
2322,"национална",5,"SRP"
2323,"начина",5,"SRP"
2324,"нашли",5,"SRP"
2325,"недеља",5,"SRP"
2326,"некадашњи",5,"SRP"
2327,"нестабилно",5,"SRP"
2328,"нећу",5,"SRP"
2329,"никако",5,"SRP"
2330,"ниског",5,"SRP"
2331,"новинар",5,"SRP"
2332,"новчане",5,"SRP"
2333,"његовој",5,"SRP"
2334,"њене",5,"SRP"
2335,"њивама",5,"SRP"
2336,"њихови",5,"SRP"
2337,"оба",5,"SRP"
2338,"обавезе",5,"SRP"
2339,"обзиром",5,"SRP"
2340,"обратио",5,"SRP"
2341,"обука",5,"SRP"
2342,"овакве",5,"SRP"
2343,"овогодишњем",5,"SRP"
2344,"одавно",5,"SRP"
2345,"одборника",5,"SRP"
2346,"одлуком",5,"SRP"
2347,"одлуку",5,"SRP"
2348,"односа",5,"SRP"
2349,"одржано",5,"SRP"
2350,"околности",5,"SRP"
2351,"окупљање",5,"SRP"
2352,"ом",5,"SRP"
2353,"опрему",5,"SRP"
2354,"организована",5,"SRP"
2355,"оркестар",5,"SRP"
2356,"оркестра",5,"SRP"
2357,"оснивања",5,"SRP"
2358,"оснивача",5,"SRP"
2359,"остварила",5,"SRP"
2360,"отварања",5,"SRP"
2361,"отворила",5,"SRP"
2362,"отишла",5,"SRP"
2363,"парови",5,"SRP"
2364,"пензионера",5,"SRP"
2365,"периода",5,"SRP"
2366,"песмом",5,"SRP"
2367,"петковић",5,"SRP"
2368,"петровца",5,"SRP"
2369,"плажи",5,"SRP"
2370,"планинским",5,"SRP"
2371,"површина",5,"SRP"
2372,"подриње",5,"SRP"
2373,"подручја",5,"SRP"
2374,"подршци",5,"SRP"
2375,"позитивних",5,"SRP"
2376,"позицију",5,"SRP"
2377,"познатог",5,"SRP"
2378,"позоришне",5,"SRP"
2379,"покажу",5,"SRP"
2380,"полако",5,"SRP"
2381,"полувремену",5,"SRP"
2382,"пољопривреди",5,"SRP"
2383,"понос",5,"SRP"
2384,"понош",5,"SRP"
2385,"поп",5,"SRP"
2386,"попис",5,"SRP"
2387,"породицу",5,"SRP"
2388,"портала",5,"SRP"
2389,"поручује",5,"SRP"
2390,"последице",5,"SRP"
2391,"постала",5,"SRP"
2392,"постану",5,"SRP"
2393,"посто",5,"SRP"
2394,"постоје",5,"SRP"
2395,"потврђено",5,"SRP"
2396,"потребне",5,"SRP"
2397,"похађају",5,"SRP"
2398,"почети",5,"SRP"
2399,"поштовање",5,"SRP"
2400,"правим",5,"SRP"
2401,"првенству",5,"SRP"
2402,"превише",5,"SRP"
2403,"прегледи",5,"SRP"
2404,"предност",5,"SRP"
2405,"представљање",5,"SRP"
2406,"предузетништво",5,"SRP"
2407,"предузећима",5,"SRP"
2408,"прелазима",5,"SRP"
2409,"признање",5,"SRP"
2410,"пријави",5,"SRP"
2411,"прилици",5,"SRP"
2412,"присуству",5,"SRP"
2413,"притисак",5,"SRP"
2414,"прихода",5,"SRP"
2415,"проглашен",5,"SRP"
2416,"прогнози",5,"SRP"
2417,"програме",5,"SRP"
2418,"програми",5,"SRP"
2419,"произвођача",5,"SRP"
2420,"произвођачима",5,"SRP"
2421,"пројекту",5,"SRP"
2422,"пролази",5,"SRP"
2423,"пролеће",5,"SRP"
2424,"промоцији",5,"SRP"
2425,"процеса",5,"SRP"
2426,"прошли",5,"SRP"
2427,"прошлог",5,"SRP"
2428,"путевима",5,"SRP"
2429,"р",5,"SRP"
2430,"радили",5,"SRP"
2431,"радионицу",5,"SRP"
2432,"радиће",5,"SRP"
2433,"радо",5,"SRP"
2434,"радовановић",5,"SRP"
2435,"радовима",5,"SRP"
2436,"различите",5,"SRP"
2437,"различитим",5,"SRP"
2438,"ранг",5,"SRP"
2439,"расписала",5,"SRP"
2440,"располагању",5,"SRP"
2441,"реакције",5,"SRP"
2442,"реализацији",5,"SRP"
2443,"региону",5,"SRP"
2444,"ред",5,"SRP"
2445,"редовне",5,"SRP"
2446,"редом",5,"SRP"
2447,"репрезентације",5,"SRP"
2448,"респираторним",5,"SRP"
2449,"ресторана",5,"SRP"
2450,"решавање",5,"SRP"
2451,"решења",5,"SRP"
2452,"рударства",5,"SRP"
2453,"рудић",5,"SRP"
2454,"рудника",5,"SRP"
2455,"руке",5,"SRP"
2456,"руса",5,"SRP"
2457,"сав",5,"SRP"
2458,"савременог",5,"SRP"
2459,"садржајима",5,"SRP"
2460,"саобраћајне",5,"SRP"
2461,"саопштено",5,"SRP"
2462,"сарадник",5,"SRP"
2463,"сарадње",5,"SRP"
2464,"сатима",5,"SRP"
2465,"свест",5,"SRP"
2466,"светом",5,"SRP"
2467,"свечаности",5,"SRP"
2468,"свира",5,"SRP"
2469,"седнице",5,"SRP"
2470,"сезони",5,"SRP"
2471,"сезону",5,"SRP"
2472,"село",5,"SRP"
2473,"сеоске",5,"SRP"
2474,"септембар",5,"SRP"
2475,"сестре",5,"SRP"
2476,"сећа",5,"SRP"
2477,"скупштини",5,"SRP"
2478,"слава",5,"SRP"
2479,"слободан",5,"SRP"
2480,"слободе",5,"SRP"
2481,"слога",5,"SRP"
2482,"служба",5,"SRP"
2483,"случајно",5,"SRP"
2484,"смемо",5,"SRP"
2485,"социјални",5,"SRP"
2486,"способности",5,"SRP"
2487,"спровођење",5,"SRP"
2488,"сребрну",5,"SRP"
2489,"средина",5,"SRP"
2490,"српски",5,"SRP"
2491,"стабла",5,"SRP"
2492,"сталовић",5,"SRP"
2493,"стамбене",5,"SRP"
2494,"станковић",5,"SRP"
2495,"старих",5,"SRP"
2496,"стваралаштво",5,"SRP"
2497,"стигла",5,"SRP"
2498,"струју",5,"SRP"
2499,"стручни",5,"SRP"
2500,"студија",5,"SRP"
2501,"суграђанима",5,"SRP"
2502,"судије",5,"SRP"
2503,"сунчан",5,"SRP"
2504,"схватио",5,"SRP"
2505,"сцене",5,"SRP"
2506,"такмичара",5,"SRP"
2507,"такмичари",5,"SRP"
2508,"таленат",5,"SRP"
2509,"тегобама",5,"SRP"
2510,"територије",5,"SRP"
2511,"тестирано",5,"SRP"
2512,"техника",5,"SRP"
2513,"техничар",5,"SRP"
2514,"тешких",5,"SRP"
2515,"ток",5,"SRP"
2516,"традиционални",5,"SRP"
2517,"трећег",5,"SRP"
2518,"трећи",5,"SRP"
2519,"трубача",5,"SRP"
2520,"ћете",5,"SRP"
2521,"уговора",5,"SRP"
2522,"узорака",5,"SRP"
2523,"уједно",5,"SRP"
2524,"указује",5,"SRP"
2525,"уметник",5,"SRP"
2526,"уметници",5,"SRP"
2527,"уназад",5,"SRP"
2528,"унапређење",5,"SRP"
2529,"уобичајене",5,"SRP"
2530,"уочи",5,"SRP"
2531,"управа",5,"SRP"
2532,"управног",5,"SRP"
2533,"урадимо",5,"SRP"
2534,"усвојен",5,"SRP"
2535,"услед",5,"SRP"
2536,"успела",5,"SRP"
2537,"успешну",5,"SRP"
2538,"утицај",5,"SRP"
2539,"учесницима",5,"SRP"
2540,"учинио",5,"SRP"
2541,"фебруара",5,"SRP"
2542,"физичке",5,"SRP"
2543,"француске",5,"SRP"
2544,"фудбал",5,"SRP"
2545,"фудбалу",5,"SRP"
2546,"хидрометеоролошког",5,"SRP"
2547,"хиљаде",5,"SRP"
2548,"христос",5,"SRP"
2549,"целог",5,"SRP"
2550,"целу",5,"SRP"
2551,"цену",5,"SRP"
2552,"циљем",5,"SRP"
2553,"црне",5,"SRP"
2554,"чачани",5,"SRP"
2555,"чачанској",5,"SRP"
2556,"чим",5,"SRP"
2557,"чин",5,"SRP"
2558,"читаве",5,"SRP"
2559,"читаоцима",5,"SRP"
2560,"чланица",5,"SRP"
2561,"шећера",5,"SRP"
2562,"шири",5,"SRP"
2563,"широм",5,"SRP"
2564,"школских",5,"SRP"
2565,"шуме",5,"SRP"
2566,"032",4,"SRP"
2567,"08",4,"SRP"
2568,"1939",4,"SRP"
2569,"1945",4,"SRP"
2570,"1949",4,"SRP"
2571,"1956",4,"SRP"
2572,"1979",4,"SRP"
2573,"2005",4,"SRP"
2574,"2009",4,"SRP"
2575,"2010",4,"SRP"
2576,"2014",4,"SRP"
2577,"2016",4,"SRP"
2578,"2023",4,"SRP"
2579,"250",4,"SRP"
2580,"37",4,"SRP"
2581,"39",4,"SRP"
2582,"51",4,"SRP"
2583,"59",4,"SRP"
2584,"61",4,"SRP"
2585,"65",4,"SRP"
2586,"68",4,"SRP"
2587,"69",4,"SRP"
2588,"75",4,"SRP"
2589,"77",4,"SRP"
2590,"87",4,"SRP"
2591,"94",4,"SRP"
2592,"a",4,"SRP"
2593,"bio",4,"SRP"
2594,"da",4,"SRP"
2595,"dоbојu",4,"SRP"
2596,"i",4,"SRP"
2597,"iv",4,"SRP"
2598,"lukа",4,"SRP"
2599,"pоtvrđеnо",4,"SRP"
2600,"slučајеvа",4,"SRP"
2601,"август",4,"SRP"
2602,"албума",4,"SRP"
2603,"амбуланте",4,"SRP"
2604,"анализе",4,"SRP"
2605,"андрић",4,"SRP"
2606,"анђела",4,"SRP"
2607,"апликације",4,"SRP"
2608,"апостола",4,"SRP"
2609,"аутомобил",4,"SRP"
2610,"бази",4,"SRP"
2611,"барем",4,"SRP"
2612,"бела",4,"SRP"
2613,"беле",4,"SRP"
2614,"биран",4,"SRP"
2615,"блока",4,"SRP"
2616,"богдан",4,"SRP"
2617,"бода",4,"SRP"
2618,"бојовић",4,"SRP"
2619,"боља",4,"SRP"
2620,"боравак",4,"SRP"
2621,"борби",4,"SRP"
2622,"брига",4,"SRP"
2623,"бригу",4,"SRP"
2624,"брине",4,"SRP"
2625,"бројни",4,"SRP"
2626,"бројних",4,"SRP"
2627,"бронзану",4,"SRP"
2628,"буди",4,"SRP"
2629,"будућности",4,"SRP"
2630,"булевара",4,"SRP"
2631,"важан",4,"SRP"
2632,"валентина",4,"SRP"
2633,"вама",4,"SRP"
2634,"ванредне",4,"SRP"
2635,"ватре",4,"SRP"
2636,"ваш",4,"SRP"
2637,"вашег",4,"SRP"
2638,"везе",4,"SRP"
2639,"везује",4,"SRP"
2640,"верни",4,"SRP"
2641,"ветровито",4,"SRP"
2642,"веће",4,"SRP"
2643,"већини",4,"SRP"
2644,"већином",4,"SRP"
2645,"већих",4,"SRP"
2646,"вештина",4,"SRP"
2647,"видели",4,"SRP"
2648,"видело",4,"SRP"
2649,"висока",4,"SRP"
2650,"владислав",4,"SRP"
2651,"власништву",4,"SRP"
2652,"водовода",4,"SRP"
2653,"водопривреде",4,"SRP"
2654,"вожње",4,"SRP"
2655,"возач",4,"SRP"
2656,"возачу",4,"SRP"
2657,"возило",4,"SRP"
2658,"војводини",4,"SRP"
2659,"волела",4,"SRP"
2660,"воље",4,"SRP"
2661,"вратио",4,"SRP"
2662,"вредне",4,"SRP"
2663,"врсту",4,"SRP"
2664,"вукашиновић",4,"SRP"
2665,"глави",4,"SRP"
2666,"главна",4,"SRP"
2667,"главног",4,"SRP"
2668,"гласове",4,"SRP"
2669,"гледа",4,"SRP"
2670,"гледајући",4,"SRP"
2671,"глумачких",4,"SRP"
2672,"глумца",4,"SRP"
2673,"гнездо",4,"SRP"
2674,"говорећи",4,"SRP"
2675,"говорити",4,"SRP"
2676,"годишњи",4,"SRP"
2677,"годишњица",4,"SRP"
2678,"гори",4,"SRP"
2679,"горње",4,"SRP"
2680,"горњем",4,"SRP"
2681,"гради",4,"SRP"
2682,"граничним",4,"SRP"
2683,"грујић",4,"SRP"
2684,"гужве",4,"SRP"
2685,"гучи",4,"SRP"
2686,"давно",4,"SRP"
2687,"даљи",4,"SRP"
2688,"дану",4,"SRP"
2689,"дата",4,"SRP"
2690,"дејана",4,"SRP"
2691,"делатност",4,"SRP"
2692,"деле",4,"SRP"
2693,"делимично",4,"SRP"
2694,"деонице",4,"SRP"
2695,"десило",4,"SRP"
2696,"детаљне",4,"SRP"
2697,"децембру",4,"SRP"
2698,"дечје",4,"SRP"
2699,"дневно",4,"SRP"
2700,"добијамо",4,"SRP"
2701,"добијена",4,"SRP"
2702,"добиће",4,"SRP"
2703,"догађају",4,"SRP"
2704,"доказ",4,"SRP"
2705,"докле",4,"SRP"
2706,"долара",4,"SRP"
2707,"доласком",4,"SRP"
2708,"домаћа",4,"SRP"
2709,"донаторима",4,"SRP"
2710,"донела",4,"SRP"
2711,"донесе",4,"SRP"
2712,"донета",4,"SRP"
2713,"допринети",4,"SRP"
2714,"доситеј",4,"SRP"
2715,"достићи",4,"SRP"
2716,"драга",4,"SRP"
2717,"драмских",4,"SRP"
2718,"државној",4,"SRP"
2719,"државном",4,"SRP"
2720,"држе",4,"SRP"
2721,"дрини",4,"SRP"
2722,"дрином",4,"SRP"
2723,"другачији",4,"SRP"
2724,"дружења",4,"SRP"
2725,"друштвеним",4,"SRP"
2726,"дужи",4,"SRP"
2727,"дужности",4,"SRP"
2728,"дунава",4,"SRP"
2729,"дух",4,"SRP"
2730,"душе",4,"SRP"
2731,"ђацима",4,"SRP"
2732,"ђурђевић",4,"SRP"
2733,"ђурић",4,"SRP"
2734,"европска",4,"SRP"
2735,"европским",4,"SRP"
2736,"европско",4,"SRP"
2737,"екипом",4,"SRP"
2738,"електричну",4,"SRP"
2739,"електродистрибуције",4,"SRP"
2740,"емоција",4,"SRP"
2741,"енергетике",4,"SRP"
2742,"епидемијске",4,"SRP"
2743,"ефикасно",4,"SRP"
2744,"жао",4,"SRP"
2745,"жељу",4,"SRP"
2746,"жива",4,"SRP"
2747,"животе",4,"SRP"
2748,"животну",4,"SRP"
2749,"забележено",4,"SRP"
2750,"завод",4,"SRP"
2751,"завршава",4,"SRP"
2752,"заврше",4,"SRP"
2753,"завршено",4,"SRP"
2754,"завршетку",4,"SRP"
2755,"задржати",4,"SRP"
2756,"занима",4,"SRP"
2757,"занимљива",4,"SRP"
2758,"западној",4,"SRP"
2759,"запослени",4,"SRP"
2760,"заразном",4,"SRP"
2761,"заслужује",4,"SRP"
2762,"заслужују",4,"SRP"
2763,"заузео",4,"SRP"
2764,"захвалан",4,"SRP"
2765,"захвалнице",4,"SRP"
2766,"захтеве",4,"SRP"
2767,"збирке",4,"SRP"
2768,"звао",4,"SRP"
2769,"звук",4,"SRP"
2770,"земљама",4,"SRP"
2771,"зима",4,"SRP"
2772,"злато",4,"SRP"
2773,"ивањички",4,"SRP"
2774,"играла",4,"SRP"
2775,"играма",4,"SRP"
2776,"играчима",4,"SRP"
2777,"идеје",4,"SRP"
2778,"изабран",4,"SRP"
2779,"изазвати",4,"SRP"
2780,"избијања",4,"SRP"
2781,"изведена",4,"SRP"
2782,"извесно",4,"SRP"
2783,"извод",4,"SRP"
2784,"изводе",4,"SRP"
2785,"извора",4,"SRP"
2786,"изглед",4,"SRP"
2787,"изградње",4,"SRP"
2788,"изгубио",4,"SRP"
2789,"издању",4,"SRP"
2790,"изради",4,"SRP"
2791,"изражавања",4,"SRP"
2792,"икада",4,"SRP"
2793,"илија",4,"SRP"
2794,"имаћемо",4,"SRP"
2795,"индекс",4,"SRP"
2796,"интернет",4,"SRP"
2797,"информација",4,"SRP"
2798,"информационе",4,"SRP"
2799,"информисања",4,"SRP"
2800,"иста",4,"SRP"
2801,"ићи",4,"SRP"
2802,"ј",4,"SRP"
2803,"јавна",4,"SRP"
2804,"јавне",4,"SRP"
2805,"јаја",4,"SRP"
2806,"јевтовић",4,"SRP"
2807,"једе",4,"SRP"
2808,"језеру",4,"SRP"
2809,"језиком",4,"SRP"
2810,"језику",4,"SRP"
2811,"југоистоку",4,"SRP"
2812,"јунацима",4,"SRP"
2813,"каблара",4,"SRP"
2814,"кабларској",4,"SRP"
2815,"кажем",4,"SRP"
2816,"какве",4,"SRP"
2817,"кампању",4,"SRP"
2818,"канте",4,"SRP"
2819,"канцеларији",4,"SRP"
2820,"капитен",4,"SRP"
2821,"кардиоваскуларних",4,"SRP"
2822,"каријере",4,"SRP"
2823,"каријеру",4,"SRP"
2824,"категорија",4,"SRP"
2825,"квалитетни",4,"SRP"
2826,"квалитету",4,"SRP"
2827,"килограма",4,"SRP"
2828,"ким",4,"SRP"
2829,"клубова",4,"SRP"
2830,"кнез",4,"SRP"
2831,"кнеза",4,"SRP"
2832,"ковиљачи",4,"SRP"
2833,"колики",4,"SRP"
2834,"количина",4,"SRP"
2835,"колу",4,"SRP"
2836,"комад",4,"SRP"
2837,"командант",4,"SRP"
2838,"комплетна",4,"SRP"
2839,"композитора",4,"SRP"
2840,"комуналног",4,"SRP"
2841,"конкурсу",4,"SRP"
2842,"констракта",4,"SRP"
2843,"контролише",4,"SRP"
2844,"корисника",4,"SRP"
2845,"користити",4,"SRP"
2846,"користиће",4,"SRP"
2847,"коришћењу",4,"SRP"
2848,"коронавирус",4,"SRP"
2849,"кошавском",4,"SRP"
2850,"крагујевцу",4,"SRP"
2851,"крајњи",4,"SRP"
2852,"краљица",4,"SRP"
2853,"кратка",4,"SRP"
2854,"краткотрајна",4,"SRP"
2855,"краткотрајном",4,"SRP"
2856,"креативност",4,"SRP"
2857,"кренула",4,"SRP"
2858,"круна",4,"SRP"
2859,"крупњу",4,"SRP"
2860,"куда",4,"SRP"
2861,"куповину",4,"SRP"
2862,"лазаревић",4,"SRP"
2863,"леп",4,"SRP"
2864,"лепа",4,"SRP"
2865,"лепота",4,"SRP"
2866,"лечењу",4,"SRP"
2867,"лигу",4,"SRP"
2868,"линија",4,"SRP"
2869,"листа",4,"SRP"
2870,"листе",4,"SRP"
2871,"личне",4,"SRP"
2872,"личности",4,"SRP"
2873,"лозничана",4,"SRP"
2874,"локално",4,"SRP"
2875,"локалног",4,"SRP"
2876,"локалном",4,"SRP"
2877,"лошег",4,"SRP"
2878,"лучанима",4,"SRP"
2879,"љубитељи",4,"SRP"
2880,"љубовији",4,"SRP"
2881,"мајстора",4,"SRP"
2882,"максим",4,"SRP"
2883,"максимално",4,"SRP"
2884,"мале",4,"SRP"
2885,"малине",4,"SRP"
2886,"марији",4,"SRP"
2887,"марина",4,"SRP"
2888,"март",4,"SRP"
2889,"марту",4,"SRP"
2890,"математике",4,"SRP"
2891,"матијевић",4,"SRP"
2892,"матичне",4,"SRP"
2893,"матовић",4,"SRP"
2894,"мачванском",4,"SRP"
2895,"мачке",4,"SRP"
2896,"маште",4,"SRP"
2897,"медицине",4,"SRP"
2898,"међународна",4,"SRP"
2899,"месне",4,"SRP"
2900,"метру",4,"SRP"
2901,"мечу",4,"SRP"
2902,"милановцу",4,"SRP"
2903,"милићевић",4,"SRP"
2904,"милоша",4,"SRP"
2905,"мин",4,"SRP"
2906,"министра",4,"SRP"
2907,"мира",4,"SRP"
2908,"мићић",4,"SRP"
2909,"михаило",4,"SRP"
2910,"михајловић",4,"SRP"
2911,"млави",4,"SRP"
2912,"младим",4,"SRP"
2913,"младић",4,"SRP"
2914,"младог",4,"SRP"
2915,"мобилне",4,"SRP"
2916,"могле",4,"SRP"
2917,"могућ",4,"SRP"
2918,"могућа",4,"SRP"
2919,"момци",4,"SRP"
2920,"морала",4,"SRP"
2921,"мразем",4,"SRP"
2922,"музици",4,"SRP"
2923,"музичара",4,"SRP"
2924,"муп",4,"SRP"
2925,"надлежни",4,"SRP"
2926,"наду",4,"SRP"
2927,"најављују",4,"SRP"
2928,"најбољим",4,"SRP"
2929,"најважнија",4,"SRP"
2930,"највероватније",4,"SRP"
2931,"најлепше",4,"SRP"
2932,"најмлађи",4,"SRP"
2933,"најтоплији",4,"SRP"
2934,"намењене",4,"SRP"
2935,"напад",4,"SRP"
2936,"напред",4,"SRP"
2937,"наредна",4,"SRP"
2938,"народном",4,"SRP"
2939,"насеље",4,"SRP"
2940,"наставила",4,"SRP"
2941,"настављена",4,"SRP"
2942,"наставницима",4,"SRP"
2943,"настао",4,"SRP"
2944,"наступом",4,"SRP"
2945,"науче",4,"SRP"
2946,"научно",4,"SRP"
2947,"нације",4,"SRP"
2948,"национални",4,"SRP"
2949,"националног",4,"SRP"
2950,"начелник",4,"SRP"
2951,"неда",4,"SRP"
2952,"незванично",4,"SRP"
2953,"некако",4,"SRP"
2954,"неког",4,"SRP"
2955,"немају",4,"SRP"
2956,"неповољне",4,"SRP"
2957,"непогоде",4,"SRP"
2958,"нерасположене",4,"SRP"
2959,"нећемо",4,"SRP"
2960,"нивоа",4,"SRP"
2961,"нишу",4,"SRP"
2962,"но",4,"SRP"
2963,"новаковић",4,"SRP"
2964,"новине",4,"SRP"
2965,"новости",4,"SRP"
2966,"новчану",4,"SRP"
2967,"ногу",4,"SRP"
2968,"нормално",4,"SRP"
2969,"његову",4,"SRP"
2970,"њени",4,"SRP"
2971,"њеним",4,"SRP"
2972,"њеном",4,"SRP"
2973,"њиховог",4,"SRP"
2974,"њиховој",4,"SRP"
2975,"обезбедили",4,"SRP"
2976,"обичај",4,"SRP"
2977,"објаснио",4,"SRP"
2978,"областима",4,"SRP"
2979,"обнове",4,"SRP"
2980,"образовања",4,"SRP"
2981,"образовне",4,"SRP"
2982,"образовног",4,"SRP"
2983,"одакле",4,"SRP"
2984,"одборници",4,"SRP"
2985,"одвијати",4,"SRP"
2986,"одговарајуће",4,"SRP"
2987,"одговори",4,"SRP"
2988,"одељење",4,"SRP"
2989,"одигран",4,"SRP"
2990,"одиграна",4,"SRP"
2991,"одлазак",4,"SRP"
2992,"одлично",4,"SRP"
2993,"одлучила",4,"SRP"
2994,"одређени",4,"SRP"
2995,"одржани",4,"SRP"
2996,"околине",4,"SRP"
2997,"околностима",4,"SRP"
2998,"окупљања",4,"SRP"
2999,"омогућити",4,"SRP"
3000,"онлајн",4,"SRP"
3001,"онога",4,"SRP"
3002,"опасна",4,"SRP"
3003,"опасност",4,"SRP"
3004,"описује",4,"SRP"
3005,"опредељено",4,"SRP"
3006,"опрема",4,"SRP"
3007,"организовала",4,"SRP"
3008,"освежење",4,"SRP"
3009,"освојених",4,"SRP"
3010,"осете",4,"SRP"
3011,"особине",4,"SRP"
3012,"остварења",4,"SRP"
3013,"оствари",4,"SRP"
3014,"остварити",4,"SRP"
3015,"отвара",4,"SRP"
3016,"отворени",4,"SRP"
3017,"отворити",4,"SRP"
3018,"отићи",4,"SRP"
3019,"п",4,"SRP"
3020,"павла",4,"SRP"
3021,"падне",4,"SRP"
3022,"пакетића",4,"SRP"
3023,"парка",4,"SRP"
3024,"парку",4,"SRP"
3025,"партизана",4,"SRP"
3026,"партнера",4,"SRP"
3027,"певач",4,"SRP"
3028,"пејић",4,"SRP"
3029,"пензији",4,"SRP"
3030,"перо",4,"SRP"
3031,"песника",4,"SRP"
3032,"петља",4,"SRP"
3033,"пешић",4,"SRP"
3034,"пијаце",4,"SRP"
3035,"пијаци",4,"SRP"
3036,"писаца",4,"SRP"
3037,"пића",4,"SRP"
3038,"плакете",4,"SRP"
3039,"планирано",4,"SRP"
3040,"плате",4,"SRP"
3041,"платоу",4,"SRP"
3042,"плеј",4,"SRP"
3043,"плус",4,"SRP"
3044,"победила",4,"SRP"
3045,"победника",4,"SRP"
3046,"повољна",4,"SRP"
3047,"податак",4,"SRP"
3048,"података",4,"SRP"
3049,"подигао",4,"SRP"
3050,"поднета",4,"SRP"
3051,"подсећају",4,"SRP"
3052,"поезије",4,"SRP"
3053,"поетски",4,"SRP"
3054,"позивају",4,"SRP"
3055,"позицији",4,"SRP"
3056,"позната",4,"SRP"
3057,"позоришна",4,"SRP"
3058,"појединих",4,"SRP"
3059,"показала",4,"SRP"
3060,"покрета",4,"SRP"
3061,"покрету",4,"SRP"
3062,"покушају",4,"SRP"
3063,"политичари",4,"SRP"
3064,"полиције",4,"SRP"
3065,"половини",4,"SRP"
3066,"пољопривредним",4,"SRP"
3067,"пољопривредно",4,"SRP"
3068,"помогнемо",4,"SRP"
3069,"помогну",4,"SRP"
3070,"понуда",4,"SRP"
3071,"порасту",4,"SRP"
3072,"породицама",4,"SRP"
3073,"породичних",4,"SRP"
3074,"поседује",4,"SRP"
3075,"посете",4,"SRP"
3076,"послова",4,"SRP"
3077,"пословања",4,"SRP"
3078,"послове",4,"SRP"
3079,"пословних",4,"SRP"
3080,"послу",4,"SRP"
3081,"поста",4,"SRP"
3082,"поставка",4,"SRP"
3083,"постављање",4,"SRP"
3084,"постављен",4,"SRP"
3085,"постављене",4,"SRP"
3086,"постане",4,"SRP"
3087,"постигао",4,"SRP"
3088,"постигли",4,"SRP"
3089,"постојања",4,"SRP"
3090,"постројења",4,"SRP"
3091,"потврдила",4,"SRP"
3092,"потврдили",4,"SRP"
3093,"потока",4,"SRP"
3094,"потписан",4,"SRP"
3095,"почеће",4,"SRP"
3096,"почну",4,"SRP"
3097,"правилима",4,"SRP"
3098,"правилника",4,"SRP"
3099,"превоз",4,"SRP"
3100,"предаје",4,"SRP"
3101,"председница",4,"SRP"
3102,"председничким",4,"SRP"
3103,"представила",4,"SRP"
3104,"представили",4,"SRP"
3105,"представљен",4,"SRP"
3106,"представник",4,"SRP"
3107,"предстоји",4,"SRP"
3108,"предузетништва",4,"SRP"
3109,"презентације",4,"SRP"
3110,"пренесу",4,"SRP"
3111,"препарат",4,"SRP"
3112,"престонице",4,"SRP"
3113,"прећи",4,"SRP"
3114,"прешао",4,"SRP"
3115,"привредне",4,"SRP"
3116,"привредника",4,"SRP"
3117,"примењених",4,"SRP"
3118,"припала",4,"SRP"
3119,"приређује",4,"SRP"
3120,"природно",4,"SRP"
3121,"провео",4,"SRP"
3122,"провере",4,"SRP"
3123,"проглашена",4,"SRP"
3124,"продавци",4,"SRP"
3125,"продају",4,"SRP"
3126,"продукцији",4,"SRP"
3127,"производе",4,"SRP"
3128,"пројектом",4,"SRP"
3129,"пролећа",4,"SRP"
3130,"промене",4,"SRP"
3131,"променљивог",4,"SRP"
3132,"просветни",4,"SRP"
3133,"просечно",4,"SRP"
3134,"прославе",4,"SRP"
3135,"просторије",4,"SRP"
3136,"протекла",4,"SRP"
3137,"протекле",4,"SRP"
3138,"протеклог",4,"SRP"
3139,"противника",4,"SRP"
3140,"професори",4,"SRP"
3141,"процедура",4,"SRP"
3142,"прошлости",4,"SRP"
3143,"пружа",4,"SRP"
3144,"пружи",4,"SRP"
3145,"псе",4,"SRP"
3146,"публиком",4,"SRP"
3147,"пуна",4,"SRP"
3148,"пчелица",4,"SRP"
3149,"радна",4,"SRP"
3150,"радни",4,"SRP"
3151,"радничког",4,"SRP"
3152,"радости",4,"SRP"
3153,"разведравање",4,"SRP"
3154,"разлика",4,"SRP"
3155,"разлог",4,"SRP"
3156,"разним",4,"SRP"
3157,"разреду",4,"SRP"
3158,"разуме",4,"SRP"
3159,"разумевања",4,"SRP"
3160,"разумевање",4,"SRP"
3161,"рајичић",4,"SRP"
3162,"ракић",4,"SRP"
3163,"раме",4,"SRP"
3164,"расположења",4,"SRP"
3165,"раст",4,"SRP"
3166,"расте",4,"SRP"
3167,"расту",4,"SRP"
3168,"рашко",4,"SRP"
3169,"регионалне",4,"SRP"
3170,"резултати",4,"SRP"
3171,"реконструкција",4,"SRP"
3172,"реконструкцију",4,"SRP"
3173,"реку",4,"SRP"
3174,"речено",4,"SRP"
3175,"ризиком",4,"SRP"
3176,"риму",4,"SRP"
3177,"роде",4,"SRP"
3178,"рођендан",4,"SRP"
3179,"рођења",4,"SRP"
3180,"романа",4,"SRP"
3181,"роману",4,"SRP"
3182,"рукама",4,"SRP"
3183,"руководство",4,"SRP"
3184,"румуније",4,"SRP"
3185,"румунији",4,"SRP"
3186,"савремених",4,"SRP"
3187,"садњу",4,"SRP"
3188,"садржај",4,"SRP"
3189,"садржи",4,"SRP"
3190,"сазнаје",4,"SRP"
3191,"самим",4,"SRP"
3192,"самопоуздање",4,"SRP"
3193,"сан",4,"SRP"
3194,"саопштење",4,"SRP"
3195,"сачува",4,"SRP"
3196,"свеже",4,"SRP"
3197,"светионик",4,"SRP"
3198,"светло",4,"SRP"
3199,"светлу",4,"SRP"
3200,"свеће",4,"SRP"
3201,"својевремено",4,"SRP"
3202,"својом",4,"SRP"
3203,"седамдесетих",4,"SRP"
3204,"седмица",4,"SRP"
3205,"сестра",4,"SRP"
3206,"сећању",4,"SRP"
3207,"симбол",4,"SRP"
3208,"симић",4,"SRP"
3209,"слабом",4,"SRP"
3210,"слави",4,"SRP"
3211,"следе",4,"SRP"
3212,"слободана",4,"SRP"
3213,"служби",4,"SRP"
3214,"случај",4,"SRP"
3215,"смањује",4,"SRP"
3216,"сматрају",4,"SRP"
3217,"смену",4,"SRP"
3218,"смер",4,"SRP"
3219,"смеру",4,"SRP"
3220,"смех",4,"SRP"
3221,"снабдевању",4,"SRP"
3222,"снагу",4,"SRP"
3223,"со",4,"SRP"
3224,"сове",4,"SRP"
3225,"солидарности",4,"SRP"
3226,"сопствени",4,"SRP"
3227,"спортске",4,"SRP"
3228,"спортских",4,"SRP"
3229,"срба",4,"SRP"
3230,"сребрно",4,"SRP"
3231,"српским",4,"SRP"
3232,"срца",4,"SRP"
3233,"срчани",4,"SRP"
3234,"стазом",4,"SRP"
3235,"стан",4,"SRP"
3236,"станици",4,"SRP"
3237,"стању",4,"SRP"
3238,"старијих",4,"SRP"
3239,"старог",4,"SRP"
3240,"ствара",4,"SRP"
3241,"стварају",4,"SRP"
3242,"стварања",4,"SRP"
3243,"стварно",4,"SRP"
3244,"стевановић",4,"SRP"
3245,"стигао",4,"SRP"
3246,"стиче",4,"SRP"
3247,"страни",4,"SRP"
3248,"страницу",4,"SRP"
3249,"стратегија",4,"SRP"
3250,"страх",4,"SRP"
3251,"струци",4,"SRP"
3252,"стручне",4,"SRP"
3253,"суграђане",4,"SRP"
3254,"сусрећу",4,"SRP"
3255,"сцену",4,"SRP"
3256,"такву",4,"SRP"
3257,"таласа",4,"SRP"
3258,"танасковић",4,"SRP"
3259,"тврде",4,"SRP"
3260,"тегоба",4,"SRP"
3261,"текст",4,"SRP"
3262,"температуру",4,"SRP"
3263,"тестиране",4,"SRP"
3264,"техничког",4,"SRP"
3265,"техничкој",4,"SRP"
3266,"технологија",4,"SRP"
3267,"тешке",4,"SRP"
3268,"титуле",4,"SRP"
3269,"тогл",4,"SRP"
3270,"топлотне",4,"SRP"
3271,"традиције",4,"SRP"
3272,"традиционалне",4,"SRP"
3273,"тренинг",4,"SRP"
3274,"трећем",4,"SRP"
3275,"тридесет",4,"SRP"
3276,"трифуновић",4,"SRP"
3277,"трка",4,"SRP"
3278,"трчи",4,"SRP"
3279,"тршића",4,"SRP"
3280,"туризам",4,"SRP"
3281,"туриста",4,"SRP"
3282,"туристичком",4,"SRP"
3283,"убрзо",4,"SRP"
3284,"уговоре",4,"SRP"
3285,"удружењу",4,"SRP"
3286,"уједа",4,"SRP"
3287,"указују",4,"SRP"
3288,"укључи",4,"SRP"
3289,"укључујући",4,"SRP"
3290,"улози",4,"SRP"
3291,"уметница",4,"SRP"
3292,"уније",4,"SRP"
3293,"управи",4,"SRP"
3294,"упућен",4,"SRP"
3295,"урађен",4,"SRP"
3296,"урађено",4,"SRP"
3297,"уређење",4,"SRP"
3298,"урош",4,"SRP"
3299,"уручила",4,"SRP"
3300,"усвојили",4,"SRP"
3301,"усева",4,"SRP"
3302,"услови",4,"SRP"
3303,"услугу",4,"SRP"
3304,"успеле",4,"SRP"
3305,"успети",4,"SRP"
3306,"успеха",4,"SRP"
3307,"успехом",4,"SRP"
3308,"успешног",4,"SRP"
3309,"установи",4,"SRP"
3310,"утакмици",4,"SRP"
3311,"утичу",4,"SRP"
3312,"учесник",4,"SRP"
3313,"учеснике",4,"SRP"
3314,"учествовала",4,"SRP"
3315,"учествују",4,"SRP"
3316,"учешћа",4,"SRP"
3317,"учитељица",4,"SRP"
3318,"физике",4,"SRP"
3319,"физичког",4,"SRP"
3320,"филиповић",4,"SRP"
3321,"финалу",4,"SRP"
3322,"финансијске",4,"SRP"
3323,"финансијски",4,"SRP"
3324,"фирме",4,"SRP"
3325,"фонда",4,"SRP"
3326,"форума",4,"SRP"
3327,"функцији",4,"SRP"
3328,"функционише",4,"SRP"
3329,"хиљада",4,"SRP"
3330,"хладније",4,"SRP"
3331,"хоће",4,"SRP"
3332,"храброст",4,"SRP"
3333,"храну",4,"SRP"
3334,"христа",4,"SRP"
3335,"хроничним",4,"SRP"
3336,"хтела",4,"SRP"
3337,"хтео",4,"SRP"
3338,"хуманитарне",4,"SRP"
3339,"цела",4,"SRP"
3340,"цело",4,"SRP"
3341,"цивилне",4,"SRP"
3342,"часове",4,"SRP"
3343,"чачанску",4,"SRP"
3344,"челу",4,"SRP"
3345,"четрдесет",4,"SRP"
3346,"чије",4,"SRP"
3347,"чинимо",4,"SRP"
3348,"чињеница",4,"SRP"
3349,"чита",4,"SRP"
3350,"чишћење",4,"SRP"
3351,"чланове",4,"SRP"
3352,"члановима",4,"SRP"
3353,"човеку",4,"SRP"
3354,"чувати",4,"SRP"
3355,"чује",4,"SRP"
3356,"шампион",4,"SRP"
3357,"шампиона",4,"SRP"
3358,"шапца",4,"SRP"
3359,"шапцу",4,"SRP"
3360,"шестог",4,"SRP"
3361,"шестом",4,"SRP"
3362,"шетња",4,"SRP"
3363,"школовања",4,"SRP"
3364,"школски",4,"SRP"
3365,"школску",4,"SRP"
3366,"шљиве",4,"SRP"
3367,"штета",4,"SRP"
3368,"штете",4,"SRP"
3369,"шумама",4,"SRP"
3370,"шумарства",4,"SRP"
3371,"шумских",4,"SRP"
3372,"105",3,"SRP"
3373,"111",3,"SRP"
3374,"145",3,"SRP"
3375,"147",3,"SRP"
3376,"158",3,"SRP"
3377,"1915",3,"SRP"
3378,"1936",3,"SRP"
3379,"1940",3,"SRP"
3380,"1944",3,"SRP"
3381,"1948",3,"SRP"
3382,"1953",3,"SRP"
3383,"1961",3,"SRP"
3384,"1975",3,"SRP"
3385,"1978",3,"SRP"
3386,"1987",3,"SRP"
3387,"2004",3,"SRP"
3388,"43",3,"SRP"
3389,"44",3,"SRP"
3390,"46",3,"SRP"
3391,"47",3,"SRP"
3392,"57",3,"SRP"
3393,"62",3,"SRP"
3394,"73",3,"SRP"
3395,"763",3,"SRP"
3396,"81",3,"SRP"
3397,"coca",3,"SRP"
3398,"cola",3,"SRP"
3399,"covid",3,"SRP"
3400,"fest",3,"SRP"
3401,"grand",3,"SRP"
3402,"koji",3,"SRP"
3403,"kако",3,"SRP"
3404,"kостолац",3,"SRP"
3405,"slučajevа",3,"SRP"
3406,"systems",3,"SRP"
3407,"агенције",3,"SRP"
3408,"адамовић",3,"SRP"
3409,"адекватно",3,"SRP"
3410,"академију",3,"SRP"
3411,"активног",3,"SRP"
3412,"акценат",3,"SRP"
3413,"акцијама",3,"SRP"
3414,"алкохола",3,"SRP"
3415,"амбуланта",3,"SRP"
3416,"америци",3,"SRP"
3417,"ангажовање",3,"SRP"
3418,"ане",3,"SRP"
3419,"анимиране",3,"SRP"
3420,"апелујемо",3,"SRP"
3421,"апелују",3,"SRP"
3422,"аплаузом",3,"SRP"
3423,"апликација",3,"SRP"
3424,"арсен",3,"SRP"
3425,"астматичара",3,"SRP"
3426,"астматичарима",3,"SRP"
3427,"асфалтирање",3,"SRP"
3428,"аутобус",3,"SRP"
3429,"аутоматски",3,"SRP"
3430,"аутомобила",3,"SRP"
3431,"аца",3,"SRP"
3432,"ашанин",3,"SRP"
3433,"бавимо",3,"SRP"
3434,"базена",3,"SRP"
3435,"бајкери",3,"SRP"
3436,"балетски",3,"SRP"
3437,"бањског",3,"SRP"
3438,"бараћ",3,"SRP"
3439,"безбедно",3,"SRP"
3440,"белим",3,"SRP"
3441,"београдског",3,"SRP"
3442,"берба",3,"SRP"
3443,"бесплатно",3,"SRP"
3444,"бечу",3,"SRP"
3445,"бивше",3,"SRP"
3446,"биљака",3,"SRP"
3447,"биљке",3,"SRP"
3448,"биљни",3,"SRP"
3449,"биологије",3,"SRP"
3450,"бирача",3,"SRP"
3451,"бисте",3,"SRP"
3452,"битно",3,"SRP"
3453,"благо",3,"SRP"
3454,"ближи",3,"SRP"
3455,"близанци",3,"SRP"
3456,"блок",3,"SRP"
3457,"блокада",3,"SRP"
3458,"блокадама",3,"SRP"
3459,"блокова",3,"SRP"
3460,"бога",3,"SRP"
3461,"богатија",3,"SRP"
3462,"богатог",3,"SRP"
3463,"богатом",3,"SRP"
3464,"боже",3,"SRP"
3465,"божидар",3,"SRP"
3466,"божидара",3,"SRP"
3467,"боји",3,"SRP"
3468,"болница",3,"SRP"
3469,"бољег",3,"SRP"
3470,"бора",3,"SRP"
3471,"борба",3,"SRP"
3472,"борбе",3,"SRP"
3473,"борбено",3,"SRP"
3474,"борили",3,"SRP"
3475,"борис",3,"SRP"
3476,"бошка",3,"SRP"
3477,"бошко",3,"SRP"
3478,"бр",3,"SRP"
3479,"браво",3,"SRP"
3480,"бранислав",3,"SRP"
3481,"брано",3,"SRP"
3482,"брата",3,"SRP"
3483,"браћа",3,"SRP"
3484,"брашно",3,"SRP"
3485,"брдско",3,"SRP"
3486,"брже",3,"SRP"
3487,"бројем",3,"SRP"
3488,"бугарске",3,"SRP"
3489,"будете",3,"SRP"
3490,"будућег",3,"SRP"
3491,"важности",3,"SRP"
3492,"ваздуха",3,"SRP"
3493,"вазнесења",3,"SRP"
3494,"вакцинисан",3,"SRP"
3495,"вања",3,"SRP"
3496,"варијанта",3,"SRP"
3497,"варирајућим",3,"SRP"
3498,"вароши",3,"SRP"
3499,"васић",3,"SRP"
3500,"васпитно",3,"SRP"
3501,"везани",3,"SRP"
3502,"вези",3,"SRP"
3503,"векове",3,"SRP"
3504,"веку",3,"SRP"
3505,"венац",3,"SRP"
3506,"вентилацији",3,"SRP"
3507,"вере",3,"SRP"
3508,"верица",3,"SRP"
3509,"верници",3,"SRP"
3510,"веровао",3,"SRP"
3511,"веру",3,"SRP"
3512,"верујемо",3,"SRP"
3513,"веселиновић",3,"SRP"
3514,"весне",3,"SRP"
3515,"ветерана",3,"SRP"
3516,"ветерани",3,"SRP"
3517,"већим",3,"SRP"
3518,"већници",3,"SRP"
3519,"веша",3,"SRP"
3520,"вештине",3,"SRP"
3521,"видите",3,"SRP"
3522,"видова",3,"SRP"
3523,"видоје",3,"SRP"
3524,"визуелног",3,"SRP"
3525,"висине",3,"SRP"
3526,"високо",3,"SRP"
3527,"витез",3,"SRP"
3528,"вишеструки",3,"SRP"
3529,"владало",3,"SRP"
3530,"владу",3,"SRP"
3531,"влаха",3,"SRP"
3532,"водич",3,"SRP"
3533,"вођство",3,"SRP"
3534,"возача",3,"SRP"
3535,"возачи",3,"SRP"
3536,"војно",3,"SRP"
3537,"војној",3,"SRP"
3538,"волели",3,"SRP"
3539,"волео",3,"SRP"
3540,"волонтери",3,"SRP"
3541,"волонтерски",3,"SRP"
3542,"вољу",3,"SRP"
3543,"воћарство",3,"SRP"
3544,"воће",3,"SRP"
3545,"враћене",3,"SRP"
3546,"вредно",3,"SRP"
3547,"врелог",3,"SRP"
3548,"временима",3,"SRP"
3549,"временски",3,"SRP"
3550,"временским",3,"SRP"
3551,"временском",3,"SRP"
3552,"врење",3,"SRP"
3553,"вршњацима",3,"SRP"
3554,"вујовића",3,"SRP"
3555,"вукан",3,"SRP"
3556,"вуков",3,"SRP"
3557,"вуксановић",3,"SRP"
3558,"вучковић",3,"SRP"
3559,"гас",3,"SRP"
3560,"гдје",3,"SRP"
3561,"генерални",3,"SRP"
3562,"генерацији",3,"SRP"
3563,"гест",3,"SRP"
3564,"гимназију",3,"SRP"
3565,"главним",3,"SRP"
3566,"главну",3,"SRP"
3567,"гледалаца",3,"SRP"
3568,"глумачке",3,"SRP"
3569,"глуми",3,"SRP"
3570,"глумице",3,"SRP"
3571,"глумци",3,"SRP"
3572,"гнезди",3,"SRP"
3573,"говора",3,"SRP"
3574,"говоре",3,"SRP"
3575,"говорила",3,"SRP"
3576,"годишњем",3,"SRP"
3577,"гојковић",3,"SRP"
3578,"гола",3,"SRP"
3579,"голове",3,"SRP"
3580,"горња",3,"SRP"
3581,"господин",3,"SRP"
3582,"господине",3,"SRP"
3583,"господњег",3,"SRP"
3584,"госпођа",3,"SRP"
3585,"градива",3,"SRP"
3586,"градови",3,"SRP"
3587,"грађанин",3,"SRP"
3588,"грађевинарства",3,"SRP"
3589,"грађевински",3,"SRP"
3590,"грамофонске",3,"SRP"
3591,"гране",3,"SRP"
3592,"грлу",3,"SRP"
3593,"грмљавина",3,"SRP"
3594,"гробља",3,"SRP"
3595,"грудно",3,"SRP"
3596,"групама",3,"SRP"
3597,"групу",3,"SRP"
3598,"грчке",3,"SRP"
3599,"губи",3,"SRP"
3600,"гусле",3,"SRP"
3601,"гушевац",3,"SRP"
3602,"дабић",3,"SRP"
3603,"давали",3,"SRP"
3604,"давања",3,"SRP"
3605,"давање",3,"SRP"
3606,"давао",3,"SRP"
3607,"давнина",3,"SRP"
3608,"далеке",3,"SRP"
3609,"далеководу",3,"SRP"
3610,"дамо",3,"SRP"
3611,"дар",3,"SRP"
3612,"датум",3,"SRP"
3613,"двеста",3,"SRP"
3614,"дворишта",3,"SRP"
3615,"делта",3,"SRP"
3616,"деоница",3,"SRP"
3617,"депонија",3,"SRP"
3618,"десетине",3,"SRP"
3619,"детаљно",3,"SRP"
3620,"дечаку",3,"SRP"
3621,"дечије",3,"SRP"
3622,"дешавало",3,"SRP"
3623,"диван",3,"SRP"
3624,"дивљих",3,"SRP"
3625,"дигитално",3,"SRP"
3626,"дизајн",3,"SRP"
3627,"диктира",3,"SRP"
3628,"димитријевића",3,"SRP"
3629,"дипломирао",3,"SRP"
3630,"дис",3,"SRP"
3631,"дисовог",3,"SRP"
3632,"дневне",3,"SRP"
3633,"добијају",3,"SRP"
3634,"добије",3,"SRP"
3635,"добијено",3,"SRP"
3636,"добитница",3,"SRP"
3637,"добитници",3,"SRP"
3638,"добровољног",3,"SRP"
3639,"доброг",3,"SRP"
3640,"догађајима",3,"SRP"
3641,"догодио",3,"SRP"
3642,"дода",3,"SRP"
3643,"додатне",3,"SRP"
3644,"додатну",3,"SRP"
3645,"доделила",3,"SRP"
3646,"додељене",3,"SRP"
3647,"додељено",3,"SRP"
3648,"додељују",3,"SRP"
3649,"додуше",3,"SRP"
3650,"дођем",3,"SRP"
3651,"доживео",3,"SRP"
3652,"дози",3,"SRP"
3653,"дојке",3,"SRP"
3654,"доказује",3,"SRP"
3655,"доктора",3,"SRP"
3656,"документа",3,"SRP"
3657,"долазила",3,"SRP"
3658,"долини",3,"SRP"
3659,"домаћег",3,"SRP"
3660,"домаћем",3,"SRP"
3661,"домаћина",3,"SRP"
3662,"домаћинство",3,"SRP"
3663,"домаћинству",3,"SRP"
3664,"домаћица",3,"SRP"
3665,"донеле",3,"SRP"
3666,"донети",3,"SRP"
3667,"доношења",3,"SRP"
3668,"доњем",3,"SRP"
3669,"доњој",3,"SRP"
3670,"допада",3,"SRP"
3671,"допринесе",3,"SRP"
3672,"доприносе",3,"SRP"
3673,"досадашња",3,"SRP"
3674,"досадашњи",3,"SRP"
3675,"доситеја",3,"SRP"
3676,"дочек",3,"SRP"
3677,"дочекали",3,"SRP"
3678,"дочекује",3,"SRP"
3679,"дрва",3,"SRP"
3680,"дрвећа",3,"SRP"
3681,"дрвеће",3,"SRP"
3682,"држави",3,"SRP"
3683,"другачија",3,"SRP"
3684,"дружили",3,"SRP"
3685,"друштвене",3,"SRP"
3686,"друштвених",3,"SRP"
3687,"друштвено",3,"SRP"
3688,"дугу",3,"SRP"
3689,"дуле",3,"SRP"
3690,"дуња",3,"SRP"
3691,"духа",3,"SRP"
3692,"духовног",3,"SRP"
3693,"духу",3,"SRP"
3694,"душана",3,"SRP"
3695,"душица",3,"SRP"
3696,"душу",3,"SRP"
3697,"ђак",3,"SRP"
3698,"ђоковић",3,"SRP"
3699,"ево",3,"SRP"
3700,"ед",3,"SRP"
3701,"едукација",3,"SRP"
3702,"економиста",3,"SRP"
3703,"економске",3,"SRP"
3704,"елена",3,"SRP"
3705,"елита",3,"SRP"
3706,"емоције",3,"SRP"
3707,"енергетски",3,"SRP"
3708,"енергетску",3,"SRP"
3709,"епс",3,"SRP"
3710,"етнолог",3,"SRP"
3711,"ето",3,"SRP"
3712,"ефикасност",3,"SRP"
3713,"железничке",3,"SRP"
3714,"желела",3,"SRP"
3715,"желео",3,"SRP"
3716,"жељи",3,"SRP"
3717,"женској",3,"SRP"
3718,"живела",3,"SRP"
3719,"живим",3,"SRP"
3720,"живковић",3,"SRP"
3721,"живом",3,"SRP"
3722,"животињама",3,"SRP"
3723,"животиње",3,"SRP"
3724,"животињски",3,"SRP"
3725,"животних",3,"SRP"
3726,"животног",3,"SRP"
3727,"жирија",3,"SRP"
3728,"жита",3,"SRP"
3729,"забаве",3,"SRP"
3730,"заборавила",3,"SRP"
3731,"заборавља",3,"SRP"
3732,"забране",3,"SRP"
3733,"завршетак",3,"SRP"
3734,"завршни",3,"SRP"
3735,"задатке",3,"SRP"
3736,"задовољством",3,"SRP"
3737,"задужен",3,"SRP"
3738,"заједницу",3,"SRP"
3739,"закључак",3,"SRP"
3740,"закључио",3,"SRP"
3741,"закључује",3,"SRP"
3742,"залагањем",3,"SRP"
3743,"замена",3,"SRP"
3744,"занимања",3,"SRP"
3745,"запис",3,"SRP"
3746,"зар",3,"SRP"
3747,"зараде",3,"SRP"
3748,"заслужено",3,"SRP"
3749,"затвореног",3,"SRP"
3750,"заузима",3,"SRP"
3751,"захтевају",3,"SRP"
3752,"заштита",3,"SRP"
3753,"заштитити",3,"SRP"
3754,"заштитних",3,"SRP"
3755,"званични",3,"SRP"
3756,"звезда",3,"SRP"
3757,"згради",3,"SRP"
3758,"зграду",3,"SRP"
3759,"здравог",3,"SRP"
3760,"здравствене",3,"SRP"
3761,"здравственим",3,"SRP"
3762,"зеленим",3,"SRP"
3763,"зелених",3,"SRP"
3764,"земљиште",3,"SRP"
3765,"земун",3,"SRP"
3766,"зимски",3,"SRP"
3767,"зимску",3,"SRP"
3768,"зла",3,"SRP"
3769,"златић",3,"SRP"
3770,"знаку",3,"SRP"
3771,"знаће",3,"SRP"
3772,"значаја",3,"SRP"
3773,"значајним",3,"SRP"
3774,"значајних",3,"SRP"
3775,"значе",3,"SRP"
3776,"зоне",3,"SRP"
3777,"зони",3,"SRP"
3778,"зорица",3,"SRP"
3779,"зрачења",3,"SRP"
3780,"зуба",3,"SRP"
3781,"ивањичког",3,"SRP"
3782,"игор",3,"SRP"
3783,"играче",3,"SRP"
3784,"игрица",3,"SRP"
3785,"игром",3,"SRP"
3786,"изабрани",3,"SRP"
3787,"изабрао",3,"SRP"
3788,"изађу",3,"SRP"
3789,"изазов",3,"SRP"
3790,"изаћи",3,"SRP"
3791,"изашла",3,"SRP"
3792,"избегавати",3,"SRP"
3793,"изборна",3,"SRP"
3794,"изборној",3,"SRP"
3795,"избору",3,"SRP"
3796,"изведено",3,"SRP"
3797,"извођење",3,"SRP"
3798,"извођењу",3,"SRP"
3799,"извоз",3,"SRP"
3800,"извори",3,"SRP"
3801,"извршити",3,"SRP"
3802,"изгубљено",3,"SRP"
3803,"издавачка",3,"SRP"
3804,"издања",3,"SRP"
3805,"издвојено",3,"SRP"
3806,"изјавила",3,"SRP"
3807,"измене",3,"SRP"
3808,"измењен",3,"SRP"
3809,"израде",3,"SRP"
3810,"изразила",3,"SRP"
3811,"изузев",3,"SRP"
3812,"изузетне",3,"SRP"
3813,"иједног",3,"SRP"
3814,"имајући",3,"SRP"
3815,"имало",3,"SRP"
3816,"именом",3,"SRP"
3817,"имену",3,"SRP"
3818,"инвеститора",3,"SRP"
3819,"индустрији",3,"SRP"
3820,"иновација",3,"SRP"
3821,"иновације",3,"SRP"
3822,"иностраном",3,"SRP"
3823,"инспирација",3,"SRP"
3824,"интензивне",3,"SRP"
3825,"интервала",3,"SRP"
3826,"интервалу",3,"SRP"
3827,"интересу",3,"SRP"
3828,"интерно",3,"SRP"
3829,"инфективно",3,"SRP"
3830,"информишу",3,"SRP"
3831,"инфраструктуре",3,"SRP"
3832,"искористе",3,"SRP"
3833,"искористите",3,"SRP"
3834,"искрена",3,"SRP"
3835,"испит",3,"SRP"
3836,"испита",3,"SRP"
3837,"испитивања",3,"SRP"
3838,"исплата",3,"SRP"
3839,"испоставило",3,"SRP"
3840,"испуњен",3,"SRP"
3841,"истанбула",3,"SRP"
3842,"истом",3,"SRP"
3843,"историја",3,"SRP"
3844,"историјски",3,"SRP"
3845,"источне",3,"SRP"
3846,"исхране",3,"SRP"
3847,"исхрану",3,"SRP"
3848,"италију",3,"SRP"
3849,"јавити",3,"SRP"
3850,"јавну",3,"SRP"
3851,"јаким",3,"SRP"
3852,"јаковљевић",3,"SRP"
3853,"јануару",3,"SRP"
3854,"јањић",3,"SRP"
3855,"јевремовић",3,"SRP"
3856,"једанаест",3,"SRP"
3857,"једва",3,"SRP"
3858,"једни",3,"SRP"
3859,"јесен",3,"SRP"
3860,"јесење",3,"SRP"
3861,"јовичић",3,"SRP"
3862,"јубиларни",3,"SRP"
3863,"југословенске",3,"SRP"
3864,"јунак",3,"SRP"
3865,"јунаци",3,"SRP"
3866,"јутарњим",3,"SRP"
3867,"к",3,"SRP"
3868,"казала",3,"SRP"
3869,"какво",3,"SRP"
3870,"кампањи",3,"SRP"
3871,"капетан",3,"SRP"
3872,"карактера",3,"SRP"
3873,"кардио",3,"SRP"
3874,"карусел",3,"SRP"
3875,"кафане",3,"SRP"
3876,"кафу",3,"SRP"
3877,"квадратном",3,"SRP"
3878,"квалитетнији",3,"SRP"
3879,"квалитетно",3,"SRP"
3880,"квартал",3,"SRP"
3881,"квоте",3,"SRP"
3882,"кеју",3,"SRP"
3883,"кзм",3,"SRP"
3884,"килограм",3,"SRP"
3885,"кишобрани",3,"SRP"
3886,"кишовито",3,"SRP"
3887,"клубовима",3,"SRP"
3888,"клубу",3,"SRP"
3889,"клупе",3,"SRP"
3890,"кљун",3,"SRP"
3891,"књижевни",3,"SRP"
3892,"књижевност",3,"SRP"
3893,"књизи",3,"SRP"
3894,"коалиције",3,"SRP"
3895,"ковиљача",3,"SRP"
3896,"ког",3,"SRP"
3897,"којић",3,"SRP"
3898,"колегиница",3,"SRP"
3899,"колекцију",3,"SRP"
3900,"колика",3,"SRP"
3901,"ком",3,"SRP"
3902,"комедија",3,"SRP"
3903,"коментари",3,"SRP"
3904,"комисије",3,"SRP"
3905,"компанијама",3,"SRP"
3906,"комплекс",3,"SRP"
3907,"комплетно",3,"SRP"
3908,"комуналних",3,"SRP"
3909,"комшија",3,"SRP"
3910,"кон",3,"SRP"
3911,"конкуренција",3,"SRP"
3912,"конкурисати",3,"SRP"
3913,"контакту",3,"SRP"
3914,"контејнери",3,"SRP"
3915,"континуирано",3,"SRP"
3916,"конференција",3,"SRP"
3917,"конференције",3,"SRP"
3918,"конференцији",3,"SRP"
3919,"концерта",3,"SRP"
3920,"концерте",3,"SRP"
3921,"корак",3,"SRP"
3922,"кораци",3,"SRP"
3923,"корени",3,"SRP"
3924,"корисно",3,"SRP"
3925,"користимо",3,"SRP"
3926,"коришћења",3,"SRP"
3927,"коса",3,"SRP"
3928,"косова",3,"SRP"
3929,"коцић",3,"SRP"
3930,"кошаркаши",3,"SRP"
3931,"кошарку",3,"SRP"
3932,"кошутњак",3,"SRP"
3933,"крагујевца",3,"SRP"
3934,"краљева",3,"SRP"
3935,"краткотрајно",3,"SRP"
3936,"крвним",3,"SRP"
3937,"креативна",3,"SRP"
3938,"кредит",3,"SRP"
3939,"крене",3,"SRP"
3940,"кризе",3,"SRP"
3941,"крила",3,"SRP"
3942,"критеријумима",3,"SRP"
3943,"крсна",3,"SRP"
3944,"крстића",3,"SRP"
3945,"круга",3,"SRP"
3946,"ксенија",3,"SRP"
3947,"кувању",3,"SRP"
3948,"култури",3,"SRP"
3949,"културна",3,"SRP"
3950,"културном",3,"SRP"
3951,"кума",3,"SRP"
3952,"купа",3,"SRP"
3953,"куповине",3,"SRP"
3954,"кућне",3,"SRP"
3955,"кучева",3,"SRP"
3956,"лагана",3,"SRP"
3957,"лепом",3,"SRP"
3958,"лепоте",3,"SRP"
3959,"лепше",3,"SRP"
3960,"лет",3,"SRP"
3961,"лети",3,"SRP"
3962,"летњих",3,"SRP"
3963,"лик",3,"SRP"
3964,"ликовном",3,"SRP"
3965,"ликом",3,"SRP"
3966,"литературу",3,"SRP"
3967,"литијума",3,"SRP"
3968,"лицима",3,"SRP"
3969,"лозничкој",3,"SRP"
3970,"лоле",3,"SRP"
3971,"лопту",3,"SRP"
3972,"лоше",3,"SRP"
3973,"лукић",3,"SRP"
3974,"љубица",3,"SRP"
3975,"љубиша",3,"SRP"
3976,"магле",3,"SRP"
3977,"мајстор",3,"SRP"
3978,"мајсторе",3,"SRP"
3979,"мајсторовић",3,"SRP"
3980,"малишана",3,"SRP"
3981,"малишани",3,"SRP"
3982,"манифестацији",3,"SRP"
3983,"мапи",3,"SRP"
3984,"маратону",3,"SRP"
3985,"маријана",3,"SRP"
3986,"марјановић",3,"SRP"
3987,"марша",3,"SRP"
3988,"матић",3,"SRP"
3989,"матична",3,"SRP"
3990,"матичних",3,"SRP"
3991,"махом",3,"SRP"
3992,"маша",3,"SRP"
3993,"машину",3,"SRP"
3994,"меда",3,"SRP"
3995,"медијима",3,"SRP"
3996,"међувршје",3,"SRP"
3997,"међународне",3,"SRP"
3998,"меморијал",3,"SRP"
3999,"менаџер",3,"SRP"
4000,"месна",3,"SRP"
4001,"месо",3,"SRP"
4002,"механичкој",3,"SRP"
4003,"мешају",3,"SRP"
4004,"мештанима",3,"SRP"
4005,"мијатовић",3,"SRP"
4006,"микић",3,"SRP"
4007,"миловановић",3,"SRP"
4008,"милошеве",3,"SRP"
4009,"милунка",3,"SRP"
4010,"минус",3,"SRP"
4011,"минут",3,"SRP"
4012,"мирис",3,"SRP"
4013,"мирољуб",3,"SRP"
4014,"мисли",3,"SRP"
4015,"михољски",3,"SRP"
4016,"мишићима",3,"SRP"
4017,"мишовић",3,"SRP"
4018,"младеновић",3,"SRP"
4019,"млађих",3,"SRP"
4020,"млеко",3,"SRP"
4021,"многа",3,"SRP"
4022,"многобројне",3,"SRP"
4023,"мобилни",3,"SRP"
4024,"мог",3,"SRP"
4025,"моделу",3,"SRP"
4026,"молитву",3,"SRP"
4027,"монографију",3,"SRP"
4028,"морава",3,"SRP"
4029,"мразом",3,"SRP"
4030,"мрежама",3,"SRP"
4031,"мрежу",3,"SRP"
4032,"мрчајеваца",3,"SRP"
4033,"музичари",3,"SRP"
4034,"музичка",3,"SRP"
4035,"музички",3,"SRP"
4036,"музичко",3,"SRP"
4037,"музичког",3,"SRP"
4038,"музичку",3,"SRP"
4039,"мушке",3,"SRP"
4040,"мфл",3,"SRP"
4041,"набаве",3,"SRP"
4042,"навикли",3,"SRP"
4043,"наглашавају",3,"SRP"
4044,"наградама",3,"SRP"
4045,"надметање",3,"SRP"
4046,"надокнаду",3,"SRP"
4047,"нађа",3,"SRP"
4048,"нађу",3,"SRP"
4049,"назвали",3,"SRP"
4050,"назови",3,"SRP"
4051,"најавила",3,"SRP"
4052,"најављен",3,"SRP"
4053,"најближе",3,"SRP"
4054,"најбољима",3,"SRP"
4055,"највишем",3,"SRP"
4056,"најзад",3,"SRP"
4057,"најзначајнијим",3,"SRP"
4058,"најкасније",3,"SRP"
4059,"најлепших",3,"SRP"
4060,"најмлађе",3,"SRP"
4061,"најстаријих",3,"SRP"
4062,"намењених",3,"SRP"
4063,"намењено",3,"SRP"
4064,"намера",3,"SRP"
4065,"намеру",3,"SRP"
4066,"напада",3,"SRP"
4067,"наплатним",3,"SRP"
4068,"напоменуо",3,"SRP"
4069,"направити",3,"SRP"
4070,"напредне",3,"SRP"
4071,"напунити",3,"SRP"
4072,"наредним",3,"SRP"
4073,"наредног",3,"SRP"
4074,"наредном",3,"SRP"
4075,"народној",3,"SRP"
4076,"насељава",3,"SRP"
4077,"насељима",3,"SRP"
4078,"наслеђе",3,"SRP"
4079,"насмејана",3,"SRP"
4080,"настави",3,"SRP"
4081,"наставио",3,"SRP"
4082,"наставник",3,"SRP"
4083,"наставнике",3,"SRP"
4084,"наставница",3,"SRP"
4085,"наставничке",3,"SRP"
4086,"настаје",3,"SRP"
4087,"настанка",3,"SRP"
4088,"настојати",3,"SRP"
4089,"наступали",3,"SRP"
4090,"наступити",3,"SRP"
4091,"научила",3,"SRP"
4092,"научили",3,"SRP"
4093,"научних",3,"SRP"
4094,"небо",3,"SRP"
4095,"неге",3,"SRP"
4096,"неговала",3,"SRP"
4097,"неговановић",3,"SRP"
4098,"негује",3,"SRP"
4099,"недељом",3,"SRP"
4100,"недостају",3,"SRP"
4101,"недостатак",3,"SRP"
4102,"незапосленим",3,"SRP"
4103,"незапослених",3,"SRP"
4104,"неинвазивној",3,"SRP"
4105,"некадашње",3,"SRP"
4106,"некоме",3,"SRP"
4107,"немања",3,"SRP"
4108,"немачке",3,"SRP"
4109,"немачкој",3,"SRP"
4110,"немој",3,"SRP"
4111,"неопходна",3,"SRP"
4112,"неопходне",3,"SRP"
4113,"непокретности",3,"SRP"
4114,"неретко",3,"SRP"
4115,"неурологија",3,"SRP"
4116,"нигде",3,"SRP"
4117,"нижим",3,"SRP"
4118,"ниједну",3,"SRP"
4119,"никад",3,"SRP"
4120,"николића",3,"SRP"
4121,"никоље",3,"SRP"
4122,"никоме",3,"SRP"
4123,"ниских",3,"SRP"
4124,"нов",3,"SRP"
4125,"новак",3,"SRP"
4126,"новинара",3,"SRP"
4127,"новогодишње",3,"SRP"
4128,"новогодишњи",3,"SRP"
4129,"новозаражених",3,"SRP"
4130,"ногама",3,"SRP"
4131,"носилац",3,"SRP"
4132,"носиоци",3,"SRP"
4133,"ноћу",3,"SRP"
4134,"нтп",3,"SRP"
4135,"њеној",3,"SRP"
4136,"њену",3,"SRP"
4137,"њихових",3,"SRP"
4138,"обавештени",3,"SRP"
4139,"обавештење",3,"SRP"
4140,"обале",3,"SRP"
4141,"обезбеди",3,"SRP"
4142,"обезбедимо",3,"SRP"
4143,"обезбедио",3,"SRP"
4144,"обезбеђена",3,"SRP"
4145,"обележавају",3,"SRP"
4146,"обележен",3,"SRP"
4147,"обилних",3,"SRP"
4148,"обичаји",3,"SRP"
4149,"обичног",3,"SRP"
4150,"обишао",3,"SRP"
4151,"објавила",3,"SRP"
4152,"објављен",3,"SRP"
4153,"објеката",3,"SRP"
4154,"област",3,"SRP"
4155,"облачност",3,"SRP"
4156,"оболеле",3,"SRP"
4157,"обољењима",3,"SRP"
4158,"обрадовића",3,"SRP"
4159,"образовањем",3,"SRP"
4160,"обратити",3,"SRP"
4161,"обраћају",3,"SRP"
4162,"обуку",3,"SRP"
4163,"оваквим",3,"SRP"
4164,"огранак",3,"SRP"
4165,"огранка",3,"SRP"
4166,"огранку",3,"SRP"
4167,"одбојкашице",3,"SRP"
4168,"одбојку",3,"SRP"
4169,"одбор",3,"SRP"
4170,"одбране",3,"SRP"
4171,"одговорност",3,"SRP"
4172,"оде",3,"SRP"
4173,"одзив",3,"SRP"
4174,"одиграле",3,"SRP"
4175,"одиграо",3,"SRP"
4176,"одиграти",3,"SRP"
4177,"одмор",3,"SRP"
4178,"односи",3,"SRP"
4179,"одрасле",3,"SRP"
4180,"одређених",3,"SRP"
4181,"одржавању",3,"SRP"
4182,"одсек",3,"SRP"
4183,"озбиљан",3,"SRP"
4184,"озбиљно",3,"SRP"
4185,"околину",3,"SRP"
4186,"околних",3,"SRP"
4187,"окружења",3,"SRP"
4188,"окружењу",3,"SRP"
4189,"окупио",3,"SRP"
4190,"окупљају",3,"SRP"
4191,"окућницом",3,"SRP"
4192,"омикрон",3,"SRP"
4193,"омиљених",3,"SRP"
4194,"омиљену",3,"SRP"
4195,"омладине",3,"SRP"
4196,"омладинским",3,"SRP"
4197,"омогући",3,"SRP"
4198,"оним",3,"SRP"
4199,"ономе",3,"SRP"
4200,"ону",3,"SRP"
4201,"опремом",3,"SRP"
4202,"оптимиста",3,"SRP"
4203,"општинској",3,"SRP"
4204,"општину",3,"SRP"
4205,"општој",3,"SRP"
4206,"општу",3,"SRP"
4207,"организатор",3,"SRP"
4208,"организатора",3,"SRP"
4209,"организационог",3,"SRP"
4210,"организовали",3,"SRP"
4211,"организоване",3,"SRP"
4212,"организовао",3,"SRP"
4213,"осветљења",3,"SRP"
4214,"освојиле",3,"SRP"
4215,"осетили",3,"SRP"
4216,"осећају",3,"SRP"
4217,"ослобођења",3,"SRP"
4218,"осмех",3,"SRP"
4219,"осми",3,"SRP"
4220,"осморо",3,"SRP"
4221,"основа",3,"SRP"
4222,"оставио",3,"SRP"
4223,"остану",3,"SRP"
4224,"остао",3,"SRP"
4225,"остварених",3,"SRP"
4226,"остваривање",3,"SRP"
4227,"остварио",3,"SRP"
4228,"отварање",3,"SRP"
4229,"отворених",3,"SRP"
4230,"отворили",3,"SRP"
4231,"отишли",3,"SRP"
4232,"отпад",3,"SRP"
4233,"отпочела",3,"SRP"
4234,"оцу",3,"SRP"
4235,"очи",3,"SRP"
4236,"очигледно",3,"SRP"
4237,"очувања",3,"SRP"
4238,"падавинама",3,"SRP"
4239,"падају",3,"SRP"
4240,"пажња",3,"SRP"
4241,"пажњом",3,"SRP"
4242,"палијатива",3,"SRP"
4243,"памет",3,"SRP"
4244,"памте",3,"SRP"
4245,"парадигма",3,"SRP"
4246,"парк",3,"SRP"
4247,"паркиралиште",3,"SRP"
4248,"парламента",3,"SRP"
4249,"паузе",3,"SRP"
4250,"пацијентима",3,"SRP"
4251,"пацијенткиња",3,"SRP"
4252,"пепељуга",3,"SRP"
4253,"песма",3,"SRP"
4254,"песници",3,"SRP"
4255,"пета",3,"SRP"
4256,"петра",3,"SRP"
4257,"петровац",3,"SRP"
4258,"пецању",3,"SRP"
4259,"писања",3,"SRP"
4260,"писац",3,"SRP"
4261,"писца",3,"SRP"
4262,"пиће",3,"SRP"
4263,"плаве",3,"SRP"
4264,"плазинић",3,"SRP"
4265,"плакета",3,"SRP"
4266,"плана",3,"SRP"
4267,"планина",3,"SRP"
4268,"планира",3,"SRP"
4269,"планирамо",3,"SRP"
4270,"планирана",3,"SRP"
4271,"планова",3,"SRP"
4272,"планове",3,"SRP"
4273,"плата",3,"SRP"
4274,"платну",3,"SRP"
4275,"плаћају",3,"SRP"
4276,"плаше",3,"SRP"
4277,"пливања",3,"SRP"
4278,"плоче",3,"SRP"
4279,"пљускова",3,"SRP"
4280,"пљускове",3,"SRP"
4281,"победа",3,"SRP"
4282,"победи",3,"SRP"
4283,"победнику",3,"SRP"
4284,"победом",3,"SRP"
4285,"повели",3,"SRP"
4286,"повреда",3,"SRP"
4287,"погледу",3,"SRP"
4288,"поготову",3,"SRP"
4289,"подизања",3,"SRP"
4290,"подићи",3,"SRP"
4291,"подношење",3,"SRP"
4292,"подршком",3,"SRP"
4293,"подунавског",3,"SRP"
4294,"пожар",3,"SRP"
4295,"пожаревачког",3,"SRP"
4296,"пожеге",3,"SRP"
4297,"пожелео",3,"SRP"
4298,"позвани",3,"SRP"
4299,"поздравила",3,"SRP"
4300,"позиву",3,"SRP"
4301,"позитивни",3,"SRP"
4302,"познат",3,"SRP"
4303,"познатим",3,"SRP"
4304,"позоришних",3,"SRP"
4305,"појава",3,"SRP"
4306,"појавити",3,"SRP"
4307,"појашњава",3,"SRP"
4308,"појединцима",3,"SRP"
4309,"покаже",3,"SRP"
4310,"покажемо",3,"SRP"
4311,"показали",3,"SRP"
4312,"поклони",3,"SRP"
4313,"покренути",3,"SRP"
4314,"покрова",3,"SRP"
4315,"покровитељством",3,"SRP"
4316,"покушавају",3,"SRP"
4317,"покушати",3,"SRP"
4318,"полаже",3,"SRP"
4319,"политици",3,"SRP"
4320,"половину",3,"SRP"
4321,"положај",3,"SRP"
4322,"поље",3,"SRP"
4323,"пољопривредне",3,"SRP"
4324,"помало",3,"SRP"
4325,"помен",3,"SRP"
4326,"помоћник",3,"SRP"
4327,"понедељка",3,"SRP"
4328,"понекад",3,"SRP"
4329,"поноћи",3,"SRP"
4330,"понуде",3,"SRP"
4331,"понуду",3,"SRP"
4332,"поправи",3,"SRP"
4333,"порекло",3,"SRP"
4334,"породична",3,"SRP"
4335,"породичну",3,"SRP"
4336,"порталу",3,"SRP"
4337,"порука",3,"SRP"
4338,"поручио",3,"SRP"
4339,"посвећене",3,"SRP"
4340,"посвећену",3,"SRP"
4341,"посебна",3,"SRP"
4342,"посебним",3,"SRP"
4343,"посета",3,"SRP"
4344,"посетиоци",3,"SRP"
4345,"посетити",3,"SRP"
4346,"поскупљење",3,"SRP"
4347,"посланике",3,"SRP"
4348,"пословању",3,"SRP"
4349,"пословна",3,"SRP"
4350,"пословног",3,"SRP"
4351,"послодаваца",3,"SRP"
4352,"послодавци",3,"SRP"
4353,"послом",3,"SRP"
4354,"послују",3,"SRP"
4355,"пост",3,"SRP"
4356,"поставила",3,"SRP"
4357,"поставили",3,"SRP"
4358,"поставку",3,"SRP"
4359,"поставља",3,"SRP"
4360,"постављају",3,"SRP"
4361,"постало",3,"SRP"
4362,"постати",3,"SRP"
4363,"постепено",3,"SRP"
4364,"постигнут",3,"SRP"
4365,"постојећег",3,"SRP"
4366,"потражња",3,"SRP"
4367,"потребну",3,"SRP"
4368,"потрошњу",3,"SRP"
4369,"похађао",3,"SRP"
4370,"почаст",3,"SRP"
4371,"поштанске",3,"SRP"
4372,"поштовања",3,"SRP"
4373,"правде",3,"SRP"
4374,"правила",3,"SRP"
4375,"правилном",3,"SRP"
4376,"правом",3,"SRP"
4377,"правцу",3,"SRP"
4378,"пракса",3,"SRP"
4379,"праксе",3,"SRP"
4380,"прање",3,"SRP"
4381,"пратећим",3,"SRP"
4382,"првобитно",3,"SRP"
4383,"пребивалиште",3,"SRP"
4384,"предавања",3,"SRP"
4385,"предавање",3,"SRP"
4386,"предао",3,"SRP"
4387,"представи",3,"SRP"
4388,"представиће",3,"SRP"
4389,"представљају",3,"SRP"
4390,"представљала",3,"SRP"
4391,"представника",3,"SRP"
4392,"представницима",3,"SRP"
4393,"представу",3,"SRP"
4394,"предуслов",3,"SRP"
4395,"прекршајна",3,"SRP"
4396,"прелаза",3,"SRP"
4397,"премијерно",3,"SRP"
4398,"препознају",3,"SRP"
4399,"претходни",3,"SRP"
4400,"претходно",3,"SRP"
4401,"претходном",3,"SRP"
4402,"преузео",3,"SRP"
4403,"прешли",3,"SRP"
4404,"приведен",3,"SRP"
4405,"привредницима",3,"SRP"
4406,"придружују",3,"SRP"
4407,"пријаву",3,"SRP"
4408,"пријатељства",3,"SRP"
4409,"приказан",3,"SRP"
4410,"приколица",3,"SRP"
4411,"прикупе",3,"SRP"
4412,"прикупљено",3,"SRP"
4413,"приликама",3,"SRP"
4414,"прилично",3,"SRP"
4415,"примену",3,"SRP"
4416,"примера",3,"SRP"
4417,"принос",3,"SRP"
4418,"приредили",3,"SRP"
4419,"приређују",3,"SRP"
4420,"природни",3,"SRP"
4421,"природом",3,"SRP"
4422,"приступа",3,"SRP"
4423,"присутнима",3,"SRP"
4424,"притиска",3,"SRP"
4425,"притом",3,"SRP"
4426,"причом",3,"SRP"
4427,"проведу",3,"SRP"
4428,"провела",3,"SRP"
4429,"провера",3,"SRP"
4430,"проверу",3,"SRP"
4431,"провести",3,"SRP"
4432,"проводи",3,"SRP"
4433,"програмима",3,"SRP"
4434,"прођу",3,"SRP"
4435,"производ",3,"SRP"
4436,"производња",3,"SRP"
4437,"пројектима",3,"SRP"
4438,"пролазе",3,"SRP"
4439,"пролећног",3,"SRP"
4440,"пролећну",3,"SRP"
4441,"променити",3,"SRP"
4442,"пронашла",3,"SRP"
4443,"просветног",3,"SRP"
4444,"просеку",3,"SRP"
4445,"просторијама",3,"SRP"
4446,"протеклих",3,"SRP"
4447,"проћи",3,"SRP"
4448,"процедурама",3,"SRP"
4449,"проценат",3,"SRP"
4450,"процесу",3,"SRP"
4451,"прочитала",3,"SRP"
4452,"прошлост",3,"SRP"
4453,"пружају",3,"SRP"
4454,"пружио",3,"SRP"
4455,"пссс",3,"SRP"
4456,"публику",3,"SRP"
4457,"пун",3,"SRP"
4458,"пуне",3,"SRP"
4459,"пурић",3,"SRP"
4460,"путне",3,"SRP"
4461,"путника",3,"SRP"
4462,"пчела",3,"SRP"
4463,"радмила",3,"SRP"
4464,"радним",3,"SRP"
4465,"радном",3,"SRP"
4466,"радован",3,"SRP"
4467,"радомира",3,"SRP"
4468,"развијамо",3,"SRP"
4469,"разговора",3,"SRP"
4470,"разговору",3,"SRP"
4471,"раздражљиве",3,"SRP"
4472,"разних",3,"SRP"
4473,"разред",3,"SRP"
4474,"рака",3,"SRP"
4475,"ракије",3,"SRP"
4476,"ране",3,"SRP"
4477,"ранијих",3,"SRP"
4478,"рано",3,"SRP"
4479,"расписује",3,"SRP"
4480,"ратко",3,"SRP"
4481,"ратних",3,"SRP"
4482,"рачун",3,"SRP"
4483,"реаговале",3,"SRP"
4484,"реализована",3,"SRP"
4485,"реализовао",3,"SRP"
4486,"реализује",3,"SRP"
4487,"реалном",3,"SRP"
4488,"регата",3,"SRP"
4489,"регате",3,"SRP"
4490,"регион",3,"SRP"
4491,"регулације",3,"SRP"
4492,"редовног",3,"SRP"
4493,"редовној",3,"SRP"
4494,"редовном",3,"SRP"
4495,"режији",3,"SRP"
4496,"резултата",3,"SRP"
4497,"рекли",3,"SRP"
4498,"рекорд",3,"SRP"
4499,"ремонт",3,"SRP"
4500,"рент",3,"SRP"
4501,"републици",3,"SRP"
4502,"републичка",3,"SRP"
4503,"републичком",3,"SRP"
4504,"реуматске",3,"SRP"
4505,"рехабилитација",3,"SRP"
4506,"реченица",3,"SRP"
4507,"рибара",3,"SRP"
4508,"рибе",3,"SRP"
4509,"риђаге",3,"SRP"
4510,"ритам",3,"SRP"
4511,"роба",3,"SRP"
4512,"родитеље",3,"SRP"
4513,"родне",3,"SRP"
4514,"родно",3,"SRP"
4515,"родном",3,"SRP"
4516,"родну",3,"SRP"
4517,"рођених",3,"SRP"
4518,"рокенролу",3,"SRP"
4519,"роми",3,"SRP"
4520,"росић",3,"SRP"
4521,"рударске",3,"SRP"
4522,"руже",3,"SRP"
4523,"рука",3,"SRP"
4524,"руководилац",3,"SRP"
4525,"руку",3,"SRP"
4526,"русије",3,"SRP"
4527,"ручак",3,"SRP"
4528,"сабор",3,"SRP"
4529,"сабора",3,"SRP"
4530,"савет",3,"SRP"
4531,"саветује",3,"SRP"
4532,"сави",3,"SRP"
4533,"савремене",3,"SRP"
4534,"савремено",3,"SRP"
4535,"сагласност",3,"SRP"
4536,"саговорница",3,"SRP"
4537,"сазнали",3,"SRP"
4538,"сајма",3,"SRP"
4539,"сакара",3,"SRP"
4540,"сала",3,"SRP"
4541,"салону",3,"SRP"
4542,"самостални",3,"SRP"
4543,"самосталних",3,"SRP"
4544,"самоуправи",3,"SRP"
4545,"санација",3,"SRP"
4546,"саобраћај",3,"SRP"
4547,"саобраћајни",3,"SRP"
4548,"саобраћајница",3,"SRP"
4549,"саобраћајнице",3,"SRP"
4550,"саопштио",3,"SRP"
4551,"сараднике",3,"SRP"
4552,"сарачевић",3,"SRP"
4553,"састав",3,"SRP"
4554,"састанак",3,"SRP"
4555,"састати",3,"SRP"
4556,"свакога",3,"SRP"
4557,"свакој",3,"SRP"
4558,"свести",3,"SRP"
4559,"светлост",3,"SRP"
4560,"свето",3,"SRP"
4561,"светска",3,"SRP"
4562,"светски",3,"SRP"
4563,"светских",3,"SRP"
4564,"светско",3,"SRP"
4565,"светском",3,"SRP"
4566,"свечаној",3,"SRP"
4567,"свечаном",3,"SRP"
4568,"својеврсни",3,"SRP"
4569,"својини",3,"SRP"
4570,"сврхе",3,"SRP"
4571,"секретар",3,"SRP"
4572,"сектор",3,"SRP"
4573,"сектора",3,"SRP"
4574,"сектору",3,"SRP"
4575,"секунди",3,"SRP"
4576,"секције",3,"SRP"
4577,"селекцију",3,"SRP"
4578,"сигнализације",3,"SRP"
4579,"сигурни",3,"SRP"
4580,"сигурним",3,"SRP"
4581,"силе",3,"SRP"
4582,"симбола",3,"SRP"
4583,"симболично",3,"SRP"
4584,"синдиката",3,"SRP"
4585,"синиша",3,"SRP"
4586,"синоним",3,"SRP"
4587,"сировина",3,"SRP"
4588,"ситницама",3,"SRP"
4589,"ситуацији",3,"SRP"
4590,"ситуацију",3,"SRP"
4591,"скромне",3,"SRP"
4592,"скупа",3,"SRP"
4593,"скупштина",3,"SRP"
4594,"слабљењу",3,"SRP"
4595,"следећим",3,"SRP"
4596,"следећој",3,"SRP"
4597,"слично",3,"SRP"
4598,"слободи",3,"SRP"
4599,"слободних",3,"SRP"
4600,"словеније",3,"SRP"
4601,"служе",3,"SRP"
4602,"случајева",3,"SRP"
4603,"смак",3,"SRP"
4604,"смањио",3,"SRP"
4605,"сме",3,"SRP"
4606,"смедерева",3,"SRP"
4607,"смене",3,"SRP"
4608,"смештена",3,"SRP"
4609,"смотри",3,"SRP"
4610,"сна",3,"SRP"
4611,"снага",3,"SRP"
4612,"снагама",3,"SRP"
4613,"снега",3,"SRP"
4614,"снима",3,"SRP"
4615,"соколићима",3,"SRP"
4616,"солитарне",3,"SRP"
4617,"социјалне",3,"SRP"
4618,"социјалног",3,"SRP"
4619,"спада",3,"SRP"
4620,"спектакл",3,"SRP"
4621,"спектар",3,"SRP"
4622,"сплет",3,"SRP"
4623,"споменици",3,"SRP"
4624,"спортисти",3,"SRP"
4625,"спортова",3,"SRP"
4626,"спортској",3,"SRP"
4627,"спорту",3,"SRP"
4628,"спремао",3,"SRP"
4629,"спремни",3,"SRP"
4630,"спремно",3,"SRP"
4631,"спустити",3,"SRP"
4632,"срби",3,"SRP"
4633,"срђан",3,"SRP"
4634,"среде",3,"SRP"
4635,"средња",3,"SRP"
4636,"средњем",3,"SRP"
4637,"сретен",3,"SRP"
4638,"сретење",3,"SRP"
4639,"срећна",3,"SRP"
4640,"српску",3,"SRP"
4641,"срцу",3,"SRP"
4642,"став",3,"SRP"
4643,"стадион",3,"SRP"
4644,"стадиона",3,"SRP"
4645,"стаж",3,"SRP"
4646,"стажа",3,"SRP"
4647,"стандарда",3,"SRP"
4648,"стане",3,"SRP"
4649,"станица",3,"SRP"
4650,"станицама",3,"SRP"
4651,"становима",3,"SRP"
4652,"становници",3,"SRP"
4653,"становништво",3,"SRP"
4654,"становништву",3,"SRP"
4655,"станојевић",3,"SRP"
4656,"старијим",3,"SRP"
4657,"старим",3,"SRP"
4658,"старој",3,"SRP"
4659,"старости",3,"SRP"
4660,"старт",3,"SRP"
4661,"статистику",3,"SRP"
4662,"статус",3,"SRP"
4663,"стваралачки",3,"SRP"
4664,"стварање",3,"SRP"
4665,"стварању",3,"SRP"
4666,"створимо",3,"SRP"
4667,"створити",3,"SRP"
4668,"стекао",3,"SRP"
4669,"стекла",3,"SRP"
4670,"стекну",3,"SRP"
4671,"стефановић",3,"SRP"
4672,"стиг",3,"SRP"
4673,"стигли",3,"SRP"
4674,"стипендије",3,"SRP"
4675,"стићи",3,"SRP"
4676,"стичу",3,"SRP"
4677,"стога",3,"SRP"
4678,"стоји",3,"SRP"
4679,"стојковић",3,"SRP"
4680,"стоку",3,"SRP"
4681,"страдања",3,"SRP"
4682,"страних",3,"SRP"
4683,"странкама",3,"SRP"
4684,"страну",3,"SRP"
4685,"стручног",3,"SRP"
4686,"студент",3,"SRP"
4687,"студио",3,"SRP"
4688,"сумња",3,"SRP"
4689,"сумње",3,"SRP"
4690,"сунчани",3,"SRP"
4691,"сунчаних",3,"SRP"
4692,"сутрадан",3,"SRP"
4693,"табле",3,"SRP"
4694,"такве",3,"SRP"
4695,"такмичаре",3,"SRP"
4696,"таково",3,"SRP"
4697,"таласу",3,"SRP"
4698,"талента",3,"SRP"
4699,"таленте",3,"SRP"
4700,"талентован",3,"SRP"
4701,"тачније",3,"SRP"
4702,"тв",3,"SRP"
4703,"твој",3,"SRP"
4704,"тежи",3,"SRP"
4705,"текста",3,"SRP"
4706,"телади",3,"SRP"
4707,"телевизији",3,"SRP"
4708,"теме",3,"SRP"
4709,"теми",3,"SRP"
4710,"тениског",3,"SRP"
4711,"теодора",3,"SRP"
4712,"терапију",3,"SRP"
4713,"тераси",3,"SRP"
4714,"терзића",3,"SRP"
4715,"технике",3,"SRP"
4716,"техници",3,"SRP"
4717,"техничка",3,"SRP"
4718,"тешић",3,"SRP"
4719,"тијана",3,"SRP"
4720,"тк",3,"SRP"
4721,"тома",3,"SRP"
4722,"томислав",3,"SRP"
4723,"томић",3,"SRP"
4724,"топлији",3,"SRP"
4725,"траве",3,"SRP"
4726,"травом",3,"SRP"
4727,"традиционална",3,"SRP"
4728,"традиционалних",3,"SRP"
4729,"тражи",3,"SRP"
4730,"трајала",3,"SRP"
4731,"трајања",3,"SRP"
4732,"трају",3,"SRP"
4733,"трансфузију",3,"SRP"
4734,"трафо",3,"SRP"
4735,"трафостанице",3,"SRP"
4736,"трбушница",3,"SRP"
4737,"тренери",3,"SRP"
4738,"тренинга",3,"SRP"
4739,"тренинзима",3,"SRP"
4740,"тренира",3,"SRP"
4741,"тржишта",3,"SRP"
4742,"трибини",3,"SRP"
4743,"тркачи",3,"SRP"
4744,"трке",3,"SRP"
4745,"трубе",3,"SRP"
4746,"труд",3,"SRP"
4747,"труде",3,"SRP"
4748,"трудимо",3,"SRP"
4749,"тршић",3,"SRP"
4750,"туристи",3,"SRP"
4751,"туристички",3,"SRP"
4752,"туристичко",3,"SRP"
4753,"туристичкој",3,"SRP"
4754,"турској",3,"SRP"
4755,"ћелија",3,"SRP"
4756,"ув",3,"SRP"
4757,"уведе",3,"SRP"
4758,"увелико",3,"SRP"
4759,"угрожених",3,"SRP"
4760,"ужива",3,"SRP"
4761,"улаже",3,"SRP"
4762,"улога",3,"SRP"
4763,"уложила",3,"SRP"
4764,"уља",3,"SRP"
4765,"уље",3,"SRP"
4766,"умереним",3,"SRP"
4767,"унапређењу",3,"SRP"
4768,"уопште",3,"SRP"
4769,"упознају",3,"SRP"
4770,"упознати",3,"SRP"
4771,"упути",3,"SRP"
4772,"упутили",3,"SRP"
4773,"ураде",3,"SRP"
4774,"уради",3,"SRP"
4775,"урађене",3,"SRP"
4776,"уређаје",3,"SRP"
4777,"уређењу",3,"SRP"
4778,"уручене",3,"SRP"
4779,"уследило",3,"SRP"
4780,"успева",3,"SRP"
4781,"успехе",3,"SRP"
4782,"успешна",3,"SRP"
4783,"утврђивање",3,"SRP"
4784,"утицаја",3,"SRP"
4785,"утицало",3,"SRP"
4786,"ухватимо",3,"SRP"
4787,"уче",3,"SRP"
4788,"учествовало",3,"SRP"
4789,"учествовати",3,"SRP"
4790,"учествује",3,"SRP"
4791,"учине",3,"SRP"
4792,"учинило",3,"SRP"
4793,"учинимо",3,"SRP"
4794,"учинити",3,"SRP"
4795,"учињено",3,"SRP"
4796,"ушла",3,"SRP"
4797,"уштедети",3,"SRP"
4798,"фабрика",3,"SRP"
4799,"фази",3,"SRP"
4800,"фазу",3,"SRP"
4801,"фејсбуку",3,"SRP"
4802,"фекалних",3,"SRP"
4803,"фер",3,"SRP"
4804,"фестивалима",3,"SRP"
4805,"физички",3,"SRP"
4806,"физичку",3,"SRP"
4807,"филмског",3,"SRP"
4808,"финансија",3,"SRP"
4809,"финансира",3,"SRP"
4810,"финансирања",3,"SRP"
4811,"фирми",3,"SRP"
4812,"фирму",3,"SRP"
4813,"форме",3,"SRP"
4814,"фтн",3,"SRP"
4815,"хвала",3,"SRP"
4816,"хигијену",3,"SRP"
4817,"хотел",3,"SRP"
4818,"храм",3,"SRP"
4819,"храном",3,"SRP"
4820,"храста",3,"SRP"
4821,"цвети",3,"SRP"
4822,"цвеће",3,"SRP"
4823,"цвијић",3,"SRP"
4824,"цеви",3,"SRP"
4825,"целом",3,"SRP"
4826,"центара",3,"SRP"
4827,"црквене",3,"SRP"
4828,"црниће",3,"SRP"
4829,"црно",3,"SRP"
4830,"ч",3,"SRP"
4831,"чаролија",3,"SRP"
4832,"часописа",3,"SRP"
4833,"чачане",3,"SRP"
4834,"чачанима",3,"SRP"
4835,"чачанском",3,"SRP"
4836,"четвртог",3,"SRP"
4837,"чешке",3,"SRP"
4838,"чинио",3,"SRP"
4839,"чинити",3,"SRP"
4840,"читаву",3,"SRP"
4841,"читању",3,"SRP"
4842,"чича",3,"SRP"
4843,"чувају",3,"SRP"
4844,"чувајући",3,"SRP"
4845,"чувам",3,"SRP"
4846,"чујемо",3,"SRP"
4847,"чују",3,"SRP"
4848,"шампиони",3,"SRP"
4849,"шанса",3,"SRP"
4850,"шетње",3,"SRP"
4851,"шећер",3,"SRP"
4852,"шеф",3,"SRP"
4853,"шире",3,"SRP"
4854,"ширење",3,"SRP"
4855,"шљива",3,"SRP"
4856,"штедионице",3,"SRP"
4857,"шума",3,"SRP"
4858,"012",2,"SRP"
4859,"07",2,"SRP"
4860,"089",2,"SRP"
4861,"101",2,"SRP"
4862,"126",2,"SRP"
4863,"128",2,"SRP"
4864,"162",2,"SRP"
4865,"178",2,"SRP"
4866,"190",2,"SRP"
4867,"1917",2,"SRP"
4868,"1926",2,"SRP"
4869,"1929",2,"SRP"
4870,"1933",2,"SRP"
4871,"1942",2,"SRP"
4872,"1943",2,"SRP"
4873,"1955",2,"SRP"
4874,"1957",2,"SRP"
4875,"1962",2,"SRP"
4876,"1963",2,"SRP"
4877,"1968",2,"SRP"
4878,"1970",2,"SRP"
4879,"1980",2,"SRP"
4880,"1982",2,"SRP"
4881,"1988",2,"SRP"
4882,"1989",2,"SRP"
4883,"199",2,"SRP"
4884,"1992",2,"SRP"
4885,"1993",2,"SRP"
4886,"1998",2,"SRP"
4887,"2000",2,"SRP"
4888,"2006",2,"SRP"
4889,"2013",2,"SRP"
4890,"315",2,"SRP"
4891,"350",2,"SRP"
4892,"408",2,"SRP"
4893,"41",2,"SRP"
4894,"420",2,"SRP"
4895,"49",2,"SRP"
4896,"52",2,"SRP"
4897,"530",2,"SRP"
4898,"537",2,"SRP"
4899,"557",2,"SRP"
4900,"590",2,"SRP"
4901,"63",2,"SRP"
4902,"74",2,"SRP"
4903,"78",2,"SRP"
4904,"83",2,"SRP"
4905,"846",2,"SRP"
4906,"88",2,"SRP"
4907,"89",2,"SRP"
4908,"900",2,"SRP"
4909,"91",2,"SRP"
4910,"93",2,"SRP"
4911,"950",2,"SRP"
4912,"98",2,"SRP"
4913,"a1",2,"SRP"
4914,"a2",2,"SRP"
4915,"big",2,"SRP"
4916,"biјеljini",2,"SRP"
4917,"cm",2,"SRP"
4918,"corpore",2,"SRP"
4919,"del",2,"SRP"
4920,"ey",2,"SRP"
4921,"gotovac",2,"SRP"
4922,"gwh",2,"SRP"
4923,"in",2,"SRP"
4924,"kao",2,"SRP"
4925,"kraja",2,"SRP"
4926,"kо",2,"SRP"
4927,"kоје",2,"SRP"
4928,"kостолца",2,"SRP"
4929,"kултурно",2,"SRP"
4930,"muzej",2,"SRP"
4931,"open",2,"SRP"
4932,"oд",2,"SRP"
4933,"parka",2,"SRP"
4934,"pic",2,"SRP"
4935,"rudničko",2,"SRP"
4936,"samo",2,"SRP"
4937,"sano",2,"SRP"
4938,"serbia",2,"SRP"
4939,"shop",2,"SRP"
4940,"slučај",2,"SRP"
4941,"stand",2,"SRP"
4942,"takovskog",2,"SRP"
4943,"trophy",2,"SRP"
4944,"usaid",2,"SRP"
4945,"uzоrkа",2,"SRP"
4946,"vrаčеvi",2,"SRP"
4947,"www",2,"SRP"
4948,"wеб",2,"SRP"
4949,"za",2,"SRP"
4950,"авионом",2,"SRP"
4951,"аграрног",2,"SRP"
4952,"агро",2,"SRP"
4953,"агрономском",2,"SRP"
4954,"адаптацију",2,"SRP"
4955,"администрација",2,"SRP"
4956,"азије",2,"SRP"
4957,"азра",2,"SRP"
4958,"азрини",2,"SRP"
4959,"академија",2,"SRP"
4960,"академске",2,"SRP"
4961,"активне",2,"SRP"
4962,"активни",2,"SRP"
4963,"актуелна",2,"SRP"
4964,"аларма",2,"SRP"
4965,"аласке",2,"SRP"
4966,"алекса",2,"SRP"
4967,"алемпијевић",2,"SRP"
4968,"алемпијевића",2,"SRP"
4969,"алкохол",2,"SRP"
4970,"алу",2,"SRP"
4971,"амбалажа",2,"SRP"
4972,"амбасадор",2,"SRP"
4973,"амбијент",2,"SRP"
4974,"амбијенталне",2,"SRP"
4975,"амбијенту",2,"SRP"
4976,"амбиције",2,"SRP"
4977,"америка",2,"SRP"
4978,"америке",2,"SRP"
4979,"аметовић",2,"SRP"
4980,"амфитеатар",2,"SRP"
4981,"амфитеатру",2,"SRP"
4982,"анализа",2,"SRP"
4983,"ангажоване",2,"SRP"
4984,"ангажовано",2,"SRP"
4985,"ангажовања",2,"SRP"
4986,"анђелија",2,"SRP"
4987,"ани",2,"SRP"
4988,"анимација",2,"SRP"
4989,"анимирани",2,"SRP"
4990,"анкета",2,"SRP"
4991,"ансамбала",2,"SRP"
4992,"антитела",2,"SRP"
4993,"античке",2,"SRP"
4994,"антологије",2,"SRP"
4995,"апарат",2,"SRP"
4996,"апел",2,"SRP"
4997,"апелујем",2,"SRP"
4998,"апсолутно",2,"SRP"
4999,"арнерић",2,"SRP"
5000,"арсенијевић",2,"SRP"
5001,"асфалта",2,"SRP"
5002,"асфалтирано",2,"SRP"
5003,"атеље",2,"SRP"
5004,"атељеа",2,"SRP"
5005,"атеничка",2,"SRP"
5006,"атлетика",2,"SRP"
5007,"атлетска",2,"SRP"
5008,"атмосфери",2,"SRP"
5009,"аутори",2,"SRP"
5010,"афоризама",2,"SRP"
5011,"африке",2,"SRP"
5012,"аџић",2,"SRP"
5013,"бавила",2,"SRP"
5014,"бавити",2,"SRP"
5015,"бадњи",2,"SRP"
5016,"базару",2,"SRP"
5017,"базен",2,"SRP"
5018,"бајка",2,"SRP"
5019,"бајке",2,"SRP"
5020,"баксуз",2,"SRP"
5021,"бактерија",2,"SRP"
5022,"балкана",2,"SRP"
5023,"балканским",2,"SRP"
5024,"балон",2,"SRP"
5025,"банке",2,"SRP"
5026,"бања",2,"SRP"
5027,"бањица",2,"SRP"
5028,"баровић",2,"SRP"
5029,"бата",2,"SRP"
5030,"баца",2,"SRP"
5031,"бацају",2,"SRP"
5032,"бацила",2,"SRP"
5033,"беба",2,"SRP"
5034,"белој",2,"SRP"
5035,"белом",2,"SRP"
5036,"бељина",2,"SRP"
5037,"бељини",2,"SRP"
5038,"бенда",2,"SRP"
5039,"бензина",2,"SRP"
5040,"бео",2,"SRP"
5041,"београдом",2,"SRP"
5042,"београдски",2,"SRP"
5043,"београдској",2,"SRP"
5044,"београдском",2,"SRP"
5045,"бере",2,"SRP"
5046,"беседа",2,"SRP"
5047,"бескомпромисно",2,"SRP"
5048,"бескрајна",2,"SRP"
5049,"бескрају",2,"SRP"
5050,"бесплатан",2,"SRP"
5051,"бесплатна",2,"SRP"
5052,"бесплатни",2,"SRP"
5053,"бесплатних",2,"SRP"
5054,"бесправно",2,"SRP"
5055,"бетон",2,"SRP"
5056,"бившим",2,"SRP"
5057,"билетарници",2,"SRP"
5058,"биља",2,"SRP"
5059,"биље",2,"SRP"
5060,"биљној",2,"SRP"
5061,"бини",2,"SRP"
5062,"биоскоп",2,"SRP"
5063,"бира",2,"SRP"
5064,"бирати",2,"SRP"
5065,"битна",2,"SRP"
5066,"битољу",2,"SRP"
5067,"бића",2,"SRP"
5068,"бићете",2,"SRP"
5069,"бићима",2,"SRP"
5070,"бићу",2,"SRP"
5071,"бицикл",2,"SRP"
5072,"бицикли",2,"SRP"
5073,"бициклистичка",2,"SRP"
5074,"благојевића",2,"SRP"
5075,"благостање",2,"SRP"
5076,"ближњима",2,"SRP"
5077,"близине",2,"SRP"
5078,"блоку",2,"SRP"
5079,"бн",2,"SRP"
5080,"бобицама",2,"SRP"
5081,"богат",2,"SRP"
5082,"богатији",2,"SRP"
5083,"богату",2,"SRP"
5084,"богићевић",2,"SRP"
5085,"бод",2,"SRP"
5086,"бодибилдингу",2,"SRP"
5087,"бодовале",2,"SRP"
5088,"бодове",2,"SRP"
5089,"божићне",2,"SRP"
5090,"божји",2,"SRP"
5091,"бојана",2,"SRP"
5092,"бојић",2,"SRP"
5093,"бојом",2,"SRP"
5094,"боксер",2,"SRP"
5095,"боле",2,"SRP"
5096,"болест",2,"SRP"
5097,"бољу",2,"SRP"
5098,"бонус",2,"SRP"
5099,"бораца",2,"SRP"
5100,"босне",2,"SRP"
5101,"боце",2,"SRP"
5102,"бране",2,"SRP"
5103,"брани",2,"SRP"
5104,"бранимо",2,"SRP"
5105,"браничевска",2,"SRP"
5106,"братислав",2,"SRP"
5107,"браће",2,"SRP"
5108,"брдо",2,"SRP"
5109,"брђана",2,"SRP"
5110,"бресници",2,"SRP"
5111,"бресницу",2,"SRP"
5112,"брза",2,"SRP"
5113,"брзином",2,"SRP"
5114,"брзину",2,"SRP"
5115,"бриге",2,"SRP"
5116,"брижно",2,"SRP"
5117,"брину",2,"SRP"
5118,"брисел",2,"SRP"
5119,"брнабић",2,"SRP"
5120,"бројеви",2,"SRP"
5121,"броји",2,"SRP"
5122,"бронзана",2,"SRP"
5123,"бубњар",2,"SRP"
5124,"бугарској",2,"SRP"
5125,"бугарску",2,"SRP"
5126,"будимир",2,"SRP"
5127,"будимо",2,"SRP"
5128,"будућих",2,"SRP"
5129,"булевару",2,"SRP"
5130,"булић",2,"SRP"
5131,"бунара",2,"SRP"
5132,"буџете",2,"SRP"
5133,"буџету",2,"SRP"
5134,"бушотина",2,"SRP"
5135,"важећим",2,"SRP"
5136,"важне",2,"SRP"
5137,"важније",2,"SRP"
5138,"ваздухопловна",2,"SRP"
5139,"ваздухопловну",2,"SRP"
5140,"ваздуху",2,"SRP"
5141,"ваздушном",2,"SRP"
5142,"вакцинација",2,"SRP"
5143,"вакцинације",2,"SRP"
5144,"вакцинацију",2,"SRP"
5145,"вакцинисана",2,"SRP"
5146,"ваљда",2,"SRP"
5147,"ваљева",2,"SRP"
5148,"ваљеву",2,"SRP"
5149,"ваннаставним",2,"SRP"
5150,"василија",2,"SRP"
5151,"васкрсе",2,"SRP"
5152,"васкрсења",2,"SRP"
5153,"васкршњим",2,"SRP"
5154,"васпитања",2,"SRP"
5155,"ватру",2,"SRP"
5156,"вашар",2,"SRP"
5157,"ведро",2,"SRP"
5158,"вежбе",2,"SRP"
5159,"веза",2,"SRP"
5160,"везана",2,"SRP"
5161,"везују",2,"SRP"
5162,"величине",2,"SRP"
5163,"величини",2,"SRP"
5164,"величину",2,"SRP"
5165,"величковић",2,"SRP"
5166,"венаца",2,"SRP"
5167,"венце",2,"SRP"
5168,"вербално",2,"SRP"
5169,"верника",2,"SRP"
5170,"веровању",2,"SRP"
5171,"вести",2,"SRP"
5172,"ветром",2,"SRP"
5173,"већине",2,"SRP"
5174,"вечни",2,"SRP"
5175,"вештачке",2,"SRP"
5176,"вида",2,"SRP"
5177,"видове",2,"SRP"
5178,"видови",2,"SRP"
5179,"видојевица",2,"SRP"
5180,"виђају",2,"SRP"
5181,"виза",2,"SRP"
5182,"визија",2,"SRP"
5183,"визију",2,"SRP"
5184,"визуелни",2,"SRP"
5185,"виноград",2,"SRP"
5186,"виногради",2,"SRP"
5187,"винтер",2,"SRP"
5188,"виолине",2,"SRP"
5189,"висина",2,"SRP"
5190,"висини",2,"SRP"
5191,"висинске",2,"SRP"
5192,"висок",2,"SRP"
5193,"високом",2,"SRP"
5194,"високу",2,"SRP"
5195,"вићентијевић",2,"SRP"
5196,"вичи",2,"SRP"
5197,"вишебоја",2,"SRP"
5198,"вишегодишњег",2,"SRP"
5199,"вишеспратнице",2,"SRP"
5200,"вишим",2,"SRP"
5201,"влади",2,"SRP"
5202,"владимира",2,"SRP"
5203,"владимирцима",2,"SRP"
5204,"власника",2,"SRP"
5205,"власници",2,"SRP"
5206,"власништво",2,"SRP"
5207,"влахилор",2,"SRP"
5208,"водама",2,"SRP"
5209,"водећи",2,"SRP"
5210,"водила",2,"SRP"
5211,"водили",2,"SRP"
5212,"вођени",2,"SRP"
5213,"вођења",2,"SRP"
5214,"вожња",2,"SRP"
5215,"возаче",2,"SRP"
5216,"војка",2,"SRP"
5217,"војку",2,"SRP"
5218,"војна",2,"SRP"
5219,"војник",2,"SRP"
5220,"војника",2,"SRP"
5221,"војних",2,"SRP"
5222,"војног",2,"SRP"
5223,"војном",2,"SRP"
5224,"војо",2,"SRP"
5225,"војска",2,"SRP"
5226,"војске",2,"SRP"
5227,"волуја",2,"SRP"
5228,"воља",2,"SRP"
5229,"воћа",2,"SRP"
5230,"воћем",2,"SRP"
5231,"воћњака",2,"SRP"
5232,"врање",2,"SRP"
5233,"врате",2,"SRP"
5234,"вратима",2,"SRP"
5235,"вратити",2,"SRP"
5236,"враћају",2,"SRP"
5237,"враћен",2,"SRP"
5238,"вредног",2,"SRP"
5239,"вредну",2,"SRP"
5240,"врелом",2,"SRP"
5241,"временских",2,"SRP"
5242,"врњачкој",2,"SRP"
5243,"врстама",2,"SRP"
5244,"врућине",2,"SRP"
5245,"врха",2,"SRP"
5246,"врхова",2,"SRP"
5247,"врхунска",2,"SRP"
5248,"вршњачки",2,"SRP"
5249,"вршњачког",2,"SRP"
5250,"вукове",2,"SRP"
5251,"вуковом",2,"SRP"
5252,"вулић",2,"SRP"
5253,"вунени",2,"SRP"
5254,"вучића",2,"SRP"
5255,"вучићевић",2,"SRP"
5256,"гаје",2,"SRP"
5257,"галаксија",2,"SRP"
5258,"гаса",2,"SRP"
5259,"гашењу",2,"SRP"
5260,"гвозден",2,"SRP"
5261,"генерал",2,"SRP"
5262,"генерала",2,"SRP"
5263,"генерација",2,"SRP"
5264,"генерацијски",2,"SRP"
5265,"гимназијалци",2,"SRP"
5266,"гимнастику",2,"SRP"
5267,"гитаре",2,"SRP"
5268,"гитариста",2,"SRP"
5269,"глава",2,"SRP"
5270,"главе",2,"SRP"
5271,"главном",2,"SRP"
5272,"главом",2,"SRP"
5273,"гласање",2,"SRP"
5274,"гласи",2,"SRP"
5275,"гледалац",2,"SRP"
5276,"гледамо",2,"SRP"
5277,"глеђ",2,"SRP"
5278,"глобалном",2,"SRP"
5279,"глумаца",2,"SRP"
5280,"глумачки",2,"SRP"
5281,"глумачког",2,"SRP"
5282,"глуме",2,"SRP"
5283,"глумица",2,"SRP"
5284,"глуму",2,"SRP"
5285,"гнезда",2,"SRP"
5286,"гнездима",2,"SRP"
5287,"говорило",2,"SRP"
5288,"говориће",2,"SRP"
5289,"годишњице",2,"SRP"
5290,"гојгић",2,"SRP"
5291,"гојковића",2,"SRP"
5292,"голготи",2,"SRP"
5293,"голмани",2,"SRP"
5294,"голубац",2,"SRP"
5295,"гора",2,"SRP"
5296,"горачића",2,"SRP"
5297,"горњим",2,"SRP"
5298,"горућих",2,"SRP"
5299,"господ",2,"SRP"
5300,"господар",2,"SRP"
5301,"гост",2,"SRP"
5302,"гостовања",2,"SRP"
5303,"гостовање",2,"SRP"
5304,"готов",2,"SRP"
5305,"гоца",2,"SRP"
5306,"гошће",2,"SRP"
5307,"градили",2,"SRP"
5308,"градилишта",2,"SRP"
5309,"градимо",2,"SRP"
5310,"градња",2,"SRP"
5311,"градове",2,"SRP"
5312,"градоначелника",2,"SRP"
5313,"градским",2,"SRP"
5314,"градских",2,"SRP"
5315,"градску",2,"SRP"
5316,"грађевинског",2,"SRP"
5317,"граница",2,"SRP"
5318,"границе",2,"SRP"
5319,"граничног",2,"SRP"
5320,"грануле",2,"SRP"
5321,"граовац",2,"SRP"
5322,"грб",2,"SRP"
5323,"гргура",2,"SRP"
5324,"грејање",2,"SRP"
5325,"греје",2,"SRP"
5326,"грешака",2,"SRP"
5327,"грешка",2,"SRP"
5328,"грла",2,"SRP"
5329,"грујичић",2,"SRP"
5330,"грујовић",2,"SRP"
5331,"губитак",2,"SRP"
5332,"гужви",2,"SRP"
5333,"гуча",2,"SRP"
5334,"гучево",2,"SRP"
5335,"давалац",2,"SRP"
5336,"давалаца",2,"SRP"
5337,"давалаштва",2,"SRP"
5338,"дајући",2,"SRP"
5339,"дала",2,"SRP"
5340,"дале",2,"SRP"
5341,"далековода",2,"SRP"
5342,"даљине",2,"SRP"
5343,"даљински",2,"SRP"
5344,"даљинског",2,"SRP"
5345,"данашњег",2,"SRP"
5346,"данашњице",2,"SRP"
5347,"данашњој",2,"SRP"
5348,"даноноћно",2,"SRP"
5349,"дарија",2,"SRP"
5350,"дарка",2,"SRP"
5351,"даровитост",2,"SRP"
5352,"дато",2,"SRP"
5353,"дату",2,"SRP"
5354,"дачић",2,"SRP"
5355,"дачића",2,"SRP"
5356,"дворана",2,"SRP"
5357,"двоструки",2,"SRP"
5358,"двоточкаша",2,"SRP"
5359,"двочасовна",2,"SRP"
5360,"девете",2,"SRP"
5361,"девету",2,"SRP"
5362,"дедића",2,"SRP"
5363,"дејство",2,"SRP"
5364,"дели",2,"SRP"
5365,"делић",2,"SRP"
5366,"деловања",2,"SRP"
5367,"деловима",2,"SRP"
5368,"делом",2,"SRP"
5369,"денић",2,"SRP"
5370,"депоније",2,"SRP"
5371,"депресије",2,"SRP"
5372,"десанке",2,"SRP"
5373,"десети",2,"SRP"
5374,"десити",2,"SRP"
5375,"деспотовић",2,"SRP"
5376,"детаљније",2,"SRP"
5377,"детињство",2,"SRP"
5378,"дефиле",2,"SRP"
5379,"дефилеа",2,"SRP"
5380,"дефинитивно",2,"SRP"
5381,"децембар",2,"SRP"
5382,"децембарске",2,"SRP"
5383,"деценију",2,"SRP"
5384,"дечак",2,"SRP"
5385,"дечијег",2,"SRP"
5386,"дечији",2,"SRP"
5387,"дечјег",2,"SRP"
5388,"дечји",2,"SRP"
5389,"дечју",2,"SRP"
5390,"дечко",2,"SRP"
5391,"дешавања",2,"SRP"
5392,"дивно",2,"SRP"
5393,"дигиталне",2,"SRP"
5394,"дигиталног",2,"SRP"
5395,"дигиталном",2,"SRP"
5396,"дијалог",2,"SRP"
5397,"дијаспором",2,"SRP"
5398,"димитрија",2,"SRP"
5399,"динарској",2,"SRP"
5400,"динић",2,"SRP"
5401,"дипл",2,"SRP"
5402,"директна",2,"SRP"
5403,"директне",2,"SRP"
5404,"директорке",2,"SRP"
5405,"диригент",2,"SRP"
5406,"дириговање",2,"SRP"
5407,"дисертације",2,"SRP"
5408,"дистрибуцију",2,"SRP"
5409,"дисциплина",2,"SRP"
5410,"дмитровић",2,"SRP"
5411,"дневник",2,"SRP"
5412,"дневног",2,"SRP"
5413,"дневном",2,"SRP"
5414,"добијања",2,"SRP"
5415,"добијање",2,"SRP"
5416,"добијем",2,"SRP"
5417,"добитницима",2,"SRP"
5418,"добри",2,"SRP"
5419,"добрила",2,"SRP"
5420,"добробити",2,"SRP"
5421,"добровољаца",2,"SRP"
5422,"доброј",2,"SRP"
5423,"добу",2,"SRP"
5424,"довољан",2,"SRP"
5425,"довољне",2,"SRP"
5426,"довољни",2,"SRP"
5427,"догађа",2,"SRP"
5428,"договор",2,"SRP"
5429,"договорено",2,"SRP"
5430,"догодила",2,"SRP"
5431,"додати",2,"SRP"
5432,"додатног",2,"SRP"
5433,"додели",2,"SRP"
5434,"дођите",2,"SRP"
5435,"доживели",2,"SRP"
5436,"доживело",2,"SRP"
5437,"доживимо",2,"SRP"
5438,"доживљаја",2,"SRP"
5439,"доза",2,"SRP"
5440,"дозвола",2,"SRP"
5441,"дозволе",2,"SRP"
5442,"дозволили",2,"SRP"
5443,"дозволити",2,"SRP"
5444,"дозвољава",2,"SRP"
5445,"дозвољено",2,"SRP"
5446,"доказали",2,"SRP"
5447,"докторске",2,"SRP"
5448,"доктору",2,"SRP"
5449,"документацији",2,"SRP"
5450,"документацију",2,"SRP"
5451,"долазак",2,"SRP"
5452,"долазили",2,"SRP"
5453,"долазио",2,"SRP"
5454,"долазити",2,"SRP"
5455,"доласка",2,"SRP"
5456,"доловић",2,"SRP"
5457,"домаћини",2,"SRP"
5458,"домаћинствима",2,"SRP"
5459,"домену",2,"SRP"
5460,"домова",2,"SRP"
5461,"домове",2,"SRP"
5462,"домовима",2,"SRP"
5463,"домом",2,"SRP"
5464,"донатор",2,"SRP"
5465,"донације",2,"SRP"
5466,"донекле",2,"SRP"
5467,"донели",2,"SRP"
5468,"донесу",2,"SRP"
5469,"донет",2,"SRP"
5470,"донирали",2,"SRP"
5471,"доносила",2,"SRP"
5472,"доношењу",2,"SRP"
5473,"доње",2,"SRP"
5474,"доо",2,"SRP"
5475,"допринело",2,"SRP"
5476,"досадашње",2,"SRP"
5477,"досадашњем",2,"SRP"
5478,"досетили",2,"SRP"
5479,"доставио",2,"SRP"
5480,"достанић",2,"SRP"
5481,"доступне",2,"SRP"
5482,"дотрајали",2,"SRP"
5483,"дочекао",2,"SRP"
5484,"дочекати",2,"SRP"
5485,"драгачевски",2,"SRP"
5486,"драгачевском",2,"SRP"
5487,"драгићевић",2,"SRP"
5488,"драгог",2,"SRP"
5489,"драгутин",2,"SRP"
5490,"драма",2,"SRP"
5491,"драмићанин",2,"SRP"
5492,"драмски",2,"SRP"
5493,"дрес",2,"SRP"
5494,"државну",2,"SRP"
5495,"државу",2,"SRP"
5496,"држали",2,"SRP"
5497,"држати",2,"SRP"
5498,"држи",2,"SRP"
5499,"држимо",2,"SRP"
5500,"дрмно",2,"SRP"
5501,"дрога",2,"SRP"
5502,"другари",2,"SRP"
5503,"другарства",2,"SRP"
5504,"другима",2,"SRP"
5505,"другопласирана",2,"SRP"
5506,"другопласирани",2,"SRP"
5507,"друже",2,"SRP"
5508,"дружељубива",2,"SRP"
5509,"дружимо",2,"SRP"
5510,"друштава",2,"SRP"
5511,"друштвеног",2,"SRP"
5512,"друштвом",2,"SRP"
5513,"дубаић",2,"SRP"
5514,"дубоких",2,"SRP"
5515,"дубравка",2,"SRP"
5516,"дуга",2,"SRP"
5517,"дугог",2,"SRP"
5518,"дугогодишњи",2,"SRP"
5519,"дугосвирајуће",2,"SRP"
5520,"дуела",2,"SRP"
5521,"дужине",2,"SRP"
5522,"дужност",2,"SRP"
5523,"дунаву",2,"SRP"
5524,"духовне",2,"SRP"
5525,"духовним",2,"SRP"
5526,"души",2,"SRP"
5527,"душице",2,"SRP"
5528,"ђелкапић",2,"SRP"
5529,"ђорђа",2,"SRP"
5530,"ђубрива",2,"SRP"
5531,"ђукић",2,"SRP"
5532,"ђурђиц",2,"SRP"
5533,"ђурковић",2,"SRP"
5534,"ђуровић",2,"SRP"
5535,"евергрин",2,"SRP"
5536,"европа",2,"SRP"
5537,"европски",2,"SRP"
5538,"европских",2,"SRP"
5539,"европског",2,"SRP"
5540,"европској",2,"SRP"
5541,"егзистенција",2,"SRP"
5542,"егзитус",2,"SRP"
5543,"едиције",2,"SRP"
5544,"едицији",2,"SRP"
5545,"едукатори",2,"SRP"
5546,"едукацију",2,"SRP"
5547,"екипама",2,"SRP"
5548,"екологије",2,"SRP"
5549,"еколошка",2,"SRP"
5550,"еколошки",2,"SRP"
5551,"еколошких",2,"SRP"
5552,"еколошког",2,"SRP"
5553,"економије",2,"SRP"
5554,"економисте",2,"SRP"
5555,"експресно",2,"SRP"
5556,"електрична",2,"SRP"
5557,"електродистрибуцији",2,"SRP"
5558,"електронске",2,"SRP"
5559,"електронску",2,"SRP"
5560,"ем",2,"SRP"
5561,"емисија",2,"SRP"
5562,"емитује",2,"SRP"
5563,"емпатије",2,"SRP"
5564,"емпатију",2,"SRP"
5565,"енглеског",2,"SRP"
5566,"енергетска",2,"SRP"
5567,"енергијом",2,"SRP"
5568,"епидемиолошке",2,"SRP"
5569,"ере",2,"SRP"
5570,"еровић",2,"SRP"
5571,"ефикаснији",2,"SRP"
5572,"ефикасности",2,"SRP"
5573,"жанра",2,"SRP"
5574,"жанрова",2,"SRP"
5575,"жедан",2,"SRP"
5576,"женка",2,"SRP"
5577,"женском",2,"SRP"
5578,"женску",2,"SRP"
5579,"жив",2,"SRP"
5580,"живели",2,"SRP"
5581,"живети",2,"SRP"
5582,"живо",2,"SRP"
5583,"жижу",2,"SRP"
5584,"жито",2,"SRP"
5585,"жицу",2,"SRP"
5586,"жртва",2,"SRP"
5587,"зa",2,"SRP"
5588,"забавна",2,"SRP"
5589,"заборав",2,"SRP"
5590,"заборави",2,"SRP"
5591,"заборавите",2,"SRP"
5592,"заборављене",2,"SRP"
5593,"заборављени",2,"SRP"
5594,"забуне",2,"SRP"
5595,"заветници",2,"SRP"
5596,"завидном",2,"SRP"
5597,"зависе",2,"SRP"
5598,"зависиће",2,"SRP"
5599,"завредео",2,"SRP"
5600,"завршени",2,"SRP"
5601,"завршеног",2,"SRP"
5602,"завршимо",2,"SRP"
5603,"завршница",2,"SRP"
5604,"задњег",2,"SRP"
5605,"задовољава",2,"SRP"
5606,"задовољна",2,"SRP"
5607,"задужбина",2,"SRP"
5608,"задужбине",2,"SRP"
5609,"задуженог",2,"SRP"
5610,"заиграју",2,"SRP"
5611,"заинтересовао",2,"SRP"
5612,"заинтересује",2,"SRP"
5613,"заинтересују",2,"SRP"
5614,"заједницама",2,"SRP"
5615,"заједничког",2,"SRP"
5616,"заједничку",2,"SRP"
5617,"заказана",2,"SRP"
5618,"заказано",2,"SRP"
5619,"закуп",2,"SRP"
5620,"закупнине",2,"SRP"
5621,"закупу",2,"SRP"
5622,"залагању",2,"SRP"
5623,"замени",2,"SRP"
5624,"заменити",2,"SRP"
5625,"заменица",2,"SRP"
5626,"заменом",2,"SRP"
5627,"замењује",2,"SRP"
5628,"замисао",2,"SRP"
5629,"занимање",2,"SRP"
5630,"занимљиве",2,"SRP"
5631,"занимљиви",2,"SRP"
5632,"занимљивим",2,"SRP"
5633,"заобилазе",2,"SRP"
5634,"запад",2,"SRP"
5635,"западна",2,"SRP"
5636,"записао",2,"SRP"
5637,"записе",2,"SRP"
5638,"запослене",2,"SRP"
5639,"започео",2,"SRP"
5640,"започета",2,"SRP"
5641,"започети",2,"SRP"
5642,"започето",2,"SRP"
5643,"започне",2,"SRP"
5644,"запошљавања",2,"SRP"
5645,"запошљавању",2,"SRP"
5646,"зарада",2,"SRP"
5647,"заражених",2,"SRP"
5648,"заразе",2,"SRP"
5649,"заразне",2,"SRP"
5650,"зарић",2,"SRP"
5651,"засигурно",2,"SRP"
5652,"заслужени",2,"SRP"
5653,"заставу",2,"SRP"
5654,"заступљен",2,"SRP"
5655,"затвара",2,"SRP"
5656,"затворен",2,"SRP"
5657,"затворене",2,"SRP"
5658,"затворено",2,"SRP"
5659,"заузели",2,"SRP"
5660,"зауставе",2,"SRP"
5661,"захвалио",2,"SRP"
5662,"захвална",2,"SRP"
5663,"захвалности",2,"SRP"
5664,"захваљујемо",2,"SRP"
5665,"захваљући",2,"SRP"
5666,"захватио",2,"SRP"
5667,"захлађење",2,"SRP"
5668,"захтевало",2,"SRP"
5669,"захтеван",2,"SRP"
5670,"захтеву",2,"SRP"
5671,"зачетак",2,"SRP"
5672,"заштити",2,"SRP"
5673,"заштитила",2,"SRP"
5674,"заштитимо",2,"SRP"
5675,"званичан",2,"SRP"
5676,"звезде",2,"SRP"
5677,"звездице",2,"SRP"
5678,"здрава",2,"SRP"
5679,"здраве",2,"SRP"
5680,"здравствена",2,"SRP"
5681,"здравствених",2,"SRP"
5682,"здравствено",2,"SRP"
5683,"зелени",2,"SRP"
5684,"земљиштима",2,"SRP"
5685,"земљишту",2,"SRP"
5686,"зечевић",2,"SRP"
5687,"зид",2,"SRP"
5688,"зидовима",2,"SRP"
5689,"зими",2,"SRP"
5690,"зимској",2,"SRP"
5691,"златар",2,"SRP"
5692,"златко",2,"SRP"
5693,"златни",2,"SRP"
5694,"златом",2,"SRP"
5695,"знака",2,"SRP"
5696,"знала",2,"SRP"
5697,"знале",2,"SRP"
5698,"знањем",2,"SRP"
5699,"знате",2,"SRP"
5700,"знатно",2,"SRP"
5701,"значајна",2,"SRP"
5702,"значајне",2,"SRP"
5703,"значају",2,"SRP"
5704,"значење",2,"SRP"
5705,"значило",2,"SRP"
5706,"значити",2,"SRP"
5707,"зорана",2,"SRP"
5708,"зораном",2,"SRP"
5709,"зрелост",2,"SRP"
5710,"зрелости",2,"SRP"
5711,"ивану",2,"SRP"
5712,"ивањичке",2,"SRP"
5713,"ивањичкој",2,"SRP"
5714,"ивањичком",2,"SRP"
5715,"ивића",2,"SRP"
5716,"ивона",2,"SRP"
5717,"игњатовић",2,"SRP"
5718,"игралишта",2,"SRP"
5719,"игралиште",2,"SRP"
5720,"играње",2,"SRP"
5721,"игри",2,"SRP"
5722,"игуман",2,"SRP"
5723,"идеална",2,"SRP"
5724,"идеално",2,"SRP"
5725,"идејом",2,"SRP"
5726,"идеју",2,"SRP"
5727,"идем",2,"SRP"
5728,"иду",2,"SRP"
5729,"идуће",2,"SRP"
5730,"изађемо",2,"SRP"
5731,"изазовима",2,"SRP"
5732,"изванредне",2,"SRP"
5733,"извели",2,"SRP"
5734,"извесна",2,"SRP"
5735,"извести",2,"SRP"
5736,"изводи",2,"SRP"
5737,"изводио",2,"SRP"
5738,"извођача",2,"SRP"
5739,"извођачи",2,"SRP"
5740,"изворима",2,"SRP"
5741,"изворишта",2,"SRP"
5742,"извршног",2,"SRP"
5743,"извуку",2,"SRP"
5744,"извући",2,"SRP"
5745,"извучени",2,"SRP"
5746,"изгледати",2,"SRP"
5747,"изговорене",2,"SRP"
5748,"изградио",2,"SRP"
5749,"изградњом",2,"SRP"
5750,"изгубе",2,"SRP"
5751,"изгубили",2,"SRP"
5752,"изгубљене",2,"SRP"
5753,"изгубљени",2,"SRP"
5754,"издавач",2,"SRP"
5755,"издају",2,"SRP"
5756,"издао",2,"SRP"
5757,"издвојена",2,"SRP"
5758,"издвојили",2,"SRP"
5759,"издржи",2,"SRP"
5760,"изједначили",2,"SRP"
5761,"излазе",2,"SRP"
5762,"изласка",2,"SRP"
5763,"излет",2,"SRP"
5764,"изложен",2,"SRP"
5765,"изложена",2,"SRP"
5766,"изложени",2,"SRP"
5767,"измена",2,"SRP"
5768,"изменама",2,"SRP"
5769,"измислио",2,"SRP"
5770,"износила",2,"SRP"
5771,"изолованости",2,"SRP"
5772,"изостала",2,"SRP"
5773,"изостати",2,"SRP"
5774,"израдио",2,"SRP"
5775,"изразито",2,"SRP"
5776,"израсла",2,"SRP"
5777,"изузетног",2,"SRP"
5778,"илије",2,"SRP"
5779,"имагинације",2,"SRP"
5780,"имања",2,"SRP"
5781,"имање",2,"SRP"
5782,"имању",2,"SRP"
5783,"именован",2,"SRP"
5784,"именовање",2,"SRP"
5785,"имунски",2,"SRP"
5786,"инвеститори",2,"SRP"
5787,"инвестицију",2,"SRP"
5788,"индустрију",2,"SRP"
5789,"инжењера",2,"SRP"
5790,"инжењери",2,"SRP"
5791,"инжењеринг",2,"SRP"
5792,"иницијативи",2,"SRP"
5793,"инклузије",2,"SRP"
5794,"иностранства",2,"SRP"
5795,"инспекције",2,"SRP"
5796,"инспирише",2,"SRP"
5797,"инсталације",2,"SRP"
5798,"институтом",2,"SRP"
5799,"институту",2,"SRP"
5800,"институције",2,"SRP"
5801,"инструктора",2,"SRP"
5802,"интезивно",2,"SRP"
5803,"интензивно",2,"SRP"
5804,"интерактивних",2,"SRP"
5805,"интервенција",2,"SRP"
5806,"интервју",2,"SRP"
5807,"интерес",2,"SRP"
5808,"интереса",2,"SRP"
5809,"интересантан",2,"SRP"
5810,"интересантно",2,"SRP"
5811,"интернационалних",2,"SRP"
5812,"интернета",2,"SRP"
5813,"интернету",2,"SRP"
5814,"интерпретацијом",2,"SRP"
5815,"интонативно",2,"SRP"
5816,"инфектолога",2,"SRP"
5817,"инфекцију",2,"SRP"
5818,"инфо",2,"SRP"
5819,"информацијама",2,"SRP"
5820,"информационих",2,"SRP"
5821,"инфраструктура",2,"SRP"
5822,"ионако",2,"SRP"
5823,"ирина",2,"SRP"
5824,"искључена",2,"SRP"
5825,"искористили",2,"SRP"
5826,"искрен",2,"SRP"
5827,"искрене",2,"SRP"
5828,"искусни",2,"SRP"
5829,"искусним",2,"SRP"
5830,"искустава",2,"SRP"
5831,"искуство",2,"SRP"
5832,"искуству",2,"SRP"
5833,"испите",2,"SRP"
5834,"испитивање",2,"SRP"
5835,"исплатити",2,"SRP"
5836,"исплату",2,"SRP"
5837,"испостави",2,"SRP"
5838,"испричао",2,"SRP"
5839,"испуне",2,"SRP"
5840,"испуни",2,"SRP"
5841,"истакнем",2,"SRP"
5842,"истакнут",2,"SRP"
5843,"истакнути",2,"SRP"
5844,"истанбулску",2,"SRP"
5845,"истаћи",2,"SRP"
5846,"истим",2,"SRP"
5847,"истина",2,"SRP"
5848,"истину",2,"SRP"
5849,"истих",2,"SRP"
5850,"истока",2,"SRP"
5851,"историјска",2,"SRP"
5852,"историјским",2,"SRP"
5853,"историјског",2,"SRP"
5854,"источном",2,"SRP"
5855,"истраживачки",2,"SRP"
5856,"истражити",2,"SRP"
5857,"истражује",2,"SRP"
5858,"истрајно",2,"SRP"
5859,"исуса",2,"SRP"
5860,"ит",2,"SRP"
5861,"италијанских",2,"SRP"
5862,"италије",2,"SRP"
5863,"италији",2,"SRP"
5864,"ишао",2,"SRP"
5865,"ишла",2,"SRP"
5866,"ишли",2,"SRP"
5867,"ишчекујући",2,"SRP"
5868,"јавио",2,"SRP"
5869,"јавном",2,"SRP"
5870,"јагода",2,"SRP"
5871,"јадранка",2,"SRP"
5872,"јадранско",2,"SRP"
5873,"јадранској",2,"SRP"
5874,"јазбина",2,"SRP"
5875,"јајета",2,"SRP"
5876,"јаребицама",2,"SRP"
5877,"јато",2,"SRP"
5878,"јача",2,"SRP"
5879,"јаче",2,"SRP"
5880,"јеванђеље",2,"SRP"
5881,"јевтић",2,"SRP"
5882,"једине",2,"SRP"
5883,"јединица",2,"SRP"
5884,"јединице",2,"SRP"
5885,"јединици",2,"SRP"
5886,"јединствене",2,"SRP"
5887,"јединство",2,"SRP"
5888,"једнака",2,"SRP"
5889,"једнога",2,"SRP"
5890,"једногласно",2,"SRP"
5891,"једнодневни",2,"SRP"
5892,"јездини",2,"SRP"
5893,"језичког",2,"SRP"
5894,"јеку",2,"SRP"
5895,"јела",2,"SRP"
5896,"јелица",2,"SRP"
5897,"јелице",2,"SRP"
5898,"јермени",2,"SRP"
5899,"јерусалим",2,"SRP"
5900,"јесам",2,"SRP"
5901,"јесењем",2,"SRP"
5902,"јефтинији",2,"SRP"
5903,"јованка",2,"SRP"
5904,"јовану",2,"SRP"
5905,"јовић",2,"SRP"
5906,"јовићевић",2,"SRP"
5907,"јовица",2,"SRP"
5908,"јокић",2,"SRP"
5909,"ју",2,"SRP"
5910,"јубилеј",2,"SRP"
5911,"југозападни",2,"SRP"
5912,"југозападу",2,"SRP"
5913,"југославија",2,"SRP"
5914,"југославији",2,"SRP"
5915,"југославију",2,"SRP"
5916,"југословенског",2,"SRP"
5917,"југословенском",2,"SRP"
5918,"јужним",2,"SRP"
5919,"јулијанском",2,"SRP"
5920,"јун",2,"SRP"
5921,"јуниора",2,"SRP"
5922,"јутарњи",2,"SRP"
5923,"јутарњу",2,"SRP"
5924,"јучерашњи",2,"SRP"
5925,"кабинета",2,"SRP"
5926,"каблар",2,"SRP"
5927,"кабларске",2,"SRP"
5928,"каблару",2,"SRP"
5929,"кабловских",2,"SRP"
5930,"кадета",2,"SRP"
5931,"кадети",2,"SRP"
5932,"кадетском",2,"SRP"
5933,"кадровски",2,"SRP"
5934,"кажњавати",2,"SRP"
5935,"казна",2,"SRP"
5936,"казни",2,"SRP"
5937,"камиони",2,"SRP"
5938,"камоли",2,"SRP"
5939,"кампање",2,"SRP"
5940,"канали",2,"SRP"
5941,"кандидате",2,"SRP"
5942,"кандидати",2,"SRP"
5943,"канском",2,"SRP"
5944,"капацитета",2,"SRP"
5945,"капацитети",2,"SRP"
5946,"капије",2,"SRP"
5947,"капитални",2,"SRP"
5948,"карата",2,"SRP"
5949,"карате",2,"SRP"
5950,"караџића",2,"SRP"
5951,"карневал",2,"SRP"
5952,"карта",2,"SRP"
5953,"картице",2,"SRP"
5954,"касним",2,"SRP"
5955,"каталог",2,"SRP"
5956,"каталога",2,"SRP"
5957,"катама",2,"SRP"
5958,"категоријама",2,"SRP"
5959,"категорије",2,"SRP"
5960,"катићи",2,"SRP"
5961,"кафана",2,"SRP"
5962,"кафанама",2,"SRP"
5963,"квалитетан",2,"SRP"
5964,"квалитетна",2,"SRP"
5965,"квалитетним",2,"SRP"
5966,"квартала",2,"SRP"
5967,"квасца",2,"SRP"
5968,"кецман",2,"SRP"
5969,"кикановић",2,"SRP"
5970,"кикинде",2,"SRP"
5971,"километра",2,"SRP"
5972,"кинематографије",2,"SRP"
5973,"кирило",2,"SRP"
5974,"кисић",2,"SRP"
5975,"клавир",2,"SRP"
5976,"клавиром",2,"SRP"
5977,"клинтон",2,"SRP"
5978,"клисуре",2,"SRP"
5979,"клс",2,"SRP"
5980,"клубове",2,"SRP"
5981,"кључна",2,"SRP"
5982,"кључне",2,"SRP"
5983,"кључним",2,"SRP"
5984,"кмф",2,"SRP"
5985,"књигом",2,"SRP"
5986,"књижевна",2,"SRP"
5987,"књижевника",2,"SRP"
5988,"књижевног",2,"SRP"
5989,"коалиција",2,"SRP"
5990,"кокановић",2,"SRP"
5991,"колач",2,"SRP"
5992,"колектив",2,"SRP"
5993,"колонијама",2,"SRP"
5994,"колоније",2,"SRP"
5995,"колонији",2,"SRP"
5996,"комада",2,"SRP"
5997,"комараца",2,"SRP"
5998,"комбинација",2,"SRP"
5999,"комбинованом",2,"SRP"
6000,"коментаре",2,"SRP"
6001,"коморе",2,"SRP"
6002,"компетенције",2,"SRP"
6003,"комплекса",2,"SRP"
6004,"комплетну",2,"SRP"
6005,"комуналац",2,"SRP"
6006,"комунална",2,"SRP"
6007,"комуналне",2,"SRP"
6008,"комунални",2,"SRP"
6009,"комуналним",2,"SRP"
6010,"комунално",2,"SRP"
6011,"комуникативан",2,"SRP"
6012,"комуникација",2,"SRP"
6013,"комунистичка",2,"SRP"
6014,"комшилуку",2,"SRP"
6015,"конак",2,"SRP"
6016,"коначне",2,"SRP"
6017,"коначној",2,"SRP"
6018,"конгреса",2,"SRP"
6019,"конгресу",2,"SRP"
6020,"конзервација",2,"SRP"
6021,"конкретно",2,"SRP"
6022,"конкретну",2,"SRP"
6023,"конкурсима",2,"SRP"
6024,"конкурсом",2,"SRP"
6025,"константин",2,"SRP"
6026,"конструкције",2,"SRP"
6027,"контакт",2,"SRP"
6028,"контејнере",2,"SRP"
6029,"контролисаних",2,"SRP"
6030,"контролну",2,"SRP"
6031,"конфликтима",2,"SRP"
6032,"концепту",2,"SRP"
6033,"концерата",2,"SRP"
6034,"концерту",2,"SRP"
6035,"коњарника",2,"SRP"
6036,"коње",2,"SRP"
6037,"координаторка",2,"SRP"
6038,"копу",2,"SRP"
6039,"кораку",2,"SRP"
6040,"кореје",2,"SRP"
6041,"корејска",2,"SRP"
6042,"корисник",2,"SRP"
6043,"користан",2,"SRP"
6044,"користим",2,"SRP"
6045,"корито",2,"SRP"
6046,"корица",2,"SRP"
6047,"косово",2,"SRP"
6048,"коста",2,"SRP"
6049,"костимима",2,"SRP"
6050,"костића",2,"SRP"
6051,"костићи",2,"SRP"
6052,"костолачки",2,"SRP"
6053,"костолачког",2,"SRP"
6054,"костолачком",2,"SRP"
6055,"коша",2,"SRP"
6056,"кошаркаша",2,"SRP"
6057,"кошаркашки",2,"SRP"
6058,"кошарке",2,"SRP"
6059,"кошарци",2,"SRP"
6060,"коштају",2,"SRP"
6061,"кошутњаку",2,"SRP"
6062,"крађе",2,"SRP"
6063,"крајеве",2,"SRP"
6064,"краљевину",2,"SRP"
6065,"краси",2,"SRP"
6066,"кратко",2,"SRP"
6067,"кратког",2,"SRP"
6068,"краткотрајне",2,"SRP"
6069,"краће",2,"SRP"
6070,"креације",2,"SRP"
6071,"креирање",2,"SRP"
6072,"кренуло",2,"SRP"
6073,"кренуо",2,"SRP"
6074,"кретања",2,"SRP"
6075,"крећу",2,"SRP"
6076,"крзно",2,"SRP"
6077,"кривац",2,"SRP"
6078,"кривична",2,"SRP"
6079,"кривичну",2,"SRP"
6080,"криза",2,"SRP"
6081,"крилима",2,"SRP"
6082,"криминалац",2,"SRP"
6083,"кристијан",2,"SRP"
6084,"критична",2,"SRP"
6085,"крова",2,"SRP"
6086,"крстовдан",2,"SRP"
6087,"крстом",2,"SRP"
6088,"круне",2,"SRP"
6089,"крштења",2,"SRP"
6090,"кћери",2,"SRP"
6091,"кубика",2,"SRP"
6092,"куглању",2,"SRP"
6093,"куглаша",2,"SRP"
6094,"куглу",2,"SRP"
6095,"кукуруз",2,"SRP"
6096,"кукуруза",2,"SRP"
6097,"културне",2,"SRP"
6098,"купања",2,"SRP"
6099,"купатилу",2,"SRP"
6100,"купио",2,"SRP"
6101,"купити",2,"SRP"
6102,"купљене",2,"SRP"
6103,"купује",2,"SRP"
6104,"купују",2,"SRP"
6105,"купусијада",2,"SRP"
6106,"купци",2,"SRP"
6107,"кустос",2,"SRP"
6108,"кутак",2,"SRP"
6109,"кућних",2,"SRP"
6110,"кухиње",2,"SRP"
6111,"куца",2,"SRP"
6112,"лагатора",2,"SRP"
6113,"лажи",2,"SRP"
6114,"лазара",2,"SRP"
6115,"лазареву",2,"SRP"
6116,"лазовић",2,"SRP"
6117,"лакших",2,"SRP"
6118,"ламбдацихалотрина",2,"SRP"
6119,"лани",2,"SRP"
6120,"легендарне",2,"SRP"
6121,"легенде",2,"SRP"
6122,"леђа",2,"SRP"
6123,"леже",2,"SRP"
6124,"лекар",2,"SRP"
6125,"лекарске",2,"SRP"
6126,"лекарски",2,"SRP"
6127,"лектире",2,"SRP"
6128,"лена",2,"SRP"
6129,"лепе",2,"SRP"
6130,"лепим",2,"SRP"
6131,"лепог",2,"SRP"
6132,"лепоту",2,"SRP"
6133,"летњој",2,"SRP"
6134,"летовање",2,"SRP"
6135,"летос",2,"SRP"
6136,"лету",2,"SRP"
6137,"лечења",2,"SRP"
6138,"лешнице",2,"SRP"
6139,"лешничани",2,"SRP"
6140,"лидија",2,"SRP"
6141,"лика",2,"SRP"
6142,"ликери",2,"SRP"
6143,"ликовне",2,"SRP"
6144,"ликовној",2,"SRP"
6145,"ликовну",2,"SRP"
6146,"листу",2,"SRP"
6147,"литерарни",2,"SRP"
6148,"литија",2,"SRP"
6149,"литијум",2,"SRP"
6150,"литица",2,"SRP"
6151,"литургије",2,"SRP"
6152,"лишће",2,"SRP"
6153,"ло",2,"SRP"
6154,"ловачког",2,"SRP"
6155,"лозничким",2,"SRP"
6156,"лозничких",2,"SRP"
6157,"лозничко",2,"SRP"
6158,"локалнe",2,"SRP"
6159,"локалну",2,"SRP"
6160,"локације",2,"SRP"
6161,"локацији",2,"SRP"
6162,"лончар",2,"SRP"
6163,"лопта",2,"SRP"
6164,"лошије",2,"SRP"
6165,"лоших",2,"SRP"
6166,"лп",2,"SRP"
6167,"луна",2,"SRP"
6168,"лупњача",2,"SRP"
6169,"лучански",2,"SRP"
6170,"лучић",2,"SRP"
6171,"љиљана",2,"SRP"
6172,"љимба",2,"SRP"
6173,"љубављу",2,"SRP"
6174,"љубимце",2,"SRP"
6175,"љубићске",2,"SRP"
6176,"љубичево",2,"SRP"
6177,"љубовије",2,"SRP"
6178,"љубомир",2,"SRP"
6179,"људске",2,"SRP"
6180,"људски",2,"SRP"
6181,"људских",2,"SRP"
6182,"људско",2,"SRP"
6183,"људску",2,"SRP"
6184,"магдалена",2,"SRP"
6185,"магистра",2,"SRP"
6186,"маестро",2,"SRP"
6187,"мајица",2,"SRP"
6188,"мајице",2,"SRP"
6189,"македоније",2,"SRP"
6190,"максимални",2,"SRP"
6191,"максималном",2,"SRP"
6192,"малишанима",2,"SRP"
6193,"малозворничке",2,"SRP"
6194,"малу",2,"SRP"
6195,"манастири",2,"SRP"
6196,"манастирске",2,"SRP"
6197,"мандата",2,"SRP"
6198,"мандату",2,"SRP"
6199,"мањег",2,"SRP"
6200,"марије",2,"SRP"
6201,"маринковић",2,"SRP"
6202,"мариновић",2,"SRP"
6203,"марић",2,"SRP"
6204,"марица",2,"SRP"
6205,"марковића",2,"SRP"
6206,"матеје",2,"SRP"
6207,"математику",2,"SRP"
6208,"математички",2,"SRP"
6209,"материја",2,"SRP"
6210,"матерњем",2,"SRP"
6211,"матија",2,"SRP"
6212,"матице",2,"SRP"
6213,"матуранти",2,"SRP"
6214,"матуранткиња",2,"SRP"
6215,"мачевима",2,"SRP"
6216,"маше",2,"SRP"
6217,"машина",2,"SRP"
6218,"машине",2,"SRP"
6219,"медвед",2,"SRP"
6220,"медије",2,"SRP"
6221,"медицинска",2,"SRP"
6222,"медицинску",2,"SRP"
6223,"медицину",2,"SRP"
6224,"међувремену",2,"SRP"
6225,"међународним",2,"SRP"
6226,"међународно",2,"SRP"
6227,"међуокружном",2,"SRP"
6228,"међуресорна",2,"SRP"
6229,"међусобно",2,"SRP"
6230,"мелодије",2,"SRP"
6231,"меморијални",2,"SRP"
6232,"менаџмент",2,"SRP"
6233,"ментор",2,"SRP"
6234,"ментора",2,"SRP"
6235,"ментори",2,"SRP"
6236,"ментором",2,"SRP"
6237,"мењачница",2,"SRP"
6238,"меса",2,"SRP"
6239,"месечне",2,"SRP"
6240,"месној",2,"SRP"
6241,"метар",2,"SRP"
6242,"метеоропатске",2,"SRP"
6243,"механизација",2,"SRP"
6244,"мечева",2,"SRP"
6245,"мечка",2,"SRP"
6246,"мештана",2,"SRP"
6247,"мештане",2,"SRP"
6248,"мика",2,"SRP"
6249,"милановачки",2,"SRP"
6250,"милановца",2,"SRP"
6251,"милановчани",2,"SRP"
6252,"миланом",2,"SRP"
6253,"миле",2,"SRP"
6254,"миленка",2,"SRP"
6255,"милета",2,"SRP"
6256,"милетић",2,"SRP"
6257,"миливоја",2,"SRP"
6258,"миливојевић",2,"SRP"
6259,"милиметар",2,"SRP"
6260,"милинко",2,"SRP"
6261,"милинковић",2,"SRP"
6262,"милиција",2,"SRP"
6263,"милицу",2,"SRP"
6264,"милован",2,"SRP"
6265,"милојевић",2,"SRP"
6266,"милорад",2,"SRP"
6267,"милосав",2,"SRP"
6268,"милост",2,"SRP"
6269,"мина",2,"SRP"
6270,"минералних",2,"SRP"
6271,"мини",2,"SRP"
6272,"минималне",2,"SRP"
6273,"министарством",2,"SRP"
6274,"министарству",2,"SRP"
6275,"минић",2,"SRP"
6276,"миодраг",2,"SRP"
6277,"мире",2,"SRP"
6278,"мириси",2,"SRP"
6279,"миросавић",2,"SRP"
6280,"мислила",2,"SRP"
6281,"митингу",2,"SRP"
6282,"миће",2,"SRP"
6283,"мићитака",2,"SRP"
6284,"михаиловић",2,"SRP"
6285,"мишића",2,"SRP"
6286,"мишљење",2,"SRP"
6287,"млава",2,"SRP"
6288,"млаве",2,"SRP"
6289,"младеновац",2,"SRP"
6290,"млађа",2,"SRP"
6291,"млађе",2,"SRP"
6292,"млека",2,"SRP"
6293,"млекомата",2,"SRP"
6294,"многима",2,"SRP"
6295,"многобројним",2,"SRP"
6296,"могућих",2,"SRP"
6297,"мода",2,"SRP"
6298,"модела",2,"SRP"
6299,"модеран",2,"SRP"
6300,"мојим",2,"SRP"
6301,"молба",2,"SRP"
6302,"молећи",2,"SRP"
6303,"молим",2,"SRP"
6304,"молитва",2,"SRP"
6305,"молитвено",2,"SRP"
6306,"мом",2,"SRP"
6307,"моменат",2,"SRP"
6308,"момента",2,"SRP"
6309,"монографија",2,"SRP"
6310,"монографије",2,"SRP"
6311,"монодрама",2,"SRP"
6312,"морави",2,"SRP"
6313,"моравички",2,"SRP"
6314,"моравичког",2,"SRP"
6315,"морати",2,"SRP"
6316,"мораш",2,"SRP"
6317,"море",2,"SRP"
6318,"мостару",2,"SRP"
6319,"моторних",2,"SRP"
6320,"моћан",2,"SRP"
6321,"моцарт",2,"SRP"
6322,"мр",2,"SRP"
6323,"мрчајевци",2,"SRP"
6324,"мршинаца",2,"SRP"
6325,"мршинци",2,"SRP"
6326,"мудрости",2,"SRP"
6327,"музеји",2,"SRP"
6328,"музејом",2,"SRP"
6329,"музејски",2,"SRP"
6330,"музичких",2,"SRP"
6331,"музичкој",2,"SRP"
6332,"музичком",2,"SRP"
6333,"мутна",2,"SRP"
6334,"мушкарци",2,"SRP"
6335,"нa",2,"SRP"
6336,"набавити",2,"SRP"
6337,"набавка",2,"SRP"
6338,"набавке",2,"SRP"
6339,"набављена",2,"SRP"
6340,"набавци",2,"SRP"
6341,"навијачи",2,"SRP"
6342,"навикла",2,"SRP"
6343,"навршава",2,"SRP"
6344,"награди",2,"SRP"
6345,"наградног",2,"SRP"
6346,"награђен",2,"SRP"
6347,"надају",2,"SRP"
6348,"надежди",2,"SRP"
6349,"надзора",2,"SRP"
6350,"надзором",2,"SRP"
6351,"надлежним",2,"SRP"
6352,"надлежних",2,"SRP"
6353,"надлежног",2,"SRP"
6354,"надморске",2,"SRP"
6355,"надокнадимо",2,"SRP"
6356,"нађемо",2,"SRP"
6357,"најављених",2,"SRP"
6358,"најављивано",2,"SRP"
6359,"најављује",2,"SRP"
6360,"најбољом",2,"SRP"
6361,"највећем",2,"SRP"
6362,"најдуже",2,"SRP"
6363,"најдужи",2,"SRP"
6364,"најзначајније",2,"SRP"
6365,"најзначајнији",2,"SRP"
6366,"најкраћем",2,"SRP"
6367,"најлепшем",2,"SRP"
6368,"најлепши",2,"SRP"
6369,"најмањи",2,"SRP"
6370,"најмлађа",2,"SRP"
6371,"најмлађим",2,"SRP"
6372,"најмлађих",2,"SRP"
6373,"најновија",2,"SRP"
6374,"најповољнија",2,"SRP"
6375,"најстарији",2,"SRP"
6376,"најтеже",2,"SRP"
6377,"најтоплије",2,"SRP"
6378,"најтоплијем",2,"SRP"
6379,"најуспешнија",2,"SRP"
6380,"најуспешније",2,"SRP"
6381,"најхладније",2,"SRP"
6382,"најчешћи",2,"SRP"
6383,"накнадно",2,"SRP"
6384,"налогу",2,"SRP"
6385,"наменске",2,"SRP"
6386,"намењен",2,"SRP"
6387,"намери",2,"SRP"
6388,"намером",2,"SRP"
6389,"намеће",2,"SRP"
6390,"напајање",2,"SRP"
6391,"наплате",2,"SRP"
6392,"наплату",2,"SRP"
6393,"напомињу",2,"SRP"
6394,"напоре",2,"SRP"
6395,"направио",2,"SRP"
6396,"напредак",2,"SRP"
6397,"напредовање",2,"SRP"
6398,"напустили",2,"SRP"
6399,"напустио",2,"SRP"
6400,"наредни",2,"SRP"
6401,"наредну",2,"SRP"
6402,"народи",2,"SRP"
6403,"народних",2,"SRP"
6404,"народно",2,"SRP"
6405,"народну",2,"SRP"
6406,"насељеном",2,"SRP"
6407,"наслага",2,"SRP"
6408,"наслова",2,"SRP"
6409,"наставили",2,"SRP"
6410,"наставнику",2,"SRP"
6411,"наставних",2,"SRP"
6412,"настају",2,"SRP"
6413,"настала",2,"SRP"
6414,"настали",2,"SRP"
6415,"насталих",2,"SRP"
6416,"настанак",2,"SRP"
6417,"наступао",2,"SRP"
6418,"наступе",2,"SRP"
6419,"наступи",2,"SRP"
6420,"наступима",2,"SRP"
6421,"наступио",2,"SRP"
6422,"нато",2,"SRP"
6423,"натпросечно",2,"SRP"
6424,"наукама",2,"SRP"
6425,"науци",2,"SRP"
6426,"научи",2,"SRP"
6427,"научну",2,"SRP"
6428,"нација",2,"SRP"
6429,"националној",2,"SRP"
6430,"начелника",2,"SRP"
6431,"начелница",2,"SRP"
6432,"начином",2,"SRP"
6433,"нашао",2,"SRP"
6434,"нашла",2,"SRP"
6435,"нашом",2,"SRP"
6436,"нбс",2,"SRP"
6437,"небеског",2,"SRP"
6438,"небом",2,"SRP"
6439,"небу",2,"SRP"
6440,"невена",2,"SRP"
6441,"невоље",2,"SRP"
6442,"неговање",2,"SRP"
6443,"неговати",2,"SRP"
6444,"неготину",2,"SRP"
6445,"недалеко",2,"SRP"
6446,"недељица",2,"SRP"
6447,"недељно",2,"SRP"
6448,"недостајао",2,"SRP"
6449,"независна",2,"SRP"
6450,"незамисливо",2,"SRP"
6451,"незапослена",2,"SRP"
6452,"незапослени",2,"SRP"
6453,"незгода",2,"SRP"
6454,"незгодама",2,"SRP"
6455,"незгоде",2,"SRP"
6456,"неизвесност",2,"SRP"
6457,"неизоставно",2,"SRP"
6458,"некадашњем",2,"SRP"
6459,"некој",2,"SRP"
6460,"немање",2,"SRP"
6461,"немате",2,"SRP"
6462,"немачка",2,"SRP"
6463,"немачком",2,"SRP"
6464,"немир",2,"SRP"
6465,"немогућ",2,"SRP"
6466,"немојте",2,"SRP"
6467,"немци",2,"SRP"
6468,"необичан",2,"SRP"
6469,"необичног",2,"SRP"
6470,"непарна",2,"SRP"
6471,"неповољан",2,"SRP"
6472,"непосредној",2,"SRP"
6473,"неправда",2,"SRP"
6474,"непријатељски",2,"SRP"
6475,"нервира",2,"SRP"
6476,"нервоза",2,"SRP"
6477,"несаницу",2,"SRP"
6478,"нечега",2,"SRP"
6479,"нечему",2,"SRP"
6480,"нешковић",2,"SRP"
6481,"нивоима",2,"SRP"
6482,"ниже",2,"SRP"
6483,"никакве",2,"SRP"
6484,"николе",2,"SRP"
6485,"нимало",2,"SRP"
6486,"нина",2,"SRP"
6487,"нис",2,"SRP"
6488,"ниске",2,"SRP"
6489,"ниску",2,"SRP"
6490,"нитрата",2,"SRP"
6491,"ничу",2,"SRP"
6492,"ниша",2,"SRP"
6493,"новина",2,"SRP"
6494,"новица",2,"SRP"
6495,"новогодишња",2,"SRP"
6496,"ноге",2,"SRP"
6497,"носе",2,"SRP"
6498,"носиће",2,"SRP"
6499,"ну",2,"SRP"
6500,"нужно",2,"SRP"
6501,"нурдор",2,"SRP"
6502,"њ",2,"SRP"
6503,"њених",2,"SRP"
6504,"њиме",2,"SRP"
6505,"њом",2,"SRP"
6506,"њујорку",2,"SRP"
6507,"обавезама",2,"SRP"
6508,"обавезног",2,"SRP"
6509,"обавезу",2,"SRP"
6510,"обавестили",2,"SRP"
6511,"обавештења",2,"SRP"
6512,"обавили",2,"SRP"
6513,"обавити",2,"SRP"
6514,"обавља",2,"SRP"
6515,"обављају",2,"SRP"
6516,"обављали",2,"SRP"
6517,"обављање",2,"SRP"
6518,"обезбеде",2,"SRP"
6519,"обезбедила",2,"SRP"
6520,"обезбеђен",2,"SRP"
6521,"обезбеђени",2,"SRP"
6522,"обезбеђено",2,"SRP"
6523,"обезбеђују",2,"SRP"
6524,"обележавање",2,"SRP"
6525,"обележиће",2,"SRP"
6526,"обећање",2,"SRP"
6527,"обећао",2,"SRP"
6528,"обзир",2,"SRP"
6529,"обиму",2,"SRP"
6530,"обичан",2,"SRP"
6531,"објавама",2,"SRP"
6532,"објаве",2,"SRP"
6533,"објави",2,"SRP"
6534,"објавили",2,"SRP"
6535,"објавило",2,"SRP"
6536,"објавио",2,"SRP"
6537,"објављивање",2,"SRP"
6538,"објекти",2,"SRP"
6539,"облачан",2,"SRP"
6540,"облик",2,"SRP"
6541,"обликује",2,"SRP"
6542,"обликују",2,"SRP"
6543,"обнова",2,"SRP"
6544,"обнови",2,"SRP"
6545,"оболела",2,"SRP"
6546,"оболело",2,"SRP"
6547,"обрада",2,"SRP"
6548,"обради",2,"SRP"
6549,"образовни",2,"SRP"
6550,"образовним",2,"SRP"
6551,"обратили",2,"SRP"
6552,"обраћа",2,"SRP"
6553,"обрачун",2,"SRP"
6554,"обреновић",2,"SRP"
6555,"обухваћено",2,"SRP"
6556,"обучено",2,"SRP"
6557,"обч",2,"SRP"
6558,"овакво",2,"SRP"
6559,"оваквог",2,"SRP"
6560,"овогодишњи",2,"SRP"
6561,"овогодишњу",2,"SRP"
6562,"овоземаљских",2,"SRP"
6563,"овоме",2,"SRP"
6564,"овце",2,"SRP"
6565,"огледа",2,"SRP"
6566,"огњен",2,"SRP"
6567,"огранизовали",2,"SRP"
6568,"ограничен",2,"SRP"
6569,"ограничења",2,"SRP"
6570,"огромна",2,"SRP"
6571,"огромну",2,"SRP"
6572,"одабрали",2,"SRP"
6573,"одабрани",2,"SRP"
6574,"одавде",2,"SRP"
6575,"одазивају",2,"SRP"
6576,"одбију",2,"SRP"
6577,"одбојкашки",2,"SRP"
6578,"одвијање",2,"SRP"
6579,"одговарајућем",2,"SRP"
6580,"одговарајући",2,"SRP"
6581,"одговарати",2,"SRP"
6582,"одговоримо",2,"SRP"
6583,"одговорном",2,"SRP"
6584,"одзивом",2,"SRP"
6585,"одиграли",2,"SRP"
6586,"одише",2,"SRP"
6587,"одлазили",2,"SRP"
6588,"одлазио",2,"SRP"
6589,"одласка",2,"SRP"
6590,"одличја",2,"SRP"
6591,"одличну",2,"SRP"
6592,"одложен",2,"SRP"
6593,"одлучи",2,"SRP"
6594,"одлучиле",2,"SRP"
6595,"одлучити",2,"SRP"
6596,"одлучују",2,"SRP"
6597,"одмерити",2,"SRP"
6598,"одмору",2,"SRP"
6599,"однесе",2,"SRP"
6600,"однос",2,"SRP"
6601,"односити",2,"SRP"
6602,"одобрава",2,"SRP"
6603,"одобрен",2,"SRP"
6604,"одох",2,"SRP"
6605,"одраслих",2,"SRP"
6606,"одрастање",2,"SRP"
6607,"одредница",2,"SRP"
6608,"одређена",2,"SRP"
6609,"одређеног",2,"SRP"
6610,"одређену",2,"SRP"
6611,"одржавају",2,"SRP"
6612,"одржали",2,"SRP"
6613,"одржаће",2,"SRP"
6614,"одрже",2,"SRP"
6615,"одсвира",2,"SRP"
6616,"одсуство",2,"SRP"
6617,"оду",2,"SRP"
6618,"озбиљнија",2,"SRP"
6619,"озбиљније",2,"SRP"
6620,"ознаком",2,"SRP"
6621,"окачена",2,"SRP"
6622,"окитио",2,"SRP"
6623,"околина",2,"SRP"
6624,"околини",2,"SRP"
6625,"околност",2,"SRP"
6626,"окрепљењем",2,"SRP"
6627,"округ",2,"SRP"
6628,"окружном",2,"SRP"
6629,"октобар",2,"SRP"
6630,"октобру",2,"SRP"
6631,"окупе",2,"SRP"
6632,"окупи",2,"SRP"
6633,"окупили",2,"SRP"
6634,"окупља",2,"SRP"
6635,"окупљени",2,"SRP"
6636,"олакшали",2,"SRP"
6637,"олакшање",2,"SRP"
6638,"оливера",2,"SRP"
6639,"омаж",2,"SRP"
6640,"омасовљавању",2,"SRP"
6641,"омиљена",2,"SRP"
6642,"омладинском",2,"SRP"
6643,"омогућава",2,"SRP"
6644,"омогућавају",2,"SRP"
6645,"омогуће",2,"SRP"
6646,"омогућили",2,"SRP"
6647,"омогућимо",2,"SRP"
6648,"омогућује",2,"SRP"
6649,"онако",2,"SRP"
6650,"оног",2,"SRP"
6651,"оном",2,"SRP"
6652,"опадања",2,"SRP"
6653,"опадање",2,"SRP"
6654,"опера",2,"SRP"
6655,"операција",2,"SRP"
6656,"операције",2,"SRP"
6657,"описивао",2,"SRP"
6658,"опомена",2,"SRP"
6659,"определило",2,"SRP"
6660,"опрезан",2,"SRP"
6661,"опрезност",2,"SRP"
6662,"опремање",2,"SRP"
6663,"опреми",2,"SRP"
6664,"опстане",2,"SRP"
6665,"опстанку",2,"SRP"
6666,"оптерећује",2,"SRP"
6667,"општинама",2,"SRP"
6668,"општинским",2,"SRP"
6669,"орахе",2,"SRP"
6670,"органа",2,"SRP"
6671,"организаторима",2,"SRP"
6672,"организацијом",2,"SRP"
6673,"организационо",2,"SRP"
6674,"организовано",2,"SRP"
6675,"органима",2,"SRP"
6676,"органска",2,"SRP"
6677,"орфеја",2,"SRP"
6678,"осамдесет",2,"SRP"
6679,"осваја",2,"SRP"
6680,"освајања",2,"SRP"
6681,"освајање",2,"SRP"
6682,"освајањем",2,"SRP"
6683,"осетљиве",2,"SRP"
6684,"осећа",2,"SRP"
6685,"осећате",2,"SRP"
6686,"осечине",2,"SRP"
6687,"осигурање",2,"SRP"
6688,"осмехом",2,"SRP"
6689,"осмог",2,"SRP"
6690,"оснивање",2,"SRP"
6691,"оснивач",2,"SRP"
6692,"основан",2,"SRP"
6693,"основи",2,"SRP"
6694,"основног",2,"SRP"
6695,"основци",2,"SRP"
6696,"особу",2,"SRP"
6697,"оставила",2,"SRP"
6698,"оставља",2,"SRP"
6699,"остављају",2,"SRP"
6700,"остатак",2,"SRP"
6701,"остварен",2,"SRP"
6702,"оствареног",2,"SRP"
6703,"оствариле",2,"SRP"
6704,"остваримо",2,"SRP"
6705,"остварује",2,"SRP"
6706,"остварују",2,"SRP"
6707,"отварају",2,"SRP"
6708,"отварањем",2,"SRP"
6709,"отворе",2,"SRP"
6710,"отворене",2,"SRP"
6711,"отвореним",2,"SRP"
6712,"отвореност",2,"SRP"
6713,"отворило",2,"SRP"
6714,"отишао",2,"SRP"
6715,"открива",2,"SRP"
6716,"открити",2,"SRP"
6717,"отмено",2,"SRP"
6718,"отрова",2,"SRP"
6719,"отуда",2,"SRP"
6720,"оф",2,"SRP"
6721,"оцене",2,"SRP"
6722,"оцени",2,"SRP"
6723,"оцену",2,"SRP"
6724,"очекивао",2,"SRP"
6725,"очекивати",2,"SRP"
6726,"очекујем",2,"SRP"
6727,"очију",2,"SRP"
6728,"очима",2,"SRP"
6729,"очистили",2,"SRP"
6730,"очување",2,"SRP"
6731,"падало",2,"SRP"
6732,"падну",2,"SRP"
6733,"пажње",2,"SRP"
6734,"пазар",2,"SRP"
6735,"пазара",2,"SRP"
6736,"пазити",2,"SRP"
6737,"пазове",2,"SRP"
6738,"пајић",2,"SRP"
6739,"пакет",2,"SRP"
6740,"пакета",2,"SRP"
6741,"пакети",2,"SRP"
6742,"паклено",2,"SRP"
6743,"паковраће",2,"SRP"
6744,"паковраћу",2,"SRP"
6745,"пало",2,"SRP"
6746,"памти",2,"SRP"
6747,"панић",2,"SRP"
6748,"пао",2,"SRP"
6749,"пара",2,"SRP"
6750,"паралелно",2,"SRP"
6751,"парафраза",2,"SRP"
6752,"паризу",2,"SRP"
6753,"паркету",2,"SRP"
6754,"паркинга",2,"SRP"
6755,"паркирања",2,"SRP"
6756,"парова",2,"SRP"
6757,"партије",2,"SRP"
6758,"партнери",2,"SRP"
6759,"партнерским",2,"SRP"
6760,"партнерство",2,"SRP"
6761,"парцелама",2,"SRP"
6762,"паса",2,"SRP"
6763,"пасуљ",2,"SRP"
6764,"патогена",2,"SRP"
6765,"патријарха",2,"SRP"
6766,"паузу",2,"SRP"
6767,"пауновић",2,"SRP"
6768,"пацијенaта",2,"SRP"
6769,"пацијенте",2,"SRP"
6770,"пацијенти",2,"SRP"
6771,"пдв",2,"SRP"
6772,"пева",2,"SRP"
6773,"певање",2,"SRP"
6774,"педагог",2,"SRP"
6775,"педагогу",2,"SRP"
6776,"педагошкој",2,"SRP"
6777,"пензија",2,"SRP"
6778,"пензионер",2,"SRP"
6779,"пензионери",2,"SRP"
6780,"пензионерима",2,"SRP"
6781,"перићева",2,"SRP"
6782,"песка",2,"SRP"
6783,"песмама",2,"SRP"
6784,"песми",2,"SRP"
6785,"песник",2,"SRP"
6786,"песничко",2,"SRP"
6787,"петицама",2,"SRP"
6788,"петиције",2,"SRP"
6789,"петог",2,"SRP"
6790,"петом",2,"SRP"
6791,"петоро",2,"SRP"
6792,"петровачког",2,"SRP"
6793,"петровића",2,"SRP"
6794,"петровцу",2,"SRP"
6795,"пехар",2,"SRP"
6796,"пеце",2,"SRP"
6797,"пешака",2,"SRP"
6798,"пешачким",2,"SRP"
6799,"пешке",2,"SRP"
6800,"пије",2,"SRP"
6801,"пионир",2,"SRP"
6802,"пионира",2,"SRP"
6803,"пионире",2,"SRP"
6804,"пионири",2,"SRP"
6805,"писала",2,"SRP"
6806,"писане",2,"SRP"
6807,"писао",2,"SRP"
6808,"писма",2,"SRP"
6809,"писмености",2,"SRP"
6810,"пита",2,"SRP"
6811,"питају",2,"SRP"
6812,"питали",2,"SRP"
6813,"питамо",2,"SRP"
6814,"питањем",2,"SRP"
6815,"питањима",2,"SRP"
6816,"пјацоле",2,"SRP"
6817,"плазму",2,"SRP"
6818,"плакату",2,"SRP"
6819,"плакету",2,"SRP"
6820,"планинарске",2,"SRP"
6821,"планинарског",2,"SRP"
6822,"планине",2,"SRP"
6823,"планинске",2,"SRP"
6824,"планирају",2,"SRP"
6825,"планирани",2,"SRP"
6826,"планови",2,"SRP"
6827,"планом",2,"SRP"
6828,"пласира",2,"SRP"
6829,"пласирају",2,"SRP"
6830,"пласирала",2,"SRP"
6831,"пласман",2,"SRP"
6832,"пластике",2,"SRP"
6833,"плату",2,"SRP"
6834,"плаћања",2,"SRP"
6835,"плаћање",2,"SRP"
6836,"плац",2,"SRP"
6837,"плен",2,"SRP"
6838,"плес",2,"SRP"
6839,"плесали",2,"SRP"
6840,"плодова",2,"SRP"
6841,"пљусак",2,"SRP"
6842,"победама",2,"SRP"
6843,"победио",2,"SRP"
6844,"победници",2,"SRP"
6845,"побољшању",2,"SRP"
6846,"повезана",2,"SRP"
6847,"повезује",2,"SRP"
6848,"повећа",2,"SRP"
6849,"повећали",2,"SRP"
6850,"повећање",2,"SRP"
6851,"повољном",2,"SRP"
6852,"повратак",2,"SRP"
6853,"поврати",2,"SRP"
6854,"повредама",2,"SRP"
6855,"повреде",2,"SRP"
6856,"повређен",2,"SRP"
6857,"поврћа",2,"SRP"
6858,"површине",2,"SRP"
6859,"површину",2,"SRP"
6860,"погледа",2,"SRP"
6861,"погодак",2,"SRP"
6862,"погодност",2,"SRP"
6863,"погодовати",2,"SRP"
6864,"поготком",2,"SRP"
6865,"поготово",2,"SRP"
6866,"податка",2,"SRP"
6867,"поделе",2,"SRP"
6868,"подели",2,"SRP"
6869,"подељак",2,"SRP"
6870,"подигли",2,"SRP"
6871,"подигне",2,"SRP"
6872,"подигнемо",2,"SRP"
6873,"подигну",2,"SRP"
6874,"подједнако",2,"SRP"
6875,"поднели",2,"SRP"
6876,"поднето",2,"SRP"
6877,"поднетој",2,"SRP"
6878,"подносе",2,"SRP"
6879,"подноси",2,"SRP"
6880,"подношења",2,"SRP"
6881,"подржавају",2,"SRP"
6882,"подржала",2,"SRP"
6883,"подржати",2,"SRP"
6884,"подржи",2,"SRP"
6885,"подручје",2,"SRP"
6886,"подручјима",2,"SRP"
6887,"подсетивши",2,"SRP"
6888,"подсетила",2,"SRP"
6889,"подсетили",2,"SRP"
6890,"подстакла",2,"SRP"
6891,"подстицај",2,"SRP"
6892,"подстицајне",2,"SRP"
6893,"подударног",2,"SRP"
6894,"подунављу",2,"SRP"
6895,"подухват",2,"SRP"
6896,"поезија",2,"SRP"
6897,"поезију",2,"SRP"
6898,"поента",2,"SRP"
6899,"поетског",2,"SRP"
6900,"пожаревачкој",2,"SRP"
6901,"пожаревљане",2,"SRP"
6902,"позивамо",2,"SRP"
6903,"позивањем",2,"SRP"
6904,"позитивно",2,"SRP"
6905,"познавао",2,"SRP"
6906,"познаје",2,"SRP"
6907,"познати",2,"SRP"
6908,"познатији",2,"SRP"
6909,"позове",2,"SRP"
6910,"позоришним",2,"SRP"
6911,"појаве",2,"SRP"
6912,"појави",2,"SRP"
6913,"појавио",2,"SRP"
6914,"појаву",2,"SRP"
6915,"појам",2,"SRP"
6916,"појачан",2,"SRP"
6917,"појединачних",2,"SRP"
6918,"појединачној",2,"SRP"
6919,"поједине",2,"SRP"
6920,"поједини",2,"SRP"
6921,"појединци",2,"SRP"
6922,"показао",2,"SRP"
6923,"показује",2,"SRP"
6924,"поклон",2,"SRP"
6925,"поклоне",2,"SRP"
6926,"поклонили",2,"SRP"
6927,"покојник",2,"SRP"
6928,"покрене",2,"SRP"
6929,"покренемо",2,"SRP"
6930,"покренуло",2,"SRP"
6931,"покров",2,"SRP"
6932,"покровитељ",2,"SRP"
6933,"покушавамо",2,"SRP"
6934,"покушај",2,"SRP"
6935,"покушајима",2,"SRP"
6936,"покушали",2,"SRP"
6937,"полазак",2,"SRP"
6938,"полази",2,"SRP"
6939,"полазиште",2,"SRP"
6940,"полазници",2,"SRP"
6941,"полазницима",2,"SRP"
6942,"полетарце",2,"SRP"
6943,"поликлинике",2,"SRP"
6944,"политиком",2,"SRP"
6945,"полиција",2,"SRP"
6946,"половина",2,"SRP"
6947,"половином",2,"SRP"
6948,"положили",2,"SRP"
6949,"полусезону",2,"SRP"
6950,"полуфиналу",2,"SRP"
6951,"пољопривредна",2,"SRP"
6952,"пољопривредника",2,"SRP"
6953,"пољопривреднике",2,"SRP"
6954,"пољопривредних",2,"SRP"
6955,"пољопривредници",2,"SRP"
6956,"пољопривредницима",2,"SRP"
6957,"пољопривредном",2,"SRP"
6958,"пољопривреду",2,"SRP"
6959,"помагала",2,"SRP"
6960,"помагао",2,"SRP"
6961,"помаже",2,"SRP"
6962,"помажемо",2,"SRP"
6963,"помене",2,"SRP"
6964,"помиње",2,"SRP"
6965,"помогао",2,"SRP"
6966,"помогле",2,"SRP"
6967,"помоћни",2,"SRP"
6968,"понавља",2,"SRP"
6969,"понављао",2,"SRP"
6970,"понашања",2,"SRP"
6971,"понашање",2,"SRP"
6972,"понедељком",2,"SRP"
6973,"понели",2,"SRP"
6974,"понети",2,"SRP"
6975,"понови",2,"SRP"
6976,"поносан",2,"SRP"
6977,"поносимо",2,"SRP"
6978,"поносна",2,"SRP"
6979,"поносом",2,"SRP"
6980,"поноћ",2,"SRP"
6981,"понуђач",2,"SRP"
6982,"попису",2,"SRP"
6983,"поправити",2,"SRP"
6984,"популарне",2,"SRP"
6985,"популација",2,"SRP"
6986,"популације",2,"SRP"
6987,"попуњавањем",2,"SRP"
6988,"порастао",2,"SRP"
6989,"пореди",2,"SRP"
6990,"поређењу",2,"SRP"
6991,"поремећај",2,"SRP"
6992,"поремећаја",2,"SRP"
6993,"пореска",2,"SRP"
6994,"пореске",2,"SRP"
6995,"породицом",2,"SRP"
6996,"породичне",2,"SRP"
6997,"породични",2,"SRP"
6998,"породичном",2,"SRP"
6999,"порти",2,"SRP"
7000,"поручила",2,"SRP"
7001,"поручују",2,"SRP"
7002,"посвети",2,"SRP"
7003,"посветио",2,"SRP"
7004,"посветити",2,"SRP"
7005,"посвећена",2,"SRP"
7006,"посвећеност",2,"SRP"
7007,"посвећености",2,"SRP"
7008,"посвећују",2,"SRP"
7009,"посебне",2,"SRP"
7010,"посебних",2,"SRP"
7011,"посебног",2,"SRP"
7012,"поседују",2,"SRP"
7013,"посетиоце",2,"SRP"
7014,"посетиоцима",2,"SRP"
7015,"посету",2,"SRP"
7016,"поскупело",2,"SRP"
7017,"поскупљења",2,"SRP"
7018,"послали",2,"SRP"
7019,"посланика",2,"SRP"
7020,"послао",2,"SRP"
7021,"послатих",2,"SRP"
7022,"последицама",2,"SRP"
7023,"последњем",2,"SRP"
7024,"последњој",2,"SRP"
7025,"пословање",2,"SRP"
7026,"послови",2,"SRP"
7027,"пословне",2,"SRP"
7028,"пословни",2,"SRP"
7029,"послодавца",2,"SRP"
7030,"послује",2,"SRP"
7031,"посматрају",2,"SRP"
7032,"посредника",2,"SRP"
7033,"поставе",2,"SRP"
7034,"поставимо",2,"SRP"
7035,"поставке",2,"SRP"
7036,"постављања",2,"SRP"
7037,"постају",2,"SRP"
7038,"постигне",2,"SRP"
7039,"постигнутим",2,"SRP"
7040,"постићи",2,"SRP"
7041,"постојала",2,"SRP"
7042,"поступак",2,"SRP"
7043,"поступка",2,"SRP"
7044,"поступку",2,"SRP"
7045,"потврда",2,"SRP"
7046,"потез",2,"SRP"
7047,"потекло",2,"SRP"
7048,"потенцијал",2,"SRP"
7049,"поток",2,"SRP"
7050,"потписа",2,"SRP"
7051,"потписао",2,"SRP"
7052,"потписује",2,"SRP"
7053,"потпредседник",2,"SRP"
7054,"потпуну",2,"SRP"
7055,"потребан",2,"SRP"
7056,"потреби",2,"SRP"
7057,"потребних",2,"SRP"
7058,"потрошња",2,"SRP"
7059,"потрошње",2,"SRP"
7060,"потрошњи",2,"SRP"
7061,"потрудили",2,"SRP"
7062,"потрудити",2,"SRP"
7063,"похађање",2,"SRP"
7064,"похвалио",2,"SRP"
7065,"почасни",2,"SRP"
7066,"почетних",2,"SRP"
7067,"почне",2,"SRP"
7068,"поште",2,"SRP"
7069,"поштени",2,"SRP"
7070,"прă",2,"SRP"
7071,"правац",2,"SRP"
7072,"праведна",2,"SRP"
7073,"правилно",2,"SRP"
7074,"правимо",2,"SRP"
7075,"прављење",2,"SRP"
7076,"правник",2,"SRP"
7077,"правних",2,"SRP"
7078,"правој",2,"SRP"
7079,"православне",2,"SRP"
7080,"православно",2,"SRP"
7081,"празна",2,"SRP"
7082,"празнике",2,"SRP"
7083,"празнују",2,"SRP"
7084,"практично",2,"SRP"
7085,"прате",2,"SRP"
7086,"пратити",2,"SRP"
7087,"праунук",2,"SRP"
7088,"првачића",2,"SRP"
7089,"првенствено",2,"SRP"
7090,"првим",2,"SRP"
7091,"првима",2,"SRP"
7092,"пребацити",2,"SRP"
7093,"превелики",2,"SRP"
7094,"превентивно",2,"SRP"
7095,"превенцију",2,"SRP"
7096,"прегледао",2,"SRP"
7097,"прегледе",2,"SRP"
7098,"прегледима",2,"SRP"
7099,"предавала",2,"SRP"
7100,"предавањима",2,"SRP"
7101,"предавао",2,"SRP"
7102,"преданост",2,"SRP"
7103,"предвидео",2,"SRP"
7104,"предвиђених",2,"SRP"
7105,"предговора",2,"SRP"
7106,"предиван",2,"SRP"
7107,"предлажу",2,"SRP"
7108,"предности",2,"SRP"
7109,"предрага",2,"SRP"
7110,"председавао",2,"SRP"
7111,"представљао",2,"SRP"
7112,"представљено",2,"SRP"
7113,"представница",2,"SRP"
7114,"представом",2,"SRP"
7115,"предстојећим",2,"SRP"
7116,"предузетник",2,"SRP"
7117,"предузетници",2,"SRP"
7118,"предшколске",2,"SRP"
7119,"предшколског",2,"SRP"
7120,"прекида",2,"SRP"
7121,"прекинута",2,"SRP"
7122,"прекосутра",2,"SRP"
7123,"прекршаја",2,"SRP"
7124,"прелази",2,"SRP"
7125,"прележао",2,"SRP"
7126,"прељина",2,"SRP"
7127,"премештати",2,"SRP"
7128,"премијерка",2,"SRP"
7129,"преминулих",2,"SRP"
7130,"преносе",2,"SRP"
7131,"преноси",2,"SRP"
7132,"преовлађиваће",2,"SRP"
7133,"преокрета",2,"SRP"
7134,"препознавања",2,"SRP"
7135,"препознаје",2,"SRP"
7136,"препознала",2,"SRP"
7137,"препознатљив",2,"SRP"
7138,"препоручених",2,"SRP"
7139,"препрекама",2,"SRP"
7140,"прераду",2,"SRP"
7141,"престижне",2,"SRP"
7142,"престижно",2,"SRP"
7143,"престоници",2,"SRP"
7144,"престоницу",2,"SRP"
7145,"претерано",2,"SRP"
7146,"претходна",2,"SRP"
7147,"претходним",2,"SRP"
7148,"преузела",2,"SRP"
7149,"преузимање",2,"SRP"
7150,"преци",2,"SRP"
7151,"прецизно",2,"SRP"
7152,"приближи",2,"SRP"
7153,"приближимо",2,"SRP"
7154,"приближити",2,"SRP"
7155,"прибој",2,"SRP"
7156,"прибора",2,"SRP"
7157,"привлачи",2,"SRP"
7158,"привреде",2,"SRP"
7159,"привреднике",2,"SRP"
7160,"привреду",2,"SRP"
7161,"привремене",2,"SRP"
7162,"придворици",2,"SRP"
7163,"придружити",2,"SRP"
7164,"приђу",2,"SRP"
7165,"призива",2,"SRP"
7166,"признати",2,"SRP"
7167,"пријавио",2,"SRP"
7168,"пријављено",2,"SRP"
7169,"пријављивање",2,"SRP"
7170,"пријатан",2,"SRP"
7171,"пријатеље",2,"SRP"
7172,"пријатељство",2,"SRP"
7173,"пријатна",2,"SRP"
7174,"пријатно",2,"SRP"
7175,"пријем",2,"SRP"
7176,"приказали",2,"SRP"
7177,"приказана",2,"SRP"
7178,"приказано",2,"SRP"
7179,"прикључак",2,"SRP"
7180,"прикупљање",2,"SRP"
7181,"прилагоде",2,"SRP"
7182,"прилагођене",2,"SRP"
7183,"прилаз",2,"SRP"
7184,"прима",2,"SRP"
7185,"приме",2,"SRP"
7186,"применити",2,"SRP"
7187,"приметио",2,"SRP"
7188,"примећује",2,"SRP"
7189,"прими",2,"SRP"
7190,"примио",2,"SRP"
7191,"примирја",2,"SRP"
7192,"приоритетима",2,"SRP"
7193,"припадници",2,"SRP"
7194,"припасти",2,"SRP"
7195,"приповедака",2,"SRP"
7196,"приправништво",2,"SRP"
7197,"припремала",2,"SRP"
7198,"припремама",2,"SRP"
7199,"припреми",2,"SRP"
7200,"припремљено",2,"SRP"
7201,"припремне",2,"SRP"
7202,"припремом",2,"SRP"
7203,"приредбама",2,"SRP"
7204,"приредио",2,"SRP"
7205,"приређивали",2,"SRP"
7206,"природа",2,"SRP"
7207,"природним",2,"SRP"
7208,"природних",2,"SRP"
7209,"природу",2,"SRP"
7210,"прислоници",2,"SRP"
7211,"приступ",2,"SRP"
7212,"присуствовали",2,"SRP"
7213,"присуствовати",2,"SRP"
7214,"присуствујете",2,"SRP"
7215,"присутне",2,"SRP"
7216,"присутно",2,"SRP"
7217,"прихватили",2,"SRP"
7218,"причај",2,"SRP"
7219,"причама",2,"SRP"
7220,"проба",2,"SRP"
7221,"пробају",2,"SRP"
7222,"пробамо",2,"SRP"
7223,"проблеми",2,"SRP"
7224,"проблемом",2,"SRP"
7225,"проведе",2,"SRP"
7226,"прогласио",2,"SRP"
7227,"прогнозира",2,"SRP"
7228,"програмирања",2,"SRP"
7229,"програмом",2,"SRP"
7230,"програмски",2,"SRP"
7231,"продаја",2,"SRP"
7232,"продукције",2,"SRP"
7233,"производњом",2,"SRP"
7234,"проистекла",2,"SRP"
7235,"пројекти",2,"SRP"
7236,"пролазу",2,"SRP"
7237,"промена",2,"SRP"
7238,"промени",2,"SRP"
7239,"променили",2,"SRP"
7240,"променило",2,"SRP"
7241,"променио",2,"SRP"
7242,"променљиву",2,"SRP"
7243,"промену",2,"SRP"
7244,"промењена",2,"SRP"
7245,"промету",2,"SRP"
7246,"промовишу",2,"SRP"
7247,"промотер",2,"SRP"
7248,"пронађе",2,"SRP"
7249,"пронађени",2,"SRP"
7250,"пронађу",2,"SRP"
7251,"пронаћи",2,"SRP"
7252,"пронашли",2,"SRP"
7253,"прописане",2,"SRP"
7254,"прописима",2,"SRP"
7255,"пропусти",2,"SRP"
7256,"просвета",2,"SRP"
7257,"просветна",2,"SRP"
7258,"просечна",2,"SRP"
7259,"просечне",2,"SRP"
7260,"прославио",2,"SRP"
7261,"прославу",2,"SRP"
7262,"просто",2,"SRP"
7263,"просторија",2,"SRP"
7264,"прота",2,"SRP"
7265,"протекао",2,"SRP"
7266,"противвредности",2,"SRP"
7267,"противепидемијских",2,"SRP"
7268,"противници",2,"SRP"
7269,"проучавање",2,"SRP"
7270,"професионалне",2,"SRP"
7271,"професионални",2,"SRP"
7272,"професоре",2,"SRP"
7273,"професорка",2,"SRP"
7274,"професорке",2,"SRP"
7275,"професору",2,"SRP"
7276,"профилу",2,"SRP"
7277,"процедуре",2,"SRP"
7278,"проценио",2,"SRP"
7279,"процењује",2,"SRP"
7280,"проширити",2,"SRP"
7281,"прошло",2,"SRP"
7282,"прошлој",2,"SRP"
7283,"прскају",2,"SRP"
7284,"пругу",2,"SRP"
7285,"пружања",2,"SRP"
7286,"пружању",2,"SRP"
7287,"пруже",2,"SRP"
7288,"пружена",2,"SRP"
7289,"пружила",2,"SRP"
7290,"психолога",2,"SRP"
7291,"публикације",2,"SRP"
7292,"пуковника",2,"SRP"
7293,"пуних",2,"SRP"
7294,"пунктовима",2,"SRP"
7295,"пуном",2,"SRP"
7296,"пуну",2,"SRP"
7297,"путарине",2,"SRP"
7298,"путовала",2,"SRP"
7299,"путовања",2,"SRP"
7300,"пушком",2,"SRP"
7301,"равно",2,"SRP"
7302,"равноправност",2,"SRP"
7303,"радионица",2,"SRP"
7304,"радишић",2,"SRP"
7305,"радници",2,"SRP"
7306,"радницима",2,"SRP"
7307,"радно",2,"SRP"
7308,"радње",2,"SRP"
7309,"радовали",2,"SRP"
7310,"радозналост",2,"SRP"
7311,"радојевић",2,"SRP"
7312,"радомир",2,"SRP"
7313,"радошћу",2,"SRP"
7314,"ражњу",2,"SRP"
7315,"развија",2,"SRP"
7316,"развојни",2,"SRP"
7317,"разговара",2,"SRP"
7318,"разговарали",2,"SRP"
7319,"разговарати",2,"SRP"
7320,"разговор",2,"SRP"
7321,"разговори",2,"SRP"
7322,"разлике",2,"SRP"
7323,"размишља",2,"SRP"
7324,"размишљања",2,"SRP"
7325,"разочаран",2,"SRP"
7326,"разредима",2,"SRP"
7327,"разумевању",2,"SRP"
7328,"разумети",2,"SRP"
7329,"разумљиво",2,"SRP"
7330,"раичић",2,"SRP"
7331,"рајха",2,"SRP"
7332,"ракија",2,"SRP"
7333,"рам",2,"SRP"
7334,"рамић",2,"SRP"
7335,"рамова",2,"SRP"
7336,"рангу",2,"SRP"
7337,"ранђеловић",2,"SRP"
7338,"ранитовић",2,"SRP"
7339,"ранко",2,"SRP"
7340,"расвете",2,"SRP"
7341,"расписало",2,"SRP"
7342,"расписан",2,"SRP"
7343,"расположење",2,"SRP"
7344,"расположивих",2,"SRP"
7345,"распон",2,"SRP"
7346,"распону",2,"SRP"
7347,"распоређена",2,"SRP"
7348,"ратне",2,"SRP"
7349,"ратова",2,"SRP"
7350,"рацковић",2,"SRP"
7351,"рачунара",2,"SRP"
7352,"рачунаре",2,"SRP"
7353,"рачуне",2,"SRP"
7354,"рашку",2,"SRP"
7355,"реалан",2,"SRP"
7356,"реализације",2,"SRP"
7357,"реализовали",2,"SRP"
7358,"реализован",2,"SRP"
7359,"реализоване",2,"SRP"
7360,"реализовано",2,"SRP"
7361,"реализовати",2,"SRP"
7362,"реализујемо",2,"SRP"
7363,"реализују",2,"SRP"
7364,"реална",2,"SRP"
7365,"ревизији",2,"SRP"
7366,"регији",2,"SRP"
7367,"региона",2,"SRP"
7368,"регионалног",2,"SRP"
7369,"регистар",2,"SRP"
7370,"регистрован",2,"SRP"
7371,"редакција",2,"SRP"
7372,"редитеља",2,"SRP"
7373,"редовна",2,"SRP"
7374,"редуковање",2,"SRP"
7375,"режим",2,"SRP"
7376,"режима",2,"SRP"
7377,"режирао",2,"SRP"
7378,"резерве",2,"SRP"
7379,"реконструисано",2,"SRP"
7380,"рекорде",2,"SRP"
7381,"репертоар",2,"SRP"
7382,"репом",2,"SRP"
7383,"репрезентативац",2,"SRP"
7384,"репрезентација",2,"SRP"
7385,"репрезентацијом",2,"SRP"
7386,"републичким",2,"SRP"
7387,"републичких",2,"SRP"
7388,"републичкој",2,"SRP"
7389,"ресорног",2,"SRP"
7390,"рестаурација",2,"SRP"
7391,"референдум",2,"SRP"
7392,"референдуму",2,"SRP"
7393,"рехабилитацији",2,"SRP"
7394,"рече",2,"SRP"
7395,"решењем",2,"SRP"
7396,"реши",2,"SRP"
7397,"решила",2,"SRP"
7398,"решимо",2,"SRP"
7399,"рзс",2,"SRP"
7400,"рибар",2,"SRP"
7401,"рибу",2,"SRP"
7402,"рик",2,"SRP"
7403,"римских",2,"SRP"
7404,"рисим",2,"SRP"
7405,"роботике",2,"SRP"
7406,"родбине",2,"SRP"
7407,"родитељ",2,"SRP"
7408,"родитељу",2,"SRP"
7409,"родној",2,"SRP"
7410,"родом",2,"SRP"
7411,"роду",2,"SRP"
7412,"рођендана",2,"SRP"
7413,"рођени",2,"SRP"
7414,"рођено",2,"SRP"
7415,"рокенрола",2,"SRP"
7416,"ротари",2,"SRP"
7417,"рс",2,"SRP"
7418,"рудне",2,"SRP"
7419,"рудник",2,"SRP"
7420,"руком",2,"SRP"
7421,"румуњ",2,"SRP"
7422,"рупа",2,"SRP"
7423,"руски",2,"SRP"
7424,"руског",2,"SRP"
7425,"ручно",2,"SRP"
7426,"рхмз",2,"SRP"
7427,"саборске",2,"SRP"
7428,"савесном",2,"SRP"
7429,"савиње",2,"SRP"
7430,"савладао",2,"SRP"
7431,"савремена",2,"SRP"
7432,"сагледавања",2,"SRP"
7433,"садашње",2,"SRP"
7434,"саднице",2,"SRP"
7435,"садног",2,"SRP"
7436,"садржаји",2,"SRP"
7437,"сазнајемо",2,"SRP"
7438,"сазнала",2,"SRP"
7439,"сазнања",2,"SRP"
7440,"сазревање",2,"SRP"
7441,"сајт",2,"SRP"
7442,"сакупљају",2,"SRP"
7443,"сале",2,"SRP"
7444,"самостално",2,"SRP"
7445,"самоуправe",2,"SRP"
7446,"саму",2,"SRP"
7447,"санацију",2,"SRP"
7448,"санитарије",2,"SRP"
7449,"сања",2,"SRP"
7450,"саобраћајним",2,"SRP"
7451,"саобраћајних",2,"SRP"
7452,"саобраћајну",2,"SRP"
7453,"саопштило",2,"SRP"
7454,"сара",2,"SRP"
7455,"сарадника",2,"SRP"
7456,"сарађивао",2,"SRP"
7457,"сарајеву",2,"SRP"
7458,"састава",2,"SRP"
7459,"саставни",2,"SRP"
7460,"саставу",2,"SRP"
7461,"састанку",2,"SRP"
7462,"састаће",2,"SRP"
7463,"сахране",2,"SRP"
7464,"сачували",2,"SRP"
7465,"св",2,"SRP"
7466,"свадбе",2,"SRP"
7467,"свађају",2,"SRP"
7468,"свакодневице",2,"SRP"
7469,"свакодневном",2,"SRP"
7470,"сведоци",2,"SRP"
7471,"свежије",2,"SRP"
7472,"свестраност",2,"SRP"
7473,"светим",2,"SRP"
7474,"светиње",2,"SRP"
7475,"светитеља",2,"SRP"
7476,"светосавска",2,"SRP"
7477,"светске",2,"SRP"
7478,"светској",2,"SRP"
7479,"свечаног",2,"SRP"
7480,"свештеника",2,"SRP"
7481,"свештеници",2,"SRP"
7482,"свилајнцу",2,"SRP"
7483,"свирају",2,"SRP"
7484,"свједоци",2,"SRP"
7485,"свога",2,"SRP"
7486,"својина",2,"SRP"
7487,"својству",2,"SRP"
7488,"север",2,"SRP"
7489,"севера",2,"SRP"
7490,"северној",2,"SRP"
7491,"седе",2,"SRP"
7492,"седмично",2,"SRP"
7493,"седморо",2,"SRP"
7494,"сезонска",2,"SRP"
7495,"секретара",2,"SRP"
7496,"секција",2,"SRP"
7497,"селе",2,"SRP"
7498,"селектор",2,"SRP"
7499,"селекција",2,"SRP"
7500,"семинар",2,"SRP"
7501,"семинара",2,"SRP"
7502,"семинаре",2,"SRP"
7503,"сенић",2,"SRP"
7504,"сеобе",2,"SRP"
7505,"сеоским",2,"SRP"
7506,"сеоских",2,"SRP"
7507,"сеоско",2,"SRP"
7508,"сеоског",2,"SRP"
7509,"септембру",2,"SRP"
7510,"сервис",2,"SRP"
7511,"серији",2,"SRP"
7512,"сесије",2,"SRP"
7513,"сестара",2,"SRP"
7514,"сећам",2,"SRP"
7515,"сигнале",2,"SRP"
7516,"сигнализацију",2,"SRP"
7517,"сигуран",2,"SRP"
7518,"сигурне",2,"SRP"
7519,"сигурност",2,"SRP"
7520,"сида",2,"SRP"
7521,"сикимић",2,"SRP"
7522,"симболе",2,"SRP"
7523,"симболику",2,"SRP"
7524,"симболичан",2,"SRP"
7525,"симулације",2,"SRP"
7526,"синглови",2,"SRP"
7527,"сину",2,"SRP"
7528,"сировину",2,"SRP"
7529,"систему",2,"SRP"
7530,"ситуацијом",2,"SRP"
7531,"скго",2,"SRP"
7532,"скроман",2,"SRP"
7533,"скулптура",2,"SRP"
7534,"скулптурама",2,"SRP"
7535,"слаба",2,"SRP"
7536,"славица",2,"SRP"
7537,"слађана",2,"SRP"
7538,"слатина",2,"SRP"
7539,"следећа",2,"SRP"
7540,"следећем",2,"SRP"
7541,"следећу",2,"SRP"
7542,"слепе",2,"SRP"
7543,"сликарки",2,"SRP"
7544,"слободна",2,"SRP"
7545,"словом",2,"SRP"
7546,"слоганом",2,"SRP"
7547,"слоге",2,"SRP"
7548,"службени",2,"SRP"
7549,"службу",2,"SRP"
7550,"служити",2,"SRP"
7551,"случајних",2,"SRP"
7552,"смањен",2,"SRP"
7553,"смањења",2,"SRP"
7554,"смањење",2,"SRP"
7555,"смањењу",2,"SRP"
7556,"смера",2,"SRP"
7557,"смета",2,"SRP"
7558,"сметња",2,"SRP"
7559,"сметњама",2,"SRP"
7560,"смећара",2,"SRP"
7561,"смеће",2,"SRP"
7562,"смеха",2,"SRP"
7563,"смештен",2,"SRP"
7564,"смисао",2,"SRP"
7565,"смисла",2,"SRP"
7566,"смислом",2,"SRP"
7567,"смотре",2,"SRP"
7568,"смрадови",2,"SRP"
7569,"снажна",2,"SRP"
7570,"снажно",2,"SRP"
7571,"снегом",2,"SRP"
7572,"снежане",2,"SRP"
7573,"снимака",2,"SRP"
7574,"снове",2,"SRP"
7575,"снс",2,"SRP"
7576,"соби",2,"SRP"
7577,"собом",2,"SRP"
7578,"сој",2,"SRP"
7579,"соло",2,"SRP"
7580,"сопствених",2,"SRP"
7581,"сорта",2,"SRP"
7582,"сорти",2,"SRP"
7583,"софија",2,"SRP"
7584,"социјалним",2,"SRP"
7585,"спадају",2,"SRP"
7586,"спартака",2,"SRP"
7587,"спас",2,"SRP"
7588,"спаса",2,"SRP"
7589,"спасао",2,"SRP"
7590,"сплетом",2,"SRP"
7591,"сплиту",2,"SRP"
7592,"споменик",2,"SRP"
7593,"спортиста",2,"SRP"
7594,"спортом",2,"SRP"
7595,"спортским",2,"SRP"
7596,"спортско",2,"SRP"
7597,"спортску",2,"SRP"
7598,"спремимо",2,"SRP"
7599,"спремност",2,"SRP"
7600,"спречава",2,"SRP"
7601,"спречавају",2,"SRP"
7602,"спречити",2,"SRP"
7603,"спроведене",2,"SRP"
7604,"спровести",2,"SRP"
7605,"спроводе",2,"SRP"
7606,"спроводили",2,"SRP"
7607,"спс",2,"SRP"
7608,"србе",2,"SRP"
7609,"србијом",2,"SRP"
7610,"србина",2,"SRP"
7611,"сребрне",2,"SRP"
7612,"сребрном",2,"SRP"
7613,"среди",2,"SRP"
7614,"средини",2,"SRP"
7615,"средином",2,"SRP"
7616,"средину",2,"SRP"
7617,"средњој",2,"SRP"
7618,"срећан",2,"SRP"
7619,"среће",2,"SRP"
7620,"срчаних",2,"SRP"
7621,"стабала",2,"SRP"
7622,"стабилна",2,"SRP"
7623,"стави",2,"SRP"
7624,"ставимо",2,"SRP"
7625,"стазама",2,"SRP"
7626,"стази",2,"SRP"
7627,"сталним",2,"SRP"
7628,"сталном",2,"SRP"
7629,"стамбени",2,"SRP"
7630,"стамбених",2,"SRP"
7631,"стамбеног",2,"SRP"
7632,"стаменковски",2,"SRP"
7633,"стамнице",2,"SRP"
7634,"стана",2,"SRP"
7635,"стандард",2,"SRP"
7636,"стандардима",2,"SRP"
7637,"станове",2,"SRP"
7638,"старачких",2,"SRP"
7639,"старења",2,"SRP"
7640,"старешина",2,"SRP"
7641,"старија",2,"SRP"
7642,"старом",2,"SRP"
7643,"стартап",2,"SRP"
7644,"стартовали",2,"SRP"
7645,"стартовало",2,"SRP"
7646,"старту",2,"SRP"
7647,"стати",2,"SRP"
7648,"статистички",2,"SRP"
7649,"стваралаштвом",2,"SRP"
7650,"стварали",2,"SRP"
7651,"стварамо",2,"SRP"
7652,"ствараоца",2,"SRP"
7653,"стварима",2,"SRP"
7654,"створила",2,"SRP"
7655,"створили",2,"SRP"
7656,"степе",2,"SRP"
7657,"степену",2,"SRP"
7658,"стечено",2,"SRP"
7659,"стигне",2,"SRP"
7660,"стилове",2,"SRP"
7661,"стих",2,"SRP"
7662,"стихове",2,"SRP"
7663,"сто",2,"SRP"
7664,"стојадиновић",2,"SRP"
7665,"стоке",2,"SRP"
7666,"стокић",2,"SRP"
7667,"столарије",2,"SRP"
7668,"стомак",2,"SRP"
7669,"стопу",2,"SRP"
7670,"стотина",2,"SRP"
7671,"стотинак",2,"SRP"
7672,"стотину",2,"SRP"
7673,"сточари",2,"SRP"
7674,"страдалима",2,"SRP"
7675,"страдање",2,"SRP"
7676,"страха",2,"SRP"
7677,"стрелца",2,"SRP"
7678,"стрелци",2,"SRP"
7679,"строг",2,"SRP"
7680,"стрпљење",2,"SRP"
7681,"стручно",2,"SRP"
7682,"стручњака",2,"SRP"
7683,"студената",2,"SRP"
7684,"студенте",2,"SRP"
7685,"суботица",2,"SRP"
7686,"суботом",2,"SRP"
7687,"сувој",2,"SRP"
7688,"суграђани",2,"SRP"
7689,"суграђанка",2,"SRP"
7690,"судбине",2,"SRP"
7691,"судбину",2,"SRP"
7692,"судова",2,"SRP"
7693,"суђења",2,"SRP"
7694,"сузе",2,"SRP"
7695,"сукоба",2,"SRP"
7696,"сумњу",2,"SRP"
7697,"сунцем",2,"SRP"
7698,"сунцобрана",2,"SRP"
7699,"сунчаним",2,"SRP"
7700,"суочавају",2,"SRP"
7701,"супруг",2,"SRP"
7702,"суснежица",2,"SRP"
7703,"суснежицу",2,"SRP"
7704,"сусрео",2,"SRP"
7705,"суша",2,"SRP"
7706,"суше",2,"SRP"
7707,"суштина",2,"SRP"
7708,"схвате",2,"SRP"
7709,"схватили",2,"SRP"
7710,"сходно",2,"SRP"
7711,"сцена",2,"SRP"
7712,"сценама",2,"SRP"
7713,"сш",2,"SRP"
7714,"табеле",2,"SRP"
7715,"табели",2,"SRP"
7716,"таблете",2,"SRP"
7717,"табу",2,"SRP"
7718,"тад",2,"SRP"
7719,"тајсић",2,"SRP"
7720,"так",2,"SRP"
7721,"такви",2,"SRP"
7722,"таквом",2,"SRP"
7723,"такмичар",2,"SRP"
7724,"такмичарског",2,"SRP"
7725,"такмиче",2,"SRP"
7726,"такмичи",2,"SRP"
7727,"такмичиће",2,"SRP"
7728,"таковска",2,"SRP"
7729,"такозвана",2,"SRP"
7730,"такси",2,"SRP"
7731,"талентовани",2,"SRP"
7732,"тамара",2,"SRP"
7733,"тамном",2,"SRP"
7734,"тачка",2,"SRP"
7735,"тачке",2,"SRP"
7736,"твојим",2,"SRP"
7737,"тврђаве",2,"SRP"
7738,"театар",2,"SRP"
7739,"тезге",2,"SRP"
7740,"текеришу",2,"SRP"
7741,"текстова",2,"SRP"
7742,"текстове",2,"SRP"
7743,"тексту",2,"SRP"
7744,"тектум",2,"SRP"
7745,"текућег",2,"SRP"
7746,"тела",2,"SRP"
7747,"телевизију",2,"SRP"
7748,"телесних",2,"SRP"
7749,"телефоне",2,"SRP"
7750,"телефони",2,"SRP"
7751,"темама",2,"SRP"
7752,"температуром",2,"SRP"
7753,"темпераутра",2,"SRP"
7754,"теорије",2,"SRP"
7755,"теренима",2,"SRP"
7756,"терет",2,"SRP"
7757,"територију",2,"SRP"
7758,"тесла",2,"SRP"
7759,"технички",2,"SRP"
7760,"технологије",2,"SRP"
7761,"технолошки",2,"SRP"
7762,"технолошко",2,"SRP"
7763,"тешку",2,"SRP"
7764,"тимом",2,"SRP"
7765,"тимотијевић",2,"SRP"
7766,"тимски",2,"SRP"
7767,"типа",2,"SRP"
7768,"тиче",2,"SRP"
7769,"тичу",2,"SRP"
7770,"тогодишња",2,"SRP"
7771,"тока",2,"SRP"
7772,"токове",2,"SRP"
7773,"томашевић",2,"SRP"
7774,"топао",2,"SRP"
7775,"топлана",2,"SRP"
7776,"топлане",2,"SRP"
7777,"топли",2,"SRP"
7778,"тополе",2,"SRP"
7779,"торнадо",2,"SRP"
7780,"траг",2,"SRP"
7781,"трага",2,"SRP"
7782,"трагајући",2,"SRP"
7783,"трагове",2,"SRP"
7784,"традицији",2,"SRP"
7785,"тражио",2,"SRP"
7786,"тражити",2,"SRP"
7787,"трајању",2,"SRP"
7788,"трајао",2,"SRP"
7789,"трајно",2,"SRP"
7790,"трактора",2,"SRP"
7791,"трансфер",2,"SRP"
7792,"трбушана",2,"SRP"
7793,"трбушани",2,"SRP"
7794,"трговаца",2,"SRP"
7795,"тренд",2,"SRP"
7796,"трендова",2,"SRP"
7797,"тренинге",2,"SRP"
7798,"тренингу",2,"SRP"
7799,"тренирам",2,"SRP"
7800,"тренирао",2,"SRP"
7801,"тренутка",2,"SRP"
7802,"третман",2,"SRP"
7803,"третмане",2,"SRP"
7804,"трећа",2,"SRP"
7805,"тржиште",2,"SRP"
7806,"трибине",2,"SRP"
7807,"трибину",2,"SRP"
7808,"тридесетак",2,"SRP"
7809,"тријажне",2,"SRP"
7810,"тринаест",2,"SRP"
7811,"тринаесторо",2,"SRP"
7812,"трио",2,"SRP"
7813,"триста",2,"SRP"
7814,"тројице",2,"SRP"
7815,"тројке",2,"SRP"
7816,"тропски",2,"SRP"
7817,"трошкови",2,"SRP"
7818,"трпи",2,"SRP"
7819,"трубачки",2,"SRP"
7820,"труда",2,"SRP"
7821,"трудити",2,"SRP"
7822,"тужилаштва",2,"SRP"
7823,"тунелу",2,"SRP"
7824,"туристима",2,"SRP"
7825,"туристичку",2,"SRP"
7826,"турске",2,"SRP"
7827,"туцовића",2,"SRP"
7828,"ћ",2,"SRP"
7829,"ћелије",2,"SRP"
7830,"ћерка",2,"SRP"
7831,"ћерке",2,"SRP"
7832,"ћерку",2,"SRP"
7833,"ћирило",2,"SRP"
7834,"ћирић",2,"SRP"
7835,"ћуприји",2,"SRP"
7836,"убијали",2,"SRP"
7837,"убијен",2,"SRP"
7838,"ублажавању",2,"SRP"
7839,"убрзано",2,"SRP"
7840,"убудуће",2,"SRP"
7841,"увере",2,"SRP"
7842,"увиђај",2,"SRP"
7843,"увод",2,"SRP"
7844,"увођења",2,"SRP"
7845,"уг",2,"SRP"
7846,"уговором",2,"SRP"
7847,"угоститељску",2,"SRP"
7848,"уграђен",2,"SRP"
7849,"угрожена",2,"SRP"
7850,"удовичић",2,"SRP"
7851,"уђу",2,"SRP"
7852,"ужице",2,"SRP"
7853,"узбудљиве",2,"SRP"
7854,"узима",2,"SRP"
7855,"узнемирава",2,"SRP"
7856,"узорак",2,"SRP"
7857,"узори",2,"SRP"
7858,"узорка",2,"SRP"
7859,"узрасту",2,"SRP"
7860,"узрок",2,"SRP"
7861,"указала",2,"SRP"
7862,"указана",2,"SRP"
7863,"указујући",2,"SRP"
7864,"укидање",2,"SRP"
7865,"уклоне",2,"SRP"
7866,"укључе",2,"SRP"
7867,"укључена",2,"SRP"
7868,"укључене",2,"SRP"
7869,"укључивање",2,"SRP"
7870,"укључила",2,"SRP"
7871,"украјине",2,"SRP"
7872,"украјину",2,"SRP"
7873,"украшена",2,"SRP"
7874,"укупан",2,"SRP"
7875,"укупна",2,"SRP"
7876,"укупне",2,"SRP"
7877,"укус",2,"SRP"
7878,"улагања",2,"SRP"
7879,"улазак",2,"SRP"
7880,"улицу",2,"SRP"
7881,"улоге",2,"SRP"
7882,"ум",2,"SRP"
7883,"умео",2,"SRP"
7884,"уметничка",2,"SRP"
7885,"уметничких",2,"SRP"
7886,"уметничком",2,"SRP"
7887,"умире",2,"SRP"
7888,"умор",2,"SRP"
7889,"умора",2,"SRP"
7890,"унапреде",2,"SRP"
7891,"универзитета",2,"SRP"
7892,"унипромет",2,"SRP"
7893,"унутрашњи",2,"SRP"
7894,"уо",2,"SRP"
7895,"уочава",2,"SRP"
7896,"упаљен",2,"SRP"
7897,"уписали",2,"SRP"
7898,"уписани",2,"SRP"
7899,"уписао",2,"SRP"
7900,"упита",2,"SRP"
7901,"упишем",2,"SRP"
7902,"упозорава",2,"SRP"
7903,"упозорење",2,"SRP"
7904,"упозорио",2,"SRP"
7905,"упоредо",2,"SRP"
7906,"упоређује",2,"SRP"
7907,"упорног",2,"SRP"
7908,"употпуњено",2,"SRP"
7909,"употребе",2,"SRP"
7910,"управља",2,"SRP"
7911,"управљања",2,"SRP"
7912,"упутио",2,"SRP"
7913,"упућено",2,"SRP"
7914,"урадио",2,"SRP"
7915,"урадити",2,"SRP"
7916,"урбанизма",2,"SRP"
7917,"урбаних",2,"SRP"
7918,"уреде",2,"SRP"
7919,"уредник",2,"SRP"
7920,"уроша",2,"SRP"
7921,"урошевић",2,"SRP"
7922,"уручио",2,"SRP"
7923,"усвајања",2,"SRP"
7924,"усвајање",2,"SRP"
7925,"услов",2,"SRP"
7926,"успевају",2,"SRP"
7927,"успевали",2,"SRP"
7928,"успеси",2,"SRP"
7929,"успешан",2,"SRP"
7930,"успешне",2,"SRP"
7931,"успешније",2,"SRP"
7932,"успомена",2,"SRP"
7933,"успомене",2,"SRP"
7934,"успоставили",2,"SRP"
7935,"усред",2,"SRP"
7936,"устава",2,"SRP"
7937,"устанак",2,"SRP"
7938,"усхићење",2,"SRP"
7939,"утакмицама",2,"SRP"
7940,"утиске",2,"SRP"
7941,"утисци",2,"SRP"
7942,"утичемо",2,"SRP"
7943,"ученице",2,"SRP"
7944,"учила",2,"SRP"
7945,"учим",2,"SRP"
7946,"учимо",2,"SRP"
7947,"учини",2,"SRP"
7948,"учио",2,"SRP"
7949,"учитељима",2,"SRP"
7950,"учитељу",2,"SRP"
7951,"уџбеника",2,"SRP"
7952,"ушао",2,"SRP"
7953,"уштеда",2,"SRP"
7954,"фабрици",2,"SRP"
7955,"фаза",2,"SRP"
7956,"факултете",2,"SRP"
7957,"фарме",2,"SRP"
7958,"фб",2,"SRP"
7959,"фејсбук",2,"SRP"
7960,"фекалне",2,"SRP"
7961,"фиксних",2,"SRP"
7962,"филипа",2,"SRP"
7963,"филмова",2,"SRP"
7964,"филмове",2,"SRP"
7965,"филмови",2,"SRP"
7966,"филмовима",2,"SRP"
7967,"филмске",2,"SRP"
7968,"филму",2,"SRP"
7969,"филозофије",2,"SRP"
7970,"филозофског",2,"SRP"
7971,"финансије",2,"SRP"
7972,"финансирати",2,"SRP"
7973,"фнрј",2,"SRP"
7974,"фолк",2,"SRP"
7975,"фолклорних",2,"SRP"
7976,"фондације",2,"SRP"
7977,"форми",2,"SRP"
7978,"формирали",2,"SRP"
7979,"формирање",2,"SRP"
7980,"форум",2,"SRP"
7981,"фото",2,"SRP"
7982,"фотографијама",2,"SRP"
7983,"фотографију",2,"SRP"
7984,"француски",2,"SRP"
7985,"француској",2,"SRP"
7986,"фронт",2,"SRP"
7987,"фронта",2,"SRP"
7988,"фрулаша",2,"SRP"
7989,"фудбалер",2,"SRP"
7990,"фудбалери",2,"SRP"
7991,"фудбалеру",2,"SRP"
7992,"фудбалском",2,"SRP"
7993,"функционисало",2,"SRP"
7994,"хармонику",2,"SRP"
7995,"хвале",2,"SRP"
7996,"хеј",2,"SRP"
7997,"хелп",2,"SRP"
7998,"хероји",2,"SRP"
7999,"херцеговине",2,"SRP"
8000,"хиландар",2,"SRP"
8001,"хирургије",2,"SRP"
8002,"хитно",2,"SRP"
8003,"хитну",2,"SRP"
8004,"хладног",2,"SRP"
8005,"хладноћу",2,"SRP"
8006,"хлеб",2,"SRP"
8007,"холу",2,"SRP"
8008,"хомоља",2,"SRP"
8009,"хора",2,"SRP"
8010,"хорор",2,"SRP"
8011,"хоспитализован",2,"SRP"
8012,"хоћемо",2,"SRP"
8013,"хоћу",2,"SRP"
8014,"храма",2,"SRP"
8015,"храму",2,"SRP"
8016,"хрватског",2,"SRP"
8017,"хрватској",2,"SRP"
8018,"христовог",2,"SRP"
8019,"хришћана",2,"SRP"
8020,"хтели",2,"SRP"
8021,"хттпс",2,"SRP"
8022,"хуман",2,"SRP"
8023,"хуманим",2,"SRP"
8024,"хуманитарну",2,"SRP"
8025,"хуманост",2,"SRP"
8026,"хумора",2,"SRP"
8027,"цане",2,"SRP"
8028,"цару",2,"SRP"
8029,"цевима",2,"SRP"
8030,"целина",2,"SRP"
8031,"централне",2,"SRP"
8032,"централним",2,"SRP"
8033,"централној",2,"SRP"
8034,"центре",2,"SRP"
8035,"центром",2,"SRP"
8036,"церским",2,"SRP"
8037,"цигарета",2,"SRP"
8038,"цикотама",2,"SRP"
8039,"циљева",2,"SRP"
8040,"циљеве",2,"SRP"
8041,"цистерна",2,"SRP"
8042,"цогољевић",2,"SRP"
8043,"црвене",2,"SRP"
8044,"црвеним",2,"SRP"
8045,"црвено",2,"SRP"
8046,"црљенац",2,"SRP"
8047,"црн",2,"SRP"
8048,"црни",2,"SRP"
8049,"црној",2,"SRP"
8050,"црњево",2,"SRP"
8051,"цртежа",2,"SRP"
8052,"чаја",2,"SRP"
8053,"чаробно",2,"SRP"
8054,"часне",2,"SRP"
8055,"часовима",2,"SRP"
8056,"часу",2,"SRP"
8057,"чачанин",2,"SRP"
8058,"чачком",2,"SRP"
8059,"чврсто",2,"SRP"
8060,"чекају",2,"SRP"
8061,"чекали",2,"SRP"
8062,"чекамо",2,"SRP"
8063,"честитају",2,"SRP"
8064,"честитам",2,"SRP"
8065,"четворо",2,"SRP"
8066,"четврти",2,"SRP"
8067,"четврту",2,"SRP"
8068,"чешће",2,"SRP"
8069,"чијем",2,"SRP"
8070,"чина",2,"SRP"
8071,"чинили",2,"SRP"
8072,"чинило",2,"SRP"
8073,"чист",2,"SRP"
8074,"чиста",2,"SRP"
8075,"читаоца",2,"SRP"
8076,"чланице",2,"SRP"
8077,"човечанства",2,"SRP"
8078,"чокешина",2,"SRP"
8079,"чувале",2,"SRP"
8080,"чувамо",2,"SRP"
8081,"чувар",2,"SRP"
8082,"чуо",2,"SRP"
8083,"џез",2,"SRP"
8084,"џезу",2,"SRP"
8085,"џудо",2,"SRP"
8086,"шабац",2,"SRP"
8087,"шабачког",2,"SRP"
8088,"шаке",2,"SRP"
8089,"шала",2,"SRP"
8090,"шаље",2,"SRP"
8091,"шансу",2,"SRP"
8092,"шапоњић",2,"SRP"
8093,"шарани",2,"SRP"
8094,"шаховски",2,"SRP"
8095,"шести",2,"SRP"
8096,"шесторо",2,"SRP"
8097,"шетајући",2,"SRP"
8098,"шеталиште",2,"SRP"
8099,"шеталишту",2,"SRP"
8100,"шешељ",2,"SRP"
8101,"шилопају",2,"SRP"
8102,"шипова",2,"SRP"
8103,"ширем",2,"SRP"
8104,"широк",2,"SRP"
8105,"школом",2,"SRP"
8106,"шљивовица",2,"SRP"
8107,"шљиву",2,"SRP"
8108,"шмита",2,"SRP"
8109,"шпанији",2,"SRP"
8110,"штаб",2,"SRP"
8111,"штаба",2,"SRP"
8112,"штампана",2,"SRP"
8113,"штампу",2,"SRP"
8114,"штандовима",2,"SRP"
8115,"штанду",2,"SRP"
8116,"штету",2,"SRP"
8117,"шуми",2,"SRP"
8118,"шумске",2,"SRP"
