"wordID","word","frequency","language"
1,"eta",2810,"EUS"
2,"da",1140,"EUS"
3,"zen",845,"EUS"
4,"zuen",732,"EUS"
5,"ziren",714,"EUS"
6,"izan",647,"EUS"
7,"ere",633,"EUS"
8,"bere",580,"EUS"
9,"ez",580,"EUS"
10,"bat",576,"EUS"
11,"dira",465,"EUS"
12,"du",424,"EUS"
13,"zuten",307,"EUS"
14,"egin",305,"EUS"
15,"beste",303,"EUS"
16,"baina",296,"EUS"
17,"edo",262,"EUS"
18,"bi",223,"EUS"
19,"zituen",218,"EUS"
20,"ditu",212,"EUS"
21,"dute",202,"EUS"
22,"egiten",185,"EUS"
23,"artean",181,"EUS"
24,"dago",179,"EUS"
25,"hala",174,"EUS"
26,"bizi",172,"EUS"
27,"seme",164,"EUS"
28,"egun",162,"EUS"
29,"hau",161,"EUS"
30,"den",154,"EUS"
31,"familiak",148,"EUS"
32,"batean",142,"EUS"
33,"bakarrik",140,"EUS"
34,"baino",137,"EUS"
35,"behar",134,"EUS"
36,"gaur",131,"EUS"
37,"oso",124,"EUS"
38,"bertan",117,"EUS"
39,"hainbat",116,"EUS"
40,"baten",113,"EUS"
41,"duen",113,"EUS"
42,"zituzten",108,"EUS"
43,"bezala",100,"EUS"
44,"dituzten",99,"EUS"
45,"lehen",98,"EUS"
46,"gainera",93,"EUS"
47,"pertsona",93,"EUS"
48,"dituzte",92,"EUS"
49,"euskal",92,"EUS"
50,"arte",90,"EUS"
51,"batzuk",89,"EUS"
52,"diren",89,"EUS"
53,"hartu",89,"EUS"
54,"erabiltzen",88,"EUS"
55,"batera",86,"EUS"
56,"lan",86,"EUS"
57,"azken",85,"EUS"
58,"eman",85,"EUS"
59,"horien",85,"EUS"
60,"ondoren",85,"EUS"
61,"handia",84,"EUS"
62,"hasi",84,"EUS"
63,"izena",83,"EUS"
64,"sortu",83,"EUS"
65,"daiteke",82,"EUS"
66,"baita",80,"EUS"
67,"batez",80,"EUS"
68,"daude",80,"EUS"
69,"gabeko",80,"EUS"
70,"de",78,"EUS"
71,"dela",78,"EUS"
72,"hori",78,"EUS"
73,"haren",77,"EUS"
74,"hauek",77,"EUS"
75,"hil",77,"EUS"
76,"arabera",75,"EUS"
77,"izango",75,"EUS"
78,"urte",75,"EUS"
79,"bigarren",74,"EUS"
80,"honek",74,"EUS"
81,"nahi",74,"EUS"
82,"alabak",73,"EUS"
83,"arteko",73,"EUS"
84,"esan",73,"EUS"
85,"duten",72,"EUS"
86,"batek",71,"EUS"
87,"beraz",71,"EUS"
88,"ematen",71,"EUS"
89,"alabarik",70,"EUS"
90,"lortu",70,"EUS"
91,"bikoteak",69,"EUS"
92,"gero",69,"EUS"
93,"hartzen",69,"EUS"
94,"alde",68,"EUS"
95,"berean",68,"EUS"
96,"gisa",67,"EUS"
97,"hiru",67,"EUS"
98,"zela",66,"EUS"
99,"zion",66,"EUS"
100,"asko",65,"EUS"
101,"bakarrekoak",64,"EUS"
102,"emakumeak",63,"EUS"
103,"gizonak",63,"EUS"
104,"dena",61,"EUS"
105,"garai",59,"EUS"
106,"zegoen",58,"EUS"
107,"adibidez",57,"EUS"
108,"bidez",57,"EUS"
109,"izaten",57,"EUS"
110,"ondorioz",57,"EUS"
111,"bai",55,"EUS"
112,"8",54,"EUS"
113,"behin",54,"EUS"
114,"egon",54,"EUS"
115,"honen",54,"EUS"
116,"aldiz",53,"EUS"
117,"1",52,"EUS"
118,"era",50,"EUS"
119,"gabe",50,"EUS"
120,"gehiago",50,"EUS"
121,"horiek",50,"EUS"
122,"zehar",50,"EUS"
123,"a",49,"EUS"
124,"egiteko",49,"EUS"
125,"000",48,"EUS"
126,"hasiera",48,"EUS"
127,"3",47,"EUS"
128,"eragin",47,"EUS"
129,"4",46,"EUS"
130,"batzuetan",46,"EUS"
131,"berriz",46,"EUS"
132,"egoera",46,"EUS"
133,"2",45,"EUS"
134,"zenbait",45,"EUS"
135,"12",44,"EUS"
136,"agertzen",44,"EUS"
137,"dituen",44,"EUS"
138,"erabili",44,"EUS"
139,"horrek",44,"EUS"
140,"parte",44,"EUS"
141,"dagoen",43,"EUS"
142,"guztiak",43,"EUS"
143,"hain",43,"EUS"
144,"horren",43,"EUS"
145,"horretan",43,"EUS"
146,"idatzi",43,"EUS"
147,"buruzko",42,"EUS"
148,"haien",42,"EUS"
149,"honetan",42,"EUS"
150,"sistema",42,"EUS"
151,"zeuden",42,"EUS"
152,"duena",41,"EUS"
153,"nagusia",41,"EUS"
154,"zioten",41,"EUS"
155,"bera",40,"EUS"
156,"bitartean",40,"EUS"
157,"estatu",40,"EUS"
158,"geroago",40,"EUS"
159,"hasieran",40,"EUS"
160,"nahiz",40,"EUS"
161,"aldi",39,"EUS"
162,"batetik",39,"EUS"
163,"energia",39,"EUS"
164,"espainiako",39,"EUS"
165,"askotan",38,"EUS"
166,"bada",38,"EUS"
167,"berri",38,"EUS"
168,"mota",38,"EUS"
169,"16",37,"EUS"
170,"egungo",37,"EUS"
171,"hartan",37,"EUS"
172,"izateko",37,"EUS"
173,"ohi",37,"EUS"
174,"sortzen",37,"EUS"
175,"talde",37,"EUS"
176,"5",36,"EUS"
177,"ahal",36,"EUS"
178,"aita",36,"EUS"
179,"arren",36,"EUS"
180,"bakarra",36,"EUS"
181,"daitezke",36,"EUS"
182,"dio",36,"EUS"
183,"direla",36,"EUS"
184,"en",36,"EUS"
185,"izen",36,"EUS"
186,"modu",36,"EUS"
187,"urtean",36,"EUS"
188,"ari",35,"EUS"
189,"bestalde",35,"EUS"
190,"bihurtu",35,"EUS"
191,"hizkuntza",35,"EUS"
192,"inguruan",35,"EUS"
193,"lanak",35,"EUS"
194,"nola",35,"EUS"
195,"utzi",35,"EUS"
196,"zuela",35,"EUS"
197,"burua",34,"EUS"
198,"izeneko",34,"EUS"
199,"moduan",34,"EUS"
200,"sartu",34,"EUS"
201,"aurreko",33,"EUS"
202,"denbora",33,"EUS"
203,"ezin",33,"EUS"
204,"joan",33,"EUS"
205,"bizitza",32,"EUS"
206,"erabaki",32,"EUS"
207,"ezagutzen",32,"EUS"
208,"gain",32,"EUS"
209,"handik",32,"EUS"
210,"izatea",32,"EUS"
211,"mundu",32,"EUS"
212,"oraindik",32,"EUS"
213,"ugari",32,"EUS"
214,"20",31,"EUS"
215,"antzinako",31,"EUS"
216,"aurrera",31,"EUS"
217,"aurretik",31,"EUS"
218,"esker",31,"EUS"
219,"familia",31,"EUS"
220,"herriko",31,"EUS"
221,"inguru",31,"EUS"
222,"non",31,"EUS"
223,"zein",31,"EUS"
224,"15",30,"EUS"
225,"atera",30,"EUS"
226,"beren",30,"EUS"
227,"eremu",30,"EUS"
228,"gainean",30,"EUS"
229,"gutxi",30,"EUS"
230,"han",30,"EUS"
231,"handiagoa",30,"EUS"
232,"lau",30,"EUS"
233,"nagusiak",30,"EUS"
234,"san",30,"EUS"
235,"zena",30,"EUS"
236,"11",29,"EUS"
237,"dauden",29,"EUS"
238,"euren",29,"EUS"
239,"europako",29,"EUS"
240,"jarraitu",29,"EUS"
241,"jaso",29,"EUS"
242,"milioi",29,"EUS"
243,"osoan",29,"EUS"
244,"bertako",28,"EUS"
245,"egingo",28,"EUS"
246,"eraiki",28,"EUS"
247,"handiak",28,"EUS"
248,"la",28,"EUS"
249,"lehenengo",28,"EUS"
250,"azkenik",27,"EUS"
251,"beti",27,"EUS"
252,"biztanleria",27,"EUS"
253,"buruz",27,"EUS"
254,"duela",27,"EUS"
255,"dugu",27,"EUS"
256,"egindako",27,"EUS"
257,"gai",27,"EUS"
258,"gizarte",27,"EUS"
259,"irabazi",27,"EUS"
260,"jarri",27,"EUS"
261,"k",27,"EUS"
262,"munduko",27,"EUS"
263,"ordea",27,"EUS"
264,"osatzen",27,"EUS"
265,"alaba",26,"EUS"
266,"berria",26,"EUS"
267,"errege",26,"EUS"
268,"garrantzitsua",26,"EUS"
269,"guztira",26,"EUS"
270,"jakin",26,"EUS"
271,"jokatu",26,"EUS"
272,"kontuan",26,"EUS"
273,"the",26,"EUS"
274,"zuena",26,"EUS"
275,"zuzen",26,"EUS"
276,"10",25,"EUS"
277,"argitaratu",25,"EUS"
278,"bereziki",25,"EUS"
279,"besteak",25,"EUS"
280,"bide",25,"EUS"
281,"emakume",25,"EUS"
282,"ezaugarri",25,"EUS"
283,"geratu",25,"EUS"
284,"gerra",25,"EUS"
285,"guztiz",25,"EUS"
286,"hitz",25,"EUS"
287,"horrela",25,"EUS"
288,"ia",25,"EUS"
289,"izendatu",25,"EUS"
290,"kilometro",25,"EUS"
291,"maila",25,"EUS"
292,"24",24,"EUS"
293,"7",24,"EUS"
294,"aldaketa",24,"EUS"
295,"balio",24,"EUS"
296,"behineko",24,"EUS"
297,"berak",24,"EUS"
298,"dentsitatea",24,"EUS"
299,"edozein",24,"EUS"
300,"erdi",24,"EUS"
301,"espezie",24,"EUS"
302,"ezaguna",24,"EUS"
303,"gehienak",24,"EUS"
304,"gertatzen",24,"EUS"
305,"gizon",24,"EUS"
306,"ikus",24,"EUS"
307,"itzuli",24,"EUS"
308,"ko",24,"EUS"
309,"ostean",24,"EUS"
310,"zeraman",24,"EUS"
311,"arrakasta",23,"EUS"
312,"aurka",23,"EUS"
313,"batzuek",23,"EUS"
314,"bost",23,"EUS"
315,"eskola",23,"EUS"
316,"helburua",23,"EUS"
317,"herrian",23,"EUS"
318,"kopurua",23,"EUS"
319,"lana",23,"EUS"
320,"nazioarteko",23,"EUS"
321,"soilik",23,"EUS"
322,"urteko",23,"EUS"
323,"zien",23,"EUS"
324,"adierazten",22,"EUS"
325,"ama",22,"EUS"
326,"arazo",22,"EUS"
327,"berriak",22,"EUS"
328,"berriro",22,"EUS"
329,"disko",22,"EUS"
330,"goi",22,"EUS"
331,"handi",22,"EUS"
332,"herri",22,"EUS"
333,"hezkuntza",22,"EUS"
334,"hezkuntzako",22,"EUS"
335,"ikusi",22,"EUS"
336,"jasotzen",22,"EUS"
337,"mailako",22,"EUS"
338,"orduan",22,"EUS"
339,"uste",22,"EUS"
340,"zenean",22,"EUS"
341,"28",21,"EUS"
342,"alderdi",21,"EUS"
343,"asteroideak",21,"EUS"
344,"aukera",21,"EUS"
345,"aurkitu",21,"EUS"
346,"beharko",21,"EUS"
347,"denean",21,"EUS"
348,"garatu",21,"EUS"
349,"halaber",21,"EUS"
350,"handiena",21,"EUS"
351,"izanik",21,"EUS"
352,"kide",21,"EUS"
353,"liburu",21,"EUS"
354,"ondo",21,"EUS"
355,"sartzen",21,"EUS"
356,"ur",21,"EUS"
357,"agertu",20,"EUS"
358,"aldatu",20,"EUS"
359,"askok",20,"EUS"
360,"bati",20,"EUS"
361,"bezalako",20,"EUS"
362,"ekintza",20,"EUS"
363,"eliza",20,"EUS"
364,"emaitza",20,"EUS"
365,"eraikin",20,"EUS"
366,"eskatu",20,"EUS"
367,"i",20,"EUS"
368,"inguruko",20,"EUS"
369,"izendapen",20,"EUS"
370,"kultura",20,"EUS"
371,"metro",20,"EUS"
372,"nahiko",20,"EUS"
373,"taldeak",20,"EUS"
374,"txiki",20,"EUS"
375,"zati",20,"EUS"
376,"zirela",20,"EUS"
377,"zutela",20,"EUS"
378,"9",19,"EUS"
379,"aldean",19,"EUS"
380,"azaltzen",19,"EUS"
381,"barne",19,"EUS"
382,"batekin",19,"EUS"
383,"bateko",19,"EUS"
384,"batzuen",19,"EUS"
385,"biltzen",19,"EUS"
386,"die",19,"EUS"
387,"edota",19,"EUS"
388,"egitea",19,"EUS"
389,"egitura",19,"EUS"
390,"erakusten",19,"EUS"
391,"eskaintzen",19,"EUS"
392,"ezagutu",19,"EUS"
393,"guztia",19,"EUS"
394,"hiria",19,"EUS"
395,"kanpo",19,"EUS"
396,"musika",19,"EUS"
397,"nagusi",19,"EUS"
398,"osoa",19,"EUS"
399,"urteetan",19,"EUS"
400,"zientifikoa",19,"EUS"
401,"argi",18,"EUS"
402,"aurrean",18,"EUS"
403,"baitzen",18,"EUS"
404,"barruan",18,"EUS"
405,"behera",18,"EUS"
406,"diote",18,"EUS"
407,"direnak",18,"EUS"
408,"ekin",18,"EUS"
409,"el",18,"EUS"
410,"enpresa",18,"EUS"
411,"erabilera",18,"EUS"
412,"euskaraz",18,"EUS"
413,"ezarri",18,"EUS"
414,"har",18,"EUS"
415,"herrialde",18,"EUS"
416,"ihes",18,"EUS"
417,"jatorrizko",18,"EUS"
418,"jo",18,"EUS"
419,"km",18,"EUS"
420,"lagun",18,"EUS"
421,"lortzeko",18,"EUS"
422,"neurri",18,"EUS"
423,"zaio",18,"EUS"
424,"100",17,"EUS"
425,"6",17,"EUS"
426,"aritu",17,"EUS"
427,"aroan",17,"EUS"
428,"aurkako",17,"EUS"
429,"badira",17,"EUS"
430,"berezko",17,"EUS"
431,"ek",17,"EUS"
432,"erabat",17,"EUS"
433,"eraman",17,"EUS"
434,"erromatar",17,"EUS"
435,"euskara",17,"EUS"
436,"ezberdinak",17,"EUS"
437,"ezik",17,"EUS"
438,"garrantzi",17,"EUS"
439,"gure",17,"EUS"
440,"hauen",17,"EUS"
441,"hiri",17,"EUS"
442,"ikerketa",17,"EUS"
443,"ikusten",17,"EUS"
444,"inoiz",17,"EUS"
445,"iritsi",17,"EUS"
446,"itsas",17,"EUS"
447,"koadro",17,"EUS"
448,"ageri",16,"EUS"
449,"aldeko",16,"EUS"
450,"amaiera",16,"EUS"
451,"askoz",16,"EUS"
452,"barnean",16,"EUS"
453,"baterako",16,"EUS"
454,"bidaia",16,"EUS"
455,"bidea",16,"EUS"
456,"bilakatu",16,"EUS"
457,"buru",16,"EUS"
458,"dauka",16,"EUS"
459,"dezake",16,"EUS"
460,"ekialdeko",16,"EUS"
461,"erakunde",16,"EUS"
462,"eraso",16,"EUS"
463,"esaterako",16,"EUS"
464,"etxe",16,"EUS"
465,"ezkondu",16,"EUS"
466,"garaian",16,"EUS"
467,"gauza",16,"EUS"
468,"gora",16,"EUS"
469,"handiko",16,"EUS"
470,"helburu",16,"EUS"
471,"horietan",16,"EUS"
472,"iturri",16,"EUS"
473,"kasu",16,"EUS"
474,"luzera",16,"EUS"
475,"m",16,"EUS"
476,"mendebaldeko",16,"EUS"
477,"taldea",16,"EUS"
478,"udalerrian",16,"EUS"
479,"zabaldu",16,"EUS"
480,"30",15,"EUS"
481,"32",15,"EUS"
482,"agindu",15,"EUS"
483,"benetako",15,"EUS"
484,"bete",15,"EUS"
485,"betetzen",15,"EUS"
486,"egokia",15,"EUS"
487,"erraz",15,"EUS"
488,"erresuma",15,"EUS"
489,"espainiar",15,"EUS"
490,"galdu",15,"EUS"
491,"gehien",15,"EUS"
492,"gertatu",15,"EUS"
493,"gutxira",15,"EUS"
494,"hasierako",15,"EUS"
495,"hura",15,"EUS"
496,"idazten",15,"EUS"
497,"ikastetxe",15,"EUS"
498,"informazioa",15,"EUS"
499,"jarraitzen",15,"EUS"
500,"lehenago",15,"EUS"
501,"litzateke",15,"EUS"
502,"lurralde",15,"EUS"
503,"luze",15,"EUS"
504,"munduan",15,"EUS"
505,"ohiko",15,"EUS"
506,"ohikoa",15,"EUS"
507,"oinarritzen",15,"EUS"
508,"onartu",15,"EUS"
509,"amaieran",14,"EUS"
510,"badaude",14,"EUS"
511,"baizik",14,"EUS"
512,"beharrezkoa",14,"EUS"
513,"berehala",14,"EUS"
514,"bidali",14,"EUS"
515,"bitartez",14,"EUS"
516,"datu",14,"EUS"
517,"deitu",14,"EUS"
518,"del",14,"EUS"
519,"diru",14,"EUS"
520,"dituena",14,"EUS"
521,"dutenak",14,"EUS"
522,"eduki",14,"EUS"
523,"egoitza",14,"EUS"
524,"ekarri",14,"EUS"
525,"eragina",14,"EUS"
526,"eraikina",14,"EUS"
527,"erakutsi",14,"EUS"
528,"esaten",14,"EUS"
529,"etxean",14,"EUS"
530,"frantziako",14,"EUS"
531,"gazte",14,"EUS"
532,"genero",14,"EUS"
533,"geruza",14,"EUS"
534,"giza",14,"EUS"
535,"gobernuak",14,"EUS"
536,"gutxiago",14,"EUS"
537,"haur",14,"EUS"
538,"hirugarren",14,"EUS"
539,"honetako",14,"EUS"
540,"hurrengo",14,"EUS"
541,"indar",14,"EUS"
542,"ipar",14,"EUS"
543,"kanpoko",14,"EUS"
544,"kasuan",14,"EUS"
545,"konderriak",14,"EUS"
546,"lortzen",14,"EUS"
547,"lotura",14,"EUS"
548,"material",14,"EUS"
549,"muga",14,"EUS"
550,"omen",14,"EUS"
551,"puntu",14,"EUS"
552,"ren",14,"EUS"
553,"sei",14,"EUS"
554,"toki",14,"EUS"
555,"txikiak",14,"EUS"
556,"36",13,"EUS"
557,"40",13,"EUS"
558,"60",13,"EUS"
559,"adierazi",13,"EUS"
560,"antzeko",13,"EUS"
561,"aurkitzen",13,"EUS"
562,"azkenean",13,"EUS"
563,"baditu",13,"EUS"
564,"baitzuen",13,"EUS"
565,"bakoitzak",13,"EUS"
566,"bestera",13,"EUS"
567,"besterik",13,"EUS"
568,"dagoela",13,"EUS"
569,"denez",13,"EUS"
570,"eskualde",13,"EUS"
571,"etxebizitza",13,"EUS"
572,"existitzen",13,"EUS"
573,"film",13,"EUS"
574,"gainerako",13,"EUS"
575,"gehienetan",13,"EUS"
576,"gune",13,"EUS"
577,"guzti",13,"EUS"
578,"guztiek",13,"EUS"
579,"h",13,"EUS"
580,"hartuta",13,"EUS"
581,"historian",13,"EUS"
582,"horietatik",13,"EUS"
583,"ikasle",13,"EUS"
584,"iraun",13,"EUS"
585,"irudikatzen",13,"EUS"
586,"jarraituz",13,"EUS"
587,"kokatzen",13,"EUS"
588,"kolore",13,"EUS"
589,"of",13,"EUS"
590,"ondoan",13,"EUS"
591,"pertsonaia",13,"EUS"
592,"politika",13,"EUS"
593,"sare",13,"EUS"
594,"ustez",13,"EUS"
595,"zitzaion",13,"EUS"
596,"200",12,"EUS"
597,"ahala",12,"EUS"
598,"aipatu",12,"EUS"
599,"aldetik",12,"EUS"
600,"antolatzen",12,"EUS"
601,"are",12,"EUS"
602,"arku",12,"EUS"
603,"armada",12,"EUS"
604,"badu",12,"EUS"
605,"baitu",12,"EUS"
606,"balioa",12,"EUS"
607,"banaketa",12,"EUS"
608,"batuetako",12,"EUS"
609,"beharra",12,"EUS"
610,"beraien",12,"EUS"
611,"bila",12,"EUS"
612,"eguzki",12,"EUS"
613,"elkarrekin",12,"EUS"
614,"eragiten",12,"EUS"
615,"eratu",12,"EUS"
616,"eratzen",12,"EUS"
617,"eskolan",12,"EUS"
618,"esku",12,"EUS"
619,"espazio",12,"EUS"
620,"esperientzia",12,"EUS"
621,"etorri",12,"EUS"
622,"euskarazko",12,"EUS"
623,"garaiko",12,"EUS"
624,"geratzen",12,"EUS"
625,"gobernuaren",12,"EUS"
626,"hartako",12,"EUS"
627,"honekin",12,"EUS"
628,"idazle",12,"EUS"
629,"ideia",12,"EUS"
630,"igaro",12,"EUS"
631,"ikaslekin",12,"EUS"
632,"itxura",12,"EUS"
633,"izenak",12,"EUS"
634,"jartzen",12,"EUS"
635,"jatorria",12,"EUS"
636,"joera",12,"EUS"
637,"lanean",12,"EUS"
638,"lanen",12,"EUS"
639,"lanetan",12,"EUS"
640,"lotuta",12,"EUS"
641,"lur",12,"EUS"
642,"mailan",12,"EUS"
643,"mendeko",12,"EUS"
644,"nabarmena",12,"EUS"
645,"oinarri",12,"EUS"
646,"ona",12,"EUS"
647,"ondorengo",12,"EUS"
648,"txikia",12,"EUS"
649,"zegoela",12,"EUS"
650,"zituela",12,"EUS"
651,"zuenean",12,"EUS"
652,"0",11,"EUS"
653,"13",11,"EUS"
654,"14",11,"EUS"
655,"27",11,"EUS"
656,"abesti",11,"EUS"
657,"adin",11,"EUS"
658,"aldatzen",11,"EUS"
659,"aske",11,"EUS"
660,"aurre",11,"EUS"
661,"bakar",11,"EUS"
662,"bakarreko",11,"EUS"
663,"bakoitza",11,"EUS"
664,"baldintza",11,"EUS"
665,"barneko",11,"EUS"
666,"bazen",11,"EUS"
667,"behe",11,"EUS"
668,"bestetik",11,"EUS"
669,"bezain",11,"EUS"
670,"bien",11,"EUS"
671,"deitzen",11,"EUS"
672,"delako",11,"EUS"
673,"diseinatu",11,"EUS"
674,"elementu",11,"EUS"
675,"emateko",11,"EUS"
676,"eredu",11,"EUS"
677,"eskatzen",11,"EUS"
678,"eskutik",11,"EUS"
679,"etxea",11,"EUS"
680,"euskararen",11,"EUS"
681,"forma",11,"EUS"
682,"gelditu",11,"EUS"
683,"geroztik",11,"EUS"
684,"gertaera",11,"EUS"
685,"guraso",11,"EUS"
686,"guztietan",11,"EUS"
687,"halere",11,"EUS"
688,"hasten",11,"EUS"
689,"hego",11,"EUS"
690,"hiltzen",11,"EUS"
691,"honi",11,"EUS"
692,"horregatik",11,"EUS"
693,"horrekin",11,"EUS"
694,"horri",11,"EUS"
695,"industria",11,"EUS"
696,"irakasle",11,"EUS"
697,"irakaslea",11,"EUS"
698,"ireki",11,"EUS"
699,"jaio",11,"EUS"
700,"jarrera",11,"EUS"
701,"kidea",11,"EUS"
702,"l",11,"EUS"
703,"liburuak",11,"EUS"
704,"lurrak",11,"EUS"
705,"mantentzen",11,"EUS"
706,"mende",11,"EUS"
707,"mugimendua",11,"EUS"
708,"new",11,"EUS"
709,"oro",11,"EUS"
710,"ospe",11,"EUS"
711,"pasa",11,"EUS"
712,"sari",11,"EUS"
713,"sortutako",11,"EUS"
714,"uharte",11,"EUS"
715,"uzten",11,"EUS"
716,"x",11,"EUS"
717,"zaila",11,"EUS"
718,"zazpi",11,"EUS"
719,"zer",11,"EUS"
720,"zergatik",11,"EUS"
721,"zuelako",11,"EUS"
722,"zuzena",11,"EUS"
723,"18",10,"EUS"
724,"1980",10,"EUS"
725,"21",10,"EUS"
726,"25",10,"EUS"
727,"26",10,"EUS"
728,"29",10,"EUS"
729,"52",10,"EUS"
730,"aipatzen",10,"EUS"
731,"aitaren",10,"EUS"
732,"amaitu",10,"EUS"
733,"apirilaren",10,"EUS"
734,"aritzen",10,"EUS"
735,"asmoa",10,"EUS"
736,"asmoz",10,"EUS"
737,"atal",10,"EUS"
738,"atzera",10,"EUS"
739,"azido",10,"EUS"
740,"azkar",10,"EUS"
741,"badago",10,"EUS"
742,"badirudi",10,"EUS"
743,"baitan",10,"EUS"
744,"baitzituen",10,"EUS"
745,"bakoitzean",10,"EUS"
746,"banda",10,"EUS"
747,"berezia",10,"EUS"
748,"bestelako",10,"EUS"
749,"betiko",10,"EUS"
750,"bilduma",10,"EUS"
751,"boterea",10,"EUS"
752,"dator",10,"EUS"
753,"deitua",10,"EUS"
754,"desagertu",10,"EUS"
755,"direnean",10,"EUS"
756,"donostiako",10,"EUS"
757,"ekonomia",10,"EUS"
758,"eraikuntza",10,"EUS"
759,"erantzun",10,"EUS"
760,"esate",10,"EUS"
761,"eskuratu",10,"EUS"
762,"europa",10,"EUS"
763,"ezer",10,"EUS"
764,"eztabaida",10,"EUS"
765,"fase",10,"EUS"
766,"gaineko",10,"EUS"
767,"garrantzia",10,"EUS"
768,"gauzak",10,"EUS"
769,"gerran",10,"EUS"
770,"gipuzkoako",10,"EUS"
771,"goiko",10,"EUS"
772,"gorabehera",10,"EUS"
773,"haiek",10,"EUS"
774,"hark",10,"EUS"
775,"harreman",10,"EUS"
776,"herriaren",10,"EUS"
777,"hilabete",10,"EUS"
778,"hiriburua",10,"EUS"
779,"hitzak",10,"EUS"
780,"horretarako",10,"EUS"
781,"ii",10,"EUS"
782,"ikasi",10,"EUS"
783,"irudi",10,"EUS"
784,"jasan",10,"EUS"
785,"kontra",10,"EUS"
786,"lagundu",10,"EUS"
787,"laguntzen",10,"EUS"
788,"larria",10,"EUS"
789,"lege",10,"EUS"
790,"lekua",10,"EUS"
791,"lurra",10,"EUS"
792,"mendean",10,"EUS"
793,"metroko",10,"EUS"
794,"neska",10,"EUS"
795,"ondorio",10,"EUS"
796,"orokorreko",10,"EUS"
797,"partida",10,"EUS"
798,"politiko",10,"EUS"
799,"politikoa",10,"EUS"
800,"produktu",10,"EUS"
801,"prozesu",10,"EUS"
802,"rock",10,"EUS"
803,"s",10,"EUS"
804,"saiatu",10,"EUS"
805,"saria",10,"EUS"
806,"semea",10,"EUS"
807,"sexu",10,"EUS"
808,"teknologia",10,"EUS"
809,"xix",10,"EUS"
810,"y",10,"EUS"
811,"zaharrena",10,"EUS"
812,"zituena",10,"EUS"
813,"zizkion",10,"EUS"
814,"zuzendari",10,"EUS"
815,"17",9,"EUS"
816,"56",9,"EUS"
817,"adierazteko",9,"EUS"
818,"agindua",9,"EUS"
819,"aldizkari",9,"EUS"
820,"alegia",9,"EUS"
821,"ardura",9,"EUS"
822,"argia",9,"EUS"
823,"arkitektura",9,"EUS"
824,"arrazoi",9,"EUS"
825,"arrisku",9,"EUS"
826,"artikulu",9,"EUS"
827,"askoren",9,"EUS"
828,"ate",9,"EUS"
829,"aurki",9,"EUS"
830,"azaroaren",9,"EUS"
831,"aztarna",9,"EUS"
832,"azterketa",9,"EUS"
833,"aztertu",9,"EUS"
834,"beheko",9,"EUS"
835,"bereizten",9,"EUS"
836,"berez",9,"EUS"
837,"biak",9,"EUS"
838,"bilboko",9,"EUS"
839,"bildu",9,"EUS"
840,"bizitzaren",9,"EUS"
841,"bizkaiko",9,"EUS"
842,"bukatu",9,"EUS"
843,"burutu",9,"EUS"
844,"cm",9,"EUS"
845,"definitzen",9,"EUS"
846,"delarik",9,"EUS"
847,"denboraldi",9,"EUS"
848,"desberdinak",9,"EUS"
849,"dezakegu",9,"EUS"
850,"dorrea",9,"EUS"
851,"e",9,"EUS"
852,"efektu",9,"EUS"
853,"egia",9,"EUS"
854,"eginez",9,"EUS"
855,"eguneroko",9,"EUS"
856,"eguzkiaren",9,"EUS"
857,"ehun",9,"EUS"
858,"emakumea",9,"EUS"
859,"emango",9,"EUS"
860,"erabiltzeko",9,"EUS"
861,"erdiko",9,"EUS"
862,"eremua",9,"EUS"
863,"erlijio",9,"EUS"
864,"erromatarren",9,"EUS"
865,"eskubide",9,"EUS"
866,"estatuko",9,"EUS"
867,"europan",9,"EUS"
868,"ezaugarriak",9,"EUS"
869,"faktore",9,"EUS"
870,"familiaren",9,"EUS"
871,"frantzia",9,"EUS"
872,"funtzio",9,"EUS"
873,"gaiak",9,"EUS"
874,"gaitasun",9,"EUS"
875,"gau",9,"EUS"
876,"gaztelu",9,"EUS"
877,"gehitu",9,"EUS"
878,"gertu",9,"EUS"
879,"gobernu",9,"EUS"
880,"gurasoak",9,"EUS"
881,"hamar",9,"EUS"
882,"harremanak",9,"EUS"
883,"harri",9,"EUS"
884,"hazi",9,"EUS"
885,"heldu",9,"EUS"
886,"hildako",9,"EUS"
887,"historia",9,"EUS"
888,"ibaiaren",9,"EUS"
889,"informazio",9,"EUS"
890,"iparraldean",9,"EUS"
891,"iparraldeko",9,"EUS"
892,"izaera",9,"EUS"
893,"izatera",9,"EUS"
894,"izenaren",9,"EUS"
895,"jarduera",9,"EUS"
896,"kendu",9,"EUS"
897,"kontatzen",9,"EUS"
898,"laguntza",9,"EUS"
899,"laster",9,"EUS"
900,"maiz",9,"EUS"
901,"mantendu",9,"EUS"
902,"materialak",9,"EUS"
903,"mendearen",9,"EUS"
904,"mendebaldean",9,"EUS"
905,"militar",9,"EUS"
906,"mugimendu",9,"EUS"
907,"multzo",9,"EUS"
908,"ordena",9,"EUS"
909,"ordez",9,"EUS"
910,"orokorrean",9,"EUS"
911,"osoko",9,"EUS"
912,"produktuak",9,"EUS"
913,"programa",9,"EUS"
914,"sistemak",9,"EUS"
915,"sozial",9,"EUS"
916,"uzteko",9,"EUS"
917,"zortzi",9,"EUS"
918,"23",8,"EUS"
919,"33",8,"EUS"
920,"80",8,"EUS"
921,"abestia",8,"EUS"
922,"abiadura",8,"EUS"
923,"adibide",8,"EUS"
924,"aebetako",8,"EUS"
925,"ahalik",8,"EUS"
926,"aho",8,"EUS"
927,"aipatutako",8,"EUS"
928,"aire",8,"EUS"
929,"aktore",8,"EUS"
930,"al",8,"EUS"
931,"alboko",8,"EUS"
932,"alemaniar",8,"EUS"
933,"anaia",8,"EUS"
934,"animalia",8,"EUS"
935,"apaiz",8,"EUS"
936,"araberakoa",8,"EUS"
937,"arazoa",8,"EUS"
938,"arraza",8,"EUS"
939,"aukeratu",8,"EUS"
940,"aurrez",8,"EUS"
941,"autonomia",8,"EUS"
942,"azaldu",8,"EUS"
943,"azalera",8,"EUS"
944,"babesteko",8,"EUS"
945,"babesten",8,"EUS"
946,"badute",8,"EUS"
947,"baitira",8,"EUS"
948,"bakarrak",8,"EUS"
949,"baliabide",8,"EUS"
950,"bana",8,"EUS"
951,"banatu",8,"EUS"
952,"batuko",8,"EUS"
953,"batzorde",8,"EUS"
954,"batzuekin",8,"EUS"
955,"beranduago",8,"EUS"
956,"bertara",8,"EUS"
957,"bihurtzen",8,"EUS"
958,"bitan",8,"EUS"
959,"biztanle",8,"EUS"
960,"borroka",8,"EUS"
961,"buruzagi",8,"EUS"
962,"dagokionez",8,"EUS"
963,"desberdinetan",8,"EUS"
964,"distantzia",8,"EUS"
965,"dituztenak",8,"EUS"
966,"ditzake",8,"EUS"
967,"donostian",8,"EUS"
968,"egongo",8,"EUS"
969,"eguna",8,"EUS"
970,"egunero",8,"EUS"
971,"egurrezko",8,"EUS"
972,"eleberria",8,"EUS"
973,"elementuak",8,"EUS"
974,"emakumeen",8,"EUS"
975,"epe",8,"EUS"
976,"erabiliz",8,"EUS"
977,"eraikinak",8,"EUS"
978,"errealitate",8,"EUS"
979,"erregea",8,"EUS"
980,"erregeak",8,"EUS"
981,"erregearen",8,"EUS"
982,"errepidea",8,"EUS"
983,"esanez",8,"EUS"
984,"eskolako",8,"EUS"
985,"eskualdeko",8,"EUS"
986,"estatua",8,"EUS"
987,"estatuaren",8,"EUS"
988,"estrategia",8,"EUS"
989,"etxera",8,"EUS"
990,"europar",8,"EUS"
991,"ezagutza",8,"EUS"
992,"ezta",8,"EUS"
993,"filmaren",8,"EUS"
994,"finala",8,"EUS"
995,"garaipen",8,"EUS"
996,"garapen",8,"EUS"
997,"garrantzitsuena",8,"EUS"
998,"gordetzen",8,"EUS"
999,"gorputz",8,"EUS"
1000,"grabatu",8,"EUS"
1001,"guztien",8,"EUS"
1002,"handiagoak",8,"EUS"
1003,"harremanetan",8,"EUS"
1004,"hasieratik",8,"EUS"
1005,"hautatu",8,"EUS"
1006,"hegoaldeko",8,"EUS"
1007,"horietako",8,"EUS"
1008,"https",8,"EUS"
1009,"ikusita",8,"EUS"
1010,"indarra",8,"EUS"
1011,"iraultza",8,"EUS"
1012,"iturria",8,"EUS"
1013,"itzultzen",8,"EUS"
1014,"joango",8,"EUS"
1015,"jokatzen",8,"EUS"
1016,"jotzen",8,"EUS"
1017,"kirol",8,"EUS"
1018,"klase",8,"EUS"
1019,"kopuru",8,"EUS"
1020,"langile",8,"EUS"
1021,"leiho",8,"EUS"
1022,"leku",8,"EUS"
1023,"libre",8,"EUS"
1024,"liburuan",8,"EUS"
1025,"lizeo",8,"EUS"
1026,"lotzen",8,"EUS"
1027,"lurraldearen",8,"EUS"
1028,"luzea",8,"EUS"
1029,"maria",8,"EUS"
1030,"masa",8,"EUS"
1031,"mugitzen",8,"EUS"
1032,"natura",8,"EUS"
1033,"o",8,"EUS"
1034,"oinarritutako",8,"EUS"
1035,"oinarrizko",8,"EUS"
1036,"on",8,"EUS"
1037,"onak",8,"EUS"
1038,"onartzen",8,"EUS"
1039,"ordu",8,"EUS"
1040,"orduko",8,"EUS"
1041,"osatu",8,"EUS"
1042,"osatuta",8,"EUS"
1043,"ote",8,"EUS"
1044,"proba",8,"EUS"
1045,"santa",8,"EUS"
1046,"sartzeko",8,"EUS"
1047,"soziala",8,"EUS"
1048,"su",8,"EUS"
1049,"teoria",8,"EUS"
1050,"txapelketa",8,"EUS"
1051,"uko",8,"EUS"
1052,"une",8,"EUS"
1053,"unitate",8,"EUS"
1054,"ura",8,"EUS"
1055,"urriaren",8,"EUS"
1056,"zeudela",8,"EUS"
1057,"zigorra",8,"EUS"
1058,"1982",7,"EUS"
1059,"22",7,"EUS"
1060,"44",7,"EUS"
1061,"70",7,"EUS"
1062,"abiatu",7,"EUS"
1063,"abuztuaren",7,"EUS"
1064,"agerian",7,"EUS"
1065,"ak",7,"EUS"
1066,"alabaina",7,"EUS"
1067,"aldea",7,"EUS"
1068,"altua",7,"EUS"
1069,"altuera",7,"EUS"
1070,"amaitzen",7,"EUS"
1071,"antolatu",7,"EUS"
1072,"antzina",7,"EUS"
1073,"arabako",7,"EUS"
1074,"argiak",7,"EUS"
1075,"argitaratutako",7,"EUS"
1076,"aro",7,"EUS"
1077,"arreta",7,"EUS"
1078,"arroka",7,"EUS"
1079,"artista",7,"EUS"
1080,"aski",7,"EUS"
1081,"aurkezten",7,"EUS"
1082,"aurkeztu",7,"EUS"
1083,"azkeneko",7,"EUS"
1084,"aztertzeko",7,"EUS"
1085,"babesa",7,"EUS"
1086,"baitute",7,"EUS"
1087,"bakoitzeko",7,"EUS"
1088,"banatzen",7,"EUS"
1089,"bandera",7,"EUS"
1090,"base",7,"EUS"
1091,"batuetan",7,"EUS"
1092,"belaunaldi",7,"EUS"
1093,"benetan",7,"EUS"
1094,"berarekin",7,"EUS"
1095,"berdina",7,"EUS"
1096,"bereko",7,"EUS"
1097,"berezi",7,"EUS"
1098,"berrien",7,"EUS"
1099,"bertsio",7,"EUS"
1100,"bidean",7,"EUS"
1101,"bidezko",7,"EUS"
1102,"bilatzen",7,"EUS"
1103,"bilbon",7,"EUS"
1104,"bitarteko",7,"EUS"
1105,"c",7,"EUS"
1106,"dagoeneko",7,"EUS"
1107,"daniel",7,"EUS"
1108,"dantza",7,"EUS"
1109,"datuak",7,"EUS"
1110,"direlako",7,"EUS"
1111,"ditugu",7,"EUS"
1112,"domina",7,"EUS"
1113,"eginda",7,"EUS"
1114,"egitera",7,"EUS"
1115,"ehunka",7,"EUS"
1116,"ekonomiko",7,"EUS"
1117,"elkarteko",7,"EUS"
1118,"emakumeek",7,"EUS"
1119,"emandako",7,"EUS"
1120,"emanez",7,"EUS"
1121,"ematea",7,"EUS"
1122,"emaztea",7,"EUS"
1123,"eme",7,"EUS"
1124,"erabiliko",7,"EUS"
1125,"erabiltzaile",7,"EUS"
1126,"erabiltzea",7,"EUS"
1127,"eraginda",7,"EUS"
1128,"eraikitzen",7,"EUS"
1129,"erakusketa",7,"EUS"
1130,"erdia",7,"EUS"
1131,"erdialdean",7,"EUS"
1132,"erraza",7,"EUS"
1133,"erreakzio",7,"EUS"
1134,"erreferentzia",7,"EUS"
1135,"errepublika",7,"EUS"
1136,"esanahi",7,"EUS"
1137,"espainian",7,"EUS"
1138,"etengabeko",7,"EUS"
1139,"ezkerreko",7,"EUS"
1140,"festa",7,"EUS"
1141,"francisco",7,"EUS"
1142,"funtzioa",7,"EUS"
1143,"gaia",7,"EUS"
1144,"gainontzeko",7,"EUS"
1145,"gaitasuna",7,"EUS"
1146,"garaia",7,"EUS"
1147,"garaiera",7,"EUS"
1148,"garaitu",7,"EUS"
1149,"garbi",7,"EUS"
1150,"garrantzitsu",7,"EUS"
1151,"gaueko",7,"EUS"
1152,"gazteak",7,"EUS"
1153,"gazteek",7,"EUS"
1154,"gehienek",7,"EUS"
1155,"gerora",7,"EUS"
1156,"gertakari",7,"EUS"
1157,"gizaki",7,"EUS"
1158,"gizakien",7,"EUS"
1159,"gizartean",7,"EUS"
1160,"gorria",7,"EUS"
1161,"greziar",7,"EUS"
1162,"gutxienez",7,"EUS"
1163,"haize",7,"EUS"
1164,"hamarkadaren",7,"EUS"
1165,"handirik",7,"EUS"
1166,"handitu",7,"EUS"
1167,"hartutako",7,"EUS"
1168,"heriotzaren",7,"EUS"
1169,"herritar",7,"EUS"
1170,"hitza",7,"EUS"
1171,"hortik",7,"EUS"
1172,"ibilbidea",7,"EUS"
1173,"ideiak",7,"EUS"
1174,"ikasketak",7,"EUS"
1175,"ikasten",7,"EUS"
1176,"inperioaren",7,"EUS"
1177,"iritziz",7,"EUS"
1178,"irudia",7,"EUS"
1179,"italiako",7,"EUS"
1180,"italiar",7,"EUS"
1181,"izaki",7,"EUS"
1182,"izar",7,"EUS"
1183,"izugarria",7,"EUS"
1184,"jainkoaren",7,"EUS"
1185,"jauregi",7,"EUS"
1186,"jende",7,"EUS"
1187,"juan",7,"EUS"
1188,"kontrako",7,"EUS"
1189,"kontsideratzen",7,"EUS"
1190,"kritika",7,"EUS"
1191,"lehenbiziko",7,"EUS"
1192,"liga",7,"EUS"
1193,"luke",7,"EUS"
1194,"lurraldea",7,"EUS"
1195,"metodo",7,"EUS"
1196,"ministro",7,"EUS"
1197,"nabarmen",7,"EUS"
1198,"nafarroako",7,"EUS"
1199,"nahia",7,"EUS"
1200,"obra",7,"EUS"
1201,"obran",7,"EUS"
1202,"ofiziala",7,"EUS"
1203,"ondare",7,"EUS"
1204,"ontzi",7,"EUS"
1205,"orain",7,"EUS"
1206,"ospetsu",7,"EUS"
1207,"partikula",7,"EUS"
1208,"pasatu",7,"EUS"
1209,"pisua",7,"EUS"
1210,"poema",7,"EUS"
1211,"politikoak",7,"EUS"
1212,"postuan",7,"EUS"
1213,"printzipio",7,"EUS"
1214,"propioa",7,"EUS"
1215,"salbuespen",7,"EUS"
1216,"soldadu",7,"EUS"
1217,"sortzea",7,"EUS"
1218,"taldearen",7,"EUS"
1219,"taldeko",7,"EUS"
1220,"tenperatura",7,"EUS"
1221,"tresna",7,"EUS"
1222,"txikiagoa",7,"EUS"
1223,"xvii",7,"EUS"
1224,"zabal",7,"EUS"
1225,"zaie",7,"EUS"
1226,"zehazteko",7,"EUS"
1227,"zehazten",7,"EUS"
1228,"zelako",7,"EUS"
1229,"zelarik",7,"EUS"
1230,"zenbaki",7,"EUS"
1231,"zerbitzu",7,"EUS"
1232,"zerbitzuak",7,"EUS"
1233,"zerrenda",7,"EUS"
1234,"zientzia",7,"EUS"
1235,"zieten",7,"EUS"
1236,"zituenean",7,"EUS"
1237,"zuri",7,"EUS"
1238,"zutenean",7,"EUS"
1239,"1981",6,"EUS"
1240,"2000",6,"EUS"
1241,"26an",6,"EUS"
1242,"300",6,"EUS"
1243,"39",6,"EUS"
1244,"50",6,"EUS"
1245,"64",6,"EUS"
1246,"65",6,"EUS"
1247,"75",6,"EUS"
1248,"84",6,"EUS"
1249,"adierazpen",6,"EUS"
1250,"adina",6,"EUS"
1251,"administrazio",6,"EUS"
1252,"afrika",6,"EUS"
1253,"agertuko",6,"EUS"
1254,"ahalbidetzen",6,"EUS"
1255,"ahots",6,"EUS"
1256,"aipagarriak",6,"EUS"
1257,"aitzitik",6,"EUS"
1258,"aldera",6,"EUS"
1259,"aldizkarian",6,"EUS"
1260,"amerika",6,"EUS"
1261,"amore",6,"EUS"
1262,"antzerki",6,"EUS"
1263,"arau",6,"EUS"
1264,"arazoak",6,"EUS"
1265,"aren",6,"EUS"
1266,"argazki",6,"EUS"
1267,"arma",6,"EUS"
1268,"aroko",6,"EUS"
1269,"ateratzen",6,"EUS"
1270,"atxilotu",6,"EUS"
1271,"aurrerago",6,"EUS"
1272,"autore",6,"EUS"
1273,"azpiko",6,"EUS"
1274,"azpimarratzen",6,"EUS"
1275,"babes",6,"EUS"
1276,"babestu",6,"EUS"
1277,"baitzuten",6,"EUS"
1278,"bake",6,"EUS"
1279,"bakoitzaren",6,"EUS"
1280,"baldintzak",6,"EUS"
1281,"balore",6,"EUS"
1282,"banatuta",6,"EUS"
1283,"barruko",6,"EUS"
1284,"batasunaren",6,"EUS"
1285,"batzar",6,"EUS"
1286,"beharrean",6,"EUS"
1287,"beltzen",6,"EUS"
1288,"berreskuratu",6,"EUS"
1289,"berriko",6,"EUS"
1290,"bideo",6,"EUS"
1291,"bikaina",6,"EUS"
1292,"bizirik",6,"EUS"
1293,"bota",6,"EUS"
1294,"boto",6,"EUS"
1295,"britainiarrek",6,"EUS"
1296,"dagoelako",6,"EUS"
1297,"dagoena",6,"EUS"
1298,"dagoenean",6,"EUS"
1299,"daitezkeen",6,"EUS"
1300,"data",6,"EUS"
1301,"daukate",6,"EUS"
1302,"dauzka",6,"EUS"
1303,"deituriko",6,"EUS"
1304,"denak",6,"EUS"
1305,"denborarekin",6,"EUS"
1306,"dezakete",6,"EUS"
1307,"dezan",6,"EUS"
1308,"dirudienez",6,"EUS"
1309,"diskoa",6,"EUS"
1310,"dituztela",6,"EUS"
1311,"dut",6,"EUS"
1312,"dutela",6,"EUS"
1313,"eder",6,"EUS"
1314,"egoten",6,"EUS"
1315,"ekialdean",6,"EUS"
1316,"eleberri",6,"EUS"
1317,"elizaren",6,"EUS"
1318,"elkarrizketa",6,"EUS"
1319,"elkartzen",6,"EUS"
1320,"emakumezkoen",6,"EUS"
1321,"emazte",6,"EUS"
1322,"erabilia",6,"EUS"
1323,"eraginez",6,"EUS"
1324,"eraikinaren",6,"EUS"
1325,"eramateko",6,"EUS"
1326,"erasoa",6,"EUS"
1327,"eredua",6,"EUS"
1328,"erre",6,"EUS"
1329,"erregistro",6,"EUS"
1330,"erreka",6,"EUS"
1331,"errepide",6,"EUS"
1332,"erretiratu",6,"EUS"
1333,"errusia",6,"EUS"
1334,"errusiar",6,"EUS"
1335,"esanda",6,"EUS"
1336,"eskaera",6,"EUS"
1337,"eskailera",6,"EUS"
1338,"eskaini",6,"EUS"
1339,"eskuragarri",6,"EUS"
1340,"espero",6,"EUS"
1341,"estilo",6,"EUS"
1342,"estiloa",6,"EUS"
1343,"etab",6,"EUS"
1344,"etapa",6,"EUS"
1345,"etaren",6,"EUS"
1346,"etengabe",6,"EUS"
1347,"etorkizuneko",6,"EUS"
1348,"eusko",6,"EUS"
1349,"ezagunena",6,"EUS"
1350,"ezartzen",6,"EUS"
1351,"ezinezkoa",6,"EUS"
1352,"filma",6,"EUS"
1353,"finkatu",6,"EUS"
1354,"galdera",6,"EUS"
1355,"garatzen",6,"EUS"
1356,"garraio",6,"EUS"
1357,"garrantzitsuak",6,"EUS"
1358,"gazteluaren",6,"EUS"
1359,"gehiena",6,"EUS"
1360,"gehienez",6,"EUS"
1361,"geltoki",6,"EUS"
1362,"gertakizun",6,"EUS"
1363,"giro",6,"EUS"
1364,"gizakiak",6,"EUS"
1365,"gizakiaren",6,"EUS"
1366,"gizona",6,"EUS"
1367,"gizonen",6,"EUS"
1368,"gizonezko",6,"EUS"
1369,"gogor",6,"EUS"
1370,"gogorrak",6,"EUS"
1371,"gorputza",6,"EUS"
1372,"gotorlekua",6,"EUS"
1373,"greziako",6,"EUS"
1374,"guztietako",6,"EUS"
1375,"haietan",6,"EUS"
1376,"halako",6,"EUS"
1377,"hamarkadan",6,"EUS"
1378,"hartuko",6,"EUS"
1379,"hartzea",6,"EUS"
1380,"hartzeko",6,"EUS"
1381,"hasiko",6,"EUS"
1382,"hauetan",6,"EUS"
1383,"hautsi",6,"EUS"
1384,"herriak",6,"EUS"
1385,"herrialdearen",6,"EUS"
1386,"herrialdeko",6,"EUS"
1387,"hirian",6,"EUS"
1388,"hiriko",6,"EUS"
1389,"historiko",6,"EUS"
1390,"hobea",6,"EUS"
1391,"honela",6,"EUS"
1392,"horiei",6,"EUS"
1393,"horretako",6,"EUS"
1394,"hurbil",6,"EUS"
1395,"ibaia",6,"EUS"
1396,"ibaian",6,"EUS"
1397,"ibili",6,"EUS"
1398,"idazkaria",6,"EUS"
1399,"ikastetxeetan",6,"EUS"
1400,"ikuspegi",6,"EUS"
1401,"irailaren",6,"EUS"
1402,"iraupena",6,"EUS"
1403,"iv",6,"EUS"
1404,"izana",6,"EUS"
1405,"izandako",6,"EUS"
1406,"izanez",6,"EUS"
1407,"izateak",6,"EUS"
1408,"izenarekin",6,"EUS"
1409,"izenekoa",6,"EUS"
1410,"jabetza",6,"EUS"
1411,"jasaten",6,"EUS"
1412,"jatorri",6,"EUS"
1413,"jauzi",6,"EUS"
1414,"joaten",6,"EUS"
1415,"joko",6,"EUS"
1416,"kale",6,"EUS"
1417,"kalean",6,"EUS"
1418,"kalte",6,"EUS"
1419,"kanpaina",6,"EUS"
1420,"karlos",6,"EUS"
1421,"kideek",6,"EUS"
1422,"kode",6,"EUS"
1423,"kokatu",6,"EUS"
1424,"konpainia",6,"EUS"
1425,"kontzeptu",6,"EUS"
1426,"krisi",6,"EUS"
1427,"laguntzarekin",6,"EUS"
1428,"lanik",6,"EUS"
1429,"larriak",6,"EUS"
1430,"lerro",6,"EUS"
1431,"liburua",6,"EUS"
1432,"literatura",6,"EUS"
1433,"literaturaren",6,"EUS"
1434,"lizeoetan",6,"EUS"
1435,"lore",6,"EUS"
1436,"lurrera",6,"EUS"
1437,"materia",6,"EUS"
1438,"menpe",6,"EUS"
1439,"miguel",6,"EUS"
1440,"momentu",6,"EUS"
1441,"motako",6,"EUS"
1442,"n",6,"EUS"
1443,"nabarmendu",6,"EUS"
1444,"nahikoa",6,"EUS"
1445,"nekazaritza",6,"EUS"
1446,"nerbio",6,"EUS"
1447,"normalean",6,"EUS"
1448,"ohikoena",6,"EUS"
1449,"oinarrituta",6,"EUS"
1450,"ondoko",6,"EUS"
1451,"or",6,"EUS"
1452,"ordura",6,"EUS"
1453,"ospea",6,"EUS"
1454,"ospetsua",6,"EUS"
1455,"paper",6,"EUS"
1456,"parisko",6,"EUS"
1457,"paul",6,"EUS"
1458,"plaza",6,"EUS"
1459,"porrot",6,"EUS"
1460,"posizioa",6,"EUS"
1461,"presidente",6,"EUS"
1462,"prestatzen",6,"EUS"
1463,"proiektu",6,"EUS"
1464,"proiektua",6,"EUS"
1465,"sakona",6,"EUS"
1466,"salatu",6,"EUS"
1467,"sarbidea",6,"EUS"
1468,"sarrera",6,"EUS"
1469,"segurtasun",6,"EUS"
1470,"soinu",6,"EUS"
1471,"sor",6,"EUS"
1472,"suntsitu",6,"EUS"
1473,"t",6,"EUS"
1474,"taldean",6,"EUS"
1475,"testu",6,"EUS"
1476,"to",6,"EUS"
1477,"txikiko",6,"EUS"
1478,"udal",6,"EUS"
1479,"udalerri",6,"EUS"
1480,"uhartea",6,"EUS"
1481,"uraren",6,"EUS"
1482,"urtero",6,"EUS"
1483,"urtetan",6,"EUS"
1484,"urtez",6,"EUS"
1485,"v",6,"EUS"
1486,"william",6,"EUS"
1487,"xviii",6,"EUS"
1488,"xx",6,"EUS"
1489,"zabala",6,"EUS"
1490,"zaizkio",6,"EUS"
1491,"zatiak",6,"EUS"
1492,"zauritu",6,"EUS"
1493,"zenbat",6,"EUS"
1494,"zerbait",6,"EUS"
1495,"zetorren",6,"EUS"
1496,"zor",6,"EUS"
1497,"zuenez",6,"EUS"
1498,"zuria",6,"EUS"
1499,"zuzendu",6,"EUS"
1500,"zuzenean",6,"EUS"
1501,"17an",5,"EUS"
1502,"1935",5,"EUS"
1503,"1984",5,"EUS"
1504,"1986",5,"EUS"
1505,"35",5,"EUS"
1506,"38",5,"EUS"
1507,"45",5,"EUS"
1508,"46",5,"EUS"
1509,"55",5,"EUS"
1510,"90",5,"EUS"
1511,"abestiak",5,"EUS"
1512,"adar",5,"EUS"
1513,"adostu",5,"EUS"
1514,"afrikako",5,"EUS"
1515,"agintariek",5,"EUS"
1516,"agintean",5,"EUS"
1517,"aipagarria",5,"EUS"
1518,"aipagarrienak",5,"EUS"
1519,"aitak",5,"EUS"
1520,"aktibatzen",5,"EUS"
1521,"alberto",5,"EUS"
1522,"albo",5,"EUS"
1523,"albuma",5,"EUS"
1524,"aldaera",5,"EUS"
1525,"aldaketak",5,"EUS"
1526,"aldizkariaren",5,"EUS"
1527,"alemaniako",5,"EUS"
1528,"altuko",5,"EUS"
1529,"amaitzeko",5,"EUS"
1530,"amaren",5,"EUS"
1531,"amerikako",5,"EUS"
1532,"ameriketako",5,"EUS"
1533,"and",5,"EUS"
1534,"antonio",5,"EUS"
1535,"antza",5,"EUS"
1536,"argitaratzen",5,"EUS"
1537,"arloan",5,"EUS"
1538,"armadako",5,"EUS"
1539,"armadaren",5,"EUS"
1540,"arrak",5,"EUS"
1541,"artea",5,"EUS"
1542,"aste",5,"EUS"
1543,"astean",5,"EUS"
1544,"atala",5,"EUS"
1545,"atea",5,"EUS"
1546,"atzeman",5,"EUS"
1547,"aurkakoa",5,"EUS"
1548,"aurkituko",5,"EUS"
1549,"aurkitzeko",5,"EUS"
1550,"auto",5,"EUS"
1551,"auzia",5,"EUS"
1552,"auzo",5,"EUS"
1553,"azala",5,"EUS"
1554,"azaltzeko",5,"EUS"
1555,"azkenengo",5,"EUS"
1556,"azpian",5,"EUS"
1557,"aztarnak",5,"EUS"
1558,"b",5,"EUS"
1559,"baititu",5,"EUS"
1560,"baitziren",5,"EUS"
1561,"balioak",5,"EUS"
1562,"baliteke",5,"EUS"
1563,"bastion",5,"EUS"
1564,"bata",5,"EUS"
1565,"batentzat",5,"EUS"
1566,"bazuen",5,"EUS"
1567,"bazuten",5,"EUS"
1568,"begira",5,"EUS"
1569,"beharreko",5,"EUS"
1570,"beharrezko",5,"EUS"
1571,"belar",5,"EUS"
1572,"beldurra",5,"EUS"
1573,"beltz",5,"EUS"
1574,"beltza",5,"EUS"
1575,"beltzak",5,"EUS"
1576,"bereganatu",5,"EUS"
1577,"bermatzeko",5,"EUS"
1578,"bero",5,"EUS"
1579,"berreraiki",5,"EUS"
1580,"bertatik",5,"EUS"
1581,"bertsioa",5,"EUS"
1582,"bertso",5,"EUS"
1583,"bestea",5,"EUS"
1584,"biek",5,"EUS"
1585,"bigarrena",5,"EUS"
1586,"biktima",5,"EUS"
1587,"bilakaera",5,"EUS"
1588,"bilbo",5,"EUS"
1589,"bizia",5,"EUS"
1590,"bizitzan",5,"EUS"
1591,"bizitzeko",5,"EUS"
1592,"biztanleak",5,"EUS"
1593,"biztanleriaren",5,"EUS"
1594,"bloke",5,"EUS"
1595,"bolumen",5,"EUS"
1596,"botere",5,"EUS"
1597,"britainiar",5,"EUS"
1598,"bulegoa",5,"EUS"
1599,"buruak",5,"EUS"
1600,"burutzen",5,"EUS"
1601,"chipa",5,"EUS"
1602,"club",5,"EUS"
1603,"d",5,"EUS"
1604,"dadin",5,"EUS"
1605,"dagokienez",5,"EUS"
1606,"dakigu",5,"EUS"
1607,"datoz",5,"EUS"
1608,"david",5,"EUS"
1609,"debekatu",5,"EUS"
1610,"denik",5,"EUS"
1611,"dinastia",5,"EUS"
1612,"dirua",5,"EUS"
1613,"dirudi",5,"EUS"
1614,"ditzakegu",5,"EUS"
1615,"ditzakete",5,"EUS"
1616,"dizkio",5,"EUS"
1617,"doa",5,"EUS"
1618,"dokumentu",5,"EUS"
1619,"edukitzea",5,"EUS"
1620,"egileak",5,"EUS"
1621,"eginkizun",5,"EUS"
1622,"egotea",5,"EUS"
1623,"eguneko",5,"EUS"
1624,"ekoizpena",5,"EUS"
1625,"elementuen",5,"EUS"
1626,"elkarren",5,"EUS"
1627,"elkarte",5,"EUS"
1628,"emeak",5,"EUS"
1629,"eneko",5,"EUS"
1630,"erabakia",5,"EUS"
1631,"erabil",5,"EUS"
1632,"erabilita",5,"EUS"
1633,"erako",5,"EUS"
1634,"erakundeak",5,"EUS"
1635,"eramaten",5,"EUS"
1636,"eran",5,"EUS"
1637,"erasoak",5,"EUS"
1638,"erdian",5,"EUS"
1639,"erlazio",5,"EUS"
1640,"erortzen",5,"EUS"
1641,"erosi",5,"EUS"
1642,"errazten",5,"EUS"
1643,"erregai",5,"EUS"
1644,"erregimen",5,"EUS"
1645,"errepikatzen",5,"EUS"
1646,"esanahia",5,"EUS"
1647,"eskaintza",5,"EUS"
1648,"eskala",5,"EUS"
1649,"eskua",5,"EUS"
1650,"eskubidea",5,"EUS"
1651,"espainia",5,"EUS"
1652,"estatuak",5,"EUS"
1653,"estreinatu",5,"EUS"
1654,"etxeko",5,"EUS"
1655,"eutsi",5,"EUS"
1656,"ezagutzeko",5,"EUS"
1657,"ezarritako",5,"EUS"
1658,"ezker",5,"EUS"
1659,"falta",5,"EUS"
1660,"familiako",5,"EUS"
1661,"fenomeno",5,"EUS"
1662,"filmean",5,"EUS"
1663,"fisika",5,"EUS"
1664,"fitxategi",5,"EUS"
1665,"frank",5,"EUS"
1666,"frantziar",5,"EUS"
1667,"frogatu",5,"EUS"
1668,"funtsezko",5,"EUS"
1669,"gaixotasun",5,"EUS"
1670,"gara",5,"EUS"
1671,"garaipena",5,"EUS"
1672,"garapena",5,"EUS"
1673,"gas",5,"EUS"
1674,"gatazka",5,"EUS"
1675,"gauez",5,"EUS"
1676,"gela",5,"EUS"
1677,"gerraren",5,"EUS"
1678,"gidatzen",5,"EUS"
1679,"gobernua",5,"EUS"
1680,"goian",5,"EUS"
1681,"goizeko",5,"EUS"
1682,"gorde",5,"EUS"
1683,"gorotz",5,"EUS"
1684,"gotorleku",5,"EUS"
1685,"greba",5,"EUS"
1686,"guardia",5,"EUS"
1687,"guda",5,"EUS"
1688,"gunea",5,"EUS"
1689,"gustuko",5,"EUS"
1690,"haietako",5,"EUS"
1691,"hainbeste",5,"EUS"
1692,"hamabi",5,"EUS"
1693,"handiago",5,"EUS"
1694,"harrapatu",5,"EUS"
1695,"hartara",5,"EUS"
1696,"hasteko",5,"EUS"
1697,"hedatu",5,"EUS"
1698,"hedatzen",5,"EUS"
1699,"heltzen",5,"EUS"
1700,"herena",5,"EUS"
1701,"heriotza",5,"EUS"
1702,"herria",5,"EUS"
1703,"hiriak",5,"EUS"
1704,"hobekuntza",5,"EUS"
1705,"hondakin",5,"EUS"
1706,"hosto",5,"EUS"
1707,"hots",5,"EUS"
1708,"ibai",5,"EUS"
1709,"idazlea",5,"EUS"
1710,"igarotzen",5,"EUS"
1711,"igo",5,"EUS"
1712,"iii",5,"EUS"
1713,"ikusgai",5,"EUS"
1714,"ikusle",5,"EUS"
1715,"ile",5,"EUS"
1716,"indarrak",5,"EUS"
1717,"independentzia",5,"EUS"
1718,"informazioaren",5,"EUS"
1719,"ingelesa",5,"EUS"
1720,"inguratzen",5,"EUS"
1721,"ingurukoa",5,"EUS"
1722,"ingurune",5,"EUS"
1723,"inolako",5,"EUS"
1724,"irauten",5,"EUS"
1725,"iristean",5,"EUS"
1726,"iristen",5,"EUS"
1727,"izenaz",5,"EUS"
1728,"izugarrizko",5,"EUS"
1729,"jabe",5,"EUS"
1730,"jarraian",5,"EUS"
1731,"jateko",5,"EUS"
1732,"jendearen",5,"EUS"
1733,"kaleko",5,"EUS"
1734,"kanpora",5,"EUS"
1735,"kantu",5,"EUS"
1736,"kargua",5,"EUS"
1737,"kasua",5,"EUS"
1738,"kategoria",5,"EUS"
1739,"kideak",5,"EUS"
1740,"kokatua",5,"EUS"
1741,"konposatu",5,"EUS"
1742,"konstante",5,"EUS"
1743,"kontrol",5,"EUS"
1744,"kontrola",5,"EUS"
1745,"kontzertu",5,"EUS"
1746,"kopa",5,"EUS"
1747,"kopia",5,"EUS"
1748,"kristau",5,"EUS"
1749,"kudeaketa",5,"EUS"
1750,"kudeatzen",5,"EUS"
1751,"laguntzaile",5,"EUS"
1752,"lanari",5,"EUS"
1753,"laneko",5,"EUS"
1754,"lantzen",5,"EUS"
1755,"lapurreta",5,"EUS"
1756,"larri",5,"EUS"
1757,"laugarren",5,"EUS"
1758,"legeak",5,"EUS"
1759,"legearen",5,"EUS"
1760,"lehendabiziko",5,"EUS"
1761,"lor",5,"EUS"
1762,"lotu",5,"EUS"
1763,"lurrean",5,"EUS"
1764,"maiatzaren",5,"EUS"
1765,"maría",5,"EUS"
1766,"marka",5,"EUS"
1767,"martxan",5,"EUS"
1768,"mekanismo",5,"EUS"
1769,"mendeetan",5,"EUS"
1770,"merkataritza",5,"EUS"
1771,"metodoa",5,"EUS"
1772,"michael",5,"EUS"
1773,"milaka",5,"EUS"
1774,"mina",5,"EUS"
1775,"mugak",5,"EUS"
1776,"mugan",5,"EUS"
1777,"mugimenduaren",5,"EUS"
1778,"multzoa",5,"EUS"
1779,"murrizteko",5,"EUS"
1780,"murriztu",5,"EUS"
1781,"nagusiaren",5,"EUS"
1782,"nagusietan",5,"EUS"
1783,"nahasten",5,"EUS"
1784,"naturala",5,"EUS"
1785,"naturalak",5,"EUS"
1786,"nazionaleko",5,"EUS"
1787,"negu",5,"EUS"
1788,"noiz",5,"EUS"
1789,"objektu",5,"EUS"
1790,"objektuak",5,"EUS"
1791,"okupatu",5,"EUS"
1792,"omenez",5,"EUS"
1793,"ondorengoa",5,"EUS"
1794,"onena",5,"EUS"
1795,"ordaintzeko",5,"EUS"
1796,"ordezkatu",5,"EUS"
1797,"osagai",5,"EUS"
1798,"osatua",5,"EUS"
1799,"osatutako",5,"EUS"
1800,"osorik",5,"EUS"
1801,"ospatzen",5,"EUS"
1802,"parke",5,"EUS"
1803,"pasatzen",5,"EUS"
1804,"pertsonen",5,"EUS"
1805,"pisatzen",5,"EUS"
1806,"pixka",5,"EUS"
1807,"planeta",5,"EUS"
1808,"portu",5,"EUS"
1809,"portua",5,"EUS"
1810,"posible",5,"EUS"
1811,"praktika",5,"EUS"
1812,"presentzia",5,"EUS"
1813,"presidentea",5,"EUS"
1814,"propietate",5,"EUS"
1815,"proposatu",5,"EUS"
1816,"r",5,"EUS"
1817,"robert",5,"EUS"
1818,"saileko",5,"EUS"
1819,"sailkapena",5,"EUS"
1820,"saint",5,"EUS"
1821,"saio",5,"EUS"
1822,"sarri",5,"EUS"
1823,"semeak",5,"EUS"
1824,"senarra",5,"EUS"
1825,"sendoa",5,"EUS"
1826,"sinboloa",5,"EUS"
1827,"soinua",5,"EUS"
1828,"solairu",5,"EUS"
1829,"soldata",5,"EUS"
1830,"sortzeko",5,"EUS"
1831,"taldeen",5,"EUS"
1832,"tamaina",5,"EUS"
1833,"tartean",5,"EUS"
1834,"tarteko",5,"EUS"
1835,"teknika",5,"EUS"
1836,"tekniko",5,"EUS"
1837,"telebista",5,"EUS"
1838,"terminoa",5,"EUS"
1839,"tik",5,"EUS"
1840,"tokia",5,"EUS"
1841,"topatu",5,"EUS"
1842,"tresnak",5,"EUS"
1843,"txapelketak",5,"EUS"
1844,"txapelketan",5,"EUS"
1845,"txikien",5,"EUS"
1846,"umore",5,"EUS"
1847,"unean",5,"EUS"
1848,"unibertsitatean",5,"EUS"
1849,"unibertsitateko",5,"EUS"
1850,"ustelkeria",5,"EUS"
1851,"utzitako",5,"EUS"
1852,"uztea",5,"EUS"
1853,"vasco",5,"EUS"
1854,"web",5,"EUS"
1855,"zailtasuna",5,"EUS"
1856,"zaldi",5,"EUS"
1857,"zebilen",5,"EUS"
1858,"zehatz",5,"EUS"
1859,"zentroak",5,"EUS"
1860,"zentzu",5,"EUS"
1861,"zientzietako",5,"EUS"
1862,"ziklo",5,"EUS"
1863,"zirenak",5,"EUS"
1864,"zitekeen",5,"EUS"
1865,"zitzaien",5,"EUS"
1866,"zitzaizkien",5,"EUS"
1867,"zizkieten",5,"EUS"
1868,"zonalde",5,"EUS"
1869,"zubi",5,"EUS"
1870,"zuhaitz",5,"EUS"
1871,"zutabe",5,"EUS"
1872,"zutik",5,"EUS"
1873,"zuzendaria",5,"EUS"
1874,"108",4,"EUS"
1875,"150",4,"EUS"
1876,"19",4,"EUS"
1877,"1931",4,"EUS"
1878,"1977",4,"EUS"
1879,"1985",4,"EUS"
1880,"1998",4,"EUS"
1881,"1ean",4,"EUS"
1882,"2001eko",4,"EUS"
1883,"2006an",4,"EUS"
1884,"2009an",4,"EUS"
1885,"2013an",4,"EUS"
1886,"31",4,"EUS"
1887,"43",4,"EUS"
1888,"500",4,"EUS"
1889,"51",4,"EUS"
1890,"53",4,"EUS"
1891,"63",4,"EUS"
1892,"72",4,"EUS"
1893,"95",4,"EUS"
1894,"abar",4,"EUS"
1895,"aberastasun",4,"EUS"
1896,"aberats",4,"EUS"
1897,"abere",4,"EUS"
1898,"adiera",4,"EUS"
1899,"adierazpena",4,"EUS"
1900,"afari",4,"EUS"
1901,"agian",4,"EUS"
1902,"agintari",4,"EUS"
1903,"aginte",4,"EUS"
1904,"agiria",4,"EUS"
1905,"ahalbidetu",4,"EUS"
1906,"ahalmen",4,"EUS"
1907,"ahalmena",4,"EUS"
1908,"ahozko",4,"EUS"
1909,"aipatzekoa",4,"EUS"
1910,"akademiako",4,"EUS"
1911,"aktibo",4,"EUS"
1912,"aktiboa",4,"EUS"
1913,"ala",4,"EUS"
1914,"aldatzea",4,"EUS"
1915,"alderdia",4,"EUS"
1916,"alderdiak",4,"EUS"
1917,"aldizkaria",4,"EUS"
1918,"ale",4,"EUS"
1919,"algoritmo",4,"EUS"
1920,"amak",4,"EUS"
1921,"amarekin",4,"EUS"
1922,"anai",4,"EUS"
1923,"anaiak",4,"EUS"
1924,"anitz",4,"EUS"
1925,"antzera",4,"EUS"
1926,"apaingarri",4,"EUS"
1927,"apirilean",4,"EUS"
1928,"ar",4,"EUS"
1929,"arauak",4,"EUS"
1930,"ardatz",4,"EUS"
1931,"ardatza",4,"EUS"
1932,"arduratzen",4,"EUS"
1933,"areagotu",4,"EUS"
1934,"argazkiak",4,"EUS"
1935,"argentina",4,"EUS"
1936,"argitasuna",4,"EUS"
1937,"argumentua",4,"EUS"
1938,"arlo",4,"EUS"
1939,"armadan",4,"EUS"
1940,"arrakastarik",4,"EUS"
1941,"arrakastatsua",4,"EUS"
1942,"arratsaldeko",4,"EUS"
1943,"arrazoia",4,"EUS"
1944,"arriskua",4,"EUS"
1945,"arriskuan",4,"EUS"
1946,"arropa",4,"EUS"
1947,"artistikoa",4,"EUS"
1948,"asia",4,"EUS"
1949,"asiako",4,"EUS"
1950,"at",4,"EUS"
1951,"ateratako",4,"EUS"
1952,"atomo",4,"EUS"
1953,"atzean",4,"EUS"
1954,"atzeko",4,"EUS"
1955,"aurkikuntza",4,"EUS"
1956,"autobus",4,"EUS"
1957,"auzitegi",4,"EUS"
1958,"auzoa",4,"EUS"
1959,"auzoan",4,"EUS"
1960,"azal",4,"EUS"
1961,"azkarra",4,"EUS"
1962,"azterketak",4,"EUS"
1963,"aztertzen",4,"EUS"
1964,"baimena",4,"EUS"
1965,"baitzegoen",4,"EUS"
1966,"balitz",4,"EUS"
1967,"balute",4,"EUS"
1968,"banan",4,"EUS"
1969,"bao",4,"EUS"
1970,"bartzelonako",4,"EUS"
1971,"basoa",4,"EUS"
1972,"batere",4,"EUS"
1973,"batu",4,"EUS"
1974,"batzordeko",4,"EUS"
1975,"batzuei",4,"EUS"
1976,"batzutan",4,"EUS"
1977,"baziren",4,"EUS"
1978,"baztertu",4,"EUS"
1979,"bederatzi",4,"EUS"
1980,"begi",4,"EUS"
1981,"belatz",4,"EUS"
1982,"ben",4,"EUS"
1983,"berari",4,"EUS"
1984,"berdintasuna",4,"EUS"
1985,"bereziak",4,"EUS"
1986,"beroa",4,"EUS"
1987,"berreskuratzeko",4,"EUS"
1988,"berreskuratzen",4,"EUS"
1989,"berritu",4,"EUS"
1990,"bertoko",4,"EUS"
1991,"bestearen",4,"EUS"
1992,"bezalakoa",4,"EUS"
1993,"bezeroak",4,"EUS"
1994,"bidaltzen",4,"EUS"
1995,"bideoak",4,"EUS"
1996,"bihurtuko",4,"EUS"
1997,"bikote",4,"EUS"
1998,"bilatzea",4,"EUS"
1999,"billboard",4,"EUS"
2000,"biltzar",4,"EUS"
2001,"bira",4,"EUS"
2002,"biratzen",4,"EUS"
2003,"bitartekari",4,"EUS"
2004,"bizidun",4,"EUS"
2005,"bizitzari",4,"EUS"
2006,"bizitzera",4,"EUS"
2007,"bizkarra",4,"EUS"
2008,"bonba",4,"EUS"
2009,"borrokan",4,"EUS"
2010,"botoak",4,"EUS"
2011,"bultzada",4,"EUS"
2012,"bultzatu",4,"EUS"
2013,"bultzatuta",4,"EUS"
2014,"bultzatzeko",4,"EUS"
2015,"buruan",4,"EUS"
2016,"buruari",4,"EUS"
2017,"burutzeko",4,"EUS"
2018,"buruzkoa",4,"EUS"
2019,"buruzkoak",4,"EUS"
2020,"buztana",4,"EUS"
2021,"dakar",4,"EUS"
2022,"datuen",4,"EUS"
2023,"daudela",4,"EUS"
2024,"debutatu",4,"EUS"
2025,"defendatu",4,"EUS"
2026,"defentsa",4,"EUS"
2027,"defentsak",4,"EUS"
2028,"delakoa",4,"EUS"
2029,"denboraldia",4,"EUS"
2030,"denboraren",4,"EUS"
2031,"denda",4,"EUS"
2032,"deritzo",4,"EUS"
2033,"desberdina",4,"EUS"
2034,"diete",4,"EUS"
2035,"dioenez",4,"EUS"
2036,"direlarik",4,"EUS"
2037,"diseinu",4,"EUS"
2038,"diskoak",4,"EUS"
2039,"dituela",4,"EUS"
2040,"doazen",4,"EUS"
2041,"dorre",4,"EUS"
2042,"dutena",4,"EUS"
2043,"egilearen",4,"EUS"
2044,"egina",4,"EUS"
2045,"eginak",4,"EUS"
2046,"egoeraren",4,"EUS"
2047,"egoki",4,"EUS"
2048,"egozten",4,"EUS"
2049,"egunkarien",4,"EUS"
2050,"ehiza",4,"EUS"
2051,"ekainaren",4,"EUS"
2052,"ekimen",4,"EUS"
2053,"ekintzak",4,"EUS"
2054,"ekitaldi",4,"EUS"
2055,"ekoizten",4,"EUS"
2056,"ekonomiak",4,"EUS"
2057,"ekonomikoa",4,"EUS"
2058,"eliz",4,"EUS"
2059,"elizako",4,"EUS"
2060,"elkarrizketak",4,"EUS"
2061,"elkarteak",4,"EUS"
2062,"emakumearen",4,"EUS"
2063,"emakumezko",4,"EUS"
2064,"enpresak",4,"EUS"
2065,"entrenamendu",4,"EUS"
2066,"entzunezko",4,"EUS"
2067,"epaiketa",4,"EUS"
2068,"erabakiak",4,"EUS"
2069,"erabilitako",4,"EUS"
2070,"erabiltzaileek",4,"EUS"
2071,"eraginaren",4,"EUS"
2072,"eragindako",4,"EUS"
2073,"eraginik",4,"EUS"
2074,"erakundea",4,"EUS"
2075,"erakundearen",4,"EUS"
2076,"erakundeko",4,"EUS"
2077,"eramatea",4,"EUS"
2078,"erantzuteko",4,"EUS"
2079,"erdialdeko",4,"EUS"
2080,"erdigune",4,"EUS"
2081,"erkidegoko",4,"EUS"
2082,"erliebe",4,"EUS"
2083,"erori",4,"EUS"
2084,"erraldoi",4,"EUS"
2085,"erraldoiak",4,"EUS"
2086,"errazago",4,"EUS"
2087,"errealismo",4,"EUS"
2088,"erregina",4,"EUS"
2089,"errepublikako",4,"EUS"
2090,"errepublikaren",4,"EUS"
2091,"erromako",4,"EUS"
2092,"erroman",4,"EUS"
2093,"erromatarrek",4,"EUS"
2094,"esanetan",4,"EUS"
2095,"eskema",4,"EUS"
2096,"eskolak",4,"EUS"
2097,"eskubideen",4,"EUS"
2098,"eskuineko",4,"EUS"
2099,"eskuratzeko",4,"EUS"
2100,"estalkia",4,"EUS"
2101,"estatubatuar",4,"EUS"
2102,"estiloko",4,"EUS"
2103,"eszena",4,"EUS"
2104,"et",4,"EUS"
2105,"etorriko",4,"EUS"
2106,"etxeak",4,"EUS"
2107,"etxetik",4,"EUS"
2108,"euskadiko",4,"EUS"
2109,"existentziaren",4,"EUS"
2110,"eza",4,"EUS"
2111,"ezagunak",4,"EUS"
2112,"ezagunenak",4,"EUS"
2113,"ezagutuko",4,"EUS"
2114,"ezarriko",4,"EUS"
2115,"ezartzea",4,"EUS"
2116,"ezberdinen",4,"EUS"
2117,"ezingo",4,"EUS"
2118,"ezizena",4,"EUS"
2119,"ezkerrean",4,"EUS"
2120,"fatxada",4,"EUS"
2121,"fedea",4,"EUS"
2122,"feminista",4,"EUS"
2123,"filosofia",4,"EUS"
2124,"final",4,"EUS"
2125,"formak",4,"EUS"
2126,"foru",4,"EUS"
2127,"frantsesez",4,"EUS"
2128,"frantziarren",4,"EUS"
2129,"futbol",4,"EUS"
2130,"gailu",4,"EUS"
2131,"gainetik",4,"EUS"
2132,"gaixotasuna",4,"EUS"
2133,"gaixotasunak",4,"EUS"
2134,"galdutako",4,"EUS"
2135,"galtzen",4,"EUS"
2136,"garrantzitsuenetako",4,"EUS"
2137,"gaztelako",4,"EUS"
2138,"gaztelua",4,"EUS"
2139,"gehienbat",4,"EUS"
2140,"gipuzkoa",4,"EUS"
2141,"gipuzkoan",4,"EUS"
2142,"gitarra",4,"EUS"
2143,"gizartea",4,"EUS"
2144,"gizonek",4,"EUS"
2145,"gobernuek",4,"EUS"
2146,"gogo",4,"EUS"
2147,"gogorra",4,"EUS"
2148,"goiz",4,"EUS"
2149,"gordetzeko",4,"EUS"
2150,"gorputzak",4,"EUS"
2151,"gorputzaren",4,"EUS"
2152,"gorputzetik",4,"EUS"
2153,"gorri",4,"EUS"
2154,"guk",4,"EUS"
2155,"gurasoen",4,"EUS"
2156,"haiekin",4,"EUS"
2157,"hamarkada",4,"EUS"
2158,"hamarkadetan",4,"EUS"
2159,"handikoa",4,"EUS"
2160,"handitzen",4,"EUS"
2161,"hango",4,"EUS"
2162,"hanka",4,"EUS"
2163,"harekin",4,"EUS"
2164,"harremana",4,"EUS"
2165,"harria",4,"EUS"
2166,"harrizko",4,"EUS"
2167,"hartatik",4,"EUS"
2168,"hartua",4,"EUS"
2169,"hartuz",4,"EUS"
2170,"hauetako",4,"EUS"
2171,"haurrentzako",4,"EUS"
2172,"hazten",4,"EUS"
2173,"heinean",4,"EUS"
2174,"helburuak",4,"EUS"
2175,"helduak",4,"EUS"
2176,"herritarren",4,"EUS"
2177,"hilketa",4,"EUS"
2178,"hipotesi",4,"EUS"
2179,"historikoa",4,"EUS"
2180,"hizkuntzaren",4,"EUS"
2181,"hogei",4,"EUS"
2182,"hondakinak",4,"EUS"
2183,"honetarako",4,"EUS"
2184,"horiekin",4,"EUS"
2185,"horixe",4,"EUS"
2186,"horma",4,"EUS"
2187,"hornidura",4,"EUS"
2188,"horrelako",4,"EUS"
2189,"ibilbide",4,"EUS"
2190,"idatzita",4,"EUS"
2191,"idatzitako",4,"EUS"
2192,"idazkari",4,"EUS"
2193,"idazlearen",4,"EUS"
2194,"ikasketa",4,"EUS"
2195,"in",4,"EUS"
2196,"indize",4,"EUS"
2197,"industrian",4,"EUS"
2198,"ingelesez",4,"EUS"
2199,"inperioa",4,"EUS"
2200,"instituzio",4,"EUS"
2201,"ipini",4,"EUS"
2202,"ipuin",4,"EUS"
2203,"ipuinak",4,"EUS"
2204,"iragarri",4,"EUS"
2205,"iritsiz",4,"EUS"
2206,"irizpide",4,"EUS"
2207,"irlandako",4,"EUS"
2208,"irten",4,"EUS"
2209,"irudiak",4,"EUS"
2210,"istorio",4,"EUS"
2211,"itsasontzi",4,"EUS"
2212,"ituna",4,"EUS"
2213,"itxita",4,"EUS"
2214,"itxurako",4,"EUS"
2215,"itzulpen",4,"EUS"
2216,"ixten",4,"EUS"
2217,"izendatua",4,"EUS"
2218,"izendatzeko",4,"EUS"
2219,"izenez",4,"EUS"
2220,"jada",4,"EUS"
2221,"jai",4,"EUS"
2222,"jaialdia",4,"EUS"
2223,"jaialdian",4,"EUS"
2224,"jainko",4,"EUS"
2225,"jainkoa",4,"EUS"
2226,"jaioa",4,"EUS"
2227,"jakina",4,"EUS"
2228,"jarduerak",4,"EUS"
2229,"jardun",4,"EUS"
2230,"jarraituko",4,"EUS"
2231,"jarriko",4,"EUS"
2232,"jarrita",4,"EUS"
2233,"jasoko",4,"EUS"
2234,"jasotzeko",4,"EUS"
2235,"jauregian",4,"EUS"
2236,"jean",4,"EUS"
2237,"jeneralak",4,"EUS"
2238,"joateko",4,"EUS"
2239,"josé",4,"EUS"
2240,"juridikoa",4,"EUS"
2241,"kaleetan",4,"EUS"
2242,"kanpai",4,"EUS"
2243,"kanpoan",4,"EUS"
2244,"karga",4,"EUS"
2245,"keinu",4,"EUS"
2246,"kezka",4,"EUS"
2247,"kilo",4,"EUS"
2248,"kilometrora",4,"EUS"
2249,"klima",4,"EUS"
2250,"kokapena",4,"EUS"
2251,"kokaturik",4,"EUS"
2252,"kolorearen",4,"EUS"
2253,"konpainiak",4,"EUS"
2254,"konparatuz",4,"EUS"
2255,"konpondu",4,"EUS"
2256,"konputagailu",4,"EUS"
2257,"kontsumitzen",4,"EUS"
2258,"kontutan",4,"EUS"
2259,"kontzientzia",4,"EUS"
2260,"koordenatu",4,"EUS"
2261,"kopako",4,"EUS"
2262,"kutsadura",4,"EUS"
2263,"laguna",4,"EUS"
2264,"lagunak",4,"EUS"
2265,"laktona",4,"EUS"
2266,"landareen",4,"EUS"
2267,"landu",4,"EUS"
2268,"le",4,"EUS"
2269,"legea",4,"EUS"
2270,"legez",4,"EUS"
2271,"lehendabizi",4,"EUS"
2272,"lehendakari",4,"EUS"
2273,"lehenengoa",4,"EUS"
2274,"lekuetan",4,"EUS"
2275,"lortutako",4,"EUS"
2276,"lortzea",4,"EUS"
2277,"love",4,"EUS"
2278,"luis",4,"EUS"
2279,"lurraldean",4,"EUS"
2280,"lurreko",4,"EUS"
2281,"luzaroan",4,"EUS"
2282,"luzatu",4,"EUS"
2283,"luzeak",4,"EUS"
2284,"luzez",4,"EUS"
2285,"maite",4,"EUS"
2286,"makina",4,"EUS"
2287,"mantentzeko",4,"EUS"
2288,"margolan",4,"EUS"
2289,"marko",4,"EUS"
2290,"marra",4,"EUS"
2291,"marrazkiak",4,"EUS"
2292,"martxoaren",4,"EUS"
2293,"materiala",4,"EUS"
2294,"menderako",4,"EUS"
2295,"mendi",4,"EUS"
2296,"merkatari",4,"EUS"
2297,"merkatu",4,"EUS"
2298,"metodoaren",4,"EUS"
2299,"militarra",4,"EUS"
2300,"milizia",4,"EUS"
2301,"minutu",4,"EUS"
2302,"modua",4,"EUS"
2303,"moduko",4,"EUS"
2304,"modura",4,"EUS"
2305,"modutan",4,"EUS"
2306,"molde",4,"EUS"
2307,"motatako",4,"EUS"
2308,"mugatu",4,"EUS"
2309,"mugitu",4,"EUS"
2310,"muino",4,"EUS"
2311,"museoa",4,"EUS"
2312,"musikari",4,"EUS"
2313,"mutil",4,"EUS"
2314,"nabarmenki",4,"EUS"
2315,"nabarmentzen",4,"EUS"
2316,"nagusiki",4,"EUS"
2317,"nagusitasuna",4,"EUS"
2318,"nagusitu",4,"EUS"
2319,"national",4,"EUS"
2320,"natural",4,"EUS"
2321,"naturalaren",4,"EUS"
2322,"naturaren",4,"EUS"
2323,"nazionala",4,"EUS"
2324,"nazionalaren",4,"EUS"
2325,"nekazari",4,"EUS"
2326,"noblezia",4,"EUS"
2327,"nork",4,"EUS"
2328,"ofizial",4,"EUS"
2329,"ohikoak",4,"EUS"
2330,"oinarriak",4,"EUS"
2331,"oinarritua",4,"EUS"
2332,"ondorioak",4,"EUS"
2333,"onenak",4,"EUS"
2334,"onenaren",4,"EUS"
2335,"ongi",4,"EUS"
2336,"opera",4,"EUS"
2337,"oraingoan",4,"EUS"
2338,"ordaindu",4,"EUS"
2339,"ordezkari",4,"EUS"
2340,"ordezkatuz",4,"EUS"
2341,"osasun",4,"EUS"
2342,"osoaren",4,"EUS"
2343,"ospatu",4,"EUS"
2344,"ospatzeko",4,"EUS"
2345,"otsailaren",4,"EUS"
2346,"p",4,"EUS"
2347,"parisen",4,"EUS"
2348,"partzialki",4,"EUS"
2349,"pasarte",4,"EUS"
2350,"pentsamendu",4,"EUS"
2351,"perpaus",4,"EUS"
2352,"pertsonala",4,"EUS"
2353,"pixkanaka",4,"EUS"
2354,"plazan",4,"EUS"
2355,"poderioz",4,"EUS"
2356,"poeta",4,"EUS"
2357,"politikoen",4,"EUS"
2358,"polizia",4,"EUS"
2359,"pop",4,"EUS"
2360,"presio",4,"EUS"
2361,"prest",4,"EUS"
2362,"prestakuntza",4,"EUS"
2363,"prestatu",4,"EUS"
2364,"probintzia",4,"EUS"
2365,"profesionala",4,"EUS"
2366,"proiektuak",4,"EUS"
2367,"proportzioa",4,"EUS"
2368,"proposatzen",4,"EUS"
2369,"protagonista",4,"EUS"
2370,"protesta",4,"EUS"
2371,"protoi",4,"EUS"
2372,"prozesua",4,"EUS"
2373,"prozesuaren",4,"EUS"
2374,"punta",4,"EUS"
2375,"saiakera",4,"EUS"
2376,"saiatzen",4,"EUS"
2377,"salvador",4,"EUS"
2378,"santu",4,"EUS"
2379,"sartzea",4,"EUS"
2380,"seinale",4,"EUS"
2381,"sekuentzia",4,"EUS"
2382,"sintetikoak",4,"EUS"
2383,"sistemaren",4,"EUS"
2384,"solairua",4,"EUS"
2385,"solairuan",4,"EUS"
2386,"solairuko",4,"EUS"
2387,"sortua",4,"EUS"
2388,"sortuko",4,"EUS"
2389,"sortuz",4,"EUS"
2390,"sortzaile",4,"EUS"
2391,"taldearekin",4,"EUS"
2392,"tasak",4,"EUS"
2393,"teknologikoetan",4,"EUS"
2394,"tradizionalki",4,"EUS"
2395,"tratatzen",4,"EUS"
2396,"trenbide",4,"EUS"
2397,"truke",4,"EUS"
2398,"txapelduna",4,"EUS"
2399,"txarra",4,"EUS"
2400,"txarrak",4,"EUS"
2401,"txikiena",4,"EUS"
2402,"ugalketa",4,"EUS"
2403,"uharteak",4,"EUS"
2404,"ulertzen",4,"EUS"
2405,"ume",4,"EUS"
2406,"un",4,"EUS"
2407,"urak",4,"EUS"
2408,"urrun",4,"EUS"
2409,"urtearen",4,"EUS"
2410,"utziko",4,"EUS"
2411,"uztailaren",4,"EUS"
2412,"von",4,"EUS"
2413,"xedea",4,"EUS"
2414,"xiv",4,"EUS"
2415,"xurgatzen",4,"EUS"
2416,"xxi",4,"EUS"
2417,"zabalean",4,"EUS"
2418,"zahar",4,"EUS"
2419,"zaharra",4,"EUS"
2420,"zailtasun",4,"EUS"
2421,"zatia",4,"EUS"
2422,"zatitan",4,"EUS"
2423,"zeharkatzen",4,"EUS"
2424,"zehatza",4,"EUS"
2425,"zelaia",4,"EUS"
2426,"zelula",4,"EUS"
2427,"zenbaitetan",4,"EUS"
2428,"zenbakia",4,"EUS"
2429,"zera",4,"EUS"
2430,"zerbitzua",4,"EUS"
2431,"zerbitzura",4,"EUS"
2432,"zinema",4,"EUS"
2433,"zirelako",4,"EUS"
2434,"zirenean",4,"EUS"
2435,"zituelarik",4,"EUS"
2436,"ziur",4,"EUS"
2437,"zulo",4,"EUS"
2438,"zuriak",4,"EUS"
2439,"zutabea",4,"EUS"
2440,"zuzendutako",4,"EUS"
2441,"zuzentzeko",4,"EUS"
2442,"110",3,"EUS"
2443,"135",3,"EUS"
2444,"136",3,"EUS"
2445,"1900",3,"EUS"
2446,"1930",3,"EUS"
2447,"1956",3,"EUS"
2448,"1971",3,"EUS"
2449,"1972",3,"EUS"
2450,"1975",3,"EUS"
2451,"1976",3,"EUS"
2452,"1978",3,"EUS"
2453,"1979",3,"EUS"
2454,"1980an",3,"EUS"
2455,"1989an",3,"EUS"
2456,"1990",3,"EUS"
2457,"1992",3,"EUS"
2458,"1996",3,"EUS"
2459,"2002an",3,"EUS"
2460,"2005eko",3,"EUS"
2461,"2007",3,"EUS"
2462,"2007an",3,"EUS"
2463,"2009ko",3,"EUS"
2464,"2013ko",3,"EUS"
2465,"2018ko",3,"EUS"
2466,"27an",3,"EUS"
2467,"30ean",3,"EUS"
2468,"34",3,"EUS"
2469,"37",3,"EUS"
2470,"42",3,"EUS"
2471,"48",3,"EUS"
2472,"49",3,"EUS"
2473,"58",3,"EUS"
2474,"600",3,"EUS"
2475,"60ko",3,"EUS"
2476,"61",3,"EUS"
2477,"68",3,"EUS"
2478,"76",3,"EUS"
2479,"78",3,"EUS"
2480,"800",3,"EUS"
2481,"83",3,"EUS"
2482,"900",3,"EUS"
2483,"90eko",3,"EUS"
2484,"abantaila",3,"EUS"
2485,"abenduaren",3,"EUS"
2486,"abentura",3,"EUS"
2487,"aberatsa",3,"EUS"
2488,"abertzaleak",3,"EUS"
2489,"abestien",3,"EUS"
2490,"abiatuta",3,"EUS"
2491,"adamsek",3,"EUS"
2492,"adiskidetasuna",3,"EUS"
2493,"aditu",3,"EUS"
2494,"adituek",3,"EUS"
2495,"agente",3,"EUS"
2496,"ahaide",3,"EUS"
2497,"ahizpa",3,"EUS"
2498,"aholku",3,"EUS"
2499,"aintzat",3,"EUS"
2500,"aintzira",3,"EUS"
2501,"aipamen",3,"EUS"
2502,"aipaturiko",3,"EUS"
2503,"aireportua",3,"EUS"
2504,"aitona",3,"EUS"
2505,"aitortu",3,"EUS"
2506,"aktiboak",3,"EUS"
2507,"alboan",3,"EUS"
2508,"alda",3,"EUS"
2509,"aldaketek",3,"EUS"
2510,"aldaketen",3,"EUS"
2511,"aldakorra",3,"EUS"
2512,"aldarrikatu",3,"EUS"
2513,"aldatzean",3,"EUS"
2514,"aldatzeko",3,"EUS"
2515,"aldekoa",3,"EUS"
2516,"alderantziz",3,"EUS"
2517,"alderatuta",3,"EUS"
2518,"alderdiek",3,"EUS"
2519,"aldizkarietan",3,"EUS"
2520,"alegiazko",3,"EUS"
2521,"aleksandr",3,"EUS"
2522,"alemania",3,"EUS"
2523,"alemanian",3,"EUS"
2524,"alexandro",3,"EUS"
2525,"aliatuek",3,"EUS"
2526,"alkatetza",3,"EUS"
2527,"alma",3,"EUS"
2528,"alor",3,"EUS"
2529,"alorrean",3,"EUS"
2530,"alpetar",3,"EUS"
2531,"alternatibak",3,"EUS"
2532,"altuena",3,"EUS"
2533,"an",3,"EUS"
2534,"anaiaren",3,"EUS"
2535,"angel",3,"EUS"
2536,"ángel",3,"EUS"
2537,"angelu",3,"EUS"
2538,"animaliak",3,"EUS"
2539,"animalien",3,"EUS"
2540,"anitzak",3,"EUS"
2541,"aniztasuna",3,"EUS"
2542,"antolakuntza",3,"EUS"
2543,"antzekoak",3,"EUS"
2544,"antzerkian",3,"EUS"
2545,"antzezlan",3,"EUS"
2546,"antzeztu",3,"EUS"
2547,"aparteko",3,"EUS"
2548,"apartekoak",3,"EUS"
2549,"aplikatu",3,"EUS"
2550,"aplikatzen",3,"EUS"
2551,"aplikazio",3,"EUS"
2552,"arabiar",3,"EUS"
2553,"arduradun",3,"EUS"
2554,"arestian",3,"EUS"
2555,"areto",3,"EUS"
2556,"argitalpen",3,"EUS"
2557,"argitalpena",3,"EUS"
2558,"argitara",3,"EUS"
2559,"ariketa",3,"EUS"
2560,"aritzeko",3,"EUS"
2561,"arkitekturan",3,"EUS"
2562,"arkuek",3,"EUS"
2563,"arloa",3,"EUS"
2564,"armadak",3,"EUS"
2565,"armak",3,"EUS"
2566,"armenia",3,"EUS"
2567,"arrantza",3,"EUS"
2568,"arrantzan",3,"EUS"
2569,"arrasto",3,"EUS"
2570,"arrautzak",3,"EUS"
2571,"arrazoiak",3,"EUS"
2572,"arrosa",3,"EUS"
2573,"arrosekin",3,"EUS"
2574,"arruntak",3,"EUS"
2575,"artearen",3,"EUS"
2576,"artekoa",3,"EUS"
2577,"artistek",3,"EUS"
2578,"artisten",3,"EUS"
2579,"asaldatu",3,"EUS"
2580,"ashlee",3,"EUS"
2581,"askatasuna",3,"EUS"
2582,"askatutako",3,"EUS"
2583,"askatzen",3,"EUS"
2584,"askorentzat",3,"EUS"
2585,"askotara",3,"EUS"
2586,"asmatu",3,"EUS"
2587,"aspektu",3,"EUS"
2588,"astronomoagatik",3,"EUS"
2589,"atarian",3,"EUS"
2590,"ateen",3,"EUS"
2591,"atenas",3,"EUS"
2592,"atentatu",3,"EUS"
2593,"atentatua",3,"EUS"
2594,"atleta",3,"EUS"
2595,"atomoak",3,"EUS"
2596,"atsegina",3,"EUS"
2597,"atzeratu",3,"EUS"
2598,"atzerriko",3,"EUS"
2599,"atzetik",3,"EUS"
2600,"atzizkiak",3,"EUS"
2601,"aurpegi",3,"EUS"
2602,"aurreikusi",3,"EUS"
2603,"aurrekoaren",3,"EUS"
2604,"aurreneko",3,"EUS"
2605,"aurrerantzean",3,"EUS"
2606,"autoa",3,"EUS"
2607,"autonomo",3,"EUS"
2608,"auzoak",3,"EUS"
2609,"azalduko",3,"EUS"
2610,"azkarragoa",3,"EUS"
2611,"azpi",3,"EUS"
2612,"badakigu",3,"EUS"
2613,"bahitu",3,"EUS"
2614,"baieztatu",3,"EUS"
2615,"baitituzte",3,"EUS"
2616,"bakartiak",3,"EUS"
2617,"bakterio",3,"EUS"
2618,"baldin",3,"EUS"
2619,"baliatu",3,"EUS"
2620,"baliatzen",3,"EUS"
2621,"baliogabeko",3,"EUS"
2622,"balira",3,"EUS"
2623,"balizko",3,"EUS"
2624,"balu",3,"EUS"
2625,"banandu",3,"EUS"
2626,"bananduta",3,"EUS"
2627,"banatan",3,"EUS"
2628,"banatua",3,"EUS"
2629,"banaturik",3,"EUS"
2630,"barandiaran",3,"EUS"
2631,"barik",3,"EUS"
2632,"barkatu",3,"EUS"
2633,"barneratzen",3,"EUS"
2634,"barrura",3,"EUS"
2635,"barrutiak",3,"EUS"
2636,"basa",3,"EUS"
2637,"baserri",3,"EUS"
2638,"basilika",3,"EUS"
2639,"batekoa",3,"EUS"
2640,"batengatik",3,"EUS"
2641,"bateria",3,"EUS"
2642,"batik",3,"EUS"
2643,"batuak",3,"EUS"
2644,"batuan",3,"EUS"
2645,"batuaren",3,"EUS"
2646,"batura",3,"EUS"
2647,"batzuetako",3,"EUS"
2648,"batzuetara",3,"EUS"
2649,"bazegoen",3,"EUS"
2650,"beharbada",3,"EUS"
2651,"beldur",3,"EUS"
2652,"beldurrik",3,"EUS"
2653,"benito",3,"EUS"
2654,"beraren",3,"EUS"
2655,"berbera",3,"EUS"
2656,"berdea",3,"EUS"
2657,"berdinak",3,"EUS"
2658,"berea",3,"EUS"
2659,"bereizita",3,"EUS"
2660,"bereizteko",3,"EUS"
2661,"berlingo",3,"EUS"
2662,"berrian",3,"EUS"
2663,"berriaren",3,"EUS"
2664,"berriek",3,"EUS"
2665,"berrikuntza",3,"EUS"
2666,"berritzea",3,"EUS"
2667,"besteek",3,"EUS"
2668,"besteko",3,"EUS"
2669,"betea",3,"EUS"
2670,"beteriko",3,"EUS"
2671,"betetako",3,"EUS"
2672,"betiere",3,"EUS"
2673,"betirako",3,"EUS"
2674,"bezalaxe",3,"EUS"
2675,"bideratu",3,"EUS"
2676,"bideratuz",3,"EUS"
2677,"bidetik",3,"EUS"
2678,"bihotz",3,"EUS"
2679,"bihotzean",3,"EUS"
2680,"bikain",3,"EUS"
2681,"bilakatzen",3,"EUS"
2682,"bilaketa",3,"EUS"
2683,"bilatu",3,"EUS"
2684,"bildutako",3,"EUS"
2685,"bilera",3,"EUS"
2686,"biltegi",3,"EUS"
2687,"bird",3,"EUS"
2688,"birusa",3,"EUS"
2689,"bisita",3,"EUS"
2690,"bitxia",3,"EUS"
2691,"bizimodu",3,"EUS"
2692,"bizimodua",3,"EUS"
2693,"bizitzako",3,"EUS"
2694,"bizitzen",3,"EUS"
2695,"bizkaia",3,"EUS"
2696,"biztanleek",3,"EUS"
2697,"black",3,"EUS"
2698,"blanco",3,"EUS"
2699,"book",3,"EUS"
2700,"borondate",3,"EUS"
2701,"borrokatu",3,"EUS"
2702,"bosgarren",3,"EUS"
2703,"bosniako",3,"EUS"
2704,"boteretsu",3,"EUS"
2705,"boy",3,"EUS"
2706,"bretainiako",3,"EUS"
2707,"bukaeran",3,"EUS"
2708,"bukatzeko",3,"EUS"
2709,"bulego",3,"EUS"
2710,"bulegoak",3,"EUS"
2711,"burdinezko",3,"EUS"
2712,"buztina",3,"EUS"
2713,"cabo",3,"EUS"
2714,"capital",3,"EUS"
2715,"catherine",3,"EUS"
2716,"chester",3,"EUS"
2717,"dabilen",3,"EUS"
2718,"daitekeela",3,"EUS"
2719,"daitekeen",3,"EUS"
2720,"daitekeena",3,"EUS"
2721,"daitezen",3,"EUS"
2722,"darama",3,"EUS"
2723,"datorren",3,"EUS"
2724,"datozen",3,"EUS"
2725,"daturik",3,"EUS"
2726,"datza",3,"EUS"
2727,"daudelako",3,"EUS"
2728,"daukan",3,"EUS"
2729,"dayton",3,"EUS"
2730,"defendatzen",3,"EUS"
2731,"definizio",3,"EUS"
2732,"definizioa",3,"EUS"
2733,"dekorazioaren",3,"EUS"
2734,"denboraldian",3,"EUS"
2735,"denboran",3,"EUS"
2736,"desagertua",3,"EUS"
2737,"desagertzeko",3,"EUS"
2738,"desberdintasunak",3,"EUS"
2739,"desegin",3,"EUS"
2740,"deskribatu",3,"EUS"
2741,"dezaten",3,"EUS"
2742,"diego",3,"EUS"
2743,"dien",3,"EUS"
2744,"digital",3,"EUS"
2745,"digitala",3,"EUS"
2746,"diodo",3,"EUS"
2747,"dion",3,"EUS"
2748,"diona",3,"EUS"
2749,"dionisiok",3,"EUS"
2750,"diotenak",3,"EUS"
2751,"direnen",3,"EUS"
2752,"direnez",3,"EUS"
2753,"diska",3,"EUS"
2754,"diskoaren",3,"EUS"
2755,"diskoen",3,"EUS"
2756,"disolbatzaile",3,"EUS"
2757,"ditugun",3,"EUS"
2758,"dituztelako",3,"EUS"
2759,"dna",3,"EUS"
2760,"doan",3,"EUS"
2761,"doaz",3,"EUS"
2762,"doinu",3,"EUS"
2763,"dolar",3,"EUS"
2764,"drama",3,"EUS"
2765,"ds",3,"EUS"
2766,"duenean",3,"EUS"
2767,"duenez",3,"EUS"
2768,"dugun",3,"EUS"
2769,"dutenean",3,"EUS"
2770,"dutenek",3,"EUS"
2771,"ean",3,"EUS"
2772,"edari",3,"EUS"
2773,"edonola",3,"EUS"
2774,"edurne",3,"EUS"
2775,"efektua",3,"EUS"
2776,"egi",3,"EUS"
2777,"egile",3,"EUS"
2778,"egilea",3,"EUS"
2779,"eginiko",3,"EUS"
2780,"egiptoren",3,"EUS"
2781,"egitean",3,"EUS"
2782,"egoeran",3,"EUS"
2783,"egokitu",3,"EUS"
2784,"egunak",3,"EUS"
2785,"egunetan",3,"EUS"
2786,"egunkari",3,"EUS"
2787,"eguzkiak",3,"EUS"
2788,"ehizan",3,"EUS"
2789,"ekarpenak",3,"EUS"
2790,"ekarriko",3,"EUS"
2791,"ekartzen",3,"EUS"
2792,"ekialdetik",3,"EUS"
2793,"eko",3,"EUS"
2794,"ekoitzi",3,"EUS"
2795,"ekonomiaren",3,"EUS"
2796,"ekonomikoak",3,"EUS"
2797,"eleberriak",3,"EUS"
2798,"elektroi",3,"EUS"
2799,"elektroiak",3,"EUS"
2800,"elementua",3,"EUS"
2801,"elementurik",3,"EUS"
2802,"elikagai",3,"EUS"
2803,"eliteen",3,"EUS"
2804,"elizak",3,"EUS"
2805,"elkartea",3,"EUS"
2806,"elkarteen",3,"EUS"
2807,"elkartu",3,"EUS"
2808,"elkartuta",3,"EUS"
2809,"emaitzak",3,"EUS"
2810,"emateaz",3,"EUS"
2811,"emazteak",3,"EUS"
2812,"emaztearekin",3,"EUS"
2813,"enpresaren",3,"EUS"
2814,"epaitu",3,"EUS"
2815,"erabakitzen",3,"EUS"
2816,"eragilea",3,"EUS"
2817,"eraginak",3,"EUS"
2818,"eraginkor",3,"EUS"
2819,"eragotzi",3,"EUS"
2820,"eraikiak",3,"EUS"
2821,"erail",3,"EUS"
2822,"erakarri",3,"EUS"
2823,"eraketa",3,"EUS"
2824,"erakusketak",3,"EUS"
2825,"eraldaketa",3,"EUS"
2826,"erantzuna",3,"EUS"
2827,"erasotzen",3,"EUS"
2828,"eraztunaren",3,"EUS"
2829,"erlijioaren",3,"EUS"
2830,"errazteko",3,"EUS"
2831,"erraztu",3,"EUS"
2832,"erregeari",3,"EUS"
2833,"erregeen",3,"EUS"
2834,"erregerik",3,"EUS"
2835,"erregularra",3,"EUS"
2836,"errepidean",3,"EUS"
2837,"erresistentzia",3,"EUS"
2838,"erroldaren",3,"EUS"
2839,"erromatarrak",3,"EUS"
2840,"errota",3,"EUS"
2841,"errotazio",3,"EUS"
2842,"ertain",3,"EUS"
2843,"ertz",3,"EUS"
2844,"ertzetan",3,"EUS"
2845,"es",3,"EUS"
2846,"esaldi",3,"EUS"
2847,"esandakoa",3,"EUS"
2848,"esanguratsu",3,"EUS"
2849,"esateko",3,"EUS"
2850,"eskasak",3,"EUS"
2851,"eski",3,"EUS"
2852,"esklabo",3,"EUS"
2853,"eskoziako",3,"EUS"
2854,"eskuak",3,"EUS"
2855,"eskultore",3,"EUS"
2856,"eskuz",3,"EUS"
2857,"espainiara",3,"EUS"
2858,"espazioaren",3,"EUS"
2859,"espektroa",3,"EUS"
2860,"esperientziak",3,"EUS"
2861,"esperimentu",3,"EUS"
2862,"espetxe",3,"EUS"
2863,"espezializatu",3,"EUS"
2864,"espina",3,"EUS"
2865,"estadioan",3,"EUS"
2866,"estaltzen",3,"EUS"
2867,"estandar",3,"EUS"
2868,"estatubatuarra",3,"EUS"
2869,"estatuen",3,"EUS"
2870,"estatusa",3,"EUS"
2871,"estrategikoa",3,"EUS"
2872,"estudio",3,"EUS"
2873,"eten",3,"EUS"
2874,"etika",3,"EUS"
2875,"etortzen",3,"EUS"
2876,"etxeetan",3,"EUS"
2877,"euro",3,"EUS"
2878,"euskadi",3,"EUS"
2879,"euskalduna",3,"EUS"
2880,"euskaldunen",3,"EUS"
2881,"euskarri",3,"EUS"
2882,"euzko",3,"EUS"
2883,"eva",3,"EUS"
2884,"existentzia",3,"EUS"
2885,"ezberdin",3,"EUS"
2886,"ezberdintasun",3,"EUS"
2887,"ezinbestekoa",3,"EUS"
2888,"ezkontza",3,"EUS"
2889,"eztei",3,"EUS"
2890,"feminismoaren",3,"EUS"
2891,"fenomenoa",3,"EUS"
2892,"figura",3,"EUS"
2893,"fikziozko",3,"EUS"
2894,"finantza",3,"EUS"
2895,"finlandiako",3,"EUS"
2896,"fitxategiak",3,"EUS"
2897,"for",3,"EUS"
2898,"formala",3,"EUS"
2899,"formatu",3,"EUS"
2900,"frantsesa",3,"EUS"
2901,"frantzian",3,"EUS"
2902,"frantziarrek",3,"EUS"
2903,"froga",3,"EUS"
2904,"frogatzen",3,"EUS"
2905,"fundazioak",3,"EUS"
2906,"funtsean",3,"EUS"
2907,"funtzioak",3,"EUS"
2908,"gabezia",3,"EUS"
2909,"gabriel",3,"EUS"
2910,"gaiaren",3,"EUS"
2911,"gailur",3,"EUS"
2912,"gainbehera",3,"EUS"
2913,"gaizki",3,"EUS"
2914,"galarazi",3,"EUS"
2915,"galdetu",3,"EUS"
2916,"galduko",3,"EUS"
2917,"galerian",3,"EUS"
2918,"galiar",3,"EUS"
2919,"game",3,"EUS"
2920,"ganbera",3,"EUS"
2921,"garailea",3,"EUS"
2922,"garapenerako",3,"EUS"
2923,"garbiketa",3,"EUS"
2924,"garrantzitsuenak",3,"EUS"
2925,"gasteizko",3,"EUS"
2926,"gastuak",3,"EUS"
2927,"gatz",3,"EUS"
2928,"gaurko",3,"EUS"
2929,"gazteen",3,"EUS"
2930,"gazteena",3,"EUS"
2931,"gaztelania",3,"EUS"
2932,"gaztelaniaz",3,"EUS"
2933,"gaztelaniazko",3,"EUS"
2934,"gb",3,"EUS"
2935,"gehiagok",3,"EUS"
2936,"gehiagotan",3,"EUS"
2937,"gehiegi",3,"EUS"
2938,"gehiegizko",3,"EUS"
2939,"gelako",3,"EUS"
2940,"gene",3,"EUS"
2941,"genuke",3,"EUS"
2942,"geografiko",3,"EUS"
2943,"george",3,"EUS"
2944,"gerrari",3,"EUS"
2945,"gerrarik",3,"EUS"
2946,"gerta",3,"EUS"
2947,"giltza",3,"EUS"
2948,"giovanni",3,"EUS"
2949,"gizakia",3,"EUS"
2950,"gizakiek",3,"EUS"
2951,"gizartearen",3,"EUS"
2952,"gizonaren",3,"EUS"
2953,"gizonezkoen",3,"EUS"
2954,"gobernatu",3,"EUS"
2955,"gobernatzen",3,"EUS"
2956,"gogoeta",3,"EUS"
2957,"gogoratu",3,"EUS"
2958,"goialdea",3,"EUS"
2959,"goiburua",3,"EUS"
2960,"goikoa",3,"EUS"
2961,"goku",3,"EUS"
2962,"gol",3,"EUS"
2963,"gordeta",3,"EUS"
2964,"gordinaren",3,"EUS"
2965,"gorena",3,"EUS"
2966,"gorenak",3,"EUS"
2967,"gorriz",3,"EUS"
2968,"gorteak",3,"EUS"
2969,"gozatzen",3,"EUS"
2970,"grabatzen",3,"EUS"
2971,"grezian",3,"EUS"
2972,"gris",3,"EUS"
2973,"gudu",3,"EUS"
2974,"gudua",3,"EUS"
2975,"guduan",3,"EUS"
2976,"guneak",3,"EUS"
2977,"gunearen",3,"EUS"
2978,"gurasoek",3,"EUS"
2979,"gurpil",3,"EUS"
2980,"gurutzatua",3,"EUS"
2981,"gurutzeari",3,"EUS"
2982,"gutxian",3,"EUS"
2983,"gutxiko",3,"EUS"
2984,"guztian",3,"EUS"
2985,"guztiaren",3,"EUS"
2986,"habitat",3,"EUS"
2987,"haizearen",3,"EUS"
2988,"hamargarren",3,"EUS"
2989,"handiarekin",3,"EUS"
2990,"handiaren",3,"EUS"
2991,"handiek",3,"EUS"
2992,"handien",3,"EUS"
2993,"handienak",3,"EUS"
2994,"handienean",3,"EUS"
2995,"hantxe",3,"EUS"
2996,"hara",3,"EUS"
2997,"haragia",3,"EUS"
2998,"hari",3,"EUS"
2999,"harrapatuko",3,"EUS"
3000,"harrera",3,"EUS"
3001,"harresi",3,"EUS"
3002,"harresia",3,"EUS"
3003,"harridurarako",3,"EUS"
3004,"hartzera",3,"EUS"
3005,"hasita",3,"EUS"
3006,"haurdun",3,"EUS"
3007,"hausnartzen",3,"EUS"
3008,"hauteskunde",3,"EUS"
3009,"hauteskundeak",3,"EUS"
3010,"hauxe",3,"EUS"
3011,"haziak",3,"EUS"
3012,"hazkunde",3,"EUS"
3013,"hazteko",3,"EUS"
3014,"hedadura",3,"EUS"
3015,"hegazkin",3,"EUS"
3016,"hegazti",3,"EUS"
3017,"hegoaldean",3,"EUS"
3018,"hegoen",3,"EUS"
3019,"helmuga",3,"EUS"
3020,"herrialdea",3,"EUS"
3021,"herrialdean",3,"EUS"
3022,"herrialdetan",3,"EUS"
3023,"herriari",3,"EUS"
3024,"herriek",3,"EUS"
3025,"herrien",3,"EUS"
3026,"herrikoia",3,"EUS"
3027,"herrira",3,"EUS"
3028,"herritarrak",3,"EUS"
3029,"hilabetez",3,"EUS"
3030,"hilerri",3,"EUS"
3031,"hilobi",3,"EUS"
3032,"hiltzean",3,"EUS"
3033,"hipotesia",3,"EUS"
3034,"hiriaren",3,"EUS"
3035,"hiriburu",3,"EUS"
3036,"hiritan",3,"EUS"
3037,"hiritar",3,"EUS"
3038,"hirurogeita",3,"EUS"
3039,"historialaria",3,"EUS"
3040,"historialariek",3,"EUS"
3041,"historikoak",3,"EUS"
3042,"hitzaldiak",3,"EUS"
3043,"hizkera",3,"EUS"
3044,"hizkuntzen",3,"EUS"
3045,"hiztegi",3,"EUS"
3046,"hobekien",3,"EUS"
3047,"hobeto",3,"EUS"
3048,"hobetzeko",3,"EUS"
3049,"horretara",3,"EUS"
3050,"horretatik",3,"EUS"
3051,"hortaz",3,"EUS"
3052,"house",3,"EUS"
3053,"http",3,"EUS"
3054,"hurbilago",3,"EUS"
3055,"huts",3,"EUS"
3056,"ibaien",3,"EUS"
3057,"ibilgailu",3,"EUS"
3058,"ibiltzeko",3,"EUS"
3059,"idazteko",3,"EUS"
3060,"ideien",3,"EUS"
3061,"igarotzeko",3,"EUS"
3062,"igoera",3,"EUS"
3063,"igotzen",3,"EUS"
3064,"iheslari",3,"EUS"
3065,"ikasleen",3,"EUS"
3066,"ikastaroak",3,"EUS"
3067,"ikerketaren",3,"EUS"
3068,"ikerketek",3,"EUS"
3069,"ikertzaile",3,"EUS"
3070,"ikertzen",3,"EUS"
3071,"ikusleen",3,"EUS"
3072,"ikuspegitik",3,"EUS"
3073,"ikusteko",3,"EUS"
3074,"iluna",3,"EUS"
3075,"ilunak",3,"EUS"
3076,"indarkeria",3,"EUS"
3077,"indarraren",3,"EUS"
3078,"indarrean",3,"EUS"
3079,"indartzen",3,"EUS"
3080,"industri",3,"EUS"
3081,"industrial",3,"EUS"
3082,"industriaren",3,"EUS"
3083,"ingurunean",3,"EUS"
3084,"inon",3,"EUS"
3085,"inongo",3,"EUS"
3086,"inork",3,"EUS"
3087,"inperio",3,"EUS"
3088,"inperioko",3,"EUS"
3089,"interes",3,"EUS"
3090,"interesak",3,"EUS"
3091,"interneteko",3,"EUS"
3092,"intsektu",3,"EUS"
3093,"ipinita",3,"EUS"
3094,"iragarki",3,"EUS"
3095,"irakaslearen",3,"EUS"
3096,"irakurtzen",3,"EUS"
3097,"iraupen",3,"EUS"
3098,"irlandar",3,"EUS"
3099,"irudiaren",3,"EUS"
3100,"irudiekin",3,"EUS"
3101,"isats",3,"EUS"
3102,"island",3,"EUS"
3103,"islatzen",3,"EUS"
3104,"israelgo",3,"EUS"
3105,"istripu",3,"EUS"
3106,"isurkiko",3,"EUS"
3107,"itsasoa",3,"EUS"
3108,"itsasoan",3,"EUS"
3109,"itunaren",3,"EUS"
3110,"itxi",3,"EUS"
3111,"itxuraz",3,"EUS"
3112,"itzela",3,"EUS"
3113,"itzultzeko",3,"EUS"
3114,"ix",3,"EUS"
3115,"izanak",3,"EUS"
3116,"izarra",3,"EUS"
3117,"izateagatik",3,"EUS"
3118,"izatearen",3,"EUS"
3119,"izateaz",3,"EUS"
3120,"izendapena",3,"EUS"
3121,"izenean",3,"EUS"
3122,"izenekoak",3,"EUS"
3123,"izpirituen",3,"EUS"
3124,"jadanik",3,"EUS"
3125,"jaiotza",3,"EUS"
3126,"jaiotzen",3,"EUS"
3127,"jakitea",3,"EUS"
3128,"janari",3,"EUS"
3129,"jantzi",3,"EUS"
3130,"japonian",3,"EUS"
3131,"japoniar",3,"EUS"
3132,"jariatze",3,"EUS"
3133,"jarraitzaile",3,"EUS"
3134,"jatorrian",3,"EUS"
3135,"jauregiko",3,"EUS"
3136,"jaurlaritzako",3,"EUS"
3137,"javier",3,"EUS"
3138,"jō",3,"EUS"
3139,"johann",3,"EUS"
3140,"jokoak",3,"EUS"
3141,"jokoen",3,"EUS"
3142,"jolas",3,"EUS"
3143,"jorratzen",3,"EUS"
3144,"jose",3,"EUS"
3145,"judu",3,"EUS"
3146,"juduak",3,"EUS"
3147,"kable",3,"EUS"
3148,"kaleak",3,"EUS"
3149,"kaleratu",3,"EUS"
3150,"kalitate",3,"EUS"
3151,"kalkulatzeko",3,"EUS"
3152,"kalkulatzen",3,"EUS"
3153,"kaltetu",3,"EUS"
3154,"kamerun",3,"EUS"
3155,"kanadako",3,"EUS"
3156,"kanala",3,"EUS"
3157,"kanpoaldean",3,"EUS"
3158,"kanporatzen",3,"EUS"
3159,"kanta",3,"EUS"
3160,"kantari",3,"EUS"
3161,"kantitate",3,"EUS"
3162,"kantuak",3,"EUS"
3163,"kapitain",3,"EUS"
3164,"karbono",3,"EUS"
3165,"kargu",3,"EUS"
3166,"karratua",3,"EUS"
3167,"karrera",3,"EUS"
3168,"kartzela",3,"EUS"
3169,"kartzelan",3,"EUS"
3170,"kasuak",3,"EUS"
3171,"kasuen",3,"EUS"
3172,"kasuetan",3,"EUS"
3173,"kasutan",3,"EUS"
3174,"kate",3,"EUS"
3175,"kausa",3,"EUS"
3176,"kezkak",3,"EUS"
3177,"kg",3,"EUS"
3178,"kideei",3,"EUS"
3179,"kideen",3,"EUS"
3180,"king",3,"EUS"
3181,"klaseak",3,"EUS"
3182,"klasikoa",3,"EUS"
3183,"kolaboratu",3,"EUS"
3184,"kolonia",3,"EUS"
3185,"kolorekoak",3,"EUS"
3186,"komunak",3,"EUS"
3187,"komunista",3,"EUS"
3188,"komunitate",3,"EUS"
3189,"kondaira",3,"EUS"
3190,"konfigurazio",3,"EUS"
3191,"konkista",3,"EUS"
3192,"konortea",3,"EUS"
3193,"konpainiek",3,"EUS"
3194,"konplexuak",3,"EUS"
3195,"kontrakoa",3,"EUS"
3196,"kontratu",3,"EUS"
3197,"kontrolatu",3,"EUS"
3198,"kontrolatzeko",3,"EUS"
3199,"kontseilu",3,"EUS"
3200,"kontseiluak",3,"EUS"
3201,"kontserbatzen",3,"EUS"
3202,"kontsumoa",3,"EUS"
3203,"konturatu",3,"EUS"
3204,"kontzeptua",3,"EUS"
3205,"koroa",3,"EUS"
3206,"koroak",3,"EUS"
3207,"kreditu",3,"EUS"
3208,"krimen",3,"EUS"
3209,"kristal",3,"EUS"
3210,"kritikatu",3,"EUS"
3211,"labur",3,"EUS"
3212,"lanaren",3,"EUS"
3213,"landare",3,"EUS"
3214,"langileen",3,"EUS"
3215,"lantegi",3,"EUS"
3216,"latzak",3,"EUS"
3217,"lehendakaria",3,"EUS"
3218,"lehengo",3,"EUS"
3219,"lehenik",3,"EUS"
3220,"lehentasuna",3,"EUS"
3221,"lehiaketa",3,"EUS"
3222,"lekuan",3,"EUS"
3223,"lekuko",3,"EUS"
3224,"lekutan",3,"EUS"
3225,"léon",3,"EUS"
3226,"lepora",3,"EUS"
3227,"leporatu",3,"EUS"
3228,"lerroa",3,"EUS"
3229,"lerroak",3,"EUS"
3230,"letra",3,"EUS"
3231,"letretan",3,"EUS"
3232,"ligan",3,"EUS"
3233,"likido",3,"EUS"
3234,"lirateke",3,"EUS"
3235,"literaturan",3,"EUS"
3236,"litzatekeela",3,"EUS"
3237,"lortuko",3,"EUS"
3238,"lotuak",3,"EUS"
3239,"lotzeko",3,"EUS"
3240,"lua",3,"EUS"
3241,"lukeen",3,"EUS"
3242,"lurpeko",3,"EUS"
3243,"lurraren",3,"EUS"
3244,"lurretik",3,"EUS"
3245,"madrilen",3,"EUS"
3246,"madrilgo",3,"EUS"
3247,"magazine",3,"EUS"
3248,"mahai",3,"EUS"
3249,"mailak",3,"EUS"
3250,"mailarekin",3,"EUS"
3251,"maitasun",3,"EUS"
3252,"maitasuna",3,"EUS"
3253,"maiztasun",3,"EUS"
3254,"maiztasuna",3,"EUS"
3255,"manex",3,"EUS"
3256,"manuel",3,"EUS"
3257,"mapa",3,"EUS"
3258,"mariskal",3,"EUS"
3259,"mary",3,"EUS"
3260,"matxinoek",3,"EUS"
3261,"me",3,"EUS"
3262,"mediku",3,"EUS"
3263,"medikuntzaren",3,"EUS"
3264,"mehatxupean",3,"EUS"
3265,"mendekoak",3,"EUS"
3266,"mendietan",3,"EUS"
3267,"mendiko",3,"EUS"
3268,"merkatuaren",3,"EUS"
3269,"merkatura",3,"EUS"
3270,"merke",3,"EUS"
3271,"metal",3,"EUS"
3272,"metodoak",3,"EUS"
3273,"metrora",3,"EUS"
3274,"mezua",3,"EUS"
3275,"michel",3,"EUS"
3276,"militarrean",3,"EUS"
3277,"minbiziaren",3,"EUS"
3278,"minor",3,"EUS"
3279,"mintzatu",3,"EUS"
3280,"minutuko",3,"EUS"
3281,"modernoa",3,"EUS"
3282,"modernoaren",3,"EUS"
3283,"moldeak",3,"EUS"
3284,"molekulak",3,"EUS"
3285,"morfologiko",3,"EUS"
3286,"mugatua",3,"EUS"
3287,"mugen",3,"EUS"
3288,"mugetara",3,"EUS"
3289,"mugimenduen",3,"EUS"
3290,"museo",3,"EUS"
3291,"musikarekin",3,"EUS"
3292,"mutur",3,"EUS"
3293,"nabaria",3,"EUS"
3294,"nabarmenena",3,"EUS"
3295,"nafar",3,"EUS"
3296,"nafarroa",3,"EUS"
3297,"nagusitasun",3,"EUS"
3298,"nagusitzen",3,"EUS"
3299,"nahiago",3,"EUS"
3300,"nahian",3,"EUS"
3301,"nasa",3,"EUS"
3302,"naturari",3,"EUS"
3303,"nazio",3,"EUS"
3304,"nazioartean",3,"EUS"
3305,"nazional",3,"EUS"
3306,"nazionalak",3,"EUS"
3307,"nazionalista",3,"EUS"
3308,"negar",3,"EUS"
3309,"negua",3,"EUS"
3310,"neguan",3,"EUS"
3311,"nekazariak",3,"EUS"
3312,"nekazaritzan",3,"EUS"
3313,"neurketa",3,"EUS"
3314,"nitrogeno",3,"EUS"
3315,"nolabaiteko",3,"EUS"
3316,"nonahi",3,"EUS"
3317,"nondik",3,"EUS"
3318,"nor",3,"EUS"
3319,"norabide",3,"EUS"
3320,"normalki",3,"EUS"
3321,"nukleo",3,"EUS"
3322,"obrak",3,"EUS"
3323,"odola",3,"EUS"
3324,"ofizialak",3,"EUS"
3325,"ohartuko",3,"EUS"
3326,"ohia",3,"EUS"
3327,"ohitura",3,"EUS"
3328,"ohorezko",3,"EUS"
3329,"oinarritu",3,"EUS"
3330,"olatuen",3,"EUS"
3331,"olinpiar",3,"EUS"
3332,"ondasun",3,"EUS"
3333,"onekoa",3,"EUS"
3334,"ontziak",3,"EUS"
3335,"oparoa",3,"EUS"
3336,"oraingo",3,"EUS"
3337,"ordenagailu",3,"EUS"
3338,"ordenagailuak",3,"EUS"
3339,"ordenagailuz",3,"EUS"
3340,"ordurarte",3,"EUS"
3341,"oreka",3,"EUS"
3342,"orobat",3,"EUS"
3343,"orokorra",3,"EUS"
3344,"osagaien",3,"EUS"
3345,"osagarri",3,"EUS"
3346,"osasunean",3,"EUS"
3347,"osatuz",3,"EUS"
3348,"osoak",3,"EUS"
3349,"out",3,"EUS"
3350,"oxidazio",3,"EUS"
3351,"oxigeno",3,"EUS"
3352,"ozeanoko",3,"EUS"
3353,"oztopo",3,"EUS"
3354,"pairatu",3,"EUS"
3355,"papera",3,"EUS"
3356,"paris",3,"EUS"
3357,"patologia",3,"EUS"
3358,"patroia",3,"EUS"
3359,"pentsatu",3,"EUS"
3360,"pentsatzen",3,"EUS"
3361,"periodoa",3,"EUS"
3362,"pertsonaiak",3,"EUS"
3363,"pertsonak",3,"EUS"
3364,"pertsonalak",3,"EUS"
3365,"pertsonek",3,"EUS"
3366,"pi",3,"EUS"
3367,"pilotu",3,"EUS"
3368,"piramidea",3,"EUS"
3369,"pista",3,"EUS"
3370,"pisu",3,"EUS"
3371,"piztu",3,"EUS"
3372,"place",3,"EUS"
3373,"politikak",3,"EUS"
3374,"politikoaren",3,"EUS"
3375,"poliziaren",3,"EUS"
3376,"populazioa",3,"EUS"
3377,"portaera",3,"EUS"
3378,"posizio",3,"EUS"
3379,"presa",3,"EUS"
3380,"preso",3,"EUS"
3381,"pribatua",3,"EUS"
3382,"pribatuetan",3,"EUS"
3383,"probak",3,"EUS"
3384,"produkzio",3,"EUS"
3385,"proiektuaren",3,"EUS"
3386,"proposamena",3,"EUS"
3387,"proposamenak",3,"EUS"
3388,"proteina",3,"EUS"
3389,"protestantea",3,"EUS"
3390,"publiko",3,"EUS"
3391,"publikoa",3,"EUS"
3392,"publikoetan",3,"EUS"
3393,"pueblo",3,"EUS"
3394,"ramiro",3,"EUS"
3395,"re",3,"EUS"
3396,"research",3,"EUS"
3397,"rhododendron",3,"EUS"
3398,"sailkatu",3,"EUS"
3399,"saioak",3,"EUS"
3400,"sakon",3,"EUS"
3401,"sakonak",3,"EUS"
3402,"salbuespenak",3,"EUS"
3403,"saldu",3,"EUS"
3404,"salerosketa",3,"EUS"
3405,"salmenta",3,"EUS"
3406,"saltzen",3,"EUS"
3407,"sarbide",3,"EUS"
3408,"sarea",3,"EUS"
3409,"sarraskiak",3,"EUS"
3410,"sarrerak",3,"EUS"
3411,"sarreren",3,"EUS"
3412,"sektore",3,"EUS"
3413,"sekulako",3,"EUS"
3414,"senar",3,"EUS"
3415,"senarrak",3,"EUS"
3416,"sentimendu",3,"EUS"
3417,"sentitzen",3,"EUS"
3418,"setiatu",3,"EUS"
3419,"setioa",3,"EUS"
3420,"simetria",3,"EUS"
3421,"sindikatu",3,"EUS"
3422,"sinesten",3,"EUS"
3423,"sintomarik",3,"EUS"
3424,"sir",3,"EUS"
3425,"sistemetan",3,"EUS"
3426,"so",3,"EUS"
3427,"sorta",3,"EUS"
3428,"sortzailea",3,"EUS"
3429,"soul",3,"EUS"
3430,"sozialaren",3,"EUS"
3431,"sozialen",3,"EUS"
3432,"sozialetan",3,"EUS"
3433,"sozialista",3,"EUS"
3434,"stephen",3,"EUS"
3435,"suitzar",3,"EUS"
3436,"sur",3,"EUS"
3437,"sustatu",3,"EUS"
3438,"tan",3,"EUS"
3439,"tasa",3,"EUS"
3440,"teilatua",3,"EUS"
3441,"teknikak",3,"EUS"
3442,"teknologiko",3,"EUS"
3443,"telefono",3,"EUS"
3444,"tentsio",3,"EUS"
3445,"teoriari",3,"EUS"
3446,"teoriko",3,"EUS"
3447,"teresa",3,"EUS"
3448,"terminoak",3,"EUS"
3449,"testigantza",3,"EUS"
3450,"tipikoa",3,"EUS"
3451,"titulu",3,"EUS"
3452,"toledo",3,"EUS"
3453,"tontorrera",3,"EUS"
3454,"topo",3,"EUS"
3455,"transmisioa",3,"EUS"
3456,"transplantea",3,"EUS"
3457,"trantsizio",3,"EUS"
3458,"tratamendu",3,"EUS"
3459,"tratu",3,"EUS"
3460,"trebetasun",3,"EUS"
3461,"tropen",3,"EUS"
3462,"txanpon",3,"EUS"
3463,"txartela",3,"EUS"
3464,"txarto",3,"EUS"
3465,"txikiago",3,"EUS"
3466,"txikiagoak",3,"EUS"
3467,"txikiagoko",3,"EUS"
3468,"txikietan",3,"EUS"
3469,"txina",3,"EUS"
3470,"txirloen",3,"EUS"
3471,"txosten",3,"EUS"
3472,"udalak",3,"EUS"
3473,"udan",3,"EUS"
3474,"ugariak",3,"EUS"
3475,"uhartean",3,"EUS"
3476,"ukatzen",3,"EUS"
3477,"ulertzeko",3,"EUS"
3478,"umea",3,"EUS"
3479,"umorezko",3,"EUS"
3480,"uneko",3,"EUS"
3481,"unitateak",3,"EUS"
3482,"uretan",3,"EUS"
3483,"urrezko",3,"EUS"
3484,"urtarrilaren",3,"EUS"
3485,"urteak",3,"EUS"
3486,"urteen",3,"EUS"
3487,"urteetako",3,"EUS"
3488,"urtekoa",3,"EUS"
3489,"utzita",3,"EUS"
3490,"utziz",3,"EUS"
3491,"westmark",3,"EUS"
3492,"wirral",3,"EUS"
3493,"www",3,"EUS"
3494,"xede",3,"EUS"
3495,"xii",3,"EUS"
3496,"xiii",3,"EUS"
3497,"zabalera",3,"EUS"
3498,"zabaltzeko",3,"EUS"
3499,"zaharrak",3,"EUS"
3500,"zaigu",3,"EUS"
3501,"zailtasunak",3,"EUS"
3502,"zain",3,"EUS"
3503,"zaion",3,"EUS"
3504,"zaizkie",3,"EUS"
3505,"zalantzarik",3,"EUS"
3506,"zaldun",3,"EUS"
3507,"zapaldu",3,"EUS"
3508,"zatirik",3,"EUS"
3509,"zedin",3,"EUS"
3510,"zegoenean",3,"EUS"
3511,"zeharkatu",3,"EUS"
3512,"zeharreko",3,"EUS"
3513,"zehatzak",3,"EUS"
3514,"zehazki",3,"EUS"
3515,"zehaztuta",3,"EUS"
3516,"zeinetan",3,"EUS"
3517,"zentzua",3,"EUS"
3518,"zerbitzari",3,"EUS"
3519,"zerbitzuen",3,"EUS"
3520,"zerga",3,"EUS"
3521,"zerrendan",3,"EUS"
3522,"zertan",3,"EUS"
3523,"zerua",3,"EUS"
3524,"zeukan",3,"EUS"
3525,"zezakeen",3,"EUS"
3526,"zibilaren",3,"EUS"
3527,"zientifikoak",3,"EUS"
3528,"zientzialariek",3,"EUS"
3529,"zihoazen",3,"EUS"
3530,"zineman",3,"EUS"
3531,"ziona",3,"EUS"
3532,"zirenez",3,"EUS"
3533,"zirudien",3,"EUS"
3534,"zitezkeen",3,"EUS"
3535,"zitzaizkion",3,"EUS"
3536,"ziurrenik",3,"EUS"
3537,"ziurtatzeko",3,"EUS"
3538,"zorrotza",3,"EUS"
3539,"zuelarik",3,"EUS"
3540,"zurezko",3,"EUS"
3541,"zutelako",3,"EUS"
3542,"zutenak",3,"EUS"
3543,"zutenez",3,"EUS"
3544,"zuzendariak",3,"EUS"
3545,"zuzendaritza",3,"EUS"
3546,"zuzentzen",3,"EUS"
3547,"0tik",2,"EUS"
3548,"1000",2,"EUS"
3549,"109",2,"EUS"
3550,"10etatik",2,"EUS"
3551,"11n",2,"EUS"
3552,"120",2,"EUS"
3553,"128",2,"EUS"
3554,"12an",2,"EUS"
3555,"12ra",2,"EUS"
3556,"139",2,"EUS"
3557,"13an",2,"EUS"
3558,"180",2,"EUS"
3559,"1824an",2,"EUS"
3560,"1887",2,"EUS"
3561,"1891",2,"EUS"
3562,"1895eko",2,"EUS"
3563,"1899",2,"EUS"
3564,"1901",2,"EUS"
3565,"1902",2,"EUS"
3566,"1903",2,"EUS"
3567,"1905",2,"EUS"
3568,"1914",2,"EUS"
3569,"1917",2,"EUS"
3570,"1918",2,"EUS"
3571,"1919an",2,"EUS"
3572,"1920",2,"EUS"
3573,"1922",2,"EUS"
3574,"1925ean",2,"EUS"
3575,"1928",2,"EUS"
3576,"1932",2,"EUS"
3577,"1934",2,"EUS"
3578,"1934an",2,"EUS"
3579,"1936",2,"EUS"
3580,"1940",2,"EUS"
3581,"1942",2,"EUS"
3582,"1948",2,"EUS"
3583,"1950",2,"EUS"
3584,"1954",2,"EUS"
3585,"1956ko",2,"EUS"
3586,"1958",2,"EUS"
3587,"1960",2,"EUS"
3588,"1960ko",2,"EUS"
3589,"1963an",2,"EUS"
3590,"1964tik",2,"EUS"
3591,"1966an",2,"EUS"
3592,"1969",2,"EUS"
3593,"1970ean",2,"EUS"
3594,"1973",2,"EUS"
3595,"1976an",2,"EUS"
3596,"1986tik",2,"EUS"
3597,"1990eko",2,"EUS"
3598,"1993",2,"EUS"
3599,"1993ko",2,"EUS"
3600,"1996an",2,"EUS"
3601,"1996tik",2,"EUS"
3602,"1997",2,"EUS"
3603,"1997an",2,"EUS"
3604,"1998an",2,"EUS"
3605,"1lizeo",2,"EUS"
3606,"2001ean",2,"EUS"
3607,"2004ko",2,"EUS"
3608,"2006",2,"EUS"
3609,"2006tik",2,"EUS"
3610,"2009",2,"EUS"
3611,"2010",2,"EUS"
3612,"2010eko",2,"EUS"
3613,"2011ra",2,"EUS"
3614,"2012",2,"EUS"
3615,"2012an",2,"EUS"
3616,"2012ko",2,"EUS"
3617,"2015eko",2,"EUS"
3618,"2016",2,"EUS"
3619,"2016an",2,"EUS"
3620,"205",2,"EUS"
3621,"20an",2,"EUS"
3622,"22an",2,"EUS"
3623,"233",2,"EUS"
3624,"28an",2,"EUS"
3625,"320",2,"EUS"
3626,"351",2,"EUS"
3627,"3ra",2,"EUS"
3628,"400",2,"EUS"
3629,"45º",2,"EUS"
3630,"460",2,"EUS"
3631,"47",2,"EUS"
3632,"57",2,"EUS"
3633,"59",2,"EUS"
3634,"5ak",2,"EUS"
3635,"5etik",2,"EUS"
3636,"62",2,"EUS"
3637,"66",2,"EUS"
3638,"79",2,"EUS"
3639,"80a",2,"EUS"
3640,"82",2,"EUS"
3641,"85",2,"EUS"
3642,"86",2,"EUS"
3643,"88",2,"EUS"
3644,"8an",2,"EUS"
3645,"8ko",2,"EUS"
3646,"901",2,"EUS"
3647,"92",2,"EUS"
3648,"97",2,"EUS"
3649,"9ra",2,"EUS"
3650,"à",2,"EUS"
3651,"aberastasuna",2,"EUS"
3652,"aberatsak",2,"EUS"
3653,"aberatsean",2,"EUS"
3654,"abestietan",2,"EUS"
3655,"abiadurara",2,"EUS"
3656,"abiaduraren",2,"EUS"
3657,"abiaraztea",2,"EUS"
3658,"abizena",2,"EUS"
3659,"abnoba",2,"EUS"
3660,"abokatua",2,"EUS"
3661,"abraham",2,"EUS"
3662,"absolutua",2,"EUS"
3663,"abstentzioa",2,"EUS"
3664,"aburuz",2,"EUS"
3665,"abuztuan",2,"EUS"
3666,"ada",2,"EUS"
3667,"adarra",2,"EUS"
3668,"adarrak",2,"EUS"
3669,"adarrean",2,"EUS"
3670,"adibideetan",2,"EUS"
3671,"adierazgarriak",2,"EUS"
3672,"adieraziz",2,"EUS"
3673,"adierazle",2,"EUS"
3674,"adinari",2,"EUS"
3675,"adizkiak",2,"EUS"
3676,"administratiboki",2,"EUS"
3677,"administrazioak",2,"EUS"
3678,"adostuta",2,"EUS"
3679,"aebetan",2,"EUS"
3680,"aebko",2,"EUS"
3681,"afganistan",2,"EUS"
3682,"afrikan",2,"EUS"
3683,"afrikar",2,"EUS"
3684,"afrikarraren",2,"EUS"
3685,"ageda",2,"EUS"
3686,"agenda",2,"EUS"
3687,"agentzia",2,"EUS"
3688,"agentziak",2,"EUS"
3689,"ager",2,"EUS"
3690,"agerpenarekin",2,"EUS"
3691,"agertzea",2,"EUS"
3692,"agindupean",2,"EUS"
3693,"aginpide",2,"EUS"
3694,"aginpidea",2,"EUS"
3695,"agintarien",2,"EUS"
3696,"agintea",2,"EUS"
3697,"agintepean",2,"EUS"
3698,"agiri",2,"EUS"
3699,"agiririk",2,"EUS"
3700,"agirre",2,"EUS"
3701,"agora",2,"EUS"
3702,"agortu",2,"EUS"
3703,"agustin",2,"EUS"
3704,"ahalbidetuz",2,"EUS"
3705,"ahaldun",2,"EUS"
3706,"ahalegin",2,"EUS"
3707,"ahaleginak",2,"EUS"
3708,"ahalko",2,"EUS"
3709,"ahalmenak",2,"EUS"
3710,"ahoaren",2,"EUS"
3711,"ahula",2,"EUS"
3712,"ailegatu",2,"EUS"
3713,"aipagarri",2,"EUS"
3714,"aipamenak",2,"EUS"
3715,"aipamenik",2,"EUS"
3716,"aipatzekoak",2,"EUS"
3717,"air",2,"EUS"
3718,"airea",2,"EUS"
3719,"airez",2,"EUS"
3720,"aitatasuna",2,"EUS"
3721,"aitzindari",2,"EUS"
3722,"aitzindaria",2,"EUS"
3723,"akademia",2,"EUS"
3724,"akademian",2,"EUS"
3725,"akats",2,"EUS"
3726,"akatsak",2,"EUS"
3727,"aktiboen",2,"EUS"
3728,"akusatua",2,"EUS"
3729,"akutua",2,"EUS"
3730,"alabaren",2,"EUS"
3731,"alboetako",2,"EUS"
3732,"albumaren",2,"EUS"
3733,"albumean",2,"EUS"
3734,"aldare",2,"EUS"
3735,"aldatuz",2,"EUS"
3736,"aldenduta",2,"EUS"
3737,"aldenduz",2,"EUS"
3738,"alderdiaren",2,"EUS"
3739,"alderdirik",2,"EUS"
3740,"aldez",2,"EUS"
3741,"aldezten",2,"EUS"
3742,"aldia",2,"EUS"
3743,"alditan",2,"EUS"
3744,"aldizkariko",2,"EUS"
3745,"aleak",2,"EUS"
3746,"aleksandrovna",2,"EUS"
3747,"aleman",2,"EUS"
3748,"alemana",2,"EUS"
3749,"alemaniarren",2,"EUS"
3750,"alemaniatik",2,"EUS"
3751,"alex",2,"EUS"
3752,"alfa",2,"EUS"
3753,"algora",2,"EUS"
3754,"aliatuak",2,"EUS"
3755,"aliatuen",2,"EUS"
3756,"alina",2,"EUS"
3757,"alkate",2,"EUS"
3758,"alkatea",2,"EUS"
3759,"alkohola",2,"EUS"
3760,"alkoholaren",2,"EUS"
3761,"alternatiba",2,"EUS"
3762,"altxatu",2,"EUS"
3763,"altxatzen",2,"EUS"
3764,"amaia",2,"EUS"
3765,"amaierako",2,"EUS"
3766,"amaitzea",2,"EUS"
3767,"amatxi",2,"EUS"
3768,"american",2,"EUS"
3769,"amerikar",2,"EUS"
3770,"amona",2,"EUS"
3771,"amorruaren",2,"EUS"
3772,"ana",2,"EUS"
3773,"anaiarekin",2,"EUS"
3774,"anarkista",2,"EUS"
3775,"ancient",2,"EUS"
3776,"andaluzia",2,"EUS"
3777,"andré",2,"EUS"
3778,"andreas",2,"EUS"
3779,"anezka",2,"EUS"
3780,"animaliaren",2,"EUS"
3781,"animalientzako",2,"EUS"
3782,"anitzeko",2,"EUS"
3783,"aniztasunaren",2,"EUS"
3784,"ankerkeria",2,"EUS"
3785,"anna",2,"EUS"
3786,"años",2,"EUS"
3787,"anthony",2,"EUS"
3788,"antolatuko",2,"EUS"
3789,"antolatzeko",2,"EUS"
3790,"anton",2,"EUS"
3791,"antzekoa",2,"EUS"
3792,"antzeman",2,"EUS"
3793,"antzematen",2,"EUS"
3794,"antzerkia",2,"EUS"
3795,"antzerkiak",2,"EUS"
3796,"antzerkiaren",2,"EUS"
3797,"antzerkiari",2,"EUS"
3798,"antzezten",2,"EUS"
3799,"antzinatik",2,"EUS"
3800,"antzoki",2,"EUS"
3801,"antzokietan",2,"EUS"
3802,"apaindura",2,"EUS"
3803,"apainduta",2,"EUS"
3804,"apaingarriak",2,"EUS"
3805,"apaizen",2,"EUS"
3806,"aparta",2,"EUS"
3807,"aparte",2,"EUS"
3808,"apatx",2,"EUS"
3809,"apenas",2,"EUS"
3810,"aplikazioa",2,"EUS"
3811,"aplikazioak",2,"EUS"
3812,"apostoluak",2,"EUS"
3813,"aprobetxatzen",2,"EUS"
3814,"apur",2,"EUS"
3815,"apurtzen",2,"EUS"
3816,"araba",2,"EUS"
3817,"araberako",2,"EUS"
3818,"aragoiko",2,"EUS"
3819,"arantzadun",2,"EUS"
3820,"araua",2,"EUS"
3821,"arauaren",2,"EUS"
3822,"araudiak",2,"EUS"
3823,"arazoari",2,"EUS"
3824,"arbuiatua",2,"EUS"
3825,"ardatzaren",2,"EUS"
3826,"ardatzean",2,"EUS"
3827,"arduraduna",2,"EUS"
3828,"arduradunak",2,"EUS"
3829,"arduraren",2,"EUS"
3830,"areatzako",2,"EUS"
3831,"arerioak",2,"EUS"
3832,"aretoa",2,"EUS"
3833,"argazkia",2,"EUS"
3834,"argazkian",2,"EUS"
3835,"argazkien",2,"EUS"
3836,"argentinako",2,"EUS"
3837,"argiaren",2,"EUS"
3838,"argibideak",2,"EUS"
3839,"argipean",2,"EUS"
3840,"argitaletxe",2,"EUS"
3841,"argitaratzeko",2,"EUS"
3842,"argitasun",2,"EUS"
3843,"argitzeko",2,"EUS"
3844,"argitzen",2,"EUS"
3845,"argonauten",2,"EUS"
3846,"ariadna",2,"EUS"
3847,"arimak",2,"EUS"
3848,"arina",2,"EUS"
3849,"arinagoa",2,"EUS"
3850,"arinak",2,"EUS"
3851,"aritzea",2,"EUS"
3852,"arkab",2,"EUS"
3853,"arkeologiko",2,"EUS"
3854,"arkitektoa",2,"EUS"
3855,"arkitektoak",2,"EUS"
3856,"arkitekturak",2,"EUS"
3857,"arkua",2,"EUS"
3858,"arloko",2,"EUS"
3859,"armaden",2,"EUS"
3860,"armadura",2,"EUS"
3861,"armamentu",2,"EUS"
3862,"armarri",2,"EUS"
3863,"armarria",2,"EUS"
3864,"armatu",2,"EUS"
3865,"arrain",2,"EUS"
3866,"arrakastak",2,"EUS"
3867,"arrakastatsuena",2,"EUS"
3868,"arrakastaz",2,"EUS"
3869,"arraroa",2,"EUS"
3870,"arraroak",2,"EUS"
3871,"arraultzak",2,"EUS"
3872,"arrazoibide",2,"EUS"
3873,"arrazoiengatik",2,"EUS"
3874,"arrazoimen",2,"EUS"
3875,"arrazoimenak",2,"EUS"
3876,"arreba",2,"EUS"
3877,"arrek",2,"EUS"
3878,"arriskutsua",2,"EUS"
3879,"arrokak",2,"EUS"
3880,"arrokek",2,"EUS"
3881,"arrunta",2,"EUS"
3882,"arteak",2,"EUS"
3883,"artelan",2,"EUS"
3884,"arten",2,"EUS"
3885,"artikuluak",2,"EUS"
3886,"artikuluaz",2,"EUS"
3887,"artisauak",2,"EUS"
3888,"artistiko",2,"EUS"
3889,"artistikoaren",2,"EUS"
3890,"artistikoaz",2,"EUS"
3891,"artzain",2,"EUS"
3892,"aruru",2,"EUS"
3893,"aseguratua",2,"EUS"
3894,"aseguruan",2,"EUS"
3895,"asentu",2,"EUS"
3896,"asiain",2,"EUS"
3897,"asian",2,"EUS"
3898,"asimilazioaren",2,"EUS"
3899,"askapena",2,"EUS"
3900,"askatzeko",2,"EUS"
3901,"askeko",2,"EUS"
3902,"askoan",2,"EUS"
3903,"askorik",2,"EUS"
3904,"askotarako",2,"EUS"
3905,"asmatutako",2,"EUS"
3906,"asmatzeko",2,"EUS"
3907,"aspaldiko",2,"EUS"
3908,"aspalditik",2,"EUS"
3909,"asteburuan",2,"EUS"
3910,"asteroide",2,"EUS"
3911,"astronomian",2,"EUS"
3912,"astunagoa",2,"EUS"
3913,"ataletan",2,"EUS"
3914,"ateak",2,"EUS"
3915,"atenastar",2,"EUS"
3916,"atentzioa",2,"EUS"
3917,"ateratzea",2,"EUS"
3918,"atlantikoa",2,"EUS"
3919,"atletismo",2,"EUS"
3920,"atmosfera",2,"EUS"
3921,"atmosferaren",2,"EUS"
3922,"atp",2,"EUS"
3923,"atrakzio",2,"EUS"
3924,"atseden",2,"EUS"
3925,"atsegin",2,"EUS"
3926,"atseginagoak",2,"EUS"
3927,"atzealdeko",2,"EUS"
3928,"atzelari",2,"EUS"
3929,"atzerapen",2,"EUS"
3930,"atzerritar",2,"EUS"
3931,"atzizkia",2,"EUS"
3932,"aukerak",2,"EUS"
3933,"aukerarik",2,"EUS"
3934,"aurkezle",2,"EUS"
3935,"aurkezlea",2,"EUS"
3936,"aurkeztuko",2,"EUS"
3937,"aurkeztutako",2,"EUS"
3938,"aurkitutako",2,"EUS"
3939,"aurkitzea",2,"EUS"
3940,"aurrealdean",2,"EUS"
3941,"aurrekari",2,"EUS"
3942,"aurrekaria",2,"EUS"
3943,"aurrelari",2,"EUS"
3944,"aurrerapen",2,"EUS"
3945,"aurreratzen",2,"EUS"
3946,"aurrizkiak",2,"EUS"
3947,"ausardia",2,"EUS"
3948,"ausaz",2,"EUS"
3949,"australian",2,"EUS"
3950,"autoak",2,"EUS"
3951,"automobil",2,"EUS"
3952,"auzitegiak",2,"EUS"
3953,"auzoko",2,"EUS"
3954,"auzokoei",2,"EUS"
3955,"ave",2,"EUS"
3956,"ayala",2,"EUS"
3957,"azaldutako",2,"EUS"
3958,"azalean",2,"EUS"
3959,"azalpen",2,"EUS"
3960,"azalpenak",2,"EUS"
3961,"azaltzea",2,"EUS"
3962,"azaroan",2,"EUS"
3963,"azkena",2,"EUS"
3964,"azkenaldian",2,"EUS"
3965,"azpiegitura",2,"EUS"
3966,"azpimarratu",2,"EUS"
3967,"azpimarratzea",2,"EUS"
3968,"azpitik",2,"EUS"
3969,"aztertuz",2,"EUS"
3970,"aztertzea",2,"EUS"
3971,"babeslea",2,"EUS"
3972,"babesturik",2,"EUS"
3973,"back",2,"EUS"
3974,"badia",2,"EUS"
3975,"bagoak",2,"EUS"
3976,"bahiketa",2,"EUS"
3977,"baieztatzen",2,"EUS"
3978,"bailara",2,"EUS"
3979,"baimenak",2,"EUS"
3980,"baitzioten",2,"EUS"
3981,"baitzituzten",2,"EUS"
3982,"baja",2,"EUS"
3983,"bakardadea",2,"EUS"
3984,"bakarka",2,"EUS"
3985,"bakarrean",2,"EUS"
3986,"bakea",2,"EUS"
3987,"bakterioak",2,"EUS"
3988,"bakterioen",2,"EUS"
3989,"balaztak",2,"EUS"
3990,"baldintzen",2,"EUS"
3991,"baliagarria",2,"EUS"
3992,"baliotsua",2,"EUS"
3993,"balorea",2,"EUS"
3994,"banaketaren",2,"EUS"
3995,"banaketen",2,"EUS"
3996,"banatutako",2,"EUS"
3997,"banatzeko",2,"EUS"
3998,"bandak",2,"EUS"
3999,"banderaren",2,"EUS"
4000,"banka",2,"EUS"
4001,"banks",2,"EUS"
4002,"banku",2,"EUS"
4003,"bapateko",2,"EUS"
4004,"baratze",2,"EUS"
4005,"barbadun",2,"EUS"
4006,"bariantza",2,"EUS"
4007,"barka",2,"EUS"
4008,"barna",2,"EUS"
4009,"barnealdera",2,"EUS"
4010,"barnekoa",2,"EUS"
4011,"barra",2,"EUS"
4012,"barroko",2,"EUS"
4013,"barruti",2,"EUS"
4014,"barrutik",2,"EUS"
4015,"basati",2,"EUS"
4016,"basatiak",2,"EUS"
4017,"basatien",2,"EUS"
4018,"baseliza",2,"EUS"
4019,"basilicata",2,"EUS"
4020,"baso",2,"EUS"
4021,"basoak",2,"EUS"
4022,"basoetan",2,"EUS"
4023,"bastioi",2,"EUS"
4024,"batailoi",2,"EUS"
4025,"batasun",2,"EUS"
4026,"batasunak",2,"EUS"
4027,"batekoak",2,"EUS"
4028,"batena",2,"EUS"
4029,"bateratu",2,"EUS"
4030,"bateratua",2,"EUS"
4031,"bateratze",2,"EUS"
4032,"batuaz",2,"EUS"
4033,"batuketa",2,"EUS"
4034,"batzeko",2,"EUS"
4035,"batzuetarako",2,"EUS"
4036,"baxua",2,"EUS"
4037,"baxuagoa",2,"EUS"
4038,"bbc",2,"EUS"
4039,"beasainen",2,"EUS"
4040,"begien",2,"EUS"
4041,"begirada",2,"EUS"
4042,"begiratuta",2,"EUS"
4043,"beharrak",2,"EUS"
4044,"beharrei",2,"EUS"
4045,"behartu",2,"EUS"
4046,"behartzen",2,"EUS"
4047,"behatuz",2,"EUS"
4048,"behealdeak",2,"EUS"
4049,"behealdean",2,"EUS"
4050,"behean",2,"EUS"
4051,"behekoa",2,"EUS"
4052,"behi",2,"EUS"
4053,"behien",2,"EUS"
4054,"behinean",2,"EUS"
4055,"beiruteko",2,"EUS"
4056,"belaskain",2,"EUS"
4057,"belaunaldiaren",2,"EUS"
4058,"beldurrez",2,"EUS"
4059,"belgikako",2,"EUS"
4060,"beltxarga",2,"EUS"
4061,"beltzaren",2,"EUS"
4062,"beltzek",2,"EUS"
4063,"beltzeko",2,"EUS"
4064,"beltzez",2,"EUS"
4065,"bentrikuluen",2,"EUS"
4066,"berarengan",2,"EUS"
4067,"berau",2,"EUS"
4068,"berberak",2,"EUS"
4069,"berde",2,"EUS"
4070,"berdin",2,"EUS"
4071,"berdineko",2,"EUS"
4072,"bereak",2,"EUS"
4073,"bereizi",2,"EUS"
4074,"bereiztea",2,"EUS"
4075,"berekin",2,"EUS"
4076,"berekoak",2,"EUS"
4077,"beretik",2,"EUS"
4078,"beretu",2,"EUS"
4079,"berezitasunak",2,"EUS"
4080,"bergarako",2,"EUS"
4081,"berlin",2,"EUS"
4082,"bermeo",2,"EUS"
4083,"beroketa",2,"EUS"
4084,"berotu",2,"EUS"
4085,"berresteko",2,"EUS"
4086,"berriki",2,"EUS"
4087,"berririk",2,"EUS"
4088,"berritzaileak",2,"EUS"
4089,"berrogeita",2,"EUS"
4090,"bertakoa",2,"EUS"
4091,"bertikal",2,"EUS"
4092,"bertsolaritzaren",2,"EUS"
4093,"beso",2,"EUS"
4094,"besoa",2,"EUS"
4095,"besoak",2,"EUS"
4096,"best",2,"EUS"
4097,"bestean",2,"EUS"
4098,"bestela",2,"EUS"
4099,"betean",2,"EUS"
4100,"betebeharra",2,"EUS"
4101,"betebeharrak",2,"EUS"
4102,"beterik",2,"EUS"
4103,"beteta",2,"EUS"
4104,"betulaceae",2,"EUS"
4105,"bezainbeste",2,"EUS"
4106,"bezero",2,"EUS"
4107,"bezeroen",2,"EUS"
4108,"bezeroentzako",2,"EUS"
4109,"bidaian",2,"EUS"
4110,"bidaien",2,"EUS"
4111,"bidaietan",2,"EUS"
4112,"bidaltzeko",2,"EUS"
4113,"bidasoa",2,"EUS"
4114,"bidearen",2,"EUS"
4115,"bideetan",2,"EUS"
4116,"bideratuko",2,"EUS"
4117,"bietako",2,"EUS"
4118,"bietan",2,"EUS"
4119,"big",2,"EUS"
4120,"bihar",2,"EUS"
4121,"bihotza",2,"EUS"
4122,"bihurketa",2,"EUS"
4123,"bihurtuz",2,"EUS"
4124,"bihurtzeko",2,"EUS"
4125,"bikoitz",2,"EUS"
4126,"bikoiztu",2,"EUS"
4127,"bilakatuko",2,"EUS"
4128,"bilatzeari",2,"EUS"
4129,"bilatzeko",2,"EUS"
4130,"bilduta",2,"EUS"
4131,"bileraren",2,"EUS"
4132,"bilketa",2,"EUS"
4133,"bilkura",2,"EUS"
4134,"biokimiko",2,"EUS"
4135,"biologiko",2,"EUS"
4136,"bisitatzen",2,"EUS"
4137,"bisontearen",2,"EUS"
4138,"bistakoa",2,"EUS"
4139,"bisuala",2,"EUS"
4140,"bitartekariak",2,"EUS"
4141,"biteko",2,"EUS"
4142,"bitxi",2,"EUS"
4143,"biziko",2,"EUS"
4144,"bizileku",2,"EUS"
4145,"bizitzak",2,"EUS"
4146,"bizitzeak",2,"EUS"
4147,"bizkaiaren",2,"EUS"
4148,"bizkarrean",2,"EUS"
4149,"bizkortu",2,"EUS"
4150,"biztanleei",2,"EUS"
4151,"biztanleen",2,"EUS"
4152,"biztanleri",2,"EUS"
4153,"blas",2,"EUS"
4154,"bolari",2,"EUS"
4155,"boloniako",2,"EUS"
4156,"bonbardaketa",2,"EUS"
4157,"bonbardatu",2,"EUS"
4158,"borgiak",2,"EUS"
4159,"born",2,"EUS"
4160,"borrokalaria",2,"EUS"
4161,"boston",2,"EUS"
4162,"botatzen",2,"EUS"
4163,"botikak",2,"EUS"
4164,"botoen",2,"EUS"
4165,"boulevard",2,"EUS"
4166,"brian",2,"EUS"
4167,"britainia",2,"EUS"
4168,"britainiarren",2,"EUS"
4169,"bruce",2,"EUS"
4170,"budista",2,"EUS"
4171,"buelta",2,"EUS"
4172,"buenos",2,"EUS"
4173,"bukatzea",2,"EUS"
4174,"bularrean",2,"EUS"
4175,"bulegoaren",2,"EUS"
4176,"bulgaria",2,"EUS"
4177,"bulkada",2,"EUS"
4178,"bultzaturik",2,"EUS"
4179,"bultzatzea",2,"EUS"
4180,"bultzatzen",2,"EUS"
4181,"burdinbide",2,"EUS"
4182,"burgesiaren",2,"EUS"
4183,"burton",2,"EUS"
4184,"buruaren",2,"EUS"
4185,"buruei",2,"EUS"
4186,"buruen",2,"EUS"
4187,"buruko",2,"EUS"
4188,"buruordea",2,"EUS"
4189,"buruzagiek",2,"EUS"
4190,"by",2,"EUS"
4191,"canyon",2,"EUS"
4192,"carbuccia",2,"EUS"
4193,"carlos",2,"EUS"
4194,"castelao",2,"EUS"
4195,"catalina",2,"EUS"
4196,"cataniara",2,"EUS"
4197,"cavendish",2,"EUS"
4198,"cell",2,"EUS"
4199,"cellen",2,"EUS"
4200,"charles",2,"EUS"
4201,"chartresen",2,"EUS"
4202,"christine",2,"EUS"
4203,"christmas",2,"EUS"
4204,"churchillen",2,"EUS"
4205,"círculo",2,"EUS"
4206,"city",2,"EUS"
4207,"co2",2,"EUS"
4208,"coll",2,"EUS"
4209,"collegen",2,"EUS"
4210,"comellas",2,"EUS"
4211,"corylaceae",2,"EUS"
4212,"cross",2,"EUS"
4213,"cup",2,"EUS"
4214,"dada",2,"EUS"
4215,"dadila",2,"EUS"
4216,"dagokion",2,"EUS"
4217,"dagozkie",2,"EUS"
4218,"daitezkeela",2,"EUS"
4219,"dakit",2,"EUS"
4220,"danimarkako",2,"EUS"
4221,"dantzan",2,"EUS"
4222,"dantzari",2,"EUS"
4223,"danubio",2,"EUS"
4224,"daramaten",2,"EUS"
4225,"das",2,"EUS"
4226,"datazioa",2,"EUS"
4227,"datorrena",2,"EUS"
4228,"dauzkate",2,"EUS"
4229,"db",2,"EUS"
4230,"debekatuta",2,"EUS"
4231,"debuta",2,"EUS"
4232,"deer",2,"EUS"
4233,"defendatzeko",2,"EUS"
4234,"definitu",2,"EUS"
4235,"definitzeko",2,"EUS"
4236,"definizioak",2,"EUS"
4237,"defizitaren",2,"EUS"
4238,"deia",2,"EUS"
4239,"deituak",2,"EUS"
4240,"deituko",2,"EUS"
4241,"deitzea",2,"EUS"
4242,"deklarazio",2,"EUS"
4243,"dekretu",2,"EUS"
4244,"dekretuak",2,"EUS"
4245,"delakoak",2,"EUS"
4246,"delhi",2,"EUS"
4247,"delitu",2,"EUS"
4248,"demokrataren",2,"EUS"
4249,"demokrazia",2,"EUS"
4250,"denari",2,"EUS"
4251,"denborazko",2,"EUS"
4252,"denera",2,"EUS"
4253,"departamenduan",2,"EUS"
4254,"derion",2,"EUS"
4255,"deritzon",2,"EUS"
4256,"des",2,"EUS"
4257,"desagerrarazi",2,"EUS"
4258,"desagertzea",2,"EUS"
4259,"desberdin",2,"EUS"
4260,"desberdineko",2,"EUS"
4261,"desberdintasun",2,"EUS"
4262,"desio",2,"EUS"
4263,"deskarga",2,"EUS"
4264,"deskribatzea",2,"EUS"
4265,"deskribatzen",2,"EUS"
4266,"desmoralizazioa",2,"EUS"
4267,"desoreka",2,"EUS"
4268,"detektibea",2,"EUS"
4269,"deunaren",2,"EUS"
4270,"deustu",2,"EUS"
4271,"dezakeena",2,"EUS"
4272,"dezente",2,"EUS"
4273,"di",2,"EUS"
4274,"dialogo",2,"EUS"
4275,"diametro",2,"EUS"
4276,"diametroa",2,"EUS"
4277,"diapositiba",2,"EUS"
4278,"dibinitate",2,"EUS"
4279,"dickensek",2,"EUS"
4280,"dieta",2,"EUS"
4281,"digitalak",2,"EUS"
4282,"digu",2,"EUS"
4283,"dillon",2,"EUS"
4284,"dinastiak",2,"EUS"
4285,"diodoro",2,"EUS"
4286,"dioen",2,"EUS"
4287,"dionen",2,"EUS"
4288,"dionisio",2,"EUS"
4289,"dioxidoa",2,"EUS"
4290,"diputatu",2,"EUS"
4291,"diputazio",2,"EUS"
4292,"direnei",2,"EUS"
4293,"dirudien",2,"EUS"
4294,"diseinatua",2,"EUS"
4295,"diseinatzen",2,"EUS"
4296,"diseinuaren",2,"EUS"
4297,"diskoan",2,"EUS"
4298,"diskoetan",2,"EUS"
4299,"diskurtsoa",2,"EUS"
4300,"disneyren",2,"EUS"
4301,"disolbagarritasun",2,"EUS"
4302,"disonantzia",2,"EUS"
4303,"distantzian",2,"EUS"
4304,"distiratsua",2,"EUS"
4305,"ditudan",2,"EUS"
4306,"dituelarik",2,"EUS"
4307,"dituenean",2,"EUS"
4308,"dituztenean",2,"EUS"
4309,"ditzan",2,"EUS"
4310,"diziplina",2,"EUS"
4311,"dizkiena",2,"EUS"
4312,"doana",2,"EUS"
4313,"dohain",2,"EUS"
4314,"doktorea",2,"EUS"
4315,"dokumentala",2,"EUS"
4316,"dokumentazio",2,"EUS"
4317,"dokumentua",2,"EUS"
4318,"dokumentuak",2,"EUS"
4319,"domeinua",2,"EUS"
4320,"donazio",2,"EUS"
4321,"donibane",2,"EUS"
4322,"donostiarra",2,"EUS"
4323,"donostiarrek",2,"EUS"
4324,"dorreak",2,"EUS"
4325,"dorrearen",2,"EUS"
4326,"dorretxea",2,"EUS"
4327,"dorretxo",2,"EUS"
4328,"dosi",2,"EUS"
4329,"dozenaka",2,"EUS"
4330,"dream",2,"EUS"
4331,"droga",2,"EUS"
4332,"drogen",2,"EUS"
4333,"dubin",2,"EUS"
4334,"dublinen",2,"EUS"
4335,"duelako",2,"EUS"
4336,"duelarik",2,"EUS"
4337,"duenik",2,"EUS"
4338,"dugula",2,"EUS"
4339,"duguna",2,"EUS"
4340,"dukeen",2,"EUS"
4341,"dutelako",2,"EUS"
4342,"dutenez",2,"EUS"
4343,"duzunaren",2,"EUS"
4344,"ea",2,"EUS"
4345,"eaeko",2,"EUS"
4346,"ebaki",2,"EUS"
4347,"ebakitzen",2,"EUS"
4348,"ebakuntza",2,"EUS"
4349,"eclipse",2,"EUS"
4350,"ed",2,"EUS"
4351,"edaten",2,"EUS"
4352,"ederretako",2,"EUS"
4353,"edizio",2,"EUS"
4354,"edizioa",2,"EUS"
4355,"ediziotan",2,"EUS"
4356,"edukiak",2,"EUS"
4357,"edukiko",2,"EUS"
4358,"edward",2,"EUS"
4359,"egiak",2,"EUS"
4360,"egiara",2,"EUS"
4361,"egiazko",2,"EUS"
4362,"egiaztatu",2,"EUS"
4363,"egileari",2,"EUS"
4364,"egindakoen",2,"EUS"
4365,"eginkizuna",2,"EUS"
4366,"egitasmoaren",2,"EUS"
4367,"egiteak",2,"EUS"
4368,"egiteke",2,"EUS"
4369,"egiterakoan",2,"EUS"
4370,"egituraren",2,"EUS"
4371,"egituretan",2,"EUS"
4372,"egoerak",2,"EUS"
4373,"egoerari",2,"EUS"
4374,"egoeratan",2,"EUS"
4375,"egoerek",2,"EUS"
4376,"egokiago",2,"EUS"
4377,"egokiak",2,"EUS"
4378,"egokian",2,"EUS"
4379,"egokitutako",2,"EUS"
4380,"egokituz",2,"EUS"
4381,"egonik",2,"EUS"
4382,"egonkorragoak",2,"EUS"
4383,"egotean",2,"EUS"
4384,"egunekin",2,"EUS"
4385,"egunera",2,"EUS"
4386,"egunez",2,"EUS"
4387,"egunkariek",2,"EUS"
4388,"egunkarirako",2,"EUS"
4389,"eguzkia",2,"EUS"
4390,"eguzkiarenaren",2,"EUS"
4391,"eguzkitsua",2,"EUS"
4392,"ehu",2,"EUS"
4393,"eibarko",2,"EUS"
4394,"ekainean",2,"EUS"
4395,"ekarpen",2,"EUS"
4396,"ekarpena",2,"EUS"
4397,"ekiditeko",2,"EUS"
4398,"ekimena",2,"EUS"
4399,"ekintzan",2,"EUS"
4400,"ekitaldietan",2,"EUS"
4401,"ekitaldira",2,"EUS"
4402,"ekoizle",2,"EUS"
4403,"ekoizpen",2,"EUS"
4404,"ekoizpenari",2,"EUS"
4405,"ekoizteko",2,"EUS"
4406,"ekologia",2,"EUS"
4407,"ekologista",2,"EUS"
4408,"ekonomikoki",2,"EUS"
4409,"ekosistemetan",2,"EUS"
4410,"ekuazio",2,"EUS"
4411,"elektrikoa",2,"EUS"
4412,"elektrikoak",2,"EUS"
4413,"elektrizitatea",2,"EUS"
4414,"elektroniko",2,"EUS"
4415,"elena",2,"EUS"
4416,"elikagaiak",2,"EUS"
4417,"elikatzen",2,"EUS"
4418,"elimendi",2,"EUS"
4419,"elizan",2,"EUS"
4420,"elizate",2,"EUS"
4421,"elizgizonen",2,"EUS"
4422,"elkarbanatzen",2,"EUS"
4423,"elkarrizketetan",2,"EUS"
4424,"elkartasuna",2,"EUS"
4425,"elkartuko",2,"EUS"
4426,"elsa",2,"EUS"
4427,"emaitzen",2,"EUS"
4428,"emakumeekin",2,"EUS"
4429,"emakumeetako",2,"EUS"
4430,"emana",2,"EUS"
4431,"emanda",2,"EUS"
4432,"ematean",2,"EUS"
4433,"emaztearen",2,"EUS"
4434,"emeek",2,"EUS"
4435,"emigratu",2,"EUS"
4436,"emozio",2,"EUS"
4437,"enborra",2,"EUS"
4438,"enbrioiaren",2,"EUS"
4439,"enparantza",2,"EUS"
4440,"enparantzaren",2,"EUS"
4441,"enperadorea",2,"EUS"
4442,"enplegu",2,"EUS"
4443,"enpresako",2,"EUS"
4444,"enpresari",2,"EUS"
4445,"enpresei",2,"EUS"
4446,"enpresen",2,"EUS"
4447,"enpresetako",2,"EUS"
4448,"enrique",2,"EUS"
4449,"entitate",2,"EUS"
4450,"entziklopedia",2,"EUS"
4451,"epaia",2,"EUS"
4452,"epaileak",2,"EUS"
4453,"epean",2,"EUS"
4454,"erabakiko",2,"EUS"
4455,"erabatekoa",2,"EUS"
4456,"erabilgarri",2,"EUS"
4457,"erabiliena",2,"EUS"
4458,"erabilpen",2,"EUS"
4459,"erabiltzaileak",2,"EUS"
4460,"erabiltzean",2,"EUS"
4461,"erabiltzerakoan",2,"EUS"
4462,"eragiketa",2,"EUS"
4463,"eraginari",2,"EUS"
4464,"eragozteko",2,"EUS"
4465,"eraikiko",2,"EUS"
4466,"eraikinek",2,"EUS"
4467,"eraikinen",2,"EUS"
4468,"eraikinetik",2,"EUS"
4469,"eraikitako",2,"EUS"
4470,"eraikiz",2,"EUS"
4471,"eraikuntzaren",2,"EUS"
4472,"erailketa",2,"EUS"
4473,"erakarpen",2,"EUS"
4474,"erakartzen",2,"EUS"
4475,"erakundeen",2,"EUS"
4476,"erakusgarri",2,"EUS"
4477,"erakusteko",2,"EUS"
4478,"eransten",2,"EUS"
4479,"erantsi",2,"EUS"
4480,"erantzunak",2,"EUS"
4481,"erantzuten",2,"EUS"
4482,"erasmo",2,"EUS"
4483,"erasorik",2,"EUS"
4484,"erasotu",2,"EUS"
4485,"erasotzaileak",2,"EUS"
4486,"eratako",2,"EUS"
4487,"eratuz",2,"EUS"
4488,"eratzeko",2,"EUS"
4489,"eraztunak",2,"EUS"
4490,"erbesteratu",2,"EUS"
4491,"erdiak",2,"EUS"
4492,"erdialdera",2,"EUS"
4493,"erdietsi",2,"EUS"
4494,"erdiguneko",2,"EUS"
4495,"erditik",2,"EUS"
4496,"ereduak",2,"EUS"
4497,"ereduan",2,"EUS"
4498,"ereduaren",2,"EUS"
4499,"eremuan",2,"EUS"
4500,"eremuko",2,"EUS"
4501,"erkidegoaren",2,"EUS"
4502,"erlazioa",2,"EUS"
4503,"erlazionatu",2,"EUS"
4504,"erlazionatuta",2,"EUS"
4505,"erlojuaren",2,"EUS"
4506,"ermita",2,"EUS"
4507,"ernesto",2,"EUS"
4508,"eroritako",2,"EUS"
4509,"erosteko",2,"EUS"
4510,"erradikala",2,"EUS"
4511,"erraldoia",2,"EUS"
4512,"errazagoa",2,"EUS"
4513,"erraztasun",2,"EUS"
4514,"erraztuz",2,"EUS"
4515,"erreakzioa",2,"EUS"
4516,"erreakzioaren",2,"EUS"
4517,"erreala",2,"EUS"
4518,"errealean",2,"EUS"
4519,"errebeldiaren",2,"EUS"
4520,"erredakzio",2,"EUS"
4521,"errefrakzio",2,"EUS"
4522,"erregealdian",2,"EUS"
4523,"erregealdiaren",2,"EUS"
4524,"erregimenari",2,"EUS"
4525,"erreginaren",2,"EUS"
4526,"erregistroak",2,"EUS"
4527,"errekan",2,"EUS"
4528,"errekerimendua",2,"EUS"
4529,"errektangularra",2,"EUS"
4530,"errenazimentuko",2,"EUS"
4531,"erreparatuta",2,"EUS"
4532,"erreparatuz",2,"EUS"
4533,"errepideak",2,"EUS"
4534,"errepideen",2,"EUS"
4535,"erreportari",2,"EUS"
4536,"errepresio",2,"EUS"
4537,"erreserba",2,"EUS"
4538,"erreserbak",2,"EUS"
4539,"erresistenteak",2,"EUS"
4540,"errespetu",2,"EUS"
4541,"erresumak",2,"EUS"
4542,"erretaula",2,"EUS"
4543,"erretikulu",2,"EUS"
4544,"erretiro",2,"EUS"
4545,"erretorika",2,"EUS"
4546,"erretxinaren",2,"EUS"
4547,"errioxako",2,"EUS"
4548,"erritmo",2,"EUS"
4549,"erroma",2,"EUS"
4550,"erromaren",2,"EUS"
4551,"erronda",2,"EUS"
4552,"errugbia",2,"EUS"
4553,"errusian",2,"EUS"
4554,"erruten",2,"EUS"
4555,"erruz",2,"EUS"
4556,"ertainean",2,"EUS"
4557,"ertzean",2,"EUS"
4558,"esaldiak",2,"EUS"
4559,"esaldiaren",2,"EUS"
4560,"esanahietarako",2,"EUS"
4561,"esango",2,"EUS"
4562,"esanguratsuak",2,"EUS"
4563,"esanguratsuenak",2,"EUS"
4564,"esfera",2,"EUS"
4565,"eskakizun",2,"EUS"
4566,"eskalada",2,"EUS"
4567,"eskalan",2,"EUS"
4568,"eskandalu",2,"EUS"
4569,"eskatuko",2,"EUS"
4570,"esklaboen",2,"EUS"
4571,"eskolara",2,"EUS"
4572,"eskualdea",2,"EUS"
4573,"eskualdeak",2,"EUS"
4574,"eskualdean",2,"EUS"
4575,"eskubideei",2,"EUS"
4576,"eskuekin",2,"EUS"
4577,"eskuetan",2,"EUS"
4578,"eskuetara",2,"EUS"
4579,"eskuin",2,"EUS"
4580,"eskultura",2,"EUS"
4581,"eskulturan",2,"EUS"
4582,"eskutan",2,"EUS"
4583,"esla",2,"EUS"
4584,"esnatu",2,"EUS"
4585,"esne",2,"EUS"
4586,"esnea",2,"EUS"
4587,"espainiarren",2,"EUS"
4588,"esparru",2,"EUS"
4589,"esparrua",2,"EUS"
4590,"espazialen",2,"EUS"
4591,"espazioan",2,"EUS"
4592,"espaziotik",2,"EUS"
4593,"espedizioak",2,"EUS"
4594,"espedizioan",2,"EUS"
4595,"espedizioaren",2,"EUS"
4596,"esperimentatzen",2,"EUS"
4597,"espetxean",2,"EUS"
4598,"espetxeko",2,"EUS"
4599,"espezialista",2,"EUS"
4600,"espeziearen",2,"EUS"
4601,"espiritu",2,"EUS"
4602,"estalia",2,"EUS"
4603,"estaliko",2,"EUS"
4604,"estalki",2,"EUS"
4605,"estetika",2,"EUS"
4606,"estu",2,"EUS"
4607,"estua",2,"EUS"
4608,"estuki",2,"EUS"
4609,"etapan",2,"EUS"
4610,"etetea",2,"EUS"
4611,"etorkin",2,"EUS"
4612,"etorkizun",2,"EUS"
4613,"etorkizunean",2,"EUS"
4614,"etsaien",2,"EUS"
4615,"etsaitasuna",2,"EUS"
4616,"etxearen",2,"EUS"
4617,"etxebarriaren",2,"EUS"
4618,"etxebizitzaren",2,"EUS"
4619,"etxeen",2,"EUS"
4620,"etzanak",2,"EUS"
4621,"etzanda",2,"EUS"
4622,"eurek",2,"EUS"
4623,"europara",2,"EUS"
4624,"eurotik",2,"EUS"
4625,"euskaldun",2,"EUS"
4626,"euskaldunei",2,"EUS"
4627,"euskaldunek",2,"EUS"
4628,"euskaltzain",2,"EUS"
4629,"euskaltzaindiaren",2,"EUS"
4630,"euskarari",2,"EUS"
4631,"euskera",2,"EUS"
4632,"eusteko",2,"EUS"
4633,"eusten",2,"EUS"
4634,"exekutatuko",2,"EUS"
4635,"exekutatzen",2,"EUS"
4636,"exoplaneta",2,"EUS"
4637,"ezabatu",2,"EUS"
4638,"ezagun",2,"EUS"
4639,"ezagunenetako",2,"EUS"
4640,"ezagunenetakoa",2,"EUS"
4641,"ezagutarazi",2,"EUS"
4642,"ezagutuak",2,"EUS"
4643,"ezagutzera",2,"EUS"
4644,"ezartzeko",2,"EUS"
4645,"ezaugarrien",2,"EUS"
4646,"ezberdina",2,"EUS"
4647,"ezberdinetan",2,"EUS"
4648,"ezegonkorrak",2,"EUS"
4649,"ezen",2,"EUS"
4650,"ezezagun",2,"EUS"
4651,"ezezaguna",2,"EUS"
4652,"ezezkoa",2,"EUS"
4653,"ezintasuna",2,"EUS"
4654,"ezkero",2,"EUS"
4655,"ezkerretik",2,"EUS"
4656,"ezkutatu",2,"EUS"
4657,"ezkutatzeko",2,"EUS"
4658,"ezkutuan",2,"EUS"
4659,"ezpata",2,"EUS"
4660,"eztabaidak",2,"EUS"
4661,"eztanda",2,"EUS"
4662,"f",2,"EUS"
4663,"fabrika",2,"EUS"
4664,"fabrikak",2,"EUS"
4665,"fabrikazioan",2,"EUS"
4666,"fakultatean",2,"EUS"
4667,"faltak",2,"EUS"
4668,"familiarekin",2,"EUS"
4669,"faraoiaren",2,"EUS"
4670,"fatxadak",2,"EUS"
4671,"feldespatoak",2,"EUS"
4672,"felipe",2,"EUS"
4673,"feministak",2,"EUS"
4674,"feniziar",2,"EUS"
4675,"fermaten",2,"EUS"
4676,"fernández",2,"EUS"
4677,"ferrara",2,"EUS"
4678,"festival",2,"EUS"
4679,"filmak",2,"EUS"
4680,"films",2,"EUS"
4681,"filosofian",2,"EUS"
4682,"filosofo",2,"EUS"
4683,"finantzatu",2,"EUS"
4684,"finez",2,"EUS"
4685,"finkapen",2,"EUS"
4686,"finkatzen",2,"EUS"
4687,"fiordo",2,"EUS"
4688,"fisikoa",2,"EUS"
4689,"fisikoak",2,"EUS"
4690,"fisio",2,"EUS"
4691,"fisiologikoak",2,"EUS"
4692,"fluxua",2,"EUS"
4693,"football",2,"EUS"
4694,"formako",2,"EUS"
4695,"formakuntza",2,"EUS"
4696,"formulan",2,"EUS"
4697,"foruak",2,"EUS"
4698,"fountain",2,"EUS"
4699,"francesc",2,"EUS"
4700,"franklin",2,"EUS"
4701,"frantses",2,"EUS"
4702,"frantziara",2,"EUS"
4703,"frantziaren",2,"EUS"
4704,"frantzisko",2,"EUS"
4705,"frekuentzia",2,"EUS"
4706,"frogak",2,"EUS"
4707,"frogatzeko",2,"EUS"
4708,"frontoi",2,"EUS"
4709,"fuller",2,"EUS"
4710,"fund",2,"EUS"
4711,"fundatzailea",2,"EUS"
4712,"fundazioaren",2,"EUS"
4713,"funtzionamendua",2,"EUS"
4714,"funtzionario",2,"EUS"
4715,"funtzionatzen",2,"EUS"
4716,"funtziorik",2,"EUS"
4717,"fusioa",2,"EUS"
4718,"g",2,"EUS"
4719,"gabea",2,"EUS"
4720,"gabekoa",2,"EUS"
4721,"gabonak",2,"EUS"
4722,"gabonetako",2,"EUS"
4723,"gaignek",2,"EUS"
4724,"gailentzen",2,"EUS"
4725,"gailurra",2,"EUS"
4726,"gaindituz",2,"EUS"
4727,"gainerakoak",2,"EUS"
4728,"gaitz",2,"EUS"
4729,"gaitzetsi",2,"EUS"
4730,"gaixo",2,"EUS"
4731,"gaixotasunen",2,"EUS"
4732,"gaixotu",2,"EUS"
4733,"gaizkileak",2,"EUS"
4734,"galderari",2,"EUS"
4735,"galdetzen",2,"EUS"
4736,"galdua",2,"EUS"
4737,"galdutzat",2,"EUS"
4738,"galera",2,"EUS"
4739,"galeraren",2,"EUS"
4740,"galerietan",2,"EUS"
4741,"galesko",2,"EUS"
4742,"galileo",2,"EUS"
4743,"galtzea",2,"EUS"
4744,"gama",2,"EUS"
4745,"garagardo",2,"EUS"
4746,"garaikidea",2,"EUS"
4747,"garapenean",2,"EUS"
4748,"garatutako",2,"EUS"
4749,"garatuz",2,"EUS"
4750,"garbitzeko",2,"EUS"
4751,"garbitzen",2,"EUS"
4752,"garcia",2,"EUS"
4753,"garcía",2,"EUS"
4754,"garden",2,"EUS"
4755,"garraiatzeko",2,"EUS"
4756,"garrantzitsuenetarikoa",2,"EUS"
4757,"garrantzizko",2,"EUS"
4758,"garuneko",2,"EUS"
4759,"gary",2,"EUS"
4760,"gasa",2,"EUS"
4761,"gasak",2,"EUS"
4762,"gasolina",2,"EUS"
4763,"gasteizen",2,"EUS"
4764,"gatazkak",2,"EUS"
4765,"gauean",2,"EUS"
4766,"gauerdian",2,"EUS"
4767,"gauzatu",2,"EUS"
4768,"gauzatzeko",2,"EUS"
4769,"gazteei",2,"EUS"
4770,"gazteentzako",2,"EUS"
4771,"gaztetasunaren",2,"EUS"
4772,"gehiengoa",2,"EUS"
4773,"gehigarria",2,"EUS"
4774,"gehigarriak",2,"EUS"
4775,"gehituz",2,"EUS"
4776,"gehitzea",2,"EUS"
4777,"gelak",2,"EUS"
4778,"gelatik",2,"EUS"
4779,"geldi",2,"EUS"
4780,"geldirik",2,"EUS"
4781,"gelditzeko",2,"EUS"
4782,"geltokia",2,"EUS"
4783,"generalitateak",2,"EUS"
4784,"genetikoa",2,"EUS"
4785,"geografikoak",2,"EUS"
4786,"geolokalizazioa",2,"EUS"
4787,"gera",2,"EUS"
4788,"geratuko",2,"EUS"
4789,"gerlari",2,"EUS"
4790,"germain",2,"EUS"
4791,"gernikako",2,"EUS"
4792,"geroagoko",2,"EUS"
4793,"gerrako",2,"EUS"
4794,"gerrillako",2,"EUS"
4795,"gertaerak",2,"EUS"
4796,"gertaeren",2,"EUS"
4797,"gertatuko",2,"EUS"
4798,"gertuko",2,"EUS"
4799,"geruzak",2,"EUS"
4800,"gesturren",2,"EUS"
4801,"gezurra",2,"EUS"
4802,"gidari",2,"EUS"
4803,"gidatu",2,"EUS"
4804,"giltzak",2,"EUS"
4805,"gineako",2,"EUS"
4806,"giorgio",2,"EUS"
4807,"gisara",2,"EUS"
4808,"giuseppe",2,"EUS"
4809,"gizabanako",2,"EUS"
4810,"gizabanakoak",2,"EUS"
4811,"gizakion",2,"EUS"
4812,"gizatasunarengatik",2,"EUS"
4813,"gizonezkoak",2,"EUS"
4814,"globalizazioak",2,"EUS"
4815,"globulu",2,"EUS"
4816,"glück",2,"EUS"
4817,"glukosa",2,"EUS"
4818,"gobernuari",2,"EUS"
4819,"gobernuko",2,"EUS"
4820,"gogoan",2,"EUS"
4821,"gogoetak",2,"EUS"
4822,"gogokoena",2,"EUS"
4823,"gogokoenak",2,"EUS"
4824,"gogortasun",2,"EUS"
4825,"gohan",2,"EUS"
4826,"goialdean",2,"EUS"
4827,"goitik",2,"EUS"
4828,"goizean",2,"EUS"
4829,"gokuk",2,"EUS"
4830,"gokuren",2,"EUS"
4831,"gola",2,"EUS"
4832,"goma",2,"EUS"
4833,"gonbidatu",2,"EUS"
4834,"gonbidatuak",2,"EUS"
4835,"gonzaga",2,"EUS"
4836,"gonzález",2,"EUS"
4837,"gorakada",2,"EUS"
4838,"gorako",2,"EUS"
4839,"gorakoa",2,"EUS"
4840,"gordetako",2,"EUS"
4841,"gorriak",2,"EUS"
4842,"gorriek",2,"EUS"
4843,"gorrixkak",2,"EUS"
4844,"gortearen",2,"EUS"
4845,"gorteko",2,"EUS"
4846,"gotiko",2,"EUS"
4847,"grabaturik",2,"EUS"
4848,"grafikoa",2,"EUS"
4849,"grafologiaren",2,"EUS"
4850,"gram",2,"EUS"
4851,"grammy",2,"EUS"
4852,"grazia",2,"EUS"
4853,"green",2,"EUS"
4854,"greko",2,"EUS"
4855,"grekoa",2,"EUS"
4856,"greziarren",2,"EUS"
4857,"grishnackh",2,"EUS"
4858,"guatemalako",2,"EUS"
4859,"gudariak",2,"EUS"
4860,"guerra",2,"EUS"
4861,"gunean",2,"EUS"
4862,"guregana",2,"EUS"
4863,"gurpilak",2,"EUS"
4864,"gurtza",2,"EUS"
4865,"gurutzaduraren",2,"EUS"
4866,"gurutze",2,"EUS"
4867,"gustatzen",2,"EUS"
4868,"gutunak",2,"EUS"
4869,"gutxiagokoak",2,"EUS"
4870,"gutxien",2,"EUS"
4871,"gutxiengo",2,"EUS"
4872,"gutxitan",2,"EUS"
4873,"guztiei",2,"EUS"
4874,"guztientzat",2,"EUS"
4875,"guztirako",2,"EUS"
4876,"haiei",2,"EUS"
4877,"haizeen",2,"EUS"
4878,"halandaze",2,"EUS"
4879,"hamabost",2,"EUS"
4880,"hamaika",2,"EUS"
4881,"hamalau",2,"EUS"
4882,"hamarren",2,"EUS"
4883,"hamazazpi",2,"EUS"
4884,"handian",2,"EUS"
4885,"handiari",2,"EUS"
4886,"handienetakoa",2,"EUS"
4887,"handitzea",2,"EUS"
4888,"handitzeak",2,"EUS"
4889,"handiz",2,"EUS"
4890,"hans",2,"EUS"
4891,"hansa",2,"EUS"
4892,"haranean",2,"EUS"
4893,"haraneko",2,"EUS"
4894,"haratago",2,"EUS"
4895,"harenganako",2,"EUS"
4896,"harentzat",2,"EUS"
4897,"hargin",2,"EUS"
4898,"harik",2,"EUS"
4899,"harrapatzen",2,"EUS"
4900,"harremanetarako",2,"EUS"
4901,"harresiak",2,"EUS"
4902,"harresien",2,"EUS"
4903,"harresietan",2,"EUS"
4904,"harrezkero",2,"EUS"
4905,"harriet",2,"EUS"
4906,"harrigarri",2,"EUS"
4907,"harriz",2,"EUS"
4908,"harry",2,"EUS"
4909,"hartzaile",2,"EUS"
4910,"haserrea",2,"EUS"
4911,"haserretu",2,"EUS"
4912,"hastapenetan",2,"EUS"
4913,"hauei",2,"EUS"
4914,"hauetarako",2,"EUS"
4915,"haurrak",2,"EUS"
4916,"haurraren",2,"EUS"
4917,"haurrei",2,"EUS"
4918,"haurrek",2,"EUS"
4919,"hausnarketa",2,"EUS"
4920,"hautatzen",2,"EUS"
4921,"hauteskundeetan",2,"EUS"
4922,"hedapen",2,"EUS"
4923,"hegan",2,"EUS"
4924,"hegoak",2,"EUS"
4925,"hegoaldera",2,"EUS"
4926,"hegoetan",2,"EUS"
4927,"helburuarekin",2,"EUS"
4928,"helduekin",2,"EUS"
4929,"helduen",2,"EUS"
4930,"heltzean",2,"EUS"
4931,"heltzeko",2,"EUS"
4932,"hemengo",2,"EUS"
4933,"henrike",2,"EUS"
4934,"henry",2,"EUS"
4935,"herbeheretako",2,"EUS"
4936,"herenak",2,"EUS"
4937,"herrialdeak",2,"EUS"
4938,"herrialdez",2,"EUS"
4939,"herritarrek",2,"EUS"
4940,"herriz",2,"EUS"
4941,"hezeguneen",2,"EUS"
4942,"heziak",2,"EUS"
4943,"hiesa",2,"EUS"
4944,"hilabetekaria",2,"EUS"
4945,"hilda",2,"EUS"
4946,"hilko",2,"EUS"
4947,"hilobietan",2,"EUS"
4948,"hiltzeko",2,"EUS"
4949,"hinduen",2,"EUS"
4950,"hipoteka",2,"EUS"
4951,"hiriari",2,"EUS"
4952,"hirietako",2,"EUS"
4953,"hiririk",2,"EUS"
4954,"hiritik",2,"EUS"
4955,"historialarien",2,"EUS"
4956,"historiaren",2,"EUS"
4957,"hitzaldi",2,"EUS"
4958,"hitzen",2,"EUS"
4959,"hitzetik",2,"EUS"
4960,"hizketa",2,"EUS"
4961,"hizkiak",2,"EUS"
4962,"hizkuntzak",2,"EUS"
4963,"hizkuntzatan",2,"EUS"
4964,"hizkuntzekin",2,"EUS"
4965,"hizkuntzetan",2,"EUS"
4966,"hizlari",2,"EUS"
4967,"hiztunen",2,"EUS"
4968,"hobe",2,"EUS"
4969,"hoberena",2,"EUS"
4970,"hoberenak",2,"EUS"
4971,"hobetsi",2,"EUS"
4972,"hobetu",2,"EUS"
4973,"hodei",2,"EUS"
4974,"hodi",2,"EUS"
4975,"hogeita",2,"EUS"
4976,"holland",2,"EUS"
4977,"honako",2,"EUS"
4978,"honakoak",2,"EUS"
4979,"hondakinetan",2,"EUS"
4980,"hondamendia",2,"EUS"
4981,"hondarrak",2,"EUS"
4982,"hondartza",2,"EUS"
4983,"hondoa",2,"EUS"
4984,"honelako",2,"EUS"
4985,"honentzako",2,"EUS"
4986,"honeynet",2,"EUS"
4987,"hor",2,"EUS"
4988,"horace",2,"EUS"
4989,"horia",2,"EUS"
4990,"hormak",2,"EUS"
4991,"horman",2,"EUS"
4992,"hormarik",2,"EUS"
4993,"hormetan",2,"EUS"
4994,"hornituta",2,"EUS"
4995,"horrenbestez",2,"EUS"
4996,"horretaz",2,"EUS"
4997,"host",2,"EUS"
4998,"hotel",2,"EUS"
4999,"hotzaren",2,"EUS"
5000,"hunkitua",2,"EUS"
5001,"hurbilagoko",2,"EUS"
5002,"hurbildu",2,"EUS"
5003,"hurbilen",2,"EUS"
5004,"hurbiltzen",2,"EUS"
5005,"hurren",2,"EUS"
5006,"hurrenez",2,"EUS"
5007,"ibaiak",2,"EUS"
5008,"ibilbideak",2,"EUS"
5009,"ibilbidean",2,"EUS"
5010,"ibilbidearen",2,"EUS"
5011,"ibiliko",2,"EUS"
5012,"idatz",2,"EUS"
5013,"idatzia",2,"EUS"
5014,"idatziak",2,"EUS"
5015,"idatzirik",2,"EUS"
5016,"idazkaritza",2,"EUS"
5017,"idazkunak",2,"EUS"
5018,"idazlan",2,"EUS"
5019,"idazleak",2,"EUS"
5020,"idaztea",2,"EUS"
5021,"identifikatzeko",2,"EUS"
5022,"identifikatzen",2,"EUS"
5023,"ideologia",2,"EUS"
5024,"igandeko",2,"EUS"
5025,"igaroko",2,"EUS"
5026,"igoko",2,"EUS"
5027,"igorpen",2,"EUS"
5028,"igortzen",2,"EUS"
5029,"ikasiaren",2,"EUS"
5030,"ikasketarik",2,"EUS"
5031,"ikasleek",2,"EUS"
5032,"ikastetxean",2,"EUS"
5033,"ikastetxeko",2,"EUS"
5034,"ikerketak",2,"EUS"
5035,"ikerketan",2,"EUS"
5036,"ikerkuntzan",2,"EUS"
5037,"ikerlarien",2,"EUS"
5038,"ikurrak",2,"EUS"
5039,"ikusiko",2,"EUS"
5040,"ikusirik",2,"EUS"
5041,"ikusitako",2,"EUS"
5042,"ikuskera",2,"EUS"
5043,"ikusmolde",2,"EUS"
5044,"ikuspegia",2,"EUS"
5045,"ilargiratze",2,"EUS"
5046,"ildo",2,"EUS"
5047,"iloba",2,"EUS"
5048,"ilun",2,"EUS"
5049,"ilusioak",2,"EUS"
5050,"imán",2,"EUS"
5051,"inbertsio",2,"EUS"
5052,"inbertsioak",2,"EUS"
5053,"indarrez",2,"EUS"
5054,"indarrik",2,"EUS"
5055,"indartsu",2,"EUS"
5056,"indartsuak",2,"EUS"
5057,"indartu",2,"EUS"
5058,"independente",2,"EUS"
5059,"independentea",2,"EUS"
5060,"independenteagoak",2,"EUS"
5061,"independentean",2,"EUS"
5062,"india",2,"EUS"
5063,"indiako",2,"EUS"
5064,"indian",2,"EUS"
5065,"indigena",2,"EUS"
5066,"indigenen",2,"EUS"
5067,"industrializazio",2,"EUS"
5068,"infanteria",2,"EUS"
5069,"ingalaterran",2,"EUS"
5070,"ingelesak",2,"EUS"
5071,"ingeleseko",2,"EUS"
5072,"ingelesezko",2,"EUS"
5073,"ingeniari",2,"EUS"
5074,"ingeniaritza",2,"EUS"
5075,"ingeniaritzaren",2,"EUS"
5076,"ingurua",2,"EUS"
5077,"ingurugiro",2,"EUS"
5078,"inkesta",2,"EUS"
5079,"inondik",2,"EUS"
5080,"inperialaren",2,"EUS"
5081,"instalatu",2,"EUS"
5082,"instalazio",2,"EUS"
5083,"institutuan",2,"EUS"
5084,"integrala",2,"EUS"
5085,"integratzea",2,"EUS"
5086,"integrazio",2,"EUS"
5087,"intelektual",2,"EUS"
5088,"interesgarria",2,"EUS"
5089,"interpretatu",2,"EUS"
5090,"interpretazioak",2,"EUS"
5091,"intrantsitiboak",2,"EUS"
5092,"intsektuen",2,"EUS"
5093,"irabazteko",2,"EUS"
5094,"iradoki",2,"EUS"
5095,"iragan",2,"EUS"
5096,"iragartzeko",2,"EUS"
5097,"iraila",2,"EUS"
5098,"irakaskuntza",2,"EUS"
5099,"irakurleak",2,"EUS"
5100,"irakurri",2,"EUS"
5101,"irauli",2,"EUS"
5102,"iraultzaren",2,"EUS"
5103,"iraunkor",2,"EUS"
5104,"irautea",2,"EUS"
5105,"irekia",2,"EUS"
5106,"irekiagoa",2,"EUS"
5107,"irekidura",2,"EUS"
5108,"iristeko",2,"EUS"
5109,"iritsiko",2,"EUS"
5110,"iritzi",2,"EUS"
5111,"irla",2,"EUS"
5112,"irrati",2,"EUS"
5113,"irratiaren",2,"EUS"
5114,"irratietan",2,"EUS"
5115,"irteerak",2,"EUS"
5116,"irtenbide",2,"EUS"
5117,"irtenbidea",2,"EUS"
5118,"irteten",2,"EUS"
5119,"irudian",2,"EUS"
5120,"irudikapen",2,"EUS"
5121,"irudikatu",2,"EUS"
5122,"isilpeko",2,"EUS"
5123,"israelen",2,"EUS"
5124,"istiluak",2,"EUS"
5125,"istorioak",2,"EUS"
5126,"istripuak",2,"EUS"
5127,"isurialde",2,"EUS"
5128,"isurtzen",2,"EUS"
5129,"it",2,"EUS"
5130,"italia",2,"EUS"
5131,"itsasoaren",2,"EUS"
5132,"itsasoko",2,"EUS"
5133,"itsasontziak",2,"EUS"
5134,"itsasora",2,"EUS"
5135,"itsatsita",2,"EUS"
5136,"itun",2,"EUS"
5137,"itxaron",2,"EUS"
5138,"itxaropena",2,"EUS"
5139,"itzala",2,"EUS"
5140,"itzul",2,"EUS"
5141,"itzulian",2,"EUS"
5142,"izakien",2,"EUS"
5143,"izanda",2,"EUS"
5144,"izarrak",2,"EUS"
5145,"izarraren",2,"EUS"
5146,"izarren",2,"EUS"
5147,"izatean",2,"EUS"
5148,"izateari",2,"EUS"
5149,"izatez",2,"EUS"
5150,"izenari",2,"EUS"
5151,"izenburua",2,"EUS"
5152,"izendaturik",2,"EUS"
5153,"izenpetu",2,"EUS"
5154,"izotz",2,"EUS"
5155,"izpi",2,"EUS"
5156,"izpien",2,"EUS"
5157,"izugarri",2,"EUS"
5158,"jabea",2,"EUS"
5159,"jabeak",2,"EUS"
5160,"jabego",2,"EUS"
5161,"jabegoa",2,"EUS"
5162,"jaialdi",2,"EUS"
5163,"jainkoak",2,"EUS"
5164,"jainkoek",2,"EUS"
5165,"jainkoen",2,"EUS"
5166,"jaisten",2,"EUS"
5167,"jaitsi",2,"EUS"
5168,"jakitean",2,"EUS"
5169,"jakiteko",2,"EUS"
5170,"james",2,"EUS"
5171,"jan",2,"EUS"
5172,"janaria",2,"EUS"
5173,"janzten",2,"EUS"
5174,"japoniako",2,"EUS"
5175,"jarduerarekin",2,"EUS"
5176,"jardueraren",2,"EUS"
5177,"jarduteko",2,"EUS"
5178,"jarduten",2,"EUS"
5179,"jarrai",2,"EUS"
5180,"jarraipena",2,"EUS"
5181,"jarraitzea",2,"EUS"
5182,"jarrerak",2,"EUS"
5183,"jarriak",2,"EUS"
5184,"jartzea",2,"EUS"
5185,"jartzeak",2,"EUS"
5186,"jasota",2,"EUS"
5187,"jasotako",2,"EUS"
5188,"jaten",2,"EUS"
5189,"jatorriko",2,"EUS"
5190,"jatorritzat",2,"EUS"
5191,"jauna",2,"EUS"
5192,"jauregia",2,"EUS"
5193,"jauregiaren",2,"EUS"
5194,"jaurtiketa",2,"EUS"
5195,"jazarri",2,"EUS"
5196,"jeneral",2,"EUS"
5197,"jesu",2,"EUS"
5198,"jesusen",2,"EUS"
5199,"jim",2,"EUS"
5200,"joatea",2,"EUS"
5201,"jokalari",2,"EUS"
5202,"jokatzea",2,"EUS"
5203,"jolasten",2,"EUS"
5204,"jorratu",2,"EUS"
5205,"jorratzeko",2,"EUS"
5206,"joseba",2,"EUS"
5207,"jota",2,"EUS"
5208,"judith",2,"EUS"
5209,"jugoslaviako",2,"EUS"
5210,"julia",2,"EUS"
5211,"julio",2,"EUS"
5212,"jungla",2,"EUS"
5213,"jurisdikzioa",2,"EUS"
5214,"jurisprudentzia",2,"EUS"
5215,"justizia",2,"EUS"
5216,"ka",2,"EUS"
5217,"kai",2,"EUS"
5218,"kainoi",2,"EUS"
5219,"kalamu",2,"EUS"
5220,"kalearen",2,"EUS"
5221,"kaleari",2,"EUS"
5222,"kanal",2,"EUS"
5223,"kanalean",2,"EUS"
5224,"kanalek",2,"EUS"
5225,"kanpamendua",2,"EUS"
5226,"kanpandorre",2,"EUS"
5227,"kanporatu",2,"EUS"
5228,"kantabriako",2,"EUS"
5229,"kantako",2,"EUS"
5230,"kapital",2,"EUS"
5231,"kapitel",2,"EUS"
5232,"karlin",2,"EUS"
5233,"karlistak",2,"EUS"
5234,"karlistek",2,"EUS"
5235,"karratu",2,"EUS"
5236,"karratutakoa",2,"EUS"
5237,"kartagotar",2,"EUS"
5238,"kasko",2,"EUS"
5239,"katalina",2,"EUS"
5240,"katalogoan",2,"EUS"
5241,"kataluniako",2,"EUS"
5242,"kateak",2,"EUS"
5243,"katearekin",2,"EUS"
5244,"katedrala",2,"EUS"
5245,"katoliko",2,"EUS"
5246,"katolikoak",2,"EUS"
5247,"katolikoaren",2,"EUS"
5248,"katu",2,"EUS"
5249,"kazetariek",2,"EUS"
5250,"kentzea",2,"EUS"
5251,"kentzen",2,"EUS"
5252,"kepler",2,"EUS"
5253,"kilogramo",2,"EUS"
5254,"kilometroko",2,"EUS"
5255,"kilometrokoa",2,"EUS"
5256,"kimikoa",2,"EUS"
5257,"kimikoetan",2,"EUS"
5258,"kirola",2,"EUS"
5259,"klana",2,"EUS"
5260,"klasea",2,"EUS"
5261,"klasearen",2,"EUS"
5262,"klaseko",2,"EUS"
5263,"klik",2,"EUS"
5264,"klimaren",2,"EUS"
5265,"klipa",2,"EUS"
5266,"koa",2,"EUS"
5267,"koadroak",2,"EUS"
5268,"koadroko",2,"EUS"
5269,"kobalto",2,"EUS"
5270,"kodea",2,"EUS"
5271,"kodeak",2,"EUS"
5272,"kognizio",2,"EUS"
5273,"kokapenak",2,"EUS"
5274,"kokapenean",2,"EUS"
5275,"kolaboratzaile",2,"EUS"
5276,"kolektiboaren",2,"EUS"
5277,"kolokan",2,"EUS"
5278,"koloniak",2,"EUS"
5279,"kolorea",2,"EUS"
5280,"koloreak",2,"EUS"
5281,"komando",2,"EUS"
5282,"komunikabideetan",2,"EUS"
5283,"komunikatzen",2,"EUS"
5284,"komunikazio",2,"EUS"
5285,"komunikazioa",2,"EUS"
5286,"komunistaren",2,"EUS"
5287,"komunitatearen",2,"EUS"
5288,"konbentzioak",2,"EUS"
5289,"konbinaketa",2,"EUS"
5290,"konbinatzen",2,"EUS"
5291,"konbinazioak",2,"EUS"
5292,"kondea",2,"EUS"
5293,"konderriaren",2,"EUS"
5294,"konektatuak",2,"EUS"
5295,"konfederazioa",2,"EUS"
5296,"konfiantza",2,"EUS"
5297,"kongresuko",2,"EUS"
5298,"konkistatu",2,"EUS"
5299,"kono",2,"EUS"
5300,"konpainiaren",2,"EUS"
5301,"konplexuagoak",2,"EUS"
5302,"konpontzeko",2,"EUS"
5303,"konpromisozko",2,"EUS"
5304,"konstantea",2,"EUS"
5305,"konstituzioaren",2,"EUS"
5306,"kontakizun",2,"EUS"
5307,"kontakizunetan",2,"EUS"
5308,"kontaktu",2,"EUS"
5309,"kontratatu",2,"EUS"
5310,"kontrazepzio",2,"EUS"
5311,"kontrolatzea",2,"EUS"
5312,"kontseilari",2,"EUS"
5313,"kontserbatzeko",2,"EUS"
5314,"kontsidera",2,"EUS"
5315,"kontsonante",2,"EUS"
5316,"kontu",2,"EUS"
5317,"kontzentrazio",2,"EUS"
5318,"kontzertua",2,"EUS"
5319,"kontzientziaren",2,"EUS"
5320,"koparen",2,"EUS"
5321,"korazatuak",2,"EUS"
5322,"kornilov",2,"EUS"
5323,"korronte",2,"EUS"
5324,"korrontea",2,"EUS"
5325,"korta",2,"EUS"
5326,"kortex",2,"EUS"
5327,"korua",2,"EUS"
5328,"kostaldea",2,"EUS"
5329,"kostaldean",2,"EUS"
5330,"kostu",2,"EUS"
5331,"kostua",2,"EUS"
5332,"kostuak",2,"EUS"
5333,"kotxe",2,"EUS"
5334,"krisia",2,"EUS"
5335,"kristauek",2,"EUS"
5336,"kristautasunak",2,"EUS"
5337,"kristoren",2,"EUS"
5338,"kritikari",2,"EUS"
5339,"kritikoak",2,"EUS"
5340,"kroaziar",2,"EUS"
5341,"kronika",2,"EUS"
5342,"kudeatzeko",2,"EUS"
5343,"kultu",2,"EUS"
5344,"kultur",2,"EUS"
5345,"kulturaren",2,"EUS"
5346,"kurba",2,"EUS"
5347,"kurokawa",2,"EUS"
5348,"kutsatu",2,"EUS"
5349,"kutsatutako",2,"EUS"
5350,"kutsu",2,"EUS"
5351,"labar",2,"EUS"
5352,"laburdura",2,"EUS"
5353,"laburpen",2,"EUS"
5354,"laburreko",2,"EUS"
5355,"lady",2,"EUS"
5356,"laga",2,"EUS"
5357,"lagunekin",2,"EUS"
5358,"laguntzeko",2,"EUS"
5359,"lanbide",2,"EUS"
5360,"lanbidea",2,"EUS"
5361,"landa",2,"EUS"
5362,"landaredia",2,"EUS"
5363,"landatu",2,"EUS"
5364,"landua",2,"EUS"
5365,"lanek",2,"EUS"
5366,"lanetako",2,"EUS"
5367,"langabezia",2,"EUS"
5368,"langilea",2,"EUS"
5369,"langileei",2,"EUS"
5370,"langileek",2,"EUS"
5371,"lankidea",2,"EUS"
5372,"lappiko",2,"EUS"
5373,"lapurdi",2,"EUS"
5374,"laranja",2,"EUS"
5375,"larriagotu",2,"EUS"
5376,"lasai",2,"EUS"
5377,"lasterketa",2,"EUS"
5378,"laua",2,"EUS"
5379,"laugarrena",2,"EUS"
5380,"laura",2,"EUS"
5381,"lee",2,"EUS"
5382,"legebiltzarrak",2,"EUS"
5383,"legioko",2,"EUS"
5384,"legitimitatea",2,"EUS"
5385,"lehenak",2,"EUS"
5386,"lehendakariaren",2,"EUS"
5387,"leherketa",2,"EUS"
5388,"lehia",2,"EUS"
5389,"lehiaketan",2,"EUS"
5390,"lehiakortasun",2,"EUS"
5391,"lehiatu",2,"EUS"
5392,"leinua",2,"EUS"
5393,"leizeak",2,"EUS"
5394,"lekura",2,"EUS"
5395,"lelopean",2,"EUS"
5396,"lengoaia",2,"EUS"
5397,"leonés",2,"EUS"
5398,"lepoan",2,"EUS"
5399,"lepoko",2,"EUS"
5400,"leporaino",2,"EUS"
5401,"leporatzen",2,"EUS"
5402,"lerroaren",2,"EUS"
5403,"les",2,"EUS"
5404,"lesio",2,"EUS"
5405,"letorke",2,"EUS"
5406,"letrak",2,"EUS"
5407,"leundu",2,"EUS"
5408,"lezake",2,"EUS"
5409,"lezio",2,"EUS"
5410,"liberalak",2,"EUS"
5411,"liberalen",2,"EUS"
5412,"librean",2,"EUS"
5413,"librearen",2,"EUS"
5414,"libreko",2,"EUS"
5415,"liburuaren",2,"EUS"
5416,"liburuen",2,"EUS"
5417,"liburukitan",2,"EUS"
5418,"liluratuta",2,"EUS"
5419,"line",2,"EUS"
5420,"lineak",2,"EUS"
5421,"lineala",2,"EUS"
5422,"linguistikoak",2,"EUS"
5423,"lintxamenduen",2,"EUS"
5424,"liskar",2,"EUS"
5425,"literatur",2,"EUS"
5426,"literaturak",2,"EUS"
5427,"litezke",2,"EUS"
5428,"litzake",2,"EUS"
5429,"lizentzia",2,"EUS"
5430,"lizeoa",2,"EUS"
5431,"ln",2,"EUS"
5432,"lo",2,"EUS"
5433,"lodia",2,"EUS"
5434,"lodiz",2,"EUS"
5435,"logelak",2,"EUS"
5436,"logika",2,"EUS"
5437,"londreseko",2,"EUS"
5438,"lorategia",2,"EUS"
5439,"lortuz",2,"EUS"
5440,"lotan",2,"EUS"
5441,"lotuko",2,"EUS"
5442,"loturak",2,"EUS"
5443,"loturik",2,"EUS"
5444,"lotutako",2,"EUS"
5445,"lotzea",2,"EUS"
5446,"lu",2,"EUS"
5447,"lurraldeak",2,"EUS"
5448,"lurraldera",2,"EUS"
5449,"lurraldetik",2,"EUS"
5450,"lurrarekiko",2,"EUS"
5451,"lurren",2,"EUS"
5452,"luzapena",2,"EUS"
5453,"luzapenean",2,"EUS"
5454,"luzatuta",2,"EUS"
5455,"luzeagoa",2,"EUS"
5456,"luzeari",2,"EUS"
5457,"luzeko",2,"EUS"
5458,"luzerako",2,"EUS"
5459,"madrid",2,"EUS"
5460,"magikoa",2,"EUS"
5461,"magma",2,"EUS"
5462,"magnetikoaren",2,"EUS"
5463,"magnitudea",2,"EUS"
5464,"maia",2,"EUS"
5465,"maiatzean",2,"EUS"
5466,"mailara",2,"EUS"
5467,"mailatan",2,"EUS"
5468,"mailaz",2,"EUS"
5469,"mailegu",2,"EUS"
5470,"maisuak",2,"EUS"
5471,"maitasunaren",2,"EUS"
5472,"maitatu",2,"EUS"
5473,"maizterrak",2,"EUS"
5474,"maldan",2,"EUS"
5475,"maldivetako",2,"EUS"
5476,"mamua",2,"EUS"
5477,"mango",2,"EUS"
5478,"mantenduko",2,"EUS"
5479,"maputxeen",2,"EUS"
5480,"marcel",2,"EUS"
5481,"margolari",2,"EUS"
5482,"mari",2,"EUS"
5483,"mario",2,"EUS"
5484,"markak",2,"EUS"
5485,"markatu",2,"EUS"
5486,"markatzen",2,"EUS"
5487,"markesina",2,"EUS"
5488,"marrazki",2,"EUS"
5489,"marrazkia",2,"EUS"
5490,"martin",2,"EUS"
5491,"masiboagoa",2,"EUS"
5492,"materialaren",2,"EUS"
5493,"materialetan",2,"EUS"
5494,"mediatikoa",2,"EUS"
5495,"medikuntzan",2,"EUS"
5496,"mendebaldera",2,"EUS"
5497,"mendebalera",2,"EUS"
5498,"mendekoa",2,"EUS"
5499,"mendeku",2,"EUS"
5500,"mendekua",2,"EUS"
5501,"mendera",2,"EUS"
5502,"mendetan",2,"EUS"
5503,"mendia",2,"EUS"
5504,"mendiaren",2,"EUS"
5505,"mendilerro",2,"EUS"
5506,"menditsua",2,"EUS"
5507,"menditsuak",2,"EUS"
5508,"menpeko",2,"EUS"
5509,"merezi",2,"EUS"
5510,"merkatuan",2,"EUS"
5511,"merkaturatu",2,"EUS"
5512,"merkea",2,"EUS"
5513,"meskita",2,"EUS"
5514,"metala",2,"EUS"
5515,"metanoaren",2,"EUS"
5516,"metatzen",2,"EUS"
5517,"meza",2,"EUS"
5518,"mezu",2,"EUS"
5519,"migel",2,"EUS"
5520,"mikel",2,"EUS"
5521,"mila",2,"EUS"
5522,"militarrak",2,"EUS"
5523,"militarren",2,"EUS"
5524,"mineral",2,"EUS"
5525,"mingarria",2,"EUS"
5526,"minimoa",2,"EUS"
5527,"ministerioak",2,"EUS"
5528,"ministroa",2,"EUS"
5529,"mintegia",2,"EUS"
5530,"mintzatzen",2,"EUS"
5531,"misioak",2,"EUS"
5532,"misteriotsuen",2,"EUS"
5533,"mito",2,"EUS"
5534,"mobilizazio",2,"EUS"
5535,"modalitate",2,"EUS"
5536,"modelo",2,"EUS"
5537,"moderno",2,"EUS"
5538,"modernoak",2,"EUS"
5539,"moduari",2,"EUS"
5540,"moduaz",2,"EUS"
5541,"modukoa",2,"EUS"
5542,"modukoak",2,"EUS"
5543,"modurik",2,"EUS"
5544,"mohs",2,"EUS"
5545,"moldatu",2,"EUS"
5546,"moldatutako",2,"EUS"
5547,"moldatzeko",2,"EUS"
5548,"molekula",2,"EUS"
5549,"molekulen",2,"EUS"
5550,"monarkia",2,"EUS"
5551,"monarkiaren",2,"EUS"
5552,"montrealgo",2,"EUS"
5553,"monumentu",2,"EUS"
5554,"monumentua",2,"EUS"
5555,"moral",2,"EUS"
5556,"moralak",2,"EUS"
5557,"motor",2,"EUS"
5558,"motorrak",2,"EUS"
5559,"motorretan",2,"EUS"
5560,"mugatuko",2,"EUS"
5561,"mugikortasun",2,"EUS"
5562,"mugitzeko",2,"EUS"
5563,"muinoak",2,"EUS"
5564,"mujika",2,"EUS"
5565,"multzoaren",2,"EUS"
5566,"munduarekin",2,"EUS"
5567,"munich",2,"EUS"
5568,"museoan",2,"EUS"
5569,"music",2,"EUS"
5570,"musikan",2,"EUS"
5571,"musikaren",2,"EUS"
5572,"musikariek",2,"EUS"
5573,"mutilak",2,"EUS"
5574,"muturra",2,"EUS"
5575,"muturretako",2,"EUS"
5576,"nabariak",2,"EUS"
5577,"nabaritu",2,"EUS"
5578,"nabaritzen",2,"EUS"
5579,"nacional",2,"EUS"
5580,"nagusian",2,"EUS"
5581,"nagusiari",2,"EUS"
5582,"nagusiek",2,"EUS"
5583,"nagusienetako",2,"EUS"
5584,"nagusietako",2,"EUS"
5585,"nagusik",2,"EUS"
5586,"nagusiko",2,"EUS"
5587,"nahaste",2,"EUS"
5588,"nahastu",2,"EUS"
5589,"naiz",2,"EUS"
5590,"narrasti",2,"EUS"
5591,"narrazio",2,"EUS"
5592,"natur",2,"EUS"
5593,"naturalean",2,"EUS"
5594,"nature",2,"EUS"
5595,"negatiboa",2,"EUS"
5596,"negoziazio",2,"EUS"
5597,"nekazaritzak",2,"EUS"
5598,"nekez",2,"EUS"
5599,"neskame",2,"EUS"
5600,"neskatila",2,"EUS"
5601,"neurketen",2,"EUS"
5602,"neuronako",2,"EUS"
5603,"neurotransmisore",2,"EUS"
5604,"neurriak",2,"EUS"
5605,"neurtzeko",2,"EUS"
5606,"neurtzen",2,"EUS"
5607,"newman",2,"EUS"
5608,"nicolle",2,"EUS"
5609,"night",2,"EUS"
5610,"nire",2,"EUS"
5611,"niretzako",2,"EUS"
5612,"nitrato",2,"EUS"
5613,"nitrogenoaren",2,"EUS"
5614,"nitrox",2,"EUS"
5615,"no",2,"EUS"
5616,"nobela",2,"EUS"
5617,"nobleak",2,"EUS"
5618,"nolabait",2,"EUS"
5619,"norbaitek",2,"EUS"
5620,"norbere",2,"EUS"
5621,"noski",2,"EUS"
5622,"nuen",2,"EUS"
5623,"nuklear",2,"EUS"
5624,"nukleoak",2,"EUS"
5625,"nukleoaren",2,"EUS"
5626,"objektibo",2,"EUS"
5627,"objetuak",2,"EUS"
5628,"obrari",2,"EUS"
5629,"obrarik",2,"EUS"
5630,"obretan",2,"EUS"
5631,"odolean",2,"EUS"
5632,"ofizialean",2,"EUS"
5633,"ohartarazi",2,"EUS"
5634,"ohe",2,"EUS"
5635,"oihalen",2,"EUS"
5636,"oihu",2,"EUS"
5637,"oina",2,"EUS"
5638,"oinak",2,"EUS"
5639,"oinarrituz",2,"EUS"
5640,"oinean",2,"EUS"
5641,"oinordeko",2,"EUS"
5642,"oinordekoa",2,"EUS"
5643,"okerrera",2,"EUS"
5644,"okertua",2,"EUS"
5645,"oktak",2,"EUS"
5646,"okupatuak",2,"EUS"
5647,"olerki",2,"EUS"
5648,"omenaldia",2,"EUS"
5649,"omenaldian",2,"EUS"
5650,"onarpena",2,"EUS"
5651,"onartuak",2,"EUS"
5652,"onartutako",2,"EUS"
5653,"onartzeko",2,"EUS"
5654,"oñatiko",2,"EUS"
5655,"ondarea",2,"EUS"
5656,"ondarroako",2,"EUS"
5657,"ondasunak",2,"EUS"
5658,"ondasunen",2,"EUS"
5659,"ondorioa",2,"EUS"
5660,"ondoz",2,"EUS"
5661,"onenarena",2,"EUS"
5662,"onenen",2,"EUS"
5663,"onez",2,"EUS"
5664,"ongarri",2,"EUS"
5665,"onik",2,"EUS"
5666,"ontzia",2,"EUS"
5667,"ontziaren",2,"EUS"
5668,"ontziratze",2,"EUS"
5669,"onura",2,"EUS"
5670,"operak",2,"EUS"
5671,"orainaldia",2,"EUS"
5672,"oraingoz",2,"EUS"
5673,"orbita",2,"EUS"
5674,"orbitaren",2,"EUS"
5675,"ordaina",2,"EUS"
5676,"ordaindutako",2,"EUS"
5677,"ordezkariak",2,"EUS"
5678,"ordezkatzen",2,"EUS"
5679,"ordokia",2,"EUS"
5680,"ordutan",2,"EUS"
5681,"ordutik",2,"EUS"
5682,"orekatua",2,"EUS"
5683,"organikoak",2,"EUS"
5684,"original",2,"EUS"
5685,"orio",2,"EUS"
5686,"orkestraren",2,"EUS"
5687,"orlando",2,"EUS"
5688,"oroitzapenak",2,"EUS"
5689,"orokor",2,"EUS"
5690,"orokorki",2,"EUS"
5691,"orokorretan",2,"EUS"
5692,"orri",2,"EUS"
5693,"orrialde",2,"EUS"
5694,"orubean",2,"EUS"
5695,"osaba",2,"EUS"
5696,"osaera",2,"EUS"
5697,"osagaiak",2,"EUS"
5698,"osagaiek",2,"EUS"
5699,"osasuna",2,"EUS"
5700,"osasunak",2,"EUS"
5701,"osasunerako",2,"EUS"
5702,"osaturik",2,"EUS"
5703,"osaturiko",2,"EUS"
5704,"osatzea",2,"EUS"
5705,"osatzeko",2,"EUS"
5706,"oskarbi",2,"EUS"
5707,"osotasunean",2,"EUS"
5708,"osoz",2,"EUS"
5709,"ospearen",2,"EUS"
5710,"ospitalean",2,"EUS"
5711,"ostera",2,"EUS"
5712,"otoitz",2,"EUS"
5713,"otomandarrek",2,"EUS"
5714,"otsailean",2,"EUS"
5715,"oxigenoa",2,"EUS"
5716,"ozenki",2,"EUS"
5717,"oztopatzen",2,"EUS"
5718,"padurak",2,"EUS"
5719,"pagoak",2,"EUS"
5720,"país",2,"EUS"
5721,"paisaia",2,"EUS"
5722,"pakete",2,"EUS"
5723,"paleolito",2,"EUS"
5724,"pankreas",2,"EUS"
5725,"panpina",2,"EUS"
5726,"paperak",2,"EUS"
5727,"paraleloan",2,"EUS"
5728,"parametro",2,"EUS"
5729,"pariseko",2,"EUS"
5730,"parlamentua",2,"EUS"
5731,"parlamentuan",2,"EUS"
5732,"partaide",2,"EUS"
5733,"partetik",2,"EUS"
5734,"partidu",2,"EUS"
5735,"partikulen",2,"EUS"
5736,"pasarteak",2,"EUS"
5737,"pascal",2,"EUS"
5738,"patroi",2,"EUS"
5739,"pausoak",2,"EUS"
5740,"pazienteak",2,"EUS"
5741,"pazifikoko",2,"EUS"
5742,"pean",2,"EUS"
5743,"peloponesoko",2,"EUS"
5744,"penintsula",2,"EUS"
5745,"pentsa",2,"EUS"
5746,"pentsalari",2,"EUS"
5747,"pertsonaien",2,"EUS"
5748,"pertsonalaren",2,"EUS"
5749,"pertsonalean",2,"EUS"
5750,"pertsonarentzako",2,"EUS"
5751,"pertzepzio",2,"EUS"
5752,"pertzepzioa",2,"EUS"
5753,"peruko",2,"EUS"
5754,"petit",2,"EUS"
5755,"petrolioa",2,"EUS"
5756,"pezetara",2,"EUS"
5757,"pezetatakoa",2,"EUS"
5758,"piano",2,"EUS"
5759,"pictures",2,"EUS"
5760,"pierre",2,"EUS"
5761,"pieza",2,"EUS"
5762,"piezak",2,"EUS"
5763,"pilotalekua",2,"EUS"
5764,"pinturak",2,"EUS"
5765,"pinuak",2,"EUS"
5766,"piraña",2,"EUS"
5767,"pirinioen",2,"EUS"
5768,"pirinioetako",2,"EUS"
5769,"pistola",2,"EUS"
5770,"pizkundeko",2,"EUS"
5771,"pizteko",2,"EUS"
5772,"pizten",2,"EUS"
5773,"plaken",2,"EUS"
5774,"plan",2,"EUS"
5775,"plana",2,"EUS"
5776,"planta",2,"EUS"
5777,"plantak",2,"EUS"
5778,"planteatzen",2,"EUS"
5779,"plastikoen",2,"EUS"
5780,"plater",2,"EUS"
5781,"pobrezia",2,"EUS"
5782,"poesia",2,"EUS"
5783,"poesiaren",2,"EUS"
5784,"polea",2,"EUS"
5785,"poliki",2,"EUS"
5786,"polita",2,"EUS"
5787,"politikari",2,"EUS"
5788,"poliziak",2,"EUS"
5789,"polo",2,"EUS"
5790,"popularra",2,"EUS"
5791,"populazioak",2,"EUS"
5792,"populazioaren",2,"EUS"
5793,"porrota",2,"EUS"
5794,"portuaren",2,"EUS"
5795,"portugaldarren",2,"EUS"
5796,"portugalen",2,"EUS"
5797,"portugalgo",2,"EUS"
5798,"portugesa",2,"EUS"
5799,"portura",2,"EUS"
5800,"portzelana",2,"EUS"
5801,"posta",2,"EUS"
5802,"postua",2,"EUS"
5803,"postura",2,"EUS"
5804,"potentzia",2,"EUS"
5805,"pozik",2,"EUS"
5806,"praktikoa",2,"EUS"
5807,"praktikoak",2,"EUS"
5808,"prats",2,"EUS"
5809,"premia",2,"EUS"
5810,"prentsaren",2,"EUS"
5811,"presente",2,"EUS"
5812,"presidenteak",2,"EUS"
5813,"presoak",2,"EUS"
5814,"press",2,"EUS"
5815,"prestaketa",2,"EUS"
5816,"prezioa",2,"EUS"
5817,"pribatu",2,"EUS"
5818,"printze",2,"EUS"
5819,"printzipioak",2,"EUS"
5820,"printzipioaren",2,"EUS"
5821,"probabilitatea",2,"EUS"
5822,"probatu",2,"EUS"
5823,"probintziako",2,"EUS"
5824,"produktore",2,"EUS"
5825,"produktua",2,"EUS"
5826,"produkzioa",2,"EUS"
5827,"produzitu",2,"EUS"
5828,"profesionalean",2,"EUS"
5829,"profesionalen",2,"EUS"
5830,"programaren",2,"EUS"
5831,"programazio",2,"EUS"
5832,"programek",2,"EUS"
5833,"progresio",2,"EUS"
5834,"progresisten",2,"EUS"
5835,"proiektuan",2,"EUS"
5836,"prokop",2,"EUS"
5837,"propioak",2,"EUS"
5838,"proposatutako",2,"EUS"
5839,"proposatzeagatik",2,"EUS"
5840,"protagonismo",2,"EUS"
5841,"protagonistak",2,"EUS"
5842,"proteinak",2,"EUS"
5843,"proteinekin",2,"EUS"
5844,"protestanteak",2,"EUS"
5845,"protokolo",2,"EUS"
5846,"prozedura",2,"EUS"
5847,"prozesuan",2,"EUS"
5848,"prozesuari",2,"EUS"
5849,"prozesura",2,"EUS"
5850,"psikiatrikoa",2,"EUS"
5851,"psikologikoak",2,"EUS"
5852,"publikoak",2,"EUS"
5853,"publikoaren",2,"EUS"
5854,"publikoko",2,"EUS"
5855,"puebla",2,"EUS"
5856,"puntuan",2,"EUS"
5857,"puntuko",2,"EUS"
5858,"puntura",2,"EUS"
5859,"purua",2,"EUS"
5860,"que",2,"EUS"
5861,"queen",2,"EUS"
5862,"queta",2,"EUS"
5863,"ra",2,"EUS"
5864,"raimundo",2,"EUS"
5865,"ramiroren",2,"EUS"
5866,"ramon",2,"EUS"
5867,"raul",2,"EUS"
5868,"ray",2,"EUS"
5869,"red",2,"EUS"
5870,"rekin",2,"EUS"
5871,"rena",2,"EUS"
5872,"roberto",2,"EUS"
5873,"robinson",2,"EUS"
5874,"rodríguez",2,"EUS"
5875,"rol",2,"EUS"
5876,"ross",2,"EUS"
5877,"sa",2,"EUS"
5878,"sagardoy",2,"EUS"
5879,"saiatuko",2,"EUS"
5880,"saihesteko",2,"EUS"
5881,"saihestu",2,"EUS"
5882,"sail",2,"EUS"
5883,"sailean",2,"EUS"
5884,"sailkapenak",2,"EUS"
5885,"sailkatuta",2,"EUS"
5886,"sailkatzen",2,"EUS"
5887,"saioa",2,"EUS"
5888,"saioan",2,"EUS"
5889,"sakabanatuko",2,"EUS"
5890,"sakondu",2,"EUS"
5891,"sakrifikatzen",2,"EUS"
5892,"salaketa",2,"EUS"
5893,"salbatu",2,"EUS"
5894,"salbatzeko",2,"EUS"
5895,"saltzeko",2,"EUS"
5896,"salvadorreko",2,"EUS"
5897,"samarrak",2,"EUS"
5898,"samien",2,"EUS"
5899,"santuak",2,"EUS"
5900,"santuaren",2,"EUS"
5901,"sareak",2,"EUS"
5902,"sarean",2,"EUS"
5903,"sareko",2,"EUS"
5904,"sarritan",2,"EUS"
5905,"sartua",2,"EUS"
5906,"sartuta",2,"EUS"
5907,"sartzean",2,"EUS"
5908,"sasi",2,"EUS"
5909,"sasoi",2,"EUS"
5910,"satelite",2,"EUS"
5911,"schweppes",2,"EUS"
5912,"segida",2,"EUS"
5913,"segitu",2,"EUS"
5914,"segurantzaren",2,"EUS"
5915,"seguru",2,"EUS"
5916,"seinalea",2,"EUS"
5917,"seine",2,"EUS"
5918,"sekretu",2,"EUS"
5919,"sektorerako",2,"EUS"
5920,"sekula",2,"EUS"
5921,"semantiko",2,"EUS"
5922,"semearekin",2,"EUS"
5923,"sena",2,"EUS"
5924,"sendatu",2,"EUS"
5925,"sendotzea",2,"EUS"
5926,"sendotzeko",2,"EUS"
5927,"sense",2,"EUS"
5928,"sentikortasun",2,"EUS"
5929,"sentsazio",2,"EUS"
5930,"serie",2,"EUS"
5931,"seriea",2,"EUS"
5932,"seriean",2,"EUS"
5933,"sexua",2,"EUS"
5934,"sikulo",2,"EUS"
5935,"simpson",2,"EUS"
5936,"sinatu",2,"EUS"
5937,"singleak",2,"EUS"
5938,"sinonimo",2,"EUS"
5939,"sinpatia",2,"EUS"
5940,"sintoma",2,"EUS"
5941,"sirakusa",2,"EUS"
5942,"sirakusako",2,"EUS"
5943,"sirakusarantz",2,"EUS"
5944,"sisteman",2,"EUS"
5945,"sistemen",2,"EUS"
5946,"siziliako",2,"EUS"
5947,"sobietarrak",2,"EUS"
5948,"sol",2,"EUS"
5949,"solairuak",2,"EUS"
5950,"solairutako",2,"EUS"
5951,"soldaduak",2,"EUS"
5952,"soldaduek",2,"EUS"
5953,"soldaduen",2,"EUS"
5954,"solidoa",2,"EUS"
5955,"solidoen",2,"EUS"
5956,"son",2,"EUS"
5957,"sorkuntza",2,"EUS"
5958,"soro",2,"EUS"
5959,"sorrera",2,"EUS"
5960,"sorrerari",2,"EUS"
5961,"sortuak",2,"EUS"
5962,"sortzaileak",2,"EUS"
5963,"sozialean",2,"EUS"
5964,"sozialistek",2,"EUS"
5965,"sozializazioa",2,"EUS"
5966,"soziologia",2,"EUS"
5967,"stark",2,"EUS"
5968,"street",2,"EUS"
5969,"substantzia",2,"EUS"
5970,"substantziak",2,"EUS"
5971,"sufritu",2,"EUS"
5972,"suite",2,"EUS"
5973,"suntsitzea",2,"EUS"
5974,"super",2,"EUS"
5975,"suposatu",2,"EUS"
5976,"susmo",2,"EUS"
5977,"suspertu",2,"EUS"
5978,"sustatzen",2,"EUS"
5979,"sutan",2,"EUS"
5980,"sutsuki",2,"EUS"
5981,"ta",2,"EUS"
5982,"tabernan",2,"EUS"
5983,"taldeari",2,"EUS"
5984,"taldeek",2,"EUS"
5985,"taldetik",2,"EUS"
5986,"tarte",2,"EUS"
5987,"tartea",2,"EUS"
5988,"tartetan",2,"EUS"
5989,"tauletan",2,"EUS"
5990,"taxonomia",2,"EUS"
5991,"taylor",2,"EUS"
5992,"te",2,"EUS"
5993,"tea",2,"EUS"
5994,"teatro",2,"EUS"
5995,"teknologikoabigarren",2,"EUS"
5996,"tektonikaren",2,"EUS"
5997,"telebistak",2,"EUS"
5998,"telebistan",2,"EUS"
5999,"telebistara",2,"EUS"
6000,"tenperaturaren",2,"EUS"
6001,"tenplu",2,"EUS"
6002,"tenpluko",2,"EUS"
6003,"teoriak",2,"EUS"
6004,"teorien",2,"EUS"
6005,"teorikoa",2,"EUS"
6006,"termodinamikaren",2,"EUS"
6007,"tesi",2,"EUS"
6008,"testuak",2,"EUS"
6009,"testuinguru",2,"EUS"
6010,"teutoburg",2,"EUS"
6011,"tiro",2,"EUS"
6012,"titius",2,"EUS"
6013,"tokiko",2,"EUS"
6014,"tokitan",2,"EUS"
6015,"tokitik",2,"EUS"
6016,"tonu",2,"EUS"
6017,"tony",2,"EUS"
6018,"topatuko",2,"EUS"
6019,"topatzen",2,"EUS"
6020,"tradizioak",2,"EUS"
6021,"tradizionalak",2,"EUS"
6022,"transmisio",2,"EUS"
6023,"transmititu",2,"EUS"
6024,"trantsizioa",2,"EUS"
6025,"tratamendua",2,"EUS"
6026,"tren",2,"EUS"
6027,"trena",2,"EUS"
6028,"trenaren",2,"EUS"
6029,"triatloian",2,"EUS"
6030,"tribuen",2,"EUS"
6031,"tripulazio",2,"EUS"
6032,"tropa",2,"EUS"
6033,"turó",2,"EUS"
6034,"tutmosis",2,"EUS"
6035,"tutore",2,"EUS"
6036,"txakur",2,"EUS"
6037,"txakurrak",2,"EUS"
6038,"txanponen",2,"EUS"
6039,"txapelketetan",2,"EUS"
6040,"txarrean",2,"EUS"
6041,"txarren",2,"EUS"
6042,"txarretsi",2,"EUS"
6043,"txikiagokoentzat",2,"EUS"
6044,"txikian",2,"EUS"
6045,"txikitan",2,"EUS"
6046,"txikitatik",2,"EUS"
6047,"txikitu",2,"EUS"
6048,"txikitzen",2,"EUS"
6049,"txile",2,"EUS"
6050,"tximista",2,"EUS"
6051,"txirrindularitza",2,"EUS"
6052,"txostena",2,"EUS"
6053,"u",2,"EUS"
6054,"uda",2,"EUS"
6055,"udaberria",2,"EUS"
6056,"udaberrian",2,"EUS"
6057,"udako",2,"EUS"
6058,"udalerria",2,"EUS"
6059,"udalerriaren",2,"EUS"
6060,"udalerrien",2,"EUS"
6061,"udalerrietara",2,"EUS"
6062,"udalerriko",2,"EUS"
6063,"udaletxeko",2,"EUS"
6064,"ugaltzen",2,"EUS"
6065,"ugaria",2,"EUS"
6066,"ugaritan",2,"EUS"
6067,"ugaritzen",2,"EUS"
6068,"uh",2,"EUS"
6069,"uhin",2,"EUS"
6070,"uhinak",2,"EUS"
6071,"ukrainako",2,"EUS"
6072,"uler",2,"EUS"
6073,"ulertzea",2,"EUS"
6074,"ulianov",2,"EUS"
6075,"umeak",2,"EUS"
6076,"umeen",2,"EUS"
6077,"umetatik",2,"EUS"
6078,"umorea",2,"EUS"
6079,"una",2,"EUS"
6080,"unibertsitatea",2,"EUS"
6081,"unibertsitateak",2,"EUS"
6082,"unibertsitateetan",2,"EUS"
6083,"unibertso",2,"EUS"
6084,"unitatea",2,"EUS"
6085,"university",2,"EUS"
6086,"upv",2,"EUS"
6087,"urdina",2,"EUS"
6088,"uretako",2,"EUS"
6089,"urrats",2,"EUS"
6090,"urratsak",2,"EUS"
6091,"urratzen",2,"EUS"
6092,"urrian",2,"EUS"
6093,"urruntzen",2,"EUS"
6094,"urrutitik",2,"EUS"
6095,"urtea",2,"EUS"
6096,"urtebete",2,"EUS"
6097,"urteek",2,"EUS"
6098,"urteotan",2,"EUS"
6099,"urtera",2,"EUS"
6100,"urterekin",2,"EUS"
6101,"urteroko",2,"EUS"
6102,"urtetik",2,"EUS"
6103,"urtsua",2,"EUS"
6104,"usadio",2,"EUS"
6105,"usb",2,"EUS"
6106,"usteak",2,"EUS"
6107,"ustekabean",2,"EUS"
6108,"ustezko",2,"EUS"
6109,"utz",2,"EUS"
6110,"uzkurtu",2,"EUS"
6111,"uztartu",2,"EUS"
6112,"valverde",2,"EUS"
6113,"van",2,"EUS"
6114,"veneziako",2,"EUS"
6115,"veneziar",2,"EUS"
6116,"ventura",2,"EUS"
6117,"vhs",2,"EUS"
6118,"viii",2,"EUS"
6119,"washington",2,"EUS"
6120,"we",2,"EUS"
6121,"while",2,"EUS"
6122,"wo",2,"EUS"
6123,"xaboia",2,"EUS"
6124,"xehetasunak",2,"EUS"
6125,"xiiten",2,"EUS"
6126,"xipa",2,"EUS"
6127,"xumeak",2,"EUS"
6128,"xurgatu",2,"EUS"
6129,"xv",2,"EUS"
6130,"york",2,"EUS"
6131,"yorken",2,"EUS"
6132,"you",2,"EUS"
6133,"youtubeko",2,"EUS"
6134,"zabalago",2,"EUS"
6135,"zabaltzen",2,"EUS"
6136,"zabor",2,"EUS"
6137,"zaharberritze",2,"EUS"
6138,"zaharberritzeari",2,"EUS"
6139,"zaharreko",2,"EUS"
6140,"zaharrenak",2,"EUS"
6141,"zailagoak",2,"EUS"
6142,"zaintza",2,"EUS"
6143,"zaintzen",2,"EUS"
6144,"zaiola",2,"EUS"
6145,"zalantzan",2,"EUS"
6146,"zaldia",2,"EUS"
6147,"zaldiak",2,"EUS"
6148,"zalduna",2,"EUS"
6149,"zalea",2,"EUS"
6150,"zama",2,"EUS"
6151,"zamalkadura",2,"EUS"
6152,"zantzuak",2,"EUS"
6153,"zapalduta",2,"EUS"
6154,"zapalkuntza",2,"EUS"
6155,"zapata",2,"EUS"
6156,"zarete",2,"EUS"
6157,"zatitu",2,"EUS"
6158,"zatitzen",2,"EUS"
6159,"zazpigarren",2,"EUS"
6160,"ze",2,"EUS"
6161,"zegoelako",2,"EUS"
6162,"zegoenez",2,"EUS"
6163,"zeharkatzeko",2,"EUS"
6164,"zehatzagoa",2,"EUS"
6165,"zehaztu",2,"EUS"
6166,"zehaztuz",2,"EUS"
6167,"zeina",2,"EUS"
6168,"zeinek",2,"EUS"
6169,"zekiten",2,"EUS"
6170,"zelaiak",2,"EUS"
6171,"zenbakiak",2,"EUS"
6172,"zenbakitu",2,"EUS"
6173,"zenez",2,"EUS"
6174,"zentimetro",2,"EUS"
6175,"zentimetroko",2,"EUS"
6176,"zentral",2,"EUS"
6177,"zentroa",2,"EUS"
6178,"zentroan",2,"EUS"
6179,"zentzumenen",2,"EUS"
6180,"zerbitzariak",2,"EUS"
6181,"zerbitzatzen",2,"EUS"
6182,"zerbitzuan",2,"EUS"
6183,"zergatia",2,"EUS"
6184,"zero",2,"EUS"
6185,"zeudenak",2,"EUS"
6186,"zeudenez",2,"EUS"
6187,"zeukala",2,"EUS"
6188,"zeukatela",2,"EUS"
6189,"zezala",2,"EUS"
6190,"zezan",2,"EUS"
6191,"zezaten",2,"EUS"
6192,"zibila",2,"EUS"
6193,"zibilak",2,"EUS"
6194,"zientifikoan",2,"EUS"
6195,"zientziak",2,"EUS"
6196,"zientziaren",2,"EUS"
6197,"zientzietan",2,"EUS"
6198,"ziezaion",2,"EUS"
6199,"zigor",2,"EUS"
6200,"zigortu",2,"EUS"
6201,"zihoan",2,"EUS"
6202,"ziklikoan",2,"EUS"
6203,"zinegotzi",2,"EUS"
6204,"zinemara",2,"EUS"
6205,"zinemaren",2,"EUS"
6206,"zinkunegi",2,"EUS"
6207,"zintzo",2,"EUS"
6208,"zintzoa",2,"EUS"
6209,"zioen",2,"EUS"
6210,"ziola",2,"EUS"
6211,"zirelarik",2,"EUS"
6212,"zirenen",2,"EUS"
6213,"zirenetik",2,"EUS"
6214,"zirkuitu",2,"EUS"
6215,"zirkuituan",2,"EUS"
6216,"zirkulu",2,"EUS"
6217,"zitezen",2,"EUS"
6218,"zituelako",2,"EUS"
6219,"zituenak",2,"EUS"
6220,"zituztela",2,"EUS"
6221,"zituztenak",2,"EUS"
6222,"zitzaiola",2,"EUS"
6223,"zk",2,"EUS"
6224,"zona",2,"EUS"
6225,"zorian",2,"EUS"
6226,"zoriontasuna",2,"EUS"
6227,"zorra",2,"EUS"
6228,"zorrotz",2,"EUS"
6229,"zubitik",2,"EUS"
6230,"zuhaitzak",2,"EUS"
6231,"zuhaitzaren",2,"EUS"
6232,"zuk",2,"EUS"
6233,"zuntz",2,"EUS"
6234,"zura",2,"EUS"
6235,"zuriekin",2,"EUS"
6236,"zurien",2,"EUS"
6237,"zutabeen",2,"EUS"
6238,"zutaberako",2,"EUS"
6239,"zutena",2,"EUS"
6240,"zuzenaren",2,"EUS"
6241,"zuzenbide",2,"EUS"
6242,"zuzendua",2,"EUS"
6243,"zuzenduta",2,"EUS"
6244,"zuzenik",2,"EUS"
