"wordID","word","frequency","language"
1,"ja",1767,"FIN"
2,"on",1570,"FIN"
3,"ei",500,"FIN"
4,"että",495,"FIN"
5,"myös",361,"FIN"
6,"oli",356,"FIN"
7,"hän",319,"FIN"
8,"ovat",285,"FIN"
9,"mukaan",280,"FIN"
10,"mutta",271,"FIN"
11,"kun",252,"FIN"
12,"ole",211,"FIN"
13,"se",167,"FIN"
14,"kuin",158,"FIN"
15,"jos",143,"FIN"
16,"tai",142,"FIN"
17,"voi",136,"FIN"
18,"n",135,"FIN"
19,"jo",127,"FIN"
20,"ollut",125,"FIN"
21,"lisäksi",122,"FIN"
22,"suomen",121,"FIN"
23,"joka",117,"FIN"
24,"esimerkiksi",115,"FIN"
25,"sen",112,"FIN"
26,"niin",110,"FIN"
27,"sekä",108,"FIN"
28,"nyt",105,"FIN"
29,"jälkeen",102,"FIN"
30,"olla",100,"FIN"
31,"vuoden",100,"FIN"
32,"vielä",99,"FIN"
33,"kuitenkin",98,"FIN"
34,"hänen",97,"FIN"
35,"kertoo",96,"FIN"
36,"kanssa",94,"FIN"
37,"viime",94,"FIN"
38,"olisi",90,"FIN"
39,"noin",88,"FIN"
40,"sanoo",83,"FIN"
41,"venäjän",82,"FIN"
42,"1",78,"FIN"
43,"ennen",78,"FIN"
44,"kaikki",75,"FIN"
45,"vuonna",74,"FIN"
46,"muun",73,"FIN"
47,"eivät",72,"FIN"
48,"siitä",72,"FIN"
49,"eli",70,"FIN"
50,"aikana",69,"FIN"
51,"hyvin",69,"FIN"
52,"paljon",69,"FIN"
53,"muassa",67,"FIN"
54,"sitä",67,"FIN"
55,"sitten",67,"FIN"
56,"yli",67,"FIN"
57,"he",66,"FIN"
58,"koko",64,"FIN"
59,"jossa",63,"FIN"
60,"helsingin",62,"FIN"
61,"vain",62,"FIN"
62,"2",60,"FIN"
63,"tulee",60,"FIN"
64,"vuotta",60,"FIN"
65,"jotka",59,"FIN"
66,"miten",59,"FIN"
67,"sillä",58,"FIN"
68,"euroa",57,"FIN"
69,"mitä",57,"FIN"
70,"suomessa",57,"FIN"
71,"kuten",56,"FIN"
72,"kaksi",55,"FIN"
73,"koska",55,"FIN"
74,"eri",53,"FIN"
75,"pitää",53,"FIN"
76,"prosenttia",53,"FIN"
77,"ajan",52,"FIN"
78,"saa",52,"FIN"
79,"enemmän",51,"FIN"
80,"ettei",51,"FIN"
81,"olivat",51,"FIN"
82,"vastaan",51,"FIN"
83,"kertoi",50,"FIN"
84,"3",48,"FIN"
85,"näin",48,"FIN"
86,"sai",48,"FIN"
87,"5",47,"FIN"
88,"jonka",47,"FIN"
89,"aiemmin",46,"FIN"
90,"vaikka",46,"FIN"
91,"000",44,"FIN"
92,"6",44,"FIN"
93,"ne",44,"FIN"
94,"yksi",44,"FIN"
95,"4",42,"FIN"
96,"ainakin",42,"FIN"
97,"euroopan",42,"FIN"
98,"jopa",42,"FIN"
99,"vuoksi",41,"FIN"
100,"20",40,"FIN"
101,"ilman",40,"FIN"
102,"tällä",40,"FIN"
103,"vaan",40,"FIN"
104,"sanoi",39,"FIN"
105,"kaupungin",38,"FIN"
106,"tehdä",38,"FIN"
107,"tuli",38,"FIN"
108,"enää",37,"FIN"
109,"edelleen",36,"FIN"
110,"en",36,"FIN"
111,"itse",36,"FIN"
112,"mukana",36,"FIN"
113,"siihen",36,"FIN"
114,"aina",35,"FIN"
115,"eikä",35,"FIN"
116,"ensi",35,"FIN"
117,"kello",35,"FIN"
118,"mikä",35,"FIN"
119,"tämän",35,"FIN"
120,"kertaa",34,"FIN"
121,"mm",34,"FIN"
122,"perjantaina",34,"FIN"
123,"asiasta",33,"FIN"
124,"erityisesti",33,"FIN"
125,"kauden",33,"FIN"
126,"kautta",33,"FIN"
127,"kuitenkaan",33,"FIN"
128,"osa",33,"FIN"
129,"ukrainan",33,"FIN"
130,"10",32,"FIN"
131,"alueella",32,"FIN"
132,"alueen",32,"FIN"
133,"hyvä",32,"FIN"
134,"joten",32,"FIN"
135,"aika",31,"FIN"
136,"juuri",31,"FIN"
137,"lähes",31,"FIN"
138,"olevan",31,"FIN"
139,"eu",30,"FIN"
140,"pitäisi",30,"FIN"
141,"0",29,"FIN"
142,"30",29,"FIN"
143,"kolme",29,"FIN"
144,"mukaansa",29,"FIN"
145,"myöhemmin",29,"FIN"
146,"saanut",29,"FIN"
147,"suomi",29,"FIN"
148,"uuden",29,"FIN"
149,"maan",28,"FIN"
150,"määrä",28,"FIN"
151,"voisi",28,"FIN"
152,"12",27,"FIN"
153,"50",27,"FIN"
154,"kuinka",27,"FIN"
155,"lopulta",27,"FIN"
156,"tämä",27,"FIN"
157,"toiseen",27,"FIN"
158,"13",26,"FIN"
159,"18",26,"FIN"
160,"2021",26,"FIN"
161,"mitään",26,"FIN"
162,"muistuttaa",26,"FIN"
163,"tänään",26,"FIN"
164,"viikolla",26,"FIN"
165,"voivat",26,"FIN"
166,"aikaa",25,"FIN"
167,"ensimmäinen",25,"FIN"
168,"jäi",25,"FIN"
169,"kahden",25,"FIN"
170,"kyse",25,"FIN"
171,"lisää",25,"FIN"
172,"muut",25,"FIN"
173,"tiistaina",25,"FIN"
174,"torstaina",25,"FIN"
175,"välillä",25,"FIN"
176,"venäjä",25,"FIN"
177,"vuosi",25,"FIN"
178,"yhä",25,"FIN"
179,"arvioi",24,"FIN"
180,"heidän",24,"FIN"
181,"koskaan",24,"FIN"
182,"lauantaina",24,"FIN"
183,"naisten",24,"FIN"
184,"niitä",24,"FIN"
185,"nousi",24,"FIN"
186,"pohjois",24,"FIN"
187,"siinä",24,"FIN"
188,"2022",23,"FIN"
189,"aikaan",23,"FIN"
190,"antaa",23,"FIN"
191,"hieman",23,"FIN"
192,"kannattaa",23,"FIN"
193,"kyseessä",23,"FIN"
194,"nato",23,"FIN"
195,"neljä",23,"FIN"
196,"piti",23,"FIN"
197,"tehnyt",23,"FIN"
198,"voidaan",23,"FIN"
199,"7",22,"FIN"
200,"alkaa",22,"FIN"
201,"alkoi",22,"FIN"
202,"alle",22,"FIN"
203,"asia",22,"FIN"
204,"käyttää",22,"FIN"
205,"miksi",22,"FIN"
206,"olen",22,"FIN"
207,"siellä",22,"FIN"
208,"siis",22,"FIN"
209,"tähän",22,"FIN"
210,"tätä",22,"FIN"
211,"tilanne",22,"FIN"
212,"tulla",22,"FIN"
213,"tullut",22,"FIN"
214,"yhteydessä",22,"FIN"
215,"15",21,"FIN"
216,"8",21,"FIN"
217,"9",21,"FIN"
218,"ihmiset",21,"FIN"
219,"käytännössä",21,"FIN"
220,"kolmen",21,"FIN"
221,"mahdollista",21,"FIN"
222,"me",21,"FIN"
223,"mistä",21,"FIN"
224,"pois",21,"FIN"
225,"sunnuntaina",21,"FIN"
226,"tehty",21,"FIN"
227,"teki",21,"FIN"
228,"toteaa",21,"FIN"
229,"uusi",21,"FIN"
230,"uutta",21,"FIN"
231,"vasta",21,"FIN"
232,"euron",20,"FIN"
233,"hallituksen",20,"FIN"
234,"ihan",20,"FIN"
235,"kaudella",20,"FIN"
236,"kaupunki",20,"FIN"
237,"kirkon",20,"FIN"
238,"maksaa",20,"FIN"
239,"meillä",20,"FIN"
240,"mies",20,"FIN"
241,"miljoonaa",20,"FIN"
242,"nainen",20,"FIN"
243,"näyttää",20,"FIN"
244,"oman",20,"FIN"
245,"ottaa",20,"FIN"
246,"saada",20,"FIN"
247,"suomeen",20,"FIN"
248,"taas",20,"FIN"
249,"tänä",20,"FIN"
250,"tässä",20,"FIN"
251,"uusia",20,"FIN"
252,"vuodessa",20,"FIN"
253,"11",19,"FIN"
254,"16",19,"FIN"
255,"alussa",19,"FIN"
256,"ehkä",19,"FIN"
257,"eniten",19,"FIN"
258,"ensimmäisen",19,"FIN"
259,"erittäin",19,"FIN"
260,"hallitus",19,"FIN"
261,"jatkaa",19,"FIN"
262,"kerran",19,"FIN"
263,"keskiviikkona",19,"FIN"
264,"kunta",19,"FIN"
265,"laitilan",19,"FIN"
266,"miesten",19,"FIN"
267,"muita",19,"FIN"
268,"nämä",19,"FIN"
269,"niiden",19,"FIN"
270,"otti",19,"FIN"
271,"päivän",19,"FIN"
272,"pitkään",19,"FIN"
273,"saakka",19,"FIN"
274,"suoraan",19,"FIN"
275,"ukrainaan",19,"FIN"
276,"yhden",19,"FIN"
277,"yhteensä",19,"FIN"
278,"23",18,"FIN"
279,"etelä",18,"FIN"
280,"hetkellä",18,"FIN"
281,"ihmisten",18,"FIN"
282,"jälleen",18,"FIN"
283,"joista",18,"FIN"
284,"jotta",18,"FIN"
285,"kyllä",18,"FIN"
286,"lasten",18,"FIN"
287,"maanantaina",18,"FIN"
288,"meni",18,"FIN"
289,"mennessä",18,"FIN"
290,"minuuttia",18,"FIN"
291,"moni",18,"FIN"
292,"paremmin",18,"FIN"
293,"samalla",18,"FIN"
294,"suuri",18,"FIN"
295,"tasolla",18,"FIN"
296,"tehdään",18,"FIN"
297,"tekee",18,"FIN"
298,"voitti",18,"FIN"
299,"60",17,"FIN"
300,"asioita",17,"FIN"
301,"jää",17,"FIN"
302,"joissa",17,"FIN"
303,"joita",17,"FIN"
304,"jolloin",17,"FIN"
305,"kaikkien",17,"FIN"
306,"kertovat",17,"FIN"
307,"kiinni",17,"FIN"
308,"kohti",17,"FIN"
309,"loppuun",17,"FIN"
310,"meidän",17,"FIN"
311,"olleet",17,"FIN"
312,"oy",17,"FIN"
313,"palveluun",17,"FIN"
314,"poliisi",17,"FIN"
315,"prosentin",17,"FIN"
316,"puheenjohtaja",17,"FIN"
317,"salon",17,"FIN"
318,"siirryt",17,"FIN"
319,"takia",17,"FIN"
320,"totesi",17,"FIN"
321,"tulevat",17,"FIN"
322,"vaikuttaa",17,"FIN"
323,"varten",17,"FIN"
324,"yhdessä",17,"FIN"
325,"yhdysvaltain",17,"FIN"
326,"yhtä",17,"FIN"
327,"21",16,"FIN"
328,"22",16,"FIN"
329,"25",16,"FIN"
330,"apua",16,"FIN"
331,"etenkin",16,"FIN"
332,"ihmisiä",16,"FIN"
333,"iso",16,"FIN"
334,"itä",16,"FIN"
335,"järjestetään",16,"FIN"
336,"joskus",16,"FIN"
337,"kerrotaan",16,"FIN"
338,"kuka",16,"FIN"
339,"kunnan",16,"FIN"
340,"kuvassa",16,"FIN"
341,"liian",16,"FIN"
342,"lle",16,"FIN"
343,"maailman",16,"FIN"
344,"miehen",16,"FIN"
345,"mielestä",16,"FIN"
346,"missä",16,"FIN"
347,"muiden",16,"FIN"
348,"nopeasti",16,"FIN"
349,"nousu",16,"FIN"
350,"tiedotteessa",16,"FIN"
351,"toistaiseksi",16,"FIN"
352,"toivoo",16,"FIN"
353,"tuo",16,"FIN"
354,"venäjällä",16,"FIN"
355,"2019",15,"FIN"
356,"alkaen",15,"FIN"
357,"edes",15,"FIN"
358,"ensimmäistä",15,"FIN"
359,"esiin",15,"FIN"
360,"haluaa",15,"FIN"
361,"hänelle",15,"FIN"
362,"ihmistä",15,"FIN"
363,"iltana",15,"FIN"
364,"johon",15,"FIN"
365,"josta",15,"FIN"
366,"korona",15,"FIN"
367,"kovin",15,"FIN"
368,"kuusi",15,"FIN"
369,"kymmenen",15,"FIN"
370,"maa",15,"FIN"
371,"oma",15,"FIN"
372,"onko",15,"FIN"
373,"pääsee",15,"FIN"
374,"perusteella",15,"FIN"
375,"presidentti",15,"FIN"
376,"puolestaan",15,"FIN"
377,"rahaa",15,"FIN"
378,"takaisin",15,"FIN"
379,"tästä",15,"FIN"
380,"tavalla",15,"FIN"
381,"toinen",15,"FIN"
382,"töitä",15,"FIN"
383,"tulisi",15,"FIN"
384,"viikon",15,"FIN"
385,"vuosina",15,"FIN"
386,"100",14,"FIN"
387,"19",14,"FIN"
388,"alusta",14,"FIN"
389,"asti",14,"FIN"
390,"eilen",14,"FIN"
391,"ensin",14,"FIN"
392,"ihminen",14,"FIN"
393,"jatkossa",14,"FIN"
394,"johtaa",14,"FIN"
395,"joku",14,"FIN"
396,"kangasalan",14,"FIN"
397,"käyttöön",14,"FIN"
398,"kuukauden",14,"FIN"
399,"lähtien",14,"FIN"
400,"läpi",14,"FIN"
401,"myöskään",14,"FIN"
402,"myötä",14,"FIN"
403,"nuorten",14,"FIN"
404,"olevansa",14,"FIN"
405,"osalta",14,"FIN"
406,"oulun",14,"FIN"
407,"päästä",14,"FIN"
408,"sellainen",14,"FIN"
409,"selvästi",14,"FIN"
410,"suurin",14,"FIN"
411,"täällä",14,"FIN"
412,"tapahtuu",14,"FIN"
413,"toisen",14,"FIN"
414,"usein",14,"FIN"
415,"useita",14,"FIN"
416,"vaatii",14,"FIN"
417,"välttämättä",14,"FIN"
418,"varsinais",14,"FIN"
419,"verran",14,"FIN"
420,"yhtiön",14,"FIN"
421,"2020",13,"FIN"
422,"aivan",13,"FIN"
423,"britannian",13,"FIN"
424,"edessä",13,"FIN"
425,"entisen",13,"FIN"
426,"hänellä",13,"FIN"
427,"hänet",13,"FIN"
428,"hinta",13,"FIN"
429,"hyvää",13,"FIN"
430,"joiden",13,"FIN"
431,"jota",13,"FIN"
432,"joutsan",13,"FIN"
433,"kahdeksan",13,"FIN"
434,"kaikille",13,"FIN"
435,"kesän",13,"FIN"
436,"keskustan",13,"FIN"
437,"kiinan",13,"FIN"
438,"kuuluu",13,"FIN"
439,"lähellä",13,"FIN"
440,"lapin",13,"FIN"
441,"löytyy",13,"FIN"
442,"maata",13,"FIN"
443,"monet",13,"FIN"
444,"niistä",13,"FIN"
445,"saadaan",13,"FIN"
446,"saattavat",13,"FIN"
447,"samaan",13,"FIN"
448,"sijaan",13,"FIN"
449,"silti",13,"FIN"
450,"sodan",13,"FIN"
451,"todennäköisesti",13,"FIN"
452,"toiseksi",13,"FIN"
453,"vähän",13,"FIN"
454,"vai",13,"FIN"
455,"verrattuna",13,"FIN"
456,"viisi",13,"FIN"
457,"yleensä",13,"FIN"
458,"14",12,"FIN"
459,"17",12,"FIN"
460,"ainoa",12,"FIN"
461,"alan",12,"FIN"
462,"alkavat",12,"FIN"
463,"aloittaa",12,"FIN"
464,"emme",12,"FIN"
465,"energian",12,"FIN"
466,"entistä",12,"FIN"
467,"erässä",12,"FIN"
468,"esille",12,"FIN"
469,"heillä",12,"FIN"
470,"heitä",12,"FIN"
471,"helmikuussa",12,"FIN"
472,"ihmisen",12,"FIN"
473,"inflaatio",12,"FIN"
474,"jotain",12,"FIN"
475,"kävi",12,"FIN"
476,"käy",12,"FIN"
477,"liikenteen",12,"FIN"
478,"liittyvät",12,"FIN"
479,"maalia",12,"FIN"
480,"maiden",12,"FIN"
481,"marraskuussa",12,"FIN"
482,"meille",12,"FIN"
483,"melko",12,"FIN"
484,"minä",12,"FIN"
485,"muista",12,"FIN"
486,"näitä",12,"FIN"
487,"odottaa",12,"FIN"
488,"ongelmia",12,"FIN"
489,"ottanut",12,"FIN"
490,"ottelun",12,"FIN"
491,"ottelussa",12,"FIN"
492,"pääsi",12,"FIN"
493,"paikka",12,"FIN"
494,"poliisin",12,"FIN"
495,"rajan",12,"FIN"
496,"siksi",12,"FIN"
497,"silloin",12,"FIN"
498,"tietysti",12,"FIN"
499,"toimii",12,"FIN"
500,"tule",12,"FIN"
501,"työtä",12,"FIN"
502,"vuodesta",12,"FIN"
503,"2017",11,"FIN"
504,"alla",11,"FIN"
505,"antoi",11,"FIN"
506,"asiaa",11,"FIN"
507,"eduskunnan",11,"FIN"
508,"erilaisia",11,"FIN"
509,"erityisen",11,"FIN"
510,"häntä",11,"FIN"
511,"henkilöä",11,"FIN"
512,"heti",11,"FIN"
513,"huolimatta",11,"FIN"
514,"itsensä",11,"FIN"
515,"jatkuu",11,"FIN"
516,"johtaja",11,"FIN"
517,"jolla",11,"FIN"
518,"keskimäärin",11,"FIN"
519,"keväänä",11,"FIN"
520,"kirjoittaa",11,"FIN"
521,"klo",11,"FIN"
522,"kokonaan",11,"FIN"
523,"lähteä",11,"FIN"
524,"laittaa",11,"FIN"
525,"luvun",11,"FIN"
526,"maassa",11,"FIN"
527,"mahdollisesti",11,"FIN"
528,"merkitys",11,"FIN"
529,"mihin",11,"FIN"
530,"miljoonan",11,"FIN"
531,"minulla",11,"FIN"
532,"mukanaan",11,"FIN"
533,"muuta",11,"FIN"
534,"muuttaa",11,"FIN"
535,"päättää",11,"FIN"
536,"päätti",11,"FIN"
537,"paikan",11,"FIN"
538,"päivässä",11,"FIN"
539,"pelannut",11,"FIN"
540,"pelin",11,"FIN"
541,"pistettä",11,"FIN"
542,"pohtii",11,"FIN"
543,"puolesta",11,"FIN"
544,"puolet",11,"FIN"
545,"sanoa",11,"FIN"
546,"sanomat",11,"FIN"
547,"siirtyy",11,"FIN"
548,"sm",11,"FIN"
549,"tarkoittaa",11,"FIN"
550,"tarvitse",11,"FIN"
551,"tietää",11,"FIN"
552,"tilanteessa",11,"FIN"
553,"todella",11,"FIN"
554,"turun",11,"FIN"
555,"vähemmän",11,"FIN"
556,"vapaa",11,"FIN"
557,"varmasti",11,"FIN"
558,"yhdeksän",11,"FIN"
559,"ylen",11,"FIN"
560,"yliopiston",11,"FIN"
561,"yritysten",11,"FIN"
562,"2023",10,"FIN"
563,"24",10,"FIN"
564,"300",10,"FIN"
565,"40",10,"FIN"
566,"80",10,"FIN"
567,"a",10,"FIN"
568,"alkanut",10,"FIN"
569,"aloitti",10,"FIN"
570,"anna",10,"FIN"
571,"asian",10,"FIN"
572,"auton",10,"FIN"
573,"auttaa",10,"FIN"
574,"em",10,"FIN"
575,"ensimmäisenä",10,"FIN"
576,"halua",10,"FIN"
577,"haluavat",10,"FIN"
578,"heistä",10,"FIN"
579,"huhtikuussa",10,"FIN"
580,"jäänyt",10,"FIN"
581,"järjestää",10,"FIN"
582,"joukkue",10,"FIN"
583,"joukkueen",10,"FIN"
584,"kaiken",10,"FIN"
585,"kaikilla",10,"FIN"
586,"kannalta",10,"FIN"
587,"kantaa",10,"FIN"
588,"kasvoi",10,"FIN"
589,"keskellä",10,"FIN"
590,"keskustella",10,"FIN"
591,"keväällä",10,"FIN"
592,"kilometrin",10,"FIN"
593,"kokenut",10,"FIN"
594,"kolmannen",10,"FIN"
595,"korostaa",10,"FIN"
596,"koulun",10,"FIN"
597,"mika",10,"FIN"
598,"molemmat",10,"FIN"
599,"muuttunut",10,"FIN"
600,"naiset",10,"FIN"
601,"new",10,"FIN"
602,"nykyään",10,"FIN"
603,"ottelua",10,"FIN"
604,"päällä",10,"FIN"
605,"päätöksen",10,"FIN"
606,"päivää",10,"FIN"
607,"paras",10,"FIN"
608,"pelasi",10,"FIN"
609,"peräti",10,"FIN"
610,"pian",10,"FIN"
611,"saattaa",10,"FIN"
612,"saatu",10,"FIN"
613,"saavat",10,"FIN"
614,"seitsemän",10,"FIN"
615,"seudun",10,"FIN"
616,"siten",10,"FIN"
617,"stt",10,"FIN"
618,"suhteen",10,"FIN"
619,"suomea",10,"FIN"
620,"suuria",10,"FIN"
621,"takana",10,"FIN"
622,"tapaan",10,"FIN"
623,"tarkoitus",10,"FIN"
624,"tarvitsee",10,"FIN"
625,"tekemään",10,"FIN"
626,"tiedossa",10,"FIN"
627,"tietoa",10,"FIN"
628,"tilannetta",10,"FIN"
629,"toiminnan",10,"FIN"
630,"toiminta",10,"FIN"
631,"tuntia",10,"FIN"
632,"ulkopuolella",10,"FIN"
633,"vähintään",10,"FIN"
634,"vaiheessa",10,"FIN"
635,"vaikea",10,"FIN"
636,"vastaa",10,"FIN"
637,"vei",10,"FIN"
638,"voinut",10,"FIN"
639,"vuotias",10,"FIN"
640,"27",9,"FIN"
641,"500",9,"FIN"
642,"70",9,"FIN"
643,"ainakaan",9,"FIN"
644,"akaan",9,"FIN"
645,"alueelle",9,"FIN"
646,"asiat",9,"FIN"
647,"auto",9,"FIN"
648,"avulla",9,"FIN"
649,"edustaa",9,"FIN"
650,"englannin",9,"FIN"
651,"entinen",9,"FIN"
652,"erän",9,"FIN"
653,"euroopassa",9,"FIN"
654,"hänestä",9,"FIN"
655,"helsingissä",9,"FIN"
656,"hintojen",9,"FIN"
657,"huhtikuun",9,"FIN"
658,"huomenna",9,"FIN"
659,"huomioon",9,"FIN"
660,"hyökkäys",9,"FIN"
661,"hyväksi",9,"FIN"
662,"joilla",9,"FIN"
663,"jonkin",9,"FIN"
664,"jossain",9,"FIN"
665,"joutui",9,"FIN"
666,"jumalan",9,"FIN"
667,"karjalan",9,"FIN"
668,"kehityksen",9,"FIN"
669,"kesken",9,"FIN"
670,"kevään",9,"FIN"
671,"kilometriä",9,"FIN"
672,"kirjoittaja",9,"FIN"
673,"koronan",9,"FIN"
674,"kukaan",9,"FIN"
675,"kuntien",9,"FIN"
676,"lain",9,"FIN"
677,"liki",9,"FIN"
678,"lukien",9,"FIN"
679,"luvassa",9,"FIN"
680,"mahdollisuus",9,"FIN"
681,"maissa",9,"FIN"
682,"meitä",9,"FIN"
683,"mikäli",9,"FIN"
684,"muualla",9,"FIN"
685,"muutama",9,"FIN"
686,"muutaman",9,"FIN"
687,"muuten",9,"FIN"
688,"nähtiin",9,"FIN"
689,"näkee",9,"FIN"
690,"nostaa",9,"FIN"
691,"nousussa",9,"FIN"
692,"oikeus",9,"FIN"
693,"olemaan",9,"FIN"
694,"olemme",9,"FIN"
695,"omasta",9,"FIN"
696,"osuus",9,"FIN"
697,"palasi",9,"FIN"
698,"parhaillaan",9,"FIN"
699,"parin",9,"FIN"
700,"perhe",9,"FIN"
701,"pitänyt",9,"FIN"
702,"pitkä",9,"FIN"
703,"puhua",9,"FIN"
704,"ranskan",9,"FIN"
705,"ruokaa",9,"FIN"
706,"ruotsin",9,"FIN"
707,"s",9,"FIN"
708,"saaneet",9,"FIN"
709,"saisi",9,"FIN"
710,"saksassa",9,"FIN"
711,"samaa",9,"FIN"
712,"sarjan",9,"FIN"
713,"sellaista",9,"FIN"
714,"siirtyi",9,"FIN"
715,"sijaitsee",9,"FIN"
716,"sosiaali",9,"FIN"
717,"suuren",9,"FIN"
718,"syksyllä",9,"FIN"
719,"syytä",9,"FIN"
720,"tahansa",9,"FIN"
721,"toukokuuta",9,"FIN"
722,"tunnetaan",9,"FIN"
723,"tuolloin",9,"FIN"
724,"tv",9,"FIN"
725,"työ",9,"FIN"
726,"työskennellyt",9,"FIN"
727,"uudelleen",9,"FIN"
728,"vaikeaa",9,"FIN"
729,"vanhan",9,"FIN"
730,"varrella",9,"FIN"
731,"viiden",9,"FIN"
732,"vuoteen",9,"FIN"
733,"yksin",9,"FIN"
734,"ymmärtää",9,"FIN"
735,"ympäri",9,"FIN"
736,"200",8,"FIN"
737,"2000",8,"FIN"
738,"28",8,"FIN"
739,"29",8,"FIN"
740,"45",8,"FIN"
741,"aikaisemmin",8,"FIN"
742,"alue",8,"FIN"
743,"aluksi",8,"FIN"
744,"antti",8,"FIN"
745,"arvion",8,"FIN"
746,"asiassa",8,"FIN"
747,"asteen",8,"FIN"
748,"elokuuta",8,"FIN"
749,"elokuvan",8,"FIN"
750,"ely",8,"FIN"
751,"ensimmäiset",8,"FIN"
752,"esiintyy",8,"FIN"
753,"esittää",8,"FIN"
754,"esitti",8,"FIN"
755,"hakea",8,"FIN"
756,"hankkeen",8,"FIN"
757,"heille",8,"FIN"
758,"helposti",8,"FIN"
759,"henkilö",8,"FIN"
760,"huomiota",8,"FIN"
761,"ikään",8,"FIN"
762,"iski",8,"FIN"
763,"itseään",8,"FIN"
764,"järjestön",8,"FIN"
765,"joukko",8,"FIN"
766,"joutuu",8,"FIN"
767,"jussi",8,"FIN"
768,"kansan",8,"FIN"
769,"kappaletta",8,"FIN"
770,"käräjäoikeus",8,"FIN"
771,"kasvaa",8,"FIN"
772,"käydään",8,"FIN"
773,"kerta",8,"FIN"
774,"kertoa",8,"FIN"
775,"kesällä",8,"FIN"
776,"kesänä",8,"FIN"
777,"keski",8,"FIN"
778,"keskustassa",8,"FIN"
779,"kestää",8,"FIN"
780,"kisoissa",8,"FIN"
781,"kokoomuksen",8,"FIN"
782,"kommentoi",8,"FIN"
783,"kuuden",8,"FIN"
784,"kuva",8,"FIN"
785,"kysymys",8,"FIN"
786,"laaja",8,"FIN"
787,"länsi",8,"FIN"
788,"liittyviä",8,"FIN"
789,"lisääntynyt",8,"FIN"
790,"loimaalla",8,"FIN"
791,"lokakuun",8,"FIN"
792,"löytyi",8,"FIN"
793,"maahan",8,"FIN"
794,"maalin",8,"FIN"
795,"maalivahti",8,"FIN"
796,"marinin",8,"FIN"
797,"mielestään",8,"FIN"
798,"miljardia",8,"FIN"
799,"minkä",8,"FIN"
800,"minulle",8,"FIN"
801,"minun",8,"FIN"
802,"monen",8,"FIN"
803,"näistä",8,"FIN"
804,"naton",8,"FIN"
805,"normaalisti",8,"FIN"
806,"oikein",8,"FIN"
807,"olevien",8,"FIN"
808,"ollaan",8,"FIN"
809,"osaa",8,"FIN"
810,"päähän",8,"FIN"
811,"päässä",8,"FIN"
812,"paitsi",8,"FIN"
813,"päivittäin",8,"FIN"
814,"pallon",8,"FIN"
815,"pisteen",8,"FIN"
816,"puolella",8,"FIN"
817,"puolen",8,"FIN"
818,"puoli",8,"FIN"
819,"riitä",8,"FIN"
820,"saatiin",8,"FIN"
821,"sijaitsevan",8,"FIN"
822,"sopimuksen",8,"FIN"
823,"syntyi",8,"FIN"
824,"syntynyt",8,"FIN"
825,"syyskuuta",8,"FIN"
826,"talon",8,"FIN"
827,"tapahtuma",8,"FIN"
828,"tapahtumia",8,"FIN"
829,"tarpeeksi",8,"FIN"
830,"terveydenhuollon",8,"FIN"
831,"the",8,"FIN"
832,"tiedä",8,"FIN"
833,"tieto",8,"FIN"
834,"tilanteen",8,"FIN"
835,"tilanteesta",8,"FIN"
836,"töihin",8,"FIN"
837,"toimintaa",8,"FIN"
838,"toimitusjohtaja",8,"FIN"
839,"toisessa",8,"FIN"
840,"tukea",8,"FIN"
841,"tuki",8,"FIN"
842,"tulevaisuudessa",8,"FIN"
843,"ukrainassa",8,"FIN"
844,"uskoo",8,"FIN"
845,"uudet",8,"FIN"
846,"vahvistaa",8,"FIN"
847,"viikonloppuna",8,"FIN"
848,"voimassa",8,"FIN"
849,"yrittää",8,"FIN"
850,"400",7,"FIN"
851,"aiempaa",7,"FIN"
852,"aikoo",7,"FIN"
853,"ajalla",7,"FIN"
854,"ajatus",7,"FIN"
855,"alueilla",7,"FIN"
856,"alun",7,"FIN"
857,"asioista",7,"FIN"
858,"ehti",7,"FIN"
859,"elämää",7,"FIN"
860,"entisestään",7,"FIN"
861,"esillä",7,"FIN"
862,"esitys",7,"FIN"
863,"euroon",7,"FIN"
864,"fortum",7,"FIN"
865,"hallinto",7,"FIN"
866,"hehtaaria",7,"FIN"
867,"heinäkuussa",7,"FIN"
868,"helppo",7,"FIN"
869,"hifk",7,"FIN"
870,"huoli",7,"FIN"
871,"huolissaan",7,"FIN"
872,"huomauttaa",7,"FIN"
873,"hyökkäyksen",7,"FIN"
874,"hyviä",7,"FIN"
875,"iisalmen",7,"FIN"
876,"italian",7,"FIN"
877,"jäävät",7,"FIN"
878,"jäivät",7,"FIN"
879,"jakaa",7,"FIN"
880,"järjestettiin",7,"FIN"
881,"jeesuksen",7,"FIN"
882,"johtajan",7,"FIN"
883,"jokainen",7,"FIN"
884,"joulukuussa",7,"FIN"
885,"juho",7,"FIN"
886,"jyväskylän",7,"FIN"
887,"kaikkia",7,"FIN"
888,"kärppien",7,"FIN"
889,"kaupungissa",7,"FIN"
890,"kausi",7,"FIN"
891,"käynnissä",7,"FIN"
892,"kelan",7,"FIN"
893,"kesäkuun",7,"FIN"
894,"kisat",7,"FIN"
895,"kunnat",7,"FIN"
896,"kuoli",7,"FIN"
897,"kuollut",7,"FIN"
898,"kuvaa",7,"FIN"
899,"kuvailee",7,"FIN"
900,"kymmeniä",7,"FIN"
901,"laki",7,"FIN"
902,"laskuun",7,"FIN"
903,"läsnä",7,"FIN"
904,"lehden",7,"FIN"
905,"lempäälän",7,"FIN"
906,"lokakuuta",7,"FIN"
907,"lopulla",7,"FIN"
908,"lopussa",7,"FIN"
909,"lp",7,"FIN"
910,"lukuisia",7,"FIN"
911,"luonnon",7,"FIN"
912,"mennä",7,"FIN"
913,"mennyt",7,"FIN"
914,"metrin",7,"FIN"
915,"miehet",7,"FIN"
916,"mielessä",7,"FIN"
917,"mikään",7,"FIN"
918,"millaisia",7,"FIN"
919,"minusta",7,"FIN"
920,"monessa",7,"FIN"
921,"monia",7,"FIN"
922,"monissa",7,"FIN"
923,"mukaisesti",7,"FIN"
924,"muu",7,"FIN"
925,"nähdään",7,"FIN"
926,"näiden",7,"FIN"
927,"näissä",7,"FIN"
928,"näki",7,"FIN"
929,"näkyy",7,"FIN"
930,"nimittäin",7,"FIN"
931,"norjan",7,"FIN"
932,"nuorta",7,"FIN"
933,"odotetaan",7,"FIN"
934,"ohella",7,"FIN"
935,"oleva",7,"FIN"
936,"omaa",7,"FIN"
937,"ongelma",7,"FIN"
938,"osoittaa",7,"FIN"
939,"pääministeri",7,"FIN"
940,"pääosin",7,"FIN"
941,"päättänyt",7,"FIN"
942,"päätteeksi",7,"FIN"
943,"päättyi",7,"FIN"
944,"päättyy",7,"FIN"
945,"paikalla",7,"FIN"
946,"palvelut",7,"FIN"
947,"pari",7,"FIN"
948,"peliä",7,"FIN"
949,"puolue",7,"FIN"
950,"puolueen",7,"FIN"
951,"putinin",7,"FIN"
952,"rakentaa",7,"FIN"
953,"ruotsi",7,"FIN"
954,"sää",7,"FIN"
955,"saivat",7,"FIN"
956,"sekuntia",7,"FIN"
957,"seurakunnan",7,"FIN"
958,"sisällä",7,"FIN"
959,"sosiaalisen",7,"FIN"
960,"stä",7,"FIN"
961,"suomalainen",7,"FIN"
962,"suomalaisen",7,"FIN"
963,"tällaista",7,"FIN"
964,"tampereen",7,"FIN"
965,"tapahtuman",7,"FIN"
966,"tarvitaan",7,"FIN"
967,"tavoin",7,"FIN"
968,"täytyy",7,"FIN"
969,"tehneensä",7,"FIN"
970,"tiedetään",7,"FIN"
971,"tietoja",7,"FIN"
972,"tietojen",7,"FIN"
973,"toimi",7,"FIN"
974,"toimiva",7,"FIN"
975,"toisella",7,"FIN"
976,"toteuttaa",7,"FIN"
977,"tuhansia",7,"FIN"
978,"tunnin",7,"FIN"
979,"tuntuu",7,"FIN"
980,"työntekijät",7,"FIN"
981,"ukraina",7,"FIN"
982,"usko",7,"FIN"
983,"vaaleissa",7,"FIN"
984,"valittiin",7,"FIN"
985,"valtion",7,"FIN"
986,"vesi",7,"FIN"
987,"viimeinen",7,"FIN"
988,"viimeistään",7,"FIN"
989,"vuodelle",7,"FIN"
990,"vuosien",7,"FIN"
991,"yhdysvalloissa",7,"FIN"
992,"yritys",7,"FIN"
993,"34",6,"FIN"
994,"35",6,"FIN"
995,"37",6,"FIN"
996,"800",6,"FIN"
997,"90",6,"FIN"
998,"aamulla",6,"FIN"
999,"aikoina",6,"FIN"
1000,"aikojen",6,"FIN"
1001,"ala",6,"FIN"
1002,"älä",6,"FIN"
1003,"alueiden",6,"FIN"
1004,"asukkaiden",6,"FIN"
1005,"asukkaita",6,"FIN"
1006,"auki",6,"FIN"
1007,"autoa",6,"FIN"
1008,"auttanut",6,"FIN"
1009,"edellisen",6,"FIN"
1010,"eduskunnassa",6,"FIN"
1011,"elämästä",6,"FIN"
1012,"elokuussa",6,"FIN"
1013,"elokuva",6,"FIN"
1014,"energiaa",6,"FIN"
1015,"ensimmäisessä",6,"FIN"
1016,"ero",6,"FIN"
1017,"esitetään",6,"FIN"
1018,"eteenpäin",6,"FIN"
1019,"etukäteen",6,"FIN"
1020,"google",6,"FIN"
1021,"haastattelussa",6,"FIN"
1022,"haaviston",6,"FIN"
1023,"haetaan",6,"FIN"
1024,"haluaisi",6,"FIN"
1025,"haluan",6,"FIN"
1026,"halunnut",6,"FIN"
1027,"hanna",6,"FIN"
1028,"helppoa",6,"FIN"
1029,"hetken",6,"FIN"
1030,"hiljattain",6,"FIN"
1031,"hintoja",6,"FIN"
1032,"hoitoa",6,"FIN"
1033,"huono",6,"FIN"
1034,"hyvinvoinnin",6,"FIN"
1035,"hyvinvointialueen",6,"FIN"
1036,"ikinä",6,"FIN"
1037,"ilmatieteen",6,"FIN"
1038,"ilmoittanut",6,"FIN"
1039,"ilmoitti",6,"FIN"
1040,"iltapäivällä",6,"FIN"
1041,"iranin",6,"FIN"
1042,"itselleen",6,"FIN"
1043,"jakoi",6,"FIN"
1044,"jakson",6,"FIN"
1045,"jäljellä",6,"FIN"
1046,"jalkapallon",6,"FIN"
1047,"janne",6,"FIN"
1048,"jatkoi",6,"FIN"
1049,"jatkuvasti",6,"FIN"
1050,"jättää",6,"FIN"
1051,"jokaisen",6,"FIN"
1052,"joutunut",6,"FIN"
1053,"jutussa",6,"FIN"
1054,"kahdessa",6,"FIN"
1055,"kaikissa",6,"FIN"
1056,"kaikista",6,"FIN"
1057,"kaikkein",6,"FIN"
1058,"kansanedustaja",6,"FIN"
1059,"kari",6,"FIN"
1060,"kasvua",6,"FIN"
1061,"käynyt",6,"FIN"
1062,"käytössä",6,"FIN"
1063,"keräsi",6,"FIN"
1064,"kerrottiin",6,"FIN"
1065,"keskuksen",6,"FIN"
1066,"kiitos",6,"FIN"
1067,"kiloa",6,"FIN"
1068,"kohtaan",6,"FIN"
1069,"kohteita",6,"FIN"
1070,"korkealla",6,"FIN"
1071,"koronaa",6,"FIN"
1072,"koskee",6,"FIN"
1073,"kotiin",6,"FIN"
1074,"kotona",6,"FIN"
1075,"kova",6,"FIN"
1076,"kunnes",6,"FIN"
1077,"kuukautta",6,"FIN"
1078,"kuvan",6,"FIN"
1079,"lahden",6,"FIN"
1080,"lähtee",6,"FIN"
1081,"lainkaan",6,"FIN"
1082,"lasta",6,"FIN"
1083,"laulaja",6,"FIN"
1084,"lempo",6,"FIN"
1085,"liigan",6,"FIN"
1086,"liikenne",6,"FIN"
1087,"liitto",6,"FIN"
1088,"liittyy",6,"FIN"
1089,"lisäsi",6,"FIN"
1090,"loppua",6,"FIN"
1091,"määrän",6,"FIN"
1092,"matkalla",6,"FIN"
1093,"matti",6,"FIN"
1094,"median",6,"FIN"
1095,"mediassa",6,"FIN"
1096,"merkittävän",6,"FIN"
1097,"merkittävästi",6,"FIN"
1098,"miehiä",6,"FIN"
1099,"miettiä",6,"FIN"
1100,"mikko",6,"FIN"
1101,"millainen",6,"FIN"
1102,"monien",6,"FIN"
1103,"monta",6,"FIN"
1104,"muihin",6,"FIN"
1105,"muutoksia",6,"FIN"
1106,"myymään",6,"FIN"
1107,"myynti",6,"FIN"
1108,"naisia",6,"FIN"
1109,"neuvostoliiton",6,"FIN"
1110,"nhl",6,"FIN"
1111,"nimenomaan",6,"FIN"
1112,"nousee",6,"FIN"
1113,"noussut",6,"FIN"
1114,"nykyistä",6,"FIN"
1115,"olet",6,"FIN"
1116,"olevia",6,"FIN"
1117,"olisivat",6,"FIN"
1118,"olleen",6,"FIN"
1119,"ollen",6,"FIN"
1120,"omassa",6,"FIN"
1121,"onkin",6,"FIN"
1122,"osan",6,"FIN"
1123,"ostaa",6,"FIN"
1124,"oulussa",6,"FIN"
1125,"päälle",6,"FIN"
1126,"päätös",6,"FIN"
1127,"paikalle",6,"FIN"
1128,"päivä",6,"FIN"
1129,"päivänä",6,"FIN"
1130,"palkkaa",6,"FIN"
1131,"pankin",6,"FIN"
1132,"parempi",6,"FIN"
1133,"pekka",6,"FIN"
1134,"pelaajia",6,"FIN"
1135,"pelataan",6,"FIN"
1136,"pidä",6,"FIN"
1137,"pienen",6,"FIN"
1138,"pieni",6,"FIN"
1139,"piiriin",6,"FIN"
1140,"pitkällä",6,"FIN"
1141,"pohjanmaan",6,"FIN"
1142,"poikkeuksellisen",6,"FIN"
1143,"poliisille",6,"FIN"
1144,"pörssi",6,"FIN"
1145,"professori",6,"FIN"
1146,"pyrkii",6,"FIN"
1147,"pyysi",6,"FIN"
1148,"pyytää",6,"FIN"
1149,"ravintola",6,"FIN"
1150,"reilut",6,"FIN"
1151,"riittää",6,"FIN"
1152,"runsaasti",6,"FIN"
1153,"ryhmä",6,"FIN"
1154,"saamaan",6,"FIN"
1155,"sähkön",6,"FIN"
1156,"saksan",6,"FIN"
1157,"saman",6,"FIN"
1158,"sanovat",6,"FIN"
1159,"sdp",6,"FIN"
1160,"sekin",6,"FIN"
1161,"selvää",6,"FIN"
1162,"seuraa",6,"FIN"
1163,"sieltä",6,"FIN"
1164,"sinne",6,"FIN"
1165,"sota",6,"FIN"
1166,"ssa",6,"FIN"
1167,"suhteessa",6,"FIN"
1168,"suomalaisia",6,"FIN"
1169,"syksyn",6,"FIN"
1170,"syy",6,"FIN"
1171,"talouden",6,"FIN"
1172,"tapahtunut",6,"FIN"
1173,"tapauksessa",6,"FIN"
1174,"tarjota",6,"FIN"
1175,"tärkeintä",6,"FIN"
1176,"tarve",6,"FIN"
1177,"tarvetta",6,"FIN"
1178,"tauon",6,"FIN"
1179,"taustalla",6,"FIN"
1180,"tehtiin",6,"FIN"
1181,"tilanteeseen",6,"FIN"
1182,"todettiin",6,"FIN"
1183,"toi",6,"FIN"
1184,"toisin",6,"FIN"
1185,"toisistaan",6,"FIN"
1186,"tullaan",6,"FIN"
1187,"tunne",6,"FIN"
1188,"tuotteita",6,"FIN"
1189,"turkin",6,"FIN"
1190,"turnauksen",6,"FIN"
1191,"twitterissä",6,"FIN"
1192,"työntekijöitä",6,"FIN"
1193,"ukrainaa",6,"FIN"
1194,"ulkopuolelle",6,"FIN"
1195,"unionin",6,"FIN"
1196,"uudenkaupungin",6,"FIN"
1197,"uusista",6,"FIN"
1198,"vaikkapa",6,"FIN"
1199,"vaikutti",6,"FIN"
1200,"valmis",6,"FIN"
1201,"valtaa",6,"FIN"
1202,"varaa",6,"FIN"
1203,"varsin",6,"FIN"
1204,"varsinkin",6,"FIN"
1205,"veden",6,"FIN"
1206,"venäläiset",6,"FIN"
1207,"venäläisten",6,"FIN"
1208,"verkossa",6,"FIN"
1209,"viikonlopun",6,"FIN"
1210,"voit",6,"FIN"
1211,"voiton",6,"FIN"
1212,"voittoon",6,"FIN"
1213,"vuosia",6,"FIN"
1214,"vuosittain",6,"FIN"
1215,"yhteen",6,"FIN"
1216,"00",5,"FIN"
1217,"51",5,"FIN"
1218,"600",5,"FIN"
1219,"65",5,"FIN"
1220,"aho",5,"FIN"
1221,"aiemmat",5,"FIN"
1222,"aiheuttaa",5,"FIN"
1223,"aiheutti",5,"FIN"
1224,"aikanaan",5,"FIN"
1225,"äiti",5,"FIN"
1226,"alas",5,"FIN"
1227,"alkupuolella",5,"FIN"
1228,"alkuvuonna",5,"FIN"
1229,"antanut",5,"FIN"
1230,"antavat",5,"FIN"
1231,"arvio",5,"FIN"
1232,"arvioida",5,"FIN"
1233,"asiakkaita",5,"FIN"
1234,"asioiden",5,"FIN"
1235,"asukkaat",5,"FIN"
1236,"australian",5,"FIN"
1237,"avoin",5,"FIN"
1238,"b",5,"FIN"
1239,"bbc",5,"FIN"
1240,"biden",5,"FIN"
1241,"bidenin",5,"FIN"
1242,"bottas",5,"FIN"
1243,"cs",5,"FIN"
1244,"edellä",5,"FIN"
1245,"eduskuntaan",5,"FIN"
1246,"een",5,"FIN"
1247,"eivätkä",5,"FIN"
1248,"elämän",5,"FIN"
1249,"elokuun",5,"FIN"
1250,"ennakkoon",5,"FIN"
1251,"esityksen",5,"FIN"
1252,"eurolla",5,"FIN"
1253,"finaaliin",5,"FIN"
1254,"halusi",5,"FIN"
1255,"hankkia",5,"FIN"
1256,"hannu",5,"FIN"
1257,"harva",5,"FIN"
1258,"hävisi",5,"FIN"
1259,"heinäkuun",5,"FIN"
1260,"henkistä",5,"FIN"
1261,"hinnan",5,"FIN"
1262,"hintaan",5,"FIN"
1263,"historiaa",5,"FIN"
1264,"hitaasti",5,"FIN"
1265,"hoidetaan",5,"FIN"
1266,"hoidon",5,"FIN"
1267,"hollannin",5,"FIN"
1268,"huolta",5,"FIN"
1269,"huomattavasti",5,"FIN"
1270,"hyvänä",5,"FIN"
1271,"illan",5,"FIN"
1272,"ilmaston",5,"FIN"
1273,"ilmoituksen",5,"FIN"
1274,"investointi",5,"FIN"
1275,"is",5,"FIN"
1276,"isä",5,"FIN"
1277,"istuu",5,"FIN"
1278,"jäädä",5,"FIN"
1279,"jääkiekon",5,"FIN"
1280,"jalonen",5,"FIN"
1281,"jari",5,"FIN"
1282,"järjestämään",5,"FIN"
1283,"järjestämiseen",5,"FIN"
1284,"johdolla",5,"FIN"
1285,"john",5,"FIN"
1286,"johtoon",5,"FIN"
1287,"johtuu",5,"FIN"
1288,"joko",5,"FIN"
1289,"jostain",5,"FIN"
1290,"jotakin",5,"FIN"
1291,"jotkut",5,"FIN"
1292,"joukkueensa",5,"FIN"
1293,"joulukuun",5,"FIN"
1294,"joulukuuta",5,"FIN"
1295,"juha",5,"FIN"
1296,"julkaissut",5,"FIN"
1297,"julkaistu",5,"FIN"
1298,"juttu",5,"FIN"
1299,"juttua",5,"FIN"
1300,"juuso",5,"FIN"
1301,"kaikkea",5,"FIN"
1302,"kansainvälinen",5,"FIN"
1303,"kansainvälisen",5,"FIN"
1304,"kasvu",5,"FIN"
1305,"kasvuun",5,"FIN"
1306,"katso",5,"FIN"
1307,"kaupan",5,"FIN"
1308,"kauppa",5,"FIN"
1309,"kauppojen",5,"FIN"
1310,"kaupungeissa",5,"FIN"
1311,"kaupunginjohtaja",5,"FIN"
1312,"kaupunkiin",5,"FIN"
1313,"käytetään",5,"FIN"
1314,"käytöstä",5,"FIN"
1315,"käyty",5,"FIN"
1316,"keinoin",5,"FIN"
1317,"kertoivat",5,"FIN"
1318,"kesä",5,"FIN"
1319,"keskittyä",5,"FIN"
1320,"keskustelussa",5,"FIN"
1321,"kestävän",5,"FIN"
1322,"ketään",5,"FIN"
1323,"kiinassa",5,"FIN"
1324,"kilpailussa",5,"FIN"
1325,"kirja",5,"FIN"
1326,"kirjoitti",5,"FIN"
1327,"kirkko",5,"FIN"
1328,"kodin",5,"FIN"
1329,"kohdalla",5,"FIN"
1330,"kohtaa",5,"FIN"
1331,"kohteisiin",5,"FIN"
1332,"kolmannessa",5,"FIN"
1333,"konsertin",5,"FIN"
1334,"korhonen",5,"FIN"
1335,"korjattu",5,"FIN"
1336,"koskevan",5,"FIN"
1337,"kotijoukkueen",5,"FIN"
1338,"kotoisin",5,"FIN"
1339,"koulutus",5,"FIN"
1340,"krp",5,"FIN"
1341,"kukisti",5,"FIN"
1342,"kuljettaja",5,"FIN"
1343,"kuningatar",5,"FIN"
1344,"kuoleman",5,"FIN"
1345,"kuoro",5,"FIN"
1346,"kustannusten",5,"FIN"
1347,"kuului",5,"FIN"
1348,"kuvaili",5,"FIN"
1349,"kyseisen",5,"FIN"
1350,"kyselyssä",5,"FIN"
1351,"kysyntää",5,"FIN"
1352,"lähinnä",5,"FIN"
1353,"laitoksen",5,"FIN"
1354,"laji",5,"FIN"
1355,"lapset",5,"FIN"
1356,"lapsi",5,"FIN"
1357,"lasketaan",5,"FIN"
1358,"lauantai",5,"FIN"
1359,"lauantain",5,"FIN"
1360,"lausunnon",5,"FIN"
1361,"lavalle",5,"FIN"
1362,"liikkeen",5,"FIN"
1363,"linjasi",5,"FIN"
1364,"liperin",5,"FIN"
1365,"lippuja",5,"FIN"
1366,"loimaan",5,"FIN"
1367,"löytää",5,"FIN"
1368,"maaliskuun",5,"FIN"
1369,"maaliskuuta",5,"FIN"
1370,"määrin",5,"FIN"
1371,"maat",5,"FIN"
1372,"mahdolliset",5,"FIN"
1373,"mahdollisimman",5,"FIN"
1374,"mahdollistaa",5,"FIN"
1375,"mahdollisuuksia",5,"FIN"
1376,"malli",5,"FIN"
1377,"marin",5,"FIN"
1378,"marko",5,"FIN"
1379,"marraskuun",5,"FIN"
1380,"materiaalia",5,"FIN"
1381,"mattila",5,"FIN"
1382,"merkitystä",5,"FIN"
1383,"mestaruuden",5,"FIN"
1384,"mestaruus",5,"FIN"
1385,"metriä",5,"FIN"
1386,"metsien",5,"FIN"
1387,"microsoftin",5,"FIN"
1388,"mikael",5,"FIN"
1389,"monella",5,"FIN"
1390,"muissa",5,"FIN"
1391,"murto",5,"FIN"
1392,"musiikki",5,"FIN"
1393,"muutokset",5,"FIN"
1394,"muutti",5,"FIN"
1395,"muuttui",5,"FIN"
1396,"myöntää",5,"FIN"
1397,"naisen",5,"FIN"
1398,"näkökulmasta",5,"FIN"
1399,"näkyi",5,"FIN"
1400,"näkynyt",5,"FIN"
1401,"natoon",5,"FIN"
1402,"niihin",5,"FIN"
1403,"nimi",5,"FIN"
1404,"nousta",5,"FIN"
1405,"nuori",5,"FIN"
1406,"nuorilla",5,"FIN"
1407,"nykyisin",5,"FIN"
1408,"ohi",5,"FIN"
1409,"ohjelman",5,"FIN"
1410,"ohjelmassa",5,"FIN"
1411,"oikeasti",5,"FIN"
1412,"oikeuden",5,"FIN"
1413,"omistaa",5,"FIN"
1414,"onnistunut",5,"FIN"
1415,"osui",5,"FIN"
1416,"otettu",5,"FIN"
1417,"pääministerin",5,"FIN"
1418,"päässyt",5,"FIN"
1419,"päätöstä",5,"FIN"
1420,"päätyi",5,"FIN"
1421,"paikoin",5,"FIN"
1422,"parasta",5,"FIN"
1423,"parhaan",5,"FIN"
1424,"pelaa",5,"FIN"
1425,"pelastuslaitoksen",5,"FIN"
1426,"pelissä",5,"FIN"
1427,"pidetään",5,"FIN"
1428,"pirkanmaan",5,"FIN"
1429,"pitkälti",5,"FIN"
1430,"pitkin",5,"FIN"
1431,"presidentin",5,"FIN"
1432,"prosentilla",5,"FIN"
1433,"prosenttiin",5,"FIN"
1434,"puheenjohtajana",5,"FIN"
1435,"puhuu",5,"FIN"
1436,"puoleen",5,"FIN"
1437,"puolivälissä",5,"FIN"
1438,"puolueet",5,"FIN"
1439,"pysty",5,"FIN"
1440,"rajoittaa",5,"FIN"
1441,"rakennettu",5,"FIN"
1442,"rakennuksen",5,"FIN"
1443,"riittävän",5,"FIN"
1444,"riittävästi",5,"FIN"
1445,"ry",5,"FIN"
1446,"saaminen",5,"FIN"
1447,"saattaisi",5,"FIN"
1448,"sanomien",5,"FIN"
1449,"satakunnan",5,"FIN"
1450,"savon",5,"FIN"
1451,"selkeästi",5,"FIN"
1452,"selviää",5,"FIN"
1453,"selvisi",5,"FIN"
1454,"senttiä",5,"FIN"
1455,"seuraavan",5,"FIN"
1456,"seuraavat",5,"FIN"
1457,"seurassa",5,"FIN"
1458,"siirtynyt",5,"FIN"
1459,"sijoittui",5,"FIN"
1460,"sille",5,"FIN"
1461,"sisään",5,"FIN"
1462,"sittemmin",5,"FIN"
1463,"sopimus",5,"FIN"
1464,"sosiaalisessa",5,"FIN"
1465,"suomalaiset",5,"FIN"
1466,"suomesta",5,"FIN"
1467,"suuntaan",5,"FIN"
1468,"syksynä",5,"FIN"
1469,"syystä",5,"FIN"
1470,"taiteilija",5,"FIN"
1471,"takaa",5,"FIN"
1472,"tarjoaa",5,"FIN"
1473,"tarjolla",5,"FIN"
1474,"tärkeää",5,"FIN"
1475,"tärkein",5,"FIN"
1476,"tärkeitä",5,"FIN"
1477,"tavoitteena",5,"FIN"
1478,"tee",5,"FIN"
1479,"teemu",5,"FIN"
1480,"tehneet",5,"FIN"
1481,"tehtävä",5,"FIN"
1482,"tekemistä",5,"FIN"
1483,"thl",5,"FIN"
1484,"tilalle",5,"FIN"
1485,"tilasta",5,"FIN"
1486,"tilat",5,"FIN"
1487,"todetaan",5,"FIN"
1488,"toimintaansa",5,"FIN"
1489,"toimivat",5,"FIN"
1490,"toiselle",5,"FIN"
1491,"toista",5,"FIN"
1492,"toisten",5,"FIN"
1493,"tosi",5,"FIN"
1494,"toukokuun",5,"FIN"
1495,"tps",5,"FIN"
1496,"tuloja",5,"FIN"
1497,"tulos",5,"FIN"
1498,"tuovat",5,"FIN"
1499,"turussa",5,"FIN"
1500,"tuskin",5,"FIN"
1501,"tutkii",5,"FIN"
1502,"tutustua",5,"FIN"
1503,"tyytyväinen",5,"FIN"
1504,"ukrainalle",5,"FIN"
1505,"ulkona",5,"FIN"
1506,"ulos",5,"FIN"
1507,"useat",5,"FIN"
1508,"uudenmaan",5,"FIN"
1509,"uudessa",5,"FIN"
1510,"vähentää",5,"FIN"
1511,"vahva",5,"FIN"
1512,"vaikuttanut",5,"FIN"
1513,"vakka",5,"FIN"
1514,"välittömästi",5,"FIN"
1515,"valko",5,"FIN"
1516,"valmentajan",5,"FIN"
1517,"valmiiksi",5,"FIN"
1518,"varmaan",5,"FIN"
1519,"vastaava",5,"FIN"
1520,"vastasi",5,"FIN"
1521,"vauhtia",5,"FIN"
1522,"venäjälle",5,"FIN"
1523,"venäjältä",5,"FIN"
1524,"videolla",5,"FIN"
1525,"viikkoa",5,"FIN"
1526,"viimeisen",5,"FIN"
1527,"voida",5,"FIN"
1528,"voimaan",5,"FIN"
1529,"voimme",5,"FIN"
1530,"voisivat",5,"FIN"
1531,"voitaisiin",5,"FIN"
1532,"voittaa",5,"FIN"
1533,"vuodelta",5,"FIN"
1534,"vuotiaan",5,"FIN"
1535,"vuotiaana",5,"FIN"
1536,"vuotiaiden",5,"FIN"
1537,"yhdellä",5,"FIN"
1538,"yhdistyksen",5,"FIN"
1539,"yhdysvallat",5,"FIN"
1540,"yhdysvaltojen",5,"FIN"
1541,"yk",5,"FIN"
1542,"yksittäinen",5,"FIN"
1543,"ylelle",5,"FIN"
1544,"ylitti",5,"FIN"
1545,"ymmärrä",5,"FIN"
1546,"yrittäjä",5,"FIN"
1547,"120",4,"FIN"
1548,"130",4,"FIN"
1549,"2001",4,"FIN"
1550,"2007",4,"FIN"
1551,"2015",4,"FIN"
1552,"2018",4,"FIN"
1553,"2024",4,"FIN"
1554,"250",4,"FIN"
1555,"26",4,"FIN"
1556,"52",4,"FIN"
1557,"54",4,"FIN"
1558,"ääniä",4,"FIN"
1559,"aasiassa",4,"FIN"
1560,"aiheesta",4,"FIN"
1561,"aikataulusta",4,"FIN"
1562,"aikuisten",4,"FIN"
1563,"ajaa",4,"FIN"
1564,"ajanut",4,"FIN"
1565,"ajoin",4,"FIN"
1566,"al",4,"FIN"
1567,"alkoivat",4,"FIN"
1568,"alkuvuodesta",4,"FIN"
1569,"aluetta",4,"FIN"
1570,"aluevaalien",4,"FIN"
1571,"anne",4,"FIN"
1572,"annettiin",4,"FIN"
1573,"ansiosta",4,"FIN"
1574,"anu",4,"FIN"
1575,"apuun",4,"FIN"
1576,"arjen",4,"FIN"
1577,"arvioiden",4,"FIN"
1578,"arvo",4,"FIN"
1579,"aseita",4,"FIN"
1580,"asemassa",4,"FIN"
1581,"asetettu",4,"FIN"
1582,"asiakkaan",4,"FIN"
1583,"asiantuntija",4,"FIN"
1584,"asioissa",4,"FIN"
1585,"astetta",4,"FIN"
1586,"asunnot",4,"FIN"
1587,"asuvat",4,"FIN"
1588,"autojen",4,"FIN"
1589,"avaa",4,"FIN"
1590,"avi",4,"FIN"
1591,"avun",4,"FIN"
1592,"belgian",4,"FIN"
1593,"britannia",4,"FIN"
1594,"dallas",4,"FIN"
1595,"de",4,"FIN"
1596,"djokovic",4,"FIN"
1597,"donetskin",4,"FIN"
1598,"eduksi",4,"FIN"
1599,"eduskunta",4,"FIN"
1600,"edustaja",4,"FIN"
1601,"eetu",4,"FIN"
1602,"ehtinyt",4,"FIN"
1603,"elää",4,"FIN"
1604,"elämään",4,"FIN"
1605,"elokuvassa",4,"FIN"
1606,"enemmänkin",4,"FIN"
1607,"energia",4,"FIN"
1608,"energiateollisuuden",4,"FIN"
1609,"enintään",4,"FIN"
1610,"ennestään",4,"FIN"
1611,"ensimmäisten",4,"FIN"
1612,"entä",4,"FIN"
1613,"epäillään",4,"FIN"
1614,"erään",4,"FIN"
1615,"erilaiset",4,"FIN"
1616,"erottaa",4,"FIN"
1617,"et",4,"FIN"
1618,"eteen",4,"FIN"
1619,"etelän",4,"FIN"
1620,"etsii",4,"FIN"
1621,"etteivät",4,"FIN"
1622,"f1",4,"FIN"
1623,"facebook",4,"FIN"
1624,"fc",4,"FIN"
1625,"festivaali",4,"FIN"
1626,"group",4,"FIN"
1627,"haasteita",4,"FIN"
1628,"haittaa",4,"FIN"
1629,"hakemaan",4,"FIN"
1630,"hankkeessa",4,"FIN"
1631,"heikkinen",4,"FIN"
1632,"heinäkuuta",4,"FIN"
1633,"heliövaara",4,"FIN"
1634,"helmikuun",4,"FIN"
1635,"helsinki",4,"FIN"
1636,"henkilöstö",4,"FIN"
1637,"henkilöstön",4,"FIN"
1638,"henkisesti",4,"FIN"
1639,"herättänyt",4,"FIN"
1640,"hintaa",4,"FIN"
1641,"historian",4,"FIN"
1642,"hoitaa",4,"FIN"
1643,"hpk",4,"FIN"
1644,"huolehtia",4,"FIN"
1645,"huomaamatta",4,"FIN"
1646,"hyödyntää",4,"FIN"
1647,"hyvällä",4,"FIN"
1648,"hyvän",4,"FIN"
1649,"hyvät",4,"FIN"
1650,"hyvinkin",4,"FIN"
1651,"hyvinvointialueelle",4,"FIN"
1652,"ilkka",4,"FIN"
1653,"illalla",4,"FIN"
1654,"ilmenee",4,"FIN"
1655,"ilta",4,"FIN"
1656,"ipcc",4,"FIN"
1657,"irti",4,"FIN"
1658,"ison",4,"FIN"
1659,"isot",4,"FIN"
1660,"itseni",4,"FIN"
1661,"järjestelmä",4,"FIN"
1662,"jäsen",4,"FIN"
1663,"jäseniä",4,"FIN"
1664,"jatkoa",4,"FIN"
1665,"jatkuvat",4,"FIN"
1666,"jättänyt",4,"FIN"
1667,"jesse",4,"FIN"
1668,"johdosta",4,"FIN"
1669,"johtanut",4,"FIN"
1670,"johto",4,"FIN"
1671,"joidenkin",4,"FIN"
1672,"jokaisessa",4,"FIN"
1673,"jokin",4,"FIN"
1674,"jonne",4,"FIN"
1675,"joudumme",4,"FIN"
1676,"joukkojen",4,"FIN"
1677,"joukkoon",4,"FIN"
1678,"joukossa",4,"FIN"
1679,"jukka",4,"FIN"
1680,"julkisuudessa",4,"FIN"
1681,"julkisuuteen",4,"FIN"
1682,"jumala",4,"FIN"
1683,"jutun",4,"FIN"
1684,"jyske",4,"FIN"
1685,"kaakkois",4,"FIN"
1686,"kääntyi",4,"FIN"
1687,"kaasun",4,"FIN"
1688,"kaava",4,"FIN"
1689,"kahdesta",4,"FIN"
1690,"kahta",4,"FIN"
1691,"kahvila",4,"FIN"
1692,"kaikesta",4,"FIN"
1693,"kaikkiin",4,"FIN"
1694,"kaksinkertainen",4,"FIN"
1695,"kangasala",4,"FIN"
1696,"kangasalla",4,"FIN"
1697,"kannata",4,"FIN"
1698,"kansallisen",4,"FIN"
1699,"kanta",4,"FIN"
1700,"käräjäoikeuden",4,"FIN"
1701,"käsittelee",4,"FIN"
1702,"käsittely",4,"FIN"
1703,"kasvanut",4,"FIN"
1704,"kasvun",4,"FIN"
1705,"katsomaan",4,"FIN"
1706,"katsoo",4,"FIN"
1707,"kauan",4,"FIN"
1708,"kaukana",4,"FIN"
1709,"kaupunkia",4,"FIN"
1710,"käynnistynyt",4,"FIN"
1711,"käytännön",4,"FIN"
1712,"käyttö",4,"FIN"
1713,"kehittää",4,"FIN"
1714,"kehitys",4,"FIN"
1715,"keino",4,"FIN"
1716,"keittiössä",4,"FIN"
1717,"kenen",4,"FIN"
1718,"kerrottu",4,"FIN"
1719,"kertonut",4,"FIN"
1720,"keskusta",4,"FIN"
1721,"keskustelu",4,"FIN"
1722,"keskuudessa",4,"FIN"
1723,"kiina",4,"FIN"
1724,"kiinteistö",4,"FIN"
1725,"kilpailun",4,"FIN"
1726,"kirkossa",4,"FIN"
1727,"kisan",4,"FIN"
1728,"kisoja",4,"FIN"
1729,"kisojen",4,"FIN"
1730,"koe",4,"FIN"
1731,"kohden",4,"FIN"
1732,"koiraa",4,"FIN"
1733,"kokemus",4,"FIN"
1734,"kokoomus",4,"FIN"
1735,"kokouksessa",4,"FIN"
1736,"kolmanneksi",4,"FIN"
1737,"kolmas",4,"FIN"
1738,"kolmatta",4,"FIN"
1739,"kolmesta",4,"FIN"
1740,"korean",4,"FIN"
1741,"korkean",4,"FIN"
1742,"korkeat",4,"FIN"
1743,"koronapandemia",4,"FIN"
1744,"koronatilanteen",4,"FIN"
1745,"koronavuosien",4,"FIN"
1746,"koskinen",4,"FIN"
1747,"kotimaan",4,"FIN"
1748,"kotimainen",4,"FIN"
1749,"kotitestin",4,"FIN"
1750,"kotkaniemi",4,"FIN"
1751,"kovaa",4,"FIN"
1752,"ku",4,"FIN"
1753,"kuluttajien",4,"FIN"
1754,"kunhan",4,"FIN"
1755,"kuningattaren",4,"FIN"
1756,"kunnalle",4,"FIN"
1757,"kunnian",4,"FIN"
1758,"kunnissa",4,"FIN"
1759,"kurssit",4,"FIN"
1760,"kutsutaan",4,"FIN"
1761,"kuukaudessa",4,"FIN"
1762,"kuullaan",4,"FIN"
1763,"kuuluvat",4,"FIN"
1764,"kuuma",4,"FIN"
1765,"kuvitella",4,"FIN"
1766,"kyseinen",4,"FIN"
1767,"kyselyyn",4,"FIN"
1768,"kysyi",4,"FIN"
1769,"kysynnän",4,"FIN"
1770,"kysyy",4,"FIN"
1771,"laajasti",4,"FIN"
1772,"lähdetään",4,"FIN"
1773,"lähelle",4,"FIN"
1774,"lähti",4,"FIN"
1775,"laitahyökkääjä",4,"FIN"
1776,"lajin",4,"FIN"
1777,"lämpötila",4,"FIN"
1778,"lapsen",4,"FIN"
1779,"lapsiperheiden",4,"FIN"
1780,"laskenut",4,"FIN"
1781,"laski",4,"FIN"
1782,"laskussa",4,"FIN"
1783,"leena",4,"FIN"
1784,"lehtinen",4,"FIN"
1785,"lehtonen",4,"FIN"
1786,"lienee",4,"FIN"
1787,"liikaa",4,"FIN"
1788,"liikenteessä",4,"FIN"
1789,"liittyä",4,"FIN"
1790,"liittyvää",4,"FIN"
1791,"lisätä",4,"FIN"
1792,"lisätään",4,"FIN"
1793,"lisätty",4,"FIN"
1794,"llä",4,"FIN"
1795,"lokakuussa",4,"FIN"
1796,"lopuksi",4,"FIN"
1797,"lopullinen",4,"FIN"
1798,"loukkaantunut",4,"FIN"
1799,"lounais",4,"FIN"
1800,"löydy",4,"FIN"
1801,"löytänyt",4,"FIN"
1802,"löytynyt",4,"FIN"
1803,"luhangan",4,"FIN"
1804,"lukema",4,"FIN"
1805,"luki",4,"FIN"
1806,"lukuun",4,"FIN"
1807,"lunta",4,"FIN"
1808,"luo",4,"FIN"
1809,"luottaa",4,"FIN"
1810,"lupa",4,"FIN"
1811,"luvulla",4,"FIN"
1812,"lyhyen",4,"FIN"
1813,"mä",4,"FIN"
1814,"maailma",4,"FIN"
1815,"maailmassa",4,"FIN"
1816,"maali",4,"FIN"
1817,"maaliin",4,"FIN"
1818,"maaliskuussa",4,"FIN"
1819,"maamme",4,"FIN"
1820,"määriä",4,"FIN"
1821,"mäkisen",4,"FIN"
1822,"maksetaan",4,"FIN"
1823,"matka",4,"FIN"
1824,"matkaa",4,"FIN"
1825,"matkan",4,"FIN"
1826,"megawattia",4,"FIN"
1827,"melkein",4,"FIN"
1828,"menevät",4,"FIN"
1829,"merkittävä",4,"FIN"
1830,"merkityksen",4,"FIN"
1831,"metsähallituksen",4,"FIN"
1832,"microsoft",4,"FIN"
1833,"mieleen",4,"FIN"
1834,"mielipiteitä",4,"FIN"
1835,"miestä",4,"FIN"
1836,"mietitty",4,"FIN"
1837,"millä",4,"FIN"
1838,"milloin",4,"FIN"
1839,"minkkinen",4,"FIN"
1840,"minna",4,"FIN"
1841,"minuutin",4,"FIN"
1842,"missään",4,"FIN"
1843,"mistään",4,"FIN"
1844,"molempien",4,"FIN"
1845,"mot",4,"FIN"
1846,"muilla",4,"FIN"
1847,"muilta",4,"FIN"
1848,"mustonen",4,"FIN"
1849,"muualle",4,"FIN"
1850,"muutamia",4,"FIN"
1851,"muutkin",4,"FIN"
1852,"muutoksen",4,"FIN"
1853,"muuttuu",4,"FIN"
1854,"myöhässä",4,"FIN"
1855,"myydä",4,"FIN"
1856,"näe",4,"FIN"
1857,"näillä",4,"FIN"
1858,"nauttimaan",4,"FIN"
1859,"näy",4,"FIN"
1860,"näyttely",4,"FIN"
1861,"neuvoo",4,"FIN"
1862,"niinistö",4,"FIN"
1863,"niskanen",4,"FIN"
1864,"noora",4,"FIN"
1865,"nopeaa",4,"FIN"
1866,"nousevat",4,"FIN"
1867,"nousseet",4,"FIN"
1868,"nousuun",4,"FIN"
1869,"ns",4,"FIN"
1870,"nuoria",4,"FIN"
1871,"nuorille",4,"FIN"
1872,"odotti",4,"FIN"
1873,"ohjeiden",4,"FIN"
1874,"oikeutta",4,"FIN"
1875,"oksanen",4,"FIN"
1876,"olemassa",4,"FIN"
1877,"olevaa",4,"FIN"
1878,"olevat",4,"FIN"
1879,"olympialaisissa",4,"FIN"
1880,"omaan",4,"FIN"
1881,"omat",4,"FIN"
1882,"omien",4,"FIN"
1883,"omilla",4,"FIN"
1884,"omistaja",4,"FIN"
1885,"ongelmien",4,"FIN"
1886,"ongelmista",4,"FIN"
1887,"onnistui",4,"FIN"
1888,"opetusta",4,"FIN"
1889,"opiskelija",4,"FIN"
1890,"osaltaan",4,"FIN"
1891,"osata",4,"FIN"
1892,"osin",4,"FIN"
1893,"osoitti",4,"FIN"
1894,"ota",4,"FIN"
1895,"otetaan",4,"FIN"
1896,"ottamatta",4,"FIN"
1897,"ottelu",4,"FIN"
1898,"ottelut",4,"FIN"
1899,"otteluun",4,"FIN"
1900,"ovatko",4,"FIN"
1901,"päästään",4,"FIN"
1902,"päätökset",4,"FIN"
1903,"pahasti",4,"FIN"
1904,"paikallista",4,"FIN"
1905,"paikalta",4,"FIN"
1906,"paikasta",4,"FIN"
1907,"paikkaa",4,"FIN"
1908,"paikkansa",4,"FIN"
1909,"päin",4,"FIN"
1910,"painottaa",4,"FIN"
1911,"päivät",4,"FIN"
1912,"päivinä",4,"FIN"
1913,"palata",4,"FIN"
1914,"palauttaa",4,"FIN"
1915,"paljastui",4,"FIN"
1916,"palvelun",4,"FIN"
1917,"paransi",4,"FIN"
1918,"parantaa",4,"FIN"
1919,"pelien",4,"FIN"
1920,"perehtynyt",4,"FIN"
1921,"perheen",4,"FIN"
1922,"perjantai",4,"FIN"
1923,"perussuomalaisten",4,"FIN"
1924,"perusteli",4,"FIN"
1925,"pidempään",4,"FIN"
1926,"pidettiin",4,"FIN"
1927,"pidetty",4,"FIN"
1928,"pisteitä",4,"FIN"
1929,"pitääkö",4,"FIN"
1930,"pitkälle",4,"FIN"
1931,"pitkän",4,"FIN"
1932,"pohjalta",4,"FIN"
1933,"poliittinen",4,"FIN"
1934,"pörssissä",4,"FIN"
1935,"puiden",4,"FIN"
1936,"puolustaja",4,"FIN"
1937,"purkaa",4,"FIN"
1938,"putin",4,"FIN"
1939,"pysyvä",4,"FIN"
1940,"raaka",4,"FIN"
1941,"raamatun",4,"FIN"
1942,"rajalla",4,"FIN"
1943,"ratkaisu",4,"FIN"
1944,"ratkaisua",4,"FIN"
1945,"resursseja",4,"FIN"
1946,"riippuen",4,"FIN"
1947,"riitti",4,"FIN"
1948,"rikosten",4,"FIN"
1949,"runsaat",4,"FIN"
1950,"ruoka",4,"FIN"
1951,"ruotsissa",4,"FIN"
1952,"ruotsista",4,"FIN"
1953,"ryhmän",4,"FIN"
1954,"ryhmässä",4,"FIN"
1955,"saamme",4,"FIN"
1956,"sääntöjä",4,"FIN"
1957,"saapuu",4,"FIN"
1958,"saatetaan",4,"FIN"
1959,"saavansa",4,"FIN"
1960,"sähköä",4,"FIN"
1961,"sain",4,"FIN"
1962,"sairaalassa",4,"FIN"
1963,"salossa",4,"FIN"
1964,"salpan",4,"FIN"
1965,"sama",4,"FIN"
1966,"sanna",4,"FIN"
1967,"sarjasta",4,"FIN"
1968,"sata",4,"FIN"
1969,"sataa",4,"FIN"
1970,"satoja",4,"FIN"
1971,"satu",4,"FIN"
1972,"sd",4,"FIN"
1973,"selittää",4,"FIN"
1974,"selvittää",4,"FIN"
1975,"seuraavaa",4,"FIN"
1976,"seuran",4,"FIN"
1977,"seurata",4,"FIN"
1978,"seurauksena",4,"FIN"
1979,"sijalla",4,"FIN"
1980,"sisä",4,"FIN"
1981,"soittaa",4,"FIN"
1982,"sotaa",4,"FIN"
1983,"sote",4,"FIN"
1984,"ssä",4,"FIN"
1985,"sujuu",4,"FIN"
1986,"sunnuntain",4,"FIN"
1987,"suorittanut",4,"FIN"
1988,"suurta",4,"FIN"
1989,"syntyy",4,"FIN"
1990,"syötti",4,"FIN"
1991,"syövät",4,"FIN"
1992,"taakse",4,"FIN"
1993,"taholta",4,"FIN"
1994,"tälläkin",4,"FIN"
1995,"talven",4,"FIN"
1996,"talvi",4,"FIN"
1997,"tammikuun",4,"FIN"
1998,"tammikuuta",4,"FIN"
1999,"tapaamisen",4,"FIN"
2000,"tappio",4,"FIN"
2001,"tärkeä",4,"FIN"
2002,"tarkemmin",4,"FIN"
2003,"tarkistaa",4,"FIN"
2004,"tarkkaa",4,"FIN"
2005,"tarkoita",4,"FIN"
2006,"tarvita",4,"FIN"
2007,"tarvitsevat",4,"FIN"
2008,"tarvittaessa",4,"FIN"
2009,"tasolle",4,"FIN"
2010,"tavoitteita",4,"FIN"
2011,"täysin",4,"FIN"
2012,"täyteen",4,"FIN"
2013,"täyttää",4,"FIN"
2014,"te",4,"FIN"
2015,"tehdyt",4,"FIN"
2016,"teho",4,"FIN"
2017,"tehyn",4,"FIN"
2018,"teitä",4,"FIN"
2019,"tekemättä",4,"FIN"
2020,"tekijät",4,"FIN"
2021,"teollisuuden",4,"FIN"
2022,"terveys",4,"FIN"
2023,"tiedot",4,"FIN"
2024,"tietä",4,"FIN"
2025,"tietenkin",4,"FIN"
2026,"tilan",4,"FIN"
2027,"tilassa",4,"FIN"
2028,"toijalan",4,"FIN"
2029,"toimesta",4,"FIN"
2030,"toimia",4,"FIN"
2031,"toimittaja",4,"FIN"
2032,"toimitus",4,"FIN"
2033,"toimitusjohtajan",4,"FIN"
2034,"tuen",4,"FIN"
2035,"tuleeko",4,"FIN"
2036,"tulevaisuus",4,"FIN"
2037,"tulevaisuutta",4,"FIN"
2038,"tulevan",4,"FIN"
2039,"tulevien",4,"FIN"
2040,"tulossa",4,"FIN"
2041,"tulosta",4,"FIN"
2042,"tunnettu",4,"FIN"
2043,"tunnissa",4,"FIN"
2044,"tuodaan",4,"FIN"
2045,"tuominen",4,"FIN"
2046,"tuonut",4,"FIN"
2047,"tuottaa",4,"FIN"
2048,"tuotteen",4,"FIN"
2049,"turkki",4,"FIN"
2050,"turkkiin",4,"FIN"
2051,"tutkimus",4,"FIN"
2052,"tuttuja",4,"FIN"
2053,"twitter",4,"FIN"
2054,"työn",4,"FIN"
2055,"työpaikkoja",4,"FIN"
2056,"työt",4,"FIN"
2057,"tyttärensä",4,"FIN"
2058,"uhka",4,"FIN"
2059,"uhkaa",4,"FIN"
2060,"ukrainalaiset",4,"FIN"
2061,"ukrainalaisten",4,"FIN"
2062,"useamman",4,"FIN"
2063,"uskon",4,"FIN"
2064,"uusiin",4,"FIN"
2065,"uuteen",4,"FIN"
2066,"uutisoi",4,"FIN"
2067,"uutistoimisto",4,"FIN"
2068,"vaatimuksiin",4,"FIN"
2069,"vaikutusta",4,"FIN"
2070,"vaimonsa",4,"FIN"
2071,"vajaat",4,"FIN"
2072,"vakavasti",4,"FIN"
2073,"vakuuttaa",4,"FIN"
2074,"välierässä",4,"FIN"
2075,"välinen",4,"FIN"
2076,"valinta",4,"FIN"
2077,"valioliigassa",4,"FIN"
2078,"valita",4,"FIN"
2079,"valittaa",4,"FIN"
2080,"valmentama",4,"FIN"
2081,"valossa",4,"FIN"
2082,"valtaan",4,"FIN"
2083,"valtakunnan",4,"FIN"
2084,"vanha",4,"FIN"
2085,"varautua",4,"FIN"
2086,"vastaavia",4,"FIN"
2087,"vastannut",4,"FIN"
2088,"vastassa",4,"FIN"
2089,"vastustaa",4,"FIN"
2090,"velvollisuus",4,"FIN"
2091,"verkkoon",4,"FIN"
2092,"videon",4,"FIN"
2093,"vie",4,"FIN"
2094,"vieraili",4,"FIN"
2095,"viestin",4,"FIN"
2096,"viidestä",4,"FIN"
2097,"viikko",4,"FIN"
2098,"viittaa",4,"FIN"
2099,"viranomaiset",4,"FIN"
2100,"viron",4,"FIN"
2101,"vladimir",4,"FIN"
2102,"voittanut",4,"FIN"
2103,"vuosikymmenten",4,"FIN"
2104,"yhdestä",4,"FIN"
2105,"yhteistyötä",4,"FIN"
2106,"yhteyttä",4,"FIN"
2107,"yhtiöiden",4,"FIN"
2108,"yhtye",4,"FIN"
2109,"yksinkertaisesti",4,"FIN"
2110,"ylä",4,"FIN"
2111,"yleisölle",4,"FIN"
2112,"yliopistossa",4,"FIN"
2113,"ylipäätään",4,"FIN"
2114,"yllä",4,"FIN"
2115,"yllätys",4,"FIN"
2116,"yrittäjien",4,"FIN"
2117,"yrittävät",4,"FIN"
2118,"yrityksen",4,"FIN"
2119,"yrityksessä",4,"FIN"
2120,"yrityksiä",4,"FIN"
2121,"2005",3,"FIN"
2122,"2010",3,"FIN"
2123,"2011",3,"FIN"
2124,"2014",3,"FIN"
2125,"2016",3,"FIN"
2126,"31",3,"FIN"
2127,"42",3,"FIN"
2128,"48",3,"FIN"
2129,"49",3,"FIN"
2130,"53",3,"FIN"
2131,"55",3,"FIN"
2132,"62",3,"FIN"
2133,"66",3,"FIN"
2134,"700",3,"FIN"
2135,"81",3,"FIN"
2136,"89",3,"FIN"
2137,"91",3,"FIN"
2138,"aalto",3,"FIN"
2139,"aamun",3,"FIN"
2140,"äänensä",3,"FIN"
2141,"äänesti",3,"FIN"
2142,"ääntä",3,"FIN"
2143,"ääressä",3,"FIN"
2144,"afrikassa",3,"FIN"
2145,"aiemminkin",3,"FIN"
2146,"aiheuttamaan",3,"FIN"
2147,"aiheuttavat",3,"FIN"
2148,"aikuisilla",3,"FIN"
2149,"ainoastaan",3,"FIN"
2150,"äitinsä",3,"FIN"
2151,"ajalta",3,"FIN"
2152,"ajassa",3,"FIN"
2153,"ajatella",3,"FIN"
2154,"ajatellaan",3,"FIN"
2155,"ajatuksia",3,"FIN"
2156,"ajoi",3,"FIN"
2157,"ajoittain",3,"FIN"
2158,"ajoneuvojen",3,"FIN"
2159,"akaa",3,"FIN"
2160,"aki",3,"FIN"
2161,"aktiivisesti",3,"FIN"
2162,"alalla",3,"FIN"
2163,"alalle",3,"FIN"
2164,"aleksi",3,"FIN"
2165,"alkua",3,"FIN"
2166,"alkuperäinen",3,"FIN"
2167,"aloittanut",3,"FIN"
2168,"aloitteen",3,"FIN"
2169,"aluehallintovirasto",3,"FIN"
2170,"aluevaaleissa",3,"FIN"
2171,"amerikkalaisen",3,"FIN"
2172,"ammattikorkeakoulun",3,"FIN"
2173,"ampuma",3,"FIN"
2174,"and",3,"FIN"
2175,"annettavaa",3,"FIN"
2176,"annettu",3,"FIN"
2177,"antero",3,"FIN"
2178,"antoivat",3,"FIN"
2179,"anton",3,"FIN"
2180,"anttila",3,"FIN"
2181,"apu",3,"FIN"
2182,"argentiina",3,"FIN"
2183,"arjessa",3,"FIN"
2184,"arkeen",3,"FIN"
2185,"artisti",3,"FIN"
2186,"arvelee",3,"FIN"
2187,"arviointi",3,"FIN"
2188,"arviot",3,"FIN"
2189,"asema",3,"FIN"
2190,"asenne",3,"FIN"
2191,"asiaan",3,"FIN"
2192,"asiakkaiden",3,"FIN"
2193,"asiantuntijoita",3,"FIN"
2194,"asioihin",3,"FIN"
2195,"äskettäin",3,"FIN"
2196,"asukasta",3,"FIN"
2197,"asukkaille",3,"FIN"
2198,"asunnon",3,"FIN"
2199,"asunut",3,"FIN"
2200,"asuva",3,"FIN"
2201,"auran",3,"FIN"
2202,"autoja",3,"FIN"
2203,"automaattisesti",3,"FIN"
2204,"avasivat",3,"FIN"
2205,"avata",3,"FIN"
2206,"avautuu",3,"FIN"
2207,"avoimen",3,"FIN"
2208,"avoimia",3,"FIN"
2209,"avoimissa",3,"FIN"
2210,"baltian",3,"FIN"
2211,"bitcoin",3,"FIN"
2212,"boris",3,"FIN"
2213,"britanniassa",3,"FIN"
2214,"buckinghamin",3,"FIN"
2215,"carolina",3,"FIN"
2216,"cnn",3,"FIN"
2217,"colorado",3,"FIN"
2218,"demokratia",3,"FIN"
2219,"dollaria",3,"FIN"
2220,"dollarin",3,"FIN"
2221,"donald",3,"FIN"
2222,"edelliseen",3,"FIN"
2223,"edellisessä",3,"FIN"
2224,"edellistä",3,"FIN"
2225,"edesmenneen",3,"FIN"
2226,"edistää",3,"FIN"
2227,"edistäminen",3,"FIN"
2228,"eduskunnalle",3,"FIN"
2229,"eduskuntaryhmän",3,"FIN"
2230,"edustajat",3,"FIN"
2231,"ehtii",3,"FIN"
2232,"eläinten",3,"FIN"
2233,"eläkkeelle",3,"FIN"
2234,"elämä",3,"FIN"
2235,"elämänsä",3,"FIN"
2236,"elina",3,"FIN"
2237,"elintarvikkeiden",3,"FIN"
2238,"ellei",3,"FIN"
2239,"enempää",3,"FIN"
2240,"ennalta",3,"FIN"
2241,"ennätystään",3,"FIN"
2242,"ensimmäisellä",3,"FIN"
2243,"ensimmäisestä",3,"FIN"
2244,"entuudestaan",3,"FIN"
2245,"epäillä",3,"FIN"
2246,"epäilty",3,"FIN"
2247,"epäiltyä",3,"FIN"
2248,"epävarmuutta",3,"FIN"
2249,"erää",3,"FIN"
2250,"eräänlainen",3,"FIN"
2251,"erilainen",3,"FIN"
2252,"erilaista",3,"FIN"
2253,"erityistä",3,"FIN"
2254,"eroa",3,"FIN"
2255,"eroaa",3,"FIN"
2256,"erottuu",3,"FIN"
2257,"esiintyi",3,"FIN"
2258,"esim",3,"FIN"
2259,"esimerkki",3,"FIN"
2260,"esittävät",3,"FIN"
2261,"esitutkinta",3,"FIN"
2262,"esityksiä",3,"FIN"
2263,"espoon",3,"FIN"
2264,"etsimään",3,"FIN"
2265,"etsitään",3,"FIN"
2266,"evankeliumi",3,"FIN"
2267,"fanit",3,"FIN"
2268,"federer",3,"FIN"
2269,"festivaalin",3,"FIN"
2270,"fiilis",3,"FIN"
2271,"finnair",3,"FIN"
2272,"floridan",3,"FIN"
2273,"fortumin",3,"FIN"
2274,"fyysisesti",3,"FIN"
2275,"googlen",3,"FIN"
2276,"grand",3,"FIN"
2277,"haastattelun",3,"FIN"
2278,"häiriö",3,"FIN"
2279,"haittaohjelma",3,"FIN"
2280,"hakee",3,"FIN"
2281,"haku",3,"FIN"
2282,"hallitukseen",3,"FIN"
2283,"hallituksessa",3,"FIN"
2284,"hallitusta",3,"FIN"
2285,"hallussaan",3,"FIN"
2286,"haluamme",3,"FIN"
2287,"halukkaat",3,"FIN"
2288,"halvimmillaan",3,"FIN"
2289,"hälytys",3,"FIN"
2290,"hämeen",3,"FIN"
2291,"hämeenlinnan",3,"FIN"
2292,"häneltä",3,"FIN"
2293,"hankalaa",3,"FIN"
2294,"hanke",3,"FIN"
2295,"harkovan",3,"FIN"
2296,"harri",3,"FIN"
2297,"harry",3,"FIN"
2298,"harvassa",3,"FIN"
2299,"harvinaisia",3,"FIN"
2300,"harvoin",3,"FIN"
2301,"hehtaarin",3,"FIN"
2302,"heikki",3,"FIN"
2303,"heikkilä",3,"FIN"
2304,"heikko",3,"FIN"
2305,"heikkouksia",3,"FIN"
2306,"heiskanen",3,"FIN"
2307,"heitti",3,"FIN"
2308,"helmikuuta",3,"FIN"
2309,"hengen",3,"FIN"
2310,"henkilöauton",3,"FIN"
2311,"henkilöitä",3,"FIN"
2312,"henri",3,"FIN"
2313,"herättää",3,"FIN"
2314,"herkästi",3,"FIN"
2315,"herra",3,"FIN"
2316,"hersonin",3,"FIN"
2317,"hetkeksi",3,"FIN"
2318,"hiljaa",3,"FIN"
2319,"hinnat",3,"FIN"
2320,"historia",3,"FIN"
2321,"hoidossa",3,"FIN"
2322,"hoito",3,"FIN"
2323,"hotellin",3,"FIN"
2324,"hs",3,"FIN"
2325,"huhtikuuta",3,"FIN"
2326,"huolellisesti",3,"FIN"
2327,"hurske",3,"FIN"
2328,"hyökättyä",3,"FIN"
2329,"hyökkääjä",3,"FIN"
2330,"hyökkäystä",3,"FIN"
2331,"hyötyä",3,"FIN"
2332,"hyväksyi",3,"FIN"
2333,"hyvässä",3,"FIN"
2334,"hyvinvointi",3,"FIN"
2335,"hyvinvointialueet",3,"FIN"
2336,"ihme",3,"FIN"
2337,"ihmeessä",3,"FIN"
2338,"ihmisille",3,"FIN"
2339,"iiro",3,"FIN"
2340,"iisalmessa",3,"FIN"
2341,"ikä",3,"FIN"
2342,"ilmastopaneelin",3,"FIN"
2343,"ilmeisesti",3,"FIN"
2344,"ilmestyi",3,"FIN"
2345,"ilmi",3,"FIN"
2346,"ilmoittaa",3,"FIN"
2347,"iloa",3,"FIN"
2348,"inflaatiota",3,"FIN"
2349,"inka",3,"FIN"
2350,"instagramissa",3,"FIN"
2351,"intian",3,"FIN"
2352,"investointeja",3,"FIN"
2353,"investointien",3,"FIN"
2354,"isku",3,"FIN"
2355,"iskujen",3,"FIN"
2356,"isoja",3,"FIN"
2357,"isompaa",3,"FIN"
2358,"istunut",3,"FIN"
2359,"istuvan",3,"FIN"
2360,"italia",3,"FIN"
2361,"itsestään",3,"FIN"
2362,"jaana",3,"FIN"
2363,"jaetaan",3,"FIN"
2364,"jani",3,"FIN"
2365,"japanin",3,"FIN"
2366,"järjestettävä",3,"FIN"
2367,"järjestetty",3,"FIN"
2368,"jäsenyyttä",3,"FIN"
2369,"jeesus",3,"FIN"
2370,"jeesusta",3,"FIN"
2371,"joel",3,"FIN"
2372,"johnsonin",3,"FIN"
2373,"johtava",3,"FIN"
2374,"johti",3,"FIN"
2375,"johtui",3,"FIN"
2376,"joille",3,"FIN"
2377,"joitain",3,"FIN"
2378,"jolle",3,"FIN"
2379,"jonkun",3,"FIN"
2380,"joukkueet",3,"FIN"
2381,"juhannuksena",3,"FIN"
2382,"julkaisee",3,"FIN"
2383,"julkaistiin",3,"FIN"
2384,"julkisen",3,"FIN"
2385,"julkisessa",3,"FIN"
2386,"jumalaan",3,"FIN"
2387,"juoksi",3,"FIN"
2388,"juoksun",3,"FIN"
2389,"juttuja",3,"FIN"
2390,"k",3,"FIN"
2391,"kahdeksasta",3,"FIN"
2392,"kahdesti",3,"FIN"
2393,"kaikkiaan",3,"FIN"
2394,"kainuun",3,"FIN"
2395,"kaipaavat",3,"FIN"
2396,"kaksikko",3,"FIN"
2397,"kaksin",3,"FIN"
2398,"kallis",3,"FIN"
2399,"kannan",3,"FIN"
2400,"kannatus",3,"FIN"
2401,"kannustaa",3,"FIN"
2402,"kansainväliset",3,"FIN"
2403,"kansallinen",3,"FIN"
2404,"käräjäoikeudessa",3,"FIN"
2405,"karin",3,"FIN"
2406,"kärsi",3,"FIN"
2407,"kärsivät",3,"FIN"
2408,"käsin",3,"FIN"
2409,"käsiteltäväksi",3,"FIN"
2410,"käsittelyä",3,"FIN"
2411,"käsittelyyn",3,"FIN"
2412,"kasvavat",3,"FIN"
2413,"katri",3,"FIN"
2414,"katsoa",3,"FIN"
2415,"katsoi",3,"FIN"
2416,"katsojia",3,"FIN"
2417,"katsojilta",3,"FIN"
2418,"kaunis",3,"FIN"
2419,"kaupungilta",3,"FIN"
2420,"kaupunginhallitus",3,"FIN"
2421,"kaupunkien",3,"FIN"
2422,"kautensa",3,"FIN"
2423,"käydä",3,"FIN"
2424,"käynnistyi",3,"FIN"
2425,"käyntiin",3,"FIN"
2426,"käytön",3,"FIN"
2427,"käyttänyt",3,"FIN"
2428,"käytti",3,"FIN"
2429,"käyttöä",3,"FIN"
2430,"käyttöönottoa",3,"FIN"
2431,"kehittämään",3,"FIN"
2432,"kehittäminen",3,"FIN"
2433,"kehittämistä",3,"FIN"
2434,"kehuu",3,"FIN"
2435,"keinot",3,"FIN"
2436,"kemi",3,"FIN"
2437,"kenellekään",3,"FIN"
2438,"kentällä",3,"FIN"
2439,"kera",3,"FIN"
2440,"kerännyt",3,"FIN"
2441,"kertaakaan",3,"FIN"
2442,"kertomaan",3,"FIN"
2443,"kesää",3,"FIN"
2444,"kesäksi",3,"FIN"
2445,"kesäkuussa",3,"FIN"
2446,"kesäkuuta",3,"FIN"
2447,"kesätöihin",3,"FIN"
2448,"keskiössä",3,"FIN"
2449,"keskittyy",3,"FIN"
2450,"keskiviikkoon",3,"FIN"
2451,"keskiviikon",3,"FIN"
2452,"keskus",3,"FIN"
2453,"keskustaan",3,"FIN"
2454,"keskustellaan",3,"FIN"
2455,"keskustelua",3,"FIN"
2456,"keskusteluissa",3,"FIN"
2457,"keskustelut",3,"FIN"
2458,"keskusteluun",3,"FIN"
2459,"kesti",3,"FIN"
2460,"kielletty",3,"FIN"
2461,"kieltä",3,"FIN"
2462,"kielteisesti",3,"FIN"
2463,"kiinnittää",3,"FIN"
2464,"kiinnostaa",3,"FIN"
2465,"kiinnostunut",3,"FIN"
2466,"kiinteistöjen",3,"FIN"
2467,"kim",3,"FIN"
2468,"kiovan",3,"FIN"
2469,"kipusi",3,"FIN"
2470,"kirjan",3,"FIN"
2471,"kirjaston",3,"FIN"
2472,"kirjastossa",3,"FIN"
2473,"kirjoitan",3,"FIN"
2474,"kirkolla",3,"FIN"
2475,"kisassa",3,"FIN"
2476,"kisoihin",3,"FIN"
2477,"kiusaaminen",3,"FIN"
2478,"kiva",3,"FIN"
2479,"kivi",3,"FIN"
2480,"kkv",3,"FIN"
2481,"km",3,"FIN"
2482,"ko",3,"FIN"
2483,"kodiksami",3,"FIN"
2484,"koen",3,"FIN"
2485,"koira",3,"FIN"
2486,"koiran",3,"FIN"
2487,"koiransa",3,"FIN"
2488,"koirien",3,"FIN"
2489,"kokemaan",3,"FIN"
2490,"kokemuksia",3,"FIN"
2491,"kokemusta",3,"FIN"
2492,"kokko",3,"FIN"
2493,"kokoonpanossa",3,"FIN"
2494,"kolmannella",3,"FIN"
2495,"kolmantena",3,"FIN"
2496,"kolmeen",3,"FIN"
2497,"kolmikko",3,"FIN"
2498,"kolmisen",3,"FIN"
2499,"komissio",3,"FIN"
2500,"kommentteja",3,"FIN"
2501,"kone",3,"FIN"
2502,"koneen",3,"FIN"
2503,"koneet",3,"FIN"
2504,"konsertissa",3,"FIN"
2505,"koonnut",3,"FIN"
2506,"korihaiden",3,"FIN"
2507,"korkea",3,"FIN"
2508,"korkein",3,"FIN"
2509,"korkojen",3,"FIN"
2510,"koronapandemian",3,"FIN"
2511,"kosken",3,"FIN"
2512,"koskeviin",3,"FIN"
2513,"koski",3,"FIN"
2514,"kotoa",3,"FIN"
2515,"kotonaan",3,"FIN"
2516,"koulussa",3,"FIN"
2517,"koulut",3,"FIN"
2518,"koulutuksen",3,"FIN"
2519,"kreikan",3,"FIN"
2520,"kremlin",3,"FIN"
2521,"kriisin",3,"FIN"
2522,"krimin",3,"FIN"
2523,"kritiikin",3,"FIN"
2524,"kuljettanut",3,"FIN"
2525,"kulki",3,"FIN"
2526,"kulttuuri",3,"FIN"
2527,"kulttuuritalo",3,"FIN"
2528,"kulunut",3,"FIN"
2529,"kumpikin",3,"FIN"
2530,"kunnanhallitus",3,"FIN"
2531,"kuntia",3,"FIN"
2532,"kuolema",3,"FIN"
2533,"kuolleena",3,"FIN"
2534,"kustannukset",3,"FIN"
2535,"kutsua",3,"FIN"
2536,"kutsuttu",3,"FIN"
2537,"kuukausi",3,"FIN"
2538,"kuulemma",3,"FIN"
2539,"kuulunut",3,"FIN"
2540,"kuvia",3,"FIN"
2541,"kyennyt",3,"FIN"
2542,"kyky",3,"FIN"
2543,"kylmä",3,"FIN"
2544,"kymmenisen",3,"FIN"
2545,"kynnys",3,"FIN"
2546,"kyseiset",3,"FIN"
2547,"kysytään",3,"FIN"
2548,"laajan",3,"FIN"
2549,"laajemmin",3,"FIN"
2550,"lääkkeitä",3,"FIN"
2551,"lähde",3,"FIN"
2552,"lähdön",3,"FIN"
2553,"lähetä",3,"FIN"
2554,"lähiaikoina",3,"FIN"
2555,"lähivuosien",3,"FIN"
2556,"lähivuosina",3,"FIN"
2557,"lähteiden",3,"FIN"
2558,"lähteneet",3,"FIN"
2559,"lähtö",3,"FIN"
2560,"lainsäädännön",3,"FIN"
2561,"laitilassa",3,"FIN"
2562,"laitos",3,"FIN"
2563,"lajien",3,"FIN"
2564,"lakiin",3,"FIN"
2565,"lakon",3,"FIN"
2566,"lämpötilat",3,"FIN"
2567,"länsimaiden",3,"FIN"
2568,"lapissa",3,"FIN"
2569,"lappeenrannan",3,"FIN"
2570,"lapselle",3,"FIN"
2571,"lapsille",3,"FIN"
2572,"lapsista",3,"FIN"
2573,"laskea",3,"FIN"
2574,"laskee",3,"FIN"
2575,"lasku",3,"FIN"
2576,"laura",3,"FIN"
2577,"lauri",3,"FIN"
2578,"lautakunta",3,"FIN"
2579,"lavalla",3,"FIN"
2580,"lehti",3,"FIN"
2581,"lehtisen",3,"FIN"
2582,"leijonat",3,"FIN"
2583,"leijonien",3,"FIN"
2584,"leivonmäen",3,"FIN"
2585,"lentoja",3,"FIN"
2586,"lentokone",3,"FIN"
2587,"liedossa",3,"FIN"
2588,"liike",3,"FIN"
2589,"liikennettä",3,"FIN"
2590,"liikevaihto",3,"FIN"
2591,"liikunta",3,"FIN"
2592,"liiton",3,"FIN"
2593,"linja",3,"FIN"
2594,"liperissä",3,"FIN"
2595,"liput",3,"FIN"
2596,"lisännyt",3,"FIN"
2597,"listalla",3,"FIN"
2598,"liukkonen",3,"FIN"
2599,"lng",3,"FIN"
2600,"löi",3,"FIN"
2601,"lopputulos",3,"FIN"
2602,"loppuu",3,"FIN"
2603,"loppuvuoden",3,"FIN"
2604,"lopun",3,"FIN"
2605,"loput",3,"FIN"
2606,"loukkasi",3,"FIN"
2607,"löysi",3,"FIN"
2608,"lue",3,"FIN"
2609,"luhanskin",3,"FIN"
2610,"lukea",3,"FIN"
2611,"lukemaan",3,"FIN"
2612,"lukiossa",3,"FIN"
2613,"lumi",3,"FIN"
2614,"luonnossa",3,"FIN"
2615,"luonto",3,"FIN"
2616,"luterilainen",3,"FIN"
2617,"m",3,"FIN"
2618,"maahanmuuton",3,"FIN"
2619,"maailmaa",3,"FIN"
2620,"maailmanlaajuisesti",3,"FIN"
2621,"maalilla",3,"FIN"
2622,"maanantai",3,"FIN"
2623,"maanantain",3,"FIN"
2624,"määrää",3,"FIN"
2625,"määrät",3,"FIN"
2626,"määrätä",3,"FIN"
2627,"maaseudun",3,"FIN"
2628,"macron",3,"FIN"
2629,"mahdollisen",3,"FIN"
2630,"mahdollisuuden",3,"FIN"
2631,"mainitsee",3,"FIN"
2632,"maista",3,"FIN"
2633,"mäkelä",3,"FIN"
2634,"maksamaan",3,"FIN"
2635,"mallin",3,"FIN"
2636,"manninen",3,"FIN"
2637,"manun",3,"FIN"
2638,"markkanen",3,"FIN"
2639,"markkina",3,"FIN"
2640,"markkinoilla",3,"FIN"
2641,"marraskuuta",3,"FIN"
2642,"martti",3,"FIN"
2643,"matkustaja",3,"FIN"
2644,"menettää",3,"FIN"
2645,"mennään",3,"FIN"
2646,"menossa",3,"FIN"
2647,"meri",3,"FIN"
2648,"merkittäviä",3,"FIN"
2649,"merkittävin",3,"FIN"
2650,"merkkejä",3,"FIN"
2651,"messi",3,"FIN"
2652,"metropolitan",3,"FIN"
2653,"metsiin",3,"FIN"
2654,"miehelle",3,"FIN"
2655,"mieltä",3,"FIN"
2656,"mihinkään",3,"FIN"
2657,"miljardiin",3,"FIN"
2658,"miljardilla",3,"FIN"
2659,"miljoonaan",3,"FIN"
2660,"miljoonat",3,"FIN"
2661,"ministeriön",3,"FIN"
2662,"minne",3,"FIN"
2663,"minut",3,"FIN"
2664,"minuutilla",3,"FIN"
2665,"miro",3,"FIN"
2666,"mitenkään",3,"FIN"
2667,"moneen",3,"FIN"
2668,"monelle",3,"FIN"
2669,"monimuotoisuuden",3,"FIN"
2670,"moskeijan",3,"FIN"
2671,"muille",3,"FIN"
2672,"muistutti",3,"FIN"
2673,"mukava",3,"FIN"
2674,"muoto",3,"FIN"
2675,"musiikin",3,"FIN"
2676,"musk",3,"FIN"
2677,"musta",3,"FIN"
2678,"muuhun",3,"FIN"
2679,"muusta",3,"FIN"
2680,"muutetaan",3,"FIN"
2681,"muutettiin",3,"FIN"
2682,"muutoin",3,"FIN"
2683,"muutoksessa",3,"FIN"
2684,"muutosta",3,"FIN"
2685,"muuttamaan",3,"FIN"
2686,"muuttanut",3,"FIN"
2687,"mynämäen",3,"FIN"
2688,"myöhään",3,"FIN"
2689,"myöten",3,"FIN"
2690,"myynnissä",3,"FIN"
2691,"myyntiin",3,"FIN"
2692,"nähden",3,"FIN"
2693,"nähneensä",3,"FIN"
2694,"nähty",3,"FIN"
2695,"näkökulma",3,"FIN"
2696,"näkymä",3,"FIN"
2697,"näkymin",3,"FIN"
2698,"näkyvä",3,"FIN"
2699,"nappasi",3,"FIN"
2700,"nauraa",3,"FIN"
2701,"näytti",3,"FIN"
2702,"neljän",3,"FIN"
2703,"neuvotteluissa",3,"FIN"
2704,"neuvottelut",3,"FIN"
2705,"niemisen",3,"FIN"
2706,"niillä",3,"FIN"
2707,"niissä",3,"FIN"
2708,"nimellään",3,"FIN"
2709,"nimeltä",3,"FIN"
2710,"nimeltään",3,"FIN"
2711,"nimen",3,"FIN"
2712,"niukasti",3,"FIN"
2713,"nopeammin",3,"FIN"
2714,"nostetaan",3,"FIN"
2715,"nosti",3,"FIN"
2716,"noudattaa",3,"FIN"
2717,"nousemaan",3,"FIN"
2718,"nousevan",3,"FIN"
2719,"noustessa",3,"FIN"
2720,"nousun",3,"FIN"
2721,"nuoret",3,"FIN"
2722,"odotettavissa",3,"FIN"
2723,"odottamaan",3,"FIN"
2724,"of",3,"FIN"
2725,"ohjasi",3,"FIN"
2726,"ohjelmaa",3,"FIN"
2727,"oikea",3,"FIN"
2728,"oikeat",3,"FIN"
2729,"oireita",3,"FIN"
2730,"olekaan",3,"FIN"
2731,"olevista",3,"FIN"
2732,"olleensa",3,"FIN"
2733,"olleita",3,"FIN"
2734,"olo",3,"FIN"
2735,"omalla",3,"FIN"
2736,"omalta",3,"FIN"
2737,"omia",3,"FIN"
2738,"omista",3,"FIN"
2739,"omistajat",3,"FIN"
2740,"omistama",3,"FIN"
2741,"ongelmat",3,"FIN"
2742,"onnettomuuden",3,"FIN"
2743,"oon",3,"FIN"
2744,"opettajana",3,"FIN"
2745,"opiskelijoiden",3,"FIN"
2746,"osaavat",3,"FIN"
2747,"osakemarkkinoilla",3,"FIN"
2748,"osallistunut",3,"FIN"
2749,"osallistuu",3,"FIN"
2750,"osana",3,"FIN"
2751,"osannut",3,"FIN"
2752,"osittain",3,"FIN"
2753,"ostamaan",3,"FIN"
2754,"ostanut",3,"FIN"
2755,"osuman",3,"FIN"
2756,"ouluun",3,"FIN"
2757,"pääjohtaja",3,"FIN"
2758,"pääse",3,"FIN"
2759,"pääsevät",3,"FIN"
2760,"pääsivät",3,"FIN"
2761,"päästää",3,"FIN"
2762,"pääsyä",3,"FIN"
2763,"päätoimittaja",3,"FIN"
2764,"päätökseen",3,"FIN"
2765,"paidassa",3,"FIN"
2766,"paikallaan",3,"FIN"
2767,"paikallisen",3,"FIN"
2768,"paikoista",3,"FIN"
2769,"painetta",3,"FIN"
2770,"päivästä",3,"FIN"
2771,"pakolaiset",3,"FIN"
2772,"palautunut",3,"FIN"
2773,"paljastaa",3,"FIN"
2774,"pälkäneen",3,"FIN"
2775,"palkinnon",3,"FIN"
2776,"paloi",3,"FIN"
2777,"paluu",3,"FIN"
2778,"palveluiden",3,"FIN"
2779,"palveluita",3,"FIN"
2780,"palveluja",3,"FIN"
2781,"pandemian",3,"FIN"
2782,"parissa",3,"FIN"
2783,"parlamentin",3,"FIN"
2784,"pasi",3,"FIN"
2785,"pekingissä",3,"FIN"
2786,"pelaaja",3,"FIN"
2787,"pelaajaksi",3,"FIN"
2788,"pelaajat",3,"FIN"
2789,"pelastuslaitokselle",3,"FIN"
2790,"pelätään",3,"FIN"
2791,"pelattu",3,"FIN"
2792,"peleihin",3,"FIN"
2793,"peleistä",3,"FIN"
2794,"peli",3,"FIN"
2795,"pelistä",3,"FIN"
2796,"perin",3,"FIN"
2797,"perinne",3,"FIN"
2798,"perinteinen",3,"FIN"
2799,"perinteisen",3,"FIN"
2800,"perinteistä",3,"FIN"
2801,"perustettiin",3,"FIN"
2802,"perustuu",3,"FIN"
2803,"pete",3,"FIN"
2804,"peter",3,"FIN"
2805,"pieleen",3,"FIN"
2806,"pieniä",3,"FIN"
2807,"pietarissa",3,"FIN"
2808,"piirin",3,"FIN"
2809,"pisteeseen",3,"FIN"
2810,"pitävät",3,"FIN"
2811,"pohjalle",3,"FIN"
2812,"poiketa",3,"FIN"
2813,"pörssin",3,"FIN"
2814,"positiivinen",3,"FIN"
2815,"potilaiden",3,"FIN"
2816,"prosentista",3,"FIN"
2817,"puhelin",3,"FIN"
2818,"puhkesi",3,"FIN"
2819,"pulaa",3,"FIN"
2820,"puolilla",3,"FIN"
2821,"puolitoista",3,"FIN"
2822,"puoluetta",3,"FIN"
2823,"putosi",3,"FIN"
2824,"puun",3,"FIN"
2825,"pyrkivät",3,"FIN"
2826,"pystytään",3,"FIN"
2827,"pystyy",3,"FIN"
2828,"pysyy",3,"FIN"
2829,"pyytänyt",3,"FIN"
2830,"radio",3,"FIN"
2831,"rahojen",3,"FIN"
2832,"raja",3,"FIN"
2833,"räjäyttää",3,"FIN"
2834,"rajoitettua",3,"FIN"
2835,"rakastaa",3,"FIN"
2836,"rakennus",3,"FIN"
2837,"rakentaminen",3,"FIN"
2838,"rakentamiseen",3,"FIN"
2839,"rakentamisen",3,"FIN"
2840,"rakentamista",3,"FIN"
2841,"rakentanut",3,"FIN"
2842,"rannalla",3,"FIN"
2843,"ranska",3,"FIN"
2844,"ranskassa",3,"FIN"
2845,"ranta",3,"FIN"
2846,"raportin",3,"FIN"
2847,"raportti",3,"FIN"
2848,"rasva",3,"FIN"
2849,"ratkaisuja",3,"FIN"
2850,"rauhassa",3,"FIN"
2851,"rauman",3,"FIN"
2852,"reilun",3,"FIN"
2853,"riittämätön",3,"FIN"
2854,"rikokset",3,"FIN"
2855,"rikoksiin",3,"FIN"
2856,"rikoksista",3,"FIN"
2857,"riski",3,"FIN"
2858,"roimasti",3,"FIN"
2859,"romahtanut",3,"FIN"
2860,"rovaniemellä",3,"FIN"
2861,"saapuvan",3,"FIN"
2862,"saara",3,"FIN"
2863,"saari",3,"FIN"
2864,"saarikko",3,"FIN"
2865,"saataisiin",3,"FIN"
2866,"saavutti",3,"FIN"
2867,"sairaanhoitopiirin",3,"FIN"
2868,"saksa",3,"FIN"
2869,"salmela",3,"FIN"
2870,"saloon",3,"FIN"
2871,"salosta",3,"FIN"
2872,"samana",3,"FIN"
2873,"samassa",3,"FIN"
2874,"samat",3,"FIN"
2875,"sami",3,"FIN"
2876,"sanoin",3,"FIN"
2877,"sari",3,"FIN"
2878,"sarjaa",3,"FIN"
2879,"sarjassa",3,"FIN"
2880,"sauli",3,"FIN"
2881,"saunan",3,"FIN"
2882,"sellaiset",3,"FIN"
2883,"selvitetään",3,"FIN"
2884,"selvitti",3,"FIN"
2885,"selvitys",3,"FIN"
2886,"seuraava",3,"FIN"
2887,"seurasi",3,"FIN"
2888,"seurauksista",3,"FIN"
2889,"siirrettiin",3,"FIN"
2890,"siirtyä",3,"FIN"
2891,"siirtymässä",3,"FIN"
2892,"sijaitsevassa",3,"FIN"
2893,"silmät",3,"FIN"
2894,"silmissä",3,"FIN"
2895,"siltä",3,"FIN"
2896,"sinulle",3,"FIN"
2897,"sinut",3,"FIN"
2898,"sitoo",3,"FIN"
2899,"sitoutunut",3,"FIN"
2900,"slam",3,"FIN"
2901,"soitti",3,"FIN"
2902,"some",3,"FIN"
2903,"someron",3,"FIN"
2904,"somessa",3,"FIN"
2905,"sopii",3,"FIN"
2906,"sosiaalista",3,"FIN"
2907,"sovittu",3,"FIN"
2908,"stalinin",3,"FIN"
2909,"stora",3,"FIN"
2910,"suhde",3,"FIN"
2911,"sujui",3,"FIN"
2912,"suojaa",3,"FIN"
2913,"suomalaisesta",3,"FIN"
2914,"suomalaisten",3,"FIN"
2915,"suosion",3,"FIN"
2916,"suunnitellut",3,"FIN"
2917,"suunnitelmissa",3,"FIN"
2918,"suunnittelee",3,"FIN"
2919,"suuntaa",3,"FIN"
2920,"suuntiin",3,"FIN"
2921,"suurelle",3,"FIN"
2922,"suurempi",3,"FIN"
2923,"suurten",3,"FIN"
2924,"syömään",3,"FIN"
2925,"syötön",3,"FIN"
2926,"syynä",3,"FIN"
2927,"syyteharkintaan",3,"FIN"
2928,"taaksepäin",3,"FIN"
2929,"taannoin",3,"FIN"
2930,"taatusti",3,"FIN"
2931,"tahdon",3,"FIN"
2932,"tähti",3,"FIN"
2933,"taistelee",3,"FIN"
2934,"tällainen",3,"FIN"
2935,"talo",3,"FIN"
2936,"taloudellisesti",3,"FIN"
2937,"talvella",3,"FIN"
2938,"talvena",3,"FIN"
2939,"tammikuussa",3,"FIN"
2940,"tapahtua",3,"FIN"
2941,"tapahtuivat",3,"FIN"
2942,"tapahtumien",3,"FIN"
2943,"tapauksia",3,"FIN"
2944,"tapauksissa",3,"FIN"
2945,"tarina",3,"FIN"
2946,"tarinaa",3,"FIN"
2947,"tarkasti",3,"FIN"
2948,"tarkkana",3,"FIN"
2949,"tarvitsisi",3,"FIN"
2950,"tarvittavat",3,"FIN"
2951,"tasa",3,"FIN"
2952,"tasavallan",3,"FIN"
2953,"taudin",3,"FIN"
2954,"tauolla",3,"FIN"
2955,"tavallisesti",3,"FIN"
2956,"tavallisten",3,"FIN"
2957,"tavoitetta",3,"FIN"
2958,"täynnä",3,"FIN"
2959,"tehdyn",3,"FIN"
2960,"tehtäisiin",3,"FIN"
2961,"tehtäviä",3,"FIN"
2962,"teillä",3,"FIN"
2963,"tekemä",3,"FIN"
2964,"tekemisen",3,"FIN"
2965,"tekevät",3,"FIN"
2966,"tekisi",3,"FIN"
2967,"teksti",3,"FIN"
2968,"telakan",3,"FIN"
2969,"terveyspalveluiden",3,"FIN"
2970,"tie",3,"FIN"
2971,"tiedottaa",3,"FIN"
2972,"tiedotti",3,"FIN"
2973,"tiedotustilaisuudessa",3,"FIN"
2974,"tien",3,"FIN"
2975,"tiennyt",3,"FIN"
2976,"tiesi",3,"FIN"
2977,"tilanteissa",3,"FIN"
2978,"tilanteita",3,"FIN"
2979,"tilille",3,"FIN"
2980,"tiloissa",3,"FIN"
2981,"todellinen",3,"FIN"
2982,"toimien",3,"FIN"
2983,"toimijoihin",3,"FIN"
2984,"toimineen",3,"FIN"
2985,"toimintaan",3,"FIN"
2986,"toiminut",3,"FIN"
2987,"toimiston",3,"FIN"
2988,"toimituksissa",3,"FIN"
2989,"toisensa",3,"FIN"
2990,"toisiaan",3,"FIN"
2991,"toivoi",3,"FIN"
2992,"toivotaan",3,"FIN"
2993,"toki",3,"FIN"
2994,"torin",3,"FIN"
2995,"torjui",3,"FIN"
2996,"törkeästä",3,"FIN"
2997,"törmäsi",3,"FIN"
2998,"torstaista",3,"FIN"
2999,"tosin",3,"FIN"
3000,"totta",3,"FIN"
3001,"toukokuussa",3,"FIN"
3002,"trump",3,"FIN"
3003,"trumpin",3,"FIN"
3004,"tuhat",3,"FIN"
3005,"tukee",3,"FIN"
3006,"tukeneet",3,"FIN"
3007,"tulevaisuuden",3,"FIN"
3008,"tulevana",3,"FIN"
3009,"tulevista",3,"FIN"
3010,"tulipalo",3,"FIN"
3011,"tulleen",3,"FIN"
3012,"tulleet",3,"FIN"
3013,"tullessaan",3,"FIN"
3014,"tulo",3,"FIN"
3015,"tuloksella",3,"FIN"
3016,"tunnistaa",3,"FIN"
3017,"tuntea",3,"FIN"
3018,"tuntui",3,"FIN"
3019,"tuoda",3,"FIN"
3020,"tuoreen",3,"FIN"
3021,"tuotannossa",3,"FIN"
3022,"tuotanto",3,"FIN"
3023,"tuotantoon",3,"FIN"
3024,"tuote",3,"FIN"
3025,"tuotiin",3,"FIN"
3026,"turnaus",3,"FIN"
3027,"turvallisuus",3,"FIN"
3028,"tutkija",3,"FIN"
3029,"tutkijoiden",3,"FIN"
3030,"tutkimuksen",3,"FIN"
3031,"tutkimusprofessori",3,"FIN"
3032,"tuttu",3,"FIN"
3033,"tyksin",3,"FIN"
3034,"työllistää",3,"FIN"
3035,"työnantajan",3,"FIN"
3036,"työskenteli",3,"FIN"
3037,"työssä",3,"FIN"
3038,"tyttöjen",3,"FIN"
3039,"ukrainasta",3,"FIN"
3040,"ulkomaalaisia",3,"FIN"
3041,"ulkomailla",3,"FIN"
3042,"ulkomaille",3,"FIN"
3043,"ulkopuolelta",3,"FIN"
3044,"uniper",3,"FIN"
3045,"uransa",3,"FIN"
3046,"useaan",3,"FIN"
3047,"useammin",3,"FIN"
3048,"useampi",3,"FIN"
3049,"usean",3,"FIN"
3050,"useilla",3,"FIN"
3051,"uskoa",3,"FIN"
3052,"uudessakaupungissa",3,"FIN"
3053,"uudesta",3,"FIN"
3054,"uudistus",3,"FIN"
3055,"uusien",3,"FIN"
3056,"vaalikaudella",3,"FIN"
3057,"vaalit",3,"FIN"
3058,"väärää",3,"FIN"
3059,"vaarallisia",3,"FIN"
3060,"väärin",3,"FIN"
3061,"vaati",3,"FIN"
3062,"vaatia",3,"FIN"
3063,"vaatimuksia",3,"FIN"
3064,"vaatinut",3,"FIN"
3065,"vaatisi",3,"FIN"
3066,"vahvaa",3,"FIN"
3067,"vahvisti",3,"FIN"
3068,"vaihtoehtoja",3,"FIN"
3069,"vaikeita",3,"FIN"
3070,"vaikeuksia",3,"FIN"
3071,"vaikuttamaan",3,"FIN"
3072,"vaikutus",3,"FIN"
3073,"väinö",3,"FIN"
3074,"väittänyt",3,"FIN"
3075,"vajaa",3,"FIN"
3076,"väkeä",3,"FIN"
3077,"väkivaltaa",3,"FIN"
3078,"välieriin",3,"FIN"
3079,"väliin",3,"FIN"
3080,"valinnut",3,"FIN"
3081,"välisen",3,"FIN"
3082,"välistä",3,"FIN"
3083,"valmistelun",3,"FIN"
3084,"valoa",3,"FIN"
3085,"valta",3,"FIN"
3086,"valtakunnallisesti",3,"FIN"
3087,"valtava",3,"FIN"
3088,"valtio",3,"FIN"
3089,"välttäminen",3,"FIN"
3090,"valtuusto",3,"FIN"
3091,"valtuutetut",3,"FIN"
3092,"vanhemmat",3,"FIN"
3093,"vanhojen",3,"FIN"
3094,"vapaaehtoinen",3,"FIN"
3095,"vapaaehtoisen",3,"FIN"
3096,"varalle",3,"FIN"
3097,"varassa",3,"FIN"
3098,"varattu",3,"FIN"
3099,"varhain",3,"FIN"
3100,"varsinaisesti",3,"FIN"
3101,"varsinaista",3,"FIN"
3102,"vasemmistoliiton",3,"FIN"
3103,"vastaavalla",3,"FIN"
3104,"vastaavan",3,"FIN"
3105,"vastaavanlaisia",3,"FIN"
3106,"vastata",3,"FIN"
3107,"vastoin",3,"FIN"
3108,"verkkosivuillaan",3,"FIN"
3109,"verkosta",3,"FIN"
3110,"verrataan",3,"FIN"
3111,"vienyt",3,"FIN"
3112,"vieras",3,"FIN"
3113,"viestejä",3,"FIN"
3114,"viesti",3,"FIN"
3115,"viestiin",3,"FIN"
3116,"vietetään",3,"FIN"
3117,"vietettiin",3,"FIN"
3118,"viimeiseksi",3,"FIN"
3119,"viimeisellä",3,"FIN"
3120,"viimeisenä",3,"FIN"
3121,"viimeiset",3,"FIN"
3122,"viimeisin",3,"FIN"
3123,"viiteen",3,"FIN"
3124,"villa",3,"FIN"
3125,"vilpas",3,"FIN"
3126,"viranomaisten",3,"FIN"
3127,"virheiden",3,"FIN"
3128,"virkaan",3,"FIN"
3129,"virossa",3,"FIN"
3130,"voimaa",3,"FIN"
3131,"voimakkaasti",3,"FIN"
3132,"voin",3,"FIN"
3133,"voisiko",3,"FIN"
3134,"voisin",3,"FIN"
3135,"voitolla",3,"FIN"
3136,"voitot",3,"FIN"
3137,"voitto",3,"FIN"
3138,"voittoa",3,"FIN"
3139,"voittonsa",3,"FIN"
3140,"voitu",3,"FIN"
3141,"vuoro",3,"FIN"
3142,"vuorokauden",3,"FIN"
3143,"vuorossa",3,"FIN"
3144,"vuosikymmenen",3,"FIN"
3145,"vuotiaille",3,"FIN"
3146,"yhdistää",3,"FIN"
3147,"yhdistys",3,"FIN"
3148,"yhtään",3,"FIN"
3149,"yhteinen",3,"FIN"
3150,"yhteisen",3,"FIN"
3151,"yhteiskunnan",3,"FIN"
3152,"yhteistä",3,"FIN"
3153,"yhteistyö",3,"FIN"
3154,"yhteistyöhön",3,"FIN"
3155,"yhtenä",3,"FIN"
3156,"yhtiö",3,"FIN"
3157,"yksikön",3,"FIN"
3158,"yle",3,"FIN"
3159,"yleinen",3,"FIN"
3160,"yleisö",3,"FIN"
3161,"yleistä",3,"FIN"
3162,"yliopistosta",3,"FIN"
3163,"yllätyksenä",3,"FIN"
3164,"ylsi",3,"FIN"
3165,"yltänyt",3,"FIN"
3166,"ymmärretään",3,"FIN"
3167,"ymmärtänyt",3,"FIN"
3168,"ympärillä",3,"FIN"
3169,"ympärille",3,"FIN"
3170,"ympäristön",3,"FIN"
3171,"yö",3,"FIN"
3172,"yorkissa",3,"FIN"
3173,"youtube",3,"FIN"
3174,"yritetään",3,"FIN"
3175,"10 000",2,"FIN"
3176,"150",2,"FIN"
3177,"1600",2,"FIN"
3178,"1800",2,"FIN"
3179,"1968",2,"FIN"
3180,"1969",2,"FIN"
3181,"1970",2,"FIN"
3182,"1975",2,"FIN"
3183,"1980",2,"FIN"
3184,"1991",2,"FIN"
3185,"1998",2,"FIN"
3186,"2004",2,"FIN"
3187,"2006",2,"FIN"
3188,"2012",2,"FIN"
3189,"2013",2,"FIN"
3190,"2025",2,"FIN"
3191,"240",2,"FIN"
3192,"33",2,"FIN"
3193,"36",2,"FIN"
3194,"38",2,"FIN"
3195,"39",2,"FIN"
3196,"436",2,"FIN"
3197,"44",2,"FIN"
3198,"461",2,"FIN"
3199,"47",2,"FIN"
3200,"5000",2,"FIN"
3201,"58",2,"FIN"
3202,"612",2,"FIN"
3203,"63",2,"FIN"
3204,"71",2,"FIN"
3205,"73",2,"FIN"
3206,"75",2,"FIN"
3207,"78",2,"FIN"
3208,"82",2,"FIN"
3209,"85",2,"FIN"
3210,"87",2,"FIN"
3211,"900",2,"FIN"
3212,"92",2,"FIN"
3213,"93",2,"FIN"
3214,"94",2,"FIN"
3215,"aa",2,"FIN"
3216,"aaltola",2,"FIN"
3217,"aaltonen",2,"FIN"
3218,"aamu",2,"FIN"
3219,"aamupäivällä",2,"FIN"
3220,"äänen",2,"FIN"
3221,"äänestää",2,"FIN"
3222,"äänestäminen",2,"FIN"
3223,"äänestettiin",2,"FIN"
3224,"ääni",2,"FIN"
3225,"äänin",2,"FIN"
3226,"äänistä",2,"FIN"
3227,"äärellä",2,"FIN"
3228,"aasian",2,"FIN"
3229,"aavistuksen",2,"FIN"
3230,"abortin",2,"FIN"
3231,"activision",2,"FIN"
3232,"afp",2,"FIN"
3233,"afrikan",2,"FIN"
3234,"aggressiivisesti",2,"FIN"
3235,"ahdinko",2,"FIN"
3236,"ahdinkoon",2,"FIN"
3237,"ahokas",2,"FIN"
3238,"ahonen",2,"FIN"
3239,"ahosen",2,"FIN"
3240,"aidan",2,"FIN"
3241,"äidin",2,"FIN"
3242,"äidit",2,"FIN"
3243,"aidosta",2,"FIN"
3244,"aihetta",2,"FIN"
3245,"aiheuttaneen",2,"FIN"
3246,"aiheuttanut",2,"FIN"
3247,"aiheuttivat",2,"FIN"
3248,"aikaiset",2,"FIN"
3249,"aikalisä",2,"FIN"
3250,"aikansa",2,"FIN"
3251,"aikataululla",2,"FIN"
3252,"aikoihin",2,"FIN"
3253,"aikoinaan",2,"FIN"
3254,"aikuinen",2,"FIN"
3255,"aikuista",2,"FIN"
3256,"aineksia",2,"FIN"
3257,"ainetta",2,"FIN"
3258,"aino",2,"FIN"
3259,"ainutlaatuinen",2,"FIN"
3260,"aio",2,"FIN"
3261,"air",2,"FIN"
3262,"airisto",2,"FIN"
3263,"aito",2,"FIN"
3264,"aitoja",2,"FIN"
3265,"ajaksi",2,"FIN"
3266,"ajamaan",2,"FIN"
3267,"ajankohtaa",2,"FIN"
3268,"ajankohtaan",2,"FIN"
3269,"ajat",2,"FIN"
3270,"ajatellut",2,"FIN"
3271,"ajattelee",2,"FIN"
3272,"ajattelen",2,"FIN"
3273,"ajattelevat",2,"FIN"
3274,"ajattelin",2,"FIN"
3275,"ajattelua",2,"FIN"
3276,"ajetaan",2,"FIN"
3277,"ajo",2,"FIN"
3278,"ajoneuvon",2,"FIN"
3279,"akaalaisten",2,"FIN"
3280,"akaassa",2,"FIN"
3281,"akatemian",2,"FIN"
3282,"aktiivinen",2,"FIN"
3283,"akun",2,"FIN"
3284,"akuutin",2,"FIN"
3285,"aleksandr",2,"FIN"
3286,"aleksei",2,"FIN"
3287,"aletaan",2,"FIN"
3288,"alfa",2,"FIN"
3289,"alisteinen",2,"FIN"
3290,"alivoimalla",2,"FIN"
3291,"alkaessa",2,"FIN"
3292,"alkaneet",2,"FIN"
3293,"alkavaa",2,"FIN"
3294,"alku",2,"FIN"
3295,"alkuperäisen",2,"FIN"
3296,"alkuun",2,"FIN"
3297,"alkuunsa",2,"FIN"
3298,"alkuviikon",2,"FIN"
3299,"alkuvuoden",2,"FIN"
3300,"allekirjoittivat",2,"FIN"
3301,"aloilla",2,"FIN"
3302,"aloitetaan",2,"FIN"
3303,"altaan",2,"FIN"
3304,"alueellinen",2,"FIN"
3305,"alueelliset",2,"FIN"
3306,"alueelta",2,"FIN"
3307,"aluehallintoviraston",2,"FIN"
3308,"alueille",2,"FIN"
3309,"alueisiin",2,"FIN"
3310,"alueita",2,"FIN"
3311,"alustavasti",2,"FIN"
3312,"amerikan",2,"FIN"
3313,"ammatti",2,"FIN"
3314,"ammattilaisten",2,"FIN"
3315,"amnesty",2,"FIN"
3316,"an",2,"FIN"
3317,"andrew",2,"FIN"
3318,"android",2,"FIN"
3319,"ankkurina",2,"FIN"
3320,"anni",2,"FIN"
3321,"annoksen",2,"FIN"
3322,"antama",2,"FIN"
3323,"antamaan",2,"FIN"
3324,"antamassa",2,"FIN"
3325,"antamia",2,"FIN"
3326,"anteeksi",2,"FIN"
3327,"antonio",2,"FIN"
3328,"ap",2,"FIN"
3329,"apple",2,"FIN"
3330,"apulaisprofessori",2,"FIN"
3331,"aqsan",2,"FIN"
3332,"areenassa",2,"FIN"
3333,"ari",2,"FIN"
3334,"arizonan",2,"FIN"
3335,"arki",2,"FIN"
3336,"armo",2,"FIN"
3337,"arppen",2,"FIN"
3338,"arsenal",2,"FIN"
3339,"arthur",2,"FIN"
3340,"artikkelista",2,"FIN"
3341,"arto",2,"FIN"
3342,"arttu",2,"FIN"
3343,"arvioidaan",2,"FIN"
3344,"arviointiin",2,"FIN"
3345,"arvioinut",2,"FIN"
3346,"arvioitu",2,"FIN"
3347,"arviolta",2,"FIN"
3348,"arvoa",2,"FIN"
3349,"arvon",2,"FIN"
3350,"arvosta",2,"FIN"
3351,"as",2,"FIN"
3352,"aseiden",2,"FIN"
3353,"asemaa",2,"FIN"
3354,"asenteita",2,"FIN"
3355,"asetelma",2,"FIN"
3356,"asetti",2,"FIN"
3357,"asettua",2,"FIN"
3358,"asiakkaat",2,"FIN"
3359,"asiakkaina",2,"FIN"
3360,"asiana",2,"FIN"
3361,"asiansa",2,"FIN"
3362,"ässät",2,"FIN"
3363,"astuvat",2,"FIN"
3364,"asukkaan",2,"FIN"
3365,"asukkaista",2,"FIN"
3366,"asumisoikeusasuntojen",2,"FIN"
3367,"asunnossa",2,"FIN"
3368,"asutusalueella",2,"FIN"
3369,"asuvia",2,"FIN"
3370,"au",2,"FIN"
3371,"aukesi",2,"FIN"
3372,"aukko",2,"FIN"
3373,"auraan",2,"FIN"
3374,"auranmaan",2,"FIN"
3375,"australialainen",2,"FIN"
3376,"auta",2,"FIN"
3377,"autolla",2,"FIN"
3378,"autotehtaan",2,"FIN"
3379,"auttoi",2,"FIN"
3380,"avasi",2,"FIN"
3381,"avataan",2,"FIN"
3382,"avattiin",2,"FIN"
3383,"avauserän",2,"FIN"
3384,"avausottelussa",2,"FIN"
3385,"avautui",2,"FIN"
3386,"avoimesti",2,"FIN"
3387,"avoimista",2,"FIN"
3388,"avuksi",2,"FIN"
3389,"avusta",2,"FIN"
3390,"avustaja",2,"FIN"
3391,"avustusta",2,"FIN"
3392,"baarit",2,"FIN"
3393,"baas",2,"FIN"
3394,"bändi",2,"FIN"
3395,"bändin",2,"FIN"
3396,"barkov",2,"FIN"
3397,"be",2,"FIN"
3398,"beurling",2,"FIN"
3399,"bowieta",2,"FIN"
3400,"brandtin",2,"FIN"
3401,"brasiliassa",2,"FIN"
3402,"broas",2,"FIN"
3403,"brynäs",2,"FIN"
3404,"brysselin",2,"FIN"
3405,"budjetissa",2,"FIN"
3406,"budjetista",2,"FIN"
3407,"budjetoinnin",2,"FIN"
3408,"budjetti",2,"FIN"
3409,"budjettiriihessä",2,"FIN"
3410,"busseja",2,"FIN"
3411,"bussi",2,"FIN"
3412,"c",2,"FIN"
3413,"carolinan",2,"FIN"
3414,"chelsean",2,"FIN"
3415,"christopher",2,"FIN"
3416,"city",2,"FIN"
3417,"cityn",2,"FIN"
3418,"classic",2,"FIN"
3419,"composite",2,"FIN"
3420,"cortez",2,"FIN"
3421,"covid",2,"FIN"
3422,"craig",2,"FIN"
3423,"cupin",2,"FIN"
3424,"cupissa",2,"FIN"
3425,"d",2,"FIN"
3426,"dataa",2,"FIN"
3427,"david",2,"FIN"
3428,"demokratiaa",2,"FIN"
3429,"dieselin",2,"FIN"
3430,"disneyn",2,"FIN"
3431,"dna",2,"FIN"
3432,"dollari",2,"FIN"
3433,"dollarilla",2,"FIN"
3434,"dominikaanisen",2,"FIN"
3435,"dosentti",2,"FIN"
3436,"dow",2,"FIN"
3437,"duplantis",2,"FIN"
3438,"e",2,"FIN"
3439,"edelleenkään",2,"FIN"
3440,"edellinen",2,"FIN"
3441,"edellisellä",2,"FIN"
3442,"edellisiin",2,"FIN"
3443,"edellisvuoden",2,"FIN"
3444,"edellyttäisi",2,"FIN"
3445,"edeltävälle",2,"FIN"
3446,"edennyt",2,"FIN"
3447,"edesvastuuseen",2,"FIN"
3448,"edetessä",2,"FIN"
3449,"edge",2,"FIN"
3450,"edmonton",2,"FIN"
3451,"edmontonissa",2,"FIN"
3452,"eduskuntaryhmä",2,"FIN"
3453,"eduskuntavaalit",2,"FIN"
3454,"edustalla",2,"FIN"
3455,"edustava",2,"FIN"
3456,"edusti",2,"FIN"
3457,"eeli",2,"FIN"
3458,"eeva",2,"FIN"
3459,"egyptiin",2,"FIN"
3460,"ehdokas",2,"FIN"
3461,"ehdokasta",2,"FIN"
3462,"ehdottaa",2,"FIN"
3463,"ehdottomasti",2,"FIN"
3464,"ehdotuksessa",2,"FIN"
3465,"ehdotus",2,"FIN"
3466,"ehdotusta",2,"FIN"
3467,"eija",2,"FIN"
3468,"eiköhän",2,"FIN"
3469,"eilisessä",2,"FIN"
3470,"einolassa",2,"FIN"
3471,"ek",2,"FIN"
3472,"el",2,"FIN"
3473,"eläimiä",2,"FIN"
3474,"elämäänsä",2,"FIN"
3475,"elämyksiä",2,"FIN"
3476,"elävää",2,"FIN"
3477,"elias",2,"FIN"
3478,"elinkeinoelämän",2,"FIN"
3479,"elinkustannusten",2,"FIN"
3480,"elintärkeä",2,"FIN"
3481,"elisa",2,"FIN"
3482,"ella",2,"FIN"
3483,"elle",2,"FIN"
3484,"elon",2,"FIN"
3485,"elvis",2,"FIN"
3486,"emil",2,"FIN"
3487,"emilia",2,"FIN"
3488,"energiayhtiöiden",2,"FIN"
3489,"enimmillään",2,"FIN"
3490,"enkä",2,"FIN"
3491,"ennakkoäänestys",2,"FIN"
3492,"ennakoivat",2,"FIN"
3493,"ennallistaminen",2,"FIN"
3494,"ennätys",2,"FIN"
3495,"ennätystä",2,"FIN"
3496,"ennemmin",2,"FIN"
3497,"ennuste",2,"FIN"
3498,"ensihoitajan",2,"FIN"
3499,"ensisijaisesti",2,"FIN"
3500,"enson",2,"FIN"
3501,"entisiin",2,"FIN"
3502,"epäasiallisen",2,"FIN"
3503,"epäasiallista",2,"FIN"
3504,"epäilee",2,"FIN"
3505,"epäillyn",2,"FIN"
3506,"epäillyt",2,"FIN"
3507,"epäiltynä",2,"FIN"
3508,"epäterveellistä",2,"FIN"
3509,"eräiden",2,"FIN"
3510,"eräs",2,"FIN"
3511,"erik",2,"FIN"
3512,"eriksson",2,"FIN"
3513,"erilaisiin",2,"FIN"
3514,"erilaisten",2,"FIN"
3515,"erillinen",2,"FIN"
3516,"erin",2,"FIN"
3517,"erityinen",2,"FIN"
3518,"erityisasiantuntija",2,"FIN"
3519,"erja",2,"FIN"
3520,"erkki",2,"FIN"
3521,"eroavat",2,"FIN"
3522,"eroja",2,"FIN"
3523,"eron",2,"FIN"
3524,"eroon",2,"FIN"
3525,"erosi",2,"FIN"
3526,"esa",2,"FIN"
3527,"esiintymään",2,"FIN"
3528,"esiintyvän",2,"FIN"
3529,"esimerkin",2,"FIN"
3530,"esimerkkinä",2,"FIN"
3531,"esitetty",2,"FIN"
3532,"esittänyt",2,"FIN"
3533,"esittelee",2,"FIN"
3534,"esitutkinnan",2,"FIN"
3535,"esitutkinnassa",2,"FIN"
3536,"esitykset",2,"FIN"
3537,"esitystä",2,"FIN"
3538,"esko",2,"FIN"
3539,"espanja",2,"FIN"
3540,"espanjaan",2,"FIN"
3541,"espanjan",2,"FIN"
3542,"espoossa",2,"FIN"
3543,"esportsin",2,"FIN"
3544,"estä",2,"FIN"
3545,"estää",2,"FIN"
3546,"estämiseksi",2,"FIN"
3547,"esti",2,"FIN"
3548,"etenee",2,"FIN"
3549,"etenemisen",2,"FIN"
3550,"etenkään",2,"FIN"
3551,"ett",2,"FIN"
3552,"ette",2,"FIN"
3553,"etujärjestö",2,"FIN"
3554,"eturivin",2,"FIN"
3555,"etuuksista",2,"FIN"
3556,"etyj",2,"FIN"
3557,"eurassa",2,"FIN"
3558,"euro",2,"FIN"
3559,"euroalueen",2,"FIN"
3560,"euroja",2,"FIN"
3561,"eurosta",2,"FIN"
3562,"evan",2,"FIN"
3563,"evankelis",2,"FIN"
3564,"ex",2,"FIN"
3565,"facebookissa",2,"FIN"
3566,"fania",2,"FIN"
3567,"fbi",2,"FIN"
3568,"fennovoima",2,"FIN"
3569,"festivaalien",2,"FIN"
3570,"fifa",2,"FIN"
3571,"fiksu",2,"FIN"
3572,"finland",2,"FIN"
3573,"fitness",2,"FIN"
3574,"floridassa",2,"FIN"
3575,"fosfori",2,"FIN"
3576,"futsal",2,"FIN"
3577,"fuusion",2,"FIN"
3578,"fyysisessä",2,"FIN"
3579,"g2",2,"FIN"
3580,"gävlessä",2,"FIN"
3581,"glasspool",2,"FIN"
3582,"globaalin",2,"FIN"
3583,"globaalisti",2,"FIN"
3584,"gp",2,"FIN"
3585,"granlund",2,"FIN"
3586,"greenpeacen",2,"FIN"
3587,"grillin",2,"FIN"
3588,"groupin",2,"FIN"
3589,"guardianin",2,"FIN"
3590,"h",2,"FIN"
3591,"haahtelan",2,"FIN"
3592,"haastattelema",2,"FIN"
3593,"haastatteluhetkellä",2,"FIN"
3594,"haaste",2,"FIN"
3595,"haasteellista",2,"FIN"
3596,"haavisto",2,"FIN"
3597,"haettu",2,"FIN"
3598,"hahmo",2,"FIN"
3599,"hahmoja",2,"FIN"
3600,"häipyy",2,"FIN"
3601,"häiriön",2,"FIN"
3602,"haitallisten",2,"FIN"
3603,"haja",2,"FIN"
3604,"haju",2,"FIN"
3605,"hakemisessa",2,"FIN"
3606,"hakemuksen",2,"FIN"
3607,"hakenut",2,"FIN"
3608,"hakeutunut",2,"FIN"
3609,"hakevat",2,"FIN"
3610,"haki",2,"FIN"
3611,"hakkarainen",2,"FIN"
3612,"häkkinen",2,"FIN"
3613,"hakulisen",2,"FIN"
3614,"halikon",2,"FIN"
3615,"hallapelto",2,"FIN"
3616,"hallin",2,"FIN"
3617,"hallinnasta",2,"FIN"
3618,"hallinneen",2,"FIN"
3619,"hallintaan",2,"FIN"
3620,"hallintaansa",2,"FIN"
3621,"hallissa",2,"FIN"
3622,"hallitseva",2,"FIN"
3623,"hallituskumppanit",2,"FIN"
3624,"hallituspuolueiden",2,"FIN"
3625,"halloween",2,"FIN"
3626,"hallussa",2,"FIN"
3627,"haluaisivat",2,"FIN"
3628,"halusin",2,"FIN"
3629,"halutaan",2,"FIN"
3630,"halutessasi",2,"FIN"
3631,"haluttu",2,"FIN"
3632,"halvalla",2,"FIN"
3633,"hanketta",2,"FIN"
3634,"hankkeelle",2,"FIN"
3635,"hankkeeseen",2,"FIN"
3636,"hankkeisiin",2,"FIN"
3637,"hankkiminen",2,"FIN"
3638,"hankkinut",2,"FIN"
3639,"harjoittelee",2,"FIN"
3640,"harmaa",2,"FIN"
3641,"harmia",2,"FIN"
3642,"harmittelee",2,"FIN"
3643,"harrastaa",2,"FIN"
3644,"harrastus",2,"FIN"
3645,"harvinaisen",2,"FIN"
3646,"harvinaista",2,"FIN"
3647,"havahtui",2,"FIN"
3648,"havainneet",2,"FIN"
3649,"havainnoista",2,"FIN"
3650,"havaintoja",2,"FIN"
3651,"havaintojen",2,"FIN"
3652,"hävinneet",2,"FIN"
3653,"hävisivät",2,"FIN"
3654,"hävittäjiä",2,"FIN"
3655,"havu",2,"FIN"
3656,"heavy",2,"FIN"
3657,"hedelmät",2,"FIN"
3658,"heidät",2,"FIN"
3659,"heikentää",2,"FIN"
3660,"heikoimmassa",2,"FIN"
3661,"heiltä",2,"FIN"
3662,"heinolassa",2,"FIN"
3663,"heinonen",2,"FIN"
3664,"helen",2,"FIN"
3665,"helenius",2,"FIN"
3666,"heli",2,"FIN"
3667,"hella",2,"FIN"
3668,"hellittämään",2,"FIN"
3669,"helpottaa",2,"FIN"
3670,"helsinkiläisen",2,"FIN"
3671,"hengellinen",2,"FIN"
3672,"hengessä",2,"FIN"
3673,"henkilöauto",2,"FIN"
3674,"henkilöautossa",2,"FIN"
3675,"henkilökohtaista",2,"FIN"
3676,"henkilökunta",2,"FIN"
3677,"henkilön",2,"FIN"
3678,"henkilövahinkoja",2,"FIN"
3679,"heräsi",2,"FIN"
3680,"herätti",2,"FIN"
3681,"herkkuja",2,"FIN"
3682,"herkkyysikä",2,"FIN"
3683,"herran",2,"FIN"
3684,"hetket",2,"FIN"
3685,"hidasta",2,"FIN"
3686,"hienosti",2,"FIN"
3687,"hietasaaren",2,"FIN"
3688,"hiihtäjien",2,"FIN"
3689,"hiilen",2,"FIN"
3690,"hiilidioksidipäästöjen",2,"FIN"
3691,"hinnannousun",2,"FIN"
3692,"hirvonen",2,"FIN"
3693,"hirvosen",2,"FIN"
3694,"historiallisia",2,"FIN"
3695,"historiansa",2,"FIN"
3696,"historiassa",2,"FIN"
3697,"hoitajajärjestöt",2,"FIN"
3698,"hoitajapula",2,"FIN"
3699,"hoitajat",2,"FIN"
3700,"hoitajien",2,"FIN"
3701,"hoitoon",2,"FIN"
3702,"hoitua",2,"FIN"
3703,"holopainen",2,"FIN"
3704,"homeessa",2,"FIN"
3705,"homma",2,"FIN"
3706,"hopeareunus",2,"FIN"
3707,"houkuteltua",2,"FIN"
3708,"houkuttelevat",2,"FIN"
3709,"hovioikeus",2,"FIN"
3710,"huijarit",2,"FIN"
3711,"huijauksista",2,"FIN"
3712,"huikea",2,"FIN"
3713,"huima",2,"FIN"
3714,"huippu",2,"FIN"
3715,"huippukokous",2,"FIN"
3716,"huipulle",2,"FIN"
3717,"huolen",2,"FIN"
3718,"huolestuttaa",2,"FIN"
3719,"huomaa",2,"FIN"
3720,"huomata",2,"FIN"
3721,"huomattava",2,"FIN"
3722,"huomattavan",2,"FIN"
3723,"huomattavia",2,"FIN"
3724,"huomion",2,"FIN"
3725,"huoneen",2,"FIN"
3726,"huoneesta",2,"FIN"
3727,"huonekaluja",2,"FIN"
3728,"huonoja",2,"FIN"
3729,"hurricanesin",2,"FIN"
3730,"hus",2,"FIN"
3731,"husso",2,"FIN"
3732,"huttunen",2,"FIN"
3733,"huumausaineiden",2,"FIN"
3734,"huumeiden",2,"FIN"
3735,"huutava",2,"FIN"
3736,"hyökätä",2,"FIN"
3737,"hyökkääjät",2,"FIN"
3738,"hyökkäsi",2,"FIN"
3739,"hyökkäyksensä",2,"FIN"
3740,"hyökkäykset",2,"FIN"
3741,"hyökkäyspeli",2,"FIN"
3742,"hyökkäyssotaan",2,"FIN"
3743,"hyöty",2,"FIN"
3744,"hyvään",2,"FIN"
3745,"hyväksyä",2,"FIN"
3746,"hyväksytyt",2,"FIN"
3747,"hyväksyvät",2,"FIN"
3748,"hyvältä",2,"FIN"
3749,"hyvien",2,"FIN"
3750,"hyvillä",2,"FIN"
3751,"hyvinvointialue",2,"FIN"
3752,"hyvinvointialueiden",2,"FIN"
3753,"hyvinvointiin",2,"FIN"
3754,"hyvinvointilautakunta",2,"FIN"
3755,"hyvissä",2,"FIN"
3756,"iän",2,"FIN"
3757,"idän",2,"FIN"
3758,"ideoita",2,"FIN"
3759,"ifk",2,"FIN"
3760,"ihmettelee",2,"FIN"
3761,"ihmetteli",2,"FIN"
3762,"ihmisellä",2,"FIN"
3763,"ihmiselle",2,"FIN"
3764,"ihmisillä",2,"FIN"
3765,"ihmisiltä",2,"FIN"
3766,"ihmisistä",2,"FIN"
3767,"ihmiskunnan",2,"FIN"
3768,"ihmisoikeusjärjestö",2,"FIN"
3769,"ii",2,"FIN"
3770,"iida",2,"FIN"
3771,"iihf",2,"FIN"
3772,"ikää",2,"FIN"
3773,"ikäihmisten",2,"FIN"
3774,"ikäinen",2,"FIN"
3775,"ikäisen",2,"FIN"
3776,"ikkunoista",2,"FIN"
3777,"ikonen",2,"FIN"
3778,"ilahduttaa",2,"FIN"
3779,"illasta",2,"FIN"
3780,"ilmainen",2,"FIN"
3781,"ilmaiseksi",2,"FIN"
3782,"ilmapiiri",2,"FIN"
3783,"ilmassa",2,"FIN"
3784,"ilmasto",2,"FIN"
3785,"ilmastonmuutoksen",2,"FIN"
3786,"ilmastonmuutos",2,"FIN"
3787,"ilmatorjuntajärjestelmiä",2,"FIN"
3788,"ilmavoimien",2,"FIN"
3789,"ilmeisemmin",2,"FIN"
3790,"ilmestynyt",2,"FIN"
3791,"ilmoitettiin",2,"FIN"
3792,"ilmoittaneet",2,"FIN"
3793,"ilmoituksia",2,"FIN"
3794,"iloinen",2,"FIN"
3795,"ilolan",2,"FIN"
3796,"ilonaihe",2,"FIN"
3797,"iltaisin",2,"FIN"
3798,"iltalehden",2,"FIN"
3799,"iltatorilla",2,"FIN"
3800,"iltoina",2,"FIN"
3801,"ilves",2,"FIN"
3802,"incomplete",2,"FIN"
3803,"inderes",2,"FIN"
3804,"indonesian",2,"FIN"
3805,"infektioylilääkäri",2,"FIN"
3806,"inflaation",2,"FIN"
3807,"innolla",2,"FIN"
3808,"instagramin",2,"FIN"
3809,"instituutin",2,"FIN"
3810,"international",2,"FIN"
3811,"intia",2,"FIN"
3812,"into",2,"FIN"
3813,"investoi",2,"FIN"
3814,"investoinnit",2,"FIN"
3815,"ipv",2,"FIN"
3816,"irania",2,"FIN"
3817,"irlannin",2,"FIN"
3818,"iron",2,"FIN"
3819,"irtosi",2,"FIN"
3820,"isäni",2,"FIN"
3821,"isänsä",2,"FIN"
3822,"iskuja",2,"FIN"
3823,"iskussa",2,"FIN"
3824,"iskut",2,"FIN"
3825,"isoin",2,"FIN"
3826,"isojen",2,"FIN"
3827,"israel",2,"FIN"
3828,"istunnossa",2,"FIN"
3829,"itäisen",2,"FIN"
3830,"italiasta",2,"FIN"
3831,"itämeren",2,"FIN"
3832,"itäraja",2,"FIN"
3833,"itärannikolta",2,"FIN"
3834,"itsekään",2,"FIN"
3835,"itsellesi",2,"FIN"
3836,"itsenäisesti",2,"FIN"
3837,"itsenäisyyspäivän",2,"FIN"
3838,"itsessään",2,"FIN"
3839,"jääkiekkoa",2,"FIN"
3840,"jääkiekkoliigan",2,"FIN"
3841,"jääneet",2,"FIN"
3842,"jäätelöt",2,"FIN"
3843,"jaetut",2,"FIN"
3844,"jäiden",2,"FIN"
3845,"jakanut",2,"FIN"
3846,"jakavat",2,"FIN"
3847,"jakelusta",2,"FIN"
3848,"jaksa",2,"FIN"
3849,"jäljiltä",2,"FIN"
3850,"jalkapalloliigassa",2,"FIN"
3851,"jälkeenkin",2,"FIN"
3852,"jälkiviisaana",2,"FIN"
3853,"jamaikan",2,"FIN"
3854,"jamie",2,"FIN"
3855,"jamppi",2,"FIN"
3856,"jannika",2,"FIN"
3857,"jännittävämmän",2,"FIN"
3858,"jännitteet",2,"FIN"
3859,"jantunen",2,"FIN"
3860,"jaosto",2,"FIN"
3861,"järin",2,"FIN"
3862,"järjestämisvastuu",2,"FIN"
3863,"järjestelmään",2,"FIN"
3864,"järjestelmän",2,"FIN"
3865,"järjestelmien",2,"FIN"
3866,"järjestöjen",2,"FIN"
3867,"järjestöt",2,"FIN"
3868,"järvinen",2,"FIN"
3869,"jäsenet",2,"FIN"
3870,"jäsenillä",2,"FIN"
3871,"jäsenistä",2,"FIN"
3872,"jäsenmäärä",2,"FIN"
3873,"jäsenmaata",2,"FIN"
3874,"jäsenmaille",2,"FIN"
3875,"jäsenyyden",2,"FIN"
3876,"jäsenyys",2,"FIN"
3877,"jätä",2,"FIN"
3878,"jätehuollon",2,"FIN"
3879,"jätettiin",2,"FIN"
3880,"jatkamaan",2,"FIN"
3881,"jatkavat",2,"FIN"
3882,"jatkui",2,"FIN"
3883,"jatkuvassa",2,"FIN"
3884,"jenni",2,"FIN"
3885,"jerusalemin",2,"FIN"
3886,"jesperi",2,"FIN"
3887,"jhl",2,"FIN"
3888,"joen",2,"FIN"
3889,"joensuu",2,"FIN"
3890,"joensuulaisen",2,"FIN"
3891,"joensuun",2,"FIN"
3892,"joensuussa",2,"FIN"
3893,"johan",2,"FIN"
3894,"johanna",2,"FIN"
3895,"johonkin",2,"FIN"
3896,"johtajaa",2,"FIN"
3897,"johtajat",2,"FIN"
3898,"johtama",2,"FIN"
3899,"johtaminen",2,"FIN"
3900,"johtavat",2,"FIN"
3901,"joihin",2,"FIN"
3902,"joillakin",2,"FIN"
3903,"jokaisella",2,"FIN"
3904,"jokaiselle",2,"FIN"
3905,"jokaisesta",2,"FIN"
3906,"jokaista",2,"FIN"
3907,"jokseenkin",2,"FIN"
3908,"jollakin",2,"FIN"
3909,"jones",2,"FIN"
3910,"joonas",2,"FIN"
3911,"jorma",2,"FIN"
3912,"joroisten",2,"FIN"
3913,"joskin",2,"FIN"
3914,"joudu",2,"FIN"
3915,"joudutaan",2,"FIN"
3916,"joukkueiden",2,"FIN"
3917,"jouko",2,"FIN"
3918,"joukosta",2,"FIN"
3919,"joulua",2,"FIN"
3920,"joululauluja",2,"FIN"
3921,"joulun",2,"FIN"
3922,"joutsassa",2,"FIN"
3923,"joutua",2,"FIN"
3924,"joutuivat",2,"FIN"
3925,"joutuneensa",2,"FIN"
3926,"joutuneet",2,"FIN"
3927,"joutuuko",2,"FIN"
3928,"joutuvat",2,"FIN"
3929,"juhla",2,"FIN"
3930,"juhlat",2,"FIN"
3931,"jukolan",2,"FIN"
3932,"julistaa",2,"FIN"
3933,"julistamisen",2,"FIN"
3934,"julistus",2,"FIN"
3935,"julkaisemaan",2,"FIN"
3936,"julkaisi",2,"FIN"
3937,"julkaistaan",2,"FIN"
3938,"julkinen",2,"FIN"
3939,"julkiseen",2,"FIN"
3940,"julkisella",2,"FIN"
3941,"julkisesti",2,"FIN"
3942,"julkisia",2,"FIN"
3943,"julkisilla",2,"FIN"
3944,"julkista",2,"FIN"
3945,"junat",2,"FIN"
3946,"juoksua",2,"FIN"
3947,"juontaa",2,"FIN"
3948,"jussinniemi",2,"FIN"
3949,"juttuun",2,"FIN"
3950,"jutuissa",2,"FIN"
3951,"juurikaan",2,"FIN"
3952,"juuse",2,"FIN"
3953,"juusola",2,"FIN"
3954,"jymy",2,"FIN"
3955,"jymyn",2,"FIN"
3956,"jypin",2,"FIN"
3957,"jyskeen",2,"FIN"
3958,"käänne",2,"FIN"
3959,"kaapattujen",2,"FIN"
3960,"kaaren",2,"FIN"
3961,"kaarinan",2,"FIN"
3962,"kaasuttelin",2,"FIN"
3963,"kaatoi",2,"FIN"
3964,"kaatui",2,"FIN"
3965,"kaatumisen",2,"FIN"
3966,"kaduilla",2,"FIN"
3967,"kadun",2,"FIN"
3968,"kadut",2,"FIN"
3969,"kahdella",2,"FIN"
3970,"kahteen",2,"FIN"
3971,"kahvilan",2,"FIN"
3972,"kahvin",2,"FIN"
3973,"kai",2,"FIN"
3974,"kaikenlaista",2,"FIN"
3975,"kaikessa",2,"FIN"
3976,"kaikkensa",2,"FIN"
3977,"kainuussa",2,"FIN"
3978,"kaipaa",2,"FIN"
3979,"kaivaa",2,"FIN"
3980,"kajaanin",2,"FIN"
3981,"kaksikon",2,"FIN"
3982,"kalenterin",2,"FIN"
3983,"kaleva",2,"FIN"
3984,"kalpa",2,"FIN"
3985,"kaltaisia",2,"FIN"
3986,"kamppailussa",2,"FIN"
3987,"kanadan",2,"FIN"
3988,"kanavan",2,"FIN"
3989,"kanerva",2,"FIN"
3990,"kannattaakin",2,"FIN"
3991,"kannatti",2,"FIN"
3992,"kannatusta",2,"FIN"
3993,"kännykällä",2,"FIN"
3994,"kansa",2,"FIN"
3995,"kansainvälisessä",2,"FIN"
3996,"kansainvälistä",2,"FIN"
3997,"kansalaista",2,"FIN"
3998,"kansalaisten",2,"FIN"
3999,"kansalle",2,"FIN"
4000,"kansojen",2,"FIN"
4001,"kapean",2,"FIN"
4002,"kappaleen",2,"FIN"
4003,"kappalein",2,"FIN"
4004,"kappaleita",2,"FIN"
4005,"kapteeni",2,"FIN"
4006,"kardashianin",2,"FIN"
4007,"karhu",2,"FIN"
4008,"karjalainen",2,"FIN"
4009,"karjalaisen",2,"FIN"
4010,"kärjessä",2,"FIN"
4011,"kärki",2,"FIN"
4012,"karkkia",2,"FIN"
4013,"kärsii",2,"FIN"
4014,"kärsinyt",2,"FIN"
4015,"käsiin",2,"FIN"
4016,"käsitellään",2,"FIN"
4017,"käsittelemään",2,"FIN"
4018,"käsittelemättä",2,"FIN"
4019,"käsitteli",2,"FIN"
4020,"käsittelyn",2,"FIN"
4021,"käsitys",2,"FIN"
4022,"kasvattamalla",2,"FIN"
4023,"kasvatti",2,"FIN"
4024,"kasvi",2,"FIN"
4025,"kasvomaskia",2,"FIN"
4026,"kate",2,"FIN"
4027,"kateissa",2,"FIN"
4028,"kati",2,"FIN"
4029,"katja",2,"FIN"
4030,"katosi",2,"FIN"
4031,"katsojan",2,"FIN"
4032,"katsonut",2,"FIN"
4033,"katsotaan",2,"FIN"
4034,"kattaa",2,"FIN"
4035,"katujen",2,"FIN"
4036,"katupöly",2,"FIN"
4037,"kaudeksi",2,"FIN"
4038,"kaudelta",2,"FIN"
4039,"kauempana",2,"FIN"
4040,"kaukolämmön",2,"FIN"
4041,"kaupalle",2,"FIN"
4042,"kaupasta",2,"FIN"
4043,"kauppaa",2,"FIN"
4044,"kauppaan",2,"FIN"
4045,"kauppahinta",2,"FIN"
4046,"kaupungilla",2,"FIN"
4047,"kaupunginhallituksen",2,"FIN"
4048,"kaupunginvaltuusto",2,"FIN"
4049,"kave",2,"FIN"
4050,"käveli",2,"FIN"
4051,"kävelyssä",2,"FIN"
4052,"kavereiden",2,"FIN"
4053,"kavereita",2,"FIN"
4054,"kaverin",2,"FIN"
4055,"kävijöistä",2,"FIN"
4056,"kävin",2,"FIN"
4057,"käynnistetään",2,"FIN"
4058,"käytettiin",2,"FIN"
4059,"käytetty",2,"FIN"
4060,"käytettyjä",2,"FIN"
4061,"käytöksestä",2,"FIN"
4062,"käyttäjä",2,"FIN"
4063,"käyttäjien",2,"FIN"
4064,"käyttämällä",2,"FIN"
4065,"käyttävät",2,"FIN"
4066,"kehitetty",2,"FIN"
4067,"kehittämisen",2,"FIN"
4068,"kehitysvammaisten",2,"FIN"
4069,"keisari",2,"FIN"
4070,"keittoa",2,"FIN"
4071,"kela",2,"FIN"
4072,"keli",2,"FIN"
4073,"kemikaaleja",2,"FIN"
4074,"kenelläkään",2,"FIN"
4075,"kenian",2,"FIN"
4076,"kentän",2,"FIN"
4077,"kerrallaan",2,"FIN"
4078,"kertaan",2,"FIN"
4079,"kertyi",2,"FIN"
4080,"kertynyt",2,"FIN"
4081,"kesäisin",2,"FIN"
4082,"kesäkahvilaa",2,"FIN"
4083,"kesäkokouksessa",2,"FIN"
4084,"kesätöiden",2,"FIN"
4085,"keskeinen",2,"FIN"
4086,"keskiarvolla",2,"FIN"
4087,"keskikesän",2,"FIN"
4088,"keskinäinen",2,"FIN"
4089,"keskiosassa",2,"FIN"
4090,"keskittyi",2,"FIN"
4091,"keskittyminen",2,"FIN"
4092,"keskiviikkoiltana",2,"FIN"
4093,"keskukselta",2,"FIN"
4094,"keskuspankki",2,"FIN"
4095,"keskustelemassa",2,"FIN"
4096,"keskustelun",2,"FIN"
4097,"kestämään",2,"FIN"
4098,"kestäneen",2,"FIN"
4099,"kestävä",2,"FIN"
4100,"keto",2,"FIN"
4101,"keväisin",2,"FIN"
4102,"kiekkoilijat",2,"FIN"
4103,"kiekon",2,"FIN"
4104,"kielen",2,"FIN"
4105,"kiellon",2,"FIN"
4106,"kiellosta",2,"FIN"
4107,"kieltää",2,"FIN"
4108,"kielten",2,"FIN"
4109,"kielto",2,"FIN"
4110,"kierrätys",2,"FIN"
4111,"kiertää",2,"FIN"
4112,"kiertävät",2,"FIN"
4113,"kiertueen",2,"FIN"
4114,"kiinalaisen",2,"FIN"
4115,"kiinnosta",2,"FIN"
4116,"kiinnostavaa",2,"FIN"
4117,"kiinnostuneet",2,"FIN"
4118,"kiinteiden",2,"FIN"
4119,"kiire",2,"FIN"
4120,"kiireinen",2,"FIN"
4121,"kiistaa",2,"FIN"
4122,"kiistää",2,"FIN"
4123,"kilpailee",2,"FIN"
4124,"kilpailua",2,"FIN"
4125,"kilpailuissa",2,"FIN"
4126,"kilpeläinen",2,"FIN"
4127,"kimmokkeen",2,"FIN"
4128,"kimppuun",2,"FIN"
4129,"kin",2,"FIN"
4130,"kiovassa",2,"FIN"
4131,"kipeää",2,"FIN"
4132,"kipsan",2,"FIN"
4133,"kiri",2,"FIN"
4134,"kirjailija",2,"FIN"
4135,"kirjassa",2,"FIN"
4136,"kirjasta",2,"FIN"
4137,"kirjasto",2,"FIN"
4138,"kirjat",2,"FIN"
4139,"kirjattu",2,"FIN"
4140,"kirjoittamaan",2,"FIN"
4141,"kirjoittamiseen",2,"FIN"
4142,"kirjoittamisen",2,"FIN"
4143,"kirkkoherra",2,"FIN"
4144,"kirmula",2,"FIN"
4145,"kisa",2,"FIN"
4146,"kisapaikka",2,"FIN"
4147,"kisasta",2,"FIN"
4148,"kisattiin",2,"FIN"
4149,"kisko",2,"FIN"
4150,"kitola",2,"FIN"
4151,"kiurun",2,"FIN"
4152,"klassisen",2,"FIN"
4153,"kodeista",2,"FIN"
4154,"kodissa",2,"FIN"
4155,"kohdata",2,"FIN"
4156,"kohde",2,"FIN"
4157,"kohdistui",2,"FIN"
4158,"kohonnut",2,"FIN"
4159,"kohta",2,"FIN"
4160,"kohtaamisen",2,"FIN"
4161,"kohtaavat",2,"FIN"
4162,"kohteeksi",2,"FIN"
4163,"koirat",2,"FIN"
4164,"koittaa",2,"FIN"
4165,"koivisto",2,"FIN"
4166,"koiviston",2,"FIN"
4167,"koivu",2,"FIN"
4168,"koivunen",2,"FIN"
4169,"kokea",2,"FIN"
4170,"kokee",2,"FIN"
4171,"kokeilla",2,"FIN"
4172,"kokkonen",2,"FIN"
4173,"kokon",2,"FIN"
4174,"kokonaisuudessaan",2,"FIN"
4175,"kokoonpanon",2,"FIN"
4176,"kokosi",2,"FIN"
4177,"kokous",2,"FIN"
4178,"kolmasosan",2,"FIN"
4179,"kolmessa",2,"FIN"
4180,"kolminkertainen",2,"FIN"
4181,"kommenteissa",2,"FIN"
4182,"kommentit",2,"FIN"
4183,"kommentoida",2,"FIN"
4184,"kommentointi",2,"FIN"
4185,"kompassi",2,"FIN"
4186,"kongressin",2,"FIN"
4187,"konsernin",2,"FIN"
4188,"konservatiivipuolueen",2,"FIN"
4189,"kontinkankaalla",2,"FIN"
4190,"kontio",2,"FIN"
4191,"kontu",2,"FIN"
4192,"koolle",2,"FIN"
4193,"kooltaan",2,"FIN"
4194,"koostuu",2,"FIN"
4195,"koponen",2,"FIN"
4196,"koppari",2,"FIN"
4197,"koriin",2,"FIN"
4198,"korjaamaan",2,"FIN"
4199,"korjata",2,"FIN"
4200,"korjattiin",2,"FIN"
4201,"korkealle",2,"FIN"
4202,"korkeammalle",2,"FIN"
4203,"korkeammat",2,"FIN"
4204,"korkeampi",2,"FIN"
4205,"korkeimmalla",2,"FIN"
4206,"korkeimman",2,"FIN"
4207,"korko",2,"FIN"
4208,"koronarajoitukset",2,"FIN"
4209,"koronarajoitusten",2,"FIN"
4210,"koronarokotusten",2,"FIN"
4211,"koronaviruspandemia",2,"FIN"
4212,"koronavirustartuntaa",2,"FIN"
4213,"korosti",2,"FIN"
4214,"korruptiota",2,"FIN"
4215,"korttiin",2,"FIN"
4216,"korvaukset",2,"FIN"
4217,"korvausta",2,"FIN"
4218,"koskelle",2,"FIN"
4219,"koskettaa",2,"FIN"
4220,"koskeva",2,"FIN"
4221,"koskevaan",2,"FIN"
4222,"koskevat",2,"FIN"
4223,"koskevia",2,"FIN"
4224,"koskien",2,"FIN"
4225,"kotien",2,"FIN"
4226,"kotihoidon",2,"FIN"
4227,"kotiinsa",2,"FIN"
4228,"kotijoukkue",2,"FIN"
4229,"kotimaahansa",2,"FIN"
4230,"kotimaassaan",2,"FIN"
4231,"kotimaiset",2,"FIN"
4232,"kotimaista",2,"FIN"
4233,"kotiseutu",2,"FIN"
4234,"koulu",2,"FIN"
4235,"kouluissa",2,"FIN"
4236,"koululaisten",2,"FIN"
4237,"koulutukseen",2,"FIN"
4238,"koulutuksia",2,"FIN"
4239,"kouluun",2,"FIN"
4240,"kouvot",2,"FIN"
4241,"kovassa",2,"FIN"
4242,"kovasti",2,"FIN"
4243,"köyhien",2,"FIN"
4244,"kriisiä",2,"FIN"
4245,"kriisien",2,"FIN"
4246,"kriittiseen",2,"FIN"
4247,"kristinuskon",2,"FIN"
4248,"kritiikkiä",2,"FIN"
4249,"kt",2,"FIN"
4250,"kuhmoisten",2,"FIN"
4251,"kuiva",2,"FIN"
4252,"kuivisto",2,"FIN"
4253,"kukat",2,"FIN"
4254,"kuljettajan",2,"FIN"
4255,"kuljetti",2,"FIN"
4256,"kuljetukseen",2,"FIN"
4257,"kulkea",2,"FIN"
4258,"kulkee",2,"FIN"
4259,"kulkevan",2,"FIN"
4260,"kulkue",2,"FIN"
4261,"kulttuurialan",2,"FIN"
4262,"kulttuurin",2,"FIN"
4263,"kuluneen",2,"FIN"
4264,"kuluttaja",2,"FIN"
4265,"kuluttua",2,"FIN"
4266,"kulutuksen",2,"FIN"
4267,"kulutusta",2,"FIN"
4268,"kuluvan",2,"FIN"
4269,"kummaa",2,"FIN"
4270,"kumosi",2,"FIN"
4271,"kumpikaan",2,"FIN"
4272,"kuningas",2,"FIN"
4273,"kunnallinen",2,"FIN"
4274,"kunnanjohtaja",2,"FIN"
4275,"kunnioittaa",2,"FIN"
4276,"kunnolla",2,"FIN"
4277,"kunnon",2,"FIN"
4278,"kuntaliiton",2,"FIN"
4279,"kuntayhtymän",2,"FIN"
4280,"kunto",2,"FIN"
4281,"kuntoon",2,"FIN"
4282,"kuolemaa",2,"FIN"
4283,"kuolemaan",2,"FIN"
4284,"kuolemasta",2,"FIN"
4285,"kuolinsyystä",2,"FIN"
4286,"kuolleisuus",2,"FIN"
4287,"kuopion",2,"FIN"
4288,"kuopiossa",2,"FIN"
4289,"kurja",2,"FIN"
4290,"kurssireaktiot",2,"FIN"
4291,"kustaa",2,"FIN"
4292,"kustannuksista",2,"FIN"
4293,"kustannusarvio",2,"FIN"
4294,"kutsui",2,"FIN"
4295,"kutsunut",2,"FIN"
4296,"kutsuttiin",2,"FIN"
4297,"kuudes",2,"FIN"
4298,"kuukauteen",2,"FIN"
4299,"kuullut",2,"FIN"
4300,"kuulu",2,"FIN"
4301,"kuuluvan",2,"FIN"
4302,"kuunnella",2,"FIN"
4303,"kuusen",2,"FIN"
4304,"kuussa",2,"FIN"
4305,"kuvankaunis",2,"FIN"
4306,"kuvasi",2,"FIN"
4307,"kuvat",2,"FIN"
4308,"kuvataiteilija",2,"FIN"
4309,"kuvattiin",2,"FIN"
4310,"kuvaus",2,"FIN"
4311,"kuvien",2,"FIN"
4312,"kuvissa",2,"FIN"
4313,"kyberhyökkäyksiä",2,"FIN"
4314,"kyberturvallisuuskeskus",2,"FIN"
4315,"kyiv",2,"FIN"
4316,"kykene",2,"FIN"
4317,"kykenee",2,"FIN"
4318,"kylissä",2,"FIN"
4319,"kylmäkosken",2,"FIN"
4320,"kylmän",2,"FIN"
4321,"kymmenes",2,"FIN"
4322,"kymmenesosa",2,"FIN"
4323,"kymmenestä",2,"FIN"
4324,"kymmenkunta",2,"FIN"
4325,"kymppitonnin",2,"FIN"
4326,"kyproksen",2,"FIN"
4327,"kyseisellä",2,"FIN"
4328,"kyselyn",2,"FIN"
4329,"kysyä",2,"FIN"
4330,"kysyimme",2,"FIN"
4331,"kysymyksen",2,"FIN"
4332,"kysymykset",2,"FIN"
4333,"kysyneet",2,"FIN"
4334,"kysyntä",2,"FIN"
4335,"kysyttiin",2,"FIN"
4336,"kysytty",2,"FIN"
4337,"kysyvät",2,"FIN"
4338,"kyydissä",2,"FIN"
4339,"laadukasta",2,"FIN"
4340,"laadun",2,"FIN"
4341,"laajaa",2,"FIN"
4342,"laajemminkin",2,"FIN"
4343,"laajempaa",2,"FIN"
4344,"laajentaa",2,"FIN"
4345,"lääke",2,"FIN"
4346,"lääketiede",2,"FIN"
4347,"lääkintälaiteyhtiö",2,"FIN"
4348,"lääkkeiden",2,"FIN"
4349,"laakso",2,"FIN"
4350,"laaksonen",2,"FIN"
4351,"laantui",2,"FIN"
4352,"laatua",2,"FIN"
4353,"ladattavien",2,"FIN"
4354,"läheisen",2,"FIN"
4355,"läheisyydessä",2,"FIN"
4356,"läheltä",2,"FIN"
4357,"lähempänä",2,"FIN"
4358,"lähestyä",2,"FIN"
4359,"lähettää",2,"FIN"
4360,"lähettänyt",2,"FIN"
4361,"lähi",2,"FIN"
4362,"lähialueiden",2,"FIN"
4363,"lähikontaktien",2,"FIN"
4364,"lähipäivien",2,"FIN"
4365,"lähistöllä",2,"FIN"
4366,"lahjaa",2,"FIN"
4367,"lahjoitus",2,"FIN"
4368,"lähtemään",2,"FIN"
4369,"lähteneen",2,"FIN"
4370,"lähtenyt",2,"FIN"
4371,"laidalla",2,"FIN"
4372,"lainan",2,"FIN"
4373,"laine",2,"FIN"
4374,"laineen",2,"FIN"
4375,"laita",2,"FIN"
4376,"laitonta",2,"FIN"
4377,"laittamaan",2,"FIN"
4378,"laittavat",2,"FIN"
4379,"laitteet",2,"FIN"
4380,"laittoman",2,"FIN"
4381,"lajista",2,"FIN"
4382,"lajit",2,"FIN"
4383,"lakia",2,"FIN"
4384,"lakkaa",2,"FIN"
4385,"lakkautettiin",2,"FIN"
4386,"lakko",2,"FIN"
4387,"lakkovaroituksen",2,"FIN"
4388,"lakosta",2,"FIN"
4389,"lamberg",2,"FIN"
4390,"lämmintä",2,"FIN"
4391,"lämpenemisen",2,"FIN"
4392,"lämpimät",2,"FIN"
4393,"lämpöä",2,"FIN"
4394,"lankinen",2,"FIN"
4395,"lännen",2,"FIN"
4396,"läpäisevän",2,"FIN"
4397,"lapinlahden",2,"FIN"
4398,"lappeenrannassa",2,"FIN"
4399,"lapsilisä",2,"FIN"
4400,"lapsiperheille",2,"FIN"
4401,"lapsuudessa",2,"FIN"
4402,"lapsuudestaan",2,"FIN"
4403,"laskeutui",2,"FIN"
4404,"laskeutuminen",2,"FIN"
4405,"laskua",2,"FIN"
4406,"lastensuojelun",2,"FIN"
4407,"latvian",2,"FIN"
4408,"lauantailta",2,"FIN"
4409,"laulajia",2,"FIN"
4410,"laulukilpailun",2,"FIN"
4411,"lauluntekijä",2,"FIN"
4412,"lauluyhtye",2,"FIN"
4413,"lautakuntaa",2,"FIN"
4414,"lavan",2,"FIN"
4415,"le",2,"FIN"
4416,"lehdessä",2,"FIN"
4417,"lehdestä",2,"FIN"
4418,"lehtori",2,"FIN"
4419,"lehtosen",2,"FIN"
4420,"leirillä",2,"FIN"
4421,"lekin",2,"FIN"
4422,"lemmikin",2,"FIN"
4423,"lempäälä",2,"FIN"
4424,"lempon",2,"FIN"
4425,"lennot",2,"FIN"
4426,"lentää",2,"FIN"
4427,"lentoa",2,"FIN"
4428,"lentoaika",2,"FIN"
4429,"lentoasemien",2,"FIN"
4430,"lentokoneen",2,"FIN"
4431,"lentoliikenteen",2,"FIN"
4432,"lentoon",2,"FIN"
4433,"lentopallon",2,"FIN"
4434,"lentotukikohdan",2,"FIN"
4435,"levisi",2,"FIN"
4436,"levittivät",2,"FIN"
4437,"levtchi",2,"FIN"
4438,"levypalloa",2,"FIN"
4439,"lex",2,"FIN"
4440,"lidlin",2,"FIN"
4441,"liiga",2,"FIN"
4442,"liikenteestä",2,"FIN"
4443,"liiketoiminta",2,"FIN"
4444,"liikevoitto",2,"FIN"
4445,"liikkeellä",2,"FIN"
4446,"liikkua",2,"FIN"
4447,"liikkuminen",2,"FIN"
4448,"liikkumisen",2,"FIN"
4449,"liikkumista",2,"FIN"
4450,"liikkuvat",2,"FIN"
4451,"liisa",2,"FIN"
4452,"liitot",2,"FIN"
4453,"liittyen",2,"FIN"
4454,"liittyi",2,"FIN"
4455,"liittymisestä",2,"FIN"
4456,"liittyvistä",2,"FIN"
4457,"lindén",2,"FIN"
4458,"lindtman",2,"FIN"
4459,"linjaa",2,"FIN"
4460,"linjaansa",2,"FIN"
4461,"linjan",2,"FIN"
4462,"linjannut",2,"FIN"
4463,"linjauksen",2,"FIN"
4464,"lintilä",2,"FIN"
4465,"lintudirektiivin",2,"FIN"
4466,"lintuja",2,"FIN"
4467,"lippujen",2,"FIN"
4468,"lipun",2,"FIN"
4469,"liquidin",2,"FIN"
4470,"lisäämään",2,"FIN"
4471,"lisääntymisestä",2,"FIN"
4472,"lisääntymistä",2,"FIN"
4473,"lisääntyy",2,"FIN"
4474,"lisätietoja",2,"FIN"
4475,"listasimme",2,"FIN"
4476,"liukas",2,"FIN"
4477,"liutun",2,"FIN"
4478,"livebändi",2,"FIN"
4479,"liverpool",2,"FIN"
4480,"liverpoolin",2,"FIN"
4481,"logistiikan",2,"FIN"
4482,"long",2,"FIN"
4483,"lontoon",2,"FIN"
4484,"lontoossa",2,"FIN"
4485,"loppu",2,"FIN"
4486,"loppujen",2,"FIN"
4487,"loppukesästä",2,"FIN"
4488,"lopputuloksena",2,"FIN"
4489,"loppuvuotta",2,"FIN"
4490,"lopu",2,"FIN"
4491,"louisin",2,"FIN"
4492,"loukkaantui",2,"FIN"
4493,"löydettiin",2,"FIN"
4494,"löydöksen",2,"FIN"
4495,"löytäneet",2,"FIN"
4496,"löytyvän",2,"FIN"
4497,"ltä",2,"FIN"
4498,"lukee",2,"FIN"
4499,"lukemattomat",2,"FIN"
4500,"lukemisen",2,"FIN"
4501,"lukion",2,"FIN"
4502,"lukko",2,"FIN"
4503,"lukuisat",2,"FIN"
4504,"lukuisten",2,"FIN"
4505,"lukuja",2,"FIN"
4506,"lumena",2,"FIN"
4507,"lumet",2,"FIN"
4508,"luodeilla",2,"FIN"
4509,"luokalla",2,"FIN"
4510,"luokiteltiin",2,"FIN"
4511,"luokka",2,"FIN"
4512,"luokkaa",2,"FIN"
4513,"luokkaan",2,"FIN"
4514,"luokse",2,"FIN"
4515,"luomiseen",2,"FIN"
4516,"luonnonmukaisesti",2,"FIN"
4517,"luopua",2,"FIN"
4518,"luottamus",2,"FIN"
4519,"luottavat",2,"FIN"
4520,"luotti",2,"FIN"
4521,"luovuttaa",2,"FIN"
4522,"lupaa",2,"FIN"
4523,"luther",2,"FIN"
4524,"luvan",2,"FIN"
4525,"luvannut",2,"FIN"
4526,"luvattu",2,"FIN"
4527,"lyhyellä",2,"FIN"
4528,"lyönyt",2,"FIN"
4529,"lyytinen",2,"FIN"
4530,"maahanmuuttajia",2,"FIN"
4531,"maahanmuutto",2,"FIN"
4532,"maahanmuuttovirastosta",2,"FIN"
4533,"maailmaan",2,"FIN"
4534,"maailmalla",2,"FIN"
4535,"maailmanloppu",2,"FIN"
4536,"maailmanmestari",2,"FIN"
4537,"maailmanmestaruuden",2,"FIN"
4538,"maailmansodan",2,"FIN"
4539,"maailmasta",2,"FIN"
4540,"maajoukkueeseen",2,"FIN"
4541,"maakunnan",2,"FIN"
4542,"maaleja",2,"FIN"
4543,"maalinteko",2,"FIN"
4544,"maalissa",2,"FIN"
4545,"maanantaista",2,"FIN"
4546,"maankäytön",2,"FIN"
4547,"maanomistajan",2,"FIN"
4548,"maantiekävelyt",2,"FIN"
4549,"maaottelua",2,"FIN"
4550,"määräsi",2,"FIN"
4551,"määritellään",2,"FIN"
4552,"määritellyt",2,"FIN"
4553,"määrittää",2,"FIN"
4554,"maassamme",2,"FIN"
4555,"maatalouden",2,"FIN"
4556,"madridin",2,"FIN"
4557,"mäen",2,"FIN"
4558,"mahdollinen",2,"FIN"
4559,"mahdollisella",2,"FIN"
4560,"mahdollisia",2,"FIN"
4561,"mahdollisiin",2,"FIN"
4562,"mahdollistava",2,"FIN"
4563,"mahdollistavat",2,"FIN"
4564,"mahdollisuudet",2,"FIN"
4565,"mahdollisuutta",2,"FIN"
4566,"mahdotonta",2,"FIN"
4567,"mahtavaa",2,"FIN"
4568,"mahtuu",2,"FIN"
4569,"mai",2,"FIN"
4570,"maihin",2,"FIN"
4571,"maija",2,"FIN"
4572,"maiju",2,"FIN"
4573,"mainittu",2,"FIN"
4574,"maisema",2,"FIN"
4575,"maistuu",2,"FIN"
4576,"mäkisalo",2,"FIN"
4577,"maksaneen",2,"FIN"
4578,"maksavat",2,"FIN"
4579,"maksettu",2,"FIN"
4580,"maksimissaan",2,"FIN"
4581,"maksoi",2,"FIN"
4582,"maksuja",2,"FIN"
4583,"maksujen",2,"FIN"
4584,"mallissa",2,"FIN"
4585,"manchester",2,"FIN"
4586,"männyn",2,"FIN"
4587,"maradona",2,"FIN"
4588,"maria",2,"FIN"
4589,"marika",2,"FIN"
4590,"marine",2,"FIN"
4591,"marjo",2,"FIN"
4592,"markkasen",2,"FIN"
4593,"markkinat",2,"FIN"
4594,"markkinoille",2,"FIN"
4595,"markkinointi",2,"FIN"
4596,"markkinoita",2,"FIN"
4597,"markku",2,"FIN"
4598,"martin",2,"FIN"
4599,"maskien",2,"FIN"
4600,"maskisuositus",2,"FIN"
4601,"massaquoi",2,"FIN"
4602,"masters",2,"FIN"
4603,"matematiikan",2,"FIN"
4604,"matkailu",2,"FIN"
4605,"matkansa",2,"FIN"
4606,"matkoja",2,"FIN"
4607,"matkustaa",2,"FIN"
4608,"matkusti",2,"FIN"
4609,"media",2,"FIN"
4610,"medialle",2,"FIN"
4611,"meihin",2,"FIN"
4612,"meillähän",2,"FIN"
4613,"meiltä",2,"FIN"
4614,"meistä",2,"FIN"
4615,"meksikossa",2,"FIN"
4616,"melanie",2,"FIN"
4617,"melatoniinin",2,"FIN"
4618,"melkoinen",2,"FIN"
4619,"meloni",2,"FIN"
4620,"memorial",2,"FIN"
4621,"mene",2,"FIN"
4622,"menee",2,"FIN"
4623,"menehtyi",2,"FIN"
4624,"menemään",2,"FIN"
4625,"menestyisi",2,"FIN"
4626,"menestyksekäs",2,"FIN"
4627,"menetti",2,"FIN"
4628,"menetykseen",2,"FIN"
4629,"menetyksen",2,"FIN"
4630,"menetys",2,"FIN"
4631,"menneensä",2,"FIN"
4632,"mentävä",2,"FIN"
4633,"meriläinen",2,"FIN"
4634,"merja",2,"FIN"
4635,"merkeissä",2,"FIN"
4636,"merkittävässä",2,"FIN"
4637,"merkittäviin",2,"FIN"
4638,"merkittiin",2,"FIN"
4639,"merkitty",2,"FIN"
4640,"merkkiä",2,"FIN"
4641,"messussa",2,"FIN"
4642,"mestari",2,"FIN"
4643,"mestariksi",2,"FIN"
4644,"mestaruutta",2,"FIN"
4645,"metal",2,"FIN"
4646,"metsästäjä",2,"FIN"
4647,"metsästyksen",2,"FIN"
4648,"metsästys",2,"FIN"
4649,"metso",2,"FIN"
4650,"miehistä",2,"FIN"
4651,"miehitetyn",2,"FIN"
4652,"mielekästä",2,"FIN"
4653,"mielenmaisemaa",2,"FIN"
4654,"mielenosoittajat",2,"FIN"
4655,"mielenosoitukseen",2,"FIN"
4656,"mielensä",2,"FIN"
4657,"mielessään",2,"FIN"
4658,"mielialaa",2,"FIN"
4659,"mielin",2,"FIN"
4660,"mielipidettä",2,"FIN"
4661,"mieluummin",2,"FIN"
4662,"miettii",2,"FIN"
4663,"miettimään",2,"FIN"
4664,"mig",2,"FIN"
4665,"mikkola",2,"FIN"
4666,"mikkolan",2,"FIN"
4667,"miksei",2,"FIN"
4668,"miljoonalla",2,"FIN"
4669,"miljoonasosan",2,"FIN"
4670,"miljoonasta",2,"FIN"
4671,"millekään",2,"FIN"
4672,"millerin",2,"FIN"
4673,"miltä",2,"FIN"
4674,"milton",2,"FIN"
4675,"minähän",2,"FIN"
4676,"ministeri",2,"FIN"
4677,"minkään",2,"FIN"
4678,"minkäänlaista",2,"FIN"
4679,"minua",2,"FIN"
4680,"miss",2,"FIN"
4681,"mitaleja",2,"FIN"
4682,"mitalit",2,"FIN"
4683,"mitata",2,"FIN"
4684,"mittava",2,"FIN"
4685,"modig",2,"FIN"
4686,"molemmille",2,"FIN"
4687,"molemmista",2,"FIN"
4688,"moniin",2,"FIN"
4689,"monilla",2,"FIN"
4690,"monille",2,"FIN"
4691,"monin",2,"FIN"
4692,"monipuolinen",2,"FIN"
4693,"monipuolisesti",2,"FIN"
4694,"monista",2,"FIN"
4695,"montenegron",2,"FIN"
4696,"montrealissa",2,"FIN"
4697,"moottori",2,"FIN"
4698,"moskovaan",2,"FIN"
4699,"moskovassa",2,"FIN"
4700,"muhkeita",2,"FIN"
4701,"muhosen",2,"FIN"
4702,"muistelee",2,"FIN"
4703,"muisti",2,"FIN"
4704,"muistoja",2,"FIN"
4705,"muistot",2,"FIN"
4706,"mukaista",2,"FIN"
4707,"mukavaa",2,"FIN"
4708,"mulla",2,"FIN"
4709,"muodostaa",2,"FIN"
4710,"muodostua",2,"FIN"
4711,"muodostunut",2,"FIN"
4712,"muodostuu",2,"FIN"
4713,"muokattu",2,"FIN"
4714,"muraalin",2,"FIN"
4715,"mursu",2,"FIN"
4716,"museon",2,"FIN"
4717,"museoviraston",2,"FIN"
4718,"musiikkia",2,"FIN"
4719,"muttei",2,"FIN"
4720,"muuallakin",2,"FIN"
4721,"muulla",2,"FIN"
4722,"muutakin",2,"FIN"
4723,"muutamalla",2,"FIN"
4724,"muutenkin",2,"FIN"
4725,"muutettu",2,"FIN"
4726,"muutos",2,"FIN"
4727,"muuttaminen",2,"FIN"
4728,"myi",2,"FIN"
4729,"mykolajivissa",2,"FIN"
4730,"myllymäen",2,"FIN"
4731,"myönnettäisiin",2,"FIN"
4732,"myönnetty",2,"FIN"
4733,"myönsi",2,"FIN"
4734,"myöntämään",2,"FIN"
4735,"myöntäneet",2,"FIN"
4736,"myöntänyt",2,"FIN"
4737,"myrskyn",2,"FIN"
4738,"myymälä",2,"FIN"
4739,"myyty",2,"FIN"
4740,"myyvät",2,"FIN"
4741,"naantalista",2,"FIN"
4742,"naapurit",2,"FIN"
4743,"nadal",2,"FIN"
4744,"näemme",2,"FIN"
4745,"nähdä",2,"FIN"
4746,"nähtävillä",2,"FIN"
4747,"näihin",2,"FIN"
4748,"näille",2,"FIN"
4749,"naimisissa",2,"FIN"
4750,"naisille",2,"FIN"
4751,"naisleijonien",2,"FIN"
4752,"näkemään",2,"FIN"
4753,"näkevät",2,"FIN"
4754,"näkyä",2,"FIN"
4755,"näkymää",2,"FIN"
4756,"näkyvyyden",2,"FIN"
4757,"napannut",2,"FIN"
4758,"nashvillen",2,"FIN"
4759,"national",2,"FIN"
4760,"natoa",2,"FIN"
4761,"naurahtaa",2,"FIN"
4762,"nautti",2,"FIN"
4763,"nauttii",2,"FIN"
4764,"näytelmän",2,"FIN"
4765,"näytöllä",2,"FIN"
4766,"näyttäisi",2,"FIN"
4767,"näyttävästi",2,"FIN"
4768,"näyttävät",2,"FIN"
4769,"näyttelyssä",2,"FIN"
4770,"nba",2,"FIN"
4771,"nea",2,"FIN"
4772,"negatiivisesti",2,"FIN"
4773,"negatiivisia",2,"FIN"
4774,"nelikko",2,"FIN"
4775,"neliömetrin",2,"FIN"
4776,"neljänneksen",2,"FIN"
4777,"neljännes",2,"FIN"
4778,"neljäs",2,"FIN"
4779,"neljättä",2,"FIN"
4780,"nepalin",2,"FIN"
4781,"netissä",2,"FIN"
4782,"nettisivuillaan",2,"FIN"
4783,"neuvoa",2,"FIN"
4784,"neuvoja",2,"FIN"
4785,"neuvostoon",2,"FIN"
4786,"neuvottelujen",2,"FIN"
4787,"neuvottelutuloksen",2,"FIN"
4788,"nielsen",2,"FIN"
4789,"niemelä",2,"FIN"
4790,"niemi",2,"FIN"
4791,"nieminen",2,"FIN"
4792,"niille",2,"FIN"
4793,"niilo",2,"FIN"
4794,"niittäminen",2,"FIN"
4795,"niklas",2,"FIN"
4796,"niko",2,"FIN"
4797,"nimeä",2,"FIN"
4798,"nimeen",2,"FIN"
4799,"nimellä",2,"FIN"
4800,"nimensä",2,"FIN"
4801,"nimesi",2,"FIN"
4802,"nimet",2,"FIN"
4803,"nimetä",2,"FIN"
4804,"nimiä",2,"FIN"
4805,"nimittää",2,"FIN"
4806,"niskasen",2,"FIN"
4807,"nobel",2,"FIN"
4808,"nokian",2,"FIN"
4809,"nollaan",2,"FIN"
4810,"nopean",2,"FIN"
4811,"nopeastikin",2,"FIN"
4812,"nopeudella",2,"FIN"
4813,"nopeusrajoitus",2,"FIN"
4814,"norja",2,"FIN"
4815,"norjassa",2,"FIN"
4816,"normaaliksi",2,"FIN"
4817,"nostaisi",2,"FIN"
4818,"nostettiin",2,"FIN"
4819,"nouseva",2,"FIN"
4820,"noussutta",2,"FIN"
4821,"nousua",2,"FIN"
4822,"nukkuvien",2,"FIN"
4823,"nuo",2,"FIN"
4824,"nuoriso",2,"FIN"
4825,"nurmi",2,"FIN"
4826,"nykyaikaiset",2,"FIN"
4827,"nykyinen",2,"FIN"
4828,"nykyisellään",2,"FIN"
4829,"nykyiset",2,"FIN"
4830,"nykyisiä",2,"FIN"
4831,"nykytaiteen",2,"FIN"
4832,"nykytilanteessa",2,"FIN"
4833,"odotan",2,"FIN"
4834,"odottaneen",2,"FIN"
4835,"odottivat",2,"FIN"
4836,"odotuksia",2,"FIN"
4837,"odotus",2,"FIN"
4838,"ohessa",2,"FIN"
4839,"ohisalo",2,"FIN"
4840,"ohjaaja",2,"FIN"
4841,"ohjataan",2,"FIN"
4842,"ohjaus",2,"FIN"
4843,"ohjauskoron",2,"FIN"
4844,"ohjeita",2,"FIN"
4845,"ohjelmistossa",2,"FIN"
4846,"ohjuksia",2,"FIN"
4847,"oikeastaan",2,"FIN"
4848,"oikeudessa",2,"FIN"
4849,"oireiden",2,"FIN"
4850,"oksien",2,"FIN"
4851,"olemista",2,"FIN"
4852,"olennaiseen",2,"FIN"
4853,"oleskeluluvan",2,"FIN"
4854,"olikin",2,"FIN"
4855,"oliko",2,"FIN"
4856,"olisimme",2,"FIN"
4857,"olkiluoto",2,"FIN"
4858,"olkkonen",2,"FIN"
4859,"olkkosen",2,"FIN"
4860,"olleiden",2,"FIN"
4861,"olleista",2,"FIN"
4862,"ollenkaan",2,"FIN"
4863,"ollutkaan",2,"FIN"
4864,"olosuhteissa",2,"FIN"
4865,"olympiastadionilla",2,"FIN"
4866,"omaisuuden",2,"FIN"
4867,"omalle",2,"FIN"
4868,"omavastuu",2,"FIN"
4869,"ominaisuus",2,"FIN"
4870,"omissa",2,"FIN"
4871,"omistajien",2,"FIN"
4872,"ongelmissa",2,"FIN"
4873,"onhan",2,"FIN"
4874,"onneksi",2,"FIN"
4875,"onnellinen",2,"FIN"
4876,"onni",2,"FIN"
4877,"onnistuminen",2,"FIN"
4878,"onnistumista",2,"FIN"
4879,"operatiivinen",2,"FIN"
4880,"operoi",2,"FIN"
4881,"opettaa",2,"FIN"
4882,"opetuksen",2,"FIN"
4883,"opinnot",2,"FIN"
4884,"opintolainan",2,"FIN"
4885,"opiskeleva",2,"FIN"
4886,"opiskelijat",2,"FIN"
4887,"opiskelijoihin",2,"FIN"
4888,"oppia",2,"FIN"
4889,"oppii",2,"FIN"
4890,"oppilaat",2,"FIN"
4891,"oppilaiden",2,"FIN"
4892,"oppilaita",2,"FIN"
4893,"orava",2,"FIN"
4894,"oregonin",2,"FIN"
4895,"oripäähän",2,"FIN"
4896,"orpo",2,"FIN"
4897,"osaajapulaa",2,"FIN"
4898,"osaajista",2,"FIN"
4899,"osaisuusindeksi",2,"FIN"
4900,"osake",2,"FIN"
4901,"osaketta",2,"FIN"
4902,"osallistavan",2,"FIN"
4903,"osallistua",2,"FIN"
4904,"osallistui",2,"FIN"
4905,"osallistuminen",2,"FIN"
4906,"osallistumista",2,"FIN"
4907,"osallistuneet",2,"FIN"
4908,"osansa",2,"FIN"
4909,"osastopäällikkö",2,"FIN"
4910,"osavaltioissa",2,"FIN"
4911,"osoite",2,"FIN"
4912,"osoitteen",2,"FIN"
4913,"osoitteessa",2,"FIN"
4914,"osoittivat",2,"FIN"
4915,"ossi",2,"FIN"
4916,"osta",2,"FIN"
4917,"ostetaan",2,"FIN"
4918,"ostettava",2,"FIN"
4919,"osua",2,"FIN"
4920,"osunut",2,"FIN"
4921,"osuu",2,"FIN"
4922,"otettiin",2,"FIN"
4923,"ottamaan",2,"FIN"
4924,"ottamalla",2,"FIN"
4925,"ottaneet",2,"FIN"
4926,"ottavat",2,"FIN"
4927,"otteeseen",2,"FIN"
4928,"otteet",2,"FIN"
4929,"otteita",2,"FIN"
4930,"otteluita",2,"FIN"
4931,"ottelunsa",2,"FIN"
4932,"ottelussaan",2,"FIN"
4933,"outi",2,"FIN"
4934,"ovatkin",2,"FIN"
4935,"ovensa",2,"FIN"
4936,"ovi",2,"FIN"
4937,"pääasiassa",2,"FIN"
4938,"päädy",2,"FIN"
4939,"pääekonomisti",2,"FIN"
4940,"pääkaupungissa",2,"FIN"
4941,"päällään",2,"FIN"
4942,"päällikkö",2,"FIN"
4943,"päältä",2,"FIN"
4944,"pääsääntöisesti",2,"FIN"
4945,"pääsarjan",2,"FIN"
4946,"pääsisi",2,"FIN"
4947,"päästiin",2,"FIN"
4948,"päästöt",2,"FIN"
4949,"päätä",2,"FIN"
4950,"päätään",2,"FIN"
4951,"pääteillä",2,"FIN"
4952,"päätellä",2,"FIN"
4953,"päätellen",2,"FIN"
4954,"päätettiin",2,"FIN"
4955,"päätetty",2,"FIN"
4956,"päätöksestä",2,"FIN"
4957,"päätöksiä",2,"FIN"
4958,"päätöksistä",2,"FIN"
4959,"päättäjät",2,"FIN"
4960,"päättäjiä",2,"FIN"
4961,"päättävät",2,"FIN"
4962,"päättivät",2,"FIN"
4963,"päättyvät",2,"FIN"
4964,"päätyivät",2,"FIN"
4965,"päätyyn",2,"FIN"
4966,"paavalia",2,"FIN"
4967,"päävalmentaja",2,"FIN"
4968,"paavo",2,"FIN"
4969,"padasjoen",2,"FIN"
4970,"pahimmillaan",2,"FIN"
4971,"paikallisesti",2,"FIN"
4972,"paikallisia",2,"FIN"
4973,"paikallisiin",2,"FIN"
4974,"paikkakunnalla",2,"FIN"
4975,"paikkeilla",2,"FIN"
4976,"paimion",2,"FIN"
4977,"paimiossa",2,"FIN"
4978,"paineen",2,"FIN"
4979,"painotti",2,"FIN"
4980,"päinvastoin",2,"FIN"
4981,"päiväkoti",2,"FIN"
4982,"päivällä",2,"FIN"
4983,"päivi",2,"FIN"
4984,"päivystävä",2,"FIN"
4985,"pakkasella",2,"FIN"
4986,"pakolaisten",2,"FIN"
4987,"pakotteet",2,"FIN"
4988,"pakotteisiin",2,"FIN"
4989,"pakotteista",2,"FIN"
4990,"pakotteita",2,"FIN"
4991,"palaa",2,"FIN"
4992,"palautetaan",2,"FIN"
4993,"paljastanut",2,"FIN"
4994,"paljasti",2,"FIN"
4995,"paljastuttua",2,"FIN"
4996,"palkitaan",2,"FIN"
4997,"pallo",2,"FIN"
4998,"palon",2,"FIN"
4999,"palossa",2,"FIN"
5000,"paluuta",2,"FIN"
5001,"palveluihin",2,"FIN"
5002,"palvelujen",2,"FIN"
5003,"panosta",2,"FIN"
5004,"paremmalla",2,"FIN"
5005,"paremmalta",2,"FIN"
5006,"paremmat",2,"FIN"
5007,"parempaa",2,"FIN"
5008,"parhaaksi",2,"FIN"
5009,"parhaalla",2,"FIN"
5010,"paris",2,"FIN"
5011,"pärjää",2,"FIN"
5012,"pärjäävät",2,"FIN"
5013,"partanen",2,"FIN"
5014,"parvekkeella",2,"FIN"
5015,"patsas",2,"FIN"
5016,"peittää",2,"FIN"
5017,"pekingin",2,"FIN"
5018,"pelaajan",2,"FIN"
5019,"pelaajasta",2,"FIN"
5020,"pelaava",2,"FIN"
5021,"pelaavat",2,"FIN"
5022,"pelanneet",2,"FIN"
5023,"pelännyt",2,"FIN"
5024,"pelastustoimen",2,"FIN"
5025,"pelata",2,"FIN"
5026,"pelatussa",2,"FIN"
5027,"pelejä",2,"FIN"
5028,"peliminuutin",2,"FIN"
5029,"pelit",2,"FIN"
5030,"pelkää",2,"FIN"
5031,"pelkkä",2,"FIN"
5032,"pelkoa",2,"FIN"
5033,"pelkojen",2,"FIN"
5034,"perään",2,"FIN"
5035,"peräisin",2,"FIN"
5036,"peräkkäin",2,"FIN"
5037,"peräkkäinen",2,"FIN"
5038,"peräkkäisen",2,"FIN"
5039,"peräkkäisinä",2,"FIN"
5040,"peräsimessä",2,"FIN"
5041,"perässä",2,"FIN"
5042,"perez",2,"FIN"
5043,"perheelle",2,"FIN"
5044,"perheet",2,"FIN"
5045,"perheillä",2,"FIN"
5046,"perhettä",2,"FIN"
5047,"periaatetta",2,"FIN"
5048,"perinnettä",2,"FIN"
5049,"perinteisesti",2,"FIN"
5050,"perinteisiin",2,"FIN"
5051,"perjantain",2,"FIN"
5052,"perusopetuksen",2,"FIN"
5053,"perussuomalaiset",2,"FIN"
5054,"perustajajäsen",2,"FIN"
5055,"perustamassa",2,"FIN"
5056,"perustaminen",2,"FIN"
5057,"perusteellista",2,"FIN"
5058,"perustein",2,"FIN"
5059,"perustellaan",2,"FIN"
5060,"perustettu",2,"FIN"
5061,"perusti",2,"FIN"
5062,"perustui",2,"FIN"
5063,"perustuvassa",2,"FIN"
5064,"peruu",2,"FIN"
5065,"peruuntuu",2,"FIN"
5066,"pesonen",2,"FIN"
5067,"petteri",2,"FIN"
5068,"pettymys",2,"FIN"
5069,"piakkoin",2,"FIN"
5070,"pienempiä",2,"FIN"
5071,"pienet",2,"FIN"
5072,"pienintä",2,"FIN"
5073,"pienissä",2,"FIN"
5074,"pientä",2,"FIN"
5075,"pienten",2,"FIN"
5076,"pietari",2,"FIN"
5077,"pihaan",2,"FIN"
5078,"pihalla",2,"FIN"
5079,"piikin",2,"FIN"
5080,"pikatesti",2,"FIN"
5081,"pimeässä",2,"FIN"
5082,"pirkanmaalla",2,"FIN"
5083,"pisteiden",2,"FIN"
5084,"pisteistä",2,"FIN"
5085,"pitäisikö",2,"FIN"
5086,"pitämään",2,"FIN"
5087,"pitämällä",2,"FIN"
5088,"pitävä",2,"FIN"
5089,"pitivät",2,"FIN"
5090,"pitkää",2,"FIN"
5091,"pitkiä",2,"FIN"
5092,"plussa",2,"FIN"
5093,"pohdintaa",2,"FIN"
5094,"pohditaan",2,"FIN"
5095,"pohdittiin",2,"FIN"
5096,"pohdittu",2,"FIN"
5097,"pohjalla",2,"FIN"
5098,"pohjan",2,"FIN"
5099,"pohjanmaalla",2,"FIN"
5100,"pohjanmaalle",2,"FIN"
5101,"pohjoiseen",2,"FIN"
5102,"pohjoismaissa",2,"FIN"
5103,"poikani",2,"FIN"
5104,"poikansa",2,"FIN"
5105,"poikaystävä",2,"FIN"
5106,"poikkeaa",2,"FIN"
5107,"poissa",2,"FIN"
5108,"poistamiseksi",2,"FIN"
5109,"poistamista",2,"FIN"
5110,"poistotekstiilin",2,"FIN"
5111,"poistuu",2,"FIN"
5112,"pojat",2,"FIN"
5113,"poliisia",2,"FIN"
5114,"poliisiin",2,"FIN"
5115,"poliittiseen",2,"FIN"
5116,"poliittisen",2,"FIN"
5117,"poliittisia",2,"FIN"
5118,"poliittista",2,"FIN"
5119,"politiikan",2,"FIN"
5120,"politiikkaa",2,"FIN"
5121,"polttoaineiden",2,"FIN"
5122,"polven",2,"FIN"
5123,"pommituksen",2,"FIN"
5124,"ponnistanut",2,"FIN"
5125,"porilaisen",2,"FIN"
5126,"pörssien",2,"FIN"
5127,"pörssit",2,"FIN"
5128,"portugalissa",2,"FIN"
5129,"positiivisen",2,"FIN"
5130,"positiivisessa",2,"FIN"
5131,"positiivista",2,"FIN"
5132,"potin",2,"FIN"
5133,"pöydällä",2,"FIN"
5134,"pöydän",2,"FIN"
5135,"pöytään",2,"FIN"
5136,"pöytyälle",2,"FIN"
5137,"presidentiltä",2,"FIN"
5138,"presidenttiä",2,"FIN"
5139,"prinssi",2,"FIN"
5140,"projektin",2,"FIN"
5141,"projektitiimi",2,"FIN"
5142,"prosentteja",2,"FIN"
5143,"protesteja",2,"FIN"
5144,"pudotti",2,"FIN"
5145,"puheen",2,"FIN"
5146,"puheensa",2,"FIN"
5147,"puhelimeen",2,"FIN"
5148,"puhelimesta",2,"FIN"
5149,"puhelimia",2,"FIN"
5150,"puhelimitse",2,"FIN"
5151,"puhtaat",2,"FIN"
5152,"puhu",2,"FIN"
5153,"puhui",2,"FIN"
5154,"puhumaan",2,"FIN"
5155,"puhumattakaan",2,"FIN"
5156,"puhutaan",2,"FIN"
5157,"puhuvat",2,"FIN"
5158,"puitteissa",2,"FIN"
5159,"pukeutuneena",2,"FIN"
5160,"pukin",2,"FIN"
5161,"puolalaiset",2,"FIN"
5162,"puolelle",2,"FIN"
5163,"puolelta",2,"FIN"
5164,"puolisen",2,"FIN"
5165,"puolison",2,"FIN"
5166,"puolivälierässä",2,"FIN"
5167,"puolivälin",2,"FIN"
5168,"puolta",2,"FIN"
5169,"puolueensa",2,"FIN"
5170,"puolustaa",2,"FIN"
5171,"puputti",2,"FIN"
5172,"puretaan",2,"FIN"
5173,"purettu",2,"FIN"
5174,"puri",2,"FIN"
5175,"putinia",2,"FIN"
5176,"putinista",2,"FIN"
5177,"puuta",2,"FIN"
5178,"puute",2,"FIN"
5179,"puutteesta",2,"FIN"
5180,"puuttuessa",2,"FIN"
5181,"puuttunut",2,"FIN"
5182,"puuttuu",2,"FIN"
5183,"puututaan",2,"FIN"
5184,"pyhä",2,"FIN"
5185,"pyhärannan",2,"FIN"
5186,"pyörittänyt",2,"FIN"
5187,"pyritään",2,"FIN"
5188,"pyrki",2,"FIN"
5189,"pysähtyä",2,"FIN"
5190,"pysähtyy",2,"FIN"
5191,"pysäyttämisessä",2,"FIN"
5192,"pysäytti",2,"FIN"
5193,"pystyssä",2,"FIN"
5194,"pysyi",2,"FIN"
5195,"pysymään",2,"FIN"
5196,"pysyvän",2,"FIN"
5197,"pysyvästi",2,"FIN"
5198,"pysyvät",2,"FIN"
5199,"qatarin",2,"FIN"
5200,"raahen",2,"FIN"
5201,"raamatussa",2,"FIN"
5202,"radalla",2,"FIN"
5203,"radan",2,"FIN"
5204,"rahalla",2,"FIN"
5205,"rahasta",2,"FIN"
5206,"rahoituksen",2,"FIN"
5207,"rahoitus",2,"FIN"
5208,"rahoitusta",2,"FIN"
5209,"rajavartioston",2,"FIN"
5210,"rajoittanut",2,"FIN"
5211,"rajoitukset",2,"FIN"
5212,"rajoitusten",2,"FIN"
5213,"rajoja",2,"FIN"
5214,"rakastan",2,"FIN"
5215,"rakastunut",2,"FIN"
5216,"rakennetaan",2,"FIN"
5217,"rakennettua",2,"FIN"
5218,"rakennukseen",2,"FIN"
5219,"rakennustyöt",2,"FIN"
5220,"rakentamaan",2,"FIN"
5221,"rakkauden",2,"FIN"
5222,"rakkaudesta",2,"FIN"
5223,"rakkauteen",2,"FIN"
5224,"rallin",2,"FIN"
5225,"rangaistusta",2,"FIN"
5226,"ranskalaisia",2,"FIN"
5227,"raportoitiin",2,"FIN"
5228,"raskaan",2,"FIN"
5229,"raskasta",2,"FIN"
5230,"rasmus",2,"FIN"
5231,"rata",2,"FIN"
5232,"ratkaisee",2,"FIN"
5233,"ratkaissut",2,"FIN"
5234,"ratkaista",2,"FIN"
5235,"ratkaistaan",2,"FIN"
5236,"ratkaisuihin",2,"FIN"
5237,"ratkottiin",2,"FIN"
5238,"rauhallisemmalta",2,"FIN"
5239,"rauhallista",2,"FIN"
5240,"rauhan",2,"FIN"
5241,"rauscher",2,"FIN"
5242,"ravinto",2,"FIN"
5243,"ravintoloiden",2,"FIN"
5244,"ravintoloissa",2,"FIN"
5245,"reagointi",2,"FIN"
5246,"reaktiota",2,"FIN"
5247,"reaktori",2,"FIN"
5248,"red",2,"FIN"
5249,"rehellinen",2,"FIN"
5250,"reilusti",2,"FIN"
5251,"reponen",2,"FIN"
5252,"reserviläiset",2,"FIN"
5253,"resursseilla",2,"FIN"
5254,"resurssien",2,"FIN"
5255,"riikka",2,"FIN"
5256,"riippuu",2,"FIN"
5257,"riittääkö",2,"FIN"
5258,"riittänyt",2,"FIN"
5259,"riittävät",2,"FIN"
5260,"rikoksesta",2,"FIN"
5261,"rikosilmoituksia",2,"FIN"
5262,"rikosilmoitus",2,"FIN"
5263,"rikosta",2,"FIN"
5264,"rinnan",2,"FIN"
5265,"risto",2,"FIN"
5266,"riveihin",2,"FIN"
5267,"road",2,"FIN"
5268,"robert",2,"FIN"
5269,"rohkeasti",2,"FIN"
5270,"rokotteen",2,"FIN"
5271,"rokotteita",2,"FIN"
5272,"romantiikkaa",2,"FIN"
5273,"romeon",2,"FIN"
5274,"ronaldo",2,"FIN"
5275,"rooli",2,"FIN"
5276,"roolissa",2,"FIN"
5277,"roope",2,"FIN"
5278,"roska",2,"FIN"
5279,"rovaniemen",2,"FIN"
5280,"runsaan",2,"FIN"
5281,"ruotsalaisen",2,"FIN"
5282,"ruotsia",2,"FIN"
5283,"ruotsiin",2,"FIN"
5284,"ruuan",2,"FIN"
5285,"ruudusta",2,"FIN"
5286,"ruuska",2,"FIN"
5287,"rydman",2,"FIN"
5288,"rydmanin",2,"FIN"
5289,"ryhtyi",2,"FIN"
5290,"sään",2,"FIN"
5291,"saaneensa",2,"FIN"
5292,"säännölliseen",2,"FIN"
5293,"säännöllisesti",2,"FIN"
5294,"saapuivat",2,"FIN"
5295,"saapunut",2,"FIN"
5296,"säästöjä",2,"FIN"
5297,"saat",2,"FIN"
5298,"saataville",2,"FIN"
5299,"saatavuuden",2,"FIN"
5300,"säätiön",2,"FIN"
5301,"saavuttamaan",2,"FIN"
5302,"saavuttaneet",2,"FIN"
5303,"saavuttanut",2,"FIN"
5304,"saha",2,"FIN"
5305,"sähköisten",2,"FIN"
5306,"sähköjä",2,"FIN"
5307,"sähköpostia",2,"FIN"
5308,"säilyy",2,"FIN"
5309,"saimaalla",2,"FIN"
5310,"saimme",2,"FIN"
5311,"sairaanhoitopiiri",2,"FIN"
5312,"sairaanhoitopiiriä",2,"FIN"
5313,"sairastua",2,"FIN"
5314,"sakkoja",2,"FIN"
5315,"salasanaa",2,"FIN"
5316,"sallii",2,"FIN"
5317,"sallinen",2,"FIN"
5318,"sallittuja",2,"FIN"
5319,"salminen",2,"FIN"
5320,"salmisen",2,"FIN"
5321,"salvini",2,"FIN"
5322,"samalle",2,"FIN"
5323,"samanlaista",2,"FIN"
5324,"samoin",2,"FIN"
5325,"san",2,"FIN"
5326,"sanalla",2,"FIN"
5327,"sanansa",2,"FIN"
5328,"sanat",2,"FIN"
5329,"sanomille",2,"FIN"
5330,"sanomissa",2,"FIN"
5331,"sanonut",2,"FIN"
5332,"sanotaan",2,"FIN"
5333,"sarah",2,"FIN"
5334,"sarja",2,"FIN"
5335,"saros",2,"FIN"
5336,"sas",2,"FIN"
5337,"satakunnassa",2,"FIN"
5338,"satama",2,"FIN"
5339,"satamassa",2,"FIN"
5340,"satoa",2,"FIN"
5341,"satoi",2,"FIN"
5342,"sattui",2,"FIN"
5343,"sattunut",2,"FIN"
5344,"sattuu",2,"FIN"
5345,"sauvon",2,"FIN"
5346,"säveltäjä",2,"FIN"
5347,"savolainen",2,"FIN"
5348,"savossa",2,"FIN"
5349,"seipään",2,"FIN"
5350,"seitsemäs",2,"FIN"
5351,"sekaan",2,"FIN"
5352,"seksuaali",2,"FIN"
5353,"sekunnin",2,"FIN"
5354,"selkeä",2,"FIN"
5355,"sellaisen",2,"FIN"
5356,"sellaisia",2,"FIN"
5357,"selonteon",2,"FIN"
5358,"selvään",2,"FIN"
5359,"selviämään",2,"FIN"
5360,"selvitä",2,"FIN"
5361,"selvittämään",2,"FIN"
5362,"selvityksen",2,"FIN"
5363,"selvityksessä",2,"FIN"
5364,"senkin",2,"FIN"
5365,"seudulla",2,"FIN"
5366,"seudut",2,"FIN"
5367,"seuraavalla",2,"FIN"
5368,"seuraavalle",2,"FIN"
5369,"seuraavassa",2,"FIN"
5370,"seurakunta",2,"FIN"
5371,"seurannut",2,"FIN"
5372,"seuransa",2,"FIN"
5373,"seurataan",2,"FIN"
5374,"seuraukset",2,"FIN"
5375,"seutu",2,"FIN"
5376,"sieniä",2,"FIN"
5377,"siirretään",2,"FIN"
5378,"siirrot",2,"FIN"
5379,"siirtyneet",2,"FIN"
5380,"siitäkin",2,"FIN"
5381,"sijaa",2,"FIN"
5382,"sijainnut",2,"FIN"
5383,"sijaitseva",2,"FIN"
5384,"sijalle",2,"FIN"
5385,"sijasta",2,"FIN"
5386,"sijoitetaan",2,"FIN"
5387,"sijoitettu",2,"FIN"
5388,"sijoitus",2,"FIN"
5389,"sillan",2,"FIN"
5390,"silloinen",2,"FIN"
5391,"silmin",2,"FIN"
5392,"simo",2,"FIN"
5393,"sinä",2,"FIN"
5394,"sinkku",2,"FIN"
5395,"sinulla",2,"FIN"
5396,"sinun",2,"FIN"
5397,"sirkus",2,"FIN"
5398,"sisäinen",2,"FIN"
5399,"sisäiseen",2,"FIN"
5400,"sisälle",2,"FIN"
5401,"sisällön",2,"FIN"
5402,"sisällöstä",2,"FIN"
5403,"sisältää",2,"FIN"
5404,"sisältöä",2,"FIN"
5405,"sisältyy",2,"FIN"
5406,"siskonsa",2,"FIN"
5407,"sit",2,"FIN"
5408,"sivuilla",2,"FIN"
5409,"sivullisen",2,"FIN"
5410,"sivussa",2,"FIN"
5411,"skeittiparkin",2,"FIN"
5412,"ski",2,"FIN"
5413,"sodasta",2,"FIN"
5414,"soi",2,"FIN"
5415,"soini",2,"FIN"
5416,"söisi",2,"FIN"
5417,"sopimukset",2,"FIN"
5418,"sopimuksia",2,"FIN"
5419,"sopineet",2,"FIN"
5420,"sopivaa",2,"FIN"
5421,"sopu",2,"FIN"
5422,"sotaan",2,"FIN"
5423,"sotilaallisen",2,"FIN"
5424,"sotilaat",2,"FIN"
5425,"sovi",2,"FIN"
5426,"spr",2,"FIN"
5427,"st",2,"FIN"
5428,"stadionilla",2,"FIN"
5429,"steven",2,"FIN"
5430,"stm",2,"FIN"
5431,"storm",2,"FIN"
5432,"strandvall",2,"FIN"
5433,"strateginen",2,"FIN"
5434,"suekin",2,"FIN"
5435,"suhtautua",2,"FIN"
5436,"suhtautumaan",2,"FIN"
5437,"suhteellista",2,"FIN"
5438,"sujunut",2,"FIN"
5439,"sukupolvelta",2,"FIN"
5440,"sukupuolivähemmistöistä",2,"FIN"
5441,"sukupuolta",2,"FIN"
5442,"suljettiin",2,"FIN"
5443,"suljettu",2,"FIN"
5444,"sulkea",2,"FIN"
5445,"sulkee",2,"FIN"
5446,"sulkeneet",2,"FIN"
5447,"sulki",2,"FIN"
5448,"sulkua",2,"FIN"
5449,"summalla",2,"FIN"
5450,"summan",2,"FIN"
5451,"suojelun",2,"FIN"
5452,"suojelutyön",2,"FIN"
5453,"suojeluun",2,"FIN"
5454,"suola",2,"FIN"
5455,"suomalaisille",2,"FIN"
5456,"suomalaista",2,"FIN"
5457,"suomeksi",2,"FIN"
5458,"suomelle",2,"FIN"
5459,"suomessakin",2,"FIN"
5460,"suoraa",2,"FIN"
5461,"suorastaan",2,"FIN"
5462,"suoritetaan",2,"FIN"
5463,"suorittamaan",2,"FIN"
5464,"suoritusta",2,"FIN"
5465,"suosinut",2,"FIN"
5466,"suositella",2,"FIN"
5467,"suositellaan",2,"FIN"
5468,"suosittelee",2,"FIN"
5469,"suosittuja",2,"FIN"
5470,"suosituin",2,"FIN"
5471,"suostu",2,"FIN"
5472,"superin",2,"FIN"
5473,"surua",2,"FIN"
5474,"surullista",2,"FIN"
5475,"suunnalta",2,"FIN"
5476,"suunnitelma",2,"FIN"
5477,"suunnitelmien",2,"FIN"
5478,"suunniteltu",2,"FIN"
5479,"suunnitteleva",2,"FIN"
5480,"suuntasi",2,"FIN"
5481,"suuntaus",2,"FIN"
5482,"suureen",2,"FIN"
5483,"suurella",2,"FIN"
5484,"suuremmat",2,"FIN"
5485,"suuressa",2,"FIN"
5486,"suuret",2,"FIN"
5487,"suurimman",2,"FIN"
5488,"suurimmat",2,"FIN"
5489,"suurimmista",2,"FIN"
5490,"suurista",2,"FIN"
5491,"sveitsistä",2,"FIN"
5492,"syin",2,"FIN"
5493,"syistä",2,"FIN"
5494,"syitä",2,"FIN"
5495,"synkkä",2,"FIN"
5496,"syntyvän",2,"FIN"
5497,"syöttöä",2,"FIN"
5498,"sytyttänyt",2,"FIN"
5499,"syvästi",2,"FIN"
5500,"syyksi",2,"FIN"
5501,"syyskuun",2,"FIN"
5502,"syyskuussa",2,"FIN"
5503,"syytetty",2,"FIN"
5504,"syyttää",2,"FIN"
5505,"syytti",2,"FIN"
5506,"t",2,"FIN"
5507,"ta",2,"FIN"
5508,"tää",2,"FIN"
5509,"taakseen",2,"FIN"
5510,"täältä",2,"FIN"
5511,"tähtäimellä",2,"FIN"
5512,"taidetta",2,"FIN"
5513,"taidot",2,"FIN"
5514,"taipumaan",2,"FIN"
5515,"taistelija",2,"FIN"
5516,"taisteluita",2,"FIN"
5517,"taivaalla",2,"FIN"
5518,"taiwan",2,"FIN"
5519,"täksi",2,"FIN"
5520,"tällaisen",2,"FIN"
5521,"tällaisia",2,"FIN"
5522,"tälle",2,"FIN"
5523,"tallinna",2,"FIN"
5524,"taloja",2,"FIN"
5525,"talossa",2,"FIN"
5526,"taloudellista",2,"FIN"
5527,"taloudesta",2,"FIN"
5528,"taloustilanne",2,"FIN"
5529,"taloutta",2,"FIN"
5530,"tältä",2,"FIN"
5531,"talteen",2,"FIN"
5532,"tammi",2,"FIN"
5533,"tampa",2,"FIN"
5534,"tampereella",2,"FIN"
5535,"tänne",2,"FIN"
5536,"tanner",2,"FIN"
5537,"tanskan",2,"FIN"
5538,"tapahtui",2,"FIN"
5539,"tapahtumassa",2,"FIN"
5540,"tapahtumat",2,"FIN"
5541,"tapausta",2,"FIN"
5542,"tapausten",2,"FIN"
5543,"tappaa",2,"FIN"
5544,"tappara",2,"FIN"
5545,"tarinan",2,"FIN"
5546,"tarinat",2,"FIN"
5547,"tarinoita",2,"FIN"
5548,"tarjoavat",2,"FIN"
5549,"tarkastellaan",2,"FIN"
5550,"tärkeänä",2,"FIN"
5551,"tärkeät",2,"FIN"
5552,"tarkisti",2,"FIN"
5553,"tarkkaan",2,"FIN"
5554,"tarkoittanut",2,"FIN"
5555,"tarkoittavat",2,"FIN"
5556,"tarkoituksena",2,"FIN"
5557,"tarpeen",2,"FIN"
5558,"tarpeessa",2,"FIN"
5559,"tarpeesta",2,"FIN"
5560,"tarpeisiin",2,"FIN"
5561,"tarpeita",2,"FIN"
5562,"tarttuivat",2,"FIN"
5563,"tartunnan",2,"FIN"
5564,"tartuntaa",2,"FIN"
5565,"tartuntariski",2,"FIN"
5566,"tartuntojen",2,"FIN"
5567,"tarvinnut",2,"FIN"
5568,"tarvitsevansa",2,"FIN"
5569,"tasapainoa",2,"FIN"
5570,"tason",2,"FIN"
5571,"tauko",2,"FIN"
5572,"tavallinen",2,"FIN"
5573,"tavallisen",2,"FIN"
5574,"tavallista",2,"FIN"
5575,"tavaraa",2,"FIN"
5576,"tavaraliikenteen",2,"FIN"
5577,"tavat",2,"FIN"
5578,"tavoite",2,"FIN"
5579,"tavoitteet",2,"FIN"
5580,"tavoitteista",2,"FIN"
5581,"tavoittelee",2,"FIN"
5582,"täydellinen",2,"FIN"
5583,"täydellisesti",2,"FIN"
5584,"täyden",2,"FIN"
5585,"täysimittaiseen",2,"FIN"
5586,"täyttä",2,"FIN"
5587,"täyttäneet",2,"FIN"
5588,"täyttänyt",2,"FIN"
5589,"teattereissa",2,"FIN"
5590,"teemalla",2,"FIN"
5591,"teemat",2,"FIN"
5592,"teen",2,"FIN"
5593,"tehden",2,"FIN"
5594,"tehokas",2,"FIN"
5595,"tehokkain",2,"FIN"
5596,"tehopisteitä",2,"FIN"
5597,"tehostetusti",2,"FIN"
5598,"tehot",2,"FIN"
5599,"tehtävään",2,"FIN"
5600,"tehtävässä",2,"FIN"
5601,"tehtävästä",2,"FIN"
5602,"tehtävien",2,"FIN"
5603,"tehtyjen",2,"FIN"
5604,"teini",2,"FIN"
5605,"tekemästään",2,"FIN"
5606,"tekeminen",2,"FIN"
5607,"tekemiseen",2,"FIN"
5608,"tekevän",2,"FIN"
5609,"tekijä",2,"FIN"
5610,"tekijää",2,"FIN"
5611,"tekijöitä",2,"FIN"
5612,"tekniset",2,"FIN"
5613,"teknologian",2,"FIN"
5614,"tekstin",2,"FIN"
5615,"telegramissa",2,"FIN"
5616,"televisiossa",2,"FIN"
5617,"telttoja",2,"FIN"
5618,"ten",2,"FIN"
5619,"teoksen",2,"FIN"
5620,"teokset",2,"FIN"
5621,"teollisuudessa",2,"FIN"
5622,"terassin",2,"FIN"
5623,"teräväinen",2,"FIN"
5624,"terminaalin",2,"FIN"
5625,"terveysjärjestö",2,"FIN"
5626,"terveyteen",2,"FIN"
5627,"testien",2,"FIN"
5628,"testin",2,"FIN"
5629,"texas",2,"FIN"
5630,"tiedätkö",2,"FIN"
5631,"tiedottaja",2,"FIN"
5632,"tiedotteen",2,"FIN"
5633,"tiedotustilaisuuden",2,"FIN"
5634,"tieliikenteen",2,"FIN"
5635,"tieltä",2,"FIN"
5636,"tienasi",2,"FIN"
5637,"tiesin",2,"FIN"
5638,"tiet",2,"FIN"
5639,"tietävät",2,"FIN"
5640,"tietokoneen",2,"FIN"
5641,"tiettävästi",2,"FIN"
5642,"tiettyjen",2,"FIN"
5643,"tietyn",2,"FIN"
5644,"tietyt",2,"FIN"
5645,"tiimin",2,"FIN"
5646,"tiina",2,"FIN"
5647,"tiistaihin",2,"FIN"
5648,"tiistain",2,"FIN"
5649,"tiivis",2,"FIN"
5650,"tiivisti",2,"FIN"
5651,"tiktok",2,"FIN"
5652,"tilaa",2,"FIN"
5653,"tilaisuuksia",2,"FIN"
5654,"tilanteet",2,"FIN"
5655,"tilapäisen",2,"FIN"
5656,"tilastokeskuksen",2,"FIN"
5657,"tilauskannan",2,"FIN"
5658,"tili",2,"FIN"
5659,"tilillään",2,"FIN"
5660,"tiloihin",2,"FIN"
5661,"timesille",2,"FIN"
5662,"timo",2,"FIN"
5663,"tipahti",2,"FIN"
5664,"tiukan",2,"FIN"
5665,"tiukka",2,"FIN"
5666,"toimialajohtajan",2,"FIN"
5667,"toimijan",2,"FIN"
5668,"toimijoita",2,"FIN"
5669,"toimimaan",2,"FIN"
5670,"toimiminen",2,"FIN"
5671,"toiminnassa",2,"FIN"
5672,"toimintatapojen",2,"FIN"
5673,"toimittaa",2,"FIN"
5674,"toimittajan",2,"FIN"
5675,"toimitti",2,"FIN"
5676,"toimivan",2,"FIN"
5677,"toipua",2,"FIN"
5678,"toipumaan",2,"FIN"
5679,"toisena",2,"FIN"
5680,"toiset",2,"FIN"
5681,"toisilleen",2,"FIN"
5682,"toisinaan",2,"FIN"
5683,"töissä",2,"FIN"
5684,"toistensa",2,"FIN"
5685,"toisti",2,"FIN"
5686,"toiveet",2,"FIN"
5687,"toivoa",2,"FIN"
5688,"toivoneet",2,"FIN"
5689,"toivottu",2,"FIN"
5690,"toivottua",2,"FIN"
5691,"toivovat",2,"FIN"
5692,"tokion",2,"FIN"
5693,"tommi",2,"FIN"
5694,"tontilla",2,"FIN"
5695,"tontteja",2,"FIN"
5696,"tonttia",2,"FIN"
5697,"top",2,"FIN"
5698,"torilla",2,"FIN"
5699,"torjua",2,"FIN"
5700,"torjunnalla",2,"FIN"
5701,"torjunut",2,"FIN"
5702,"törkeän",2,"FIN"
5703,"toteutettiin",2,"FIN"
5704,"toteutettu",2,"FIN"
5705,"toteuttama",2,"FIN"
5706,"toteuttamiseen",2,"FIN"
5707,"toteutunut",2,"FIN"
5708,"totuttua",2,"FIN"
5709,"traumat",2,"FIN"
5710,"tuhannen",2,"FIN"
5711,"tuhansien",2,"FIN"
5712,"tulevaisuudesta",2,"FIN"
5713,"tulevaisuuteen",2,"FIN"
5714,"tulevalla",2,"FIN"
5715,"tulevalle",2,"FIN"
5716,"tuleviin",2,"FIN"
5717,"tuleville",2,"FIN"
5718,"tulivat",2,"FIN"
5719,"tulkinta",2,"FIN"
5720,"tulkitsee",2,"FIN"
5721,"tulleensa",2,"FIN"
5722,"tullessa",2,"FIN"
5723,"tuloa",2,"FIN"
5724,"tuloksen",2,"FIN"
5725,"tuloksia",2,"FIN"
5726,"tulosjulkistuksen",2,"FIN"
5727,"tulosten",2,"FIN"
5728,"tultu",2,"FIN"
5729,"tunnelmaa",2,"FIN"
5730,"tunnelmia",2,"FIN"
5731,"tunnetta",2,"FIN"
5732,"tunnetuksi",2,"FIN"
5733,"tunnustaa",2,"FIN"
5734,"tuntee",2,"FIN"
5735,"tunteva",2,"FIN"
5736,"tuntumaan",2,"FIN"
5737,"tuntumassa",2,"FIN"
5738,"tuntunut",2,"FIN"
5739,"tuomas",2,"FIN"
5740,"tuomioistuimessa",2,"FIN"
5741,"tuomioja",2,"FIN"
5742,"tuomittiin",2,"FIN"
5743,"tuona",2,"FIN"
5744,"tuoreesta",2,"FIN"
5745,"tuosta",2,"FIN"
5746,"tuota",2,"FIN"
5747,"tuotannon",2,"FIN"
5748,"tuotettu",2,"FIN"
5749,"tuottaja",2,"FIN"
5750,"tuottamisen",2,"FIN"
5751,"tuottanut",2,"FIN"
5752,"tuottavat",2,"FIN"
5753,"tuotu",2,"FIN"
5754,"tuovan",2,"FIN"
5755,"turbiinipuolen",2,"FIN"
5756,"turha",2,"FIN"
5757,"turhaa",2,"FIN"
5758,"turistiviisumien",2,"FIN"
5759,"turuntie",2,"FIN"
5760,"turvaamiseksi",2,"FIN"
5761,"turvallisuuden",2,"FIN"
5762,"turvallisuutta",2,"FIN"
5763,"turvassa",2,"FIN"
5764,"tutkia",2,"FIN"
5765,"tutkijat",2,"FIN"
5766,"tutkimaan",2,"FIN"
5767,"tutkimustuloksia",2,"FIN"
5768,"tutkinnan",2,"FIN"
5769,"tutkinnassa",2,"FIN"
5770,"tutkinta",2,"FIN"
5771,"tutummin",2,"FIN"
5772,"tutustumaan",2,"FIN"
5773,"tutustumassa",2,"FIN"
5774,"tutustuu",2,"FIN"
5775,"tuuri",2,"FIN"
5776,"tvo",2,"FIN"
5777,"tyhjään",2,"FIN"
5778,"tyhjillään",2,"FIN"
5779,"tykki",2,"FIN"
5780,"työehtosopimusneuvotteluja",2,"FIN"
5781,"työministeri",2,"FIN"
5782,"työnantaja",2,"FIN"
5783,"työnsä",2,"FIN"
5784,"työntekijä",2,"FIN"
5785,"työntekijän",2,"FIN"
5786,"työntekijöiden",2,"FIN"
5787,"työntekijöistä",2,"FIN"
5788,"työryhmä",2,"FIN"
5789,"työskentelevän",2,"FIN"
5790,"työtään",2,"FIN"
5791,"työttömiä",2,"FIN"
5792,"työvoiman",2,"FIN"
5793,"tytär",2,"FIN"
5794,"tyypillisesti",2,"FIN"
5795,"tyytyväisiä",2,"FIN"
5796,"uhri",2,"FIN"
5797,"uhriksi",2,"FIN"
5798,"ukrainalaisia",2,"FIN"
5799,"ulko",2,"FIN"
5800,"ulkoministeriö",2,"FIN"
5801,"ulkoministeriöstä",2,"FIN"
5802,"ulkopoliittisen",2,"FIN"
5803,"ulkotiloissa",2,"FIN"
5804,"ulla",2,"FIN"
5805,"unohda",2,"FIN"
5806,"unohtui",2,"FIN"
5807,"up",2,"FIN"
5808,"upotti",2,"FIN"
5809,"ura",2,"FIN"
5810,"uraa",2,"FIN"
5811,"urheilijat",2,"FIN"
5812,"urheilijoiden",2,"FIN"
5813,"urheilu",2,"FIN"
5814,"urheilun",2,"FIN"
5815,"useammalle",2,"FIN"
5816,"useassa",2,"FIN"
5817,"useissa",2,"FIN"
5818,"uskomme",2,"FIN"
5819,"uskovat",2,"FIN"
5820,"uudella",2,"FIN"
5821,"uudelle",2,"FIN"
5822,"uudistamisen",2,"FIN"
5823,"uudistumisen",2,"FIN"
5824,"uupuu",2,"FIN"
5825,"uusiksi",2,"FIN"
5826,"uusilla",2,"FIN"
5827,"uusitaan",2,"FIN"
5828,"uutiset",2,"FIN"
5829,"uutistoimistojen",2,"FIN"
5830,"vaaleihin",2,"FIN"
5831,"vaaleja",2,"FIN"
5832,"vääntöä",2,"FIN"
5833,"väärä",2,"FIN"
5834,"vaaralliseksi",2,"FIN"
5835,"vaarantaa",2,"FIN"
5836,"vaasan",2,"FIN"
5837,"vaatineet",2,"FIN"
5838,"vaatteet",2,"FIN"
5839,"vaatteita",2,"FIN"
5840,"väen",2,"FIN"
5841,"väestönsuojaa",2,"FIN"
5842,"vähäisiä",2,"FIN"
5843,"vähemmistöjen",2,"FIN"
5844,"väheni",2,"FIN"
5845,"vähentynyt",2,"FIN"
5846,"vahingossa",2,"FIN"
5847,"vahinkoa",2,"FIN"
5848,"vähiten",2,"FIN"
5849,"vähittäiskaupassa",2,"FIN"
5850,"vahvan",2,"FIN"
5851,"vahvasti",2,"FIN"
5852,"vahvemmin",2,"FIN"
5853,"vahvistettu",2,"FIN"
5854,"vahvistui",2,"FIN"
5855,"vaihe",2,"FIN"
5856,"vaiheiden",2,"FIN"
5857,"vaihtelee",2,"FIN"
5858,"vaihtoehto",2,"FIN"
5859,"vaihtoehtona",2,"FIN"
5860,"vaikeampaa",2,"FIN"
5861,"vaikeista",2,"FIN"
5862,"vaikkei",2,"FIN"
5863,"vaikuta",2,"FIN"
5864,"vaikuttavat",2,"FIN"
5865,"vaikutuksesta",2,"FIN"
5866,"vaikutuksia",2,"FIN"
5867,"vaimo",2,"FIN"
5868,"väitetään",2,"FIN"
5869,"väitti",2,"FIN"
5870,"vaivaa",2,"FIN"
5871,"vaivatta",2,"FIN"
5872,"vajaan",2,"FIN"
5873,"vakaa",2,"FIN"
5874,"vakavaa",2,"FIN"
5875,"vakavan",2,"FIN"
5876,"vakavasta",2,"FIN"
5877,"väkevä",2,"FIN"
5878,"vakituisen",2,"FIN"
5879,"välein",2,"FIN"
5880,"väliä",2,"FIN"
5881,"välillisesti",2,"FIN"
5882,"valinnasta",2,"FIN"
5883,"välissä",2,"FIN"
5884,"välitä",2,"FIN"
5885,"valitaan",2,"FIN"
5886,"valitsi",2,"FIN"
5887,"valitun",2,"FIN"
5888,"välityksellä",2,"FIN"
5889,"vallan",2,"FIN"
5890,"vallasta",2,"FIN"
5891,"vallitseva",2,"FIN"
5892,"valmentaja",2,"FIN"
5893,"valmiita",2,"FIN"
5894,"valmistelee",2,"FIN"
5895,"valmisteluun",2,"FIN"
5896,"valmistuneet",2,"FIN"
5897,"valmistunut",2,"FIN"
5898,"valmistus",2,"FIN"
5899,"valmistuvat",2,"FIN"
5900,"valmius",2,"FIN"
5901,"valojen",2,"FIN"
5902,"valosta",2,"FIN"
5903,"valtavan",2,"FIN"
5904,"valtiolle",2,"FIN"
5905,"valtiopäivien",2,"FIN"
5906,"välttää",2,"FIN"
5907,"välttämään",2,"FIN"
5908,"välttämättömiä",2,"FIN"
5909,"valtteri",2,"FIN"
5910,"valtuuston",2,"FIN"
5911,"valtuustoryhmä",2,"FIN"
5912,"valuma",2,"FIN"
5913,"valvoa",2,"FIN"
5914,"valvoi",2,"FIN"
5915,"valvontaa",2,"FIN"
5916,"vangittavaksi",2,"FIN"
5917,"vanhaa",2,"FIN"
5918,"vanhassa",2,"FIN"
5919,"vanhasta",2,"FIN"
5920,"vanhemmilla",2,"FIN"
5921,"vanhempansa",2,"FIN"
5922,"vanhempi",2,"FIN"
5923,"vanhempien",2,"FIN"
5924,"vanhempiensa",2,"FIN"
5925,"vanninen",2,"FIN"
5926,"vannovat",2,"FIN"
5927,"vapaalla",2,"FIN"
5928,"vapaan",2,"FIN"
5929,"vapaasti",2,"FIN"
5930,"vapautti",2,"FIN"
5931,"vappu",2,"FIN"
5932,"varaan",2,"FIN"
5933,"varata",2,"FIN"
5934,"varautumista",2,"FIN"
5935,"varma",2,"FIN"
5936,"varmistaa",2,"FIN"
5937,"varmisti",2,"FIN"
5938,"varoittaa",2,"FIN"
5939,"varoituksen",2,"FIN"
5940,"varomattoman",2,"FIN"
5941,"varovaisuutta",2,"FIN"
5942,"varsilla",2,"FIN"
5943,"varustettu",2,"FIN"
5944,"vasemmisto",2,"FIN"
5945,"vasemmiston",2,"FIN"
5946,"vastaamaan",2,"FIN"
5947,"vastaanoton",2,"FIN"
5948,"vastaanottajat",2,"FIN"
5949,"vastaavaa",2,"FIN"
5950,"vastakkainasettelu",2,"FIN"
5951,"vastanneeksi",2,"FIN"
5952,"vastavirtaan",2,"FIN"
5953,"vastustajana",2,"FIN"
5954,"vastustajansa",2,"FIN"
5955,"vastustajat",2,"FIN"
5956,"vastuulla",2,"FIN"
5957,"vauva",2,"FIN"
5958,"veli",2,"FIN"
5959,"veljensä",2,"FIN"
5960,"venäjää",2,"FIN"
5961,"venäjään",2,"FIN"
5962,"venäläisen",2,"FIN"
5963,"venäläisiä",2,"FIN"
5964,"venäläistä",2,"FIN"
5965,"verkkosivuille",2,"FIN"
5966,"verkosto",2,"FIN"
5967,"verkostoon",2,"FIN"
5968,"veroa",2,"FIN"
5969,"verrattain",2,"FIN"
5970,"verstappenin",2,"FIN"
5971,"verta",2,"FIN"
5972,"vertaa",2,"FIN"
5973,"vesistöihin",2,"FIN"
5974,"vessassa",2,"FIN"
5975,"vetää",2,"FIN"
5976,"veti",2,"FIN"
5977,"vetovoimaa",2,"FIN"
5978,"vettä",2,"FIN"
5979,"videot",2,"FIN"
5980,"vieläkään",2,"FIN"
5981,"vierailijoille",2,"FIN"
5982,"vierailleet",2,"FIN"
5983,"vieraslajien",2,"FIN"
5984,"vieressä",2,"FIN"
5985,"viestiä",2,"FIN"
5986,"viestintäpäällikkö",2,"FIN"
5987,"viestipalvelu",2,"FIN"
5988,"vietiin",2,"FIN"
5989,"viettää",2,"FIN"
5990,"viety",2,"FIN"
5991,"vievät",2,"FIN"
5992,"viidennellä",2,"FIN"
5993,"viikkojen",2,"FIN"
5994,"viikonloppuisin",2,"FIN"
5995,"viikossa",2,"FIN"
5996,"viimeaikaiset",2,"FIN"
5997,"viimeisteli",2,"FIN"
5998,"viimeksi",2,"FIN"
5999,"viivästyksiä",2,"FIN"
6000,"vika",2,"FIN"
6001,"vikaa",2,"FIN"
6002,"viljandi",2,"FIN"
6003,"viljellä",2,"FIN"
6004,"vilkas",2,"FIN"
6005,"vilkkaasti",2,"FIN"
6006,"ville",2,"FIN"
6007,"vilppaan",2,"FIN"
6008,"virallisia",2,"FIN"
6009,"virhe",2,"FIN"
6010,"virka",2,"FIN"
6011,"virkamiehet",2,"FIN"
6012,"virkamiehiä",2,"FIN"
6013,"virtaa",2,"FIN"
6014,"virtanen",2,"FIN"
6015,"visusti",2,"FIN"
6016,"vitsinä",2,"FIN"
6017,"voimakas",2,"FIN"
6018,"voimavaransa",2,"FIN"
6019,"voimia",2,"FIN"
6020,"voimin",2,"FIN"
6021,"voineet",2,"FIN"
6022,"voitimme",2,"FIN"
6023,"voittaessa",2,"FIN"
6024,"voittaja",2,"FIN"
6025,"voittajaksi",2,"FIN"
6026,"voittamaton",2,"FIN"
6027,"vuokrannut",2,"FIN"
6028,"vuokrata",2,"FIN"
6029,"vuorokaudessa",2,"FIN"
6030,"vuosikymmeniin",2,"FIN"
6031,"vuotiaaksi",2,"FIN"
6032,"vuotiaat",2,"FIN"
6033,"who",2,"FIN"
6034,"wimbledonin",2,"FIN"
6035,"ydinvoimaa",2,"FIN"
6036,"yhdeksäs",2,"FIN"
6037,"yhdeksässä",2,"FIN"
6038,"yhdeksi",2,"FIN"
6039,"yhdistelmä",2,"FIN"
6040,"yhtäkkiä",2,"FIN"
6041,"yhteishankkeen",2,"FIN"
6042,"yhteiskunnalle",2,"FIN"
6043,"yhteiskunnallisia",2,"FIN"
6044,"yhteisön",2,"FIN"
6045,"yhteisöveroissa",2,"FIN"
6046,"yhteistyössä",2,"FIN"
6047,"yhteyksiä",2,"FIN"
6048,"yhtiöltä",2,"FIN"
6049,"yhtiössä",2,"FIN"
6050,"ykkösen",2,"FIN"
6051,"yksikään",2,"FIN"
6052,"yksikkö",2,"FIN"
6053,"yksilön",2,"FIN"
6054,"yksinäisyyttä",2,"FIN"
6055,"yksipuolisesti",2,"FIN"
6056,"yksittäisiä",2,"FIN"
6057,"yksityiskohdista",2,"FIN"
6058,"yksityisten",2,"FIN"
6059,"yksivuotisen",2,"FIN"
6060,"yläosa",2,"FIN"
6061,"yläpuolella",2,"FIN"
6062,"yleisesti",2,"FIN"
6063,"yleisestikin",2,"FIN"
6064,"yleisiä",2,"FIN"
6065,"yleisömäärästä",2,"FIN"
6066,"yleisön",2,"FIN"
6067,"yleisötilaisuuksia",2,"FIN"
6068,"yleisten",2,"FIN"
6069,"ylempään",2,"FIN"
6070,"ylilääkäri",2,"FIN"
6071,"ylioppilaat",2,"FIN"
6072,"ylittää",2,"FIN"
6073,"ylittävää",2,"FIN"
6074,"ylivoimalla",2,"FIN"
6075,"yllättäen",2,"FIN"
6076,"yllätti",2,"FIN"
6077,"ylöjärveltä",2,"FIN"
6078,"ylös",2,"FIN"
6079,"ylöspäin",2,"FIN"
6080,"ymmärrän",2,"FIN"
6081,"ymmärrettävä",2,"FIN"
6082,"ympärilleen",2,"FIN"
6083,"ympäristöön",2,"FIN"
6084,"yöllä",2,"FIN"
6085,"yön",2,"FIN"
6086,"york",2,"FIN"
6087,"yorkin",2,"FIN"
6088,"yötä",2,"FIN"
6089,"yrittäjät",2,"FIN"
6090,"yrittämällä",2,"FIN"
6091,"yritystoimintaa",2,"FIN"
6092,"ystäväksi",2,"FIN"
6093,"ystävän",2,"FIN"
6094,"ystävät",2,"FIN"
6095,"z",2,"FIN"
6096,"zelenskyi",2,"FIN"
