"wordID","word","frequency","language"
1,"de",5667,"CAT"
2,"la",4217,"CAT"
3,"a",4025,"CAT"
4,"que",3368,"CAT"
5,"i",2867,"CAT"
6,"el",2507,"CAT"
7,"l",2139,"CAT"
8,"d",1737,"CAT"
9,"ha",1535,"CAT"
10,"en",1528,"CAT"
11,"per",1508,"CAT"
12,"les",1446,"CAT"
13,"un",1363,"CAT"
14,"del",1336,"CAT"
15,"amb",1328,"CAT"
16,"els",1206,"CAT"
17,"més",1065,"CAT"
18,"una",1043,"CAT"
19,"al",962,"CAT"
20,"no",859,"CAT"
21,"es",762,"CAT"
22,"com",758,"CAT"
23,"és",754,"CAT"
24,"va",741,"CAT"
25,"s",712,"CAT"
26,"aquest",692,"CAT"
27,"dels",573,"CAT"
28,"hi",565,"CAT"
29,"ara",487,"CAT"
30,"aquesta",465,"CAT"
31,"han",426,"CAT"
32,"així",378,"CAT"
33,"també",370,"CAT"
34,"això",335,"CAT"
35,"però",298,"CAT"
36,"se",292,"CAT"
37,"ja",291,"CAT"
38,"o",275,"CAT"
39,"tot",264,"CAT"
40,"fer",263,"CAT"
41,"als",255,"CAT"
42,"van",239,"CAT"
43,"anys",230,"CAT"
44,"ser",216,"CAT"
45,"seva",216,"CAT"
46,"molt",215,"CAT"
47,"seu",214,"CAT"
48,"any",205,"CAT"
49,"fins",202,"CAT"
50,"cap",198,"CAT"
51,"perquè",183,"CAT"
52,"estat",180,"CAT"
53,"si",176,"CAT"
54,"entre",174,"CAT"
55,"ho",165,"CAT"
56,"mateix",165,"CAT"
57,"està",163,"CAT"
58,"són",161,"CAT"
59,"fet",160,"CAT"
60,"sobre",157,"CAT"
61,"cal",155,"CAT"
62,"catalunya",148,"CAT"
63,"dia",146,"CAT"
64,"fa",146,"CAT"
65,"altres",144,"CAT"
66,"des",144,"CAT"
67,"li",144,"CAT"
68,"govern",140,"CAT"
69,"té",139,"CAT"
70,"cada",135,"CAT"
71,"abans",134,"CAT"
72,"on",134,"CAT"
73,"pel",134,"CAT"
74,"aquests",131,"CAT"
75,"bé",131,"CAT"
76,"només",131,"CAT"
77,"havia",130,"CAT"
78,"pot",129,"CAT"
79,"dos",126,"CAT"
80,"euros",125,"CAT"
81,"aquestes",124,"CAT"
82,"després",124,"CAT"
83,"durant",121,"CAT"
84,"part",121,"CAT"
85,"persones",120,"CAT"
86,"avui",117,"CAT"
87,"quan",115,"CAT"
88,"què",112,"CAT"
89,"sense",110,"CAT"
90,"barcelona",107,"CAT"
91,"tres",106,"CAT"
92,"alguns",105,"CAT"
93,"tots",105,"CAT"
94,"encara",102,"CAT"
95,"segons",100,"CAT"
96,"setmana",97,"CAT"
97,"tenir",93,"CAT"
98,"dir",92,"CAT"
99,"ens",92,"CAT"
100,"país",92,"CAT"
101,"milions",91,"CAT"
102,"ni",88,"CAT"
103,"nou",88,"CAT"
104,"contra",86,"CAT"
105,"era",86,"CAT"
106,"serà",86,"CAT"
107,"000",84,"CAT"
108,"final",84,"CAT"
109,"1",83,"CAT"
110,"seus",83,"CAT"
111,"gran",80,"CAT"
112,"manera",80,"CAT"
113,"partir",80,"CAT"
114,"qui",80,"CAT"
115,"veure",80,"CAT"
116,"estan",78,"CAT"
117,"cas",76,"CAT"
118,"n",75,"CAT"
119,"hores",73,"CAT"
120,"temps",73,"CAT"
121,"moment",72,"CAT"
122,"sí",72,"CAT"
123,"ciutat",71,"CAT"
124,"col",71,"CAT"
125,"aquí",70,"CAT"
126,"vol",70,"CAT"
127,"passat",69,"CAT"
128,"primer",69,"CAT"
129,"uns",69,"CAT"
130,"poder",67,"CAT"
131,"tant",67,"CAT"
132,"5",66,"CAT"
133,"dies",66,"CAT"
134,"diu",66,"CAT"
135,"canvi",65,"CAT"
136,"haver",64,"CAT"
137,"nova",64,"CAT"
138,"2",63,"CAT"
139,"arribar",63,"CAT"
140,"president",63,"CAT"
141,"ucraïna",63,"CAT"
142,"dues",62,"CAT"
143,"vida",62,"CAT"
144,"3",61,"CAT"
145,"banda",61,"CAT"
146,"espanyol",61,"CAT"
147,"guerra",61,"CAT"
148,"món",61,"CAT"
149,"tenen",61,"CAT"
150,"general",60,"CAT"
151,"primera",60,"CAT"
152,"quatre",60,"CAT"
153,"em",59,"CAT"
154,"mesos",59,"CAT"
155,"mes",58,"CAT"
156,"seves",58,"CAT"
157,"totes",57,"CAT"
158,"diferents",56,"CAT"
159,"centre",55,"CAT"
160,"cinc",55,"CAT"
161,"gent",55,"CAT"
162,"hem",54,"CAT"
163,"qual",54,"CAT"
164,"tota",54,"CAT"
165,"actualment",53,"CAT"
166,"dit",53,"CAT"
167,"exemple",53,"CAT"
168,"cosa",52,"CAT"
169,"anar",51,"CAT"
170,"partit",51,"CAT"
171,"poden",51,"CAT"
172,"sant",51,"CAT"
173,"algunes",50,"CAT"
174,"casa",50,"CAT"
175,"català",50,"CAT"
176,"cop",50,"CAT"
177,"davant",50,"CAT"
178,"llei",50,"CAT"
179,"molts",50,"CAT"
180,"30",48,"CAT"
181,"donar",48,"CAT"
182,"espanya",48,"CAT"
183,"explica",48,"CAT"
184,"països",48,"CAT"
185,"política",48,"CAT"
186,"6",47,"CAT"
187,"acord",47,"CAT"
188,"bona",47,"CAT"
189,"divendres",47,"CAT"
190,"m",47,"CAT"
191,"millor",47,"CAT"
192,"situació",47,"CAT"
193,"alhora",46,"CAT"
194,"doncs",46,"CAT"
195,"mentre",46,"CAT"
196,"sempre",46,"CAT"
197,"tan",46,"CAT"
198,"aragonès",45,"CAT"
199,"catalana",45,"CAT"
200,"lloc",45,"CAT"
201,"mai",45,"CAT"
202,"través",45,"CAT"
203,"10",44,"CAT"
204,"consell",44,"CAT"
205,"haurà",44,"CAT"
206,"llarg",44,"CAT"
207,"poc",44,"CAT"
208,"públic",44,"CAT"
209,"4",43,"CAT"
210,"7",43,"CAT"
211,"ajuntament",43,"CAT"
212,"andorra",43,"CAT"
213,"dona",43,"CAT"
214,"estiu",43,"CAT"
215,"menys",43,"CAT"
216,"pels",43,"CAT"
217,"altre",42,"CAT"
218,"començar",42,"CAT"
219,"coses",42,"CAT"
220,"dades",42,"CAT"
221,"dimarts",42,"CAT"
222,"hagi",42,"CAT"
223,"sector",42,"CAT"
224,"segona",42,"CAT"
225,"vegada",42,"CAT"
226,"20",41,"CAT"
227,"compte",41,"CAT"
228,"dins",41,"CAT"
229,"junts",41,"CAT"
230,"pas",41,"CAT"
231,"quals",41,"CAT"
232,"grans",40,"CAT"
233,"madrid",40,"CAT"
234,"matí",40,"CAT"
235,"mesures",40,"CAT"
236,"podria",40,"CAT"
237,"projecte",40,"CAT"
238,"recordar",40,"CAT"
239,"sinó",40,"CAT"
240,"tipus",40,"CAT"
241,"unes",40,"CAT"
242,"empreses",39,"CAT"
243,"havien",39,"CAT"
244,"hora",39,"CAT"
245,"majoria",39,"CAT"
246,"moltes",39,"CAT"
247,"pandèmia",39,"CAT"
248,"posar",39,"CAT"
249,"pp",39,"CAT"
250,"punts",39,"CAT"
251,"respecte",39,"CAT"
252,"socials",39,"CAT"
253,"sota",39,"CAT"
254,"suport",39,"CAT"
255,"2022",38,"CAT"
256,"equip",38,"CAT"
257,"feina",38,"CAT"
258,"mateixa",38,"CAT"
259,"salut",38,"CAT"
260,"servei",38,"CAT"
261,"total",38,"CAT"
262,"veu",38,"CAT"
263,"8",37,"CAT"
264,"altra",37,"CAT"
265,"dimecres",37,"CAT"
266,"mort",37,"CAT"
267,"partits",37,"CAT"
268,"passar",37,"CAT"
269,"procés",37,"CAT"
270,"punt",37,"CAT"
271,"rússia",37,"CAT"
272,"sis",37,"CAT"
273,"2021",36,"CAT"
274,"aleshores",36,"CAT"
275,"aquell",36,"CAT"
276,"arran",36,"CAT"
277,"casos",36,"CAT"
278,"clar",36,"CAT"
279,"hauria",36,"CAT"
280,"seguretat",36,"CAT"
281,"social",36,"CAT"
282,"treballar",36,"CAT"
283,"dilluns",35,"CAT"
284,"espai",35,"CAT"
285,"los",35,"CAT"
286,"podem",35,"CAT"
287,"resta",35,"CAT"
288,"2019",34,"CAT"
289,"50",34,"CAT"
290,"acabar",34,"CAT"
291,"barça",34,"CAT"
292,"europea",34,"CAT"
293,"noves",34,"CAT"
294,"preu",34,"CAT"
295,"setembre",34,"CAT"
296,"sigui",34,"CAT"
297,"tarda",34,"CAT"
298,"estar",33,"CAT"
299,"europa",33,"CAT"
300,"evitar",33,"CAT"
301,"farà",33,"CAT"
302,"fora",33,"CAT"
303,"grup",33,"CAT"
304,"mesura",33,"CAT"
305,"parlament",33,"CAT"
306,"pla",33,"CAT"
307,"sobretot",33,"CAT"
308,"treballadors",33,"CAT"
309,"zona",33,"CAT"
310,"aconseguir",32,"CAT"
311,"activitat",32,"CAT"
312,"activitats",32,"CAT"
313,"ciutadans",32,"CAT"
314,"covid",32,"CAT"
315,"dijous",32,"CAT"
316,"ell",32,"CAT"
317,"executiu",32,"CAT"
318,"forma",32,"CAT"
319,"instal",32,"CAT"
320,"nostra",32,"CAT"
321,"població",32,"CAT"
322,"actual",31,"CAT"
323,"carrer",31,"CAT"
324,"decisió",31,"CAT"
325,"defensa",31,"CAT"
326,"dissabte",31,"CAT"
327,"dones",31,"CAT"
328,"explicat",31,"CAT"
329,"generalitat",31,"CAT"
330,"hagut",31,"CAT"
331,"passa",31,"CAT"
332,"qualsevol",31,"CAT"
333,"vaig",31,"CAT"
334,"vegades",31,"CAT"
335,"19",30,"CAT"
336,"ahir",30,"CAT"
337,"aigua",30,"CAT"
338,"balears",30,"CAT"
339,"causa",30,"CAT"
340,"empresa",30,"CAT"
341,"finals",30,"CAT"
342,"important",30,"CAT"
343,"informació",30,"CAT"
344,"nord",30,"CAT"
345,"objectiu",30,"CAT"
346,"plaça",30,"CAT"
347,"rus",30,"CAT"
348,"sistema",30,"CAT"
349,"territori",30,"CAT"
350,"tribunal",30,"CAT"
351,"trobar",30,"CAT"
352,"ells",29,"CAT"
353,"entrar",29,"CAT"
354,"escola",29,"CAT"
355,"estava",29,"CAT"
356,"famílies",29,"CAT"
357,"fent",29,"CAT"
358,"fets",29,"CAT"
359,"gràcies",29,"CAT"
360,"història",29,"CAT"
361,"illes",29,"CAT"
362,"marxa",29,"CAT"
363,"nit",29,"CAT"
364,"sud",29,"CAT"
365,"xarxes",29,"CAT"
366,"25",28,"CAT"
367,"cultura",28,"CAT"
368,"deu",28,"CAT"
369,"diumenge",28,"CAT"
370,"entrada",28,"CAT"
371,"erc",28,"CAT"
372,"llengua",28,"CAT"
373,"mercat",28,"CAT"
374,"nacional",28,"CAT"
375,"persona",28,"CAT"
376,"plataforma",28,"CAT"
377,"podran",28,"CAT"
378,"possible",28,"CAT"
379,"principals",28,"CAT"
380,"programa",28,"CAT"
381,"9",27,"CAT"
382,"assegurat",27,"CAT"
383,"augment",27,"CAT"
384,"capital",27,"CAT"
385,"cara",27,"CAT"
386,"càrrec",27,"CAT"
387,"conflicte",27,"CAT"
388,"fan",27,"CAT"
389,"formació",27,"CAT"
390,"futur",27,"CAT"
391,"gairebé",27,"CAT"
392,"he",27,"CAT"
393,"maig",27,"CAT"
394,"model",27,"CAT"
395,"palma",27,"CAT"
396,"relació",27,"CAT"
397,"societat",27,"CAT"
398,"acte",26,"CAT"
399,"club",26,"CAT"
400,"deixar",26,"CAT"
401,"desembre",26,"CAT"
402,"família",26,"CAT"
403,"gener",26,"CAT"
404,"girona",26,"CAT"
405,"guanyar",26,"CAT"
406,"mallorca",26,"CAT"
407,"mantenir",26,"CAT"
408,"permet",26,"CAT"
409,"pogut",26,"CAT"
410,"porta",26,"CAT"
411,"principal",26,"CAT"
412,"problema",26,"CAT"
413,"sánchez",26,"CAT"
414,"sembla",26,"CAT"
415,"servir",26,"CAT"
416,"sol",26,"CAT"
417,"tal",26,"CAT"
418,"tenia",26,"CAT"
419,"terra",26,"CAT"
420,"treball",26,"CAT"
421,"unió",26,"CAT"
422,"0",25,"CAT"
423,"15",25,"CAT"
424,"2023",25,"CAT"
425,"anterior",25,"CAT"
426,"canvis",25,"CAT"
427,"capacitat",25,"CAT"
428,"curs",25,"CAT"
429,"diferència",25,"CAT"
430,"diversos",25,"CAT"
431,"habitual",25,"CAT"
432,"investigació",25,"CAT"
433,"joan",25,"CAT"
434,"juliol",25,"CAT"
435,"meva",25,"CAT"
436,"puguin",25,"CAT"
437,"setmanes",25,"CAT"
438,"suposa",25,"CAT"
439,"t",25,"CAT"
440,"tingut",25,"CAT"
441,"tothom",25,"CAT"
442,"trobada",25,"CAT"
443,"ús",25,"CAT"
444,"usuaris",25,"CAT"
445,"acció",24,"CAT"
446,"ajudar",24,"CAT"
447,"assegura",24,"CAT"
448,"ben",24,"CAT"
449,"borràs",24,"CAT"
450,"comença",24,"CAT"
451,"costa",24,"CAT"
452,"donat",24,"CAT"
453,"economia",24,"CAT"
454,"estats",24,"CAT"
455,"estem",24,"CAT"
456,"feia",24,"CAT"
457,"fons",24,"CAT"
458,"jo",24,"CAT"
459,"jordi",24,"CAT"
460,"juny",24,"CAT"
461,"llibre",24,"CAT"
462,"major",24,"CAT"
463,"març",24,"CAT"
464,"molta",24,"CAT"
465,"mossos",24,"CAT"
466,"ningú",24,"CAT"
467,"proposta",24,"CAT"
468,"res",24,"CAT"
469,"sentit",24,"CAT"
470,"taula",24,"CAT"
471,"tenim",24,"CAT"
472,"terme",24,"CAT"
473,"últims",24,"CAT"
474,"zones",24,"CAT"
475,"alemanya",23,"CAT"
476,"context",23,"CAT"
477,"costat",23,"CAT"
478,"decidir",23,"CAT"
479,"edició",23,"CAT"
480,"espais",23,"CAT"
481,"espera",23,"CAT"
482,"et",23,"CAT"
483,"gas",23,"CAT"
484,"gestió",23,"CAT"
485,"grups",23,"CAT"
486,"idea",23,"CAT"
487,"jornada",23,"CAT"
488,"joves",23,"CAT"
489,"lo",23,"CAT"
490,"ls",23,"CAT"
491,"mar",23,"CAT"
492,"mig",23,"CAT"
493,"nivell",23,"CAT"
494,"nostre",23,"CAT"
495,"paper",23,"CAT"
496,"pirineu",23,"CAT"
497,"poble",23,"CAT"
498,"policia",23,"CAT"
499,"presència",23,"CAT"
500,"rebut",23,"CAT"
501,"temperatura",23,"CAT"
502,"temporada",23,"CAT"
503,"vam",23,"CAT"
504,"via",23,"CAT"
505,"viure",23,"CAT"
506,"18",22,"CAT"
507,"2020",22,"CAT"
508,"40",22,"CAT"
509,"afegeix",22,"CAT"
510,"afegit",22,"CAT"
511,"agents",22,"CAT"
512,"algun",22,"CAT"
513,"bon",22,"CAT"
514,"catalans",22,"CAT"
515,"central",22,"CAT"
516,"comissió",22,"CAT"
517,"comunitat",22,"CAT"
518,"creixement",22,"CAT"
519,"crisi",22,"CAT"
520,"deixat",22,"CAT"
521,"delicte",22,"CAT"
522,"diners",22,"CAT"
523,"dret",22,"CAT"
524,"espanyola",22,"CAT"
525,"explicar",22,"CAT"
526,"força",22,"CAT"
527,"habitatge",22,"CAT"
528,"mi",22,"CAT"
529,"ministeri",22,"CAT"
530,"ministre",22,"CAT"
531,"mitjana",22,"CAT"
532,"mundial",22,"CAT"
533,"nous",22,"CAT"
534,"parlar",22,"CAT"
535,"presentar",22,"CAT"
536,"preus",22,"CAT"
537,"preveu",22,"CAT"
538,"prova",22,"CAT"
539,"pública",22,"CAT"
540,"sent",22,"CAT"
541,"vehicles",22,"CAT"
542,"vist",22,"CAT"
543,"voltant",22,"CAT"
544,"13",21,"CAT"
545,"allà",21,"CAT"
546,"alt",21,"CAT"
547,"alta",21,"CAT"
548,"aquella",21,"CAT"
549,"associació",21,"CAT"
550,"camí",21,"CAT"
551,"condicions",21,"CAT"
552,"considera",21,"CAT"
553,"cost",21,"CAT"
554,"diverses",21,"CAT"
555,"educació",21,"CAT"
556,"ella",21,"CAT"
557,"enguany",21,"CAT"
558,"entendre",21,"CAT"
559,"fonts",21,"CAT"
560,"graus",21,"CAT"
561,"home",21,"CAT"
562,"inici",21,"CAT"
563,"internacional",21,"CAT"
564,"judicial",21,"CAT"
565,"música",21,"CAT"
566,"obra",21,"CAT"
567,"octubre",21,"CAT"
568,"portaveu",21,"CAT"
569,"segon",21,"CAT"
570,"sentència",21,"CAT"
571,"seran",21,"CAT"
572,"seria",21,"CAT"
573,"set",21,"CAT"
574,"tindrà",21,"CAT"
575,"tornar",21,"CAT"
576,"últim",21,"CAT"
577,"volen",21,"CAT"
578,"xifra",21,"CAT"
579,"17",20,"CAT"
580,"24",20,"CAT"
581,"ajuda",20,"CAT"
582,"almenys",20,"CAT"
583,"aquells",20,"CAT"
584,"caldrà",20,"CAT"
585,"centres",20,"CAT"
586,"difícil",20,"CAT"
587,"enllà",20,"CAT"
588,"entitat",20,"CAT"
589,"especial",20,"CAT"
590,"igualada",20,"CAT"
591,"increment",20,"CAT"
592,"informe",20,"CAT"
593,"interior",20,"CAT"
594,"jove",20,"CAT"
595,"judici",20,"CAT"
596,"línia",20,"CAT"
597,"local",20,"CAT"
598,"mica",20,"CAT"
599,"mínim",20,"CAT"
600,"nom",20,"CAT"
601,"participació",20,"CAT"
602,"places",20,"CAT"
603,"podia",20,"CAT"
604,"polítics",20,"CAT"
605,"posició",20,"CAT"
606,"principi",20,"CAT"
607,"productes",20,"CAT"
608,"projectes",20,"CAT"
609,"qualitat",20,"CAT"
610,"resposta",20,"CAT"
611,"resultat",20,"CAT"
612,"reunió",20,"CAT"
613,"serveis",20,"CAT"
614,"sigut",20,"CAT"
615,"teatre",20,"CAT"
616,"última",20,"CAT"
617,"únic",20,"CAT"
618,"universitat",20,"CAT"
619,"12",19,"CAT"
620,"31",19,"CAT"
621,"abril",19,"CAT"
622,"acaba",19,"CAT"
623,"agost",19,"CAT"
624,"arreu",19,"CAT"
625,"arriba",19,"CAT"
626,"arribat",19,"CAT"
627,"aviat",19,"CAT"
628,"companyia",19,"CAT"
629,"compromís",19,"CAT"
630,"demanat",19,"CAT"
631,"edat",19,"CAT"
632,"eren",19,"CAT"
633,"especialment",19,"CAT"
634,"estudi",19,"CAT"
635,"febrer",19,"CAT"
636,"jocs",19,"CAT"
637,"marca",19,"CAT"
638,"membres",19,"CAT"
639,"mitjans",19,"CAT"
640,"moviment",19,"CAT"
641,"ne",19,"CAT"
642,"premsa",19,"CAT"
643,"prop",19,"CAT"
644,"pugui",19,"CAT"
645,"qüestió",19,"CAT"
646,"realitat",19,"CAT"
647,"recordat",19,"CAT"
648,"risc",19,"CAT"
649,"tema",19,"CAT"
650,"valor",19,"CAT"
651,"100",18,"CAT"
652,"16",18,"CAT"
653,"acabat",18,"CAT"
654,"allò",18,"CAT"
655,"ambient",18,"CAT"
656,"campanya",18,"CAT"
657,"canviar",18,"CAT"
658,"control",18,"CAT"
659,"criticat",18,"CAT"
660,"eleccions",18,"CAT"
661,"elements",18,"CAT"
662,"enrere",18,"CAT"
663,"facin",18,"CAT"
664,"falta",18,"CAT"
665,"invasió",18,"CAT"
666,"joc",18,"CAT"
667,"llum",18,"CAT"
668,"malgrat",18,"CAT"
669,"mena",18,"CAT"
670,"minuts",18,"CAT"
671,"nadal",18,"CAT"
672,"nombre",18,"CAT"
673,"noms",18,"CAT"
674,"nostres",18,"CAT"
675,"novembre",18,"CAT"
676,"obres",18,"CAT"
677,"obrir",18,"CAT"
678,"personal",18,"CAT"
679,"ple",18,"CAT"
680,"polítiques",18,"CAT"
681,"possibilitat",18,"CAT"
682,"pots",18,"CAT"
683,"potser",18,"CAT"
684,"previst",18,"CAT"
685,"primers",18,"CAT"
686,"producció",18,"CAT"
687,"propostes",18,"CAT"
688,"prou",18,"CAT"
689,"queda",18,"CAT"
690,"quedar",18,"CAT"
691,"rebre",18,"CAT"
692,"recerca",18,"CAT"
693,"referència",18,"CAT"
694,"resultats",18,"CAT"
695,"tampoc",18,"CAT"
696,"volgut",18,"CAT"
697,"14",17,"CAT"
698,"accés",17,"CAT"
699,"algú",17,"CAT"
700,"àmbit",17,"CAT"
701,"anunciat",17,"CAT"
702,"apuntat",17,"CAT"
703,"armengol",17,"CAT"
704,"arribada",17,"CAT"
705,"atenció",17,"CAT"
706,"baixa",17,"CAT"
707,"carles",17,"CAT"
708,"direcció",17,"CAT"
709,"drets",17,"CAT"
710,"dur",17,"CAT"
711,"energia",17,"CAT"
712,"entitats",17,"CAT"
713,"escoles",17,"CAT"
714,"esquerra",17,"CAT"
715,"format",17,"CAT"
716,"garantir",17,"CAT"
717,"independència",17,"CAT"
718,"mà",17,"CAT"
719,"metres",17,"CAT"
720,"militar",17,"CAT"
721,"municipi",17,"CAT"
722,"patir",17,"CAT"
723,"pensar",17,"CAT"
724,"podrien",17,"CAT"
725,"prendre",17,"CAT"
726,"presó",17,"CAT"
727,"pròxims",17,"CAT"
728,"puigdemont",17,"CAT"
729,"segle",17,"CAT"
730,"suma",17,"CAT"
731,"tercera",17,"CAT"
732,"ve",17,"CAT"
733,"veïns",17,"CAT"
734,"víctimes",17,"CAT"
735,"viu",17,"CAT"
736,"11",16,"CAT"
737,"accedir",16,"CAT"
738,"alerta",16,"CAT"
739,"anunciar",16,"CAT"
740,"atacs",16,"CAT"
741,"cambra",16,"CAT"
742,"catalanes",16,"CAT"
743,"començat",16,"CAT"
744,"compta",16,"CAT"
745,"comú",16,"CAT"
746,"comunicat",16,"CAT"
747,"congrés",16,"CAT"
748,"continua",16,"CAT"
749,"continuar",16,"CAT"
750,"cup",16,"CAT"
751,"deixa",16,"CAT"
752,"diferent",16,"CAT"
753,"entorn",16,"CAT"
754,"escenari",16,"CAT"
755,"esdeveniment",16,"CAT"
756,"fàcil",16,"CAT"
757,"gaire",16,"CAT"
758,"gaudir",16,"CAT"
759,"hospital",16,"CAT"
760,"humans",16,"CAT"
761,"inclou",16,"CAT"
762,"interès",16,"CAT"
763,"justícia",16,"CAT"
764,"lacions",16,"CAT"
765,"locals",16,"CAT"
766,"marc",16,"CAT"
767,"mòbil",16,"CAT"
768,"morts",16,"CAT"
769,"municipis",16,"CAT"
770,"nos",16,"CAT"
771,"oficial",16,"CAT"
772,"pare",16,"CAT"
773,"petits",16,"CAT"
774,"polític",16,"CAT"
775,"posat",16,"CAT"
776,"públics",16,"CAT"
777,"recursos",16,"CAT"
778,"registrat",16,"CAT"
779,"ruixats",16,"CAT"
780,"russos",16,"CAT"
781,"saber",16,"CAT"
782,"sap",16,"CAT"
783,"sols",16,"CAT"
784,"termini",16,"CAT"
785,"tornat",16,"CAT"
786,"transport",16,"CAT"
787,"ucraïnès",16,"CAT"
788,"varen",16,"CAT"
789,"voluntat",16,"CAT"
790,"xarxa",16,"CAT"
791,"23",15,"CAT"
792,"28",15,"CAT"
793,"80",15,"CAT"
794,"anat",15,"CAT"
795,"comercial",15,"CAT"
796,"confiança",15,"CAT"
797,"conjunt",15,"CAT"
798,"construcció",15,"CAT"
799,"continuació",15,"CAT"
800,"cos",15,"CAT"
801,"crear",15,"CAT"
802,"creu",15,"CAT"
803,"debat",15,"CAT"
804,"discurs",15,"CAT"
805,"endavant",15,"CAT"
806,"època",15,"CAT"
807,"est",15,"CAT"
808,"estratègia",15,"CAT"
809,"europeu",15,"CAT"
810,"favor",15,"CAT"
811,"fiscal",15,"CAT"
812,"has",15,"CAT"
813,"il",15,"CAT"
814,"illa",15,"CAT"
815,"intentar",15,"CAT"
816,"inversió",15,"CAT"
817,"just",15,"CAT"
818,"lectiu",15,"CAT"
819,"massa",15,"CAT"
820,"màxim",15,"CAT"
821,"màxima",15,"CAT"
822,"meu",15,"CAT"
823,"ministra",15,"CAT"
824,"municipals",15,"CAT"
825,"nosaltres",15,"CAT"
826,"oest",15,"CAT"
827,"pocs",15,"CAT"
828,"pràctica",15,"CAT"
829,"professionals",15,"CAT"
830,"protecció",15,"CAT"
831,"quantitat",15,"CAT"
832,"reforma",15,"CAT"
833,"sortida",15,"CAT"
834,"sumar",15,"CAT"
835,"temperatures",15,"CAT"
836,"valencià",15,"CAT"
837,"vot",15,"CAT"
838,"200",14,"CAT"
839,"21",14,"CAT"
840,"500",14,"CAT"
841,"afirmat",14,"CAT"
842,"agrada",14,"CAT"
843,"alguna",14,"CAT"
844,"apunta",14,"CAT"
845,"art",14,"CAT"
846,"asseguren",14,"CAT"
847,"audiència",14,"CAT"
848,"banc",14,"CAT"
849,"clau",14,"CAT"
850,"contingut",14,"CAT"
851,"contracte",14,"CAT"
852,"darrere",14,"CAT"
853,"demana",14,"CAT"
854,"demanar",14,"CAT"
855,"departament",14,"CAT"
856,"director",14,"CAT"
857,"econòmic",14,"CAT"
858,"econòmica",14,"CAT"
859,"edifici",14,"CAT"
860,"europeus",14,"CAT"
861,"faran",14,"CAT"
862,"foc",14,"CAT"
863,"forces",14,"CAT"
864,"hagin",14,"CAT"
865,"hauran",14,"CAT"
866,"haurien",14,"CAT"
867,"homes",14,"CAT"
868,"impacte",14,"CAT"
869,"inflació",14,"CAT"
870,"ingressos",14,"CAT"
871,"iniciativa",14,"CAT"
872,"legislatura",14,"CAT"
873,"lícula",14,"CAT"
874,"llavors",14,"CAT"
875,"mans",14,"CAT"
876,"marge",14,"CAT"
877,"mitjà",14,"CAT"
878,"mostra",14,"CAT"
879,"museu",14,"CAT"
880,"opció",14,"CAT"
881,"otan",14,"CAT"
882,"parla",14,"CAT"
883,"plat",14,"CAT"
884,"port",14,"CAT"
885,"premi",14,"CAT"
886,"present",14,"CAT"
887,"presentació",14,"CAT"
888,"primeres",14,"CAT"
889,"problemes",14,"CAT"
890,"proves",14,"CAT"
891,"psc",14,"CAT"
892,"rècord",14,"CAT"
893,"relacions",14,"CAT"
894,"som",14,"CAT"
895,"sortir",14,"CAT"
896,"ue",14,"CAT"
897,"única",14,"CAT"
898,"vespre",14,"CAT"
899,"victòria",14,"CAT"
900,"vista",14,"CAT"
901,"vuit",14,"CAT"
902,"2015",13,"CAT"
903,"60",13,"CAT"
904,"actuació",13,"CAT"
905,"actuacions",13,"CAT"
906,"agenda",13,"CAT"
907,"aliança",13,"CAT"
908,"alumnes",13,"CAT"
909,"anoia",13,"CAT"
910,"antoni",13,"CAT"
911,"aplicació",13,"CAT"
912,"autoritats",13,"CAT"
913,"baix",13,"CAT"
914,"base",13,"CAT"
915,"bo",13,"CAT"
916,"bombers",13,"CAT"
917,"camp",13,"CAT"
918,"carrera",13,"CAT"
919,"carrers",13,"CAT"
920,"cel",13,"CAT"
921,"color",13,"CAT"
922,"comprar",13,"CAT"
923,"comuns",13,"CAT"
924,"conseqüència",13,"CAT"
925,"cuina",13,"CAT"
926,"demanda",13,"CAT"
927,"distància",13,"CAT"
928,"diuen",13,"CAT"
929,"energètica",13,"CAT"
930,"entrevista",13,"CAT"
931,"esperen",13,"CAT"
932,"èxit",13,"CAT"
933,"exposició",13,"CAT"
934,"figura",13,"CAT"
935,"fills",13,"CAT"
936,"futbol",13,"CAT"
937,"importants",13,"CAT"
938,"insistit",13,"CAT"
939,"institucions",13,"CAT"
940,"intel",13,"CAT"
941,"lleida",13,"CAT"
942,"manifestació",13,"CAT"
943,"matinada",13,"CAT"
944,"menors",13,"CAT"
945,"mental",13,"CAT"
946,"migdia",13,"CAT"
947,"ministres",13,"CAT"
948,"municipal",13,"CAT"
949,"necessitat",13,"CAT"
950,"normativa",13,"CAT"
951,"obert",13,"CAT"
952,"organització",13,"CAT"
953,"organitzat",13,"CAT"
954,"pagar",13,"CAT"
955,"paraules",13,"CAT"
956,"passada",13,"CAT"
957,"perdut",13,"CAT"
958,"podrà",13,"CAT"
959,"popular",13,"CAT"
960,"preguntes",13,"CAT"
961,"presidenta",13,"CAT"
962,"primavera",13,"CAT"
963,"professional",13,"CAT"
964,"psoe",13,"CAT"
965,"publicat",13,"CAT"
966,"recorda",13,"CAT"
967,"restriccions",13,"CAT"
968,"roda",13,"CAT"
969,"russa",13,"CAT"
970,"santa",13,"CAT"
971,"sèrie",13,"CAT"
972,"socis",13,"CAT"
973,"tancat",13,"CAT"
974,"víctima",13,"CAT"
975,"visita",13,"CAT"
976,"vols",13,"CAT"
977,"vots",13,"CAT"
978,"xifres",13,"CAT"
979,"2017",12,"CAT"
980,"700",12,"CAT"
981,"aconseguit",12,"CAT"
982,"andalusia",12,"CAT"
983,"aniversari",12,"CAT"
984,"baixes",12,"CAT"
985,"celebració",12,"CAT"
986,"celebrar",12,"CAT"
987,"ciutats",12,"CAT"
988,"civil",12,"CAT"
989,"clients",12,"CAT"
990,"completament",12,"CAT"
991,"comptes",12,"CAT"
992,"conèixer",12,"CAT"
993,"contrari",12,"CAT"
994,"convertir",12,"CAT"
995,"copa",12,"CAT"
996,"creació",12,"CAT"
997,"cultural",12,"CAT"
998,"darrers",12,"CAT"
999,"denunciat",12,"CAT"
1000,"diàleg",12,"CAT"
1001,"digital",12,"CAT"
1002,"dreta",12,"CAT"
1003,"efectes",12,"CAT"
1004,"equips",12,"CAT"
1005,"esperar",12,"CAT"
1006,"espionatge",12,"CAT"
1007,"estarà",12,"CAT"
1008,"estaven",12,"CAT"
1009,"fred",12,"CAT"
1010,"funcionament",12,"CAT"
1011,"global",12,"CAT"
1012,"històric",12,"CAT"
1013,"identificar",12,"CAT"
1014,"imatge",12,"CAT"
1015,"infants",12,"CAT"
1016,"informat",12,"CAT"
1017,"jugar",12,"CAT"
1018,"junta",12,"CAT"
1019,"laboració",12,"CAT"
1020,"llocs",12,"CAT"
1021,"mal",12,"CAT"
1022,"malaltia",12,"CAT"
1023,"manté",12,"CAT"
1024,"marcat",12,"CAT"
1025,"menjar",12,"CAT"
1026,"millorar",12,"CAT"
1027,"millors",12,"CAT"
1028,"morir",12,"CAT"
1029,"muntanya",12,"CAT"
1030,"nivells",12,"CAT"
1031,"pacte",12,"CAT"
1032,"paraula",12,"CAT"
1033,"passi",12,"CAT"
1034,"patrimoni",12,"CAT"
1035,"pau",12,"CAT"
1036,"pedro",12,"CAT"
1037,"petició",12,"CAT"
1038,"petit",12,"CAT"
1039,"petita",12,"CAT"
1040,"posa",12,"CAT"
1041,"pregunta",12,"CAT"
1042,"pressupost",12,"CAT"
1043,"principat",12,"CAT"
1044,"producte",12,"CAT"
1045,"pròpia",12,"CAT"
1046,"quilòmetres",12,"CAT"
1047,"recorregut",12,"CAT"
1048,"resoldre",12,"CAT"
1049,"ritme",12,"CAT"
1050,"sectors",12,"CAT"
1051,"seguir",12,"CAT"
1052,"siguin",12,"CAT"
1053,"teu",12,"CAT"
1054,"text",12,"CAT"
1055,"títol",12,"CAT"
1056,"torna",12,"CAT"
1057,"tracta",12,"CAT"
1058,"trens",12,"CAT"
1059,"treure",12,"CAT"
1060,"troba",12,"CAT"
1061,"us",12,"CAT"
1062,"utilitzar",12,"CAT"
1063,"vaga",12,"CAT"
1064,"versió",12,"CAT"
1065,"veus",12,"CAT"
1066,"vox",12,"CAT"
1067,"22",11,"CAT"
1068,"27",11,"CAT"
1069,"35",11,"CAT"
1070,"accions",11,"CAT"
1071,"agafar",11,"CAT"
1072,"ajudes",11,"CAT"
1073,"amics",11,"CAT"
1074,"anuals",11,"CAT"
1075,"aparcament",11,"CAT"
1076,"autors",11,"CAT"
1077,"caldria",11,"CAT"
1078,"calor",11,"CAT"
1079,"castellà",11,"CAT"
1080,"cert",11,"CAT"
1081,"comarques",11,"CAT"
1082,"compra",11,"CAT"
1083,"concert",11,"CAT"
1084,"concurs",11,"CAT"
1085,"consum",11,"CAT"
1086,"convertit",11,"CAT"
1087,"coordinació",11,"CAT"
1088,"cursa",11,"CAT"
1089,"darrer",11,"CAT"
1090,"declarat",11,"CAT"
1091,"democràcia",11,"CAT"
1092,"detectar",11,"CAT"
1093,"detingut",11,"CAT"
1094,"econòmics",11,"CAT"
1095,"efecte",11,"CAT"
1096,"estatal",11,"CAT"
1097,"etapa",11,"CAT"
1098,"experiència",11,"CAT"
1099,"expresident",11,"CAT"
1100,"exterior",11,"CAT"
1101,"faci",11,"CAT"
1102,"facilitar",11,"CAT"
1103,"familiar",11,"CAT"
1104,"fase",11,"CAT"
1105,"fill",11,"CAT"
1106,"fos",11,"CAT"
1107,"frança",11,"CAT"
1108,"front",11,"CAT"
1109,"funció",11,"CAT"
1110,"fundació",11,"CAT"
1111,"futbolista",11,"CAT"
1112,"hivern",11,"CAT"
1113,"igual",11,"CAT"
1114,"incendi",11,"CAT"
1115,"independentisme",11,"CAT"
1116,"josé",11,"CAT"
1117,"jutge",11,"CAT"
1118,"laboral",11,"CAT"
1119,"lació",11,"CAT"
1120,"llista",11,"CAT"
1121,"maria",11,"CAT"
1122,"medi",11,"CAT"
1123,"menor",11,"CAT"
1124,"missatge",11,"CAT"
1125,"missatges",11,"CAT"
1126,"necessitats",11,"CAT"
1127,"ºc",11,"CAT"
1128,"ordre",11,"CAT"
1129,"organisme",11,"CAT"
1130,"origen",11,"CAT"
1131,"pacients",11,"CAT"
1132,"palau",11,"CAT"
1133,"parc",11,"CAT"
1134,"parella",11,"CAT"
1135,"parís",11,"CAT"
1136,"parlamentaris",11,"CAT"
1137,"participar",11,"CAT"
1138,"passant",11,"CAT"
1139,"perill",11,"CAT"
1140,"període",11,"CAT"
1141,"permetrà",11,"CAT"
1142,"portar",11,"CAT"
1143,"pressupostos",11,"CAT"
1144,"pretén",11,"CAT"
1145,"principalment",11,"CAT"
1146,"professor",11,"CAT"
1147,"provocar",11,"CAT"
1148,"putin",11,"CAT"
1149,"quedat",11,"CAT"
1150,"quin",11,"CAT"
1151,"recuperació",11,"CAT"
1152,"recuperar",11,"CAT"
1153,"règim",11,"CAT"
1154,"remarcat",11,"CAT"
1155,"representants",11,"CAT"
1156,"república",11,"CAT"
1157,"secretari",11,"CAT"
1158,"selecció",11,"CAT"
1159,"sexuals",11,"CAT"
1160,"sou",11,"CAT"
1161,"sovint",11,"CAT"
1162,"tarragona",11,"CAT"
1163,"tenien",11,"CAT"
1164,"tingui",11,"CAT"
1165,"torn",11,"CAT"
1166,"tram",11,"CAT"
1167,"tv3",11,"CAT"
1168,"unit",11,"CAT"
1169,"units",11,"CAT"
1170,"vehicle",11,"CAT"
1171,"venda",11,"CAT"
1172,"viatge",11,"CAT"
1173,"vídeos",11,"CAT"
1174,"vint",11,"CAT"
1175,"volem",11,"CAT"
1176,"300",10,"CAT"
1177,"32",10,"CAT"
1178,"90",10,"CAT"
1179,"abusos",10,"CAT"
1180,"accident",10,"CAT"
1181,"advocat",10,"CAT"
1182,"afectar",10,"CAT"
1183,"altes",10,"CAT"
1184,"andreu",10,"CAT"
1185,"anteriors",10,"CAT"
1186,"aprovat",10,"CAT"
1187,"apunten",10,"CAT"
1188,"arribarà",10,"CAT"
1189,"article",10,"CAT"
1190,"aspectes",10,"CAT"
1191,"atac",10,"CAT"
1192,"augmentar",10,"CAT"
1193,"autor",10,"CAT"
1194,"barri",10,"CAT"
1195,"beneficis",10,"CAT"
1196,"busquen",10,"CAT"
1197,"canviat",10,"CAT"
1198,"característiques",10,"CAT"
1199,"carretera",10,"CAT"
1200,"celebrarà",10,"CAT"
1201,"centenars",10,"CAT"
1202,"certa",10,"CAT"
1203,"cicle",10,"CAT"
1204,"codi",10,"CAT"
1205,"colau",10,"CAT"
1206,"comunitats",10,"CAT"
1207,"conseller",10,"CAT"
1208,"consumidors",10,"CAT"
1209,"conversa",10,"CAT"
1210,"costos",10,"CAT"
1211,"cotxe",10,"CAT"
1212,"darrera",10,"CAT"
1213,"darreres",10,"CAT"
1214,"dècades",10,"CAT"
1215,"deia",10,"CAT"
1216,"desenvolupament",10,"CAT"
1217,"despesa",10,"CAT"
1218,"destacar",10,"CAT"
1219,"destacat",10,"CAT"
1220,"dificultats",10,"CAT"
1221,"document",10,"CAT"
1222,"escala",10,"CAT"
1223,"esforç",10,"CAT"
1224,"estació",10,"CAT"
1225,"estigui",10,"CAT"
1226,"exèrcit",10,"CAT"
1227,"fira",10,"CAT"
1228,"formar",10,"CAT"
1229,"fort",10,"CAT"
1230,"guàrdia",10,"CAT"
1231,"h",10,"CAT"
1232,"importància",10,"CAT"
1233,"incidència",10,"CAT"
1234,"independentista",10,"CAT"
1235,"inferior",10,"CAT"
1236,"líder",10,"CAT"
1237,"literatura",10,"CAT"
1238,"llibertat",10,"CAT"
1239,"llibres",10,"CAT"
1240,"lliure",10,"CAT"
1241,"manca",10,"CAT"
1242,"mare",10,"CAT"
1243,"matèria",10,"CAT"
1244,"me",10,"CAT"
1245,"meitat",10,"CAT"
1246,"minut",10,"CAT"
1247,"mirada",10,"CAT"
1248,"necessari",10,"CAT"
1249,"negociació",10,"CAT"
1250,"negre",10,"CAT"
1251,"notícia",10,"CAT"
1252,"parlat",10,"CAT"
1253,"participat",10,"CAT"
1254,"penal",10,"CAT"
1255,"permès",10,"CAT"
1256,"pes",10,"CAT"
1257,"planta",10,"CAT"
1258,"plena",10,"CAT"
1259,"possibles",10,"CAT"
1260,"preparar",10,"CAT"
1261,"presentarà",10,"CAT"
1262,"principis",10,"CAT"
1263,"produir",10,"CAT"
1264,"pròxim",10,"CAT"
1265,"recentment",10,"CAT"
1266,"reconegut",10,"CAT"
1267,"regne",10,"CAT"
1268,"seguit",10,"CAT"
1269,"sentir",10,"CAT"
1270,"son",10,"CAT"
1271,"te",10,"CAT"
1272,"televisió",10,"CAT"
1273,"temes",10,"CAT"
1274,"treballant",10,"CAT"
1275,"treballen",10,"CAT"
1276,"troben",10,"CAT"
1277,"turisme",10,"CAT"
1278,"ucraïnesos",10,"CAT"
1279,"vallès",10,"CAT"
1280,"valors",10,"CAT"
1281,"veí",10,"CAT"
1282,"vent",10,"CAT"
1283,"vídeo",10,"CAT"
1284,"vila",10,"CAT"
1285,"volia",10,"CAT"
1286,"votació",10,"CAT"
1287,"xina",10,"CAT"
1288,"2014",9,"CAT"
1289,"39",9,"CAT"
1290,"600",9,"CAT"
1291,"acollir",9,"CAT"
1292,"acompanyat",9,"CAT"
1293,"acords",9,"CAT"
1294,"acusat",9,"CAT"
1295,"aeroport",9,"CAT"
1296,"afecta",9,"CAT"
1297,"agència",9,"CAT"
1298,"alcalde",9,"CAT"
1299,"anna",9,"CAT"
1300,"antic",9,"CAT"
1301,"anunci",9,"CAT"
1302,"aprovar",9,"CAT"
1303,"armes",9,"CAT"
1304,"artistes",9,"CAT"
1305,"assenyala",9,"CAT"
1306,"aules",9,"CAT"
1307,"baixos",9,"CAT"
1308,"brussel",9,"CAT"
1309,"busca",9,"CAT"
1310,"cadascun",9,"CAT"
1311,"calendari",9,"CAT"
1312,"carlos",9,"CAT"
1313,"categoria",9,"CAT"
1314,"causes",9,"CAT"
1315,"celebrat",9,"CAT"
1316,"cinema",9,"CAT"
1317,"clarament",9,"CAT"
1318,"classe",9,"CAT"
1319,"claus",9,"CAT"
1320,"clubs",9,"CAT"
1321,"comencen",9,"CAT"
1322,"company",9,"CAT"
1323,"compromès",9,"CAT"
1324,"consistori",9,"CAT"
1325,"consulta",9,"CAT"
1326,"cotxes",9,"CAT"
1327,"defensat",9,"CAT"
1328,"díaz",9,"CAT"
1329,"donen",9,"CAT"
1330,"elles",9,"CAT"
1331,"emissions",9,"CAT"
1332,"error",9,"CAT"
1333,"espanyols",9,"CAT"
1334,"excel",9,"CAT"
1335,"expliquen",9,"CAT"
1336,"expressat",9,"CAT"
1337,"expressió",9,"CAT"
1338,"extrema",9,"CAT"
1339,"festa",9,"CAT"
1340,"festival",9,"CAT"
1341,"fi",9,"CAT"
1342,"forta",9,"CAT"
1343,"francès",9,"CAT"
1344,"frase",9,"CAT"
1345,"frontera",9,"CAT"
1346,"generació",9,"CAT"
1347,"grau",9,"CAT"
1348,"greus",9,"CAT"
1349,"habitatges",9,"CAT"
1350,"habitualment",9,"CAT"
1351,"habituals",9,"CAT"
1352,"hagués",9,"CAT"
1353,"hotel",9,"CAT"
1354,"independentistes",9,"CAT"
1355,"indicat",9,"CAT"
1356,"infraestructura",9,"CAT"
1357,"institut",9,"CAT"
1358,"intenció",9,"CAT"
1359,"kíiv",9,"CAT"
1360,"llegir",9,"CAT"
1361,"lliga",9,"CAT"
1362,"lloguer",9,"CAT"
1363,"lluny",9,"CAT"
1364,"mantingut",9,"CAT"
1365,"marxar",9,"CAT"
1366,"memòria",9,"CAT"
1367,"mil",9,"CAT"
1368,"milers",9,"CAT"
1369,"millora",9,"CAT"
1370,"miquel",9,"CAT"
1371,"moncloa",9,"CAT"
1372,"natural",9,"CAT"
1373,"néixer",9,"CAT"
1374,"normal",9,"CAT"
1375,"números",9,"CAT"
1376,"oberta",9,"CAT"
1377,"obtenir",9,"CAT"
1378,"oci",9,"CAT"
1379,"ofereix",9,"CAT"
1380,"operació",9,"CAT"
1381,"oportunitat",9,"CAT"
1382,"pagament",9,"CAT"
1383,"passarà",9,"CAT"
1384,"pell",9,"CAT"
1385,"pensa",9,"CAT"
1386,"percentatge",9,"CAT"
1387,"permetre",9,"CAT"
1388,"pis",9,"CAT"
1389,"posen",9,"CAT"
1390,"produït",9,"CAT"
1391,"propi",9,"CAT"
1392,"protegir",9,"CAT"
1393,"protesta",9,"CAT"
1394,"provoca",9,"CAT"
1395,"pujar",9,"CAT"
1396,"quinze",9,"CAT"
1397,"ràdio",9,"CAT"
1398,"raó",9,"CAT"
1399,"referèndum",9,"CAT"
1400,"renda",9,"CAT"
1401,"renfe",9,"CAT"
1402,"representa",9,"CAT"
1403,"representació",9,"CAT"
1404,"requisits",9,"CAT"
1405,"residència",9,"CAT"
1406,"resident",9,"CAT"
1407,"restaurant",9,"CAT"
1408,"reunions",9,"CAT"
1409,"roba",9,"CAT"
1410,"russes",9,"CAT"
1411,"ruta",9,"CAT"
1412,"sala",9,"CAT"
1413,"segueix",9,"CAT"
1414,"sexual",9,"CAT"
1415,"sindicats",9,"CAT"
1416,"superior",9,"CAT"
1417,"suprem",9,"CAT"
1418,"tallers",9,"CAT"
1419,"tancar",9,"CAT"
1420,"temporal",9,"CAT"
1421,"tens",9,"CAT"
1422,"teva",9,"CAT"
1423,"the",9,"CAT"
1424,"tinc",9,"CAT"
1425,"totalment",9,"CAT"
1426,"tret",9,"CAT"
1427,"trimestre",9,"CAT"
1428,"tu",9,"CAT"
1429,"unitat",9,"CAT"
1430,"vella",9,"CAT"
1431,"vendre",9,"CAT"
1432,"vi",9,"CAT"
1433,"vicepresident",9,"CAT"
1434,"vinent",9,"CAT"
1435,"viscut",9,"CAT"
1436,"xavi",9,"CAT"
1437,"2030",8,"CAT"
1438,"48",8,"CAT"
1439,"acusats",8,"CAT"
1440,"adaptar",8,"CAT"
1441,"advertit",8,"CAT"
1442,"aire",8,"CAT"
1443,"albert",8,"CAT"
1444,"alts",8,"CAT"
1445,"analitzar",8,"CAT"
1446,"anem",8,"CAT"
1447,"animals",8,"CAT"
1448,"aposta",8,"CAT"
1449,"aprendre",8,"CAT"
1450,"aproximadament",8,"CAT"
1451,"àrea",8,"CAT"
1452,"assegurar",8,"CAT"
1453,"assetjament",8,"CAT"
1454,"assistents",8,"CAT"
1455,"avançar",8,"CAT"
1456,"avançat",8,"CAT"
1457,"basada",8,"CAT"
1458,"biden",8,"CAT"
1459,"bones",8,"CAT"
1460,"c",8,"CAT"
1461,"cambray",8,"CAT"
1462,"candidatura",8,"CAT"
1463,"celebra",8,"CAT"
1464,"circumstàncies",8,"CAT"
1465,"cita",8,"CAT"
1466,"clara",8,"CAT"
1467,"climàtica",8,"CAT"
1468,"comarca",8,"CAT"
1469,"compartir",8,"CAT"
1470,"completa",8,"CAT"
1471,"complicat",8,"CAT"
1472,"concerts",8,"CAT"
1473,"condemnat",8,"CAT"
1474,"conegut",8,"CAT"
1475,"coneix",8,"CAT"
1476,"consciència",8,"CAT"
1477,"conseqüències",8,"CAT"
1478,"contractes",8,"CAT"
1479,"creat",8,"CAT"
1480,"criteri",8,"CAT"
1481,"cua",8,"CAT"
1482,"decidit",8,"CAT"
1483,"decisions",8,"CAT"
1484,"declaració",8,"CAT"
1485,"decret",8,"CAT"
1486,"deixarà",8,"CAT"
1487,"delictes",8,"CAT"
1488,"demostrar",8,"CAT"
1489,"demostrat",8,"CAT"
1490,"descobrir",8,"CAT"
1491,"destaca",8,"CAT"
1492,"diada",8,"CAT"
1493,"dinàmica",8,"CAT"
1494,"diputada",8,"CAT"
1495,"diputat",8,"CAT"
1496,"directe",8,"CAT"
1497,"directora",8,"CAT"
1498,"dirigent",8,"CAT"
1499,"dolor",8,"CAT"
1500,"edificis",8,"CAT"
1501,"eivissa",8,"CAT"
1502,"electoral",8,"CAT"
1503,"electricitat",8,"CAT"
1504,"esclat",8,"CAT"
1505,"escrit",8,"CAT"
1506,"església",8,"CAT"
1507,"espectacle",8,"CAT"
1508,"esport",8,"CAT"
1509,"esportiu",8,"CAT"
1510,"esportiva",8,"CAT"
1511,"estrangers",8,"CAT"
1512,"evident",8,"CAT"
1513,"expectatives",8,"CAT"
1514,"experts",8,"CAT"
1515,"explicacions",8,"CAT"
1516,"federació",8,"CAT"
1517,"filla",8,"CAT"
1518,"finalment",8,"CAT"
1519,"font",8,"CAT"
1520,"genera",8,"CAT"
1521,"gestionar",8,"CAT"
1522,"gol",8,"CAT"
1523,"governs",8,"CAT"
1524,"greu",8,"CAT"
1525,"haguessin",8,"CAT"
1526,"hectàrees",8,"CAT"
1527,"incloure",8,"CAT"
1528,"incorporar",8,"CAT"
1529,"incrementar",8,"CAT"
1530,"indústria",8,"CAT"
1531,"infantil",8,"CAT"
1532,"iniciar",8,"CAT"
1533,"interessos",8,"CAT"
1534,"internet",8,"CAT"
1535,"intervenció",8,"CAT"
1536,"josep",8,"CAT"
1537,"juntament",8,"CAT"
1538,"km",8,"CAT"
1539,"lamentat",8,"CAT"
1540,"lar",8,"CAT"
1541,"legal",8,"CAT"
1542,"llet",8,"CAT"
1543,"londres",8,"CAT"
1544,"maneres",8,"CAT"
1545,"mercats",8,"CAT"
1546,"metropolitana",8,"CAT"
1547,"milió",8,"CAT"
1548,"mitja",8,"CAT"
1549,"mitjançant",8,"CAT"
1550,"mobilitat",8,"CAT"
1551,"mostrat",8,"CAT"
1552,"motiu",8,"CAT"
1553,"motius",8,"CAT"
1554,"musical",8,"CAT"
1555,"naturals",8,"CAT"
1556,"noi",8,"CAT"
1557,"norma",8,"CAT"
1558,"normalitat",8,"CAT"
1559,"novel",8,"CAT"
1560,"novetat",8,"CAT"
1561,"ns",8,"CAT"
1562,"ocupació",8,"CAT"
1563,"oferir",8,"CAT"
1564,"oferta",8,"CAT"
1565,"organitzacions",8,"CAT"
1566,"pares",8,"CAT"
1567,"participants",8,"CAT"
1568,"patit",8,"CAT"
1569,"peces",8,"CAT"
1570,"pendent",8,"CAT"
1571,"perdre",8,"CAT"
1572,"periodista",8,"CAT"
1573,"personatge",8,"CAT"
1574,"petroli",8,"CAT"
1575,"peu",8,"CAT"
1576,"pilot",8,"CAT"
1577,"pilota",8,"CAT"
1578,"pisos",8,"CAT"
1579,"plantes",8,"CAT"
1580,"platja",8,"CAT"
1581,"pluja",8,"CAT"
1582,"policial",8,"CAT"
1583,"portes",8,"CAT"
1584,"premis",8,"CAT"
1585,"pres",8,"CAT"
1586,"presentat",8,"CAT"
1587,"presidència",8,"CAT"
1588,"pressió",8,"CAT"
1589,"prevenció",8,"CAT"
1590,"protestes",8,"CAT"
1591,"públiques",8,"CAT"
1592,"puig",8,"CAT"
1593,"queden",8,"CAT"
1594,"ràpid",8,"CAT"
1595,"realitzar",8,"CAT"
1596,"rebaixa",8,"CAT"
1597,"reducció",8,"CAT"
1598,"reduir",8,"CAT"
1599,"refugiats",8,"CAT"
1600,"reis",8,"CAT"
1601,"relleu",8,"CAT"
1602,"renovar",8,"CAT"
1603,"renunciar",8,"CAT"
1604,"restauració",8,"CAT"
1605,"retorn",8,"CAT"
1606,"sabadell",8,"CAT"
1607,"segur",8,"CAT"
1608,"situa",8,"CAT"
1609,"situat",8,"CAT"
1610,"tardor",8,"CAT"
1611,"tècnica",8,"CAT"
1612,"tenint",8,"CAT"
1613,"termes",8,"CAT"
1614,"terrassa",8,"CAT"
1615,"testimonis",8,"CAT"
1616,"títols",8,"CAT"
1617,"trajectòria",8,"CAT"
1618,"trànsit",8,"CAT"
1619,"treballs",8,"CAT"
1620,"tren",8,"CAT"
1621,"trencar",8,"CAT"
1622,"trobat",8,"CAT"
1623,"tropes",8,"CAT"
1624,"últimes",8,"CAT"
1625,"vaixells",8,"CAT"
1626,"virus",8,"CAT"
1627,"viuen",8,"CAT"
1628,"vull",8,"CAT"
1629,"130",7,"CAT"
1630,"2016",7,"CAT"
1631,"2018",7,"CAT"
1632,"29",7,"CAT"
1633,"70",7,"CAT"
1634,"800",7,"CAT"
1635,"activa",7,"CAT"
1636,"acull",7,"CAT"
1637,"admet",7,"CAT"
1638,"afegir",7,"CAT"
1639,"agressió",7,"CAT"
1640,"aliments",7,"CAT"
1641,"alliberament",7,"CAT"
1642,"ampliar",7,"CAT"
1643,"anava",7,"CAT"
1644,"andorrà",7,"CAT"
1645,"antiga",7,"CAT"
1646,"arrels",7,"CAT"
1647,"atendre",7,"CAT"
1648,"atès",7,"CAT"
1649,"aturar",7,"CAT"
1650,"avisat",7,"CAT"
1651,"b",7,"CAT"
1652,"baixada",7,"CAT"
1653,"bartomeu",7,"CAT"
1654,"basc",7,"CAT"
1655,"bèlgica",7,"CAT"
1656,"blanc",7,"CAT"
1657,"boca",7,"CAT"
1658,"bons",7,"CAT"
1659,"cadascuna",7,"CAT"
1660,"cadena",7,"CAT"
1661,"caixa",7,"CAT"
1662,"candidat",7,"CAT"
1663,"caràcter",7,"CAT"
1664,"carta",7,"CAT"
1665,"casado",7,"CAT"
1666,"cases",7,"CAT"
1667,"causat",7,"CAT"
1668,"ciència",7,"CAT"
1669,"circular",7,"CAT"
1670,"ciutadania",7,"CAT"
1671,"classes",7,"CAT"
1672,"clàssic",7,"CAT"
1673,"climàtic",7,"CAT"
1674,"cobrir",7,"CAT"
1675,"començament",7,"CAT"
1676,"comitè",7,"CAT"
1677,"companys",7,"CAT"
1678,"comparació",7,"CAT"
1679,"complir",7,"CAT"
1680,"comptar",7,"CAT"
1681,"comunicació",7,"CAT"
1682,"conclou",7,"CAT"
1683,"confirmar",7,"CAT"
1684,"consideren",7,"CAT"
1685,"construir",7,"CAT"
1686,"contacte",7,"CAT"
1687,"contagis",7,"CAT"
1688,"continuen",7,"CAT"
1689,"converses",7,"CAT"
1690,"convocatòria",7,"CAT"
1691,"corrupció",7,"CAT"
1692,"creixent",7,"CAT"
1693,"crida",7,"CAT"
1694,"crims",7,"CAT"
1695,"crítiques",7,"CAT"
1696,"dècada",7,"CAT"
1697,"declaracions",7,"CAT"
1698,"declarar",7,"CAT"
1699,"defensar",7,"CAT"
1700,"delegació",7,"CAT"
1701,"demanen",7,"CAT"
1702,"dient",7,"CAT"
1703,"directiva",7,"CAT"
1704,"disputar",7,"CAT"
1705,"disseny",7,"CAT"
1706,"doble",7,"CAT"
1707,"documental",7,"CAT"
1708,"entrat",7,"CAT"
1709,"escriure",7,"CAT"
1710,"esdeveniments",7,"CAT"
1711,"espectadors",7,"CAT"
1712,"esquí",7,"CAT"
1713,"estil",7,"CAT"
1714,"estudiants",7,"CAT"
1715,"eua",7,"CAT"
1716,"excepcional",7,"CAT"
1717,"executiva",7,"CAT"
1718,"exposat",7,"CAT"
1719,"exteriors",7,"CAT"
1720,"fàbrica",7,"CAT"
1721,"feijóo",7,"CAT"
1722,"fonamental",7,"CAT"
1723,"foto",7,"CAT"
1724,"funciona",7,"CAT"
1725,"generals",7,"CAT"
1726,"generar",7,"CAT"
1727,"gènere",7,"CAT"
1728,"gens",7,"CAT"
1729,"gràcia",7,"CAT"
1730,"havíem",7,"CAT"
1731,"imatges",7,"CAT"
1732,"implica",7,"CAT"
1733,"implicació",7,"CAT"
1734,"imposar",7,"CAT"
1735,"impost",7,"CAT"
1736,"incendis",7,"CAT"
1737,"incident",7,"CAT"
1738,"independent",7,"CAT"
1739,"infraestructures",7,"CAT"
1740,"institució",7,"CAT"
1741,"intent",7,"CAT"
1742,"internacionals",7,"CAT"
1743,"itàlia",7,"CAT"
1744,"juga",7,"CAT"
1745,"lectura",7,"CAT"
1746,"líders",7,"CAT"
1747,"ligència",7,"CAT"
1748,"limitat",7,"CAT"
1749,"lingüística",7,"CAT"
1750,"línies",7,"CAT"
1751,"llars",7,"CAT"
1752,"lluita",7,"CAT"
1753,"luis",7,"CAT"
1754,"malalties",7,"CAT"
1755,"malament",7,"CAT"
1756,"malestar",7,"CAT"
1757,"manifestants",7,"CAT"
1758,"menorca",7,"CAT"
1759,"mira",7,"CAT"
1760,"modificació",7,"CAT"
1761,"moral",7,"CAT"
1762,"mostrar",7,"CAT"
1763,"negoci",7,"CAT"
1764,"negociar",7,"CAT"
1765,"nens",7,"CAT"
1766,"oficina",7,"CAT"
1767,"onze",7,"CAT"
1768,"oposició",7,"CAT"
1769,"passos",7,"CAT"
1770,"pegasus",7,"CAT"
1771,"pendents",7,"CAT"
1772,"pèrdua",7,"CAT"
1773,"pere",7,"CAT"
1774,"periodistes",7,"CAT"
1775,"petites",7,"CAT"
1776,"pintura",7,"CAT"
1777,"pista",7,"CAT"
1778,"planteja",7,"CAT"
1779,"polèmica",7,"CAT"
1780,"polònia",7,"CAT"
1781,"positiu",7,"CAT"
1782,"positius",7,"CAT"
1783,"possibilitats",7,"CAT"
1784,"pràctiques",7,"CAT"
1785,"previsió",7,"CAT"
1786,"privats",7,"CAT"
1787,"procediment",7,"CAT"
1788,"processos",7,"CAT"
1789,"programes",7,"CAT"
1790,"proper",7,"CAT"
1791,"proposar",7,"CAT"
1792,"publicada",7,"CAT"
1793,"publicar",7,"CAT"
1794,"qatar",7,"CAT"
1795,"quart",7,"CAT"
1796,"qüestions",7,"CAT"
1797,"real",7,"CAT"
1798,"reclamar",7,"CAT"
1799,"reconeixement",7,"CAT"
1800,"reconèixer",7,"CAT"
1801,"regidor",7,"CAT"
1802,"rei",7,"CAT"
1803,"residents",7,"CAT"
1804,"resistència",7,"CAT"
1805,"responsable",7,"CAT"
1806,"reunir",7,"CAT"
1807,"riu",7,"CAT"
1808,"sanitàries",7,"CAT"
1809,"sensació",7,"CAT"
1810,"significa",7,"CAT"
1811,"sortit",7,"CAT"
1812,"subratlla",7,"CAT"
1813,"suècia",7,"CAT"
1814,"sumat",7,"CAT"
1815,"supera",7,"CAT"
1816,"superar",7,"CAT"
1817,"superiors",7,"CAT"
1818,"suposat",7,"CAT"
1819,"tancament",7,"CAT"
1820,"tasques",7,"CAT"
1821,"tècnic",7,"CAT"
1822,"telèfon",7,"CAT"
1823,"tempestes",7,"CAT"
1824,"tendència",7,"CAT"
1825,"terres",7,"CAT"
1826,"tindran",7,"CAT"
1827,"tirar",7,"CAT"
1828,"toca",7,"CAT"
1829,"tractament",7,"CAT"
1830,"tractar",7,"CAT"
1831,"transició",7,"CAT"
1832,"traslladar",7,"CAT"
1833,"treballa",7,"CAT"
1834,"trets",7,"CAT"
1835,"tsjc",7,"CAT"
1836,"turistes",7,"CAT"
1837,"twitter",7,"CAT"
1838,"uci",7,"CAT"
1839,"unitats",7,"CAT"
1840,"urgell",7,"CAT"
1841,"vacances",7,"CAT"
1842,"valència",7,"CAT"
1843,"verd",7,"CAT"
1844,"veuen",7,"CAT"
1845,"violència",7,"CAT"
1846,"visibilitat",7,"CAT"
1847,"visible",7,"CAT"
1848,"votar",7,"CAT"
1849,"web",7,"CAT"
1850,"zelenski",7,"CAT"
1851,"00",6,"CAT"
1852,"2024",6,"CAT"
1853,"37",6,"CAT"
1854,"41",6,"CAT"
1855,"43",6,"CAT"
1856,"65",6,"CAT"
1857,"acaben",6,"CAT"
1858,"acceptar",6,"CAT"
1859,"aconsegueix",6,"CAT"
1860,"actes",6,"CAT"
1861,"actius",6,"CAT"
1862,"actor",6,"CAT"
1863,"acusa",6,"CAT"
1864,"administració",6,"CAT"
1865,"afectarà",6,"CAT"
1866,"afrontar",6,"CAT"
1867,"agressions",6,"CAT"
1868,"aixecar",6,"CAT"
1869,"alcohol",6,"CAT"
1870,"amenaça",6,"CAT"
1871,"amèrica",6,"CAT"
1872,"amor",6,"CAT"
1873,"ampliació",6,"CAT"
1874,"anglaterra",6,"CAT"
1875,"anomenada",6,"CAT"
1876,"anul",6,"CAT"
1877,"aparèixer",6,"CAT"
1878,"aportar",6,"CAT"
1879,"aprofitar",6,"CAT"
1880,"aprovació",6,"CAT"
1881,"artista",6,"CAT"
1882,"arts",6,"CAT"
1883,"aspecte",6,"CAT"
1884,"assemblea",6,"CAT"
1885,"assenyalat",6,"CAT"
1886,"audiovisual",6,"CAT"
1887,"àustria",6,"CAT"
1888,"avís",6,"CAT"
1889,"balanç",6,"CAT"
1890,"ball",6,"CAT"
1891,"bandera",6,"CAT"
1892,"blaugrana",6,"CAT"
1893,"borrell",6,"CAT"
1894,"botigues",6,"CAT"
1895,"buscant",6,"CAT"
1896,"buscar",6,"CAT"
1897,"busquets",6,"CAT"
1898,"butlletí",6,"CAT"
1899,"cadascú",6,"CAT"
1900,"camps",6,"CAT"
1901,"canals",6,"CAT"
1902,"capaç",6,"CAT"
1903,"car",6,"CAT"
1904,"cares",6,"CAT"
1905,"càrrega",6,"CAT"
1906,"carreteres",6,"CAT"
1907,"cartell",6,"CAT"
1908,"caure",6,"CAT"
1909,"ccoo",6,"CAT"
1910,"cent",6,"CAT"
1911,"centenar",6,"CAT"
1912,"circulació",6,"CAT"
1913,"ciutadana",6,"CAT"
1914,"civils",6,"CAT"
1915,"començarà",6,"CAT"
1916,"comentaris",6,"CAT"
1917,"comerç",6,"CAT"
1918,"comercials",6,"CAT"
1919,"comès",6,"CAT"
1920,"concentració",6,"CAT"
1921,"concret",6,"CAT"
1922,"condició",6,"CAT"
1923,"conduir",6,"CAT"
1924,"coneguts",6,"CAT"
1925,"confirmat",6,"CAT"
1926,"conscients",6,"CAT"
1927,"consells",6,"CAT"
1928,"considerar",6,"CAT"
1929,"constitucional",6,"CAT"
1930,"continent",6,"CAT"
1931,"continuarà",6,"CAT"
1932,"controlar",6,"CAT"
1933,"controls",6,"CAT"
1934,"conveni",6,"CAT"
1935,"cops",6,"CAT"
1936,"cor",6,"CAT"
1937,"costes",6,"CAT"
1938,"crescut",6,"CAT"
1939,"cristina",6,"CAT"
1940,"cura",6,"CAT"
1941,"dalt",6,"CAT"
1942,"democràtic",6,"CAT"
1943,"democràtica",6,"CAT"
1944,"denúncia",6,"CAT"
1945,"despeses",6,"CAT"
1946,"destinada",6,"CAT"
1947,"detallat",6,"CAT"
1948,"determinar",6,"CAT"
1949,"deute",6,"CAT"
1950,"diputats",6,"CAT"
1951,"directament",6,"CAT"
1952,"disposa",6,"CAT"
1953,"distribució",6,"CAT"
1954,"diversitat",6,"CAT"
1955,"divisió",6,"CAT"
1956,"donant",6,"CAT"
1957,"dubte",6,"CAT"
1958,"econòmiques",6,"CAT"
1959,"edicions",6,"CAT"
1960,"editorial",6,"CAT"
1961,"elèctrics",6,"CAT"
1962,"eliminar",6,"CAT"
1963,"emergència",6,"CAT"
1964,"emergències",6,"CAT"
1965,"ençà",6,"CAT"
1966,"entrades",6,"CAT"
1967,"enviat",6,"CAT"
1968,"érem",6,"CAT"
1969,"escena",6,"CAT"
1970,"escenaris",6,"CAT"
1971,"escolar",6,"CAT"
1972,"escriptors",6,"CAT"
1973,"esforços",6,"CAT"
1974,"espècies",6,"CAT"
1975,"esportistes",6,"CAT"
1976,"esquadra",6,"CAT"
1977,"establiments",6,"CAT"
1978,"estacions",6,"CAT"
1979,"estranger",6,"CAT"
1980,"estrella",6,"CAT"
1981,"estructura",6,"CAT"
1982,"estudiar",6,"CAT"
1983,"ex",6,"CAT"
1984,"exercici",6,"CAT"
1985,"existents",6,"CAT"
1986,"explotació",6,"CAT"
1987,"factors",6,"CAT"
1988,"familiars",6,"CAT"
1989,"feien",6,"CAT"
1990,"fem",6,"CAT"
1991,"finançament",6,"CAT"
1992,"físic",6,"CAT"
1993,"fotografia",6,"CAT"
1994,"freqüència",6,"CAT"
1995,"fruit",6,"CAT"
1996,"funcionar",6,"CAT"
1997,"futbolistes",6,"CAT"
1998,"generacions",6,"CAT"
1999,"germà",6,"CAT"
2000,"gira",6,"CAT"
2001,"gols",6,"CAT"
2002,"gust",6,"CAT"
2003,"habitants",6,"CAT"
2004,"homenatge",6,"CAT"
2005,"idees",6,"CAT"
2006,"identitat",6,"CAT"
2007,"idioma",6,"CAT"
2008,"iii",6,"CAT"
2009,"immersió",6,"CAT"
2010,"impulsar",6,"CAT"
2011,"indica",6,"CAT"
2012,"insuficient",6,"CAT"
2013,"integració",6,"CAT"
2014,"interrupció",6,"CAT"
2015,"introduir",6,"CAT"
2016,"investigadors",6,"CAT"
2017,"jaume",6,"CAT"
2018,"johnson",6,"CAT"
2019,"joventut",6,"CAT"
2020,"jugadors",6,"CAT"
2021,"justificar",6,"CAT"
2022,"lamenta",6,"CAT"
2023,"legislació",6,"CAT"
2024,"lícules",6,"CAT"
2025,"lideratge",6,"CAT"
2026,"límit",6,"CAT"
2027,"límits",6,"CAT"
2028,"lleugerament",6,"CAT"
2029,"manifest",6,"CAT"
2030,"manifestat",6,"CAT"
2031,"manteniment",6,"CAT"
2032,"manuel",6,"CAT"
2033,"martínez",6,"CAT"
2034,"mateixes",6,"CAT"
2035,"mateixos",6,"CAT"
2036,"màximes",6,"CAT"
2037,"membre",6,"CAT"
2038,"messi",6,"CAT"
2039,"mir",6,"CAT"
2040,"moció",6,"CAT"
2041,"modificacions",6,"CAT"
2042,"nacionals",6,"CAT"
2043,"nascut",6,"CAT"
2044,"necessita",6,"CAT"
2045,"negocis",6,"CAT"
2046,"noia",6,"CAT"
2047,"notícies",6,"CAT"
2048,"nucli",6,"CAT"
2049,"núria",6,"CAT"
2050,"oberts",6,"CAT"
2051,"occident",6,"CAT"
2052,"oficials",6,"CAT"
2053,"olímpics",6,"CAT"
2054,"opcions",6,"CAT"
2055,"or",6,"CAT"
2056,"oriental",6,"CAT"
2057,"paquet",6,"CAT"
2058,"parer",6,"CAT"
2059,"particular",6,"CAT"
2060,"partida",6,"CAT"
2061,"passava",6,"CAT"
2062,"pateix",6,"CAT"
2063,"pena",6,"CAT"
2064,"percentatges",6,"CAT"
2065,"perfil",6,"CAT"
2066,"pic",6,"CAT"
2067,"planeta",6,"CAT"
2068,"plantilla",6,"CAT"
2069,"platges",6,"CAT"
2070,"por",6,"CAT"
2071,"ports",6,"CAT"
2072,"portugal",6,"CAT"
2073,"posicions",6,"CAT"
2074,"potencial",6,"CAT"
2075,"presenta",6,"CAT"
2076,"presumpte",6,"CAT"
2077,"prevista",6,"CAT"
2078,"primària",6,"CAT"
2079,"produeix",6,"CAT"
2080,"propis",6,"CAT"
2081,"proposa",6,"CAT"
2082,"provocat",6,"CAT"
2083,"proximitat",6,"CAT"
2084,"pujada",6,"CAT"
2085,"punta",6,"CAT"
2086,"quadrats",6,"CAT"
2087,"quantes",6,"CAT"
2088,"quants",6,"CAT"
2089,"quaranta",6,"CAT"
2090,"quasi",6,"CAT"
2091,"quedarà",6,"CAT"
2092,"quina",6,"CAT"
2093,"quines",6,"CAT"
2094,"recollida",6,"CAT"
2095,"recollir",6,"CAT"
2096,"recull",6,"CAT"
2097,"recuperat",6,"CAT"
2098,"reforçar",6,"CAT"
2099,"regió",6,"CAT"
2100,"reglament",6,"CAT"
2101,"reiterat",6,"CAT"
2102,"relat",6,"CAT"
2103,"reptes",6,"CAT"
2104,"residus",6,"CAT"
2105,"respectivament",6,"CAT"
2106,"respondre",6,"CAT"
2107,"responsables",6,"CAT"
2108,"rovira",6,"CAT"
2109,"sabem",6,"CAT"
2110,"salarial",6,"CAT"
2111,"sedició",6,"CAT"
2112,"segurament",6,"CAT"
2113,"senat",6,"CAT"
2114,"serien",6,"CAT"
2115,"serra",6,"CAT"
2116,"sessió",6,"CAT"
2117,"sessions",6,"CAT"
2118,"símptomes",6,"CAT"
2119,"socialista",6,"CAT"
2120,"solar",6,"CAT"
2121,"solució",6,"CAT"
2122,"sort",6,"CAT"
2123,"sortides",6,"CAT"
2124,"sostenible",6,"CAT"
2125,"tants",6,"CAT"
2126,"teníem",6,"CAT"
2127,"tercer",6,"CAT"
2128,"territoris",6,"CAT"
2129,"tinguin",6,"CAT"
2130,"tocar",6,"CAT"
2131,"torre",6,"CAT"
2132,"tradició",6,"CAT"
2133,"tradicional",6,"CAT"
2134,"tràmit",6,"CAT"
2135,"tramuntana",6,"CAT"
2136,"tranquil",6,"CAT"
2137,"treballador",6,"CAT"
2138,"trenta",6,"CAT"
2139,"trentena",6,"CAT"
2140,"triar",6,"CAT"
2141,"turística",6,"CAT"
2142,"ulls",6,"CAT"
2143,"unides",6,"CAT"
2144,"universitats",6,"CAT"
2145,"up",6,"CAT"
2146,"urbà",6,"CAT"
2147,"útil",6,"CAT"
2148,"utilitzat",6,"CAT"
2149,"utilitzen",6,"CAT"
2150,"vacunació",6,"CAT"
2151,"vall",6,"CAT"
2152,"valls",6,"CAT"
2153,"vestit",6,"CAT"
2154,"vilanova",6,"CAT"
2155,"vilaweb",6,"CAT"
2156,"visió",6,"CAT"
2157,"visitants",6,"CAT"
2158,"voluntaris",6,"CAT"
2159,"zero",6,"CAT"
2160,"150",5,"CAT"
2161,"1998",5,"CAT"
2162,"2012",5,"CAT"
2163,"2025",5,"CAT"
2164,"250",5,"CAT"
2165,"26",5,"CAT"
2166,"36",5,"CAT"
2167,"52",5,"CAT"
2168,"64",5,"CAT"
2169,"85",5,"CAT"
2170,"87",5,"CAT"
2171,"900",5,"CAT"
2172,"abandonar",5,"CAT"
2173,"abast",5,"CAT"
2174,"abordar",5,"CAT"
2175,"absoluta",5,"CAT"
2176,"abstenció",5,"CAT"
2177,"accidents",5,"CAT"
2178,"actuar",5,"CAT"
2179,"administracions",5,"CAT"
2180,"afectació",5,"CAT"
2181,"afectada",5,"CAT"
2182,"afectades",5,"CAT"
2183,"afirma",5,"CAT"
2184,"afirmar",5,"CAT"
2185,"alacant",5,"CAT"
2186,"alba",5,"CAT"
2187,"alberto",5,"CAT"
2188,"alemany",5,"CAT"
2189,"àlex",5,"CAT"
2190,"aliats",5,"CAT"
2191,"alimentació",5,"CAT"
2192,"alimentària",5,"CAT"
2193,"alternativa",5,"CAT"
2194,"álvarez",5,"CAT"
2195,"ambdós",5,"CAT"
2196,"ambdues",5,"CAT"
2197,"àmbits",5,"CAT"
2198,"ana",5,"CAT"
2199,"anc",5,"CAT"
2200,"andorrana",5,"CAT"
2201,"anirà",5,"CAT"
2202,"anteriorment",5,"CAT"
2203,"antich",5,"CAT"
2204,"apel",5,"CAT"
2205,"aplica",5,"CAT"
2206,"aplicar",5,"CAT"
2207,"aplicat",5,"CAT"
2208,"aprofitant",5,"CAT"
2209,"aragó",5,"CAT"
2210,"arbres",5,"CAT"
2211,"àrees",5,"CAT"
2212,"arguments",5,"CAT"
2213,"arriben",5,"CAT"
2214,"arribi",5,"CAT"
2215,"artificial",5,"CAT"
2216,"arxipèlag",5,"CAT"
2217,"assenyalar",5,"CAT"
2218,"assenyalen",5,"CAT"
2219,"assistència",5,"CAT"
2220,"assistit",5,"CAT"
2221,"assumir",5,"CAT"
2222,"assumit",5,"CAT"
2223,"atlètic",5,"CAT"
2224,"atur",5,"CAT"
2225,"austràlia",5,"CAT"
2226,"aventura",5,"CAT"
2227,"ayuso",5,"CAT"
2228,"baixat",5,"CAT"
2229,"balear",5,"CAT"
2230,"barris",5,"CAT"
2231,"bars",5,"CAT"
2232,"bastant",5,"CAT"
2233,"batalla",5,"CAT"
2234,"benestar",5,"CAT"
2235,"bosch",5,"CAT"
2236,"britànic",5,"CAT"
2237,"bus",5,"CAT"
2238,"calen",5,"CAT"
2239,"caminar",5,"CAT"
2240,"campanyes",5,"CAT"
2241,"campionats",5,"CAT"
2242,"campos",5,"CAT"
2243,"canal",5,"CAT"
2244,"càncer",5,"CAT"
2245,"candidats",5,"CAT"
2246,"cantant",5,"CAT"
2247,"canvia",5,"CAT"
2248,"caps",5,"CAT"
2249,"captar",5,"CAT"
2250,"carme",5,"CAT"
2251,"carpeta",5,"CAT"
2252,"càrrecs",5,"CAT"
2253,"castell",5,"CAT"
2254,"cercle",5,"CAT"
2255,"certes",5,"CAT"
2256,"certs",5,"CAT"
2257,"circuit",5,"CAT"
2258,"ciutadà",5,"CAT"
2259,"coll",5,"CAT"
2260,"colors",5,"CAT"
2261,"comerços",5,"CAT"
2262,"companyies",5,"CAT"
2263,"comparteix",5,"CAT"
2264,"competició",5,"CAT"
2265,"compliment",5,"CAT"
2266,"concepte",5,"CAT"
2267,"conclusió",5,"CAT"
2268,"concretament",5,"CAT"
2269,"condemnats",5,"CAT"
2270,"coneguda",5,"CAT"
2271,"coneixen",5,"CAT"
2272,"conferència",5,"CAT"
2273,"conjunts",5,"CAT"
2274,"consellera",5,"CAT"
2275,"consellers",5,"CAT"
2276,"conservadors",5,"CAT"
2277,"considerat",5,"CAT"
2278,"constantment",5,"CAT"
2279,"consultes",5,"CAT"
2280,"contactes",5,"CAT"
2281,"contaminació",5,"CAT"
2282,"contempla",5,"CAT"
2283,"contribuir",5,"CAT"
2284,"convé",5,"CAT"
2285,"coordinador",5,"CAT"
2286,"corea",5,"CAT"
2287,"corporació",5,"CAT"
2288,"corredor",5,"CAT"
2289,"corregir",5,"CAT"
2290,"cossos",5,"CAT"
2291,"crec",5,"CAT"
2292,"créixer",5,"CAT"
2293,"crítica",5,"CAT"
2294,"cs",5,"CAT"
2295,"cues",5,"CAT"
2296,"cuinar",5,"CAT"
2297,"davallada",5,"CAT"
2298,"debatre",5,"CAT"
2299,"debats",5,"CAT"
2300,"dèficit",5,"CAT"
2301,"deixava",5,"CAT"
2302,"demà",5,"CAT"
2303,"denunciar",5,"CAT"
2304,"dependència",5,"CAT"
2305,"desaparèixer",5,"CAT"
2306,"descompte",5,"CAT"
2307,"desenes",5,"CAT"
2308,"detenir",5,"CAT"
2309,"determinats",5,"CAT"
2310,"diari",5,"CAT"
2311,"diaris",5,"CAT"
2312,"dictadura",5,"CAT"
2313,"digitals",5,"CAT"
2314,"dimitir",5,"CAT"
2315,"directa",5,"CAT"
2316,"dirigents",5,"CAT"
2317,"dirigir",5,"CAT"
2318,"dirigirà",5,"CAT"
2319,"dirigit",5,"CAT"
2320,"disparat",5,"CAT"
2321,"disponible",5,"CAT"
2322,"disposar",5,"CAT"
2323,"disposat",5,"CAT"
2324,"domini",5,"CAT"
2325,"donava",5,"CAT"
2326,"dotacions",5,"CAT"
2327,"dotze",5,"CAT"
2328,"dubtes",5,"CAT"
2329,"educatiu",5,"CAT"
2330,"efectiu",5,"CAT"
2331,"eixos",5,"CAT"
2332,"elaborar",5,"CAT"
2333,"elèctrica",5,"CAT"
2334,"elèctriques",5,"CAT"
2335,"element",5,"CAT"
2336,"elena",5,"CAT"
2337,"elevada",5,"CAT"
2338,"emetre",5,"CAT"
2339,"emocional",5,"CAT"
2340,"empresarial",5,"CAT"
2341,"encarregar",5,"CAT"
2342,"endemà",5,"CAT"
2343,"energies",5,"CAT"
2344,"enfront",5,"CAT"
2345,"entesa",5,"CAT"
2346,"entrenador",5,"CAT"
2347,"envolta",5,"CAT"
2348,"equipament",5,"CAT"
2349,"escaldes",5,"CAT"
2350,"escenes",5,"CAT"
2351,"esclar",5,"CAT"
2352,"escoltar",5,"CAT"
2353,"escriptor",5,"CAT"
2354,"escriptura",5,"CAT"
2355,"esmena",5,"CAT"
2356,"espectacles",5,"CAT"
2357,"esperava",5,"CAT"
2358,"esquena",5,"CAT"
2359,"estable",5,"CAT"
2360,"establert",5,"CAT"
2361,"establir",5,"CAT"
2362,"estadi",5,"CAT"
2363,"estàs",5,"CAT"
2364,"estigués",5,"CAT"
2365,"estimat",5,"CAT"
2366,"estona",5,"CAT"
2367,"estudis",5,"CAT"
2368,"evolució",5,"CAT"
2369,"excepció",5,"CAT"
2370,"excusa",5,"CAT"
2371,"exigeix",5,"CAT"
2372,"expressar",5,"CAT"
2373,"extensa",5,"CAT"
2374,"extinció",5,"CAT"
2375,"extra",5,"CAT"
2376,"façana",5,"CAT"
2377,"facilita",5,"CAT"
2378,"faria",5,"CAT"
2379,"femení",5,"CAT"
2380,"ferits",5,"CAT"
2381,"festes",5,"CAT"
2382,"fila",5,"CAT"
2383,"finalistes",5,"CAT"
2384,"fiscalia",5,"CAT"
2385,"focus",5,"CAT"
2386,"forestal",5,"CAT"
2387,"fòrum",5,"CAT"
2388,"francesos",5,"CAT"
2389,"funcionaris",5,"CAT"
2390,"gallec",5,"CAT"
2391,"ganes",5,"CAT"
2392,"garanties",5,"CAT"
2393,"garcía",5,"CAT"
2394,"gastar",5,"CAT"
2395,"generat",5,"CAT"
2396,"germans",5,"CAT"
2397,"gratuïta",5,"CAT"
2398,"guió",5,"CAT"
2399,"habitacions",5,"CAT"
2400,"haurem",5,"CAT"
2401,"heu",5,"CAT"
2402,"històrica",5,"CAT"
2403,"històrics",5,"CAT"
2404,"històries",5,"CAT"
2405,"hospitals",5,"CAT"
2406,"humor",5,"CAT"
2407,"igualtat",5,"CAT"
2408,"immediata",5,"CAT"
2409,"impedir",5,"CAT"
2410,"impostos",5,"CAT"
2411,"impulsada",5,"CAT"
2412,"inca",5,"CAT"
2413,"inclòs",5,"CAT"
2414,"increïble",5,"CAT"
2415,"índia",5,"CAT"
2416,"indicador",5,"CAT"
2417,"individual",5,"CAT"
2418,"infeccions",5,"CAT"
2419,"innovació",5,"CAT"
2420,"intensitat",5,"CAT"
2421,"italià",5,"CAT"
2422,"japó",5,"CAT"
2423,"jutjat",5,"CAT"
2424,"kremlin",5,"CAT"
2425,"le",5,"CAT"
2426,"lecció",5,"CAT"
2427,"legacions",5,"CAT"
2428,"legi",5,"CAT"
2429,"lència",5,"CAT"
2430,"lleis",5,"CAT"
2431,"lletra",5,"CAT"
2432,"llucmajor",5,"CAT"
2433,"lluís",5,"CAT"
2434,"majoritàriament",5,"CAT"
2435,"mala",5,"CAT"
2436,"manifestacions",5,"CAT"
2437,"mantenen",5,"CAT"
2438,"mapes",5,"CAT"
2439,"marcar",5,"CAT"
2440,"mares",5,"CAT"
2441,"marta",5,"CAT"
2442,"mascareta",5,"CAT"
2443,"material",5,"CAT"
2444,"materials",5,"CAT"
2445,"màxims",5,"CAT"
2446,"mediàtic",5,"CAT"
2447,"medicina",5,"CAT"
2448,"mesa",5,"CAT"
2449,"metge",5,"CAT"
2450,"migrants",5,"CAT"
2451,"militars",5,"CAT"
2452,"mínims",5,"CAT"
2453,"mirar",5,"CAT"
2454,"mitjanes",5,"CAT"
2455,"moderat",5,"CAT"
2456,"moments",5,"CAT"
2457,"moneda",5,"CAT"
2458,"necessària",5,"CAT"
2459,"negociacions",5,"CAT"
2460,"nen",5,"CAT"
2461,"netflix",5,"CAT"
2462,"nins",5,"CAT"
2463,"noies",5,"CAT"
2464,"normes",5,"CAT"
2465,"obertura",5,"CAT"
2466,"obligat",5,"CAT"
2467,"obre",5,"CAT"
2468,"obstant",5,"CAT"
2469,"occidental",5,"CAT"
2470,"ocupar",5,"CAT"
2471,"ofensiva",5,"CAT"
2472,"operacions",5,"CAT"
2473,"optat",5,"CAT"
2474,"ordinador",5,"CAT"
2475,"oriol",5,"CAT"
2476,"osona",5,"CAT"
2477,"paciència",5,"CAT"
2478,"pagaments",5,"CAT"
2479,"paradigma",5,"CAT"
2480,"parlamentària",5,"CAT"
2481,"participaran",5,"CAT"
2482,"parts",5,"CAT"
2483,"passatgers",5,"CAT"
2484,"passen",5,"CAT"
2485,"patronal",5,"CAT"
2486,"pedra",5,"CAT"
2487,"penes",5,"CAT"
2488,"personatges",5,"CAT"
2489,"pi",5,"CAT"
2490,"plans",5,"CAT"
2491,"plató",5,"CAT"
2492,"plegat",5,"CAT"
2493,"pluges",5,"CAT"
2494,"pobles",5,"CAT"
2495,"pobresa",5,"CAT"
2496,"podien",5,"CAT"
2497,"pol",5,"CAT"
2498,"populars",5,"CAT"
2499,"portava",5,"CAT"
2500,"porter",5,"CAT"
2501,"posada",5,"CAT"
2502,"pràcticament",5,"CAT"
2503,"precisament",5,"CAT"
2504,"predisposició",5,"CAT"
2505,"presents",5,"CAT"
2506,"presons",5,"CAT"
2507,"pressionar",5,"CAT"
2508,"presumpta",5,"CAT"
2509,"presumptes",5,"CAT"
2510,"prèvia",5,"CAT"
2511,"previstes",5,"CAT"
2512,"problemàtica",5,"CAT"
2513,"programació",5,"CAT"
2514,"promoció",5,"CAT"
2515,"protagonista",5,"CAT"
2516,"puja",5,"CAT"
2517,"quarta",5,"CAT"
2518,"quins",5,"CAT"
2519,"radical",5,"CAT"
2520,"raons",5,"CAT"
2521,"ràpidament",5,"CAT"
2522,"raval",5,"CAT"
2523,"realment",5,"CAT"
2524,"recent",5,"CAT"
2525,"recórrer",5,"CAT"
2526,"recurs",5,"CAT"
2527,"reduït",5,"CAT"
2528,"regular",5,"CAT"
2529,"reial",5,"CAT"
2530,"reina",5,"CAT"
2531,"rellevant",5,"CAT"
2532,"rendes",5,"CAT"
2533,"repetir",5,"CAT"
2534,"representar",5,"CAT"
2535,"repressió",5,"CAT"
2536,"repte",5,"CAT"
2537,"respectar",5,"CAT"
2538,"responsabilitat",5,"CAT"
2539,"respost",5,"CAT"
2540,"restaurants",5,"CAT"
2541,"resten",5,"CAT"
2542,"retard",5,"CAT"
2543,"retirar",5,"CAT"
2544,"reus",5,"CAT"
2545,"revertir",5,"CAT"
2546,"revista",5,"CAT"
2547,"rigor",5,"CAT"
2548,"riscos",5,"CAT"
2549,"rodríguez",5,"CAT"
2550,"sa",5,"CAT"
2551,"saben",5,"CAT"
2552,"sabut",5,"CAT"
2553,"salari",5,"CAT"
2554,"sancions",5,"CAT"
2555,"secret",5,"CAT"
2556,"següents",5,"CAT"
2557,"seguirà",5,"CAT"
2558,"seguiran",5,"CAT"
2559,"semblava",5,"CAT"
2560,"sencer",5,"CAT"
2561,"sequera",5,"CAT"
2562,"sevilla",5,"CAT"
2563,"signar",5,"CAT"
2564,"situacions",5,"CAT"
2565,"sola",5,"CAT"
2566,"soldats",5,"CAT"
2567,"solen",5,"CAT"
2568,"solidària",5,"CAT"
2569,"solucions",5,"CAT"
2570,"sorprendre",5,"CAT"
2571,"sorprenent",5,"CAT"
2572,"sorpresa",5,"CAT"
2573,"subratllat",5,"CAT"
2574,"substàncies",5,"CAT"
2575,"superat",5,"CAT"
2576,"supermercats",5,"CAT"
2577,"taller",5,"CAT"
2578,"tard",5,"CAT"
2579,"tasca",5,"CAT"
2580,"taules",5,"CAT"
2581,"tc",5,"CAT"
2582,"tecnologia",5,"CAT"
2583,"tensió",5,"CAT"
2584,"terreny",5,"CAT"
2585,"territorial",5,"CAT"
2586,"test",5,"CAT"
2587,"teus",5,"CAT"
2588,"tindria",5,"CAT"
2589,"titular",5,"CAT"
2590,"toni",5,"CAT"
2591,"tornaran",5,"CAT"
2592,"tour",5,"CAT"
2593,"tràmits",5,"CAT"
2594,"transformació",5,"CAT"
2595,"traslladat",5,"CAT"
2596,"trobareu",5,"CAT"
2597,"trobem",5,"CAT"
2598,"turístic",5,"CAT"
2599,"ucraïneses",5,"CAT"
2600,"ull",5,"CAT"
2601,"urgent",5,"CAT"
2602,"usos",5,"CAT"
2603,"velocitat",5,"CAT"
2604,"vendes",5,"CAT"
2605,"vermell",5,"CAT"
2606,"vermella",5,"CAT"
2607,"vides",5,"CAT"
2608,"vies",5,"CAT"
2609,"violències",5,"CAT"
2610,"visites",5,"CAT"
2611,"volum",5,"CAT"
2612,"votat",5,"CAT"
2613,"vulnerables",5,"CAT"
2614,"xxi",5,"CAT"
2615,"124",4,"CAT"
2616,"2008",4,"CAT"
2617,"2011",4,"CAT"
2618,"34",4,"CAT"
2619,"38",4,"CAT"
2620,"45",4,"CAT"
2621,"47",4,"CAT"
2622,"54",4,"CAT"
2623,"55",4,"CAT"
2624,"57",4,"CAT"
2625,"5g",4,"CAT"
2626,"75",4,"CAT"
2627,"abandonat",4,"CAT"
2628,"absència",4,"CAT"
2629,"absolutament",4,"CAT"
2630,"acabant",4,"CAT"
2631,"acabi",4,"CAT"
2632,"acabo",4,"CAT"
2633,"ací",4,"CAT"
2634,"acollida",4,"CAT"
2635,"acompanyar",4,"CAT"
2636,"acosta",4,"CAT"
2637,"actiu",4,"CAT"
2638,"activat",4,"CAT"
2639,"activista",4,"CAT"
2640,"actriu",4,"CAT"
2641,"actuen",4,"CAT"
2642,"acusació",4,"CAT"
2643,"adaptació",4,"CAT"
2644,"administrativa",4,"CAT"
2645,"adolescents",4,"CAT"
2646,"adonar",4,"CAT"
2647,"advocats",4,"CAT"
2648,"aèria",4,"CAT"
2649,"afectats",4,"CAT"
2650,"afegia",4,"CAT"
2651,"aficionat",4,"CAT"
2652,"afiliats",4,"CAT"
2653,"afluència",4,"CAT"
2654,"afortunadament",4,"CAT"
2655,"àfrica",4,"CAT"
2656,"agraït",4,"CAT"
2657,"agressors",4,"CAT"
2658,"ai",4,"CAT"
2659,"aigües",4,"CAT"
2660,"aires",4,"CAT"
2661,"ajuden",4,"CAT"
2662,"ajuntaments",4,"CAT"
2663,"alegria",4,"CAT"
2664,"alemanys",4,"CAT"
2665,"all",4,"CAT"
2666,"alsina",4,"CAT"
2667,"altura",4,"CAT"
2668,"americà",4,"CAT"
2669,"americana",4,"CAT"
2670,"amic",4,"CAT"
2671,"amiga",4,"CAT"
2672,"ampli",4,"CAT"
2673,"amplia",4,"CAT"
2674,"anàlisi",4,"CAT"
2675,"analitza",4,"CAT"
2676,"anaven",4,"CAT"
2677,"àngel",4,"CAT"
2678,"anglès",4,"CAT"
2679,"ànim",4,"CAT"
2680,"animal",4,"CAT"
2681,"aniran",4,"CAT"
2682,"anomenats",4,"CAT"
2683,"anual",4,"CAT"
2684,"aparcats",4,"CAT"
2685,"apareix",4,"CAT"
2686,"aparells",4,"CAT"
2687,"apple",4,"CAT"
2688,"aprenentatges",4,"CAT"
2689,"arbre",4,"CAT"
2690,"argimon",4,"CAT"
2691,"arribaria",4,"CAT"
2692,"arrimadas",4,"CAT"
2693,"assassinat",4,"CAT"
2694,"atribuir",4,"CAT"
2695,"aturat",4,"CAT"
2696,"autònoma",4,"CAT"
2697,"autònoms",4,"CAT"
2698,"autoritzar",4,"CAT"
2699,"avaluació",4,"CAT"
2700,"avança",4,"CAT"
2701,"avisar",4,"CAT"
2702,"baixar",4,"CAT"
2703,"baixi",4,"CAT"
2704,"begudes",4,"CAT"
2705,"bellesa",4,"CAT"
2706,"benazet",4,"CAT"
2707,"benvinguda",4,"CAT"
2708,"biblioteca",4,"CAT"
2709,"bielorússia",4,"CAT"
2710,"blanco",4,"CAT"
2711,"bloc",4,"CAT"
2712,"bou",4,"CAT"
2713,"braç",4,"CAT"
2714,"brasil",4,"CAT"
2715,"brutal",4,"CAT"
2716,"cadenes",4,"CAT"
2717,"cadis",4,"CAT"
2718,"caigut",4,"CAT"
2719,"cala",4,"CAT"
2720,"calia",4,"CAT"
2721,"camisa",4,"CAT"
2722,"campionat",4,"CAT"
2723,"can",4,"CAT"
2724,"cançons",4,"CAT"
2725,"cant",4,"CAT"
2726,"cantar",4,"CAT"
2727,"capitals",4,"CAT"
2728,"carmen",4,"CAT"
2729,"carn",4,"CAT"
2730,"carnet",4,"CAT"
2731,"cartes",4,"CAT"
2732,"castells",4,"CAT"
2733,"catàleg",4,"CAT"
2734,"ceba",4,"CAT"
2735,"cedit",4,"CAT"
2736,"centrals",4,"CAT"
2737,"centrat",4,"CAT"
2738,"ceo",4,"CAT"
2739,"cereals",4,"CAT"
2740,"cerimònia",4,"CAT"
2741,"certamen",4,"CAT"
2742,"certament",4,"CAT"
2743,"cgpj",4,"CAT"
2744,"cimera",4,"CAT"
2745,"cinquena",4,"CAT"
2746,"coalició",4,"CAT"
2747,"coincidint",4,"CAT"
2748,"combats",4,"CAT"
2749,"comencem",4,"CAT"
2750,"comenta",4,"CAT"
2751,"compareixença",4,"CAT"
2752,"compartida",4,"CAT"
2753,"complet",4,"CAT"
2754,"comporta",4,"CAT"
2755,"comprovar",4,"CAT"
2756,"comptarà",4,"CAT"
2757,"comptat",4,"CAT"
2758,"comuna",4,"CAT"
2759,"conca",4,"CAT"
2760,"conductor",4,"CAT"
2761,"coneixem",4,"CAT"
2762,"coneixement",4,"CAT"
2763,"coneixements",4,"CAT"
2764,"conjunta",4,"CAT"
2765,"connectar",4,"CAT"
2766,"conscient",4,"CAT"
2767,"conselleria",4,"CAT"
2768,"consens",4,"CAT"
2769,"conservació",4,"CAT"
2770,"consolidar",4,"CAT"
2771,"consorci",4,"CAT"
2772,"consumidor",4,"CAT"
2773,"consumir",4,"CAT"
2774,"continguts",4,"CAT"
2775,"contractació",4,"CAT"
2776,"contribueix",4,"CAT"
2777,"corona",4,"CAT"
2778,"coronavirus",4,"CAT"
2779,"corredors",4,"CAT"
2780,"crèdit",4,"CAT"
2781,"cremat",4,"CAT"
2782,"criatures",4,"CAT"
2783,"crimea",4,"CAT"
2784,"criminal",4,"CAT"
2785,"crítics",4,"CAT"
2786,"culturals",4,"CAT"
2787,"curses",4,"CAT"
2788,"curt",4,"CAT"
2789,"curta",4,"CAT"
2790,"daniel",4,"CAT"
2791,"data",4,"CAT"
2792,"david",4,"CAT"
2793,"dècimes",4,"CAT"
2794,"declivi",4,"CAT"
2795,"definitiu",4,"CAT"
2796,"dèiem",4,"CAT"
2797,"deixen",4,"CAT"
2798,"demanava",4,"CAT"
2799,"demarcació",4,"CAT"
2800,"demostra",4,"CAT"
2801,"depèn",4,"CAT"
2802,"derivat",4,"CAT"
2803,"descans",4,"CAT"
2804,"descriu",4,"CAT"
2805,"desena",4,"CAT"
2806,"destaquen",4,"CAT"
2807,"destí",4,"CAT"
2808,"detall",4,"CAT"
2809,"detectat",4,"CAT"
2810,"detencions",4,"CAT"
2811,"detinguts",4,"CAT"
2812,"deures",4,"CAT"
2813,"digitalització",4,"CAT"
2814,"dignitat",4,"CAT"
2815,"dimissió",4,"CAT"
2816,"dintre",4,"CAT"
2817,"disc",4,"CAT"
2818,"disciplina",4,"CAT"
2819,"discriminació",4,"CAT"
2820,"discriminacions",4,"CAT"
2821,"discursos",4,"CAT"
2822,"disposen",4,"CAT"
2823,"do",4,"CAT"
2824,"docents",4,"CAT"
2825,"dol",4,"CAT"
2826,"donacions",4,"CAT"
2827,"donaran",4,"CAT"
2828,"dosis",4,"CAT"
2829,"drogues",4,"CAT"
2830,"duia",4,"CAT"
2831,"dura",4,"CAT"
2832,"durà",4,"CAT"
2833,"dut",4,"CAT"
2834,"educatives",4,"CAT"
2835,"elits",4,"CAT"
2836,"embaràs",4,"CAT"
2837,"empat",4,"CAT"
2838,"empresaris",4,"CAT"
2839,"encamp",4,"CAT"
2840,"encariment",4,"CAT"
2841,"encàrrec",4,"CAT"
2842,"energètic",4,"CAT"
2843,"enlloc",4,"CAT"
2844,"enmig",4,"CAT"
2845,"enquestes",4,"CAT"
2846,"enric",4,"CAT"
2847,"ensenyar",4,"CAT"
2848,"entra",4,"CAT"
2849,"entren",4,"CAT"
2850,"enviament",4,"CAT"
2851,"enviar",4,"CAT"
2852,"episodi",4,"CAT"
2853,"equipaments",4,"CAT"
2854,"escàndol",4,"CAT"
2855,"escó",4,"CAT"
2856,"escollir",4,"CAT"
2857,"escut",4,"CAT"
2858,"esdevé",4,"CAT"
2859,"esglésies",4,"CAT"
2860,"eslàlom",4,"CAT"
2861,"especialitats",4,"CAT"
2862,"especialitzat",4,"CAT"
2863,"especials",4,"CAT"
2864,"específic",4,"CAT"
2865,"esports",4,"CAT"
2866,"espot",4,"CAT"
2867,"estabilitzar",4,"CAT"
2868,"establiment",4,"CAT"
2869,"estàndards",4,"CAT"
2870,"estaria",4,"CAT"
2871,"estarien",4,"CAT"
2872,"esteve",4,"CAT"
2873,"estiguin",4,"CAT"
2874,"estratègic",4,"CAT"
2875,"estrelles",4,"CAT"
2876,"estrena",4,"CAT"
2877,"estrès",4,"CAT"
2878,"estudiat",4,"CAT"
2879,"etiqueta",4,"CAT"
2880,"ets",4,"CAT"
2881,"eufòria",4,"CAT"
2882,"euro",4,"CAT"
2883,"europees",4,"CAT"
2884,"exactament",4,"CAT"
2885,"excés",4,"CAT"
2886,"exclusiva",4,"CAT"
2887,"existeixen",4,"CAT"
2888,"explicació",4,"CAT"
2889,"extraordinària",4,"CAT"
2890,"facilitat",4,"CAT"
2891,"factura",4,"CAT"
2892,"faig",4,"CAT"
2893,"fases",4,"CAT"
2894,"feines",4,"CAT"
2895,"femenina",4,"CAT"
2896,"fenomen",4,"CAT"
2897,"ferides",4,"CAT"
2898,"ferrocarrils",4,"CAT"
2899,"fes",4,"CAT"
2900,"festivals",4,"CAT"
2901,"feta",4,"CAT"
2902,"fil",4,"CAT"
2903,"film",4,"CAT"
2904,"fita",4,"CAT"
2905,"foment",4,"CAT"
2906,"fonamentals",4,"CAT"
2907,"forat",4,"CAT"
2908,"formacions",4,"CAT"
2909,"formatge",4,"CAT"
2910,"formava",4,"CAT"
2911,"formen",4,"CAT"
2912,"formes",4,"CAT"
2913,"fórmula",4,"CAT"
2914,"fortes",4,"CAT"
2915,"fosses",4,"CAT"
2916,"fracàs",4,"CAT"
2917,"francesa",4,"CAT"
2918,"francina",4,"CAT"
2919,"freda",4,"CAT"
2920,"fum",4,"CAT"
2921,"funcionen",4,"CAT"
2922,"fuster",4,"CAT"
2923,"gegant",4,"CAT"
2924,"gegants",4,"CAT"
2925,"gerent",4,"CAT"
2926,"gossos",4,"CAT"
2927,"gravar",4,"CAT"
2928,"guanyador",4,"CAT"
2929,"guerres",4,"CAT"
2930,"habitació",4,"CAT"
2931,"herència",4,"CAT"
2932,"historiador",4,"CAT"
2933,"hotels",4,"CAT"
2934,"humà",4,"CAT"
2935,"humana",4,"CAT"
2936,"igualment",4,"CAT"
2937,"immediat",4,"CAT"
2938,"imprescindible",4,"CAT"
2939,"impulsat",4,"CAT"
2940,"incidències",4,"CAT"
2941,"incorporat",4,"CAT"
2942,"índex",4,"CAT"
2943,"indicis",4,"CAT"
2944,"industrials",4,"CAT"
2945,"infant",4,"CAT"
2946,"ingressats",4,"CAT"
2947,"inhabilitació",4,"CAT"
2948,"inicial",4,"CAT"
2949,"instat",4,"CAT"
2950,"institucional",4,"CAT"
2951,"insularitat",4,"CAT"
2952,"intencions",4,"CAT"
2953,"intentant",4,"CAT"
2954,"interessar",4,"CAT"
2955,"interna",4,"CAT"
2956,"interpretar",4,"CAT"
2957,"intervencions",4,"CAT"
2958,"introdueix",4,"CAT"
2959,"inversions",4,"CAT"
2960,"invertir",4,"CAT"
2961,"investidura",4,"CAT"
2962,"investigar",4,"CAT"
2963,"irregular",4,"CAT"
2964,"isabel",4,"CAT"
2965,"israel",4,"CAT"
2966,"italiana",4,"CAT"
2967,"j",4,"CAT"
2968,"jornades",4,"CAT"
2969,"juan",4,"CAT"
2970,"jubilacions",4,"CAT"
2971,"judicials",4,"CAT"
2972,"jugador",4,"CAT"
2973,"jugant",4,"CAT"
2974,"justament",4,"CAT"
2975,"jutges",4,"CAT"
2976,"kíev",4,"CAT"
2977,"laporta",4,"CAT"
2978,"lat",4,"CAT"
2979,"lateral",4,"CAT"
2980,"laura",4,"CAT"
2981,"lectius",4,"CAT"
2982,"lector",4,"CAT"
2983,"lectors",4,"CAT"
2984,"lent",4,"CAT"
2985,"limita",4,"CAT"
2986,"litat",4,"CAT"
2987,"litoral",4,"CAT"
2988,"llegat",4,"CAT"
2989,"lletres",4,"CAT"
2990,"lligat",4,"CAT"
2991,"lliurament",4,"CAT"
2992,"lliures",4,"CAT"
2993,"luminació",4,"CAT"
2994,"magistrat",4,"CAT"
2995,"malalt",4,"CAT"
2996,"mancances",4,"CAT"
2997,"mandat",4,"CAT"
2998,"marcador",4,"CAT"
2999,"margarita",4,"CAT"
3000,"marihuana",4,"CAT"
3001,"mariúpol",4,"CAT"
3002,"marques",4,"CAT"
3003,"mecanismes",4,"CAT"
3004,"medicació",4,"CAT"
3005,"mèdiques",4,"CAT"
3006,"mètode",4,"CAT"
3007,"mèxic",4,"CAT"
3008,"migdies",4,"CAT"
3009,"miler",4,"CAT"
3010,"mínima",4,"CAT"
3011,"miró",4,"CAT"
3012,"missió",4,"CAT"
3013,"moda",4,"CAT"
3014,"models",4,"CAT"
3015,"moderada",4,"CAT"
3016,"modificar",4,"CAT"
3017,"montserrat",4,"CAT"
3018,"moscou",4,"CAT"
3019,"mostren",4,"CAT"
3020,"motors",4,"CAT"
3021,"multa",4,"CAT"
3022,"múltiples",4,"CAT"
3023,"músics",4,"CAT"
3024,"nas",4,"CAT"
3025,"natura",4,"CAT"
3026,"necessàries",4,"CAT"
3027,"necessaris",4,"CAT"
3028,"necessitava",4,"CAT"
3029,"necessiten",4,"CAT"
3030,"nedar",4,"CAT"
3031,"nega",4,"CAT"
3032,"negar",4,"CAT"
3033,"negat",4,"CAT"
3034,"net",4,"CAT"
3035,"neu",4,"CAT"
3036,"nocturn",4,"CAT"
3037,"normalment",4,"CAT"
3038,"nota",4,"CAT"
3039,"novament",4,"CAT"
3040,"novetats",4,"CAT"
3041,"número",4,"CAT"
3042,"obertes",4,"CAT"
3043,"objectius",4,"CAT"
3044,"obligades",4,"CAT"
3045,"obligatori",4,"CAT"
3046,"obligatòria",4,"CAT"
3047,"obrirà",4,"CAT"
3048,"obtingut",4,"CAT"
3049,"ocasions",4,"CAT"
3050,"ocells",4,"CAT"
3051,"of",4,"CAT"
3052,"oferirà",4,"CAT"
3053,"ofertes",4,"CAT"
3054,"ofici",4,"CAT"
3055,"oficialment",4,"CAT"
3056,"onada",4,"CAT"
3057,"operativa",4,"CAT"
3058,"oportú",4,"CAT"
3059,"opten",4,"CAT"
3060,"ordenança",4,"CAT"
3061,"ordres",4,"CAT"
3062,"pablo",4,"CAT"
3063,"pàgina",4,"CAT"
3064,"paisatge",4,"CAT"
3065,"paral",4,"CAT"
3066,"parcel",4,"CAT"
3067,"parcs",4,"CAT"
3068,"parlem",4,"CAT"
3069,"parròquia",4,"CAT"
3070,"partidaris",4,"CAT"
3071,"passaport",4,"CAT"
3072,"passaran",4,"CAT"
3073,"passeig",4,"CAT"
3074,"pastilles",4,"CAT"
3075,"patrulles",4,"CAT"
3076,"península",4,"CAT"
3077,"penitenciari",4,"CAT"
3078,"perden",4,"CAT"
3079,"permanent",4,"CAT"
3080,"permeten",4,"CAT"
3081,"permetria",4,"CAT"
3082,"peus",4,"CAT"
3083,"pilar",4,"CAT"
3084,"planificació",4,"CAT"
3085,"plantejar",4,"CAT"
3086,"plàstic",4,"CAT"
3087,"plataformes",4,"CAT"
3088,"poca",4,"CAT"
3089,"podreu",4,"CAT"
3090,"poesia",4,"CAT"
3091,"poeta",4,"CAT"
3092,"pogués",4,"CAT"
3093,"policials",4,"CAT"
3094,"políticament",4,"CAT"
3095,"pols",4,"CAT"
3096,"portat",4,"CAT"
3097,"porten",4,"CAT"
3098,"positives",4,"CAT"
3099,"posterior",4,"CAT"
3100,"posteriors",4,"CAT"
3101,"potable",4,"CAT"
3102,"precedents",4,"CAT"
3103,"precipitacions",4,"CAT"
3104,"preguntar",4,"CAT"
3105,"preguntat",4,"CAT"
3106,"pren",4,"CAT"
3107,"preocupa",4,"CAT"
3108,"prepandèmia",4,"CAT"
3109,"preparats",4,"CAT"
3110,"prepirineu",4,"CAT"
3111,"prevenir",4,"CAT"
3112,"preveuen",4,"CAT"
3113,"prèvies",4,"CAT"
3114,"progrés",4,"CAT"
3115,"prohibició",4,"CAT"
3116,"prohibit",4,"CAT"
3117,"pronunciar",4,"CAT"
3118,"propera",4,"CAT"
3119,"propers",4,"CAT"
3120,"propietat",4,"CAT"
3121,"proposat",4,"CAT"
3122,"protagonistes",4,"CAT"
3123,"pròximes",4,"CAT"
3124,"psicològic",4,"CAT"
3125,"puc",4,"CAT"
3126,"pujades",4,"CAT"
3127,"quant",4,"CAT"
3128,"quedaven",4,"CAT"
3129,"quilòmetre",4,"CAT"
3130,"químiques",4,"CAT"
3131,"quota",4,"CAT"
3132,"racons",4,"CAT"
3133,"ràpida",4,"CAT"
3134,"reacció",4,"CAT"
3135,"reals",4,"CAT"
3136,"rebaixes",4,"CAT"
3137,"rebuig",4,"CAT"
3138,"reclama",4,"CAT"
3139,"reclamat",4,"CAT"
3140,"reconeix",4,"CAT"
3141,"recorden",4,"CAT"
3142,"redactat",4,"CAT"
3143,"referent",4,"CAT"
3144,"referit",4,"CAT"
3145,"reflexió",4,"CAT"
3146,"regals",4,"CAT"
3147,"regions",4,"CAT"
3148,"registrar",4,"CAT"
3149,"registre",4,"CAT"
3150,"registres",4,"CAT"
3151,"reguant",4,"CAT"
3152,"regulació",4,"CAT"
3153,"reivindicar",4,"CAT"
3154,"relacionades",4,"CAT"
3155,"relativament",4,"CAT"
3156,"rellevància",4,"CAT"
3157,"remarcar",4,"CAT"
3158,"renovat",4,"CAT"
3159,"rep",4,"CAT"
3160,"reparació",4,"CAT"
3161,"repartiran",4,"CAT"
3162,"requereix",4,"CAT"
3163,"rere",4,"CAT"
3164,"rics",4,"CAT"
3165,"robles",4,"CAT"
3166,"roca",4,"CAT"
3167,"rodalies",4,"CAT"
3168,"ronda",4,"CAT"
3169,"rubles",4,"CAT"
3170,"rural",4,"CAT"
3171,"sal",4,"CAT"
3172,"saltar",4,"CAT"
3173,"salvar",4,"CAT"
3174,"samarreta",4,"CAT"
3175,"sang",4,"CAT"
3176,"sanitària",4,"CAT"
3177,"sanitaris",4,"CAT"
3178,"santos",4,"CAT"
3179,"sebastià",4,"CAT"
3180,"secció",4,"CAT"
3181,"sectorial",4,"CAT"
3182,"segueixen",4,"CAT"
3183,"següent",4,"CAT"
3184,"seguida",4,"CAT"
3185,"seguidors",4,"CAT"
3186,"selva",4,"CAT"
3187,"sentia",4,"CAT"
3188,"sentiment",4,"CAT"
3189,"servit",4,"CAT"
3190,"seure",4,"CAT"
3191,"signat",4,"CAT"
3192,"signatura",4,"CAT"
3193,"significatiu",4,"CAT"
3194,"similar",4,"CAT"
3195,"sintonia",4,"CAT"
3196,"situar",4,"CAT"
3197,"soler",4,"CAT"
3198,"solucionar",4,"CAT"
3199,"sopar",4,"CAT"
3200,"sorgir",4,"CAT"
3201,"sorpreses",4,"CAT"
3202,"sospitós",4,"CAT"
3203,"sostenibilitat",4,"CAT"
3204,"sotmès",4,"CAT"
3205,"subministrament",4,"CAT"
3206,"substituir",4,"CAT"
3207,"suc",4,"CAT"
3208,"sucre",4,"CAT"
3209,"suposaria",4,"CAT"
3210,"surten",4,"CAT"
3211,"suspensió",4,"CAT"
3212,"tanquen",4,"CAT"
3213,"tantes",4,"CAT"
3214,"taxa",4,"CAT"
3215,"taxes",4,"CAT"
3216,"tea",4,"CAT"
3217,"tecnologies",4,"CAT"
3218,"teixit",4,"CAT"
3219,"temporades",4,"CAT"
3220,"to",4,"CAT"
3221,"torni",4,"CAT"
3222,"tractat",4,"CAT"
3223,"tradicions",4,"CAT"
3224,"tràfic",4,"CAT"
3225,"transmissió",4,"CAT"
3226,"transportistes",4,"CAT"
3227,"trasllat",4,"CAT"
3228,"treballarà",4,"CAT"
3229,"treballat",4,"CAT"
3230,"triomf",4,"CAT"
3231,"turull",4,"CAT"
3232,"ugt",4,"CAT"
3233,"únicament",4,"CAT"
3234,"urbana",4,"CAT"
3235,"urgència",4,"CAT"
3236,"usuari",4,"CAT"
3237,"utilitza",4,"CAT"
3238,"vagi",4,"CAT"
3239,"variant",4,"CAT"
3240,"vas",4,"CAT"
3241,"veia",4,"CAT"
3242,"veiem",4,"CAT"
3243,"veig",4,"CAT"
3244,"ventilació",4,"CAT"
3245,"venut",4,"CAT"
3246,"verbalitzar",4,"CAT"
3247,"verda",4,"CAT"
3248,"vergés",4,"CAT"
3249,"veurem",4,"CAT"
3250,"viària",4,"CAT"
3251,"vic",4,"CAT"
3252,"vidal",4,"CAT"
3253,"vigència",4,"CAT"
3254,"vigent",4,"CAT"
3255,"vilagrà",4,"CAT"
3256,"vincles",4,"CAT"
3257,"vinculada",4,"CAT"
3258,"vins",4,"CAT"
3259,"visitar",4,"CAT"
3260,"voler",4,"CAT"
3261,"volta",4,"CAT"
3262,"voltants",4,"CAT"
3263,"vos",4,"CAT"
3264,"vulguin",4,"CAT"
3265,"whatsapp",4,"CAT"
3266,"xerrada",4,"CAT"
3267,"xoc",4,"CAT"
3268,"xut",4,"CAT"
3269,"102",3,"CAT"
3270,"120",3,"CAT"
3271,"1982",3,"CAT"
3272,"1985",3,"CAT"
3273,"1990",3,"CAT"
3274,"1991",3,"CAT"
3275,"2000",3,"CAT"
3276,"2004",3,"CAT"
3277,"2010",3,"CAT"
3278,"2026",3,"CAT"
3279,"33",3,"CAT"
3280,"334",3,"CAT"
3281,"400",3,"CAT"
3282,"44",3,"CAT"
3283,"49",3,"CAT"
3284,"51",3,"CAT"
3285,"53",3,"CAT"
3286,"58",3,"CAT"
3287,"61",3,"CAT"
3288,"62",3,"CAT"
3289,"67",3,"CAT"
3290,"68",3,"CAT"
3291,"72",3,"CAT"
3292,"77",3,"CAT"
3293,"79",3,"CAT"
3294,"86",3,"CAT"
3295,"94",3,"CAT"
3296,"95",3,"CAT"
3297,"abascal",3,"CAT"
3298,"absolut",3,"CAT"
3299,"abús",3,"CAT"
3300,"acabarà",3,"CAT"
3301,"acabats",3,"CAT"
3302,"acabem",3,"CAT"
3303,"acceptació",3,"CAT"
3304,"acomiadament",3,"CAT"
3305,"acompanyada",3,"CAT"
3306,"acompanyament",3,"CAT"
3307,"acordar",3,"CAT"
3308,"acostar",3,"CAT"
3309,"acostuma",3,"CAT"
3310,"actitud",3,"CAT"
3311,"activar",3,"CAT"
3312,"actualitat",3,"CAT"
3313,"acumula",3,"CAT"
3314,"acumular",3,"CAT"
3315,"acusen",3,"CAT"
3316,"addiccions",3,"CAT"
3317,"addicionals",3,"CAT"
3318,"adherir",3,"CAT"
3319,"adient",3,"CAT"
3320,"admès",3,"CAT"
3321,"administratiu",3,"CAT"
3322,"adolescent",3,"CAT"
3323,"adult",3,"CAT"
3324,"adults",3,"CAT"
3325,"afavoreix",3,"CAT"
3326,"afectacions",3,"CAT"
3327,"afectat",3,"CAT"
3328,"afegeixen",3,"CAT"
3329,"afers",3,"CAT"
3330,"afició",3,"CAT"
3331,"afronta",3,"CAT"
3332,"agafat",3,"CAT"
3333,"agent",3,"CAT"
3334,"agressor",3,"CAT"
3335,"agrícola",3,"CAT"
3336,"agulla",3,"CAT"
3337,"aina",3,"CAT"
3338,"ajornar",3,"CAT"
3339,"ajustar",3,"CAT"
3340,"ajuts",3,"CAT"
3341,"alarma",3,"CAT"
3342,"alça",3,"CAT"
3343,"aldarulls",3,"CAT"
3344,"alertes",3,"CAT"
3345,"algèria",3,"CAT"
3346,"allargat",3,"CAT"
3347,"allotjament",3,"CAT"
3348,"alonso",3,"CAT"
3349,"alpí",3,"CAT"
3350,"amazon",3,"CAT"
3351,"ambiental",3,"CAT"
3352,"ambientals",3,"CAT"
3353,"americans",3,"CAT"
3354,"amistat",3,"CAT"
3355,"amnistia",3,"CAT"
3356,"àmplia",3,"CAT"
3357,"andratx",3,"CAT"
3358,"angola",3,"CAT"
3359,"animació",3,"CAT"
3360,"anirem",3,"CAT"
3361,"anomalia",3,"CAT"
3362,"anomenat",3,"CAT"
3363,"ansietat",3,"CAT"
3364,"ansu",3,"CAT"
3365,"anterioritat",3,"CAT"
3366,"antigues",3,"CAT"
3367,"antonio",3,"CAT"
3368,"anunciant",3,"CAT"
3369,"anuncis",3,"CAT"
3370,"aparador",3,"CAT"
3371,"aparcaments",3,"CAT"
3372,"apareixen",3,"CAT"
3373,"apartat",3,"CAT"
3374,"aportades",3,"CAT"
3375,"apostar",3,"CAT"
3376,"aprenentatge",3,"CAT"
3377,"aprofita",3,"CAT"
3378,"aprofundir",3,"CAT"
3379,"aprovarà",3,"CAT"
3380,"aproven",3,"CAT"
3381,"apuntar",3,"CAT"
3382,"aquelles",3,"CAT"
3383,"arc",3,"CAT"
3384,"argument",3,"CAT"
3385,"arnau",3,"CAT"
3386,"arreglar",3,"CAT"
3387,"arrenca",3,"CAT"
3388,"arribà",3,"CAT"
3389,"artística",3,"CAT"
3390,"arxiu",3,"CAT"
3391,"aspirar",3,"CAT"
3392,"assabentar",3,"CAT"
3393,"assessor",3,"CAT"
3394,"assistencial",3,"CAT"
3395,"assistir",3,"CAT"
3396,"associacions",3,"CAT"
3397,"assoleix",3,"CAT"
3398,"assolir",3,"CAT"
3399,"assolit",3,"CAT"
3400,"atacar",3,"CAT"
3401,"atenes",3,"CAT"
3402,"ateneu",3,"CAT"
3403,"atm",3,"CAT"
3404,"aturada",3,"CAT"
3405,"aturades",3,"CAT"
3406,"audiovisuals",3,"CAT"
3407,"augmenta",3,"CAT"
3408,"augmentat",3,"CAT"
3409,"augmenten",3,"CAT"
3410,"aurora",3,"CAT"
3411,"autobús",3,"CAT"
3412,"autodeterminació",3,"CAT"
3413,"automàticament",3,"CAT"
3414,"autonòmic",3,"CAT"
3415,"autora",3,"CAT"
3416,"autoria",3,"CAT"
3417,"autoritat",3,"CAT"
3418,"autoritzat",3,"CAT"
3419,"avaluar",3,"CAT"
3420,"avantatges",3,"CAT"
3421,"avenç",3,"CAT"
3422,"avenços",3,"CAT"
3423,"avinguda",3,"CAT"
3424,"avió",3,"CAT"
3425,"avions",3,"CAT"
3426,"avisen",3,"CAT"
3427,"baerbock",3,"CAT"
3428,"balança",3,"CAT"
3429,"bandrés",3,"CAT"
3430,"bany",3,"CAT"
3431,"bar",3,"CAT"
3432,"basant",3,"CAT"
3433,"bases",3,"CAT"
3434,"bàsic",3,"CAT"
3435,"bateria",3,"CAT"
3436,"bateries",3,"CAT"
3437,"batlle",3,"CAT"
3438,"bce",3,"CAT"
3439,"bel",3,"CAT"
3440,"benefici",3,"CAT"
3441,"beneficiar",3,"CAT"
3442,"béns",3,"CAT"
3443,"berlín",3,"CAT"
3444,"bernat",3,"CAT"
3445,"bicicleta",3,"CAT"
3446,"bilbao",3,"CAT"
3447,"bildu",3,"CAT"
3448,"biodiversitat",3,"CAT"
3449,"blanca",3,"CAT"
3450,"blat",3,"CAT"
3451,"blau",3,"CAT"
3452,"blindar",3,"CAT"
3453,"bloqueig",3,"CAT"
3454,"bolaños",3,"CAT"
3455,"bombardejos",3,"CAT"
3456,"bonet",3,"CAT"
3457,"bopa",3,"CAT"
3458,"boris",3,"CAT"
3459,"borsa",3,"CAT"
3460,"boscos",3,"CAT"
3461,"botiga",3,"CAT"
3462,"boye",3,"CAT"
3463,"braços",3,"CAT"
3464,"brava",3,"CAT"
3465,"buenafuente",3,"CAT"
3466,"buida",3,"CAT"
3467,"buscava",3,"CAT"
3468,"busquem",3,"CAT"
3469,"caça",3,"CAT"
3470,"cafè",3,"CAT"
3471,"caiguda",3,"CAT"
3472,"caigudes",3,"CAT"
3473,"caixes",3,"CAT"
3474,"calaf",3,"CAT"
3475,"càlcul",3,"CAT"
3476,"calefacció",3,"CAT"
3477,"cales",3,"CAT"
3478,"calgui",3,"CAT"
3479,"calvià",3,"CAT"
3480,"cameron",3,"CAT"
3481,"campus",3,"CAT"
3482,"canadà",3,"CAT"
3483,"canàries",3,"CAT"
3484,"candidata",3,"CAT"
3485,"canillo",3,"CAT"
3486,"canviarà",3,"CAT"
3487,"capacitats",3,"CAT"
3488,"capaços",3,"CAT"
3489,"capdamunt",3,"CAT"
3490,"capdavant",3,"CAT"
3491,"capellades",3,"CAT"
3492,"carboni",3,"CAT"
3493,"carril",3,"CAT"
3494,"cartells",3,"CAT"
3495,"castellana",3,"CAT"
3496,"casualitat",3,"CAT"
3497,"catedràtic",3,"CAT"
3498,"causant",3,"CAT"
3499,"ceip",3,"CAT"
3500,"celeritat",3,"CAT"
3501,"censura",3,"CAT"
3502,"centelles",3,"CAT"
3503,"cèntims",3,"CAT"
3504,"cerca",3,"CAT"
3505,"certesa",3,"CAT"
3506,"certificat",3,"CAT"
3507,"cessió",3,"CAT"
3508,"christie",3,"CAT"
3509,"cinquantena",3,"CAT"
3510,"cinquè",3,"CAT"
3511,"circumscripció",3,"CAT"
3512,"circumstància",3,"CAT"
3513,"claramunt",3,"CAT"
3514,"clares",3,"CAT"
3515,"clàssics",3,"CAT"
3516,"classificació",3,"CAT"
3517,"claustre",3,"CAT"
3518,"clausura",3,"CAT"
3519,"clotet",3,"CAT"
3520,"cni",3,"CAT"
3521,"cobrar",3,"CAT"
3522,"coca",3,"CAT"
3523,"coincideixen",3,"CAT"
3524,"coincidit",3,"CAT"
3525,"collita",3,"CAT"
3526,"coloma",3,"CAT"
3527,"colòmbia",3,"CAT"
3528,"colonial",3,"CAT"
3529,"colpejar",3,"CAT"
3530,"columna",3,"CAT"
3531,"combat",3,"CAT"
3532,"combatents",3,"CAT"
3533,"combatre",3,"CAT"
3534,"combustible",3,"CAT"
3535,"combustibles",3,"CAT"
3536,"començaria",3,"CAT"
3537,"comences",3,"CAT"
3538,"comentat",3,"CAT"
3539,"comercialització",3,"CAT"
3540,"comesos",3,"CAT"
3541,"comicis",3,"CAT"
3542,"comín",3,"CAT"
3543,"comissaria",3,"CAT"
3544,"comissària",3,"CAT"
3545,"comparteixen",3,"CAT"
3546,"compartit",3,"CAT"
3547,"compatible",3,"CAT"
3548,"compensar",3,"CAT"
3549,"competència",3,"CAT"
3550,"competir",3,"CAT"
3551,"competitivitat",3,"CAT"
3552,"complement",3,"CAT"
3553,"complert",3,"CAT"
3554,"comportament",3,"CAT"
3555,"comprensió",3,"CAT"
3556,"comptabilitzar",3,"CAT"
3557,"comunitari",3,"CAT"
3558,"conciliació",3,"CAT"
3559,"conclòs",3,"CAT"
3560,"concloure",3,"CAT"
3561,"concreció",3,"CAT"
3562,"concretar",3,"CAT"
3563,"conductors",3,"CAT"
3564,"conegudes",3,"CAT"
3565,"confirma",3,"CAT"
3566,"confirmació",3,"CAT"
3567,"conflictes",3,"CAT"
3568,"conjuntament",3,"CAT"
3569,"connexió",3,"CAT"
3570,"conservador",3,"CAT"
3571,"conservadora",3,"CAT"
3572,"considerada",3,"CAT"
3573,"consolida",3,"CAT"
3574,"consta",3,"CAT"
3575,"constant",3,"CAT"
3576,"constatar",3,"CAT"
3577,"contaminants",3,"CAT"
3578,"contemporània",3,"CAT"
3579,"contenir",3,"CAT"
3580,"continuaran",3,"CAT"
3581,"continuava",3,"CAT"
3582,"continuïtat",3,"CAT"
3583,"contrasta",3,"CAT"
3584,"controlada",3,"CAT"
3585,"contundent",3,"CAT"
3586,"convenis",3,"CAT"
3587,"convidat",3,"CAT"
3588,"coral",3,"CAT"
3589,"cornellà",3,"CAT"
3590,"correctament",3,"CAT"
3591,"correcte",3,"CAT"
3592,"corrent",3,"CAT"
3593,"corresponen",3,"CAT"
3594,"corresponents",3,"CAT"
3595,"cort",3,"CAT"
3596,"cotes",3,"CAT"
3597,"crea",3,"CAT"
3598,"creatiu",3,"CAT"
3599,"creuen",3,"CAT"
3600,"creuers",3,"CAT"
3601,"creure",3,"CAT"
3602,"cridar",3,"CAT"
3603,"cridat",3,"CAT"
3604,"crim",3,"CAT"
3605,"criteris",3,"CAT"
3606,"critiquen",3,"CAT"
3607,"cruz",3,"CAT"
3608,"cuiner",3,"CAT"
3609,"culpa",3,"CAT"
3610,"cultius",3,"CAT"
3611,"cures",3,"CAT"
3612,"curiositat",3,"CAT"
3613,"currículum",3,"CAT"
3614,"cursach",3,"CAT"
3615,"curts",3,"CAT"
3616,"dada",3,"CAT"
3617,"damunt",3,"CAT"
3618,"dansa",3,"CAT"
3619,"decideixi",3,"CAT"
3620,"dedicar",3,"CAT"
3621,"dedicat",3,"CAT"
3622,"dediquen",3,"CAT"
3623,"defensen",3,"CAT"
3624,"definir",3,"CAT"
3625,"definit",3,"CAT"
3626,"definitiva",3,"CAT"
3627,"deixant",3,"CAT"
3628,"deixi",3,"CAT"
3629,"demanant",3,"CAT"
3630,"denuncia",3,"CAT"
3631,"denúncies",3,"CAT"
3632,"departaments",3,"CAT"
3633,"deriva",3,"CAT"
3634,"descarta",3,"CAT"
3635,"descartat",3,"CAT"
3636,"descens",3,"CAT"
3637,"descobert",3,"CAT"
3638,"desconeixement",3,"CAT"
3639,"designar",3,"CAT"
3640,"desigualtats",3,"CAT"
3641,"despatxos",3,"CAT"
3642,"despertar",3,"CAT"
3643,"desplaçar",3,"CAT"
3644,"desplaçat",3,"CAT"
3645,"desprèn",3,"CAT"
3646,"destacables",3,"CAT"
3647,"destinar",3,"CAT"
3648,"destinat",3,"CAT"
3649,"destinats",3,"CAT"
3650,"detallar",3,"CAT"
3651,"detalls",3,"CAT"
3652,"déu",3,"CAT"
3653,"devolució",3,"CAT"
3654,"dgt",3,"CAT"
3655,"diana",3,"CAT"
3656,"dibuixen",3,"CAT"
3657,"dinamarca",3,"CAT"
3658,"diplomàtics",3,"CAT"
3659,"dirà",3,"CAT"
3660,"directius",3,"CAT"
3661,"diria",3,"CAT"
3662,"dirigida",3,"CAT"
3663,"disminuir",3,"CAT"
3664,"disney",3,"CAT"
3665,"disparar",3,"CAT"
3666,"disponibles",3,"CAT"
3667,"disposats",3,"CAT"
3668,"dispositiu",3,"CAT"
3669,"disputat",3,"CAT"
3670,"dissenyar",3,"CAT"
3671,"districte",3,"CAT"
3672,"diumenges",3,"CAT"
3673,"djokovic",3,"CAT"
3674,"docència",3,"CAT"
3675,"documentació",3,"CAT"
3676,"documentar",3,"CAT"
3677,"dòlars",3,"CAT"
3678,"dolç",3,"CAT"
3679,"dolenta",3,"CAT"
3680,"dominen",3,"CAT"
3681,"domingo",3,"CAT"
3682,"donarà",3,"CAT"
3683,"donbass",3,"CAT"
3684,"donin",3,"CAT"
3685,"dormir",3,"CAT"
3686,"dosi",3,"CAT"
3687,"duent",3,"CAT"
3688,"durada",3,"CAT"
3689,"ebre",3,"CAT"
3690,"ecològica",3,"CAT"
3691,"econòmicament",3,"CAT"
3692,"economista",3,"CAT"
3693,"edicte",3,"CAT"
3694,"editor",3,"CAT"
3695,"educativa",3,"CAT"
3696,"efemèride",3,"CAT"
3697,"eficaç",3,"CAT"
3698,"eines",3,"CAT"
3699,"elaborat",3,"CAT"
3700,"electorals",3,"CAT"
3701,"elèctric",3,"CAT"
3702,"eleva",3,"CAT"
3703,"elevat",3,"CAT"
3704,"elimina",3,"CAT"
3705,"eliminació",3,"CAT"
3706,"embarcacions",3,"CAT"
3707,"emissió",3,"CAT"
3708,"emissora",3,"CAT"
3709,"emocions",3,"CAT"
3710,"emporta",3,"CAT"
3711,"encaixar",3,"CAT"
3712,"encapçalat",3,"CAT"
3713,"encarregada",3,"CAT"
3714,"endur",3,"CAT"
3715,"enemics",3,"CAT"
3716,"enfortir",3,"CAT"
3717,"enfronta",3,"CAT"
3718,"engegar",3,"CAT"
3719,"engordany",3,"CAT"
3720,"enllumenat",3,"CAT"
3721,"ennuvolat",3,"CAT"
3722,"enorme",3,"CAT"
3723,"enregistrar",3,"CAT"
3724,"entenem",3,"CAT"
3725,"entregat",3,"CAT"
3726,"entrenament",3,"CAT"
3727,"envers",3,"CAT"
3728,"envia",3,"CAT"
3729,"èpoques",3,"CAT"
3730,"errors",3,"CAT"
3731,"escales",3,"CAT"
3732,"escassetat",3,"CAT"
3733,"escollit",3,"CAT"
3734,"escultura",3,"CAT"
3735,"eso",3,"CAT"
3736,"espacial",3,"CAT"
3737,"espanyoles",3,"CAT"
3738,"especialistes",3,"CAT"
3739,"especialitzats",3,"CAT"
3740,"espectacular",3,"CAT"
3741,"esperances",3,"CAT"
3742,"esperaven",3,"CAT"
3743,"esportives",3,"CAT"
3744,"esquerres",3,"CAT"
3745,"essència",3,"CAT"
3746,"essencial",3,"CAT"
3747,"essencials",3,"CAT"
3748,"estableix",3,"CAT"
3749,"estades",3,"CAT"
3750,"estadística",3,"CAT"
3751,"estalvi",3,"CAT"
3752,"estatus",3,"CAT"
3753,"estatut",3,"CAT"
3754,"estatuts",3,"CAT"
3755,"estàvem",3,"CAT"
3756,"ester",3,"CAT"
3757,"estètica",3,"CAT"
3758,"estima",3,"CAT"
3759,"estirar",3,"CAT"
3760,"estrasburg",3,"CAT"
3761,"estratègica",3,"CAT"
3762,"estrenar",3,"CAT"
3763,"estudiant",3,"CAT"
3764,"etapes",3,"CAT"
3765,"etc",3,"CAT"
3766,"evidència",3,"CAT"
3767,"evita",3,"CAT"
3768,"excepcions",3,"CAT"
3769,"exdiputat",3,"CAT"
3770,"exemples",3,"CAT"
3771,"exercir",3,"CAT"
3772,"exigeixen",3,"CAT"
3773,"exigència",3,"CAT"
3774,"exili",3,"CAT"
3775,"existeix",3,"CAT"
3776,"expert",3,"CAT"
3777,"explicava",3,"CAT"
3778,"expliquem",3,"CAT"
3779,"exposa",3,"CAT"
3780,"expulsió",3,"CAT"
3781,"extensió",3,"CAT"
3782,"extraordinaris",3,"CAT"
3783,"extremes",3,"CAT"
3784,"facebook",3,"CAT"
3785,"fàcilment",3,"CAT"
3786,"factor",3,"CAT"
3787,"falles",3,"CAT"
3788,"fals",3,"CAT"
3789,"faltat",3,"CAT"
3790,"fam",3,"CAT"
3791,"fàrmacs",3,"CAT"
3792,"fauna",3,"CAT"
3793,"favorables",3,"CAT"
3794,"fc",3,"CAT"
3795,"feixisme",3,"CAT"
3796,"felip",3,"CAT"
3797,"ferit",3,"CAT"
3798,"fernández",3,"CAT"
3799,"fernando",3,"CAT"
3800,"ferran",3,"CAT"
3801,"feu",3,"CAT"
3802,"figueres",3,"CAT"
3803,"finalitat",3,"CAT"
3804,"finalitzar",3,"CAT"
3805,"finançar",3,"CAT"
3806,"financer",3,"CAT"
3807,"fires",3,"CAT"
3808,"física",3,"CAT"
3809,"fixar",3,"CAT"
3810,"flors",3,"CAT"
3811,"formalment",3,"CAT"
3812,"fossin",3,"CAT"
3813,"fotografies",3,"CAT"
3814,"fotos",3,"CAT"
3815,"fou",3,"CAT"
3816,"francesc",3,"CAT"
3817,"franquícies",3,"CAT"
3818,"franquista",3,"CAT"
3819,"frenar",3,"CAT"
3820,"freqüències",3,"CAT"
3821,"fresc",3,"CAT"
3822,"full",3,"CAT"
3823,"fumar",3,"CAT"
3824,"funcions",3,"CAT"
3825,"fundada",3,"CAT"
3826,"fundador",3,"CAT"
3827,"fusió",3,"CAT"
3828,"gabinet",3,"CAT"
3829,"gabriel",3,"CAT"
3830,"gambes",3,"CAT"
3831,"gamma",3,"CAT"
3832,"garanteixi",3,"CAT"
3833,"garantit",3,"CAT"
3834,"gastronomia",3,"CAT"
3835,"generalitzada",3,"CAT"
3836,"generant",3,"CAT"
3837,"golf",3,"CAT"
3838,"gonzález",3,"CAT"
3839,"gos",3,"CAT"
3840,"gradual",3,"CAT"
3841,"grams",3,"CAT"
3842,"gratuït",3,"CAT"
3843,"gratuïtat",3,"CAT"
3844,"gravetat",3,"CAT"
3845,"gruix",3,"CAT"
3846,"guanyat",3,"CAT"
3847,"guanyem",3,"CAT"
3848,"guardiola",3,"CAT"
3849,"hàbits",3,"CAT"
3850,"hernández",3,"CAT"
3851,"hipòtesi",3,"CAT"
3852,"hisenda",3,"CAT"
3853,"hollywood",3,"CAT"
3854,"hongria",3,"CAT"
3855,"horaris",3,"CAT"
3856,"horitzó",3,"CAT"
3857,"hospitalet",3,"CAT"
3858,"hostalets",3,"CAT"
3859,"humanitària",3,"CAT"
3860,"humanitat",3,"CAT"
3861,"idiomes",3,"CAT"
3862,"igualadines",3,"CAT"
3863,"ii",3,"CAT"
3864,"illenc",3,"CAT"
3865,"imperi",3,"CAT"
3866,"imperial",3,"CAT"
3867,"implementar",3,"CAT"
3868,"implicacions",3,"CAT"
3869,"implicar",3,"CAT"
3870,"import",3,"CAT"
3871,"impossible",3,"CAT"
3872,"impulsa",3,"CAT"
3873,"inclosa",3,"CAT"
3874,"incògnita",3,"CAT"
3875,"incorpora",3,"CAT"
3876,"incorporació",3,"CAT"
3877,"indefinida",3,"CAT"
3878,"indicar",3,"CAT"
3879,"individuals",3,"CAT"
3880,"individus",3,"CAT"
3881,"indret",3,"CAT"
3882,"indrets",3,"CAT"
3883,"indústries",3,"CAT"
3884,"inèdita",3,"CAT"
3885,"inferiors",3,"CAT"
3886,"informa",3,"CAT"
3887,"informacions",3,"CAT"
3888,"infracció",3,"CAT"
3889,"ingressades",3,"CAT"
3890,"ingressar",3,"CAT"
3891,"inicialment",3,"CAT"
3892,"iniciat",3,"CAT"
3893,"iniciatives",3,"CAT"
3894,"inicis",3,"CAT"
3895,"inscrits",3,"CAT"
3896,"instància",3,"CAT"
3897,"integritat",3,"CAT"
3898,"intenses",3,"CAT"
3899,"intenta",3,"CAT"
3900,"intentarà",3,"CAT"
3901,"intentat",3,"CAT"
3902,"intenten",3,"CAT"
3903,"interacció",3,"CAT"
3904,"interessada",3,"CAT"
3905,"interessant",3,"CAT"
3906,"interiors",3,"CAT"
3907,"intern",3,"CAT"
3908,"internament",3,"CAT"
3909,"interpretació",3,"CAT"
3910,"íntim",3,"CAT"
3911,"intimitat",3,"CAT"
3912,"invertint",3,"CAT"
3913,"investigacions",3,"CAT"
3914,"iran",3,"CAT"
3915,"irene",3,"CAT"
3916,"irlanda",3,"CAT"
3917,"japonès",3,"CAT"
3918,"jorba",3,"CAT"
3919,"jorge",3,"CAT"
3920,"jugada",3,"CAT"
3921,"jugadora",3,"CAT"
3922,"jurídica",3,"CAT"
3923,"jurisprudència",3,"CAT"
3924,"juvenil",3,"CAT"
3925,"jxcat",3,"CAT"
3926,"kurdistan",3,"CAT"
3927,"laborals",3,"CAT"
3928,"league",3,"CAT"
3929,"lectiva",3,"CAT"
3930,"len",3,"CAT"
3931,"lgtbiq",3,"CAT"
3932,"liberal",3,"CAT"
3933,"liceu",3,"CAT"
3934,"licitació",3,"CAT"
3935,"lidera",3,"CAT"
3936,"liderat",3,"CAT"
3937,"limitacions",3,"CAT"
3938,"limitada",3,"CAT"
3939,"lingüístic",3,"CAT"
3940,"llançar",3,"CAT"
3941,"llar",3,"CAT"
3942,"llarga",3,"CAT"
3943,"llargues",3,"CAT"
3944,"llatina",3,"CAT"
3945,"llençar",3,"CAT"
3946,"lleus",3,"CAT"
3947,"llibertats",3,"CAT"
3948,"llicència",3,"CAT"
3949,"llicències",3,"CAT"
3950,"llindar",3,"CAT"
3951,"llistes",3,"CAT"
3952,"llit",3,"CAT"
3953,"lliurement",3,"CAT"
3954,"llogar",3,"CAT"
3955,"lloguers",3,"CAT"
3956,"lluitar",3,"CAT"
3957,"llums",3,"CAT"
3958,"lluna",3,"CAT"
3959,"localitzar",3,"CAT"
3960,"localitzat",3,"CAT"
3961,"locar",3,"CAT"
3962,"lògica",3,"CAT"
3963,"majorista",3,"CAT"
3964,"malbé",3,"CAT"
3965,"manacor",3,"CAT"
3966,"manchester",3,"CAT"
3967,"maniobra",3,"CAT"
3968,"marcada",3,"CAT"
3969,"marí",3,"CAT"
3970,"màrqueting",3,"CAT"
3971,"martí",3,"CAT"
3972,"martín",3,"CAT"
3973,"mas",3,"CAT"
3974,"massiu",3,"CAT"
3975,"massiva",3,"CAT"
3976,"matar",3,"CAT"
3977,"materna",3,"CAT"
3978,"mecànica",3,"CAT"
3979,"mecanisme",3,"CAT"
3980,"memorial",3,"CAT"
3981,"menú",3,"CAT"
3982,"mercaderies",3,"CAT"
3983,"meritxell",3,"CAT"
3984,"michele",3,"CAT"
3985,"mida",3,"CAT"
3986,"millorarà",3,"CAT"
3987,"millores",3,"CAT"
3988,"missa",3,"CAT"
3989,"míssils",3,"CAT"
3990,"missions",3,"CAT"
3991,"mobilització",3,"CAT"
3992,"mòbils",3,"CAT"
3993,"mode",3,"CAT"
3994,"modern",3,"CAT"
3995,"molèsties",3,"CAT"
3996,"moll",3,"CAT"
3997,"montbui",3,"CAT"
3998,"moren",3,"CAT"
3999,"mortals",3,"CAT"
4000,"motivació",3,"CAT"
4001,"motor",3,"CAT"
4002,"mouran",3,"CAT"
4003,"moure",3,"CAT"
4004,"munt",3,"CAT"
4005,"muntanyes",3,"CAT"
4006,"mural",3,"CAT"
4007,"músic",3,"CAT"
4008,"mwh",3,"CAT"
4009,"nacions",3,"CAT"
4010,"naixement",3,"CAT"
4011,"negativa",3,"CAT"
4012,"negra",3,"CAT"
4013,"negueruela",3,"CAT"
4014,"neix",3,"CAT"
4015,"nits",3,"CAT"
4016,"nobel",3,"CAT"
4017,"nomenaments",3,"CAT"
4018,"normalització",3,"CAT"
4019,"notar",3,"CAT"
4020,"notat",3,"CAT"
4021,"nuclears",3,"CAT"
4022,"nuclis",3,"CAT"
4023,"núñez",3,"CAT"
4024,"núvols",3,"CAT"
4025,"objecte",3,"CAT"
4026,"objectes",3,"CAT"
4027,"obliga",3,"CAT"
4028,"obligacions",3,"CAT"
4029,"obri",3,"CAT"
4030,"ocasió",3,"CAT"
4031,"ocupa",3,"CAT"
4032,"ocupat",3,"CAT"
4033,"ofereixen",3,"CAT"
4034,"ofert",3,"CAT"
4035,"olga",3,"CAT"
4036,"oliver",3,"CAT"
4037,"olor",3,"CAT"
4038,"ombra",3,"CAT"
4039,"òmnium",3,"CAT"
4040,"omplir",3,"CAT"
4041,"ong",3,"CAT"
4042,"operar",3,"CAT"
4043,"operatiu",3,"CAT"
4044,"operatius",3,"CAT"
4045,"opressió",3,"CAT"
4046,"oral",3,"CAT"
4047,"orelles",3,"CAT"
4048,"organitza",3,"CAT"
4049,"organitzada",3,"CAT"
4050,"òrgans",3,"CAT"
4051,"organyà",3,"CAT"
4052,"orientació",3,"CAT"
4053,"originals",3,"CAT"
4054,"os",3,"CAT"
4055,"pa",3,"CAT"
4056,"paga",3,"CAT"
4057,"pagant",3,"CAT"
4058,"pagarà",3,"CAT"
4059,"paguen",3,"CAT"
4060,"paisatges",3,"CAT"
4061,"palès",3,"CAT"
4062,"pancarta",3,"CAT"
4063,"panorama",3,"CAT"
4064,"pantalla",3,"CAT"
4065,"pantalles",3,"CAT"
4066,"para",3,"CAT"
4067,"parar",3,"CAT"
4068,"parcial",3,"CAT"
4069,"parets",3,"CAT"
4070,"park",3,"CAT"
4071,"parlava",3,"CAT"
4072,"parlen",3,"CAT"
4073,"pateixen",3,"CAT"
4074,"patiment",3,"CAT"
4075,"patricia",3,"CAT"
4076,"patrícia",3,"CAT"
4077,"pauta",3,"CAT"
4078,"pavelló",3,"CAT"
4079,"peça",3,"CAT"
4080,"pen",3,"CAT"
4081,"penedès",3,"CAT"
4082,"penjat",3,"CAT"
4083,"pensament",3,"CAT"
4084,"pensava",3,"CAT"
4085,"pensió",3,"CAT"
4086,"periòdicament",3,"CAT"
4087,"periodística",3,"CAT"
4088,"perjudicials",3,"CAT"
4089,"permís",3,"CAT"
4090,"personalitzada",3,"CAT"
4091,"perspectiva",3,"CAT"
4092,"pimec",3,"CAT"
4093,"pintor",3,"CAT"
4094,"piscina",3,"CAT"
4095,"pistes",3,"CAT"
4096,"plaja",3,"CAT"
4097,"plantegen",3,"CAT"
4098,"plenes",3,"CAT"
4099,"pobres",3,"CAT"
4100,"poderosa",3,"CAT"
4101,"podràs",3,"CAT"
4102,"policies",3,"CAT"
4103,"polonès",3,"CAT"
4104,"poma",3,"CAT"
4105,"ponències",3,"CAT"
4106,"pont",3,"CAT"
4107,"portal",3,"CAT"
4108,"posant",3,"CAT"
4109,"poseu",3,"CAT"
4110,"possessió",3,"CAT"
4111,"possiblement",3,"CAT"
4112,"pota",3,"CAT"
4113,"potent",3,"CAT"
4114,"practicar",3,"CAT"
4115,"pràctics",3,"CAT"
4116,"prat",3,"CAT"
4117,"prelitoral",3,"CAT"
4118,"prenguin",3,"CAT"
4119,"preparat",3,"CAT"
4120,"presentada",3,"CAT"
4121,"presentadora",3,"CAT"
4122,"preservació",3,"CAT"
4123,"presos",3,"CAT"
4124,"press",3,"CAT"
4125,"preveia",3,"CAT"
4126,"preveure",3,"CAT"
4127,"prèviament",3,"CAT"
4128,"priorat",3,"CAT"
4129,"priori",3,"CAT"
4130,"prioritats",3,"CAT"
4131,"pro",3,"CAT"
4132,"probable",3,"CAT"
4133,"produccions",3,"CAT"
4134,"professorat",3,"CAT"
4135,"professors",3,"CAT"
4136,"programari",3,"CAT"
4137,"programat",3,"CAT"
4138,"progressista",3,"CAT"
4139,"prometre",3,"CAT"
4140,"promoure",3,"CAT"
4141,"pròpies",3,"CAT"
4142,"propietari",3,"CAT"
4143,"proposen",3,"CAT"
4144,"proteccions",3,"CAT"
4145,"protocol",3,"CAT"
4146,"proveïdors",3,"CAT"
4147,"provocarà",3,"CAT"
4148,"publica",3,"CAT"
4149,"publicació",3,"CAT"
4150,"publicitat",3,"CAT"
4151,"puigcerdà",3,"CAT"
4152,"pujat",3,"CAT"
4153,"pujol",3,"CAT"
4154,"puntual",3,"CAT"
4155,"qualitatiu",3,"CAT"
4156,"quarts",3,"CAT"
4157,"queixar",3,"CAT"
4158,"queixes",3,"CAT"
4159,"radars",3,"CAT"
4160,"rambla",3,"CAT"
4161,"rànquing",3,"CAT"
4162,"rastre",3,"CAT"
4163,"realització",3,"CAT"
4164,"realitzades",3,"CAT"
4165,"rebaixar",3,"CAT"
4166,"reben",3,"CAT"
4167,"rebrà",3,"CAT"
4168,"receptes",3,"CAT"
4169,"reclamen",3,"CAT"
4170,"recollides",3,"CAT"
4171,"record",3,"CAT"
4172,"recupera",3,"CAT"
4173,"reduint",3,"CAT"
4174,"referents",3,"CAT"
4175,"referma",3,"CAT"
4176,"reforç",3,"CAT"
4177,"reformes",3,"CAT"
4178,"regidora",3,"CAT"
4179,"registrades",3,"CAT"
4180,"regla",3,"CAT"
4181,"regles",3,"CAT"
4182,"regula",3,"CAT"
4183,"reivindica",3,"CAT"
4184,"renault",3,"CAT"
4185,"renovables",3,"CAT"
4186,"renovació",3,"CAT"
4187,"repartir",3,"CAT"
4188,"reprèn",3,"CAT"
4189,"representant",3,"CAT"
4190,"representen",3,"CAT"
4191,"republicans",3,"CAT"
4192,"repunt",3,"CAT"
4193,"requereixen",3,"CAT"
4194,"reserva",3,"CAT"
4195,"resiliència",3,"CAT"
4196,"resolt",3,"CAT"
4197,"respon",3,"CAT"
4198,"responsabilitats",3,"CAT"
4199,"ressaltat",3,"CAT"
4200,"resulta",3,"CAT"
4201,"retards",3,"CAT"
4202,"retirada",3,"CAT"
4203,"retirant",3,"CAT"
4204,"retornar",3,"CAT"
4205,"reuneix",3,"CAT"
4206,"reuneixen",3,"CAT"
4207,"reunit",3,"CAT"
4208,"revisar",3,"CAT"
4209,"revisió",3,"CAT"
4210,"revolució",3,"CAT"
4211,"rius",3,"CAT"
4212,"robatori",3,"CAT"
4213,"rodes",3,"CAT"
4214,"rol",3,"CAT"
4215,"romero",3,"CAT"
4216,"roses",3,"CAT"
4217,"rtve",3,"CAT"
4218,"rufián",3,"CAT"
4219,"rutes",3,"CAT"
4220,"ryanair",3,"CAT"
4221,"sabia",3,"CAT"
4222,"salaris",3,"CAT"
4223,"sales",3,"CAT"
4224,"salt",3,"CAT"
4225,"saludable",3,"CAT"
4226,"samarretes",3,"CAT"
4227,"sanitari",3,"CAT"
4228,"saps",3,"CAT"
4229,"sec",3,"CAT"
4230,"secundària",3,"CAT"
4231,"seguiment",3,"CAT"
4232,"seguint",3,"CAT"
4233,"segures",3,"CAT"
4234,"sem",3,"CAT"
4235,"sensacions",3,"CAT"
4236,"sensibilitat",3,"CAT"
4237,"sensibilitzar",3,"CAT"
4238,"senten",3,"CAT"
4239,"sentències",3,"CAT"
4240,"senyal",3,"CAT"
4241,"senyora",3,"CAT"
4242,"sèries",3,"CAT"
4243,"serveix",3,"CAT"
4244,"servidors",3,"CAT"
4245,"setge",3,"CAT"
4246,"sexualitat",3,"CAT"
4247,"significativa",3,"CAT"
4248,"significava",3,"CAT"
4249,"silenci",3,"CAT"
4250,"sílvia",3,"CAT"
4251,"símbol",3,"CAT"
4252,"simbòlic",3,"CAT"
4253,"similars",3,"CAT"
4254,"simple",3,"CAT"
4255,"sindicat",3,"CAT"
4256,"sisena",3,"CAT"
4257,"situada",3,"CAT"
4258,"so",3,"CAT"
4259,"soc",3,"CAT"
4260,"socialistes",3,"CAT"
4261,"societats",3,"CAT"
4262,"solament",3,"CAT"
4263,"solars",3,"CAT"
4264,"solidaritat",3,"CAT"
4265,"solitari",3,"CAT"
4266,"sóller",3,"CAT"
4267,"sorgit",3,"CAT"
4268,"soroll",3,"CAT"
4269,"sorra",3,"CAT"
4270,"sospitosos",3,"CAT"
4271,"sosté",3,"CAT"
4272,"soviètica",3,"CAT"
4273,"start",3,"CAT"
4274,"stoltenberg",3,"CAT"
4275,"subratllar",3,"CAT"
4276,"subscriptors",3,"CAT"
4277,"succeït",3,"CAT"
4278,"suficient",3,"CAT"
4279,"suficients",3,"CAT"
4280,"suïssa",3,"CAT"
4281,"sumari",3,"CAT"
4282,"sumen",3,"CAT"
4283,"superen",3,"CAT"
4284,"superfície",3,"CAT"
4285,"suposada",3,"CAT"
4286,"suposadament",3,"CAT"
4287,"suposarà",3,"CAT"
4288,"suposats",3,"CAT"
4289,"surt",3,"CAT"
4290,"surtin",3,"CAT"
4291,"talent",3,"CAT"
4292,"tall",3,"CAT"
4293,"tancats",3,"CAT"
4294,"targeta",3,"CAT"
4295,"tarifa",3,"CAT"
4296,"teixits",3,"CAT"
4297,"televisions",3,"CAT"
4298,"tenis",3,"CAT"
4299,"terç",3,"CAT"
4300,"termòmetre",3,"CAT"
4301,"terrasses",3,"CAT"
4302,"territorials",3,"CAT"
4303,"tesla",3,"CAT"
4304,"thomas",3,"CAT"
4305,"tinent",3,"CAT"
4306,"típica",3,"CAT"
4307,"tocava",3,"CAT"
4308,"toledo",3,"CAT"
4309,"tomás",3,"CAT"
4310,"tombat",3,"CAT"
4311,"tones",3,"CAT"
4312,"topall",3,"CAT"
4313,"toqui",3,"CAT"
4314,"tornada",3,"CAT"
4315,"tornarà",3,"CAT"
4316,"tornen",3,"CAT"
4317,"torrent",3,"CAT"
4318,"traçat",3,"CAT"
4319,"tracte",3,"CAT"
4320,"tradueix",3,"CAT"
4321,"trail",3,"CAT"
4322,"trajecte",3,"CAT"
4323,"trama",3,"CAT"
4324,"trams",3,"CAT"
4325,"transcorre",3,"CAT"
4326,"transformar",3,"CAT"
4327,"transmetre",3,"CAT"
4328,"trastorns",3,"CAT"
4329,"travessa",3,"CAT"
4330,"treballava",3,"CAT"
4331,"tribunals",3,"CAT"
4332,"triple",3,"CAT"
4333,"trucades",3,"CAT"
4334,"ubach",3,"CAT"
4335,"ubicació",3,"CAT"
4336,"ubicat",3,"CAT"
4337,"ucraïnesa",3,"CAT"
4338,"ultradreta",3,"CAT"
4339,"unànime",3,"CAT"
4340,"unir",3,"CAT"
4341,"univers",3,"CAT"
4342,"universitari",3,"CAT"
4343,"utilitzant",3,"CAT"
4344,"útils",3,"CAT"
4345,"vaccinació",3,"CAT"
4346,"vacuna",3,"CAT"
4347,"vacunes",3,"CAT"
4348,"vaixell",3,"CAT"
4349,"valenciana",3,"CAT"
4350,"valora",3,"CAT"
4351,"valorar",3,"CAT"
4352,"variants",3,"CAT"
4353,"varietat",3,"CAT"
4354,"vell",3,"CAT"
4355,"venen",3,"CAT"
4356,"venia",3,"CAT"
4357,"verds",3,"CAT"
4358,"verge",3,"CAT"
4359,"veritable",3,"CAT"
4360,"versions",3,"CAT"
4361,"verticals",3,"CAT"
4362,"vestíbul",3,"CAT"
4363,"vestidor",3,"CAT"
4364,"vetllar",3,"CAT"
4365,"viatges",3,"CAT"
4366,"viatjar",3,"CAT"
4367,"viatjat",3,"CAT"
4368,"vilalta",3,"CAT"
4369,"vintena",3,"CAT"
4370,"violació",3,"CAT"
4371,"visibles",3,"CAT"
4372,"visual",3,"CAT"
4373,"vital",3,"CAT"
4374,"vivint",3,"CAT"
4375,"vosaltres",3,"CAT"
4376,"vostre",3,"CAT"
4377,"vostres",3,"CAT"
4378,"vulnerabilitat",3,"CAT"
4379,"washington",3,"CAT"
4380,"webs",3,"CAT"
4381,"wifi",3,"CAT"
4382,"x",3,"CAT"
4383,"xavier",3,"CAT"
4384,"xerrades",3,"CAT"
4385,"xinès",3,"CAT"
4386,"xocolata",3,"CAT"
4387,"01",2,"CAT"
4388,"045",2,"CAT"
4389,"05",2,"CAT"
4390,"103",2,"CAT"
4391,"105",2,"CAT"
4392,"110",2,"CAT"
4393,"125",2,"CAT"
4394,"131",2,"CAT"
4395,"140",2,"CAT"
4396,"145",2,"CAT"
4397,"147",2,"CAT"
4398,"155",2,"CAT"
4399,"163",2,"CAT"
4400,"179",2,"CAT"
4401,"180",2,"CAT"
4402,"18a",2,"CAT"
4403,"1933",2,"CAT"
4404,"1944",2,"CAT"
4405,"1961",2,"CAT"
4406,"1965",2,"CAT"
4407,"1972",2,"CAT"
4408,"1984",2,"CAT"
4409,"1992",2,"CAT"
4410,"1994",2,"CAT"
4411,"1997",2,"CAT"
4412,"2002",2,"CAT"
4413,"2003",2,"CAT"
4414,"2005",2,"CAT"
4415,"2013",2,"CAT"
4416,"2027",2,"CAT"
4417,"209",2,"CAT"
4418,"225",2,"CAT"
4419,"236",2,"CAT"
4420,"257",2,"CAT"
4421,"26a",2,"CAT"
4422,"30h",2,"CAT"
4423,"350",2,"CAT"
4424,"366",2,"CAT"
4425,"3d",2,"CAT"
4426,"460",2,"CAT"
4427,"59",2,"CAT"
4428,"63",2,"CAT"
4429,"66",2,"CAT"
4430,"69",2,"CAT"
4431,"73",2,"CAT"
4432,"76",2,"CAT"
4433,"82",2,"CAT"
4434,"824",2,"CAT"
4435,"83",2,"CAT"
4436,"84",2,"CAT"
4437,"860",2,"CAT"
4438,"88",2,"CAT"
4439,"89",2,"CAT"
4440,"91",2,"CAT"
4441,"92",2,"CAT"
4442,"93",2,"CAT"
4443,"abandonament",2,"CAT"
4444,"abelles",2,"CAT"
4445,"abertis",2,"CAT"
4446,"abordat",2,"CAT"
4447,"abordin",2,"CAT"
4448,"abric",2,"CAT"
4449,"abstencions",2,"CAT"
4450,"aca",2,"CAT"
4451,"acabada",2,"CAT"
4452,"acabava",2,"CAT"
4453,"acabés",2,"CAT"
4454,"acabin",2,"CAT"
4455,"acadèmia",2,"CAT"
4456,"acadèmic",2,"CAT"
4457,"accedeixen",2,"CAT"
4458,"accent",2,"CAT"
4459,"acceptaria",2,"CAT"
4460,"accessibles",2,"CAT"
4461,"àcid",2,"CAT"
4462,"aclarir",2,"CAT"
4463,"acollia",2,"CAT"
4464,"acollirà",2,"CAT"
4465,"acomiada",2,"CAT"
4466,"acomiadaments",2,"CAT"
4467,"acomiadar",2,"CAT"
4468,"acomiadat",2,"CAT"
4469,"acompanyen",2,"CAT"
4470,"aconseguia",2,"CAT"
4471,"aconseguits",2,"CAT"
4472,"aconsellable",2,"CAT"
4473,"acostumar",2,"CAT"
4474,"acostumats",2,"CAT"
4475,"acta",2,"CAT"
4476,"actituds",2,"CAT"
4477,"activistes",2,"CAT"
4478,"actors",2,"CAT"
4479,"actualitzar",2,"CAT"
4480,"actualitzat",2,"CAT"
4481,"actuals",2,"CAT"
4482,"actuava",2,"CAT"
4483,"actuaven",2,"CAT"
4484,"acumulat",2,"CAT"
4485,"acumulats",2,"CAT"
4486,"acusacions",2,"CAT"
4487,"ada",2,"CAT"
4488,"addicional",2,"CAT"
4489,"adequar",2,"CAT"
4490,"adequat",2,"CAT"
4491,"adeu",2,"CAT"
4492,"admetia",2,"CAT"
4493,"admetre",2,"CAT"
4494,"administrador",2,"CAT"
4495,"adquirir",2,"CAT"
4496,"adquisitiu",2,"CAT"
4497,"adreçat",2,"CAT"
4498,"adverteix",2,"CAT"
4499,"advocada",2,"CAT"
4500,"aeris",2,"CAT"
4501,"aeronau",2,"CAT"
4502,"aeronaus",2,"CAT"
4503,"afavoreixen",2,"CAT"
4504,"afavorir",2,"CAT"
4505,"afeccionats",2,"CAT"
4506,"afectava",2,"CAT"
4507,"afegim",2,"CAT"
4508,"afegirà",2,"CAT"
4509,"afegiran",2,"CAT"
4510,"afirmava",2,"CAT"
4511,"africà",2,"CAT"
4512,"africans",2,"CAT"
4513,"agafant",2,"CAT"
4514,"agradar",2,"CAT"
4515,"agradaria",2,"CAT"
4516,"agradava",2,"CAT"
4517,"agraïment",2,"CAT"
4518,"agredir",2,"CAT"
4519,"agredit",2,"CAT"
4520,"agredolç",2,"CAT"
4521,"agreujada",2,"CAT"
4522,"agrícoles",2,"CAT"
4523,"aguilar",2,"CAT"
4524,"aïllament",2,"CAT"
4525,"ajustat",2,"CAT"
4526,"alaior",2,"CAT"
4527,"alarmar",2,"CAT"
4528,"albanesos",2,"CAT"
4529,"àlbum",2,"CAT"
4530,"alcaldessa",2,"CAT"
4531,"alcohòlic",2,"CAT"
4532,"alcohòliques",2,"CAT"
4533,"alegre",2,"CAT"
4534,"alejandro",2,"CAT"
4535,"alertat",2,"CAT"
4536,"alfàbrega",2,"CAT"
4537,"alfred",2,"CAT"
4538,"aliances",2,"CAT"
4539,"allargarà",2,"CAT"
4540,"alliberar",2,"CAT"
4541,"allunyar",2,"CAT"
4542,"allunyats",2,"CAT"
4543,"almeida",2,"CAT"
4544,"almirall",2,"CAT"
4545,"alterar",2,"CAT"
4546,"alterat",2,"CAT"
4547,"alternatives",2,"CAT"
4548,"altrament",2,"CAT"
4549,"alumnat",2,"CAT"
4550,"alumne",2,"CAT"
4551,"alzheimer",2,"CAT"
4552,"amable",2,"CAT"
4553,"amanida",2,"CAT"
4554,"amat",2,"CAT"
4555,"amateurs",2,"CAT"
4556,"ambaixador",2,"CAT"
4557,"ambulàncies",2,"CAT"
4558,"amenaçat",2,"CAT"
4559,"amenaces",2,"CAT"
4560,"american",2,"CAT"
4561,"americanes",2,"CAT"
4562,"àmfores",2,"CAT"
4563,"amini",2,"CAT"
4564,"amorosa",2,"CAT"
4565,"amortitzar",2,"CAT"
4566,"amsterdam",2,"CAT"
4567,"amunt",2,"CAT"
4568,"anada",2,"CAT"
4569,"analista",2,"CAT"
4570,"analítiques",2,"CAT"
4571,"anam",2,"CAT"
4572,"anarquistes",2,"CAT"
4573,"anatoli",2,"CAT"
4574,"and",2,"CAT"
4575,"andorranes",2,"CAT"
4576,"andorrans",2,"CAT"
4577,"aneu",2,"CAT"
4578,"ángel",2,"CAT"
4579,"annex",2,"CAT"
4580,"anomena",2,"CAT"
4581,"anònimes",2,"CAT"
4582,"antena",2,"CAT"
4583,"anti",2,"CAT"
4584,"antiavalots",2,"CAT"
4585,"anticovid",2,"CAT"
4586,"antics",2,"CAT"
4587,"antigament",2,"CAT"
4588,"antiguitat",2,"CAT"
4589,"antònia",2,"CAT"
4590,"anuncia",2,"CAT"
4591,"anunciaran",2,"CAT"
4592,"ap",2,"CAT"
4593,"apa",2,"CAT"
4594,"apagar",2,"CAT"
4595,"aparell",2,"CAT"
4596,"aparentment",2,"CAT"
4597,"apartar",2,"CAT"
4598,"aplaudit",2,"CAT"
4599,"aplegar",2,"CAT"
4600,"aplicarà",2,"CAT"
4601,"aporta",2,"CAT"
4602,"aporten",2,"CAT"
4603,"aposten",2,"CAT"
4604,"app",2,"CAT"
4605,"aprenent",2,"CAT"
4606,"aprenguin",2,"CAT"
4607,"aprofitaria",2,"CAT"
4608,"apropat",2,"CAT"
4609,"aprovada",2,"CAT"
4610,"aprovi",2,"CAT"
4611,"aproximació",2,"CAT"
4612,"àrabs",2,"CAT"
4613,"aran",2,"CAT"
4614,"aranès",2,"CAT"
4615,"arasanz",2,"CAT"
4616,"araujo",2,"CAT"
4617,"arboç",2,"CAT"
4618,"arena",2,"CAT"
4619,"argentina",2,"CAT"
4620,"argumenta",2,"CAT"
4621,"argumentat",2,"CAT"
4622,"armada",2,"CAT"
4623,"armament",2,"CAT"
4624,"armat",2,"CAT"
4625,"aromes",2,"CAT"
4626,"arrencar",2,"CAT"
4627,"arrencarà",2,"CAT"
4628,"arribades",2,"CAT"
4629,"arribats",2,"CAT"
4630,"arribava",2,"CAT"
4631,"arribin",2,"CAT"
4632,"arro",2,"CAT"
4633,"arròs",2,"CAT"
4634,"arrossega",2,"CAT"
4635,"arrossegar",2,"CAT"
4636,"arsenal",2,"CAT"
4637,"artesans",2,"CAT"
4638,"articles",2,"CAT"
4639,"arxius",2,"CAT"
4640,"ascendit",2,"CAT"
4641,"ascens",2,"CAT"
4642,"ascensos",2,"CAT"
4643,"àsia",2,"CAT"
4644,"aspira",2,"CAT"
4645,"assaig",2,"CAT"
4646,"assajos",2,"CAT"
4647,"assassinats",2,"CAT"
4648,"assegurant",2,"CAT"
4649,"asseguts",2,"CAT"
4650,"assembla",2,"CAT"
4651,"assenyalats",2,"CAT"
4652,"assequibles",2,"CAT"
4653,"assessorament",2,"CAT"
4654,"asseure",2,"CAT"
4655,"asseverat",2,"CAT"
4656,"assignatura",2,"CAT"
4657,"associades",2,"CAT"
4658,"assumint",2,"CAT"
4659,"assumirà",2,"CAT"
4660,"assumpció",2,"CAT"
4661,"assumpte",2,"CAT"
4662,"ataca",2,"CAT"
4663,"atén",2,"CAT"
4664,"atenent",2,"CAT"
4665,"atents",2,"CAT"
4666,"atesa",2,"CAT"
4667,"ateses",2,"CAT"
4668,"athletic",2,"CAT"
4669,"atlàntica",2,"CAT"
4670,"atrau",2,"CAT"
4671,"atraure",2,"CAT"
4672,"atribueix",2,"CAT"
4673,"àudios",2,"CAT"
4674,"auditori",2,"CAT"
4675,"auge",2,"CAT"
4676,"augmentarà",2,"CAT"
4677,"aula",2,"CAT"
4678,"australiana",2,"CAT"
4679,"autenticitat",2,"CAT"
4680,"autobusos",2,"CAT"
4681,"autocrítica",2,"CAT"
4682,"autòcton",2,"CAT"
4683,"automàtic",2,"CAT"
4684,"automàtics",2,"CAT"
4685,"autònomes",2,"CAT"
4686,"autonomia",2,"CAT"
4687,"autores",2,"CAT"
4688,"autorització",2,"CAT"
4689,"avalat",2,"CAT"
4690,"avaluarà",2,"CAT"
4691,"avançada",2,"CAT"
4692,"avançament",2,"CAT"
4693,"avançant",2,"CAT"
4694,"avantsala",2,"CAT"
4695,"ave",2,"CAT"
4696,"avi",2,"CAT"
4697,"bacallà",2,"CAT"
4698,"bach",2,"CAT"
4699,"badalona",2,"CAT"
4700,"badosa",2,"CAT"
4701,"baget",2,"CAT"
4702,"bala",2,"CAT"
4703,"balcó",2,"CAT"
4704,"bancària",2,"CAT"
4705,"bancàries",2,"CAT"
4706,"bancs",2,"CAT"
4707,"banderes",2,"CAT"
4708,"bandes",2,"CAT"
4709,"bandini",2,"CAT"
4710,"baños",2,"CAT"
4711,"banyar",2,"CAT"
4712,"baralles",2,"CAT"
4713,"barates",2,"CAT"
4714,"barberà",2,"CAT"
4715,"barca",2,"CAT"
4716,"barceló",2,"CAT"
4717,"barceloneta",2,"CAT"
4718,"barceloní",2,"CAT"
4719,"barra",2,"CAT"
4720,"barracó",2,"CAT"
4721,"barraques",2,"CAT"
4722,"barrera",2,"CAT"
4723,"barrientos",2,"CAT"
4724,"basat",2,"CAT"
4725,"basca",2,"CAT"
4726,"bàsica",2,"CAT"
4727,"bàsicament",2,"CAT"
4728,"bàsics",2,"CAT"
4729,"basílica",2,"CAT"
4730,"bàsquet",2,"CAT"
4731,"bassas",2,"CAT"
4732,"bastons",2,"CAT"
4733,"batejat",2,"CAT"
4734,"batle",2,"CAT"
4735,"batles",2,"CAT"
4736,"batlia",2,"CAT"
4737,"batut",2,"CAT"
4738,"batxillerat",2,"CAT"
4739,"bauzá",2,"CAT"
4740,"becker",2,"CAT"
4741,"begur",2,"CAT"
4742,"bèl",2,"CAT"
4743,"bell",2,"CAT"
4744,"bellera",2,"CAT"
4745,"beneficia",2,"CAT"
4746,"beques",2,"CAT"
4747,"berguedà",2,"CAT"
4748,"bessó",2,"CAT"
4749,"beure",2,"CAT"
4750,"bielorús",2,"CAT"
4751,"bilateral",2,"CAT"
4752,"bingo",2,"CAT"
4753,"bitllet",2,"CAT"
4754,"blanes",2,"CAT"
4755,"blanqueig",2,"CAT"
4756,"blanques",2,"CAT"
4757,"blaugranes",2,"CAT"
4758,"blava",2,"CAT"
4759,"boe",2,"CAT"
4760,"bofill",2,"CAT"
4761,"boira",2,"CAT"
4762,"boles",2,"CAT"
4763,"bombes",2,"CAT"
4764,"bonanova",2,"CAT"
4765,"bonificació",2,"CAT"
4766,"borda",2,"CAT"
4767,"born",2,"CAT"
4768,"bosc",2,"CAT"
4769,"bous",2,"CAT"
4770,"brasiler",2,"CAT"
4771,"bressol",2,"CAT"
4772,"bretanya",2,"CAT"
4773,"bretxa",2,"CAT"
4774,"brian",2,"CAT"
4775,"brigada",2,"CAT"
4776,"brillant",2,"CAT"
4777,"britànica",2,"CAT"
4778,"britànics",2,"CAT"
4779,"broma",2,"CAT"
4780,"bronquiolitis",2,"CAT"
4781,"bruno",2,"CAT"
4782,"bruts",2,"CAT"
4783,"budapest",2,"CAT"
4784,"buenos",2,"CAT"
4785,"buides",2,"CAT"
4786,"buit",2,"CAT"
4787,"bullock",2,"CAT"
4788,"bunyola",2,"CAT"
4789,"buscaven",2,"CAT"
4790,"butxaca",2,"CAT"
4791,"by",2,"CAT"
4792,"caçadors",2,"CAT"
4793,"cadires",2,"CAT"
4794,"cafès",2,"CAT"
4795,"caient",2,"CAT"
4796,"caiguin",2,"CAT"
4797,"caixabank",2,"CAT"
4798,"caixers",2,"CAT"
4799,"calaix",2,"CAT"
4800,"calçada",2,"CAT"
4801,"calculada",2,"CAT"
4802,"calculadora",2,"CAT"
4803,"calculen",2,"CAT"
4804,"càlculs",2,"CAT"
4805,"calella",2,"CAT"
4806,"calent",2,"CAT"
4807,"càlid",2,"CAT"
4808,"calma",2,"CAT"
4809,"calories",2,"CAT"
4810,"calorós",2,"CAT"
4811,"calviño",2,"CAT"
4812,"calvo",2,"CAT"
4813,"cambres",2,"CAT"
4814,"càmera",2,"CAT"
4815,"càmeres",2,"CAT"
4816,"cames",2,"CAT"
4817,"canalitzar",2,"CAT"
4818,"cançó",2,"CAT"
4819,"candini",2,"CAT"
4820,"cano",2,"CAT"
4821,"cantonada",2,"CAT"
4822,"canturri",2,"CAT"
4823,"canviant",2,"CAT"
4824,"canviï",2,"CAT"
4825,"caos",2,"CAT"
4826,"capa",2,"CAT"
4827,"capdavall",2,"CAT"
4828,"capità",2,"CAT"
4829,"capitalitat",2,"CAT"
4830,"captura",2,"CAT"
4831,"carandell",2,"CAT"
4832,"carbó",2,"CAT"
4833,"carburants",2,"CAT"
4834,"carnaval",2,"CAT"
4835,"carod",2,"CAT"
4836,"carol",2,"CAT"
4837,"carrasco",2,"CAT"
4838,"carregat",2,"CAT"
4839,"carreras",2,"CAT"
4840,"carrils",2,"CAT"
4841,"carro",2,"CAT"
4842,"casal",2,"CAT"
4843,"casar",2,"CAT"
4844,"casc",2,"CAT"
4845,"caserna",2,"CAT"
4846,"casetes",2,"CAT"
4847,"casino",2,"CAT"
4848,"castellanos",2,"CAT"
4849,"castellans",2,"CAT"
4850,"castellers",2,"CAT"
4851,"castelló",2,"CAT"
4852,"catalangate",2,"CAT"
4853,"catalanoparlants",2,"CAT"
4854,"catalogats",2,"CAT"
4855,"categories",2,"CAT"
4856,"cau",2,"CAT"
4857,"cauran",2,"CAT"
4858,"causar",2,"CAT"
4859,"cavall",2,"CAT"
4860,"ccma",2,"CAT"
4861,"cdc",2,"CAT"
4862,"cedir",2,"CAT"
4863,"cega",2,"CAT"
4864,"cèl",2,"CAT"
4865,"celebrada",2,"CAT"
4866,"celebraran",2,"CAT"
4867,"celebrem",2,"CAT"
4868,"cella",2,"CAT"
4869,"celsa",2,"CAT"
4870,"centrarà",2,"CAT"
4871,"cercar",2,"CAT"
4872,"cerdà",2,"CAT"
4873,"certificació",2,"CAT"
4874,"cervesa",2,"CAT"
4875,"cessament",2,"CAT"
4876,"charles",2,"CAT"
4877,"chen",2,"CAT"
4878,"christian",2,"CAT"
4879,"ciberatacs",2,"CAT"
4880,"ciclistes",2,"CAT"
4881,"cid",2,"CAT"
4882,"ciències",2,"CAT"
4883,"científic",2,"CAT"
4884,"científica",2,"CAT"
4885,"científics",2,"CAT"
4886,"cim",2,"CAT"
4887,"ciment",2,"CAT"
4888,"cinquanta",2,"CAT"
4889,"cinta",2,"CAT"
4890,"circulen",2,"CAT"
4891,"circumscripcions",2,"CAT"
4892,"cistell",2,"CAT"
4893,"cites",2,"CAT"
4894,"citizen",2,"CAT"
4895,"ciuró",2,"CAT"
4896,"ciutadella",2,"CAT"
4897,"cívics",2,"CAT"
4898,"claredat",2,"CAT"
4899,"clarianes",2,"CAT"
4900,"clàssiques",2,"CAT"
4901,"claudio",2,"CAT"
4902,"clavar",2,"CAT"
4903,"clima",2,"CAT"
4904,"clínica",2,"CAT"
4905,"clourà",2,"CAT"
4906,"cm",2,"CAT"
4907,"cobert",2,"CAT"
4908,"cobertes",2,"CAT"
4909,"cobertura",2,"CAT"
4910,"cobrava",2,"CAT"
4911,"cobrim",2,"CAT"
4912,"cocaïna",2,"CAT"
4913,"cocció",2,"CAT"
4914,"còctels",2,"CAT"
4915,"coe",2,"CAT"
4916,"cognitiu",2,"CAT"
4917,"coincideix",2,"CAT"
4918,"coincidien",2,"CAT"
4919,"coincidir",2,"CAT"
4920,"coinga",2,"CAT"
4921,"colla",2,"CAT"
4922,"collell",2,"CAT"
4923,"colombians",2,"CAT"
4924,"comandes",2,"CAT"
4925,"comarcal",2,"CAT"
4926,"comarcals",2,"CAT"
4927,"comares",2,"CAT"
4928,"combinar",2,"CAT"
4929,"combois",2,"CAT"
4930,"comèdia",2,"CAT"
4931,"començant",2,"CAT"
4932,"començaran",2,"CAT"
4933,"comentades",2,"CAT"
4934,"comentari",2,"CAT"
4935,"comes",2,"CAT"
4936,"còmic",2,"CAT"
4937,"comitès",2,"CAT"
4938,"comitiva",2,"CAT"
4939,"còmoda",2,"CAT"
4940,"compartim",2,"CAT"
4941,"compartint",2,"CAT"
4942,"compensació",2,"CAT"
4943,"competitius",2,"CAT"
4944,"compleixin",2,"CAT"
4945,"complements",2,"CAT"
4946,"completen",2,"CAT"
4947,"complex",2,"CAT"
4948,"complexa",2,"CAT"
4949,"complexitat",2,"CAT"
4950,"complicar",2,"CAT"
4951,"complicats",2,"CAT"
4952,"complicitat",2,"CAT"
4953,"complint",2,"CAT"
4954,"compositors",2,"CAT"
4955,"compradors",2,"CAT"
4956,"comprarà",2,"CAT"
4957,"comprendre",2,"CAT"
4958,"comprometin",2,"CAT"
4959,"comprometre",2,"CAT"
4960,"comptabilitza",2,"CAT"
4961,"comptadors",2,"CAT"
4962,"comptem",2,"CAT"
4963,"compten",2,"CAT"
4964,"comunistes",2,"CAT"
4965,"concedit",2,"CAT"
4966,"concentren",2,"CAT"
4967,"concertada",2,"CAT"
4968,"concessió",2,"CAT"
4969,"concrecions",2,"CAT"
4970,"concreta",2,"CAT"
4971,"concretat",2,"CAT"
4972,"condemna",2,"CAT"
4973,"conducta",2,"CAT"
4974,"conductes",2,"CAT"
4975,"confederació",2,"CAT"
4976,"confia",2,"CAT"
4977,"configuració",2,"CAT"
4978,"confirmen",2,"CAT"
4979,"confrontació",2,"CAT"
4980,"conjuntura",2,"CAT"
4981,"connectada",2,"CAT"
4982,"conscienciar",2,"CAT"
4983,"consecutius",2,"CAT"
4984,"conservar",2,"CAT"
4985,"conserves",2,"CAT"
4986,"considerant",2,"CAT"
4987,"considerats",2,"CAT"
4988,"considerava",2,"CAT"
4989,"consideraven",2,"CAT"
4990,"cònsol",2,"CAT"
4991,"consolidada",2,"CAT"
4992,"consolidant",2,"CAT"
4993,"consolidés",2,"CAT"
4994,"constants",2,"CAT"
4995,"constar",2,"CAT"
4996,"constata",2,"CAT"
4997,"constatat",2,"CAT"
4998,"constitució",2,"CAT"
4999,"constituir",2,"CAT"
5000,"construccions",2,"CAT"
5001,"construïda",2,"CAT"
5002,"construït",2,"CAT"
5003,"consultar",2,"CAT"
5004,"consultiu",2,"CAT"
5005,"contenciós",2,"CAT"
5006,"content",2,"CAT"
5007,"contestar",2,"CAT"
5008,"contestat",2,"CAT"
5009,"contínuament",2,"CAT"
5010,"continuarem",2,"CAT"
5011,"contractar",2,"CAT"
5012,"contraproduent",2,"CAT"
5013,"contraris",2,"CAT"
5014,"contrast",2,"CAT"
5015,"convencional",2,"CAT"
5016,"convençut",2,"CAT"
5017,"convent",2,"CAT"
5018,"convergència",2,"CAT"
5019,"converteix",2,"CAT"
5020,"convertirà",2,"CAT"
5021,"convicció",2,"CAT"
5022,"convida",2,"CAT"
5023,"convivència",2,"CAT"
5024,"convocada",2,"CAT"
5025,"convocades",2,"CAT"
5026,"convocants",2,"CAT"
5027,"convocat",2,"CAT"
5028,"convocatòries",2,"CAT"
5029,"conyac",2,"CAT"
5030,"cooper",2,"CAT"
5031,"coordinar",2,"CAT"
5032,"còpia",2,"CAT"
5033,"corredores",2,"CAT"
5034,"correspon",2,"CAT"
5035,"corresponent",2,"CAT"
5036,"correus",2,"CAT"
5037,"corroboren",2,"CAT"
5038,"cors",2,"CAT"
5039,"corts",2,"CAT"
5040,"costarà",2,"CAT"
5041,"costas",2,"CAT"
5042,"costosa",2,"CAT"
5043,"cota",2,"CAT"
5044,"creades",2,"CAT"
5045,"creadors",2,"CAT"
5046,"creant",2,"CAT"
5047,"credibilitat",2,"CAT"
5048,"crèdits",2,"CAT"
5049,"creiem",2,"CAT"
5050,"criar",2,"CAT"
5051,"crides",2,"CAT"
5052,"crisis",2,"CAT"
5053,"crist",2,"CAT"
5054,"cristians",2,"CAT"
5055,"critica",2,"CAT"
5056,"criticar",2,"CAT"
5057,"cru",2,"CAT"
5058,"csc",2,"CAT"
5059,"cuida",2,"CAT"
5060,"culpable",2,"CAT"
5061,"culpar",2,"CAT"
5062,"cúpula",2,"CAT"
5063,"cursos",2,"CAT"
5064,"da",2,"CAT"
5065,"dalmau",2,"CAT"
5066,"dany",2,"CAT"
5067,"danys",2,"CAT"
5068,"dards",2,"CAT"
5069,"darrerament",2,"CAT"
5070,"dates",2,"CAT"
5071,"db",2,"CAT"
5072,"debò",2,"CAT"
5073,"debutar",2,"CAT"
5074,"decantar",2,"CAT"
5075,"decepció",2,"CAT"
5076,"decidís",2,"CAT"
5077,"decisiu",2,"CAT"
5078,"decisiva",2,"CAT"
5079,"decretat",2,"CAT"
5080,"dedicada",2,"CAT"
5081,"dedicats",2,"CAT"
5082,"dediqui",2,"CAT"
5083,"defenses",2,"CAT"
5084,"deficiència",2,"CAT"
5085,"deficiències",2,"CAT"
5086,"definició",2,"CAT"
5087,"definitivament",2,"CAT"
5088,"defunció",2,"CAT"
5089,"deien",2,"CAT"
5090,"deixaran",2,"CAT"
5091,"deixem",2,"CAT"
5092,"deixessin",2,"CAT"
5093,"delegacions",2,"CAT"
5094,"delinqüent",2,"CAT"
5095,"demandants",2,"CAT"
5096,"demandes",2,"CAT"
5097,"demòcrata",2,"CAT"
5098,"demòcrates",2,"CAT"
5099,"democràtics",2,"CAT"
5100,"demostren",2,"CAT"
5101,"denominador",2,"CAT"
5102,"densitat",2,"CAT"
5103,"denunciava",2,"CAT"
5104,"dependències",2,"CAT"
5105,"depressió",2,"CAT"
5106,"derivada",2,"CAT"
5107,"desallotjats",2,"CAT"
5108,"desaparegut",2,"CAT"
5109,"desapareguts",2,"CAT"
5110,"descobriment",2,"CAT"
5111,"descomptat",2,"CAT"
5112,"descomptes",2,"CAT"
5113,"descomunal",2,"CAT"
5114,"descripció",2,"CAT"
5115,"descriure",2,"CAT"
5116,"descrivia",2,"CAT"
5117,"desè",2,"CAT"
5118,"desenllaç",2,"CAT"
5119,"desenvolupa",2,"CAT"
5120,"desert",2,"CAT"
5121,"desfer",2,"CAT"
5122,"desgasta",2,"CAT"
5123,"desgràcia",2,"CAT"
5124,"desig",2,"CAT"
5125,"desjudicialització",2,"CAT"
5126,"desnonament",2,"CAT"
5127,"desnonaments",2,"CAT"
5128,"desobediència",2,"CAT"
5129,"despí",2,"CAT"
5130,"desplega",2,"CAT"
5131,"desplegament",2,"CAT"
5132,"desplegar",2,"CAT"
5133,"destacades",2,"CAT"
5134,"destinades",2,"CAT"
5135,"destitució",2,"CAT"
5136,"destrucció",2,"CAT"
5137,"detalla",2,"CAT"
5138,"determinades",2,"CAT"
5139,"dgaia",2,"CAT"
5140,"di",2,"CAT"
5141,"diabetis",2,"CAT"
5142,"diables",2,"CAT"
5143,"diagnosticats",2,"CAT"
5144,"diàmetre",2,"CAT"
5145,"diària",2,"CAT"
5146,"dibuixa",2,"CAT"
5147,"dibuixat",2,"CAT"
5148,"diccionari",2,"CAT"
5149,"dietes",2,"CAT"
5150,"diferencial",2,"CAT"
5151,"diferències",2,"CAT"
5152,"difondre",2,"CAT"
5153,"difós",2,"CAT"
5154,"difusió",2,"CAT"
5155,"digna",2,"CAT"
5156,"digui",2,"CAT"
5157,"diligència",2,"CAT"
5158,"dimensió",2,"CAT"
5159,"dimensions",2,"CAT"
5160,"dinàmic",2,"CAT"
5161,"dinar",2,"CAT"
5162,"dinou",2,"CAT"
5163,"dior",2,"CAT"
5164,"diplomàcia",2,"CAT"
5165,"diplomàtic",2,"CAT"
5166,"diputació",2,"CAT"
5167,"directiu",2,"CAT"
5168,"dirigeixen",2,"CAT"
5169,"dirigides",2,"CAT"
5170,"dirigits",2,"CAT"
5171,"discapacitat",2,"CAT"
5172,"disciplines",2,"CAT"
5173,"discogràfica",2,"CAT"
5174,"discorre",2,"CAT"
5175,"discos",2,"CAT"
5176,"disfresses",2,"CAT"
5177,"disfrutar",2,"CAT"
5178,"disponibilitat",2,"CAT"
5179,"disposició",2,"CAT"
5180,"disposin",2,"CAT"
5181,"dispositius",2,"CAT"
5182,"disputa",2,"CAT"
5183,"disputen",2,"CAT"
5184,"disputes",2,"CAT"
5185,"dissenyador",2,"CAT"
5186,"dissenyat",2,"CAT"
5187,"distàncies",2,"CAT"
5188,"divulgació",2,"CAT"
5189,"docent",2,"CAT"
5190,"doctora",2,"CAT"
5191,"documents",2,"CAT"
5192,"dolços",2,"CAT"
5193,"domicili",2,"CAT"
5194,"dominant",2,"CAT"
5195,"dominar",2,"CAT"
5196,"donació",2,"CAT"
5197,"donaven",2,"CAT"
5198,"donetsk",2,"CAT"
5199,"dotar",2,"CAT"
5200,"dotzena",2,"CAT"
5201,"dr",2,"CAT"
5202,"dramàtic",2,"CAT"
5203,"dramàtica",2,"CAT"
5204,"drons",2,"CAT"
5205,"dubtar",2,"CAT"
5206,"dubtosos",2,"CAT"
5207,"duguin",2,"CAT"
5208,"duren",2,"CAT"
5209,"dures",2,"CAT"
5210,"durs",2,"CAT"
5211,"e",2,"CAT"
5212,"ecosistemes",2,"CAT"
5213,"editors",2,"CAT"
5214,"educatius",2,"CAT"
5215,"efe",2,"CAT"
5216,"efectiva",2,"CAT"
5217,"efectivament",2,"CAT"
5218,"efectivitat",2,"CAT"
5219,"eficiència",2,"CAT"
5220,"eina",2,"CAT"
5221,"eix",2,"CAT"
5222,"eixample",2,"CAT"
5223,"elaboració",2,"CAT"
5224,"elecció",2,"CAT"
5225,"elevar",2,"CAT"
5226,"eliminat",2,"CAT"
5227,"elisabet",2,"CAT"
5228,"elogis",2,"CAT"
5229,"embarcar",2,"CAT"
5230,"emergent",2,"CAT"
5231,"emet",2,"CAT"
5232,"emetrà",2,"CAT"
5233,"emfatitzat",2,"CAT"
5234,"emigrar",2,"CAT"
5235,"emili",2,"CAT"
5236,"emmarca",2,"CAT"
5237,"emmarcat",2,"CAT"
5238,"emmiralla",2,"CAT"
5239,"emoció",2,"CAT"
5240,"empadronat",2,"CAT"
5241,"empènyer",2,"CAT"
5242,"empleats",2,"CAT"
5243,"empobriment",2,"CAT"
5244,"empordà",2,"CAT"
5245,"emprar",2,"CAT"
5246,"empresarials",2,"CAT"
5247,"encallada",2,"CAT"
5248,"encants",2,"CAT"
5249,"encapçalades",2,"CAT"
5250,"encarem",2,"CAT"
5251,"encarregat",2,"CAT"
5252,"endins",2,"CAT"
5253,"endut",2,"CAT"
5254,"energètics",2,"CAT"
5255,"enfilar",2,"CAT"
5256,"enfilat",2,"CAT"
5257,"enfrontament",2,"CAT"
5258,"enfrontar",2,"CAT"
5259,"enfrontat",2,"CAT"
5260,"enfronten",2,"CAT"
5261,"engega",2,"CAT"
5262,"engloba",2,"CAT"
5263,"enllestit",2,"CAT"
5264,"enormes",2,"CAT"
5265,"enquesta",2,"CAT"
5266,"enrique",2,"CAT"
5267,"ensenya",2,"CAT"
5268,"ensenyament",2,"CAT"
5269,"entén",2,"CAT"
5270,"entorns",2,"CAT"
5271,"entramat",2,"CAT"
5272,"entrant",2,"CAT"
5273,"entraran",2,"CAT"
5274,"entrega",2,"CAT"
5275,"entrés",2,"CAT"
5276,"entrevistes",2,"CAT"
5277,"entusiasta",2,"CAT"
5278,"envaït",2,"CAT"
5279,"envelliment",2,"CAT"
5280,"envestida",2,"CAT"
5281,"envoltat",2,"CAT"
5282,"envolten",2,"CAT"
5283,"epizen",2,"CAT"
5284,"equilibri",2,"CAT"
5285,"equivaldria",2,"CAT"
5286,"equivalent",2,"CAT"
5287,"equivocat",2,"CAT"
5288,"escalada",2,"CAT"
5289,"escalar",2,"CAT"
5290,"escandinaus",2,"CAT"
5291,"escau",2,"CAT"
5292,"escèniques",2,"CAT"
5293,"esclarir",2,"CAT"
5294,"esclata",2,"CAT"
5295,"esclaus",2,"CAT"
5296,"escletxa",2,"CAT"
5297,"escòcia",2,"CAT"
5298,"escollirà",2,"CAT"
5299,"escolti",2,"CAT"
5300,"escons",2,"CAT"
5301,"escrita",2,"CAT"
5302,"escrutini",2,"CAT"
5303,"escuderia",2,"CAT"
5304,"esdevenir",2,"CAT"
5305,"esdevingui",2,"CAT"
5306,"esgotament",2,"CAT"
5307,"esgotat",2,"CAT"
5308,"eslovàquia",2,"CAT"
5309,"esmentar",2,"CAT"
5310,"esmorzar",2,"CAT"
5311,"especialista",2,"CAT"
5312,"espècie",2,"CAT"
5313,"específica",2,"CAT"
5314,"específics",2,"CAT"
5315,"espectaculars",2,"CAT"
5316,"espectre",2,"CAT"
5317,"espelmes",2,"CAT"
5318,"esperança",2,"CAT"
5319,"esperant",2,"CAT"
5320,"esperat",2,"CAT"
5321,"esperem",2,"CAT"
5322,"esperit",2,"CAT"
5323,"espero",2,"CAT"
5324,"espiant",2,"CAT"
5325,"espiar",2,"CAT"
5326,"espiat",2,"CAT"
5327,"espiral",2,"CAT"
5328,"esportius",2,"CAT"
5329,"essent",2,"CAT"
5330,"éssers",2,"CAT"
5331,"estabilització",2,"CAT"
5332,"estada",2,"CAT"
5333,"estadístiques",2,"CAT"
5334,"estalviar",2,"CAT"
5335,"estam",2,"CAT"
5336,"estatunidenca",2,"CAT"
5337,"estel",2,"CAT"
5338,"estendre",2,"CAT"
5339,"estereotips",2,"CAT"
5340,"estès",2,"CAT"
5341,"estesa",2,"CAT"
5342,"estils",2,"CAT"
5343,"estimar",2,"CAT"
5344,"estimulants",2,"CAT"
5345,"estret",2,"CAT"
5346,"estreta",2,"CAT"
5347,"estrets",2,"CAT"
5348,"estricta",2,"CAT"
5349,"estructural",2,"CAT"
5350,"estudiaran",2,"CAT"
5351,"estudiava",2,"CAT"
5352,"estufa",2,"CAT"
5353,"estupefaents",2,"CAT"
5354,"eurodiputat",2,"CAT"
5355,"euskera",2,"CAT"
5356,"evacuació",2,"CAT"
5357,"evacuades",2,"CAT"
5358,"evidencia",2,"CAT"
5359,"evidenciar",2,"CAT"
5360,"evidentment",2,"CAT"
5361,"evitat",2,"CAT"
5362,"eviten",2,"CAT"
5363,"evolucionar",2,"CAT"
5364,"exageradament",2,"CAT"
5365,"examen",2,"CAT"
5366,"excepte",2,"CAT"
5367,"excessivament",2,"CAT"
5368,"exclusió",2,"CAT"
5369,"exclusivament",2,"CAT"
5370,"exconsellers",2,"CAT"
5371,"executius",2,"CAT"
5372,"exemplars",2,"CAT"
5373,"exempta",2,"CAT"
5374,"exhaurit",2,"CAT"
5375,"exhibició",2,"CAT"
5376,"exigit",2,"CAT"
5377,"exparella",2,"CAT"
5378,"expectativa",2,"CAT"
5379,"expedient",2,"CAT"
5380,"experiències",2,"CAT"
5381,"experimental",2,"CAT"
5382,"experimentats",2,"CAT"
5383,"experimenten",2,"CAT"
5384,"explicant",2,"CAT"
5385,"explícita",2,"CAT"
5386,"explorar",2,"CAT"
5387,"explosió",2,"CAT"
5388,"explotacions",2,"CAT"
5389,"exportacions",2,"CAT"
5390,"exposicions",2,"CAT"
5391,"expressaven",2,"CAT"
5392,"expulsats",2,"CAT"
5393,"extingit",2,"CAT"
5394,"extraordinari",2,"CAT"
5395,"extreure",2,"CAT"
5396,"fabricació",2,"CAT"
5397,"fabricants",2,"CAT"
5398,"fabricar",2,"CAT"
5399,"face",2,"CAT"
5400,"facilitarà",2,"CAT"
5401,"fàcils",2,"CAT"
5402,"facturació",2,"CAT"
5403,"factures",2,"CAT"
5404,"falten",2,"CAT"
5405,"famosa",2,"CAT"
5406,"famosos",2,"CAT"
5407,"fantàstiques",2,"CAT"
5408,"faràs",2,"CAT"
5409,"farcit",2,"CAT"
5410,"faré",2,"CAT"
5411,"farem",2,"CAT"
5412,"farina",2,"CAT"
5413,"fati",2,"CAT"
5414,"fàtima",2,"CAT"
5415,"faves",2,"CAT"
5416,"favorable",2,"CAT"
5417,"fe",2,"CAT"
5418,"febles",2,"CAT"
5419,"federacions",2,"CAT"
5420,"feim",2,"CAT"
5421,"felanitx",2,"CAT"
5422,"feliç",2,"CAT"
5423,"feliu",2,"CAT"
5424,"félix",2,"CAT"
5425,"ferm",2,"CAT"
5426,"ferma",2,"CAT"
5427,"ferrater",2,"CAT"
5428,"ferré",2,"CAT"
5429,"ficció",2,"CAT"
5430,"fidel",2,"CAT"
5431,"fidelització",2,"CAT"
5432,"fidels",2,"CAT"
5433,"files",2,"CAT"
5434,"filial",2,"CAT"
5435,"filipins",2,"CAT"
5436,"filles",2,"CAT"
5437,"filmografia",2,"CAT"
5438,"films",2,"CAT"
5439,"finalitza",2,"CAT"
5440,"finca",2,"CAT"
5441,"finlandès",2,"CAT"
5442,"finlàndia",2,"CAT"
5443,"finques",2,"CAT"
5444,"firanoia",2,"CAT"
5445,"firmat",2,"CAT"
5446,"fiscals",2,"CAT"
5447,"físicament",2,"CAT"
5448,"fites",2,"CAT"
5449,"fitxa",2,"CAT"
5450,"fitxatges",2,"CAT"
5451,"fitxes",2,"CAT"
5452,"fix",2,"CAT"
5453,"fixa",2,"CAT"
5454,"fixat",2,"CAT"
5455,"flames",2,"CAT"
5456,"flandes",2,"CAT"
5457,"flor",2,"CAT"
5458,"flota",2,"CAT"
5459,"focs",2,"CAT"
5460,"fogons",2,"CAT"
5461,"fonamentalment",2,"CAT"
5462,"fontanelles",2,"CAT"
5463,"for",2,"CAT"
5464,"forestals",2,"CAT"
5465,"formarà",2,"CAT"
5466,"formatges",2,"CAT"
5467,"formentera",2,"CAT"
5468,"fórmules",2,"CAT"
5469,"fortuna",2,"CAT"
5470,"fosc",2,"CAT"
5471,"fòssils",2,"CAT"
5472,"foundation",2,"CAT"
5473,"fragilitat",2,"CAT"
5474,"franquisme",2,"CAT"
5475,"frescos",2,"CAT"
5476,"fronteres",2,"CAT"
5477,"fruita",2,"CAT"
5478,"fruites",2,"CAT"
5479,"fruits",2,"CAT"
5480,"frustració",2,"CAT"
5481,"fugida",2,"CAT"
5482,"fugir",2,"CAT"
5483,"funcional",2,"CAT"
5484,"funcionalitat",2,"CAT"
5485,"funcionant",2,"CAT"
5486,"fundar",2,"CAT"
5487,"furt",2,"CAT"
5488,"futurs",2,"CAT"
5489,"g",2,"CAT"
5490,"gaires",2,"CAT"
5491,"gal",2,"CAT"
5492,"gala",2,"CAT"
5493,"galeries",2,"CAT"
5494,"galícia",2,"CAT"
5495,"garanteix",2,"CAT"
5496,"garanteixin",2,"CAT"
5497,"garantida",2,"CAT"
5498,"garatge",2,"CAT"
5499,"garbí",2,"CAT"
5500,"garcia",2,"CAT"
5501,"garrotxa",2,"CAT"
5502,"gasoil",2,"CAT"
5503,"gasolina",2,"CAT"
5504,"gaudeix",2,"CAT"
5505,"gaudia",2,"CAT"
5506,"gaudit",2,"CAT"
5507,"geis",2,"CAT"
5508,"generalitzades",2,"CAT"
5509,"generalitzat",2,"CAT"
5510,"generalment",2,"CAT"
5511,"generarà",2,"CAT"
5512,"generation",2,"CAT"
5513,"genètica",2,"CAT"
5514,"génova",2,"CAT"
5515,"geopolítica",2,"CAT"
5516,"george",2,"CAT"
5517,"gerard",2,"CAT"
5518,"germana",2,"CAT"
5519,"germanes",2,"CAT"
5520,"gervais",2,"CAT"
5521,"gest",2,"CAT"
5522,"gestors",2,"CAT"
5523,"gil",2,"CAT"
5524,"ginecologia",2,"CAT"
5525,"gir",2,"CAT"
5526,"girar",2,"CAT"
5527,"giró",2,"CAT"
5528,"glòria",2,"CAT"
5529,"glòries",2,"CAT"
5530,"gnl",2,"CAT"
5531,"golden",2,"CAT"
5532,"gom",2,"CAT"
5533,"gomà",2,"CAT"
5534,"gómez",2,"CAT"
5535,"governa",2,"CAT"
5536,"governamentals",2,"CAT"
5537,"governança",2,"CAT"
5538,"governar",2,"CAT"
5539,"graella",2,"CAT"
5540,"grand",2,"CAT"
5541,"granet",2,"CAT"
5542,"grapat",2,"CAT"
5543,"grava",2,"CAT"
5544,"gravacions",2,"CAT"
5545,"grècia",2,"CAT"
5546,"greument",2,"CAT"
5547,"grip",2,"CAT"
5548,"gsma",2,"CAT"
5549,"guants",2,"CAT"
5550,"guanya",2,"CAT"
5551,"guanyadora",2,"CAT"
5552,"guanyadors",2,"CAT"
5553,"guardar",2,"CAT"
5554,"guasp",2,"CAT"
5555,"guia",2,"CAT"
5556,"gustavo",2,"CAT"
5557,"habilitat",2,"CAT"
5558,"harmonia",2,"CAT"
5559,"hauràs",2,"CAT"
5560,"haureu",2,"CAT"
5561,"heard",2,"CAT"
5562,"hegemonia",2,"CAT"
5563,"heroi",2,"CAT"
5564,"híbrids",2,"CAT"
5565,"higiene",2,"CAT"
5566,"hila",2,"CAT"
5567,"hipoteca",2,"CAT"
5568,"historial",2,"CAT"
5569,"històricament",2,"CAT"
5570,"hivernals",2,"CAT"
5571,"hoffman",2,"CAT"
5572,"homosexual",2,"CAT"
5573,"hong",2,"CAT"
5574,"honor",2,"CAT"
5575,"horari",2,"CAT"
5576,"hoteler",2,"CAT"
5577,"huguet",2,"CAT"
5578,"humanes",2,"CAT"
5579,"humanitari",2,"CAT"
5580,"hurt",2,"CAT"
5581,"ib3",2,"CAT"
5582,"iceberg",2,"CAT"
5583,"icònic",2,"CAT"
5584,"ideal",2,"CAT"
5585,"ideals",2,"CAT"
5586,"identificatiu",2,"CAT"
5587,"identifiquen",2,"CAT"
5588,"igi",2,"CAT"
5589,"ignasi",2,"CAT"
5590,"igualadí",2,"CAT"
5591,"igualadins",2,"CAT"
5592,"imaginació",2,"CAT"
5593,"immaterial",2,"CAT"
5594,"immediatament",2,"CAT"
5595,"immensa",2,"CAT"
5596,"immigrants",2,"CAT"
5597,"impedeix",2,"CAT"
5598,"implantar",2,"CAT"
5599,"implicats",2,"CAT"
5600,"impliquen",2,"CAT"
5601,"imponent",2,"CAT"
5602,"imposades",2,"CAT"
5603,"imposició",2,"CAT"
5604,"imprimir",2,"CAT"
5605,"improvisació",2,"CAT"
5606,"impuls",2,"CAT"
5607,"impunitat",2,"CAT"
5608,"inauguració",2,"CAT"
5609,"inaugurar",2,"CAT"
5610,"inaugurarà",2,"CAT"
5611,"incertesa",2,"CAT"
5612,"incloent",2,"CAT"
5613,"incloses",2,"CAT"
5614,"inclosos",2,"CAT"
5615,"incòmoda",2,"CAT"
5616,"incomoditat",2,"CAT"
5617,"incompatibilitat",2,"CAT"
5618,"incorporant",2,"CAT"
5619,"incorporarà",2,"CAT"
5620,"incorporen",2,"CAT"
5621,"incrementa",2,"CAT"
5622,"incrementarà",2,"CAT"
5623,"indefinit",2,"CAT"
5624,"indefinits",2,"CAT"
5625,"indemnització",2,"CAT"
5626,"independents",2,"CAT"
5627,"indici",2,"CAT"
5628,"indignat",2,"CAT"
5629,"indiquen",2,"CAT"
5630,"individualment",2,"CAT"
5631,"indults",2,"CAT"
5632,"industrial",2,"CAT"
5633,"ine",2,"CAT"
5634,"inèdit",2,"CAT"
5635,"inestabilitat",2,"CAT"
5636,"infectat",2,"CAT"
5637,"infermeres",2,"CAT"
5638,"infermeria",2,"CAT"
5639,"infern",2,"CAT"
5640,"inflable",2,"CAT"
5641,"influència",2,"CAT"
5642,"informar",2,"CAT"
5643,"informàtic",2,"CAT"
5644,"informativa",2,"CAT"
5645,"informatives",2,"CAT"
5646,"ingredients",2,"CAT"
5647,"ingrés",2,"CAT"
5648,"inicia",2,"CAT"
5649,"inicials",2,"CAT"
5650,"innocència",2,"CAT"
5651,"inquilí",2,"CAT"
5652,"inscripció",2,"CAT"
5653,"insectes",2,"CAT"
5654,"insostenible",2,"CAT"
5655,"inspecció",2,"CAT"
5656,"inspector",2,"CAT"
5657,"institucionals",2,"CAT"
5658,"instrument",2,"CAT"
5659,"instrumental",2,"CAT"
5660,"integra",2,"CAT"
5661,"íntegrament",2,"CAT"
5662,"integrants",2,"CAT"
5663,"integrar",2,"CAT"
5664,"integrat",2,"CAT"
5665,"intens",2,"CAT"
5666,"intensiu",2,"CAT"
5667,"intensos",2,"CAT"
5668,"intentaran",2,"CAT"
5669,"interanual",2,"CAT"
5670,"interanuals",2,"CAT"
5671,"intercanviar",2,"CAT"
5672,"interins",2,"CAT"
5673,"internacionalització",2,"CAT"
5674,"interns",2,"CAT"
5675,"interpretarà",2,"CAT"
5676,"interpretava",2,"CAT"
5677,"interrompre",2,"CAT"
5678,"interromput",2,"CAT"
5679,"intersindical",2,"CAT"
5680,"interurbana",2,"CAT"
5681,"intervé",2,"CAT"
5682,"intervenir",2,"CAT"
5683,"intervingut",2,"CAT"
5684,"intimidació",2,"CAT"
5685,"invertit",2,"CAT"
5686,"investiga",2,"CAT"
5687,"investigat",2,"CAT"
5688,"investiguen",2,"CAT"
5689,"inviable",2,"CAT"
5690,"ipc",2,"CAT"
5691,"iphone",2,"CAT"
5692,"iranià",2,"CAT"
5693,"irlandesa",2,"CAT"
5694,"ironia",2,"CAT"
5695,"irregularitats",2,"CAT"
5696,"irregulars",2,"CAT"
5697,"israeliana",2,"CAT"
5698,"istanbul",2,"CAT"
5699,"jardins",2,"CAT"
5700,"javier",2,"CAT"
5701,"jazz",2,"CAT"
5702,"jean",2,"CAT"
5703,"jen",2,"CAT"
5704,"jens",2,"CAT"
5705,"jesús",2,"CAT"
5706,"jinping",2,"CAT"
5707,"joel",2,"CAT"
5708,"jong",2,"CAT"
5709,"jovent",2,"CAT"
5710,"jubilació",2,"CAT"
5711,"jubilats",2,"CAT"
5712,"jugava",2,"CAT"
5713,"juguen",2,"CAT"
5714,"julià",2,"CAT"
5715,"juntes",2,"CAT"
5716,"jurat",2,"CAT"
5717,"jurídic",2,"CAT"
5718,"jurídiques",2,"CAT"
5719,"jutjada",2,"CAT"
5720,"jutjar",2,"CAT"
5721,"jutjats",2,"CAT"
5722,"juvenils",2,"CAT"
5723,"juventus",2,"CAT"
5724,"khàrkiv",2,"CAT"
5725,"kong",2,"CAT"
5726,"kravitz",2,"CAT"
5727,"kw",2,"CAT"
5728,"lab",2,"CAT"
5729,"laboradora",2,"CAT"
5730,"lagarde",2,"CAT"
5731,"lambán",2,"CAT"
5732,"lamentar",2,"CAT"
5733,"lant",2,"CAT"
5734,"lea",2,"CAT"
5735,"led",2,"CAT"
5736,"legalitat",2,"CAT"
5737,"legals",2,"CAT"
5738,"legar",2,"CAT"
5739,"legiat",2,"CAT"
5740,"legislativa",2,"CAT"
5741,"lel",2,"CAT"
5742,"lela",2,"CAT"
5743,"lemes",2,"CAT"
5744,"lenta",2,"CAT"
5745,"leo",2,"CAT"
5746,"lèrgics",2,"CAT"
5747,"lesió",2,"CAT"
5748,"lesions",2,"CAT"
5749,"liceo",2,"CAT"
5750,"licista",2,"CAT"
5751,"licitar",2,"CAT"
5752,"licitat",2,"CAT"
5753,"licitud",2,"CAT"
5754,"liderada",2,"CAT"
5755,"lieja",2,"CAT"
5756,"ligent",2,"CAT"
5757,"liles",2,"CAT"
5758,"limitar",2,"CAT"
5759,"linització",2,"CAT"
5760,"liquidació",2,"CAT"
5761,"lit",2,"CAT"
5762,"literari",2,"CAT"
5763,"literària",2,"CAT"
5764,"literàries",2,"CAT"
5765,"litres",2,"CAT"
5766,"lituània",2,"CAT"
5767,"llança",2,"CAT"
5768,"llarena",2,"CAT"
5769,"llaunes",2,"CAT"
5770,"llegendes",2,"CAT"
5771,"llegia",2,"CAT"
5772,"llegint",2,"CAT"
5773,"llegit",2,"CAT"
5774,"llegums",2,"CAT"
5775,"llenguatge",2,"CAT"
5776,"llengües",2,"CAT"
5777,"lligams",2,"CAT"
5778,"llits",2,"CAT"
5779,"lliurar",2,"CAT"
5780,"llobregat",2,"CAT"
5781,"llop",2,"CAT"
5782,"llorenç",2,"CAT"
5783,"lloret",2,"CAT"
5784,"lluir",2,"CAT"
5785,"lluites",2,"CAT"
5786,"llurs",2,"CAT"
5787,"lobo",2,"CAT"
5788,"localitzats",2,"CAT"
5789,"logotip",2,"CAT"
5790,"longeva",2,"CAT"
5791,"loqueu",2,"CAT"
5792,"loqui",2,"CAT"
5793,"lozano",2,"CAT"
5794,"lugansk",2,"CAT"
5795,"luxemburg",2,"CAT"
5796,"maçanet",2,"CAT"
5797,"macron",2,"CAT"
5798,"madrilenya",2,"CAT"
5799,"mag",2,"CAT"
5800,"magatzems",2,"CAT"
5801,"màgia",2,"CAT"
5802,"màgic",2,"CAT"
5803,"maite",2,"CAT"
5804,"majories",2,"CAT"
5805,"majoritari",2,"CAT"
5806,"malàisia",2,"CAT"
5807,"maldecap",2,"CAT"
5808,"males",2,"CAT"
5809,"malondra",2,"CAT"
5810,"mals",2,"CAT"
5811,"malta",2,"CAT"
5812,"mandatari",2,"CAT"
5813,"mandi",2,"CAT"
5814,"mànega",2,"CAT"
5815,"manel",2,"CAT"
5816,"manifesta",2,"CAT"
5817,"manipular",2,"CAT"
5818,"manlleu",2,"CAT"
5819,"mantenia",2,"CAT"
5820,"mantindrà",2,"CAT"
5821,"marcarà",2,"CAT"
5822,"marcava",2,"CAT"
5823,"maría",2,"CAT"
5824,"marit",2,"CAT"
5825,"marítim",2,"CAT"
5826,"marlaska",2,"CAT"
5827,"maror",2,"CAT"
5828,"marratxí",2,"CAT"
5829,"marroquina",2,"CAT"
5830,"martin",2,"CAT"
5831,"martorell",2,"CAT"
5832,"marxandatge",2,"CAT"
5833,"marxat",2,"CAT"
5834,"mascaretes",2,"CAT"
5835,"masclista",2,"CAT"
5836,"mascota",2,"CAT"
5837,"massana",2,"CAT"
5838,"màsters",2,"CAT"
5839,"matalàs",2,"CAT"
5840,"mataró",2,"CAT"
5841,"matat",2,"CAT"
5842,"matèries",2,"CAT"
5843,"matins",2,"CAT"
5844,"matisar",2,"CAT"
5845,"matrimoni",2,"CAT"
5846,"mauthausen",2,"CAT"
5847,"mcdonald",2,"CAT"
5848,"medalla",2,"CAT"
5849,"medalles",2,"CAT"
5850,"mediambiental",2,"CAT"
5851,"mediàtica",2,"CAT"
5852,"mèdica",2,"CAT"
5853,"medicaments",2,"CAT"
5854,"mediterrània",2,"CAT"
5855,"mel",2,"CAT"
5856,"melodies",2,"CAT"
5857,"meloni",2,"CAT"
5858,"menjador",2,"CAT"
5859,"menstrual",2,"CAT"
5860,"mensual",2,"CAT"
5861,"mensuals",2,"CAT"
5862,"mentida",2,"CAT"
5863,"menuts",2,"CAT"
5864,"meravellós",2,"CAT"
5865,"mercaderia",2,"CAT"
5866,"mercedes",2,"CAT"
5867,"merda",2,"CAT"
5868,"mereix",2,"CAT"
5869,"meridiana",2,"CAT"
5870,"mestre",2,"CAT"
5871,"mesurar",2,"CAT"
5872,"meta",2,"CAT"
5873,"meteorològic",2,"CAT"
5874,"metges",2,"CAT"
5875,"metre",2,"CAT"
5876,"metro",2,"CAT"
5877,"metropolità",2,"CAT"
5878,"microxips",2,"CAT"
5879,"miguel",2,"CAT"
5880,"mines",2,"CAT"
5881,"mínimament",2,"CAT"
5882,"mínimes",2,"CAT"
5883,"miracle",2,"CAT"
5884,"mirant",2,"CAT"
5885,"mireia",2,"CAT"
5886,"missatger",2,"CAT"
5887,"mitges",2,"CAT"
5888,"mobilitzacions",2,"CAT"
5889,"modalitat",2,"CAT"
5890,"moderació",2,"CAT"
5891,"moderna",2,"CAT"
5892,"mogut",2,"CAT"
5893,"monestir",2,"CAT"
5894,"monòleg",2,"CAT"
5895,"montaigne",2,"CAT"
5896,"montse",2,"CAT"
5897,"monuments",2,"CAT"
5898,"morabanc",2,"CAT"
5899,"morad",2,"CAT"
5900,"morals",2,"CAT"
5901,"morint",2,"CAT"
5902,"moro",2,"CAT"
5903,"moros",2,"CAT"
5904,"morta",2,"CAT"
5905,"mortal",2,"CAT"
5906,"mostres",2,"CAT"
5907,"motivar",2,"CAT"
5908,"moto",2,"CAT"
5909,"motos",2,"CAT"
5910,"mou",2,"CAT"
5911,"moviments",2,"CAT"
5912,"multes",2,"CAT"
5913,"multiplicar",2,"CAT"
5914,"multisectorial",2,"CAT"
5915,"multitud",2,"CAT"
5916,"mundials",2,"CAT"
5917,"murcià",2,"CAT"
5918,"murs",2,"CAT"
5919,"museus",2,"CAT"
5920,"musicals",2,"CAT"
5921,"musk",2,"CAT"
5922,"mutilació",2,"CAT"
5923,"nadó",2,"CAT"
5924,"narcís",2,"CAT"
5925,"narratiu",2,"CAT"
5926,"narrativa",2,"CAT"
5927,"nascuda",2,"CAT"
5928,"national",2,"CAT"
5929,"naturalesa",2,"CAT"
5930,"nature",2,"CAT"
5931,"nau",2,"CAT"
5932,"navalla",2,"CAT"
5933,"navarra",2,"CAT"
5934,"navarro",2,"CAT"
5935,"nazisme",2,"CAT"
5936,"necessitem",2,"CAT"
5937,"necessites",2,"CAT"
5938,"necessito",2,"CAT"
5939,"negatiu",2,"CAT"
5940,"negociat",2,"CAT"
5941,"neguen",2,"CAT"
5942,"nena",2,"CAT"
5943,"nenes",2,"CAT"
5944,"neteja",2,"CAT"
5945,"netejar",2,"CAT"
5946,"neurobiòleg",2,"CAT"
5947,"neutralitat",2,"CAT"
5948,"next",2,"CAT"
5949,"neymar",2,"CAT"
5950,"niguls",2,"CAT"
5951,"nines",2,"CAT"
5952,"nombroses",2,"CAT"
5953,"nomenar",2,"CAT"
5954,"normatives",2,"CAT"
5955,"notable",2,"CAT"
5956,"notificar",2,"CAT"
5957,"notificat",2,"CAT"
5958,"notòria",2,"CAT"
5959,"nouvinguts",2,"CAT"
5960,"nso",2,"CAT"
5961,"nu",2,"CAT"
5962,"nul",2,"CAT"
5963,"obligar",2,"CAT"
5964,"observar",2,"CAT"
5965,"obstetrícia",2,"CAT"
5966,"occidentals",2,"CAT"
5967,"ocorregut",2,"CAT"
5968,"ocupacions",2,"CAT"
5969,"ocupant",2,"CAT"
5970,"ocupats",2,"CAT"
5971,"odessa",2,"CAT"
5972,"oferia",2,"CAT"
5973,"oferint",2,"CAT"
5974,"oficialista",2,"CAT"
5975,"oficines",2,"CAT"
5976,"oients",2,"CAT"
5977,"oli",2,"CAT"
5978,"olímpica",2,"CAT"
5979,"olla",2,"CAT"
5980,"olot",2,"CAT"
5981,"òmicron",2,"CAT"
5982,"omplert",2,"CAT"
5983,"oms",2,"CAT"
5984,"online",2,"CAT"
5985,"onu",2,"CAT"
5986,"operadors",2,"CAT"
5987,"operen",2,"CAT"
5988,"opinar",2,"CAT"
5989,"opinat",2,"CAT"
5990,"oportunitats",2,"CAT"
5991,"oposar",2,"CAT"
5992,"oposat",2,"CAT"
5993,"oposats",2,"CAT"
5994,"optar",2,"CAT"
5995,"optimisme",2,"CAT"
5996,"optimista",2,"CAT"
5997,"orbán",2,"CAT"
5998,"òrbita",2,"CAT"
5999,"ordenació",2,"CAT"
6000,"ordenar",2,"CAT"
6001,"ordenat",2,"CAT"
6002,"ordinari",2,"CAT"
6003,"ordino",2,"CAT"
6004,"orient",2,"CAT"
6005,"orquestra",2,"CAT"
6006,"oscil",2,"CAT"
6007,"ou",2,"CAT"
6008,"ovelles",2,"CAT"
6009,"ovulació",2,"CAT"
6010,"pacient",2,"CAT"
6011,"pactes",2,"CAT"
6012,"pagesos",2,"CAT"
6013,"pàgines",2,"CAT"
6014,"paguem",2,"CAT"
6015,"paisatgística",2,"CAT"
6016,"pal",2,"CAT"
6017,"palace",2,"CAT"
6018,"palanca",2,"CAT"
6019,"palestina",2,"CAT"
6020,"palmer",2,"CAT"
6021,"pandèmica",2,"CAT"
6022,"paola",2,"CAT"
6023,"papallona",2,"CAT"
6024,"papers",2,"CAT"
6025,"parada",2,"CAT"
6026,"parat",2,"CAT"
6027,"parcials",2,"CAT"
6028,"pària",2,"CAT"
6029,"parlamentari",2,"CAT"
6030,"parlamentàries",2,"CAT"
6031,"participa",2,"CAT"
6032,"participen",2,"CAT"
6033,"pasqua",2,"CAT"
6034,"passades",2,"CAT"
6035,"passaria",2,"CAT"
6036,"passarien",2,"CAT"
6037,"passaven",2,"CAT"
6038,"passes",2,"CAT"
6039,"passin",2,"CAT"
6040,"passió",2,"CAT"
6041,"pasta",2,"CAT"
6042,"pastís",2,"CAT"
6043,"pastor",2,"CAT"
6044,"patata",2,"CAT"
6045,"patinatge",2,"CAT"
6046,"patologies",2,"CAT"
6047,"pàtria",2,"CAT"
6048,"patriòtica",2,"CAT"
6049,"patrons",2,"CAT"
6050,"patrulla",2,"CAT"
6051,"pcr",2,"CAT"
6052,"pellicer",2,"CAT"
6053,"penals",2,"CAT"
6054,"pensada",2,"CAT"
6055,"pensat",2,"CAT"
6056,"pensaven",2,"CAT"
6057,"pensen",2,"CAT"
6058,"penses",2,"CAT"
6059,"pensions",2,"CAT"
6060,"penso",2,"CAT"
6061,"pep",2,"CAT"
6062,"percebut",2,"CAT"
6063,"perdin",2,"CAT"
6064,"perdran",2,"CAT"
6065,"perfecció",2,"CAT"
6066,"perfectament",2,"CAT"
6067,"perfecte",2,"CAT"
6068,"perillós",2,"CAT"
6069,"perilloses",2,"CAT"
6070,"perillosos",2,"CAT"
6071,"periodisme",2,"CAT"
6072,"permetran",2,"CAT"
6073,"perpinyà",2,"CAT"
6074,"persecució",2,"CAT"
6075,"perseguits",2,"CAT"
6076,"personalitat",2,"CAT"
6077,"pertany",2,"CAT"
6078,"pertinença",2,"CAT"
6079,"pertot",2,"CAT"
6080,"pesar",2,"CAT"
6081,"pescadors",2,"CAT"
6082,"pessetes",2,"CAT"
6083,"philippe",2,"CAT"
6084,"piano",2,"CAT"
6085,"pib",2,"CAT"
6086,"picades",2,"CAT"
6087,"picat",2,"CAT"
6088,"pico",2,"CAT"
6089,"piles",2,"CAT"
6090,"pilotes",2,"CAT"
6091,"pineda",2,"CAT"
6092,"pinya",2,"CAT"
6093,"pionera",2,"CAT"
6094,"piqué",2,"CAT"
6095,"pitjors",2,"CAT"
6096,"pitt",2,"CAT"
6097,"piulada",2,"CAT"
6098,"piulades",2,"CAT"
6099,"pjanic",2,"CAT"
6100,"placa",2,"CAT"
6101,"plagues",2,"CAT"
6102,"plana",2,"CAT"
6103,"planejament",2,"CAT"
6104,"planetes",2,"CAT"
6105,"plantacions",2,"CAT"
6106,"plantar",2,"CAT"
6107,"plantejaments",2,"CAT"
6108,"plantejat",2,"CAT"
6109,"plaques",2,"CAT"
6110,"plats",2,"CAT"
6111,"plegats",2,"CAT"
6112,"plens",2,"CAT"
6113,"pnb",2,"CAT"
6114,"pobla",2,"CAT"
6115,"poblacional",2,"CAT"
6116,"poblat",2,"CAT"
6117,"poblet",2,"CAT"
6118,"pobre",2,"CAT"
6119,"poda",2,"CAT"
6120,"poguessin",2,"CAT"
6121,"poliesportiu",2,"CAT"
6122,"polivalents",2,"CAT"
6123,"polseres",2,"CAT"
6124,"polvorí",2,"CAT"
6125,"ponent",2,"CAT"
6126,"pons",2,"CAT"
6127,"ponsatí",2,"CAT"
6128,"pop",2,"CAT"
6129,"popularitat",2,"CAT"
6130,"populisme",2,"CAT"
6131,"poques",2,"CAT"
6132,"pors",2,"CAT"
6133,"portada",2,"CAT"
6134,"portadors",2,"CAT"
6135,"portarà",2,"CAT"
6136,"portem",2,"CAT"
6137,"porteria",2,"CAT"
6138,"portocolom",2,"CAT"
6139,"portuària",2,"CAT"
6140,"posarà",2,"CAT"
6141,"posicionament",2,"CAT"
6142,"posin",2,"CAT"
6143,"posterioritat",2,"CAT"
6144,"posteriorment",2,"CAT"
6145,"potència",2,"CAT"
6146,"potenciar",2,"CAT"
6147,"potents",2,"CAT"
6148,"ppe",2,"CAT"
6149,"precari",2,"CAT"
6150,"precarietat",2,"CAT"
6151,"precedent",2,"CAT"
6152,"precipitació",2,"CAT"
6153,"precisió",2,"CAT"
6154,"preferent",2,"CAT"
6155,"preguntava",2,"CAT"
6156,"prendrà",2,"CAT"
6157,"prenen",2,"CAT"
6158,"preocupacions",2,"CAT"
6159,"preparació",2,"CAT"
6160,"preparades",2,"CAT"
6161,"preparen",2,"CAT"
6162,"prescindir",2,"CAT"
6163,"presentaran",2,"CAT"
6164,"presenten",2,"CAT"
6165,"presenti",2,"CAT"
6166,"presentin",2,"CAT"
6167,"presidencials",2,"CAT"
6168,"presidents",2,"CAT"
6169,"presidit",2,"CAT"
6170,"pressa",2,"CAT"
6171,"pressupostari",2,"CAT"
6172,"prestatges",2,"CAT"
6173,"préstec",2,"CAT"
6174,"préstecs",2,"CAT"
6175,"prestigi",2,"CAT"
6176,"presumptament",2,"CAT"
6177,"pretemporada",2,"CAT"
6178,"pretenen",2,"CAT"
6179,"pretext",2,"CAT"
6180,"preventiva",2,"CAT"
6181,"previs",2,"CAT"
6182,"previsions",2,"CAT"
6183,"prima",2,"CAT"
6184,"primordial",2,"CAT"
6185,"princesa",2,"CAT"
6186,"prioritat",2,"CAT"
6187,"privada",2,"CAT"
6188,"privades",2,"CAT"
6189,"privat",2,"CAT"
6190,"probablement",2,"CAT"
6191,"procedència",2,"CAT"
6192,"procediments",2,"CAT"
6193,"procedir",2,"CAT"
6194,"processats",2,"CAT"
6195,"productor",2,"CAT"
6196,"productores",2,"CAT"
6197,"professions",2,"CAT"
6198,"professora",2,"CAT"
6199,"profundament",2,"CAT"
6200,"programar",2,"CAT"
6201,"progressiva",2,"CAT"
6202,"prohens",2,"CAT"
6203,"prohibir",2,"CAT"
6204,"projecció",2,"CAT"
6205,"promocions",2,"CAT"
6206,"promou",2,"CAT"
6207,"pronuncia",2,"CAT"
6208,"pronunciat",2,"CAT"
6209,"propagació",2,"CAT"
6210,"properes",2,"CAT"
6211,"propici",2,"CAT"
6212,"propietaris",2,"CAT"
6213,"proporció",2,"CAT"
6214,"proporcionar",2,"CAT"
6215,"proposarà",2,"CAT"
6216,"proposició",2,"CAT"
6217,"prostitució",2,"CAT"
6218,"protagonitzat",2,"CAT"
6219,"protegits",2,"CAT"
6220,"protocols",2,"CAT"
6221,"provença",2,"CAT"
6222,"provisional",2,"CAT"
6223,"provocades",2,"CAT"
6224,"przemysl",2,"CAT"
6225,"psicòloga",2,"CAT"
6226,"psicològiques",2,"CAT"
6227,"públicament",2,"CAT"
6228,"publicats",2,"CAT"
6229,"publicista",2,"CAT"
6230,"puigneró",2,"CAT"
6231,"pujant",2,"CAT"
6232,"puntualment",2,"CAT"
6233,"puntuals",2,"CAT"
6234,"punxades",2,"CAT"
6235,"purament",2,"CAT"
6236,"putellas",2,"CAT"
6237,"pyrénées",2,"CAT"
6238,"quadrar",2,"CAT"
6239,"qualificació",2,"CAT"
6240,"qualificada",2,"CAT"
6241,"quantitats",2,"CAT"
6242,"quarantena",2,"CAT"
6243,"quartet",2,"CAT"
6244,"quebec",2,"CAT"
6245,"quedava",2,"CAT"
6246,"quedés",2,"CAT"
6247,"quedi",2,"CAT"
6248,"quedo",2,"CAT"
6249,"queixa",2,"CAT"
6250,"queixen",2,"CAT"
6251,"quim",2,"CAT"
6252,"quirze",2,"CAT"
6253,"ràbia",2,"CAT"
6254,"racions",2,"CAT"
6255,"radial",2,"CAT"
6256,"rafa",2,"CAT"
6257,"rafael",2,"CAT"
6258,"ramader",2,"CAT"
6259,"ramats",2,"CAT"
6260,"ramon",2,"CAT"
6261,"rànquings",2,"CAT"
6262,"raper",2,"CAT"
6263,"rapidesa",2,"CAT"
6264,"ratificat",2,"CAT"
6265,"rayo",2,"CAT"
6266,"reaccionar",2,"CAT"
6267,"realitzada",2,"CAT"
6268,"realitzant",2,"CAT"
6269,"realitzarà",2,"CAT"
6270,"rearmament",2,"CAT"
6271,"rebent",2,"CAT"
6272,"reblat",2,"CAT"
6273,"rebot",2,"CAT"
6274,"rebudes",2,"CAT"
6275,"rebutjar",2,"CAT"
6276,"reciclat",2,"CAT"
6277,"reclamada",2,"CAT"
6278,"recollint",2,"CAT"
6279,"recollits",2,"CAT"
6280,"recomanació",2,"CAT"
6281,"recomanar",2,"CAT"
6282,"recompte",2,"CAT"
6283,"reconegudes",2,"CAT"
6284,"reconeixements",2,"CAT"
6285,"reconstrucció",2,"CAT"
6286,"recordem",2,"CAT"
6287,"recordo",2,"CAT"
6288,"recorre",2,"CAT"
6289,"rector",2,"CAT"
6290,"recullen",2,"CAT"
6291,"recuperarà",2,"CAT"
6292,"red",2,"CAT"
6293,"redacció",2,"CAT"
6294,"redueix",2,"CAT"
6295,"reduïda",2,"CAT"
6296,"reflectir",2,"CAT"
6297,"reflexiona",2,"CAT"
6298,"reformar",2,"CAT"
6299,"refugiades",2,"CAT"
6300,"regasificació",2,"CAT"
6301,"regeix",2,"CAT"
6302,"registrats",2,"CAT"
6303,"regulat",2,"CAT"
6304,"reig",2,"CAT"
6305,"relacionar",2,"CAT"
6306,"relacionats",2,"CAT"
6307,"religioses",2,"CAT"
6308,"rellevants",2,"CAT"
6309,"remodelació",2,"CAT"
6310,"remuntada",2,"CAT"
6311,"rendibilitat",2,"CAT"
6312,"renovarà",2,"CAT"
6313,"renuncia",2,"CAT"
6314,"renúncia",2,"CAT"
6315,"renunciat",2,"CAT"
6316,"reobrir",2,"CAT"
6317,"repartiment",2,"CAT"
6318,"repartit",2,"CAT"
6319,"repercussió",2,"CAT"
6320,"repercuteix",2,"CAT"
6321,"repeteix",2,"CAT"
6322,"repeteixen",2,"CAT"
6323,"repetit",2,"CAT"
6324,"replantejar",2,"CAT"
6325,"reposició",2,"CAT"
6326,"reprendran",2,"CAT"
6327,"representarà",2,"CAT"
6328,"representat",2,"CAT"
6329,"reproducció",2,"CAT"
6330,"republicà",2,"CAT"
6331,"republicana",2,"CAT"
6332,"reputació",2,"CAT"
6333,"requerir",2,"CAT"
6334,"rescat",2,"CAT"
6335,"rescatar",2,"CAT"
6336,"reservat",2,"CAT"
6337,"reservats",2,"CAT"
6338,"residències",2,"CAT"
6339,"resolgui",2,"CAT"
6340,"resolució",2,"CAT"
6341,"respectius",2,"CAT"
6342,"respostes",2,"CAT"
6343,"ressalta",2,"CAT"
6344,"ressò",2,"CAT"
6345,"restants",2,"CAT"
6346,"resultar",2,"CAT"
6347,"resumeix",2,"CAT"
6348,"retallades",2,"CAT"
6349,"retencions",2,"CAT"
6350,"retireu",2,"CAT"
6351,"retolador",2,"CAT"
6352,"retransmissió",2,"CAT"
6353,"retret",2,"CAT"
6354,"retribucions",2,"CAT"
6355,"reunits",2,"CAT"
6356,"revelació",2,"CAT"
6357,"reviure",2,"CAT"
6358,"rfef",2,"CAT"
6359,"riba",2,"CAT"
6360,"ribas",2,"CAT"
6361,"ric",2,"CAT"
6362,"riera",2,"CAT"
6363,"rígida",2,"CAT"
6364,"rigoberta",2,"CAT"
6365,"ripoll",2,"CAT"
6366,"riquesa",2,"CAT"
6367,"ritmes",2,"CAT"
6368,"riure",2,"CAT"
6369,"rival",2,"CAT"
6370,"rivals",2,"CAT"
6371,"rivera",2,"CAT"
6372,"rna",2,"CAT"
6373,"robar",2,"CAT"
6374,"robatoris",2,"CAT"
6375,"rodar",2,"CAT"
6376,"rodat",2,"CAT"
6377,"rodatge",2,"CAT"
6378,"rodona",2,"CAT"
6379,"roger",2,"CAT"
6380,"roig",2,"CAT"
6381,"roja",2,"CAT"
6382,"roldán",2,"CAT"
6383,"roman",2,"CAT"
6384,"romana",2,"CAT"
6385,"romànica",2,"CAT"
6386,"rosa",2,"CAT"
6387,"rosalía",2,"CAT"
6388,"rosario",2,"CAT"
6389,"rubí",2,"CAT"
6390,"rumb",2,"CAT"
6391,"ruptura",2,"CAT"
6392,"ruscalleda",2,"CAT"
6393,"rutina",2,"CAT"
6394,"sabata",2,"CAT"
6395,"sabater",2,"CAT"
6396,"saldo",2,"CAT"
6397,"salons",2,"CAT"
6398,"salsa",2,"CAT"
6399,"salts",2,"CAT"
6400,"salvador",2,"CAT"
6401,"salvatge",2,"CAT"
6402,"salzburg",2,"CAT"
6403,"sam",2,"CAT"
6404,"sana",2,"CAT"
6405,"sànchez",2,"CAT"
6406,"sanció",2,"CAT"
6407,"sandra",2,"CAT"
6408,"sanitat",2,"CAT"
6409,"sants",2,"CAT"
6410,"sapiens",2,"CAT"
6411,"sastre",2,"CAT"
6412,"satèl",2,"CAT"
6413,"satisfets",2,"CAT"
6414,"saturació",2,"CAT"
6415,"sé",2,"CAT"
6416,"secreta",2,"CAT"
6417,"secrets",2,"CAT"
6418,"secs",2,"CAT"
6419,"sectorials",2,"CAT"
6420,"seducció",2,"CAT"
6421,"segell",2,"CAT"
6422,"segones",2,"CAT"
6423,"segrià",2,"CAT"
6424,"seguits",2,"CAT"
6425,"seient",2,"CAT"
6426,"seixanta",2,"CAT"
6427,"selectius",2,"CAT"
6428,"selectiva",2,"CAT"
6429,"semblant",2,"CAT"
6430,"semblants",2,"CAT"
6431,"semblar",2,"CAT"
6432,"semblaven",2,"CAT"
6433,"sembrar",2,"CAT"
6434,"sembrats",2,"CAT"
6435,"semifinal",2,"CAT"
6436,"sensibles",2,"CAT"
6437,"sentien",2,"CAT"
6438,"sentimental",2,"CAT"
6439,"sents",2,"CAT"
6440,"senzill",2,"CAT"
6441,"separar",2,"CAT"
6442,"separats",2,"CAT"
6443,"seqüència",2,"CAT"
6444,"sergi",2,"CAT"
6445,"series",2,"CAT"
6446,"servidor",2,"CAT"
6447,"servirà",2,"CAT"
6448,"ses",2,"CAT"
6449,"setanta",2,"CAT"
6450,"setmanals",2,"CAT"
6451,"sexualment",2,"CAT"
6452,"siga",2,"CAT"
6453,"significar",2,"CAT"
6454,"silvia",2,"CAT"
6455,"simbòlica",2,"CAT"
6456,"simbologia",2,"CAT"
6457,"simenon",2,"CAT"
6458,"simfònica",2,"CAT"
6459,"simplement",2,"CAT"
6460,"simplificat",2,"CAT"
6461,"simulacres",2,"CAT"
6462,"sindicalista",2,"CAT"
6463,"sindicals",2,"CAT"
6464,"síndrome",2,"CAT"
6465,"singularitat",2,"CAT"
6466,"sistemes",2,"CAT"
6467,"sistèmics",2,"CAT"
6468,"situades",2,"CAT"
6469,"situava",2,"CAT"
6470,"situen",2,"CAT"
6471,"smith",2,"CAT"
6472,"sobirania",2,"CAT"
6473,"sobiranistes",2,"CAT"
6474,"sóc",2,"CAT"
6475,"soci",2,"CAT"
6476,"socialitzar",2,"CAT"
6477,"soldat",2,"CAT"
6478,"soldevila",2,"CAT"
6479,"solemnitat",2,"CAT"
6480,"soles",2,"CAT"
6481,"solidaris",2,"CAT"
6482,"sonaven",2,"CAT"
6483,"sonda",2,"CAT"
6484,"sonora",2,"CAT"
6485,"soprano",2,"CAT"
6486,"sortint",2,"CAT"
6487,"sortints",2,"CAT"
6488,"sostingut",2,"CAT"
6489,"sostre",2,"CAT"
6490,"sotmetrà",2,"CAT"
6491,"sotmetre",2,"CAT"
6492,"sound",2,"CAT"
6493,"sous",2,"CAT"
6494,"stop",2,"CAT"
6495,"sturgeon",2,"CAT"
6496,"subsidi",2,"CAT"
6497,"substancial",2,"CAT"
6498,"substitueix",2,"CAT"
6499,"subvenció",2,"CAT"
6500,"suïcidi",2,"CAT"
6501,"superilles",2,"CAT"
6502,"supervisors",2,"CAT"
6503,"suposar",2,"CAT"
6504,"suposen",2,"CAT"
6505,"supòsits",2,"CAT"
6506,"surti",2,"CAT"
6507,"susceptibles",2,"CAT"
6508,"suspèn",2,"CAT"
6509,"suspesa",2,"CAT"
6510,"suzuki",2,"CAT"
6511,"tabac",2,"CAT"
6512,"taiwan",2,"CAT"
6513,"talibans",2,"CAT"
6514,"tallar",2,"CAT"
6515,"tancada",2,"CAT"
6516,"tanmateix",2,"CAT"
6517,"tanta",2,"CAT"
6518,"tapar",2,"CAT"
6519,"tapat",2,"CAT"
6520,"tarannà",2,"CAT"
6521,"tassa",2,"CAT"
6522,"tauró",2,"CAT"
6523,"taxi",2,"CAT"
6524,"teatrals",2,"CAT"
6525,"tècnicament",2,"CAT"
6526,"tècniques",2,"CAT"
6527,"tecnològics",2,"CAT"
6528,"teixir",2,"CAT"
6529,"tele",2,"CAT"
6530,"telecom",2,"CAT"
6531,"telefonia",2,"CAT"
6532,"telèfons",2,"CAT"
6533,"televisiu",2,"CAT"
6534,"televisiva",2,"CAT"
6535,"tem",2,"CAT"
6536,"tempesta",2,"CAT"
6537,"temple",2,"CAT"
6538,"temporalitat",2,"CAT"
6539,"temporals",2,"CAT"
6540,"tendirà",2,"CAT"
6541,"tenidors",2,"CAT"
6542,"tenista",2,"CAT"
6543,"tenor",2,"CAT"
6544,"teoria",2,"CAT"
6545,"ter",2,"CAT"
6546,"terapeuta",2,"CAT"
6547,"teràpia",2,"CAT"
6548,"tèrmica",2,"CAT"
6549,"terminal",2,"CAT"
6550,"termòmetres",2,"CAT"
6551,"terrestres",2,"CAT"
6552,"tertulià",2,"CAT"
6553,"tertulians",2,"CAT"
6554,"tesi",2,"CAT"
6555,"tesis",2,"CAT"
6556,"testimoni",2,"CAT"
6557,"tests",2,"CAT"
6558,"textura",2,"CAT"
6559,"thyssen",2,"CAT"
6560,"tiet",2,"CAT"
6561,"tiktok",2,"CAT"
6562,"tindràs",2,"CAT"
6563,"tinguis",2,"CAT"
6564,"tiquet",2,"CAT"
6565,"tirant",2,"CAT"
6566,"tirany",2,"CAT"
6567,"tirin",2,"CAT"
6568,"tocaria",2,"CAT"
6569,"tocat",2,"CAT"
6570,"tomàquet",2,"CAT"
6571,"tomàs",2,"CAT"
6572,"tongada",2,"CAT"
6573,"tonyina",2,"CAT"
6574,"top10",2,"CAT"
6575,"topar",2,"CAT"
6576,"toquen",2,"CAT"
6577,"tornant",2,"CAT"
6578,"torneig",2,"CAT"
6579,"torralba",2,"CAT"
6580,"tortura",2,"CAT"
6581,"totals",2,"CAT"
6582,"tractaments",2,"CAT"
6583,"tradicionals",2,"CAT"
6584,"traduir",2,"CAT"
6585,"traduït",2,"CAT"
6586,"traïció",2,"CAT"
6587,"traïdor",2,"CAT"
6588,"trajectes",2,"CAT"
6589,"tramitació",2,"CAT"
6590,"trampa",2,"CAT"
6591,"trampolí",2,"CAT"
6592,"transferir",2,"CAT"
6593,"transforma",2,"CAT"
6594,"transformat",2,"CAT"
6595,"transparència",2,"CAT"
6596,"transparent",2,"CAT"
6597,"transportar",2,"CAT"
6598,"transports",2,"CAT"
6599,"traslladats",2,"CAT"
6600,"traspàs",2,"CAT"
6601,"trastorn",2,"CAT"
6602,"treballadores",2,"CAT"
6603,"treballaven",2,"CAT"
6604,"treballem",2,"CAT"
6605,"treballin",2,"CAT"
6606,"trencament",2,"CAT"
6607,"tresor",2,"CAT"
6608,"treva",2,"CAT"
6609,"tria",2,"CAT"
6610,"tribu",2,"CAT"
6611,"triomfs",2,"CAT"
6612,"tripulació",2,"CAT"
6613,"trobades",2,"CAT"
6614,"troballes",2,"CAT"
6615,"trobant",2,"CAT"
6616,"trobaran",2,"CAT"
6617,"trobaràs",2,"CAT"
6618,"trobava",2,"CAT"
6619,"trofeu",2,"CAT"
6620,"tronada",2,"CAT"
6621,"trump",2,"CAT"
6622,"tubs",2,"CAT"
6623,"túnel",2,"CAT"
6624,"turístiques",2,"CAT"
6625,"turó",2,"CAT"
6626,"txeca",2,"CAT"
6627,"ubica",2,"CAT"
6628,"ubicada",2,"CAT"
6629,"ud",2,"CAT"
6630,"unanimitat",2,"CAT"
6631,"unesco",2,"CAT"
6632,"unida",2,"CAT"
6633,"urbanístic",2,"CAT"
6634,"urbanització",2,"CAT"
6635,"urquinaona",2,"CAT"
6636,"usat",2,"CAT"
6637,"usual",2,"CAT"
6638,"úter",2,"CAT"
6639,"utilitzats",2,"CAT"
6640,"vaccinat",2,"CAT"
6641,"vacunar",2,"CAT"
6642,"valencianes",2,"CAT"
6643,"vallbona",2,"CAT"
6644,"valldemossa",2,"CAT"
6645,"valores",2,"CAT"
6646,"vanguardia",2,"CAT"
6647,"vàrem",2,"CAT"
6648,"variables",2,"CAT"
6649,"vegetal",2,"CAT"
6650,"vehemència",2,"CAT"
6651,"vehicular",2,"CAT"
6652,"veïna",2,"CAT"
6653,"vençut",2,"CAT"
6654,"venècia",2,"CAT"
6655,"venir",2,"CAT"
6656,"ventalls",2,"CAT"
6657,"venuts",2,"CAT"
6658,"verbal",2,"CAT"
6659,"verdes",2,"CAT"
6660,"vergonya",2,"CAT"
6661,"veritables",2,"CAT"
6662,"veritat",2,"CAT"
6663,"vers",2,"CAT"
6664,"vertigen",2,"CAT"
6665,"vessant",2,"CAT"
6666,"vestir",2,"CAT"
6667,"vetar",2,"CAT"
6668,"vial",2,"CAT"
6669,"viatgers",2,"CAT"
6670,"viatjarà",2,"CAT"
6671,"vibració",2,"CAT"
6672,"vicepresidència",2,"CAT"
6673,"vicepresidenta",2,"CAT"
6674,"vichy",2,"CAT"
6675,"videoclip",2,"CAT"
6676,"vigilància",2,"CAT"
6677,"vigo",2,"CAT"
6678,"vigor",2,"CAT"
6679,"vilda",2,"CAT"
6680,"villa",2,"CAT"
6681,"villarejo",2,"CAT"
6682,"vincle",2,"CAT"
6683,"vinculades",2,"CAT"
6684,"vinculat",2,"CAT"
6685,"vinculats",2,"CAT"
6686,"vindrà",2,"CAT"
6687,"vinents",2,"CAT"
6688,"vingut",2,"CAT"
6689,"violacions",2,"CAT"
6690,"virtual",2,"CAT"
6691,"virtut",2,"CAT"
6692,"visc",2,"CAT"
6693,"visions",2,"CAT"
6694,"visitant",2,"CAT"
6695,"visitaven",2,"CAT"
6696,"vistes",2,"CAT"
6697,"vitals",2,"CAT"
6698,"vivia",2,"CAT"
6699,"vivien",2,"CAT"
6700,"vivim",2,"CAT"
6701,"vladímir",2,"CAT"
6702,"vocació",2,"CAT"
6703,"volar",2,"CAT"
6704,"voldrà",2,"CAT"
6705,"voldrien",2,"CAT"
6706,"voleu",2,"CAT"
6707,"volien",2,"CAT"
6708,"voltes",2,"CAT"
6709,"vora",2,"CAT"
6710,"vostès",2,"CAT"
6711,"votarà",2,"CAT"
6712,"voten",2,"CAT"
6713,"vuitens",2,"CAT"
6714,"vulgui",2,"CAT"
6715,"vulnerable",2,"CAT"
6716,"xàfecs",2,"CAT"
6717,"xi",2,"CAT"
6718,"xii",2,"CAT"
6719,"xiii",2,"CAT"
6720,"xinesos",2,"CAT"
6721,"xip",2,"CAT"
6722,"xix",2,"CAT"
6723,"xoca",2,"CAT"
6724,"xv",2,"CAT"
6725,"xx",2,"CAT"
6726,"yansheng",2,"CAT"
6727,"york",2,"CAT"
6728,"yūya",2,"CAT"
6729,"zoe",2,"CAT"
6730,"zum",2,"CAT"
